subject_id,label,timestamp,accel_x,accel_y,accel_z,gyro_x,gyro_y,gyro_z,is_synthetic
ET_02,other,0.0,0.1648,0.31506,0.95527,0.242,19.02,0.35,True
ET_02,other,0.01,0.27262,0.31857,1.00967,12.43,17.454,5.546,True
ET_02,other,0.02,0.32594,0.29272,1.03076,22.385,10.748,11.833,True
ET_02,other,0.03,0.33267,0.19591,1.03024,26.466,0.19,12.943,True
ET_02,other,0.04,0.29676,0.15618,1.02821,26.494,-7.593,11.772,True
ET_02,other,0.05,0.28216,0.10465,1.00432,15.793,-14.136,8.003,True
ET_02,other,0.06,0.19626,0.05136,0.95766,5.474,-18.351,3.588,True
ET_02,other,0.07,0.08085,0.06622,0.92262,-7.216,-19.158,-4.844,True
ET_02,other,0.08,0.00701,0.09375,0.9185,-18.274,-13.89,-8.786,True
ET_02,other,0.09,-0.07935,0.1685,0.88765,-24.549,-3.943,-14.299,True
ET_02,other,0.1,-0.03965,0.25621,0.84739,-24.91,4.242,-13.775,True
ET_02,other,0.11,0.01005,0.29563,0.87127,-21.635,12.879,-9.199,True
ET_02,other,0.12,0.08806,0.34944,0.92767,-9.262,19.471,-5.049,True
ET_02,other,0.13,0.18968,0.3468,0.94053,4.139,19.712,1.565,True
ET_02,other,0.14,0.29993,0.32098,0.9925,15.932,16.234,6.521,True
ET_02,other,0.15,0.34861,0.30435,1.02486,25.133,9.717,13.309,True
ET_02,other,0.16,0.36338,0.16619,1.00234,28.182,-2.279,13.686,True
ET_02,other,0.17,0.33542,0.10566,1.01735,22.242,-10.393,11.193,True
ET_02,other,0.18,0.24598,0.07237,0.95183,12.375,-17.719,6.693,True
ET_02,other,0.19,0.1579,0.05832,0.94694,1.767,-20.429,0.563,True
ET_02,other,0.2,0.07614,0.07127,0.90709,-13.972,-18.304,-7.108,True
ET_02,other,0.21,-0.02301,0.12341,0.88966,-22.807,-11.88,-12.332,True
ET_02,other,0.22,-0.03473,0.19137,0.84838,-28.245,-3.752,-14.539,True
ET_02,other,0.23,-0.02721,0.25738,0.85175,-26.375,7.143,-13.305,True
ET_02,other,0.24,0.00924,0.30642,0.90559,-16.811,15.483,-9.913,True
ET_02,other,0.25,0.08458,0.34924,0.9386,-5.895,19.913,-1.769,True
ET_02,other,0.26,0.21626,0.33116,0.9812,8.261,19.706,4.163,True
ET_02,other,0.27,0.30933,0.31119,0.97083,19.689,14.742,9.716,True
ET_02,other,0.28,0.3605,0.27611,1.00985,28.174,6.492,13.503,True
ET_02,other,0.29,0.34885,0.18629,1.0207,28.69,-2.99,12.249,True
ET_02,other,0.3,0.32333,0.10851,1.00908,22.541,-13.744,11.191,True
ET_02,other,0.31,0.23732,0.0678,0.9614,11.183,-18.831,5.164,True
ET_02,other,0.32,0.13799,0.02774,0.92667,-2.765,-21.57,-2.378,True
ET_02,other,0.33,0.04245,0.07773,0.8918,-17.615,-18.504,-7.184,True
ET_02,other,0.34,-0.03857,0.14793,0.89721,-25.588,-10.195,-12.743,True
ET_02,other,0.35000000000000003,-0.04728,0.21022,0.86654,-29.182,0.674,-12.982,True
ET_02,other,0.36,-0.02299,0.25666,0.87993,-24.275,10.39,-13.144,True
ET_02,other,0.37,0.06566,0.35441,0.89322,-14.472,17.379,-9.222,True
ET_02,other,0.38,0.15787,0.36743,0.92776,-0.797,21.784,-0.738,True
ET_02,other,0.39,0.25943,0.36615,0.96636,13.167,20.772,4.119,True
ET_02,other,0.4,0.34094,0.30702,1.02958,25.135,13.771,12.56,True
ET_02,other,0.41000000000000003,0.37923,0.23255,1.02358,30.005,3.002,14.838,True
ET_02,other,0.42,0.37621,0.1511,1.02437,26.932,-6.662,14.523,True
ET_02,other,0.43,0.28723,0.08246,0.99342,19.544,-17.137,9.458,True
ET_02,other,0.44,0.219,0.03786,0.97622,7.579,-21.435,1.841,True
ET_02,other,0.45,0.10294,0.07961,0.9013,-8.979,-21.474,-3.88,True
ET_02,other,0.46,0.00562,0.10691,0.8897,-20.658,-16.008,-10.256,True
ET_02,other,0.47000000000000003,-0.03746,0.15969,0.8815,-30.656,-7.45,-14.634,True
ET_02,other,0.48,-0.07122,0.2455,0.86499,-30.17,4.674,-15.463,True
ET_02,other,0.49,-0.00341,0.29852,0.86664,-23.123,14.279,-11.61,True
ET_02,other,0.5,0.1082,0.34039,0.93062,-11.523,20.333,-6.091,True
ET_02,other,0.51,0.1725,0.36343,0.93994,3.835,21.156,1.441,True
ET_02,other,0.52,0.30649,0.32076,0.96149,16.725,18.67,7.044,True
ET_02,other,0.53,0.37962,0.28734,0.99358,26.59,9.426,13.765,True
ET_02,other,0.54,0.38503,0.18784,1.00472,32.009,-0.718,15.023,True
ET_02,other,0.55,0.38717,0.10311,1.03713,27.694,-10.8,11.49,True
ET_02,other,0.56,0.29213,0.06556,0.99255,16.635,-18.616,8.199,True
ET_02,other,0.5700000000000001,0.19579,0.03839,0.95965,3.825,-23.575,0.565,True
ET_02,other,0.58,0.09011,0.07232,0.91063,-11.937,-19.446,-7.036,True
ET_02,other,0.59,-0.02769,0.10913,0.87388,-23.788,-13.682,-13.626,True
ET_02,other,0.6,-0.0591,0.20015,0.84197,-30.95,-3.888,-15.573,True
ET_02,other,0.61,-0.0452,0.25199,0.84479,-28.946,7.288,-14.384,True
ET_02,other,0.62,-0.00072,0.34631,0.86358,-20.447,16.835,-9.529,True
ET_02,other,0.63,0.1002,0.38744,0.9113,-7.795,21.568,-4.076,True
ET_02,other,0.64,0.22063,0.38517,0.9467,7.061,22.662,4.44,True
ET_02,other,0.65,0.33375,0.34032,0.99115,21.991,17.891,11.523,True
ET_02,other,0.66,0.38603,0.24208,0.99523,29.588,7.184,14.85,True
ET_02,other,0.67,0.37989,0.18198,1.00974,30.135,-3.143,16.259,True
ET_02,other,0.68,0.35327,0.08631,1.00943,24.141,-12.716,12.604,True
ET_02,other,0.6900000000000001,0.26063,0.08693,0.95266,12.956,-20.444,7.489,True
ET_02,other,0.7000000000000001,0.18651,0.04662,0.94949,-3.113,-22.105,-0.508,True
ET_02,other,0.71,0.04831,0.08235,0.90917,-16.817,-21.438,-8.517,True
ET_02,other,0.72,-0.0486,0.12626,0.869,-26.022,-11.569,-13.346,True
ET_02,other,0.73,-0.07746,0.204,0.84889,-31.734,-0.562,-14.292,True
ET_02,other,0.74,-0.05778,0.29788,0.83654,-27.398,10.109,-13.501,True
ET_02,other,0.75,0.02181,0.34406,0.90041,-18.192,18.685,-8.857,True
ET_02,other,0.76,0.14847,0.37892,0.91797,-3.226,23.862,-0.734,True
ET_02,other,0.77,0.26794,0.37359,0.96903,13.556,21.199,4.554,True
ET_02,other,0.78,0.35637,0.30784,0.99991,25.236,14.276,12.281,True
ET_02,other,0.79,0.40096,0.24127,1.00765,32.549,3.575,14.284,True
ET_02,other,0.8,0.37676,0.1458,1.01571,30.117,-7.004,15.251,True
ET_02,other,0.81,0.35325,0.08938,0.9987,21.429,-15.557,11.484,True
ET_02,other,0.8200000000000001,0.2321,0.05289,0.96479,9.485,-21.579,3.718,True
ET_02,other,0.8300000000000001,0.10135,0.04514,0.92044,-7.45,-21.562,-2.258,True
ET_02,other,0.84,0.035,0.07288,0.88091,-21.295,-18.392,-11.892,True
ET_02,other,0.85,-0.05273,0.11764,0.83576,-31.123,-8.297,-15.233,True
ET_02,other,0.86,-0.05306,0.24024,0.84711,-32.079,2.303,-15.612,True
ET_02,other,0.87,-0.02558,0.30484,0.86539,-25.882,13.768,-12.579,True
ET_02,other,0.88,0.0726,0.35634,0.92008,-14.116,21.018,-7.45,True
ET_02,other,0.89,0.20119,0.38615,0.94384,0.602,23.469,0.221,True
ET_02,other,0.9,0.29693,0.3434,1.0056,15.327,19.418,9.643,True
ET_02,other,0.91,0.38953,0.31625,1.00584,27.836,11.623,13.632,True
ET_02,other,0.92,0.39153,0.24344,1.03015,32.424,0.762,16.347,True
ET_02,other,0.93,0.3936,0.12882,1.03009,29.586,-10.735,14.515,True
ET_02,other,0.9400000000000001,0.31208,0.10121,0.97625,18.878,-19.321,9.41,True
ET_02,other,0.9500000000000001,0.21594,0.03751,0.95689,3.683,-23.7,3.763,True
ET_02,other,0.96,0.09597,0.03829,0.90367,-11.818,-21.132,-5.272,True
ET_02,other,0.97,0.01668,0.10994,0.85626,-25.303,-14.802,-13.143,True
ET_02,other,0.98,-0.06079,0.17679,0.87947,-32.343,-5.134,-15.19,True
ET_02,other,0.99,-0.04899,0.26131,0.83187,-31.342,7.338,-15.34,True
ET_02,other,1.0,-0.00632,0.34027,0.88424,-22.198,16.681,-10.573,True
ET_02,other,1.01,0.13585,0.39495,0.92413,-9.661,22.875,-3.407,True
ET_02,other,1.02,0.24152,0.37378,0.91619,6.304,22.98,3.733,True
ET_02,other,1.03,0.30973,0.35928,1.00147,20.709,17.441,9.066,True
ET_02,other,1.04,0.40058,0.3141,1.0337,28.444,9.244,14.123,True
ET_02,other,1.05,0.4143,0.18901,1.02439,32.966,-2.587,15.585,True
ET_02,other,1.06,0.37054,0.1059,0.9988,27.967,-14.594,12.82,True
ET_02,other,1.07,0.2852,0.06215,0.98719,15.61,-20.117,8.802,True
ET_02,other,1.08,0.16037,0.0425,0.92937,-0.798,-25.067,-0.919,True
ET_02,other,1.09,0.06616,0.07743,0.88304,-15.212,-20.672,-6.367,True
ET_02,other,1.1,-0.04222,0.15297,0.84621,-28.573,-12.056,-14.79,True
ET_02,other,1.11,-0.0585,0.22875,0.83211,-31.346,-2.738,-15.397,True
ET_02,other,1.12,-0.02021,0.28465,0.88223,-30.766,10.33,-14.615,True
ET_02,other,1.1300000000000001,0.04198,0.36617,0.86647,-19.173,18.587,-9.648,True
ET_02,other,1.1400000000000001,0.168,0.40051,0.89401,-4.163,23.493,-3.036,True
ET_02,other,1.1500000000000001,0.26163,0.37545,0.96989,9.633,22.086,4.535,True
ET_02,other,1.16,0.36027,0.31981,1.02341,23.916,16.652,12.874,True
ET_02,other,1.17,0.42853,0.2265,1.02542,31.796,6.23,16.277,True
ET_02,other,1.18,0.39817,0.16202,1.01362,31.543,-5.116,16.307,True
ET_02,other,1.19,0.36113,0.08463,0.99351,24.528,-17.647,12.435,True
ET_02,other,1.2,0.26875,0.03465,0.94157,9.865,-22.904,6.61,True
ET_02,other,1.21,0.15256,0.05858,0.89054,-4.775,-23.623,-2.934,True
ET_02,other,1.22,0.02747,0.0792,0.85519,-18.299,-18.948,-11.722,True
ET_02,other,1.23,-0.04839,0.12539,0.84857,-30.37,-11.856,-14.833,True
ET_02,other,1.24,-0.06397,0.24819,0.84282,-33.18,2.966,-17.603,True
ET_02,other,1.25,-0.01807,0.33409,0.88472,-26.952,11.893,-14.213,True
ET_02,other,1.26,0.05453,0.38333,0.89797,-16.343,20.4,-7.482,True
ET_02,other,1.27,0.18035,0.40922,0.92213,0.204,24.982,-1.53,True
ET_02,other,1.28,0.28691,0.37582,0.97637,15.888,22.396,7.438,True
ET_02,other,1.29,0.38005,0.32129,1.01127,27.532,13.976,14.804,True
ET_02,other,1.3,0.41971,0.22592,1.05041,32.795,1.593,15.946,True
ET_02,other,1.31,0.41903,0.166,1.02915,31.023,-10.437,14.674,True
ET_02,other,1.32,0.3303,0.08925,0.97733,20.431,-19.224,11.474,True
ET_02,other,1.33,0.23357,0.05996,0.92923,5.946,-24.005,2.554,True
ET_02,other,1.34,0.11954,0.05175,0.88975,-10.304,-22.797,-5.356,True
ET_02,other,1.35,0.01672,0.08984,0.86939,-23.622,-16.695,-11.721,True
ET_02,other,1.36,-0.08844,0.16776,0.84322,-31.992,-7.002,-15.585,True
ET_02,other,1.37,-0.04195,0.24994,0.82301,-31.836,5.97,-15.878,True
ET_02,other,1.3800000000000001,-0.00976,0.32683,0.85765,-25.325,14.659,-12.52,True
ET_02,other,1.3900000000000001,0.07322,0.37448,0.91483,-11.817,22.547,-5.5,True
ET_02,other,1.4000000000000001,0.20209,0.39093,0.93955,5.147,24.841,1.02,True
ET_02,other,1.41,0.34999,0.35842,0.9903,21.071,20.168,8.741,True
ET_02,other,1.42,0.4155,0.31628,1.02752,30.43,10.405,14.727,True
ET_02,other,1.43,0.41121,0.20988,1.03298,32.756,-1.008,17.02,True
ET_02,other,1.44,0.3851,0.12835,0.99629,28.869,-13.06,13.409,True
ET_02,other,1.45,0.31203,0.05643,0.99398,16.331,-21.191,7.605,True
ET_02,other,1.46,0.21545,0.04046,0.92733,1.06,-24.791,-0.74,True
ET_02,other,1.47,0.06724,0.05526,0.9059,-14.739,-20.149,-6.292,True
ET_02,other,1.48,-0.01505,0.12179,0.86513,-25.694,-14.278,-13.816,True
ET_02,other,1.49,-0.06105,0.2011,0.81581,-32.558,-2.784,-15.891,True
ET_02,other,1.5,0.00786,0.29734,0.83235,-29.76,9.786,-15.597,True
ET_02,other,1.51,0.02381,0.37343,0.86633,-20.138,19.102,-10.992,True
ET_02,other,1.52,0.11712,0.39354,0.92292,-4.801,24.78,-3.085,True
ET_02,other,1.53,0.27524,0.37165,0.99295,9.521,23.419,4.904,True
ET_02,other,1.54,0.35201,0.33958,0.99509,22.411,18.849,11.729,True
ET_02,other,1.55,0.41022,0.25708,1.03609,30.723,7.966,15.756,True
ET_02,other,1.56,0.41595,0.18966,1.00974,32.298,-4.316,16.254,True
ET_02,other,1.57,0.3601,0.09102,0.99869,25.571,-15.57,13.067,True
ET_02,other,1.58,0.27688,0.05276,0.943,12.194,-22.474,5.475,True
ET_02,other,1.59,0.1597,0.04465,0.93202,-2.758,-23.96,-3.193,True
ET_02,other,1.6,0.04425,0.05795,0.86887,-18.545,-18.201,-9.99,True
ET_02,other,1.61,-0.01187,0.16012,0.84527,-28.128,-10.69,-14.983,True
ET_02,other,1.62,-0.04936,0.24232,0.85035,-31.857,1.793,-16.73,True
ET_02,other,1.6300000000000001,-0.03446,0.30925,0.85632,-27.382,12.518,-13.543,True
ET_02,other,1.6400000000000001,0.05995,0.37564,0.88827,-17.165,22.122,-9.798,True
ET_02,other,1.6500000000000001,0.21289,0.40925,0.90619,-1.325,24.904,-1.264,True
ET_02,other,1.6600000000000001,0.31474,0.39421,0.95373,12.789,22.828,7.434,True
ET_02,other,1.67,0.34441,0.32594,0.99291,26.807,14.235,13.141,True
ET_02,other,1.68,0.4325,0.25756,0.98638,32.829,3.524,15.296,True
ET_02,other,1.69,0.38248,0.17417,1.00362,29.221,-8.334,14.978,True
ET_02,other,1.7,0.36003,0.10158,1.01212,21.039,-17.454,10.887,True
ET_02,other,1.71,0.26365,0.06471,0.96895,6.021,-22.236,3.31,True
ET_02,other,1.72,0.11453,0.06136,0.90509,-9.024,-22.223,-4.013,True
ET_02,other,1.73,0.03966,0.1083,0.86732,-21.146,-18.332,-10.279,True
ET_02,other,1.74,-0.01149,0.19491,0.84688,-29.379,-5.758,-14.643,True
ET_02,other,1.75,-0.03709,0.26404,0.82796,-32.393,4.926,-16.212,True
ET_02,other,1.76,0.00536,0.3253,0.87536,-23.651,14.123,-13.701,True
ET_02,other,1.77,0.11552,0.37101,0.91568,-12.955,21.084,-6.937,True
ET_02,other,1.78,0.23791,0.37318,0.93785,1.637,23.351,1.143,True
ET_02,other,1.79,0.31614,0.33936,1.00164,16.843,19.413,9.58,True
ET_02,other,1.8,0.40583,0.29543,0.99779,28.026,10.232,14.661,True
ET_02,other,1.81,0.43864,0.22814,1.03358,30.129,0.503,16.094,True
ET_02,other,1.82,0.37008,0.12893,0.97997,26.646,-10.459,14.878,True
ET_02,other,1.83,0.30804,0.07114,0.99659,17.047,-19.418,8.937,True
ET_02,other,1.84,0.208,0.06926,0.92303,3.271,-23.714,2.396,True
ET_02,other,1.85,0.10393,0.08631,0.89039,-13.212,-21.146,-5.744,True
ET_02,other,1.86,0.01051,0.11266,0.86098,-24.546,-14.872,-11.745,True
ET_02,other,1.87,-0.023,0.15289,0.82466,-30.42,-4.007,-14.183,True
ET_02,other,1.8800000000000001,-0.01841,0.28476,0.87879,-30.76,8.086,-15.168,True
ET_02,other,1.8900000000000001,0.03905,0.34207,0.88018,-21.289,17.66,-10.005,True
ET_02,other,1.9000000000000001,0.13825,0.37179,0.88011,-7.459,21.868,-3.518,True
ET_02,other,1.9100000000000001,0.23397,0.38044,0.94393,6.844,20.99,4.342,True
ET_02,other,1.92,0.33686,0.34265,0.98563,20.035,16.506,10.163,True
ET_02,other,1.93,0.40879,0.28475,0.98375,28.996,7.128,14.393,True
ET_02,other,1.94,0.42508,0.2076,1.00955,29.391,-3.832,14.241,True
ET_02,other,1.95,0.38747,0.10599,1.00673,25.105,-14.987,11.895,True
ET_02,other,1.96,0.26961,0.05768,0.95789,12.934,-20.862,6.776,True
ET_02,other,1.97,0.1914,0.0674,0.92347,-2.164,-23.418,-1.621,True
ET_02,other,1.98,0.07852,0.10872,0.88838,-15.918,-18.675,-8.294,True
ET_02,other,1.99,0.00293,0.13157,0.84786,-27.341,-12.095,-12.47,True
ET_02,other,2.0,-0.018,0.20914,0.87828,-30.427,-0.262,-14.492,True
ET_02,other,2.0100000000000002,-0.03083,0.30485,0.86303,-25.692,10.42,-14.511,True
ET_02,other,2.02,0.06645,0.36491,0.87098,-18.861,16.874,-8.265,True
ET_02,other,2.0300000000000002,0.18248,0.39435,0.9071,-3.375,22.746,-1.237,True
ET_02,other,2.04,0.28599,0.36236,0.98134,11.354,20.044,5.473,True
ET_02,other,2.05,0.35938,0.3135,0.97584,23.686,13.025,12.509,True
ET_02,other,2.06,0.43195,0.24231,0.98615,28.919,4.679,13.289,True
ET_02,other,2.07,0.37685,0.17882,0.96308,28.167,-6.748,15.35,True
ET_02,other,2.08,0.35378,0.12569,0.99084,21.928,-15.05,10.901,True
ET_02,other,2.09,0.24814,0.076,0.96444,7.435,-20.646,4.502,True
ET_02,other,2.1,0.16682,0.06334,0.87844,-7.209,-20.54,-2.464,True
ET_02,other,2.11,0.06959,0.11204,0.86996,-18.008,-16.989,-9.768,True
ET_02,other,2.12,-0.01998,0.21424,0.8767,-28.322,-7.368,-13.459,True
ET_02,other,2.13,-0.02943,0.23755,0.8573,-28.227,2.408,-13.211,True
ET_02,other,2.14,0.0151,0.32132,0.86675,-23.664,14.893,-12.406,True
ET_02,other,2.15,0.11858,0.38115,0.8741,-11.228,20.645,-7.546,True
ET_02,other,2.16,0.20251,0.40044,0.90563,0.381,20.665,1.492,True
ET_02,other,2.17,0.29399,0.36309,0.94999,15.716,16.137,8.756,True
ET_02,other,2.18,0.37396,0.30842,0.97789,24.955,10.794,12.622,True
ET_02,other,2.19,0.40597,0.23203,0.9932,28.233,2.519,14.925,True
ET_02,other,2.2,0.3961,0.16344,1.00595,26.576,-9.006,13.78,True
ET_02,other,2.21,0.31857,0.09616,0.98279,18.126,-16.269,9.143,True
ET_02,other,2.22,0.23233,0.07215,0.93184,4.514,-19.937,1.486,True
ET_02,other,2.23,0.10297,0.10355,0.90518,-9.823,-21.199,-4.62,True
ET_02,other,2.24,0.04997,0.13477,0.83461,-21.701,-13.991,-11.892,True
ET_02,other,2.25,0.01465,0.18076,0.86505,-27.685,-4.722,-14.148,True
ET_02,other,2.2600000000000002,-0.00219,0.26994,0.83827,-28.016,6.174,-14.42,True
ET_02,other,2.27,0.06017,0.3256,0.84766,-19.895,13.349,-8.914,True
ET_02,other,2.2800000000000002,0.13559,0.36489,0.8931,-9.321,19.443,-5.214,True
ET_02,other,2.29,0.26174,0.37286,0.92413,4.345,20.183,2.278,True
ET_02,other,2.3000000000000003,0.33443,0.32771,0.97113,17.125,16.249,9.717,True
ET_02,other,2.31,0.39571,0.29367,1.01485,25.22,7.936,14.079,True
ET_02,other,2.32,0.3834,0.20633,1.01036,27.826,-2.88,14.617,True
ET_02,other,2.33,0.37493,0.14591,0.99933,22.935,-11.279,10.935,True
ET_02,other,2.34,0.28517,0.08673,0.98989,13.121,-19.243,5.07,True
ET_02,other,2.35,0.18755,0.07183,0.91352,1.308,-18.002,-0.98,True
ET_02,other,2.36,0.11142,0.09214,0.90019,-14.829,-18.445,-5.832,True
ET_02,other,2.37,0.01129,0.1702,0.87458,-22.843,-11.4,-11.464,True
ET_02,other,2.38,0.00516,0.1943,0.8486,-26.925,-1.431,-13.739,True
ET_02,other,2.39,0.03905,0.27701,0.84977,-24.159,8.003,-11.569,True
ET_02,other,2.4,0.08456,0.34378,0.90801,-17.264,17.066,-8.27,True
ET_02,other,2.41,0.17198,0.34207,0.90368,-4.753,20.461,-2.062,True
ET_02,other,2.42,0.3004,0.37811,0.94703,9.137,19.507,3.438,True
ET_02,other,2.43,0.34413,0.32692,0.99063,20.521,12.87,9.093,True
ET_02,other,2.44,0.39556,0.2605,0.99145,26.805,3.89,13.138,True
ET_02,other,2.45,0.42102,0.18085,0.98607,26.958,-4.006,14.274,True
ET_02,other,2.46,0.33845,0.1399,0.99224,19.986,-14.421,9.66,True
ET_02,other,2.47,0.28581,0.08877,0.95539,8.621,-18.097,4.103,True
ET_02,other,2.48,0.17308,0.08307,0.94214,-5.27,-19.392,-1.57,True
ET_02,other,2.49,0.10132,0.1105,0.90146,-17.29,-14.835,-8.963,True
ET_02,other,2.5,0.03001,0.17177,0.86955,-23.402,-7.283,-11.736,True
ET_02,other,2.5100000000000002,0.03565,0.24592,0.83044,-25.838,1.682,-12.548,True
ET_02,other,2.52,0.08028,0.31221,0.87793,-22.214,10.538,-9.603,True
ET_02,other,2.5300000000000002,0.08601,0.37076,0.87895,-12.66,16.959,-6.964,True
ET_02,other,2.54,0.1922,0.35503,0.91675,-0.472,18.849,-0.004,True
ET_02,other,2.5500000000000003,0.28753,0.34954,0.96443,11.399,15.853,5.976,True
ET_02,other,2.56,0.33891,0.29741,0.98943,21.339,11.266,10.612,True
ET_02,other,2.57,0.38026,0.23158,1.02096,26.673,1.713,14.06,True
ET_02,other,2.58,0.3477,0.18418,1.00645,23.029,-7.087,11.739,True
ET_02,other,2.59,0.30426,0.1141,0.95436,16.763,-13.616,9.559,True
ET_02,other,2.6,0.24769,0.09141,0.93042,5.862,-18.912,2.21,True
ET_02,other,2.61,0.13801,0.08525,0.91291,-7.672,-17.531,-4.548,True
ET_02,other,2.62,0.0563,0.15258,0.9048,-19.214,-12.716,-10.036,True
ET_02,other,2.63,0.00488,0.20381,0.83987,-23.742,-5.911,-12.472,True
ET_02,other,2.64,-0.00417,0.23644,0.87106,-25.238,4.77,-12.637,True
ET_02,other,2.65,0.056,0.32404,0.87889,-19.329,10.767,-10.684,True
ET_02,other,2.66,0.08893,0.32574,0.89481,-7.205,16.814,-4.309,True
ET_02,other,2.67,0.2204,0.33325,0.92961,2.734,18.465,2.158,True
ET_02,other,2.68,0.2994,0.33657,0.96038,14.404,14.128,7.826,True
ET_02,other,2.69,0.36027,0.29698,0.96475,23.042,7.185,13.017,True
ET_02,other,2.7,0.3765,0.23501,1.0002,25.503,-0.92,11.587,True
ET_02,other,2.71,0.353,0.16635,0.98975,22.081,-9.995,10.061,True
ET_02,other,2.72,0.28494,0.10555,0.96154,13.606,-14.688,7.025,True
ET_02,other,2.73,0.19727,0.08703,0.93884,0.66,-19.148,1.145,True
ET_02,other,2.74,0.11161,0.1034,0.92841,-10.762,-14.281,-5.118,True
ET_02,other,2.75,0.05538,0.16102,0.84427,-19.105,-9.979,-10.003,True
ET_02,other,2.7600000000000002,0.00538,0.20939,0.86859,-23.823,-2.502,-10.829,True
ET_02,other,2.77,0.01335,0.26238,0.8333,-21.852,6.67,-11.763,True
ET_02,other,2.7800000000000002,0.09407,0.33219,0.87295,-14.628,13.479,-7.405,True
ET_02,other,2.79,0.15685,0.34814,0.90253,-5.31,16.681,-1.976,True
ET_02,other,2.8000000000000003,0.25266,0.32036,0.96861,5.407,16.017,3.832,True
ET_02,other,2.81,0.31383,0.30249,0.99034,16.023,13.246,7.275,True
ET_02,other,2.82,0.37682,0.27404,0.98396,22.334,5.267,11.289,True
ET_02,other,2.83,0.36597,0.19737,0.98973,24.277,-3.171,10.544,True
ET_02,other,2.84,0.32828,0.15678,0.96207,18.316,-10.67,10.437,True
ET_02,other,2.85,0.28413,0.12241,0.9486,9.836,-14.927,3.342,True
ET_02,other,2.86,0.16394,0.09809,0.88494,-1.914,-16.867,-1.223,True
ET_02,other,2.87,0.1021,0.11772,0.87851,-13.005,-15.128,-7.204,True
ET_02,other,2.88,0.06015,0.16967,0.86543,-20.334,-6.925,-9.19,True
ET_02,other,2.89,0.0507,0.24229,0.88473,-22.33,1.028,-11.81,True
ET_02,other,2.9,0.03795,0.28376,0.86784,-21.003,8.624,-8.537,True
ET_02,other,2.91,0.12007,0.3015,0.92001,-13.127,13.765,-5.925,True
ET_02,other,2.92,0.2126,0.34469,0.91941,-1.52,18.509,-0.77,True
ET_02,other,2.93,0.25756,0.36311,0.96411,8.538,16.843,4.283,True
ET_02,other,2.94,0.3319,0.30035,0.98103,18.072,10.306,8.049,True
ET_02,other,2.95,0.3622,0.26264,0.97829,21.952,4.407,11.483,True
ET_02,other,2.96,0.34904,0.19918,0.97914,22.176,-6.43,10.453,True
ET_02,other,2.97,0.29983,0.11572,0.91821,13.34,-12.545,8.997,True
ET_02,other,2.98,0.25683,0.1053,0.92193,6.146,-16.508,1.526,True
ET_02,other,2.99,0.16112,0.08864,0.88406,-5.871,-15.348,-2.718,True
ET_02,other,3.0,0.09024,0.10231,0.88712,-14.207,-12.126,-7.066,True
ET_02,other,3.0100000000000002,0.03977,0.19427,0.87451,-22.841,-5.196,-11.814,True
ET_02,other,3.02,0.03032,0.22577,0.83722,-22.316,3.417,-12.05,True
ET_02,other,3.0300000000000002,0.06699,0.27723,0.87143,-17.705,9.554,-6.918,True
ET_02,other,3.04,0.12279,0.32451,0.88531,-8.487,15.664,-3.68,True
ET_02,other,3.0500000000000003,0.23059,0.35633,0.93078,1.105,16.244,-0.164,True
ET_02,other,3.06,0.26471,0.28744,0.96986,12.113,12.126,6.676,True
ET_02,other,3.0700000000000003,0.33698,0.30443,0.96931,20.118,6.695,9.658,True
ET_02,other,3.08,0.35163,0.22783,0.97547,22.475,-0.985,12.118,True
ET_02,other,3.09,0.31784,0.14908,0.98926,19.183,-8.444,9.426,True
ET_02,other,3.1,0.28308,0.12517,0.98258,12.512,-13.176,7.304,True
ET_02,other,3.11,0.2135,0.09679,0.92187,2.562,-15.922,2.596,True
ET_02,other,3.12,0.1241,0.10004,0.9246,-8.436,-14.855,-2.412,True
ET_02,other,3.13,0.06763,0.13995,0.89031,-18.175,-8.253,-8.136,True
ET_02,other,3.14,0.03361,0.22209,0.89414,-22.206,-2.351,-11.888,True
ET_02,other,3.15,0.03703,0.25697,0.86634,-20.7,4.722,-10.555,True
ET_02,other,3.16,0.08213,0.28006,0.88067,-15.122,11.245,-6.732,True
ET_02,other,3.17,0.11761,0.33814,0.92391,-4.367,15.853,-2.18,True
ET_02,other,3.18,0.21364,0.33607,0.93169,4.744,15.296,1.756,True
ET_02,other,3.19,0.31611,0.31287,0.97668,14.623,14.558,7.609,True
ET_02,other,3.2,0.3631,0.25727,0.96986,19.056,6.064,10.845,True
ET_02,other,3.21,0.33837,0.20514,0.9745,19.957,-3.274,8.96,True
ET_02,other,3.22,0.29873,0.17878,0.96103,18.154,-10.383,7.794,True
ET_02,other,3.23,0.26475,0.10931,0.96644,9.062,-13.12,4.298,True
ET_02,other,3.24,0.17433,0.09671,0.92325,-1.489,-16.504,-0.308,True
ET_02,other,3.25,0.11592,0.18233,0.9139,-11.201,-13.564,-5.63,True
ET_02,other,3.2600000000000002,0.05321,0.15288,0.85606,-18.432,-7.696,-7.825,True
ET_02,other,3.27,0.0456,0.23896,0.85952,-20.939,-0.002,-10.531,True
ET_02,other,3.2800000000000002,0.02814,0.27901,0.88334,-19.279,6.72,-9.988,True
ET_02,other,3.29,0.09788,0.324,0.88408,-11.435,12.748,-4.841,True
ET_02,other,3.3000000000000003,0.18183,0.3188,0.908,-2.494,15.877,-1.505,True
ET_02,other,3.31,0.24973,0.3477,0.94984,7.539,13.933,4.339,True
ET_02,other,3.3200000000000003,0.33657,0.3073,0.96449,15.642,8.882,8.022,True
ET_02,other,3.33,0.3208,0.25372,0.98275,19.76,2.923,10.118,True
ET_02,other,3.34,0.333,0.21175,0.96214,20.891,-4.598,7.979,True
ET_02,other,3.35,0.28951,0.14542,0.96372,13.795,-10.209,7.135,True
ET_02,other,3.36,0.23315,0.11921,0.92185,6.648,-15.632,4.337,True
ET_02,other,3.37,0.16812,0.11042,0.89318,-4.21,-15.516,-3.53,True
ET_02,other,3.38,0.11545,0.15728,0.88241,-13.453,-11.885,-6.516,True
ET_02,other,3.39,0.06742,0.20668,0.85565,-19.1,-5.278,-10.438,True
ET_02,other,3.4,0.05068,0.22676,0.85943,-19.504,2.407,-11.21,True
ET_02,other,3.41,0.08218,0.30188,0.87457,-15.287,9.455,-8.841,True
ET_02,other,3.42,0.13739,0.32456,0.92077,-9.862,12.434,-3.954,True
ET_02,other,3.43,0.18598,0.30528,0.92342,0.139,14.772,-0.365,True
ET_02,other,3.44,0.28137,0.30037,0.96261,9.117,11.597,5.142,True
ET_02,other,3.45,0.33037,0.2641,0.9599,17.989,10.253,10.143,True
ET_02,other,3.46,0.34365,0.24541,0.95676,21.402,0.142,11.023,True
ET_02,other,3.47,0.34823,0.17956,0.96951,16.592,-6.703,8.906,True
ET_02,other,3.48,0.29192,0.13175,0.97812,11.377,-12.393,6.312,True
ET_02,other,3.49,0.19738,0.11078,0.90106,2.679,-14.179,1.131,True
ET_02,other,3.5,0.13013,0.12838,0.92319,-7.416,-14.131,-3.537,True
ET_02,other,3.5100000000000002,0.08296,0.14023,0.88449,-14.995,-10.187,-7.108,True
ET_02,other,3.52,0.05757,0.2135,0.8641,-20.683,-2.534,-10.369,True
ET_02,other,3.5300000000000002,0.06408,0.26055,0.87387,-18.414,3.834,-8.685,True
ET_02,other,3.54,0.07818,0.29382,0.88067,-15.035,10.606,-8.523,True
ET_02,other,3.5500000000000003,0.14381,0.29888,0.91575,-5.919,14.269,-3.776,True
ET_02,other,3.56,0.2036,0.32818,0.94839,5.203,14.054,1.73,True
ET_02,other,3.5700000000000003,0.26731,0.28221,0.9674,13.505,11.878,7.572,True
ET_02,other,3.58,0.32229,0.28382,0.99309,19.71,5.371,9.377,True
ET_02,other,3.59,0.30003,0.21708,1.01037,19.899,-0.139,9.455,True
ET_02,other,3.6,0.31333,0.14774,0.9563,15.448,-7.442,9.328,True
ET_02,other,3.61,0.27007,0.13194,0.94064,11.614,-11.913,3.266,True
ET_02,other,3.62,0.19262,0.11517,0.9541,-0.865,-13.181,-0.163,True
ET_02,other,3.63,0.11213,0.1523,0.90434,-8.625,-13.983,-4.489,True
ET_02,other,3.64,0.06483,0.14719,0.90095,-15.994,-8.087,-7.953,True
ET_02,other,3.65,0.0447,0.22786,0.84984,-19.233,-2.088,-10.528,True
ET_02,other,3.66,0.05815,0.24362,0.893,-18.301,5.278,-9.658,True
ET_02,other,3.67,0.09247,0.30649,0.90547,-10.802,10.339,-6.264,True
ET_02,other,3.68,0.1606,0.34426,0.93232,-4.197,14.014,-1.071,True
ET_02,other,3.69,0.2261,0.31113,0.94637,7.517,15.094,4.108,True
ET_02,other,3.7,0.31813,0.29714,0.9614,15.601,9.299,6.64,True
ET_02,other,3.71,0.30332,0.2364,0.98232,19.238,4.836,9.853,True
ET_02,other,3.72,0.31479,0.21165,0.96868,18.322,-3.071,10.685,True
ET_02,other,3.73,0.28126,0.14227,0.96923,14.119,-8.896,8.341,True
ET_02,other,3.74,0.23998,0.13614,0.96573,6.674,-12.068,4.452,True
ET_02,other,3.75,0.16154,0.09148,0.9108,-3.261,-14.466,-1.809,True
ET_02,other,3.7600000000000002,0.0779,0.1453,0.91652,-12.807,-12.244,-5.244,True
ET_02,other,3.77,0.02312,0.15647,0.87163,-17.181,-6.298,-10.023,True
ET_02,other,3.7800000000000002,0.05269,0.23478,0.90568,-19.521,0.855,-9.953,True
ET_02,other,3.79,0.05203,0.29102,0.88167,-18.589,8.663,-8.247,True
ET_02,other,3.8000000000000003,0.12188,0.32585,0.91547,-10.191,12.537,-4.773,True
ET_02,other,3.81,0.17738,0.3484,0.93552,0.32,12.971,-0.916,True
ET_02,other,3.8200000000000003,0.25953,0.28991,0.96743,7.727,12.424,5.434,True
ET_02,other,3.83,0.28458,0.25521,0.96399,16.71,7.449,9.477,True
ET_02,other,3.84,0.31981,0.20887,0.97711,19.441,2.31,9.276,True
ET_02,other,3.85,0.32291,0.15159,0.99919,18.718,-6.416,8.714,True
ET_02,other,3.86,0.27809,0.14083,0.99601,14.252,-12.107,6.86,True
ET_02,other,3.87,0.20551,0.1026,0.93017,3.14,-13.731,1.727,True
ET_02,other,3.88,0.13245,0.12204,0.90272,-6.704,-14.381,-3.581,True
ET_02,other,3.89,0.07896,0.12302,0.9059,-13.484,-9.716,-7.638,True
ET_02,other,3.9,0.03128,0.16851,0.87378,-21.286,-5.259,-9.281,True
ET_02,other,3.91,0.05103,0.24784,0.89588,-19.951,2.636,-9.214,True
ET_02,other,3.92,0.06257,0.30835,0.89949,-16.865,8.67,-7.508,True
ET_02,other,3.93,0.12426,0.29927,0.91506,-5.846,13.336,-4.251,True
ET_02,other,3.94,0.22643,0.30232,0.95962,3.288,15.929,2.626,True
ET_02,other,3.95,0.24706,0.29834,0.95856,12.266,12.853,6.339,True
ET_02,other,3.96,0.29733,0.24538,0.98043,18.933,5.406,10.155,True
ET_02,other,3.97,0.33386,0.22004,0.96475,20.161,-0.475,10.68,True
ET_02,other,3.98,0.30607,0.17237,0.95721,18.071,-6.747,8.186,True
ET_02,other,3.99,0.24598,0.12856,0.97237,10.993,-12.962,5.759,True
ET_02,other,4.0,0.15569,0.10552,0.93926,0.797,-14.294,1.64,True
ET_02,other,4.01,0.14821,0.13803,0.90278,-7.656,-12.854,-3.524,True
ET_02,other,4.0200000000000005,0.05271,0.14623,0.89648,-16.714,-9.265,-8.576,True
ET_02,other,4.03,0.03961,0.17615,0.87426,-20.306,-1.051,-9.989,True
ET_02,other,4.04,0.04282,0.25002,0.88624,-18.069,5.354,-8.668,True
ET_02,other,4.05,0.08789,0.28613,0.90815,-12.793,11.268,-6.355,True
ET_02,other,4.0600000000000005,0.15074,0.32132,0.91749,-3.324,14.228,-1.701,True
ET_02,other,4.07,0.22305,0.31637,0.9164,6.074,14.054,0.631,True
ET_02,other,4.08,0.28493,0.26956,0.97585,13.11,10.406,7.503,True
ET_02,other,4.09,0.30541,0.24328,0.97578,20.552,4.186,9.807,True
ET_02,other,4.1,0.34293,0.1942,0.99784,21.001,-2.828,10.396,True
ET_02,other,4.11,0.31745,0.13435,0.95454,16.684,-7.796,8.7,True
ET_02,other,4.12,0.2382,0.10226,0.94218,10.033,-14.891,3.139,True
ET_02,other,4.13,0.13687,0.09529,0.93119,-1.889,-15.439,-1.631,True
ET_02,other,4.14,0.09693,0.11796,0.93651,-11.35,-10.569,-4.872,True
ET_02,other,4.15,0.04262,0.1798,0.88767,-18.908,-6.906,-9.705,True
ET_02,other,4.16,0.03849,0.22781,0.91328,-20.831,0.833,-11.832,True
ET_02,other,4.17,0.04002,0.26697,0.89514,-18.199,8.522,-7.994,True
ET_02,other,4.18,0.08277,0.27555,0.91378,-12.717,12.363,-5.69,True
ET_02,other,4.19,0.15451,0.34295,0.91318,-1.554,15.704,-0.568,True
ET_02,other,4.2,0.23062,0.31254,0.95935,9.054,13.616,3.754,True
ET_02,other,4.21,0.28573,0.2658,0.99569,18.128,10.227,7.214,True
ET_02,other,4.22,0.32009,0.23328,1.0183,22.038,3.118,10.191,True
ET_02,other,4.23,0.29911,0.20205,0.98801,19.804,-5.624,9.545,True
ET_02,other,4.24,0.28467,0.15515,0.96375,15.149,-11.654,7.681,True
ET_02,other,4.25,0.21767,0.12376,0.94403,5.515,-15.903,2.201,True
ET_02,other,4.26,0.14179,0.10838,0.91518,-4.919,-15.913,-2.61,True
ET_02,other,4.2700000000000005,0.05404,0.11776,0.88299,-13.447,-12.365,-7.161,True
ET_02,other,4.28,0.01952,0.19022,0.86963,-20.75,-4.046,-10.404,True
ET_02,other,4.29,0.03024,0.22575,0.86375,-19.47,2.336,-10.414,True
ET_02,other,4.3,0.04281,0.26273,0.90514,-16.884,9.21,-7.436,True
ET_02,other,4.3100000000000005,0.12163,0.31589,0.91674,-9.734,14.08,-4.208,True
ET_02,other,4.32,0.21303,0.32888,0.9577,2.011,16.962,1.566,True
ET_02,other,4.33,0.26517,0.3274,0.97726,11.682,12.805,5.231,True
ET_02,other,4.34,0.31279,0.27689,1.01097,18.388,8.892,9.761,True
ET_02,other,4.3500000000000005,0.3178,0.20833,1.00843,22.128,0.035,10.358,True
ET_02,other,4.36,0.3052,0.15009,1.00685,19.288,-7.053,8.719,True
ET_02,other,4.37,0.25146,0.12521,0.95813,12.745,-13.506,6.193,True
ET_02,other,4.38,0.19445,0.09811,0.95375,2.761,-16.189,-0.295,True
ET_02,other,4.39,0.09315,0.09021,0.90924,-8.988,-15.475,-4.465,True
ET_02,other,4.4,0.0452,0.12942,0.91035,-17.167,-9.973,-7.287,True
ET_02,other,4.41,0.01246,0.16732,0.89461,-21.604,-1.656,-10.923,True
ET_02,other,4.42,0.02379,0.21858,0.90603,-20.942,5.244,-10.002,True
ET_02,other,4.43,0.05821,0.28432,0.87144,-16.441,12.069,-6.194,True
ET_02,other,4.44,0.13493,0.31463,0.89717,-7.489,15.84,-2.483,True
ET_02,other,4.45,0.20096,0.32371,0.94582,5.182,15.931,1.726,True
ET_02,other,4.46,0.30597,0.30318,0.96297,15.022,11.174,7.206,True
ET_02,other,4.47,0.32903,0.24953,1.01135,21.0,4.621,10.441,True
ET_02,other,4.48,0.33012,0.22245,1.01491,22.234,-2.029,12.033,True
ET_02,other,4.49,0.29939,0.14249,1.00542,17.415,-9.032,8.616,True
ET_02,other,4.5,0.24649,0.10893,0.98847,10.212,-14.791,4.797,True
ET_02,other,4.51,0.15537,0.11181,0.92481,-0.847,-17.713,-0.765,True
ET_02,other,4.5200000000000005,0.08195,0.12211,0.9022,-10.999,-14.82,-4.508,True
ET_02,other,4.53,0.01386,0.16693,0.8875,-18.827,-8.078,-9.654,True
ET_02,other,4.54,0.00901,0.17377,0.89071,-23.424,-0.551,-11.571,True
ET_02,other,4.55,0.00625,0.25445,0.88272,-22.21,7.488,-11.409,True
ET_02,other,4.5600000000000005,0.05863,0.28756,0.92298,-14.393,14.4,-7.375,True
ET_02,other,4.57,0.12913,0.33921,0.92557,-3.109,16.625,-0.679,True
ET_02,other,4.58,0.21563,0.31601,0.96177,6.895,14.832,3.612,True
ET_02,other,4.59,0.29129,0.27667,0.99036,17.255,9.811,8.633,True
ET_02,other,4.6000000000000005,0.34222,0.20229,1.02419,23.255,2.82,10.857,True
ET_02,other,4.61,0.35939,0.15646,1.01523,22.208,-4.047,12.261,True
ET_02,other,4.62,0.30027,0.11041,0.97512,18.002,-12.175,9.208,True
ET_02,other,4.63,0.21978,0.09908,0.9724,7.768,-16.693,3.885,True
ET_02,other,4.64,0.09505,0.1067,0.92841,-4.817,-16.007,-1.516,True
ET_02,other,4.65,0.08246,0.10689,0.89566,-14.372,-11.907,-7.636,True
ET_02,other,4.66,-0.00374,0.14396,0.91299,-22.056,-5.452,-9.057,True
ET_02,other,4.67,-0.0254,0.20872,0.90244,-23.333,2.992,-11.844,True
ET_02,other,4.68,0.02035,0.27463,0.912,-19.9,10.788,-9.1,True
ET_02,other,4.69,0.06943,0.3445,0.91423,-11.652,14.399,-5.824,True
ET_02,other,4.7,0.15329,0.3473,0.94608,1.014,17.457,0.571,True
ET_02,other,4.71,0.23068,0.32279,0.95826,10.84,14.504,7.254,True
ET_02,other,4.72,0.29381,0.28771,0.99494,20.346,9.505,9.517,True
ET_02,other,4.73,0.3062,0.22876,1.00211,23.867,2.577,13.505,True
ET_02,other,4.74,0.30799,0.14617,0.98627,22.706,-6.44,10.777,True
ET_02,other,4.75,0.25911,0.08308,0.97591,14.169,-14.386,6.845,True
ET_02,other,4.76,0.18184,0.08416,0.96827,4.953,-17.724,1.848,True
ET_02,other,4.7700000000000005,0.07629,0.07095,0.94394,-8.14,-16.649,-5.36,True
ET_02,other,4.78,0.01586,0.09044,0.89985,-16.181,-12.239,-9.792,True
ET_02,other,4.79,-0.01129,0.16175,0.8923,-23.707,-4.109,-12.484,True
ET_02,other,4.8,0.01511,0.22291,0.87544,-24.063,4.238,-13.531,True
ET_02,other,4.8100000000000005,0.03594,0.28052,0.86717,-18.299,12.37,-10.286,True
ET_02,other,4.82,0.09943,0.32216,0.89909,-8.899,16.698,-4.313,True
ET_02,other,4.83,0.18534,0.33913,0.96302,2.678,16.736,1.296,True
ET_02,other,4.84,0.2576,0.31193,0.97525,14.97,14.892,8.619,True
ET_02,other,4.8500000000000005,0.3289,0.24412,0.99969,23.474,8.312,12.627,True
ET_02,other,4.86,0.323,0.17532,1.00466,25.875,-2.424,11.604,True
ET_02,other,4.87,0.30161,0.13616,1.01082,21.786,-10.251,10.867,True
ET_02,other,4.88,0.19647,0.07537,0.98111,14.395,-17.463,5.432,True
ET_02,other,4.89,0.17764,0.04762,0.96597,0.192,-17.632,-0.256,True
ET_02,other,4.9,0.05787,0.06706,0.89871,-11.528,-16.269,-6.09,True
ET_02,other,4.91,-0.01245,0.11719,0.88394,-20.82,-9.53,-12.498,True
ET_02,other,4.92,-0.0164,0.18399,0.8788,-24.375,-1.207,-13.141,True
ET_02,other,4.93,-0.02787,0.24412,0.8877,-24.411,7.474,-11.878,True
ET_02,other,4.94,0.03506,0.33523,0.9239,-15.382,13.717,-7.646,True
ET_02,other,4.95,0.13624,0.3188,0.94061,-3.357,19.703,-3.526,True
ET_02,other,4.96,0.22425,0.35285,0.95275,7.825,18.709,4.446,True
ET_02,other,4.97,0.31945,0.29,1.01009,19.253,12.611,9.091,True
ET_02,other,4.98,0.32327,0.2435,1.03841,26.177,6.809,12.939,True
ET_02,other,4.99,0.33531,0.18866,1.03087,25.652,-4.376,13.587,True
ET_02,other,5.0,0.29022,0.10562,0.99684,19.329,-12.464,9.005,True
ET_02,other,5.01,0.24099,0.04683,0.99588,10.174,-18.413,5.43,True
ET_02,other,5.0200000000000005,0.11632,0.03282,0.91917,-1.716,-18.846,-1.233,True
ET_02,other,5.03,0.03098,0.07837,0.90673,-15.475,-16.434,-7.654,True
ET_02,other,5.04,-0.00901,0.15146,0.88853,-23.208,-6.977,-11.97,True
ET_02,other,5.05,-0.0582,0.20163,0.89253,-26.859,0.833,-13.962,True
ET_02,other,5.0600000000000005,-0.0214,0.24096,0.89297,-23.298,10.579,-12.145,True
ET_02,other,5.07,0.03194,0.3355,0.90513,-13.036,17.108,-7.936,True
ET_02,other,5.08,0.12095,0.33462,0.96062,-0.703,21.47,-0.211,True
ET_02,other,5.09,0.23438,0.31476,0.98285,11.457,16.681,6.018,True
ET_02,other,5.1000000000000005,0.32369,0.27155,1.01397,21.545,11.762,10.274,True
ET_02,other,5.11,0.33688,0.19593,1.01928,26.396,3.816,13.805,True
ET_02,other,5.12,0.31605,0.11937,1.01916,26.396,-7.365,12.802,True
ET_02,other,5.13,0.25423,0.05003,1.01298,16.792,-16.106,9.114,True
ET_02,other,5.14,0.19857,0.05484,0.97002,6.165,-20.311,1.902,True
ET_02,other,5.15,0.08124,0.04368,0.94462,-7.8,-18.989,-5.293,True
ET_02,other,5.16,-0.02328,0.11296,0.91085,-19.608,-13.633,-10.184,True
ET_02,other,5.17,-0.02367,0.15167,0.87975,-26.913,-6.114,-13.16,True
ET_02,other,5.18,-0.05435,0.25083,0.90012,-28.351,3.753,-13.496,True
ET_02,other,5.19,0.00292,0.26848,0.90129,-23.195,13.772,-10.698,True
ET_02,other,5.2,0.05661,0.32364,0.91644,-11.045,18.846,-4.777,True
ET_02,other,5.21,0.16653,0.35154,0.9578,3.839,20.287,1.268,True
ET_02,other,5.22,0.26641,0.3168,0.98282,17.403,19.364,7.723,True
ET_02,other,5.23,0.34519,0.25649,1.01118,25.263,9.226,11.235,True
ET_02,other,5.24,0.34329,0.18616,1.02401,28.234,-0.306,13.99,True
ET_02,other,5.25,0.34941,0.137,1.00867,24.134,-9.7,11.9,True
ET_02,other,5.26,0.26014,0.05265,0.98549,16.234,-18.296,7.193,True
ET_02,other,5.2700000000000005,0.16975,0.03477,0.97363,1.579,-20.708,2.265,True
ET_02,other,5.28,0.07335,0.07509,0.92351,-12.502,-19.822,-7.409,True
ET_02,other,5.29,-0.0185,0.12351,0.87229,-22.248,-12.685,-12.701,True
ET_02,other,5.3,-0.07154,0.20478,0.88768,-29.447,-1.929,-14.687,True
ET_02,other,5.3100000000000005,-0.03549,0.23334,0.87663,-26.469,7.571,-13.884,True
ET_02,other,5.32,0.01189,0.29701,0.88857,-19.429,16.256,-9.349,True
ET_02,other,5.33,0.06646,0.34728,0.94277,-6.628,20.915,-4.336,True
ET_02,other,5.34,0.19784,0.35897,0.96583,7.578,19.947,3.834,True
ET_02,other,5.3500000000000005,0.28604,0.33191,1.00488,19.505,14.197,9.727,True
ET_02,other,5.36,0.32833,0.26342,1.03614,28.084,6.274,13.808,True
ET_02,other,5.37,0.37238,0.16766,1.0117,28.454,-4.633,15.515,True
ET_02,other,5.38,0.31375,0.12678,1.03553,22.786,-14.029,12.333,True
ET_02,other,5.39,0.21586,0.06542,0.98204,12.106,-19.833,6.967,True
ET_02,other,5.4,0.12379,0.05395,0.9561,-2.243,-22.102,-0.673,True
ET_02,other,5.41,0.02418,0.05753,0.9181,-17.011,-18.256,-7.003,True
ET_02,other,5.42,-0.05358,0.13043,0.90182,-26.525,-9.182,-12.944,True
ET_02,other,5.43,-0.11953,0.17757,0.87653,-29.839,0.038,-15.256,True
ET_02,other,5.44,-0.08859,0.26837,0.88418,-27.567,10.543,-13.166,True
ET_02,other,5.45,0.02443,0.30788,0.90588,-17.132,17.348,-9.752,True
ET_02,other,5.46,0.11111,0.33455,0.96758,-3.037,22.175,-1.492,True
ET_02,other,5.47,0.23794,0.33574,0.98101,11.124,19.98,6.873,True
ET_02,other,5.48,0.27999,0.29521,1.00478,23.65,14.091,12.371,True
ET_02,other,5.49,0.31765,0.2181,1.03203,28.894,2.9,13.793,True
ET_02,other,5.5,0.3416,0.16925,1.02004,28.979,-6.347,13.782,True
ET_02,other,5.51,0.25752,0.06663,1.01522,18.759,-15.999,10.012,True
ET_02,other,5.5200000000000005,0.18821,0.04002,0.99148,7.522,-21.627,4.029,True
ET_02,other,5.53,0.08335,0.03576,0.93984,-6.741,-22.105,-4.446,True
ET_02,other,5.54,-0.00973,0.08258,0.90231,-20.676,-15.31,-9.367,True
ET_02,other,5.55,-0.06528,0.15039,0.88627,-30.14,-6.567,-14.801,True
ET_02,other,5.5600000000000005,-0.07556,0.21405,0.89332,-30.102,4.165,-15.722,True
ET_02,other,5.57,-0.04084,0.28846,0.90517,-23.871,12.489,-11.858,True
ET_02,other,5.58,0.03537,0.36636,0.90566,-12.978,21.866,-6.538,True
ET_02,other,5.59,0.16461,0.36192,0.96615,2.477,23.648,-0.6,True
ET_02,other,5.6000000000000005,0.25756,0.30774,0.9851,16.13,19.403,7.797,True
ET_02,other,5.61,0.31813,0.26906,1.05494,26.511,11.689,13.074,True
ET_02,other,5.62,0.3401,0.18463,1.06408,30.814,0.187,16.556,True
ET_02,other,5.63,0.31576,0.10472,1.0298,28.85,-10.382,13.383,True
ET_02,other,5.64,0.25372,0.06525,0.98041,17.598,-18.376,9.518,True
ET_02,other,5.65,0.11805,0.03065,0.9643,3.643,-21.891,1.456,True
ET_02,other,5.66,0.05167,0.03641,0.9329,-12.913,-20.742,-6.429,True
ET_02,other,5.67,-0.03532,0.09639,0.89178,-24.422,-16.303,-11.191,True
ET_02,other,5.68,-0.09833,0.13681,0.9054,-29.962,-5.415,-14.877,True
ET_02,other,5.69,-0.09458,0.24153,0.87852,-32.43,6.114,-14.913,True
ET_02,other,5.7,-0.05094,0.33238,0.91406,-22.322,15.169,-11.774,True
ET_02,other,5.71,0.06349,0.35042,0.93704,-9.16,22.783,-4.424,True
ET_02,other,5.72,0.16754,0.3777,0.97123,6.57,23.743,2.527,True
ET_02,other,5.73,0.28686,0.30946,1.01978,20.868,17.644,8.809,True
ET_02,other,5.74,0.35199,0.24347,1.04372,29.276,8.205,15.356,True
ET_02,other,5.75,0.35649,0.15551,1.03053,31.369,-2.425,16.442,True
ET_02,other,5.76,0.33358,0.07305,1.02674,26.977,-14.773,11.343,True
ET_02,other,5.7700000000000005,0.23902,0.02455,0.99467,12.372,-20.999,6.903,True
ET_02,other,5.78,0.11073,0.00303,0.95962,0.516,-23.901,-0.836,True
ET_02,other,5.79,0.01558,0.04521,0.90154,-15.908,-19.326,-7.017,True
ET_02,other,5.8,-0.04677,0.09072,0.89845,-28.063,-12.092,-14.9,True
ET_02,other,5.8100000000000005,-0.10569,0.15209,0.87909,-32.554,-0.385,-17.744,True
ET_02,other,5.82,-0.07622,0.23621,0.87719,-29.554,10.671,-15.072,True
ET_02,other,5.83,-0.00748,0.3197,0.92036,-18.967,17.853,-8.709,True
ET_02,other,5.84,0.09157,0.34726,0.90886,-4.858,23.769,-2.753,True
ET_02,other,5.8500000000000005,0.22279,0.33718,1.03003,10.684,22.951,5.708,True
ET_02,other,5.86,0.30214,0.29688,1.02936,24.18,16.009,12.215,True
ET_02,other,5.87,0.32202,0.22317,1.03481,32.188,4.984,15.908,True
ET_02,other,5.88,0.35376,0.12068,1.05234,30.73,-6.857,16.852,True
ET_02,other,5.89,0.29581,0.05812,1.02302,23.273,-15.981,10.956,True
ET_02,other,5.9,0.18491,0.00598,0.99027,10.024,-22.067,5.727,True
ET_02,other,5.91,0.08487,0.02124,0.94665,-5.607,-23.267,-3.014,True
ET_02,other,5.92,-0.02978,0.04754,0.91832,-20.649,-16.417,-9.668,True
ET_02,other,5.93,-0.10217,0.13051,0.87629,-29.357,-8.505,-14.383,True
ET_02,other,5.94,-0.12598,0.18149,0.89486,-32.533,1.252,-17.696,True
ET_02,other,5.95,-0.05262,0.30032,0.88699,-26.623,12.15,-12.337,True
ET_02,other,5.96,0.01584,0.33993,0.93933,-15.273,22.593,-6.629,True
ET_02,other,5.97,0.11691,0.38068,0.96754,-0.07,24.064,-1.224,True
ET_02,other,5.98,0.25174,0.35607,0.98748,15.51,22.127,7.879,True
ET_02,other,5.99,0.29466,0.28125,1.04721,28.02,13.285,14.034,True
ET_02,other,6.0,0.37026,0.19548,1.06037,33.088,1.159,16.383,True
ET_02,other,6.01,0.32516,0.14431,1.01384,29.417,-9.676,15.453,True
ET_02,other,6.0200000000000005,0.27311,0.05342,1.01117,19.18,-19.073,10.257,True
ET_02,other,6.03,0.17742,0.01553,0.96593,6.907,-23.662,2.519,True
ET_02,other,6.04,0.04197,0.01327,0.94549,-11.947,-21.804,-5.222,True
ET_02,other,6.05,-0.04818,0.07717,0.92797,-23.088,-16.207,-12.616,True
ET_02,other,6.0600000000000005,-0.12221,0.13092,0.86784,-31.692,-5.187,-14.25,True
ET_02,other,6.07,-0.10701,0.23553,0.87738,-31.708,6.548,-16.611,True
ET_02,other,6.08,-0.06615,0.29966,0.89427,-24.607,14.896,-13.065,True
ET_02,other,6.09,0.01378,0.34998,0.90362,-11.835,23.892,-4.95,True
ET_02,other,6.1000000000000005,0.15634,0.33152,1.00165,4.968,24.306,2.504,True
ET_02,other,6.11,0.25502,0.31993,1.02182,19.359,19.195,10.214,True
ET_02,other,6.12,0.32217,0.27218,1.07632,30.829,10.542,15.64,True
ET_02,other,6.13,0.35938,0.18797,1.06531,32.042,-0.934,17.541,True
ET_02,other,6.140000000000001,0.34689,0.11043,1.04509,27.854,-12.654,14.448,True
ET_02,other,6.15,0.22012,0.04532,0.99924,16.869,-20.006,7.62,True
ET_02,other,6.16,0.13345,0.01937,0.949,0.232,-23.929,1.512,True
ET_02,other,6.17,-0.00969,0.00463,0.94002,-13.522,-21.786,-6.558,True
ET_02,other,6.18,-0.11589,0.08484,0.88352,-27.531,-14.505,-12.618,True
ET_02,other,6.19,-0.10357,0.18458,0.86264,-32.556,-1.633,-16.978,True
ET_02,other,6.2,-0.12592,0.26036,0.90207,-31.366,8.725,-15.334,True
ET_02,other,6.21,-0.04306,0.32021,0.88361,-20.273,18.957,-10.33,True
ET_02,other,6.22,0.07423,0.36452,0.93915,-4.873,23.762,-2.854,True
ET_02,other,6.23,0.19098,0.33959,0.97629,10.321,21.768,4.65,True
ET_02,other,6.24,0.28213,0.34041,1.04616,22.442,18.314,12.079,True
ET_02,other,6.25,0.34965,0.2458,1.0488,31.361,6.561,16.128,True
ET_02,other,6.26,0.35515,0.14518,1.02684,31.606,-4.283,16.888,True
ET_02,other,6.2700000000000005,0.31457,0.05972,1.05028,24.67,-14.659,12.775,True
ET_02,other,6.28,0.21294,0.04032,1.02451,9.992,-24.608,6.415,True
ET_02,other,6.29,0.08964,0.01103,0.95521,-4.812,-24.073,-2.485,True
ET_02,other,6.3,-0.03127,0.03379,0.9088,-19.335,-19.227,-9.258,True
ET_02,other,6.3100000000000005,-0.10076,0.09589,0.89846,-29.756,-11.508,-14.824,True
ET_02,other,6.32,-0.12875,0.20436,0.89797,-32.395,1.128,-16.84,True
ET_02,other,6.33,-0.09663,0.27719,0.8968,-27.356,11.885,-13.453,True
ET_02,other,6.34,-0.02609,0.32248,0.93456,-15.954,19.448,-7.392,True
ET_02,other,6.3500000000000005,0.11378,0.33354,0.96514,-1.745,24.72,0.085,True
ET_02,other,6.36,0.2231,0.36156,1.00891,13.985,20.682,7.16,True
ET_02,other,6.37,0.29408,0.30171,1.02606,27.547,14.677,13.703,True
ET_02,other,6.38,0.33616,0.18372,1.05619,32.19,2.904,16.497,True
ET_02,other,6.390000000000001,0.36999,0.11574,1.0414,31.675,-7.011,15.269,True
ET_02,other,6.4,0.25568,0.06111,1.03387,20.66,-18.116,10.895,True
ET_02,other,6.41,0.16771,0.03986,1.00447,7.397,-24.41,3.992,True
ET_02,other,6.42,0.05586,-0.04036,0.95502,-8.545,-23.573,-3.069,True
ET_02,other,6.43,-0.06004,0.05527,0.91791,-23.528,-16.805,-10.367,True
ET_02,other,6.44,-0.12913,0.12448,0.87128,-29.534,-5.689,-15.828,True
ET_02,other,6.45,-0.12159,0.20439,0.90287,-31.369,5.586,-14.974,True
ET_02,other,6.46,-0.05588,0.2943,0.90019,-24.803,15.126,-12.364,True
ET_02,other,6.47,0.01742,0.34596,0.94665,-13.779,22.937,-5.016,True
ET_02,other,6.48,0.13235,0.38998,1.00475,3.68,24.143,1.662,True
ET_02,other,6.49,0.27292,0.31378,1.00585,16.93,19.291,8.845,True
ET_02,other,6.5,0.33163,0.26663,1.06836,28.898,11.211,14.535,True
ET_02,other,6.51,0.35975,0.17172,1.08636,32.164,-1.518,16.157,True
ET_02,other,6.5200000000000005,0.32681,0.08335,1.03006,28.982,-12.108,15.499,True
ET_02,other,6.53,0.22902,0.011,1.02506,16.91,-20.609,7.436,True
ET_02,other,6.54,0.1336,0.02267,0.93698,1.073,-23.7,-0.511,True
ET_02,other,6.55,0.03364,0.01602,0.93643,-11.985,-19.641,-6.938,True
ET_02,other,6.5600000000000005,-0.07925,0.06283,0.91917,-26.827,-14.149,-13.001,True
ET_02,other,6.57,-0.12542,0.14468,0.87661,-32.507,-3.363,-15.098,True
ET_02,other,6.58,-0.11768,0.20422,0.89859,-29.826,6.017,-15.565,True
ET_02,other,6.59,-0.05519,0.31932,0.92676,-22.861,17.563,-9.689,True
ET_02,other,6.6000000000000005,0.04957,0.35206,0.95722,-6.627,22.147,-3.507,True
ET_02,other,6.61,0.15407,0.34645,0.99738,8.212,23.221,3.975,True
ET_02,other,6.62,0.25967,0.31534,1.01646,23.08,17.443,11.693,True
ET_02,other,6.63,0.35117,0.23382,1.05556,29.825,6.241,16.421,True
ET_02,other,6.640000000000001,0.32903,0.13452,1.04424,30.813,-3.7,17.358,True
ET_02,other,6.65,0.3071,0.07258,1.01488,24.735,-15.107,13.446,True
ET_02,other,6.66,0.21253,0.02574,0.99634,12.451,-21.922,7.154,True
ET_02,other,6.67,0.08714,-0.00178,0.95316,-3.006,-23.665,-0.497,True
ET_02,other,6.68,-0.03153,0.02942,0.88137,-18.003,-19.084,-8.822,True
ET_02,other,6.69,-0.0982,0.09718,0.89911,-29.434,-13.301,-13.232,True
ET_02,other,6.7,-0.14109,0.19586,0.8826,-32.007,0.225,-16.133,True
ET_02,other,6.71,-0.08738,0.25191,0.90223,-29.527,11.332,-13.361,True
ET_02,other,6.72,-0.03166,0.31897,0.92029,-16.289,19.588,-8.528,True
ET_02,other,6.73,0.07305,0.32417,0.95098,-3.198,21.947,-1.062,True
ET_02,other,6.74,0.18588,0.35342,1.00807,12.924,21.22,7.622,True
ET_02,other,6.75,0.28569,0.26609,1.03983,25.061,13.26,13.898,True
ET_02,other,6.76,0.36593,0.20407,1.05166,29.328,5.046,15.724,True
ET_02,other,6.7700000000000005,0.33834,0.11217,1.06552,29.476,-8.036,15.317,True
ET_02,other,6.78,0.28299,0.0487,1.02293,22.092,-16.073,10.107,True
ET_02,other,6.79,0.19359,0.0079,1.0144,7.406,-22.32,5.35,True
ET_02,other,6.8,0.05651,0.00119,0.98358,-7.686,-22.92,-3.287,True
ET_02,other,6.8100000000000005,-0.06622,0.04607,0.91696,-20.278,-17.577,-10.176,True
ET_02,other,6.82,-0.14909,0.12286,0.90938,-31.124,-7.654,-14.864,True
ET_02,other,6.83,-0.12046,0.19525,0.88109,-30.992,2.695,-14.408,True
ET_02,other,6.84,-0.10039,0.25539,0.91867,-23.919,13.178,-13.25,True
ET_02,other,6.8500000000000005,-0.00044,0.30911,0.91338,-13.215,22.09,-6.692,True
ET_02,other,6.86,0.11617,0.33791,0.98134,3.688,23.076,0.54,True
ET_02,other,6.87,0.21963,0.29379,1.00851,16.748,19.925,6.65,True
ET_02,other,6.88,0.3109,0.25976,1.03942,25.566,11.988,13.711,True
ET_02,other,6.890000000000001,0.33503,0.18071,1.04147,31.573,0.233,14.722,True
ET_02,other,6.9,0.3273,0.08628,1.02928,27.151,-9.454,13.883,True
ET_02,other,6.91,0.20692,0.05681,1.01324,18.396,-17.958,9.346,True
ET_02,other,6.92,0.12062,0.0288,0.9907,4.373,-21.313,2.769,True
ET_02,other,6.93,0.04702,0.01997,0.93485,-12.412,-20.053,-4.398,True
ET_02,other,6.94,-0.07404,0.09049,0.91855,-23.148,-12.922,-12.33,True
ET_02,other,6.95,-0.09846,0.13526,0.87197,-30.378,-4.327,-15.197,True
ET_02,other,6.96,-0.12651,0.24132,0.8911,-30.329,4.965,-15.911,True
ET_02,other,6.97,-0.05185,0.28258,0.91866,-22.162,14.875,-11.358,True
ET_02,other,6.98,0.04146,0.3243,0.95975,-8.448,20.86,-4.085,True
ET_02,other,6.99,0.1407,0.34135,0.98536,6.319,21.739,3.143,True
ET_02,other,7.0,0.23267,0.30873,1.01958,18.672,17.782,10.83,True
ET_02,other,7.01,0.29818,0.2744,1.0373,28.283,6.705,14.718,True
ET_02,other,7.0200000000000005,0.31696,0.16552,1.0438,30.734,-2.237,13.132,True
ET_02,other,7.03,0.27844,0.06681,1.02848,24.231,-12.675,12.82,True
ET_02,other,7.04,0.18789,0.04396,1.01056,12.175,-19.617,6.108,True
ET_02,other,7.05,0.09724,0.01175,1.00796,0.78,-21.707,-0.222,True
ET_02,other,7.0600000000000005,-0.01299,0.04026,0.92408,-15.891,-19.017,-8.156,True
ET_02,other,7.07,-0.09787,0.09444,0.91233,-24.241,-9.37,-12.32,True
ET_02,other,7.08,-0.11126,0.15451,0.86973,-28.177,-0.257,-13.662,True
ET_02,other,7.09,-0.10786,0.25658,0.88114,-25.569,8.846,-12.081,True
ET_02,other,7.1000000000000005,-0.04405,0.275,0.93502,-16.776,16.685,-9.231,True
ET_02,other,7.11,0.09976,0.32513,0.95276,-3.956,20.586,-2.782,True
ET_02,other,7.12,0.16965,0.32717,1.00974,11.726,19.496,5.505,True
ET_02,other,7.13,0.2581,0.26274,1.04614,22.211,13.894,10.591,True
ET_02,other,7.140000000000001,0.28758,0.20332,1.03015,28.376,5.385,15.972,True
ET_02,other,7.15,0.29921,0.13095,1.04137,28.826,-5.671,13.308,True
ET_02,other,7.16,0.24782,0.06859,1.04631,21.579,-15.676,11.653,True
ET_02,other,7.17,0.20525,0.02095,1.0045,9.394,-20.552,4.776,True
ET_02,other,7.18,0.06145,-0.01857,0.95118,-3.496,-21.948,-3.053,True
ET_02,other,7.19,-0.05773,0.06352,0.9478,-18.382,-17.719,-8.88,True
ET_02,other,7.2,-0.1112,0.1179,0.90007,-27.466,-9.197,-12.327,True
ET_02,other,7.21,-0.11812,0.18677,0.89411,-28.942,0.793,-15.376,True
ET_02,other,7.22,-0.0825,0.26305,0.91727,-23.357,10.296,-10.954,True
ET_02,other,7.23,0.02964,0.31356,0.95095,-13.222,17.811,-6.763,True
ET_02,other,7.24,0.09876,0.32887,0.97198,-1.175,18.825,-0.385,True
ET_02,other,7.25,0.19538,0.30953,1.01959,14.512,18.627,6.714,True
ET_02,other,7.26,0.27072,0.25744,1.04661,24.114,12.761,12.568,True
ET_02,other,7.2700000000000005,0.29229,0.19392,1.04211,29.543,2.282,13.75,True
ET_02,other,7.28,0.28299,0.10796,1.04764,25.17,-8.564,12.504,True
ET_02,other,7.29,0.23295,0.0678,1.03834,18.496,-16.112,9.254,True
ET_02,other,7.3,0.14437,0.02561,0.99208,4.484,-18.85,2.863,True
ET_02,other,7.3100000000000005,0.0172,0.02263,0.94903,-7.835,-19.352,-3.705,True
ET_02,other,7.32,-0.05572,0.08986,0.90681,-19.726,-14.969,-9.399,True
ET_02,other,7.33,-0.085,0.14358,0.91026,-26.742,-5.145,-12.559,True
ET_02,other,7.34,-0.08762,0.19135,0.89964,-26.064,4.878,-13.165,True
ET_02,other,7.3500000000000005,-0.01464,0.2886,0.91968,-21.004,16.854,-9.985,True
ET_02,other,7.36,0.01992,0.32098,0.95777,-7.843,18.51,-5.026,True
ET_02,other,7.37,0.15204,0.3093,0.97456,4.126,17.866,1.63,True
ET_02,other,7.38,0.23024,0.31431,1.02469,16.424,17.604,6.449,True
ET_02,other,7.390000000000001,0.25232,0.23758,1.06417,24.186,8.831,11.891,True
ET_02,other,7.4,0.30304,0.1832,1.03099,28.03,-0.538,13.583,True
ET_02,other,7.41,0.27756,0.09829,1.05589,24.38,-11.105,10.334,True
ET_02,other,7.42,0.22122,0.05001,1.03196,13.976,-18.177,6.352,True
ET_02,other,7.43,0.11157,0.00345,0.98602,0.902,-21.081,-0.403,True
ET_02,other,7.44,-0.01385,0.0213,0.94295,-12.502,-18.454,-6.958,True
ET_02,other,7.45,-0.05783,0.09865,0.91214,-22.826,-11.537,-11.574,True
ET_02,other,7.46,-0.10781,0.15811,0.89396,-27.266,-1.271,-13.447,True
ET_02,other,7.47,-0.08001,0.23866,0.87313,-24.414,8.178,-13.831,True
ET_02,other,7.48,-0.00414,0.27233,0.92173,-17.664,14.37,-7.668,True
ET_02,other,7.49,0.07442,0.30029,0.95211,-5.056,19.809,-2.331,True
ET_02,other,7.5,0.16818,0.31586,0.99077,7.037,18.962,3.739,True
ET_02,other,7.51,0.23423,0.25567,1.02072,19.467,13.92,8.942,True
ET_02,other,7.5200000000000005,0.31108,0.21078,1.04263,25.864,5.897,14.692,True
ET_02,other,7.53,0.31532,0.15864,1.04996,24.357,-3.905,13.188,True
ET_02,other,7.54,0.23633,0.09372,1.02948,19.749,-12.275,10.891,True
ET_02,other,7.55,0.17872,0.03417,1.01612,9.862,-18.459,4.735,True
ET_02,other,7.5600000000000005,0.07329,0.02706,0.95686,-2.795,-19.549,-2.012,True
ET_02,other,7.57,-0.0105,0.07226,0.95353,-14.803,-14.849,-7.623,True
ET_02,other,7.58,-0.07331,0.1291,0.94368,-20.926,-7.986,-10.219,True
ET_02,other,7.59,-0.08713,0.16378,0.89794,-26.531,0.355,-13.611,True
ET_02,other,7.6000000000000005,-0.05389,0.24079,0.89884,-22.389,10.378,-11.332,True
ET_02,other,7.61,0.00249,0.28067,0.95305,-12.843,15.814,-7.276,True
ET_02,other,7.62,0.06847,0.33561,0.96467,-1.828,19.247,-1.578,True
ET_02,other,7.63,0.16065,0.30003,1.00185,11.541,15.355,3.917,True
ET_02,other,7.640000000000001,0.2391,0.26989,1.01804,20.265,9.749,9.841,True
ET_02,other,7.65,0.28354,0.22417,1.03757,24.655,3.934,11.726,True
ET_02,other,7.66,0.2718,0.14993,1.02604,23.64,-7.361,11.904,True
ET_02,other,7.67,0.24794,0.06894,1.02533,16.224,-14.025,8.445,True
ET_02,other,7.68,0.15161,0.06581,0.99193,5.877,-17.164,1.955,True
ET_02,other,7.69,0.06284,0.05518,0.97565,-6.775,-17.082,-2.948,True
ET_02,other,7.7,-0.03221,0.09302,0.95956,-17.501,-13.243,-8.347,True
ET_02,other,7.71,-0.05351,0.13422,0.90089,-22.86,-5.654,-12.073,True
ET_02,other,7.72,-0.08283,0.21375,0.90984,-24.515,1.998,-12.322,True
ET_02,other,7.73,-0.03353,0.28192,0.91394,-18.327,11.517,-10.338,True
ET_02,other,7.74,0.05871,0.29406,0.91797,-9.738,16.759,-3.933,True
ET_02,other,7.75,0.13566,0.30556,0.96108,3.495,16.693,0.59,True
ET_02,other,7.76,0.18982,0.26969,0.98218,14.29,14.557,7.177,True
ET_02,other,7.7700000000000005,0.26848,0.22968,1.04052,21.982,8.411,11.47,True
ET_02,other,7.78,0.28209,0.18936,1.0493,24.567,0.073,14.159,True
ET_02,other,7.79,0.25392,0.13993,1.01743,19.698,-6.582,11.151,True
ET_02,other,7.8,0.18781,0.06948,1.0252,14.117,-15.833,6.744,True
ET_02,other,7.8100000000000005,0.10205,0.06954,0.9834,2.094,-18.727,-0.259,True
ET_02,other,7.82,0.02916,0.07925,0.95885,-9.677,-16.032,-5.654,True
ET_02,other,7.83,-0.04085,0.08605,0.91824,-18.903,-11.477,-10.975,True
ET_02,other,7.84,-0.038,0.1751,0.90199,-23.733,-2.432,-11.43,True
ET_02,other,7.8500000000000005,-0.03737,0.21061,0.92379,-22.778,4.133,-10.93,True
ET_02,other,7.86,-0.02612,0.24206,0.92585,-14.873,11.501,-8.593,True
ET_02,other,7.87,0.03997,0.2954,0.97291,-5.482,15.77,-2.28,True
ET_02,other,7.88,0.13243,0.29872,0.97423,4.737,16.413,2.993,True
ET_02,other,7.890000000000001,0.20315,0.23602,1.01437,16.072,14.255,9.487,True
ET_02,other,7.9,0.26387,0.20782,1.01308,22.965,5.251,9.797,True
ET_02,other,7.91,0.26127,0.16657,1.04636,23.759,-2.646,9.993,True
ET_02,other,7.92,0.25047,0.09158,1.03159,19.418,-9.299,8.275,True
ET_02,other,7.930000000000001,0.16899,0.05048,1.02748,8.38,-15.89,4.312,True
ET_02,other,7.94,0.09943,0.04896,0.95138,-1.155,-17.385,-0.414,True
ET_02,other,7.95,0.03907,0.08221,0.89943,-11.761,-13.848,-6.646,True
ET_02,other,7.96,-0.03744,0.11304,0.91104,-20.369,-8.361,-10.701,True
ET_02,other,7.97,-0.06509,0.13725,0.92676,-22.8,-0.5,-11.019,True
ET_02,other,7.98,-0.02896,0.2556,0.92404,-19.481,8.081,-9.937,True
ET_02,other,7.99,-0.00188,0.29413,0.93316,-12.428,14.059,-6.698,True
ET_02,other,8.0,0.09118,0.3042,0.97528,-2.379,15.128,-1.477,True
ET_02,other,8.01,0.16418,0.29503,1.0168,8.594,15.575,5.624,True
ET_02,other,8.02,0.23427,0.24882,1.00053,18.258,10.343,8.956,True
ET_02,other,8.03,0.28312,0.19783,1.03739,21.891,4.103,10.626,True
ET_02,other,8.040000000000001,0.22233,0.14261,1.04698,20.557,-5.163,10.144,True
ET_02,other,8.05,0.22568,0.08918,1.01376,15.963,-11.711,8.828,True
ET_02,other,8.06,0.17281,0.07239,0.99433,7.505,-15.561,2.817,True
ET_02,other,8.07,0.07668,0.06458,0.96789,-6.042,-15.252,-2.349,True
ET_02,other,8.08,-0.02141,0.0802,0.92222,-13.731,-11.841,-5.932,True
ET_02,other,8.09,-0.06299,0.10748,0.91428,-20.555,-6.043,-10.579,True
ET_02,other,8.1,-0.07649,0.20026,0.95124,-21.228,1.249,-11.054,True
ET_02,other,8.11,-0.03242,0.23593,0.92572,-18.372,8.042,-8.983,True
ET_02,other,8.120000000000001,0.04745,0.29496,0.92719,-9.03,12.602,-4.568,True
ET_02,other,8.13,0.12118,0.26467,0.98567,1.296,16.533,-0.903,True
ET_02,other,8.14,0.20514,0.26982,0.99787,11.165,13.632,4.378,True
ET_02,other,8.15,0.24197,0.24859,1.02079,16.994,8.997,8.996,True
ET_02,other,8.16,0.25882,0.18271,1.03194,21.463,-0.647,10.285,True
ET_02,other,8.17,0.22519,0.15294,1.02579,19.317,-5.379,9.938,True
ET_02,other,8.18,0.19272,0.08478,1.00022,12.922,-13.659,5.83,True
ET_02,other,8.19,0.10457,0.07054,0.97256,3.885,-14.206,1.895,True
ET_02,other,8.2,0.0293,0.0719,0.92368,-6.618,-13.81,-3.954,True
ET_02,other,8.21,-0.01078,0.14209,0.91152,-16.663,-9.305,-5.98,True
ET_02,other,8.22,-0.04429,0.15385,0.93494,-21.695,-2.639,-9.675,True
ET_02,other,8.23,-0.01569,0.20559,0.91446,-20.288,4.998,-9.261,True
ET_02,other,8.24,-0.01463,0.25911,0.91401,-14.518,10.647,-7.882,True
ET_02,other,8.25,0.03506,0.27999,0.95973,-5.967,14.958,-2.098,True
ET_02,other,8.26,0.13285,0.29185,0.95464,5.008,16.617,1.759,True
ET_02,other,8.27,0.2169,0.27418,1.03741,12.394,12.77,7.613,True
ET_02,other,8.28,0.24621,0.20599,1.03729,19.918,7.133,9.11,True
ET_02,other,8.290000000000001,0.23413,0.16506,1.0394,19.764,-2.31,10.093,True
ET_02,other,8.3,0.21572,0.16559,1.04855,18.48,-9.162,9.259,True
ET_02,other,8.31,0.16335,0.08012,1.01678,11.086,-14.13,4.203,True
ET_02,other,8.32,0.09034,0.07679,0.98165,-1.429,-14.416,0.109,True
ET_02,other,8.33,0.01571,0.08459,0.94977,-9.051,-13.357,-3.388,True
ET_02,other,8.34,-0.01737,0.14107,0.91963,-19.027,-7.244,-10.767,True
ET_02,other,8.35,-0.05667,0.19657,0.9355,-19.906,-2.279,-9.762,True
ET_02,other,8.36,-0.03743,0.21289,0.92942,-19.364,4.72,-9.438,True
ET_02,other,8.370000000000001,0.01152,0.28978,0.93746,-13.423,11.233,-6.934,True
ET_02,other,8.38,0.0998,0.27665,0.95494,-2.806,13.869,-2.357,True
ET_02,other,8.39,0.13024,0.27839,0.98109,6.695,12.82,4.209,True
ET_02,other,8.4,0.21659,0.25869,1.01246,16.103,11.114,7.98,True
ET_02,other,8.41,0.24374,0.21509,1.01424,20.657,3.851,9.136,True
ET_02,other,8.42,0.27092,0.14699,1.04571,20.127,-3.005,7.985,True
ET_02,other,8.43,0.21137,0.10155,1.02085,15.391,-9.619,7.958,True
ET_02,other,8.44,0.15794,0.08524,0.99712,7.21,-14.029,3.62,True
ET_02,other,8.45,0.07538,0.0732,0.95677,-5.142,-14.718,-1.865,True
ET_02,other,8.46,0.01052,0.09976,0.93203,-14.456,-11.014,-6.009,True
ET_02,other,8.47,0.01678,0.11139,0.9091,-19.02,-6.186,-8.832,True
ET_02,other,8.48,-0.02101,0.18794,0.96293,-19.469,-0.101,-9.48,True
ET_02,other,8.49,-0.02652,0.23814,0.91724,-18.329,7.317,-6.94,True
ET_02,other,8.5,0.04079,0.28236,0.95341,-8.967,13.265,-4.987,True
ET_02,other,8.51,0.12188,0.27715,0.9481,0.117,14.111,-0.325,True
ET_02,other,8.52,0.18579,0.27656,1.00116,8.698,12.346,4.548,True
ET_02,other,8.53,0.22907,0.2315,1.02739,16.262,8.302,7.43,True
ET_02,other,8.540000000000001,0.24079,0.17154,1.02141,18.839,1.556,10.325,True
ET_02,other,8.55,0.25317,0.13368,1.01279,18.873,-5.754,8.587,True
ET_02,other,8.56,0.18888,0.10216,1.01275,12.419,-11.335,6.298,True
ET_02,other,8.57,0.14343,0.08043,0.97933,4.651,-15.149,2.291,True
ET_02,other,8.58,0.0947,0.05955,0.96869,-5.977,-13.425,-3.499,True
ET_02,other,8.59,-0.02031,0.12589,0.95146,-14.451,-10.516,-7.845,True
ET_02,other,8.6,0.01227,0.15613,0.90001,-19.755,-3.063,-11.951,True
ET_02,other,8.61,-0.0487,0.19525,0.93678,-18.965,3.225,-9.476,True
ET_02,other,8.620000000000001,0.01133,0.26503,0.93536,-13.483,8.356,-7.452,True
ET_02,other,8.63,0.06003,0.28804,0.93348,-7.79,14.115,-4.134,True
ET_02,other,8.64,0.14246,0.31012,0.97874,3.674,14.172,0.558,True
ET_02,other,8.65,0.19123,0.25525,1.01494,12.135,11.458,5.877,True
ET_02,other,8.66,0.24735,0.20481,1.00995,18.328,5.166,9.695,True
ET_02,other,8.67,0.22726,0.18198,1.00165,20.572,-0.582,11.803,True
ET_02,other,8.68,0.23804,0.10978,0.99064,17.733,-7.375,9.08,True
ET_02,other,8.69,0.18752,0.09136,0.9796,9.598,-12.35,5.428,True
ET_02,other,8.700000000000001,0.12214,0.08775,0.99155,1.448,-14.793,0.376,True
ET_02,other,8.71,0.03405,0.07223,0.95187,-9.814,-12.392,-4.75,True
ET_02,other,8.72,-0.02212,0.11888,0.96845,-15.71,-8.581,-8.193,True
ET_02,other,8.73,-0.03332,0.16445,0.93011,-20.942,-1.665,-9.776,True
ET_02,other,8.74,-0.01586,0.19423,0.90781,-20.325,5.983,-9.332,True
ET_02,other,8.75,0.03432,0.26791,0.96505,-12.585,10.087,-7.352,True
ET_02,other,8.76,0.09291,0.27894,0.96705,-3.816,15.282,-2.42,True
ET_02,other,8.77,0.14933,0.28075,0.97278,5.746,12.589,3.041,True
ET_02,other,8.78,0.20791,0.25952,1.00088,13.8,10.325,7.061,True
ET_02,other,8.790000000000001,0.22253,0.22319,1.02547,19.215,4.646,8.349,True
ET_02,other,8.8,0.23724,0.16007,1.03939,17.382,-2.885,10.03,True
ET_02,other,8.81,0.22653,0.10969,1.00124,15.752,-8.329,7.236,True
ET_02,other,8.82,0.16923,0.08516,0.9906,7.804,-13.872,4.649,True
ET_02,other,8.83,0.1161,0.08211,0.95923,-1.507,-13.81,-2.2,True
ET_02,other,8.84,0.02389,0.11273,0.96871,-11.357,-11.064,-6.316,True
ET_02,other,8.85,-0.00123,0.12893,0.90328,-18.533,-5.544,-7.804,True
ET_02,other,8.86,-0.03936,0.17811,0.89699,-19.309,0.744,-8.932,True
ET_02,other,8.870000000000001,-0.02501,0.23474,0.9334,-16.872,6.649,-8.38,True
ET_02,other,8.88,0.0352,0.28119,0.94042,-12.274,12.245,-6.12,True
ET_02,other,8.89,0.0963,0.29386,0.95176,0.537,14.479,-0.781,True
ET_02,other,8.9,0.17147,0.26661,1.0081,7.53,11.903,5.779,True
ET_02,other,8.91,0.23072,0.25535,0.98518,15.476,8.746,9.011,True
ET_02,other,8.92,0.23782,0.19825,1.01442,19.181,3.353,8.667,True
ET_02,other,8.93,0.27188,0.13411,1.01134,19.191,-5.31,9.314,True
ET_02,other,8.94,0.20539,0.08941,0.99788,13.157,-9.947,5.834,True
ET_02,other,8.950000000000001,0.16444,0.08585,0.98469,5.663,-14.516,2.7,True
ET_02,other,8.96,0.09227,0.0653,0.9633,-5.129,-13.774,-1.957,True
ET_02,other,8.97,0.05466,0.09942,0.92499,-14.207,-10.473,-6.775,True
ET_02,other,8.98,-0.0233,0.14877,0.89397,-19.698,-4.614,-7.516,True
ET_02,other,8.99,-0.00863,0.20773,0.92231,-18.788,2.71,-10.66,True
ET_02,other,9.0,0.00274,0.27857,0.93736,-15.727,9.355,-7.277,True
ET_02,other,9.01,0.06081,0.30092,0.92667,-9.022,13.116,-4.01,True
ET_02,other,9.02,0.13556,0.29116,0.98925,2.125,14.4,2.402,True
ET_02,other,9.03,0.20491,0.26385,0.98978,11.338,11.543,5.833,True
ET_02,other,9.040000000000001,0.25377,0.26307,1.01127,16.729,6.1,9.21,True
ET_02,other,9.05,0.27267,0.17742,1.00234,19.078,0.849,9.214,True
ET_02,other,9.06,0.26665,0.12235,0.98788,17.558,-6.832,8.857,True
ET_02,other,9.07,0.20041,0.08316,0.98199,10.881,-12.091,5.21,True
ET_02,other,9.08,0.14068,0.08822,0.99003,1.22,-13.789,1.886,True
ET_02,other,9.09,0.07619,0.08197,0.92694,-6.703,-11.763,-3.228,True
ET_02,other,9.1,-0.00951,0.1274,0.90298,-15.603,-10.468,-7.885,True
ET_02,other,9.11,-0.02996,0.18019,0.91631,-20.751,-2.503,-9.513,True
ET_02,other,9.120000000000001,-0.02433,0.18434,0.88579,-20.36,4.597,-9.668,True
ET_02,other,9.13,0.04776,0.27839,0.90713,-13.301,10.209,-7.79,True
ET_02,other,9.14,0.06598,0.28866,0.95007,-6.829,15.375,-2.216,True
ET_02,other,9.15,0.16145,0.28422,0.96651,3.907,14.531,2.129,True
ET_02,other,9.16,0.23932,0.27031,1.04638,13.921,11.239,7.391,True
ET_02,other,9.17,0.27143,0.22531,1.01639,18.165,3.887,9.636,True
ET_02,other,9.18,0.26337,0.18734,1.02968,18.968,-1.642,8.827,True
ET_02,other,9.19,0.24835,0.10803,1.02038,17.178,-10.004,10.111,True
ET_02,other,9.200000000000001,0.18469,0.112,0.97563,9.173,-14.121,4.296,True
ET_02,other,9.21,0.12099,0.09743,0.96608,-1.408,-15.17,-0.881,True
ET_02,other,9.22,0.04061,0.07794,0.94281,-10.826,-13.935,-6.364,True
ET_02,other,9.23,-0.01911,0.11935,0.92715,-16.937,-6.182,-7.995,True
ET_02,other,9.24,-0.00774,0.18958,0.92454,-22.818,-0.739,-11.271,True
ET_02,other,9.25,0.02191,0.23992,0.8998,-18.626,5.414,-8.574,True
ET_02,other,9.26,0.03328,0.28173,0.91967,-12.884,11.624,-6.114,True
ET_02,other,9.27,0.10288,0.30056,0.93518,-1.381,15.179,-1.956,True
ET_02,other,9.28,0.19212,0.28825,0.99676,8.062,15.052,4.559,True
ET_02,other,9.290000000000001,0.26413,0.24712,0.98609,15.813,9.109,8.481,True
ET_02,other,9.3,0.28631,0.20367,1.02271,21.306,3.992,11.679,True
ET_02,other,9.31,0.25715,0.1446,1.00472,19.719,-5.728,9.989,True
ET_02,other,9.32,0.24304,0.13201,0.99789,15.28,-10.683,9.232,True
ET_02,other,9.33,0.15993,0.06149,0.95366,6.882,-15.529,3.117,True
ET_02,other,9.34,0.08602,0.07425,0.93093,-4.673,-14.99,-1.76,True
ET_02,other,9.35,0.00611,0.09016,0.91171,-13.066,-12.156,-6.828,True
ET_02,other,9.36,-0.02221,0.15077,0.883,-19.985,-6.112,-9.3,True
ET_02,other,9.370000000000001,-0.0395,0.18317,0.92025,-22.019,0.24,-10.158,True
ET_02,other,9.38,0.02739,0.24118,0.90278,-18.195,9.475,-8.474,True
ET_02,other,9.39,0.07707,0.29587,0.96354,-10.321,13.814,-5.375,True
ET_02,other,9.4,0.15048,0.29426,0.94559,0.186,16.155,-0.766,True
ET_02,other,9.41,0.19666,0.30457,0.98606,8.904,14.714,6.226,True
ET_02,other,9.42,0.27235,0.25726,1.02155,18.961,7.108,9.032,True
ET_02,other,9.43,0.29096,0.18576,0.99166,21.514,1.082,11.489,True
ET_02,other,9.44,0.26566,0.1403,1.01467,19.4,-6.56,10.086,True
ET_02,other,9.450000000000001,0.24007,0.10781,0.98629,12.957,-14.101,7.045,True
ET_02,other,9.46,0.16382,0.10038,0.97895,3.26,-14.558,0.358,True
ET_02,other,9.47,0.09479,0.07962,0.92057,-6.888,-15.146,-3.372,True
ET_02,other,9.48,0.0242,0.12897,0.93564,-17.216,-11.251,-8.594,True
ET_02,other,9.49,-0.03067,0.19217,0.92836,-21.32,-3.662,-8.88,True
ET_02,other,9.5,-0.05573,0.23824,0.90691,-21.366,4.052,-11.371,True
ET_02,other,9.51,0.02111,0.29558,0.91618,-15.656,11.637,-8.896,True
ET_02,other,9.52,0.06446,0.33113,0.9384,-8.375,15.742,-4.245,True
ET_02,other,9.53,0.18467,0.30035,0.97856,3.537,16.786,0.543,True
ET_02,other,9.540000000000001,0.24094,0.30319,0.99037,12.411,13.778,7.125,True
ET_02,other,9.55,0.29898,0.25474,0.99615,20.946,6.233,9.658,True
ET_02,other,9.56,0.30248,0.17017,1.04348,20.724,-0.794,10.57,True
ET_02,other,9.57,0.28763,0.11705,1.01002,18.098,-11.155,9.218,True
ET_02,other,9.58,0.20143,0.07769,0.97495,10.754,-14.452,4.929,True
ET_02,other,9.59,0.11759,0.06312,0.94184,1.08,-15.67,0.61,True
ET_02,other,9.6,0.01846,0.08404,0.94605,-11.151,-14.192,-5.368,True
ET_02,other,9.61,-0.02252,0.12723,0.89571,-20.378,-8.099,-8.051,True
ET_02,other,9.620000000000001,-0.00981,0.1762,0.88742,-23.706,-1.622,-11.403,True
ET_02,other,9.63,-0.01753,0.23989,0.90932,-21.24,6.62,-10.282,True
ET_02,other,9.64,0.03245,0.3201,0.91461,-15.326,13.922,-7.006,True
ET_02,other,9.65,0.09964,0.31506,0.94536,-4.237,18.099,-1.222,True
ET_02,other,9.66,0.19179,0.30973,0.9685,8.164,17.844,3.307,True
ET_02,other,9.67,0.25633,0.28433,1.00573,18.185,11.644,7.923,True
ET_02,other,9.68,0.30148,0.25609,1.01896,23.341,4.304,10.814,True
ET_02,other,9.69,0.33066,0.17713,1.02037,22.905,-5.304,11.784,True
ET_02,other,9.700000000000001,0.27833,0.13937,1.01269,17.541,-12.711,8.98,True
ET_02,other,9.71,0.18923,0.07095,0.99321,8.614,-16.217,3.511,True
ET_02,other,9.72,0.11324,0.08796,0.92713,-3.618,-16.89,-2.726,True
ET_02,other,9.73,0.01913,0.07477,0.90767,-14.591,-13.727,-7.372,True
ET_02,other,9.74,-0.00551,0.14159,0.88576,-21.798,-6.89,-10.822,True
ET_02,other,9.75,-0.05657,0.19996,0.8637,-23.717,1.653,-9.513,True
ET_02,other,9.76,-0.00246,0.27622,0.90088,-19.484,8.086,-10.276,True
ET_02,other,9.77,0.05246,0.28975,0.92214,-11.119,15.445,-5.0,True
ET_02,other,9.78,0.14916,0.31085,0.94215,0.75,18.304,0.346,True
ET_02,other,9.790000000000001,0.22814,0.32344,0.99054,12.106,16.472,5.101,True
ET_02,other,9.8,0.29173,0.24758,1.01395,19.542,11.033,9.852,True
ET_02,other,9.81,0.34509,0.20327,1.02833,25.03,1.374,13.465,True
ET_02,other,9.82,0.32167,0.14686,1.02121,23.384,-7.702,10.493,True
ET_02,other,9.83,0.27037,0.10694,0.9887,16.207,-13.784,7.706,True
ET_02,other,9.84,0.19541,0.05556,0.95309,5.556,-17.437,2.447,True
ET_02,other,9.85,0.08368,0.06517,0.9286,-8.057,-19.175,-3.421,True
ET_02,other,9.86,0.03217,0.09071,0.90179,-17.433,-12.807,-8.545,True
ET_02,other,9.870000000000001,-0.03108,0.15085,0.90392,-23.212,-4.494,-11.54,True
ET_02,other,9.88,-0.04547,0.23476,0.8781,-23.058,2.921,-11.962,True
ET_02,other,9.89,0.01539,0.30285,0.90198,-18.607,11.008,-9.427,True
ET_02,other,9.9,0.08093,0.33899,0.92275,-9.462,18.02,-4.326,True
ET_02,other,9.91,0.16536,0.33307,0.93445,2.404,17.68,1.36,True
ET_02,other,9.92,0.26448,0.30275,0.97854,17.301,15.707,7.654,True
ET_02,other,9.93,0.36618,0.28575,1.01274,23.712,7.698,11.187,True
ET_02,other,9.94,0.31994,0.19071,1.0071,24.194,-0.754,12.508,True
ET_02,other,9.950000000000001,0.32518,0.12916,1.01421,22.734,-9.336,11.88,True
ET_02,other,9.96,0.23636,0.07956,0.97524,13.613,-15.4,5.73,True
ET_02,other,9.97,0.12948,0.04595,0.95009,0.778,-20.406,-0.159,True
ET_02,other,9.98,0.05888,0.09854,0.91289,-10.905,-15.857,-4.99,True
ET_02,other,9.99,-0.00507,0.16338,0.86326,-22.702,-11.069,-10.138,True
ET_02,other,10.0,-0.05683,0.17886,0.87931,-25.468,-0.776,-12.986,True
ET_02,other,10.01,-0.02286,0.24346,0.88774,-25.101,7.223,-12.196,True
ET_02,other,10.02,0.01174,0.30405,0.8877,-15.465,14.56,-8.252,True
ET_02,other,10.03,0.09895,0.33967,0.92487,-6.257,19.211,-2.822,True
ET_02,other,10.040000000000001,0.20059,0.34169,0.9636,7.559,20.473,2.839,True
ET_02,other,10.05,0.30186,0.32393,0.99798,18.404,14.381,9.587,True
ET_02,other,10.06,0.33074,0.24253,1.02728,25.532,5.211,13.016,True
ET_02,other,10.07,0.37092,0.18518,0.98965,26.635,-3.138,13.053,True
ET_02,other,10.08,0.30082,0.10278,1.01515,20.371,-12.879,11.708,True
ET_02,other,10.09,0.23852,0.06109,0.95696,10.665,-19.347,4.157,True
ET_02,other,10.1,0.1268,0.02164,0.93028,-4.35,-20.501,-1.723,True
ET_02,other,10.11,0.03155,0.08905,0.90306,-14.9,-15.856,-6.662,True
ET_02,other,10.120000000000001,-0.01613,0.12653,0.88046,-22.721,-9.802,-11.751,True
ET_02,other,10.13,-0.04938,0.19459,0.84172,-27.799,2.157,-12.978,True
ET_02,other,10.14,-0.03176,0.29573,0.87199,-23.191,9.236,-12.396,True
ET_02,other,10.15,0.04962,0.29892,0.90283,-14.642,17.008,-6.698,True
ET_02,other,10.16,0.11581,0.34265,0.94176,-1.012,19.923,-1.954,True
ET_02,other,10.17,0.21157,0.3353,0.98325,11.759,19.428,6.705,True
ET_02,other,10.18,0.29659,0.31896,0.98005,21.611,12.104,13.704,True
ET_02,other,10.19,0.34581,0.22791,1.00013,28.279,2.879,14.518,True
ET_02,other,10.200000000000001,0.35075,0.13196,1.02323,26.098,-7.659,13.014,True
ET_02,other,10.21,0.31563,0.09309,1.00495,20.503,-15.422,9.685,True
ET_02,other,10.22,0.19642,0.04897,0.95491,5.68,-20.184,3.016,True
ET_02,other,10.23,0.11479,0.03405,0.94273,-6.918,-19.595,-3.612,True
ET_02,other,10.24,0.02493,0.08485,0.88676,-19.83,-13.692,-9.69,True
ET_02,other,10.25,-0.02976,0.16306,0.86119,-27.397,-7.938,-13.112,True
ET_02,other,10.26,-0.0312,0.24495,0.86142,-27.891,3.215,-14.954,True
ET_02,other,10.27,0.0106,0.29879,0.87792,-20.334,14.698,-11.753,True
ET_02,other,10.28,0.07416,0.3383,0.90496,-10.573,18.435,-6.976,True
ET_02,other,10.290000000000001,0.16963,0.33482,0.96278,1.448,20.867,0.648,True
ET_02,other,10.3,0.29913,0.32623,1.01776,17.814,15.849,7.469,True
ET_02,other,10.31,0.34915,0.26816,1.0097,26.042,10.521,13.142,True
ET_02,other,10.32,0.38732,0.2353,1.02363,29.753,-0.251,14.084,True
ET_02,other,10.33,0.35358,0.11387,1.00611,24.301,-10.362,13.732,True
ET_02,other,10.34,0.29343,0.06359,0.97879,14.935,-18.858,7.008,True
ET_02,other,10.35,0.19168,0.02749,0.94801,1.767,-21.845,1.663,True
ET_02,other,10.36,0.08175,0.08094,0.93689,-11.983,-18.04,-5.23,True
ET_02,other,10.370000000000001,-0.02791,0.08875,0.86713,-24.294,-13.992,-11.425,True
ET_02,other,10.38,-0.05591,0.17701,0.88528,-28.34,-4.631,-14.396,True
ET_02,other,10.39,-0.04325,0.25013,0.82602,-28.476,5.233,-15.244,True
ET_02,other,10.4,0.02005,0.32888,0.9125,-20.158,15.582,-11.17,True
ET_02,other,10.41,0.09901,0.35821,0.92685,-7.29,18.698,-3.987,True
ET_02,other,10.42,0.2132,0.36393,0.95346,6.334,21.099,2.386,True
ET_02,other,10.43,0.30838,0.31095,1.00048,20.307,16.44,10.673,True
ET_02,other,10.44,0.37969,0.28089,1.00096,28.782,8.441,14.877,True
ET_02,other,10.450000000000001,0.39561,0.21062,1.02033,28.621,-3.487,14.435,True
ET_02,other,10.46,0.33413,0.10752,0.96928,24.125,-12.096,12.538,True
ET_02,other,10.47,0.23309,0.06743,0.96378,12.742,-19.618,8.249,True
ET_02,other,10.48,0.18254,0.06139,0.92182,-1.458,-22.865,-2.055,True
ET_02,other,10.49,0.05564,0.09377,0.90664,-15.318,-19.751,-8.351,True
ET_02,other,10.5,-0.01819,0.11626,0.86848,-26.18,-11.521,-13.143,True
ET_02,other,10.51,-0.06226,0.1988,0.82518,-29.991,-1.815,-15.523,True
ET_02,other,10.52,-0.02549,0.28916,0.87792,-26.695,9.433,-12.312,True
ET_02,other,10.53,0.04155,0.33967,0.93684,-17.065,17.654,-9.483,True
ET_02,other,10.540000000000001,0.14537,0.3561,0.92938,-4.947,23.602,-1.779,True
ET_02,other,10.55,0.24024,0.35784,0.96304,11.705,20.108,5.326,True
ET_02,other,10.56,0.34054,0.32293,0.99265,23.163,14.634,11.918,True
ET_02,other,10.57,0.3713,0.24299,1.04042,29.097,5.7,15.631,True
ET_02,other,10.58,0.38118,0.16349,1.02235,29.509,-7.295,15.785,True
ET_02,other,10.59,0.32524,0.10419,1.00446,21.316,-15.37,10.814,True
ET_02,other,10.6,0.23658,0.07796,0.93581,10.147,-19.707,5.59,True
ET_02,other,10.61,0.11786,0.07109,0.92948,-6.685,-22.439,-2.311,True
ET_02,other,10.620000000000001,0.01641,0.1103,0.91313,-20.625,-17.873,-9.403,True
ET_02,other,10.63,-0.05055,0.15234,0.86042,-29.261,-9.412,-14.417,True
ET_02,other,10.64,-0.0639,0.23532,0.85742,-31.325,1.974,-15.357,True
ET_02,other,10.65,-7e-05,0.31172,0.88053,-25.506,12.558,-13.34,True
ET_02,other,10.66,0.08198,0.3422,0.88331,-14.352,21.809,-6.898,True
ET_02,other,10.67,0.16207,0.37833,0.9414,0.454,22.305,0.005,True
ET_02,other,10.68,0.27625,0.35136,0.98977,15.503,19.739,7.569,True
ET_02,other,10.69,0.37238,0.31595,1.04714,26.341,11.106,13.649,True
ET_02,other,10.700000000000001,0.36221,0.22544,1.03099,30.743,1.889,16.515,True
ET_02,other,10.71,0.39465,0.11822,1.00015,28.508,-9.321,15.628,True
ET_02,other,10.72,0.29808,0.0864,0.96933,19.822,-20.302,7.626,True
ET_02,other,10.73,0.21361,0.05317,0.96497,3.593,-22.022,1.939,True
ET_02,other,10.74,0.09513,0.04438,0.91159,-11.094,-20.89,-4.995,True
ET_02,other,10.75,-0.00931,0.10448,0.90027,-22.458,-14.299,-12.945,True
ET_02,other,10.76,-0.04472,0.17815,0.82558,-30.351,-6.433,-16.408,True
ET_02,other,10.77,-0.03057,0.26078,0.85378,-30.486,5.866,-15.414,True
ET_02,other,10.78,-0.00076,0.36176,0.85488,-22.217,16.285,-11.024,True
ET_02,other,10.790000000000001,0.09891,0.36251,0.88364,-9.293,22.145,-5.926,True
ET_02,other,10.8,0.23507,0.39685,0.93129,5.714,22.155,1.317,True
ET_02,other,10.81,0.32358,0.34413,0.99173,19.422,19.719,12.737,True
ET_02,other,10.82,0.39382,0.29261,1.023,29.424,9.958,15.251,True
ET_02,other,10.83,0.40766,0.20434,1.01902,31.898,-1.094,15.661,True
ET_02,other,10.84,0.36729,0.14182,1.01233,26.344,-12.57,13.027,True
ET_02,other,10.85,0.28112,0.07127,0.99102,14.66,-19.626,7.974,True
ET_02,other,10.86,0.18005,0.01187,0.94957,0.13,-24.521,1.026,True
ET_02,other,10.870000000000001,0.06749,0.08922,0.90173,-15.719,-20.932,-6.972,True
ET_02,other,10.88,0.00068,0.12924,0.85171,-26.545,-13.398,-14.762,True
ET_02,other,10.89,-0.05711,0.19805,0.8244,-33.034,-2.728,-16.185,True
ET_02,other,10.9,-0.03518,0.30751,0.85094,-29.543,8.965,-14.527,True
ET_02,other,10.91,0.02893,0.37082,0.90457,-19.312,18.42,-9.075,True
ET_02,other,10.92,0.14111,0.39459,0.92188,-5.361,22.501,-3.853,True
ET_02,other,10.93,0.26051,0.381,0.97121,12.46,22.315,6.049,True
ET_02,other,10.94,0.3676,0.32447,1.01948,24.218,17.428,11.87,True
ET_02,other,10.950000000000001,0.39718,0.26293,1.04485,30.246,6.726,15.048,True
ET_02,other,10.96,0.40872,0.15662,1.03758,30.998,-6.064,15.991,True
ET_02,other,10.97,0.369,0.07824,0.99308,24.182,-15.995,14.19,True
ET_02,other,10.98,0.26725,0.04527,0.96758,10.014,-21.934,5.077,True
ET_02,other,10.99,0.13987,0.04887,0.8909,-6.353,-23.414,-1.336,True
ET_02,other,11.0,0.0623,0.03756,0.88121,-18.384,-18.984,-8.749,True
ET_02,other,11.01,-0.04811,0.1273,0.86805,-29.291,-10.072,-14.691,True
ET_02,other,11.02,-0.06622,0.22541,0.85156,-32.655,1.951,-16.896,True
ET_02,other,11.03,-0.03351,0.31287,0.85131,-28.497,13.403,-13.215,True
ET_02,other,11.040000000000001,0.03759,0.36171,0.887,-17.747,20.214,-9.114,True
ET_02,other,11.05,0.17958,0.39501,0.92293,-0.633,25.284,-0.758,True
ET_02,other,11.06,0.29462,0.36721,0.97698,13.64,21.505,8.145,True
ET_02,other,11.07,0.37188,0.32422,1.02383,27.952,12.829,12.136,True
ET_02,other,11.08,0.43422,0.23536,1.0279,32.036,1.551,15.464,True
ET_02,other,11.09,0.39274,0.14114,1.00166,30.933,-9.587,15.846,True
ET_02,other,11.1,0.33964,0.10938,0.97567,20.715,-16.876,10.341,True
ET_02,other,11.11,0.23771,0.04373,0.93915,6.753,-22.716,3.714,True
ET_02,other,11.120000000000001,0.11626,0.06928,0.91507,-9.577,-24.243,-3.636,True
ET_02,other,11.13,0.0302,0.0916,0.85599,-23.246,-16.973,-12.455,True
ET_02,other,11.14,-0.0244,0.16282,0.83607,-31.03,-6.306,-15.394,True
ET_02,other,11.15,-0.01026,0.2712,0.83422,-31.733,4.431,-16.296,True
ET_02,other,11.16,-0.01614,0.33594,0.86481,-23.681,15.737,-13.346,True
ET_02,other,11.17,0.07788,0.39682,0.88361,-11.791,22.029,-6.082,True
ET_02,other,11.18,0.21861,0.36999,0.95177,4.394,25.271,2.524,True
ET_02,other,11.19,0.32572,0.36775,1.00042,19.022,20.647,9.101,True
ET_02,other,11.200000000000001,0.37106,0.28727,1.00249,29.857,10.559,14.367,True
ET_02,other,11.21,0.41236,0.18835,1.02033,33.816,-1.628,16.291,True
ET_02,other,11.22,0.40137,0.15157,0.97684,27.454,-11.947,14.164,True
ET_02,other,11.23,0.31026,0.06355,0.98026,16.633,-21.08,7.544,True
ET_02,other,11.24,0.18686,0.02621,0.93404,1.992,-24.813,1.817,True
ET_02,other,11.25,0.0956,0.04017,0.88886,-14.104,-21.128,-5.857,True
ET_02,other,11.26,-0.00329,0.10259,0.8901,-25.27,-15.031,-14.492,True
ET_02,other,11.27,-0.03421,0.18878,0.83816,-32.277,-3.292,-16.399,True
ET_02,other,11.28,-0.06212,0.26601,0.8501,-30.928,8.748,-14.078,True
ET_02,other,11.290000000000001,0.03049,0.33982,0.89619,-21.069,18.237,-10.316,True
ET_02,other,11.3,0.13673,0.4205,0.8907,-6.724,25.046,-3.036,True
ET_02,other,11.31,0.2197,0.36604,0.95427,7.819,22.174,2.953,True
ET_02,other,11.32,0.35782,0.31794,1.00253,22.035,18.217,12.809,True
ET_02,other,11.33,0.43975,0.26761,1.01396,31.167,6.272,15.331,True
ET_02,other,11.34,0.43113,0.19931,1.03275,33.652,-5.03,16.455,True
ET_02,other,11.35,0.38885,0.16096,0.98219,25.346,-14.613,12.799,True
ET_02,other,11.36,0.26088,0.03634,0.98205,11.941,-21.324,5.336,True
ET_02,other,11.370000000000001,0.17735,0.04102,0.92635,-3.466,-24.878,-1.6,True
ET_02,other,11.38,0.03661,0.05806,0.9219,-18.248,-20.169,-8.701,True
ET_02,other,11.39,-0.00646,0.1416,0.8456,-30.054,-11.757,-14.324,True
ET_02,other,11.4,-0.05466,0.2228,0.87132,-32.195,0.165,-16.225,True
ET_02,other,11.41,-0.02119,0.29022,0.84589,-28.983,11.112,-14.032,True
ET_02,other,11.42,0.06511,0.36286,0.90995,-19.171,20.097,-8.79,True
ET_02,other,11.43,0.18798,0.37912,0.95496,-3.751,24.472,0.069,True
ET_02,other,11.44,0.27542,0.36335,0.98497,12.974,22.289,6.404,True
ET_02,other,11.450000000000001,0.37935,0.3356,1.00781,26.545,15.174,12.316,True
ET_02,other,11.46,0.43418,0.22815,1.03657,31.47,4.386,16.74,True
ET_02,other,11.47,0.41811,0.16487,1.01585,30.242,-9.563,16.524,True
ET_02,other,11.48,0.343,0.10174,0.96699,22.301,-18.376,11.01,True
ET_02,other,11.49,0.27037,0.03218,0.95826,8.476,-23.553,4.42,True
ET_02,other,11.5,0.12114,0.06216,0.92622,-7.791,-22.901,-2.781,True
ET_02,other,11.51,0.01651,0.10758,0.8771,-21.099,-15.628,-10.556,True
ET_02,other,11.52,-0.03668,0.15156,0.84737,-30.365,-8.076,-14.781,True
ET_02,other,11.53,-0.04297,0.23437,0.84597,-32.06,3.902,-16.27,True
ET_02,other,11.540000000000001,0.01645,0.34215,0.84461,-27.003,15.203,-12.849,True
ET_02,other,11.55,0.09697,0.37479,0.89385,-13.364,20.628,-7.78,True
ET_02,other,11.56,0.20304,0.37448,0.94126,1.767,23.1,0.053,True
ET_02,other,11.57,0.33337,0.36993,0.96174,17.888,20.497,8.905,True
ET_02,other,11.58,0.41579,0.31644,1.01154,28.217,10.126,13.967,True
ET_02,other,11.59,0.43401,0.24694,1.03391,31.9,0.323,16.112,True
ET_02,other,11.6,0.40034,0.14311,1.01591,28.345,-10.096,15.296,True
ET_02,other,11.61,0.32238,0.11792,1.00424,17.336,-20.206,8.891,True
ET_02,other,11.620000000000001,0.20145,0.06948,0.94856,3.728,-23.332,1.218,True
ET_02,other,11.63,0.07818,0.06134,0.87342,-12.65,-20.91,-5.826,True
ET_02,other,11.64,0.02535,0.11478,0.87087,-24.78,-14.051,-12.49,True
ET_02,other,11.65,-0.03146,0.21229,0.86435,-31.684,-4.708,-17.953,True
ET_02,other,11.66,-0.04345,0.2663,0.85654,-29.609,8.165,-13.605,True
ET_02,other,11.67,0.01659,0.33314,0.858,-24.746,17.252,-12.073,True
ET_02,other,11.68,0.13047,0.39716,0.89572,-9.369,21.692,-4.919,True
ET_02,other,11.69,0.23719,0.3733,0.93234,5.514,23.499,3.694,True
ET_02,other,11.700000000000001,0.3797,0.36376,0.99351,20.842,18.645,9.041,True
ET_02,other,11.71,0.40479,0.2975,0.99338,28.96,7.952,15.868,True
ET_02,other,11.72,0.43107,0.20591,0.99169,33.082,-4.017,15.733,True
ET_02,other,11.73,0.37738,0.11075,0.99879,25.233,-13.655,11.947,True
ET_02,other,11.74,0.30308,0.04226,0.95494,13.986,-22.01,6.371,True
ET_02,other,11.75,0.19788,0.05713,0.91933,-0.237,-24.327,-0.508,True
ET_02,other,11.76,0.09926,0.06026,0.91041,-16.7,-19.958,-8.348,True
ET_02,other,11.77,-0.00273,0.14805,0.88319,-27.724,-11.446,-13.36,True
ET_02,other,11.78,-0.03025,0.2263,0.85608,-32.141,-0.382,-16.251,True
ET_02,other,11.790000000000001,-0.03946,0.31826,0.84553,-28.21,9.274,-13.613,True
ET_02,other,11.8,0.07528,0.36902,0.85637,-17.262,18.25,-7.868,True
ET_02,other,11.81,0.15173,0.37934,0.93121,-4.735,23.582,-1.838,True
ET_02,other,11.82,0.27982,0.386,0.96866,11.184,23.141,4.352,True
ET_02,other,11.83,0.37573,0.33876,0.99534,24.584,14.14,12.344,True
ET_02,other,11.84,0.40504,0.26629,0.99474,30.559,5.746,15.564,True
ET_02,other,11.85,0.41746,0.16396,1.0205,29.348,-4.803,14.322,True
ET_02,other,11.86,0.36472,0.11933,1.01463,20.608,-16.313,13.129,True
ET_02,other,11.870000000000001,0.26359,0.08414,0.94151,9.959,-22.063,6.081,True
ET_02,other,11.88,0.14889,0.06028,0.9022,-5.984,-22.548,-2.246,True
ET_02,other,11.89,0.07902,0.0837,0.87861,-19.985,-16.86,-10.793,True
ET_02,other,11.9,-0.01077,0.14752,0.85965,-28.543,-9.028,-15.546,True
ET_02,other,11.91,-0.06818,0.2467,0.83506,-31.182,2.837,-16.039,True
ET_02,other,11.92,-0.00214,0.33085,0.85218,-25.038,13.574,-10.42,True
ET_02,other,11.93,0.08171,0.36681,0.89469,-13.984,19.887,-8.02,True
ET_02,other,11.94,0.19502,0.38444,0.94995,0.585,23.621,0.789,True
ET_02,other,11.950000000000001,0.30697,0.3755,0.96292,13.508,19.535,8.119,True
ET_02,other,11.96,0.3866,0.29939,0.97675,27.284,13.108,14.958,True
ET_02,other,11.97,0.42708,0.19873,1.01055,30.784,0.314,15.806,True
ET_02,other,11.98,0.36309,0.15003,0.9994,26.988,-8.917,13.511,True
ET_02,other,11.99,0.31207,0.081,0.96276,17.174,-17.482,9.008,True
ET_02,other,12.0,0.25829,0.07637,0.93939,5.093,-22.903,2.667,True
ET_02,other,12.01,0.12542,0.05234,0.90791,-10.23,-22.493,-3.957,True
ET_02,other,12.02,0.01613,0.13109,0.88392,-22.328,-16.006,-9.967,True
ET_02,other,12.030000000000001,-0.00538,0.16239,0.84766,-28.009,-5.669,-14.179,True
ET_02,other,12.040000000000001,-0.02952,0.27241,0.86667,-29.844,5.194,-13.679,True
ET_02,other,12.05,0.02117,0.34536,0.85212,-20.217,15.356,-10.596,True
ET_02,other,12.06,0.13643,0.36486,0.91612,-10.103,20.518,-5.193,True
ET_02,other,12.07,0.22377,0.39006,0.93454,5.586,20.038,2.236,True
ET_02,other,12.08,0.35612,0.36024,0.98591,19.181,17.188,9.297,True
ET_02,other,12.09,0.39221,0.3022,1.00315,28.024,8.811,14.082,True
ET_02,other,12.1,0.45059,0.20797,0.99089,29.301,-2.332,14.198,True
ET_02,other,12.11,0.37664,0.14944,0.97984,24.986,-11.729,12.713,True
ET_02,other,12.120000000000001,0.31869,0.07828,0.96587,14.385,-19.174,7.014,True
ET_02,other,12.13,0.18294,0.07709,0.91893,1.673,-20.848,1.287,True
ET_02,other,12.14,0.13552,0.07957,0.87381,-13.445,-18.589,-7.476,True
ET_02,other,12.15,0.01567,0.10714,0.85606,-24.159,-11.193,-12.71,True
ET_02,other,12.16,-0.00938,0.19802,0.84408,-29.49,-2.059,-15.107,True
ET_02,other,12.17,-0.00967,0.2767,0.84992,-26.333,6.583,-14.513,True
ET_02,other,12.18,0.05854,0.35061,0.87378,-18.186,15.882,-7.914,True
ET_02,other,12.19,0.13836,0.4008,0.92154,-5.182,19.95,-3.194,True
ET_02,other,12.200000000000001,0.24364,0.35022,0.96263,7.978,19.686,4.795,True
ET_02,other,12.21,0.34309,0.3039,0.96741,21.122,14.961,8.491,True
ET_02,other,12.22,0.41875,0.2883,0.99142,28.102,4.35,14.486,True
ET_02,other,12.23,0.42127,0.14713,0.99296,27.046,-4.467,14.009,True
ET_02,other,12.24,0.32608,0.13016,0.99874,20.604,-12.607,11.388,True
ET_02,other,12.25,0.26951,0.09191,0.96254,9.266,-19.935,4.386,True
ET_02,other,12.26,0.14873,0.04319,0.95288,-3.619,-21.842,-1.758,True
ET_02,other,12.27,0.07286,0.0883,0.87043,-15.848,-17.64,-8.383,True
ET_02,other,12.280000000000001,0.00579,0.16602,0.88006,-25.047,-9.706,-14.202,True
ET_02,other,12.290000000000001,-0.01671,0.22411,0.85384,-29.351,1.687,-13.978,True
ET_02,other,12.3,0.0279,0.30487,0.87785,-23.019,8.73,-11.604,True
ET_02,other,12.31,0.10898,0.33658,0.8894,-14.063,17.511,-7.801,True
ET_02,other,12.32,0.18936,0.36713,0.91799,-0.086,20.866,-1.685,True
ET_02,other,12.33,0.29331,0.33875,0.9658,13.568,18.289,6.744,True
ET_02,other,12.34,0.33623,0.29846,0.98101,22.683,11.693,13.115,True
ET_02,other,12.35,0.39196,0.26216,0.9936,28.163,2.735,14.183,True
ET_02,other,12.36,0.36428,0.17329,0.9773,27.673,-7.254,12.911,True
ET_02,other,12.370000000000001,0.33247,0.14791,0.95669,18.549,-16.112,8.083,True
ET_02,other,12.38,0.25185,0.09485,0.91682,5.492,-19.311,2.37,True
ET_02,other,12.39,0.14214,0.09342,0.92463,-8.06,-18.795,-3.969,True
ET_02,other,12.4,0.04963,0.13067,0.87469,-18.926,-15.657,-10.079,True
ET_02,other,12.41,0.01643,0.16725,0.82753,-25.105,-5.329,-12.746,True
ET_02,other,12.42,0.01182,0.2731,0.84791,-26.074,3.858,-13.328,True
ET_02,other,12.43,0.03591,0.33801,0.85793,-21.525,12.944,-9.996,True
ET_02,other,12.44,0.11667,0.36354,0.88302,-9.964,19.615,-5.303,True
ET_02,other,12.450000000000001,0.24106,0.37253,0.93859,3.326,19.859,0.609,True
ET_02,other,12.46,0.30537,0.33191,0.99459,14.843,17.661,6.305,True
ET_02,other,12.47,0.36528,0.30455,0.98438,23.73,10.038,11.519,True
ET_02,other,12.48,0.38821,0.22525,0.96911,25.749,0.496,12.949,True
ET_02,other,12.49,0.37143,0.17365,0.96964,22.786,-10.12,11.267,True
ET_02,other,12.5,0.328,0.08347,0.99118,12.841,-15.505,7.511,True
ET_02,other,12.51,0.21813,0.10857,0.94638,1.618,-18.55,0.739,True
ET_02,other,12.52,0.14244,0.10594,0.90428,-11.066,-16.847,-3.782,True
ET_02,other,12.530000000000001,0.03509,0.12289,0.85296,-20.481,-11.793,-10.137,True
ET_02,other,12.540000000000001,-0.0148,0.20535,0.85062,-26.846,-2.937,-12.425,True
ET_02,other,12.55,0.00697,0.26103,0.87611,-25.902,7.528,-11.796,True
ET_02,other,12.56,0.06397,0.35115,0.87228,-17.062,15.857,-10.521,True
ET_02,other,12.57,0.16192,0.35749,0.91218,-5.327,18.676,-2.74,True
ET_02,other,12.58,0.25742,0.37108,0.95013,7.102,17.627,5.116,True
ET_02,other,12.59,0.31828,0.29347,1.0044,17.668,13.585,8.094,True
ET_02,other,12.6,0.35569,0.2525,0.96658,24.198,5.972,11.459,True
ET_02,other,12.61,0.39854,0.18128,0.98738,26.151,-4.079,11.44,True
ET_02,other,12.620000000000001,0.32021,0.16932,0.98169,19.147,-12.25,10.005,True
ET_02,other,12.63,0.26604,0.12713,0.95206,9.055,-16.064,3.762,True
ET_02,other,12.64,0.17771,0.09667,0.93668,-1.748,-18.31,-0.216,True
ET_02,other,12.65,0.11167,0.13906,0.88834,-12.583,-16.082,-8.336,True
ET_02,other,12.66,0.04472,0.17132,0.88431,-20.727,-9.275,-9.999,True
ET_02,other,12.67,0.01596,0.22335,0.85859,-24.905,-2.167,-12.304,True
ET_02,other,12.68,0.02487,0.293,0.86723,-21.7,8.816,-9.712,True
ET_02,other,12.69,0.11201,0.35231,0.88935,-14.387,15.361,-7.588,True
ET_02,other,12.700000000000001,0.18584,0.35279,0.92732,-2.038,18.579,-0.376,True
ET_02,other,12.71,0.26192,0.35739,0.94989,8.744,15.347,4.411,True
ET_02,other,12.72,0.35454,0.28574,0.98024,19.669,10.337,9.069,True
ET_02,other,12.73,0.37026,0.27477,0.98345,23.223,2.975,12.958,True
ET_02,other,12.74,0.36726,0.18148,0.95748,23.547,-5.651,10.819,True
ET_02,other,12.75,0.35388,0.09739,0.96625,17.155,-10.979,8.441,True
ET_02,other,12.76,0.23202,0.10444,0.95627,4.682,-18.233,3.51,True
ET_02,other,12.77,0.16696,0.08533,0.89773,-5.525,-16.68,-1.801,True
ET_02,other,12.780000000000001,0.06113,0.134,0.88939,-16.606,-11.527,-8.056,True
ET_02,other,12.790000000000001,0.01477,0.17241,0.87101,-21.987,-4.493,-10.644,True
ET_02,other,12.8,0.01356,0.24347,0.83477,-22.616,2.264,-13.877,True
ET_02,other,12.81,0.04733,0.30442,0.87286,-19.629,10.201,-9.89,True
ET_02,other,12.82,0.12588,0.34979,0.91791,-10.306,15.937,-3.698,True
ET_02,other,12.83,0.18241,0.34582,0.93888,3.37,18.614,0.071,True
ET_02,other,12.84,0.28467,0.34895,0.96147,12.034,15.688,5.989,True
ET_02,other,12.85,0.33297,0.27766,0.98328,20.065,10.031,9.51,True
ET_02,other,12.86,0.36092,0.24982,1.00191,22.736,1.454,11.996,True
ET_02,other,12.870000000000001,0.34345,0.16243,1.01543,20.081,-7.37,11.5,True
ET_02,other,12.88,0.29423,0.09388,0.96741,14.473,-13.577,7.595,True
ET_02,other,12.89,0.18529,0.11245,0.9397,2.849,-17.022,-1.024,True
ET_02,other,12.9,0.12506,0.13535,0.89183,-8.984,-15.965,-5.085,True
ET_02,other,12.91,0.07664,0.13533,0.87558,-18.694,-10.651,-9.273,True
ET_02,other,12.92,0.03628,0.21289,0.88391,-21.954,-3.413,-12.398,True
ET_02,other,12.93,0.06052,0.24875,0.90632,-21.982,3.449,-12.083,True
ET_02,other,12.94,0.07105,0.31412,0.89129,-15.705,10.4,-7.733,True
ET_02,other,12.950000000000001,0.15879,0.34927,0.90669,-6.585,16.071,-4.397,True
ET_02,other,12.96,0.24533,0.33244,0.95398,5.012,15.852,2.94,True
ET_02,other,12.97,0.30634,0.32396,0.95762,13.813,12.011,8.674,True
ET_02,other,12.98,0.33152,0.27369,0.97198,19.965,5.825,11.471,True
ET_02,other,12.99,0.34499,0.22553,0.97351,22.861,-2.753,11.158,True
ET_02,other,13.0,0.336,0.16007,0.96532,17.954,-9.558,7.736,True
ET_02,other,13.01,0.26798,0.12053,0.93475,8.801,-15.634,4.978,True
ET_02,other,13.02,0.17093,0.0972,0.90313,-1.93,-16.902,-0.622,True
ET_02,other,13.030000000000001,0.11761,0.11901,0.86497,-12.113,-14.285,-5.597,True
ET_02,other,13.040000000000001,0.08682,0.14837,0.9037,-19.411,-8.624,-9.166,True
ET_02,other,13.05,0.01823,0.23547,0.88137,-21.083,-1.588,-11.465,True
ET_02,other,13.06,0.05594,0.28097,0.86289,-19.321,7.706,-10.868,True
ET_02,other,13.07,0.10667,0.31202,0.89308,-13.86,13.981,-5.63,True
ET_02,other,13.08,0.18933,0.32376,0.92377,-3.311,16.405,-1.824,True
ET_02,other,13.09,0.23277,0.32761,0.96396,9.58,15.328,2.951,True
ET_02,other,13.1,0.30564,0.29344,0.98554,16.395,11.972,7.647,True
ET_02,other,13.11,0.33135,0.27316,0.98965,21.162,4.238,11.661,True
ET_02,other,13.120000000000001,0.34975,0.2031,1.00179,21.814,-3.32,8.61,True
ET_02,other,13.13,0.32,0.1408,0.96787,14.596,-9.497,7.127,True
ET_02,other,13.14,0.24838,0.11426,0.94928,6.239,-16.515,4.635,True
ET_02,other,13.15,0.16369,0.10685,0.93366,-4.608,-17.03,-3.157,True
ET_02,other,13.16,0.10051,0.13615,0.8939,-13.167,-10.62,-5.888,True
ET_02,other,13.17,0.07068,0.17255,0.86074,-19.17,-5.923,-10.273,True
ET_02,other,13.18,0.02903,0.23154,0.86744,-21.025,0.828,-11.243,True
ET_02,other,13.19,0.08289,0.29942,0.87001,-16.494,9.274,-10.531,True
ET_02,other,13.200000000000001,0.10348,0.31911,0.908,-11.176,14.949,-5.727,True
ET_02,other,13.21,0.17735,0.30236,0.9116,0.714,15.598,0.998,True
ET_02,other,13.22,0.28864,0.27759,0.93565,9.757,14.433,4.421,True
ET_02,other,13.23,0.30706,0.30835,0.96104,18.22,7.888,8.417,True
ET_02,other,13.24,0.34403,0.21128,1.00296,20.146,2.341,9.851,True
ET_02,other,13.25,0.34819,0.16207,1.01619,19.083,-7.266,9.663,True
ET_02,other,13.26,0.27243,0.15101,0.97643,14.217,-12.302,4.309,True
ET_02,other,13.27,0.21051,0.12418,0.93454,4.195,-14.582,2.333,True
ET_02,other,13.280000000000001,0.17104,0.0919,0.94683,-7.096,-14.302,-2.556,True
ET_02,other,13.290000000000001,0.09593,0.14829,0.86717,-15.517,-9.663,-8.646,True
ET_02,other,13.3,0.03968,0.18369,0.86457,-20.326,-3.818,-9.274,True
ET_02,other,13.31,0.06622,0.21668,0.86766,-21.051,3.328,-9.402,True
ET_02,other,13.32,0.05084,0.30852,0.88875,-15.59,9.04,-8.65,True
ET_02,other,13.33,0.14071,0.29579,0.91336,-8.157,13.731,-2.993,True
ET_02,other,13.34,0.21407,0.30631,0.95381,3.222,15.125,1.888,True
ET_02,other,13.35,0.28638,0.31933,0.98909,13.264,12.178,5.139,True
ET_02,other,13.36,0.33741,0.26752,0.98204,19.049,4.607,9.849,True
ET_02,other,13.370000000000001,0.32399,0.2222,0.99481,20.239,-1.123,9.706,True
ET_02,other,13.38,0.31192,0.14618,0.96016,17.932,-7.259,7.203,True
ET_02,other,13.39,0.25789,0.12725,0.93285,9.178,-13.402,5.103,True
ET_02,other,13.4,0.20177,0.12876,0.92414,0.888,-15.176,0.226,True
ET_02,other,13.41,0.12958,0.10669,0.91823,-9.388,-13.172,-3.492,True
ET_02,other,13.42,0.04961,0.15305,0.90143,-17.241,-8.125,-8.761,True
ET_02,other,13.43,0.04901,0.22039,0.87437,-19.086,-2.167,-9.498,True
ET_02,other,13.44,0.03763,0.24414,0.86757,-18.54,4.133,-8.894,True
ET_02,other,13.450000000000001,0.11612,0.30737,0.91927,-13.799,10.891,-7.402,True
ET_02,other,13.46,0.17973,0.32849,0.9236,-4.652,16.115,-1.465,True
ET_02,other,13.47,0.25872,0.35679,0.95383,5.37,14.203,2.595,True
ET_02,other,13.48,0.29178,0.3117,0.9545,15.152,11.442,7.45,True
ET_02,other,13.49,0.34669,0.24999,1.01794,19.45,3.493,10.737,True
ET_02,other,13.5,0.3412,0.21858,0.96999,20.089,-4.165,10.097,True
ET_02,other,13.51,0.29443,0.15069,0.96847,15.61,-10.151,7.061,True
ET_02,other,13.52,0.26744,0.11898,0.95571,7.145,-13.148,3.719,True
ET_02,other,13.530000000000001,0.1873,0.10275,0.91829,-3.422,-14.281,-2.218,True
ET_02,other,13.540000000000001,0.11759,0.13224,0.89466,-12.324,-12.218,-5.82,True
ET_02,other,13.55,0.05594,0.1621,0.86384,-19.271,-7.466,-8.502,True
ET_02,other,13.56,0.05232,0.2042,0.88596,-19.695,-1.004,-9.645,True
ET_02,other,13.57,0.04929,0.28055,0.87807,-16.288,7.406,-8.118,True
ET_02,other,13.58,0.10832,0.3121,0.89143,-9.555,12.247,-4.457,True
ET_02,other,13.59,0.18177,0.29861,0.93677,-1.546,12.894,1.139,True
ET_02,other,13.6,0.25856,0.32241,0.96392,8.828,13.799,4.88,True
ET_02,other,13.61,0.29698,0.26452,0.95045,15.846,8.144,9.007,True
ET_02,other,13.620000000000001,0.35904,0.25293,0.97141,18.475,1.712,10.322,True
ET_02,other,13.63,0.33366,0.18673,0.97722,18.923,-5.33,10.796,True
ET_02,other,13.64,0.31159,0.14523,0.95253,11.745,-10.972,5.303,True
ET_02,other,13.65,0.20937,0.10574,0.94026,4.946,-15.614,3.693,True
ET_02,other,13.66,0.15452,0.11152,0.89857,-5.785,-13.381,-3.762,True
ET_02,other,13.67,0.07187,0.15378,0.89928,-14.66,-10.809,-6.31,True
ET_02,other,13.68,0.03807,0.21112,0.88459,-17.012,-4.177,-7.389,True
ET_02,other,13.69,0.05998,0.23061,0.86264,-19.681,2.831,-10.141,True
ET_02,other,13.700000000000001,0.07331,0.28861,0.88069,-15.613,10.92,-7.514,True
ET_02,other,13.71,0.1284,0.32272,0.90159,-7.123,14.075,-4.192,True
ET_02,other,13.72,0.1844,0.31181,0.94582,1.244,13.234,0.713,True
ET_02,other,13.73,0.25507,0.30621,0.95088,11.655,11.874,4.924,True
ET_02,other,13.74,0.31428,0.27013,0.96751,17.019,7.592,9.417,True
ET_02,other,13.75,0.30033,0.19553,1.00362,18.307,0.175,10.253,True
ET_02,other,13.76,0.31836,0.1298,0.98334,18.961,-6.045,8.415,True
ET_02,other,13.77,0.26685,0.13541,0.95639,11.637,-12.998,5.778,True
ET_02,other,13.780000000000001,0.2121,0.12422,0.92842,2.367,-13.882,0.679,True
ET_02,other,13.790000000000001,0.114,0.11129,0.90173,-8.641,-14.073,-4.948,True
ET_02,other,13.8,0.07374,0.14903,0.86607,-16.536,-8.083,-8.402,True
ET_02,other,13.81,0.04188,0.1938,0.90314,-19.371,-1.596,-10.02,True
ET_02,other,13.82,0.0538,0.24739,0.89943,-18.591,3.759,-8.998,True
ET_02,other,13.83,0.0752,0.30198,0.88529,-13.026,10.083,-7.489,True
ET_02,other,13.84,0.16207,0.32002,0.91247,-4.718,14.485,-3.082,True
ET_02,other,13.85,0.21677,0.33101,0.93511,4.756,13.387,1.96,True
ET_02,other,13.86,0.27192,0.27573,0.95465,13.586,12.035,6.589,True
ET_02,other,13.870000000000001,0.30326,0.24169,0.98929,19.282,4.618,9.666,True
ET_02,other,13.88,0.31033,0.20977,0.97962,18.838,-2.668,10.385,True
ET_02,other,13.89,0.29761,0.15127,0.98467,15.894,-8.785,8.792,True
ET_02,other,13.9,0.23121,0.12044,0.94578,8.042,-12.727,4.245,True
ET_02,other,13.91,0.16318,0.11062,0.9407,-2.047,-12.994,-1.225,True
ET_02,other,13.92,0.10245,0.11398,0.90289,-10.286,-13.054,-5.006,True
ET_02,other,13.93,0.04427,0.17519,0.86554,-19.777,-6.599,-9.786,True
ET_02,other,13.94,0.01639,0.22814,0.84984,-20.559,-0.723,-9.54,True
ET_02,other,13.950000000000001,0.06295,0.24807,0.87772,-18.221,7.455,-7.343,True
ET_02,other,13.96,0.08878,0.30282,0.90274,-9.504,11.923,-6.221,True
ET_02,other,13.97,0.17376,0.30666,0.93205,-0.826,15.11,-2.039,True
ET_02,other,13.98,0.23194,0.32257,0.92006,7.356,13.853,4.256,True
ET_02,other,13.99,0.29063,0.30441,0.9754,14.944,10.67,7.387,True
ET_02,other,14.0,0.32445,0.23305,0.9715,19.995,3.258,8.155,True
ET_02,other,14.01,0.33382,0.19643,0.98463,19.367,-4.045,10.268,True
ET_02,other,14.02,0.29373,0.1229,0.96746,15.187,-9.828,7.016,True
ET_02,other,14.030000000000001,0.17966,0.12398,0.9394,4.744,-14.666,2.675,True
ET_02,other,14.040000000000001,0.15711,0.12948,0.89814,-4.379,-14.379,-0.613,True
ET_02,other,14.05,0.10755,0.14513,0.91076,-13.9,-11.907,-6.795,True
ET_02,other,14.06,0.03188,0.1679,0.89938,-17.909,-4.328,-10.415,True
ET_02,other,14.07,0.00801,0.20755,0.88501,-19.833,2.825,-9.202,True
ET_02,other,14.08,0.07269,0.24211,0.87961,-16.688,8.92,-8.536,True
ET_02,other,14.09,0.11233,0.31879,0.89411,-8.196,14.093,-4.688,True
ET_02,other,14.1,0.19421,0.33731,0.92292,1.233,15.166,-0.784,True
ET_02,other,14.11,0.25819,0.28742,0.95325,11.127,10.688,6.056,True
ET_02,other,14.120000000000001,0.28886,0.25661,1.01376,17.582,7.524,8.055,True
ET_02,other,14.13,0.29173,0.20742,0.99671,20.809,0.802,12.186,True
ET_02,other,14.14,0.30894,0.1468,0.98388,18.221,-8.051,9.57,True
ET_02,other,14.15,0.28957,0.10883,0.98479,12.686,-11.074,6.463,True
ET_02,other,14.16,0.19581,0.07158,0.92848,2.612,-14.629,1.29,True
ET_02,other,14.17,0.08548,0.09644,0.89937,-7.202,-13.868,-3.224,True
ET_02,other,14.18,0.04645,0.14034,0.87625,-15.208,-10.199,-8.287,True
ET_02,other,14.19,0.04643,0.18386,0.89357,-21.221,-3.143,-12.05,True
ET_02,other,14.200000000000001,0.02757,0.23154,0.87309,-20.614,5.224,-10.773,True
ET_02,other,14.21,0.04924,0.30147,0.92204,-15.368,11.762,-7.255,True
ET_02,other,14.22,0.1381,0.33441,0.91814,-6.296,15.049,-3.982,True
ET_02,other,14.23,0.23418,0.31018,0.96387,3.33,15.809,1.708,True
ET_02,other,14.24,0.26978,0.30405,0.95944,12.345,12.032,5.356,True
ET_02,other,14.25,0.31377,0.23735,0.97724,20.308,5.08,9.098,True
ET_02,other,14.26,0.29188,0.19699,0.99703,21.1,-1.042,10.694,True
ET_02,other,14.27,0.30526,0.1525,0.97582,17.993,-8.922,8.609,True
ET_02,other,14.280000000000001,0.24928,0.11235,0.94662,9.217,-13.713,5.366,True
ET_02,other,14.290000000000001,0.16704,0.09295,0.93966,-1.273,-15.514,-0.932,True
ET_02,other,14.3,0.09034,0.14121,0.9077,-10.921,-13.666,-5.015,True
ET_02,other,14.31,0.04911,0.1476,0.88294,-17.868,-7.765,-9.338,True
ET_02,other,14.32,0.00047,0.21815,0.90217,-21.741,-0.53,-10.958,True
ET_02,other,14.33,0.02667,0.239,0.87291,-21.359,6.207,-9.969,True
ET_02,other,14.34,0.08157,0.31146,0.88144,-12.862,12.648,-6.3,True
ET_02,other,14.35,0.15386,0.32591,0.94537,-2.501,14.559,-1.482,True
ET_02,other,14.36,0.23268,0.33004,0.99893,8.642,14.16,2.569,True
ET_02,other,14.370000000000001,0.30536,0.27656,0.99386,17.125,10.628,8.623,True
ET_02,other,14.38,0.33045,0.23091,0.99726,20.842,4.503,10.051,True
ET_02,other,14.39,0.29521,0.1963,0.99579,20.002,-4.445,10.004,True
ET_02,other,14.4,0.31818,0.09417,0.99319,14.187,-10.198,7.914,True
ET_02,other,14.41,0.21666,0.07985,0.95527,6.635,-16.074,3.274,True
ET_02,other,14.42,0.13426,0.08239,0.95625,-4.127,-17.197,-3.294,True
ET_02,other,14.43,0.08183,0.13008,0.89529,-13.095,-11.933,-7.947,True
ET_02,other,14.44,0.01733,0.14867,0.89614,-20.04,-5.689,-9.862,True
ET_02,other,14.450000000000001,0.0148,0.24733,0.90472,-21.454,1.742,-10.034,True
ET_02,other,14.46,0.02179,0.26546,0.85835,-18.903,9.954,-9.149,True
ET_02,other,14.47,0.08885,0.31104,0.91841,-9.665,11.925,-6.657,True
ET_02,other,14.48,0.14983,0.34333,0.93775,-0.553,16.921,-0.416,True
ET_02,other,14.49,0.22573,0.30259,0.96666,11.015,14.207,3.421,True
ET_02,other,14.5,0.30468,0.30162,1.01695,18.98,10.672,9.106,True
ET_02,other,14.51,0.33712,0.20102,1.00655,24.245,1.98,11.073,True
ET_02,other,14.52,0.33051,0.17214,1.01969,20.859,-6.078,11.517,True
ET_02,other,14.530000000000001,0.25564,0.08001,0.97884,14.778,-12.94,6.889,True
ET_02,other,14.540000000000001,0.1811,0.08809,0.93611,4.853,-14.909,1.837,True
ET_02,other,14.55,0.09352,0.08902,0.939,-6.624,-16.022,-3.933,True
ET_02,other,14.56,0.0523,0.11445,0.89317,-16.818,-11.932,-6.76,True
ET_02,other,14.57,-0.00976,0.14937,0.87019,-22.991,-5.887,-12.719,True
ET_02,other,14.58,0.01422,0.24614,0.90661,-22.984,4.322,-10.701,True
ET_02,other,14.59,0.04285,0.2903,0.89196,-16.67,11.51,-8.823,True
ET_02,other,14.6,0.09581,0.34032,0.90771,-8.449,14.148,-4.274,True
ET_02,other,14.61,0.19924,0.32562,0.96664,1.949,17.079,3.154,True
ET_02,other,14.620000000000001,0.24537,0.29242,0.98358,15.322,13.346,7.778,True
ET_02,other,14.63,0.32427,0.26224,1.02337,21.751,7.502,11.775,True
ET_02,other,14.64,0.3452,0.19708,1.01876,22.191,-1.596,11.669,True
ET_02,other,14.65,0.28902,0.14684,1.00431,19.81,-8.388,11.009,True
ET_02,other,14.66,0.23395,0.10567,0.96094,11.759,-14.176,7.292,True
ET_02,other,14.67,0.16851,0.11302,0.91983,0.174,-18.099,0.036,True
ET_02,other,14.68,0.06711,0.11879,0.92528,-11.251,-15.897,-6.22,True
ET_02,other,14.69,0.00899,0.12686,0.89403,-19.735,-8.461,-8.523,True
ET_02,other,14.700000000000001,0.00023,0.16597,0.88989,-24.611,-1.573,-11.737,True
ET_02,other,14.71,-0.00421,0.24035,0.86841,-21.949,7.374,-12.13,True
ET_02,other,14.72,0.05806,0.31246,0.90763,-16.624,13.215,-6.996,True
ET_02,other,14.73,0.15844,0.36236,0.92986,-5.915,18.026,-3.597,True
ET_02,other,14.74,0.22089,0.32826,0.97885,7.746,17.656,2.712,True
ET_02,other,14.75,0.27838,0.32066,0.99432,17.11,12.932,8.782,True
ET_02,other,14.76,0.3566,0.23223,1.01156,22.44,5.035,10.286,True
ET_02,other,14.77,0.29722,0.17756,1.03237,25.047,-3.542,12.204,True
ET_02,other,14.780000000000001,0.27607,0.1194,0.97492,19.686,-11.905,8.788,True
ET_02,other,14.790000000000001,0.21365,0.06372,0.98546,9.09,-16.616,3.517,True
ET_02,other,14.8,0.14545,0.05956,0.95428,-2.466,-18.465,-1.765,True
ET_02,other,14.81,0.04849,0.07755,0.89561,-14.006,-14.606,-7.606,True
ET_02,other,14.82,-0.01421,0.14962,0.87269,-21.457,-8.852,-11.837,True
ET_02,other,14.83,-0.00363,0.20635,0.86944,-25.78,1.069,-13.141,True
ET_02,other,14.84,-0.00345,0.26949,0.89497,-22.099,8.185,-10.379,True
ET_02,other,14.85,0.0779,0.3216,0.92917,-12.924,15.53,-6.774,True
ET_02,other,14.86,0.15407,0.32312,0.94819,0.256,18.703,-1.984,True
ET_02,other,14.870000000000001,0.22129,0.32187,0.9897,11.137,16.631,6.111,True
ET_02,other,14.88,0.28966,0.29809,0.98964,20.446,10.659,11.037,True
ET_02,other,14.89,0.34007,0.22926,1.01276,24.625,3.18,12.132,True
ET_02,other,14.9,0.31795,0.16586,1.024,23.843,-6.795,12.338,True
ET_02,other,14.91,0.30417,0.07848,0.96359,16.971,-13.024,9.468,True
ET_02,other,14.92,0.20438,0.07947,0.96434,6.099,-18.22,2.648,True
ET_02,other,14.93,0.1123,0.08638,0.92937,-6.495,-18.512,-2.45,True
ET_02,other,14.94,-0.00558,0.12879,0.89094,-17.925,-13.333,-9.107,True
ET_02,other,14.950000000000001,-0.01092,0.15436,0.86623,-24.501,-6.04,-13.382,True
ET_02,other,14.96,-0.03154,0.23767,0.90346,-25.192,2.317,-12.079,True
ET_02,other,14.97,-0.01288,0.28407,0.8927,-20.169,11.567,-10.467,True
ET_02,other,14.98,0.08972,0.31136,0.9209,-9.339,17.023,-4.233,True
ET_02,other,14.99,0.17036,0.33979,0.94455,3.014,18.704,2.774,True
ET_02,other,15.0,0.23924,0.3074,0.97338,14.49,15.476,5.601,True
ET_02,other,15.01,0.3101,0.25526,1.01313,22.759,8.736,11.903,True
ET_02,other,15.02,0.35992,0.2022,1.01328,26.689,0.536,13.918,True
ET_02,other,15.030000000000001,0.3361,0.14842,0.97991,23.559,-8.428,11.026,True
ET_02,other,15.040000000000001,0.2279,0.07431,0.97475,14.168,-16.684,8.288,True
ET_02,other,15.05,0.16242,0.0593,0.95963,3.202,-19.453,1.493,True
ET_02,other,15.06,0.05332,0.07119,0.933,-10.7,-18.003,-6.954,True
ET_02,other,15.07,-0.01632,0.13909,0.89444,-20.544,-11.764,-11.917,True
ET_02,other,15.08,-0.06983,0.16637,0.87774,-26.36,-4.652,-12.418,True
ET_02,other,15.09,-0.05829,0.22797,0.8815,-26.026,6.048,-13.391,True
ET_02,other,15.1,-0.00327,0.29416,0.88647,-18.018,15.044,-9.717,True
ET_02,other,15.11,0.10278,0.3317,0.9647,-7.006,20.025,-2.94,True
ET_02,other,15.120000000000001,0.19433,0.3694,0.96511,5.139,20.043,3.9,True
ET_02,other,15.13,0.28868,0.30973,0.9999,18.881,14.942,9.287,True
ET_02,other,15.14,0.31785,0.24342,1.02061,27.221,7.37,14.339,True
ET_02,other,15.15,0.34315,0.19112,1.00742,26.19,-3.49,12.856,True
ET_02,other,15.16,0.31972,0.09576,1.00515,21.381,-12.428,11.45,True
ET_02,other,15.17,0.19272,0.07559,0.99337,10.011,-18.631,6.645,True
ET_02,other,15.18,0.1335,0.04444,0.93437,-1.585,-19.433,-2.022,True
ET_02,other,15.19,0.03706,0.06487,0.88544,-14.597,-16.978,-7.259,True
ET_02,other,15.200000000000001,-0.05367,0.12327,0.89893,-24.461,-10.141,-12.241,True
ET_02,other,15.21,-0.05964,0.19114,0.88219,-28.819,-0.12,-14.326,True
ET_02,other,15.22,-0.0519,0.26024,0.88156,-25.569,9.03,-11.59,True
ET_02,other,15.23,0.0075,0.31465,0.9125,-15.456,17.525,-8.317,True
ET_02,other,15.24,0.1115,0.34558,0.9449,-3.609,19.243,-2.978,True
ET_02,other,15.25,0.23417,0.3613,0.98158,12.324,20.616,4.786,True
ET_02,other,15.26,0.28502,0.31288,1.03692,21.769,12.752,11.602,True
ET_02,other,15.27,0.33223,0.21894,1.02893,28.369,2.983,14.492,True
ET_02,other,15.280000000000001,0.31823,0.15145,1.02053,28.782,-5.696,12.638,True
ET_02,other,15.290000000000001,0.25748,0.09318,1.0287,19.264,-15.835,10.394,True
ET_02,other,15.3,0.18073,0.0531,1.00088,7.668,-20.502,3.251,True
ET_02,other,15.31,0.11808,0.06979,0.9273,-6.375,-19.671,-3.022,True
ET_02,other,15.32,-0.02391,0.08892,0.88897,-19.205,-15.839,-9.826,True
ET_02,other,15.33,-0.08237,0.16342,0.90167,-27.256,-8.486,-13.061,True
ET_02,other,15.34,-0.06229,0.21738,0.88689,-28.589,2.64,-13.715,True
ET_02,other,15.35,-0.04555,0.28935,0.89131,-23.893,13.805,-12.62,True
ET_02,other,15.36,0.05854,0.37607,0.92649,-11.183,19.432,-6.9,True
ET_02,other,15.370000000000001,0.13762,0.35049,0.93858,3.621,20.856,1.116,True
ET_02,other,15.38,0.25041,0.33156,0.98283,14.036,19.086,8.547,True
ET_02,other,15.39,0.33315,0.2889,0.98778,25.875,10.672,11.31,True
ET_02,other,15.4,0.35767,0.20173,1.0405,28.328,2.098,15.156,True
ET_02,other,15.41,0.31249,0.13436,1.00625,25.404,-9.496,14.839,True
ET_02,other,15.42,0.2756,0.06154,1.00209,17.854,-18.933,7.669,True
ET_02,other,15.43,0.15367,0.02127,0.9962,5.208,-21.766,1.011,True
ET_02,other,15.44,0.07805,0.04208,0.92318,-12.049,-21.122,-4.294,True
ET_02,other,15.450000000000001,-0.03999,0.07797,0.9079,-23.963,-13.206,-10.657,True
ET_02,other,15.46,-0.06161,0.18637,0.86085,-30.196,-4.269,-15.965,True
ET_02,other,15.47,-0.07204,0.24125,0.87998,-30.017,7.096,-14.625,True
ET_02,other,15.48,-0.02443,0.29564,0.92777,-22.328,15.364,-10.535,True
ET_02,other,15.49,0.08924,0.35604,0.94089,-9.076,23.105,-4.501,True
ET_02,other,15.5,0.17619,0.34566,0.964,7.988,21.923,2.739,True
ET_02,other,15.51,0.28513,0.32821,1.0031,19.779,17.87,9.069,True
ET_02,other,15.52,0.3333,0.26406,1.0401,29.808,10.185,14.572,True
ET_02,other,15.530000000000001,0.37784,0.18556,1.04414,30.811,-2.309,14.356,True
ET_02,other,15.540000000000001,0.3371,0.10605,1.01282,25.629,-12.088,12.647,True
ET_02,other,15.55,0.22626,0.04614,0.99999,13.155,-20.413,6.793,True
ET_02,other,15.56,0.10773,0.03011,0.96839,-0.515,-22.889,1.129,True
ET_02,other,15.57,0.00742,0.04518,0.90922,-15.24,-20.941,-8.554,True
ET_02,other,15.58,-0.05176,0.10281,0.90226,-25.716,-11.069,-12.348,True
ET_02,other,15.59,-0.12317,0.1843,0.88486,-30.269,-0.992,-16.681,True
ET_02,other,15.6,-0.09338,0.23471,0.89704,-29.814,10.487,-11.595,True
ET_02,other,15.610000000000001,0.0014,0.30876,0.91825,-18.857,18.374,-10.694,True
ET_02,other,15.620000000000001,0.08385,0.37628,0.95845,-5.128,22.013,-2.608,True
ET_02,other,15.63,0.21003,0.3518,0.99241,9.748,21.631,5.725,True
ET_02,other,15.64,0.3133,0.27212,1.02302,24.948,15.217,12.098,True
ET_02,other,15.65,0.3503,0.23364,1.04872,32.212,6.155,15.805,True
ET_02,other,15.66,0.35578,0.13611,1.05029,30.258,-6.655,15.896,True
ET_02,other,15.67,0.27593,0.05859,1.00391,23.96,-16.159,9.678,True
ET_02,other,15.68,0.17963,0.04071,0.98552,9.253,-20.993,6.5,True
ET_02,other,15.69,0.12632,0.01653,0.95802,-5.603,-22.829,-1.391,True
ET_02,other,15.700000000000001,-0.00347,0.07413,0.926,-19.398,-19.423,-9.722,True
ET_02,other,15.71,-0.09149,0.15853,0.87807,-29.415,-9.322,-15.02,True
ET_02,other,15.72,-0.1086,0.2181,0.90019,-31.089,1.658,-15.18,True
ET_02,other,15.73,-0.0621,0.32249,0.87911,-26.032,12.212,-14.632,True
ET_02,other,15.74,0.01936,0.33121,0.92481,-15.5,21.668,-7.49,True
ET_02,other,15.75,0.14552,0.33303,0.99802,-0.15,22.064,-0.339,True
ET_02,other,15.76,0.25691,0.31144,1.00611,15.296,19.243,7.983,True
ET_02,other,15.77,0.3245,0.27769,1.02196,26.941,11.771,14.492,True
ET_02,other,15.780000000000001,0.32483,0.21116,1.0442,32.177,1.431,14.949,True
ET_02,other,15.790000000000001,0.34226,0.12704,1.04151,29.586,-9.457,15.151,True
ET_02,other,15.8,0.28495,0.03914,1.00521,19.491,-19.033,11.258,True
ET_02,other,15.81,0.16569,0.03883,0.96021,5.206,-24.054,3.051,True
ET_02,other,15.82,0.0536,0.02501,0.90712,-10.233,-23.181,-5.941,True
ET_02,other,15.83,-0.05363,0.05282,0.90712,-24.133,-16.038,-11.893,True
ET_02,other,15.84,-0.09265,0.15936,0.88589,-32.166,-6.745,-16.339,True
ET_02,other,15.85,-0.11838,0.23239,0.86588,-30.849,6.063,-16.339,True
ET_02,other,15.860000000000001,-0.07514,0.28699,0.877,-23.038,16.669,-11.654,True
ET_02,other,15.870000000000001,0.03451,0.38066,0.92253,-10.569,24.021,-5.938,True
ET_02,other,15.88,0.156,0.37105,0.99781,4.889,23.687,3.615,True
ET_02,other,15.89,0.28041,0.35185,1.01783,18.092,18.474,9.96,True
ET_02,other,15.9,0.341,0.25968,1.04193,28.284,10.861,14.162,True
ET_02,other,15.91,0.35486,0.17066,1.0465,33.462,0.436,15.557,True
ET_02,other,15.92,0.32383,0.11617,1.06614,27.189,-13.204,14.45,True
ET_02,other,15.93,0.2474,0.04596,1.01061,15.002,-21.701,8.388,True
ET_02,other,15.94,0.14357,-0.00817,0.99701,-0.318,-22.361,-0.46,True
ET_02,other,15.950000000000001,0.02749,0.03564,0.90297,-13.603,-19.644,-8.578,True
ET_02,other,15.96,-0.0802,0.04655,0.90076,-25.835,-12.747,-12.457,True
ET_02,other,15.97,-0.12669,0.16347,0.88109,-32.453,-2.515,-16.652,True
ET_02,other,15.98,-0.10443,0.28071,0.89209,-29.645,8.131,-14.619,True
ET_02,other,15.99,-0.0552,0.30047,0.92058,-21.984,18.583,-9.98,True
ET_02,other,16.0,0.0546,0.35952,0.93998,-6.465,23.445,-4.518,True
ET_02,other,16.01,0.17376,0.33543,0.97655,10.059,23.713,4.931,True
ET_02,other,16.02,0.29781,0.31904,1.0447,22.843,17.322,12.074,True
ET_02,other,16.03,0.33822,0.25094,1.03991,30.562,6.408,16.266,True
ET_02,other,16.04,0.37797,0.14033,1.06452,33.273,-4.919,17.442,True
ET_02,other,16.05,0.28306,0.06119,1.03079,24.911,-15.097,13.414,True
ET_02,other,16.06,0.22332,0.03505,1.01161,12.228,-21.88,5.03,True
ET_02,other,16.07,0.10315,-0.00424,0.95721,-3.528,-24.071,-2.032,True
ET_02,other,16.080000000000002,-0.034,0.01629,0.93285,-19.605,-19.841,-8.915,True
ET_02,other,16.09,-0.11521,0.0762,0.88235,-30.181,-10.505,-14.687,True
ET_02,other,16.1,-0.12496,0.1726,0.86103,-32.769,-0.546,-16.425,True
ET_02,other,16.11,-0.0912,0.27251,0.87752,-27.983,11.91,-15.336,True
ET_02,other,16.12,-0.02151,0.32325,0.91532,-16.327,20.495,-8.069,True
ET_02,other,16.13,0.09813,0.34723,0.92604,-3.115,23.484,-2.012,True
ET_02,other,16.14,0.20316,0.33829,0.9809,13.941,22.667,6.669,True
ET_02,other,16.15,0.32124,0.27415,1.05126,26.398,15.176,11.581,True
ET_02,other,16.16,0.34095,0.21684,1.0427,31.469,3.134,16.647,True
ET_02,other,16.17,0.32275,0.14435,1.02049,31.325,-7.553,16.497,True
ET_02,other,16.18,0.28159,0.05805,1.01583,21.017,-17.905,10.803,True
ET_02,other,16.19,0.18892,-0.01939,1.00687,8.148,-23.653,4.79,True
ET_02,other,16.2,0.07492,-0.00461,0.93001,-8.527,-23.216,-4.586,True
ET_02,other,16.21,-0.05187,0.07915,0.90481,-22.86,-17.863,-11.252,True
ET_02,other,16.22,-0.12686,0.12227,0.87101,-30.446,-5.968,-16.106,True
ET_02,other,16.23,-0.10848,0.20408,0.87377,-32.797,4.591,-16.593,True
ET_02,other,16.240000000000002,-0.05586,0.2885,0.87657,-25.158,15.063,-12.818,True
ET_02,other,16.25,0.00358,0.32783,0.94576,-14.189,22.338,-5.744,True
ET_02,other,16.26,0.1512,0.35232,0.95194,2.925,23.985,1.979,True
ET_02,other,16.27,0.22705,0.32871,1.01692,17.224,20.92,8.792,True
ET_02,other,16.28,0.34852,0.26088,1.03249,30.481,11.784,13.678,True
ET_02,other,16.29,0.34977,0.18116,1.03787,32.434,-0.074,16.656,True
ET_02,other,16.3,0.35343,0.11155,1.0277,28.47,-11.649,14.783,True
ET_02,other,16.31,0.23447,0.03696,1.00947,18.613,-18.978,9.515,True
ET_02,other,16.32,0.13956,-0.01045,0.96932,2.858,-24.957,1.538,True
ET_02,other,16.330000000000002,0.02613,-0.0167,0.9328,-14.144,-22.077,-7.577,True
ET_02,other,16.34,-0.06702,0.05939,0.88311,-25.364,-14.464,-11.485,True
ET_02,other,16.35,-0.13393,0.15836,0.89559,-32.214,-3.401,-16.693,True
ET_02,other,16.36,-0.11618,0.24525,0.89829,-31.55,7.685,-14.776,True
ET_02,other,16.37,-0.07712,0.28408,0.91019,-21.544,17.912,-10.883,True
ET_02,other,16.38,0.07271,0.34856,0.95427,-8.383,23.361,-3.987,True
ET_02,other,16.39,0.18036,0.34802,0.98172,7.457,24.711,3.108,True
ET_02,other,16.4,0.29397,0.3254,1.04111,22.069,16.554,10.86,True
ET_02,other,16.41,0.36204,0.24536,1.04125,30.881,8.543,14.644,True
ET_02,other,16.42,0.33822,0.16188,1.02515,34.16,-2.909,17.214,True
ET_02,other,16.43,0.31625,0.07396,1.04428,24.744,-14.399,12.68,True
ET_02,other,16.44,0.21833,0.03732,0.99435,13.599,-21.138,6.885,True
ET_02,other,16.45,0.103,-0.00747,0.98175,-1.792,-21.419,-1.571,True
ET_02,other,16.46,-0.02093,-0.00043,0.92217,-17.478,-20.527,-8.743,True
ET_02,other,16.47,-0.08902,0.09291,0.89319,-27.777,-13.089,-13.972,True
ET_02,other,16.48,-0.15033,0.17214,0.89426,-32.598,-0.394,-16.199,True
ET_02,other,16.490000000000002,-0.11331,0.26011,0.87885,-28.949,11.425,-13.765,True
ET_02,other,16.5,-0.03585,0.33263,0.93198,-18.455,18.489,-9.594,True
ET_02,other,16.51,0.08428,0.3606,0.9657,-3.645,24.694,-2.451,True
ET_02,other,16.52,0.17647,0.34269,1.01852,13.162,20.737,5.207,True
ET_02,other,16.53,0.29304,0.28383,1.05652,24.917,16.153,12.819,True
ET_02,other,16.54,0.33435,0.231,1.04994,33.117,4.427,14.891,True
ET_02,other,16.55,0.33128,0.11577,1.05654,32.51,-7.405,15.442,True
ET_02,other,16.56,0.27483,0.04625,1.01488,21.343,-15.222,10.529,True
ET_02,other,16.57,0.18229,0.03385,1.0014,10.744,-22.444,4.106,True
ET_02,other,16.580000000000002,0.03323,-0.00807,0.97474,-6.505,-23.931,-1.403,True
ET_02,other,16.59,-0.00413,0.07719,0.88287,-22.043,-18.104,-9.697,True
ET_02,other,16.6,-0.12423,0.14034,0.90686,-31.846,-8.184,-14.186,True
ET_02,other,16.61,-0.10209,0.18722,0.89789,-31.872,3.273,-16.401,True
ET_02,other,16.62,-0.08363,0.25461,0.92047,-27.677,15.246,-14.756,True
ET_02,other,16.63,-0.02968,0.33446,0.92413,-14.745,21.364,-7.204,True
ET_02,other,16.64,0.12832,0.35209,0.94999,2.811,24.743,0.972,True
ET_02,other,16.65,0.22161,0.33974,1.01528,16.773,20.365,8.007,True
ET_02,other,16.66,0.29324,0.24854,1.05476,27.779,12.158,13.075,True
ET_02,other,16.67,0.36293,0.17803,1.03035,31.574,3.992,16.716,True
ET_02,other,16.68,0.32386,0.09474,1.05115,29.136,-11.051,15.943,True
ET_02,other,16.69,0.23973,0.06955,1.04645,19.405,-17.569,9.517,True
ET_02,other,16.7,0.13706,-0.00719,0.94909,4.789,-24.033,1.068,True
ET_02,other,16.71,0.02741,0.02864,0.91534,-11.733,-21.568,-5.648,True
ET_02,other,16.72,-0.07738,0.04101,0.88798,-22.593,-15.416,-11.833,True
ET_02,other,16.73,-0.13271,0.14196,0.90038,-30.476,-3.388,-15.982,True
ET_02,other,16.740000000000002,-0.09651,0.24024,0.89558,-30.286,6.502,-16.225,True
ET_02,other,16.75,-0.05521,0.27517,0.94319,-22.533,15.927,-11.683,True
ET_02,other,16.76,0.0482,0.35593,0.92531,-7.978,23.221,-4.953,True
ET_02,other,16.77,0.14973,0.32241,1.01484,5.783,23.053,2.348,True
ET_02,other,16.78,0.25808,0.29689,1.02565,20.329,16.478,10.125,True
ET_02,other,16.79,0.32208,0.24437,1.0353,29.432,8.225,14.716,True
ET_02,other,16.8,0.34432,0.16688,1.03767,31.069,-1.162,14.621,True
ET_02,other,16.81,0.28462,0.08323,1.04735,25.468,-13.201,14.922,True
ET_02,other,16.82,0.22632,0.01882,0.99238,13.485,-20.402,8.098,True
ET_02,other,16.830000000000002,0.0817,0.00395,0.97175,0.31,-22.757,-0.043,True
ET_02,other,16.84,-0.00736,0.02231,0.90824,-15.639,-20.072,-6.567,True
ET_02,other,16.85,-0.07878,0.07347,0.88112,-27.34,-12.455,-12.779,True
ET_02,other,16.86,-0.13598,0.1762,0.89905,-31.341,-2.064,-14.731,True
ET_02,other,16.87,-0.09718,0.22935,0.90568,-29.419,9.684,-13.244,True
ET_02,other,16.88,-0.05901,0.31329,0.92177,-18.793,17.325,-8.716,True
ET_02,other,16.89,0.06719,0.33803,0.9894,-5.665,21.974,-3.662,True
ET_02,other,16.9,0.1723,0.31979,0.99806,11.241,20.7,6.34,True
ET_02,other,16.91,0.22853,0.28129,1.01195,22.525,15.062,10.762,True
ET_02,other,16.92,0.31387,0.20116,1.0465,30.705,5.008,14.348,True
ET_02,other,16.93,0.29626,0.13951,1.06319,30.368,-5.901,14.172,True
ET_02,other,16.94,0.29383,0.05372,1.05446,22.135,-14.418,10.492,True
ET_02,other,16.95,0.17664,0.02831,0.99008,10.444,-21.375,4.717,True
ET_02,other,16.96,0.06564,0.01735,0.95562,-4.653,-22.398,-2.871,True
ET_02,other,16.97,-0.05602,0.03899,0.92717,-19.242,-17.24,-8.815,True
ET_02,other,16.98,-0.10282,0.1204,0.90636,-28.076,-9.813,-14.351,True
ET_02,other,16.990000000000002,-0.11705,0.17998,0.90052,-28.829,1.695,-16.687,True
ET_02,other,17.0,-0.08287,0.24012,0.90104,-24.617,11.73,-12.316,True
ET_02,other,17.01,-0.01543,0.33836,0.92373,-14.291,18.036,-8.419,True
ET_02,other,17.02,0.08849,0.32001,0.97781,-0.661,22.239,-0.333,True
ET_02,other,17.03,0.19798,0.31289,1.01417,13.63,18.708,8.202,True
ET_02,other,17.04,0.29476,0.25036,1.04911,24.14,11.206,13.05,True
ET_02,other,17.05,0.30812,0.21968,1.07644,30.173,1.745,16.075,True
ET_02,other,17.06,0.30383,0.14486,1.05702,28.469,-6.904,14.356,True
ET_02,other,17.07,0.22591,0.0622,1.03347,18.841,-16.364,8.793,True
ET_02,other,17.080000000000002,0.11782,0.04051,0.97649,4.905,-22.007,2.434,True
ET_02,other,17.09,0.03489,0.05308,0.95016,-9.549,-21.098,-3.742,True
ET_02,other,17.1,-0.06699,0.08011,0.93356,-23.006,-14.939,-10.42,True
ET_02,other,17.11,-0.11487,0.14481,0.88218,-27.809,-5.247,-16.119,True
ET_02,other,17.12,-0.10904,0.19289,0.88058,-27.892,5.118,-13.493,True
ET_02,other,17.13,-0.0307,0.29157,0.86413,-21.978,12.744,-10.094,True
ET_02,other,17.14,0.01335,0.35396,0.95897,-9.233,19.484,-4.436,True
ET_02,other,17.150000000000002,0.10243,0.32751,0.99418,2.069,20.606,3.592,True
ET_02,other,17.16,0.22725,0.29948,1.01494,16.218,16.524,7.709,True
ET_02,other,17.17,0.31901,0.24706,1.01981,26.889,8.169,13.872,True
ET_02,other,17.18,0.3447,0.17927,1.07893,28.104,-1.268,13.755,True
ET_02,other,17.19,0.26711,0.10104,1.03217,24.826,-12.242,11.118,True
ET_02,other,17.2,0.21873,0.05538,1.04879,13.722,-17.88,6.537,True
ET_02,other,17.21,0.09448,0.01245,0.96327,1.975,-21.923,0.129,True
ET_02,other,17.22,0.01269,0.03026,0.94121,-13.054,-17.576,-7.651,True
ET_02,other,17.23,-0.07695,0.10217,0.91532,-24.674,-12.346,-12.367,True
ET_02,other,17.240000000000002,-0.1125,0.15196,0.90878,-27.97,-3.498,-13.202,True
ET_02,other,17.25,-0.10234,0.24799,0.90304,-26.442,7.612,-11.839,True
ET_02,other,17.26,-0.03377,0.28642,0.94813,-19.349,15.036,-8.702,True
ET_02,other,17.27,0.02567,0.31269,0.95791,-5.507,19.017,-3.701,True
ET_02,other,17.28,0.12367,0.32531,0.98411,8.48,19.043,4.049,True
ET_02,other,17.29,0.22879,0.29262,1.0515,19.228,13.952,11.596,True
ET_02,other,17.3,0.30108,0.21128,1.03291,26.688,7.172,13.602,True
ET_02,other,17.31,0.29691,0.15066,1.04523,28.006,-3.957,11.828,True
ET_02,other,17.32,0.24499,0.07457,1.02575,21.678,-12.21,10.843,True
ET_02,other,17.330000000000002,0.16203,0.04775,0.98977,12.158,-19.424,5.796,True
ET_02,other,17.34,0.07709,0.03745,0.96876,-3.062,-22.247,-2.345,True
ET_02,other,17.35,-0.03334,0.04379,0.93566,-15.191,-17.381,-8.607,True
ET_02,other,17.36,-0.08176,0.09247,0.92108,-24.387,-8.279,-12.876,True
ET_02,other,17.37,-0.11642,0.1821,0.88639,-27.166,-1.718,-12.833,True
ET_02,other,17.38,-0.07112,0.25633,0.93172,-23.765,9.147,-12.336,True
ET_02,other,17.39,-0.01119,0.29428,0.9468,-14.125,16.118,-8.609,True
ET_02,other,17.400000000000002,0.07958,0.33422,0.94281,-3.148,19.956,-1.751,True
ET_02,other,17.41,0.20925,0.33337,1.01895,10.869,16.881,5.705,True
ET_02,other,17.42,0.26698,0.2569,1.00821,21.907,12.066,11.343,True
ET_02,other,17.43,0.29939,0.17266,1.04554,26.757,3.986,13.217,True
ET_02,other,17.44,0.29462,0.12734,1.0347,25.084,-7.728,12.826,True
ET_02,other,17.45,0.25653,0.07586,1.03484,18.331,-14.845,10.553,True
ET_02,other,17.46,0.13943,0.03285,1.02625,7.279,-19.386,4.581,True
ET_02,other,17.47,0.04101,0.03707,0.95622,-7.017,-20.297,-4.142,True
ET_02,other,17.48,-0.04584,0.08448,0.94335,-17.783,-15.271,-8.393,True
ET_02,other,17.490000000000002,-0.10237,0.1656,0.9163,-24.217,-7.081,-14.027,True
ET_02,other,17.5,-0.0946,0.18047,0.88853,-26.745,3.482,-13.317,True
ET_02,other,17.51,-0.06116,0.23871,0.92857,-20.167,10.905,-11.714,True
ET_02,other,17.52,0.0357,0.30769,0.96579,-11.835,18.668,-5.101,True
ET_02,other,17.53,0.08885,0.31434,0.99094,3.125,18.675,1.594,True
ET_02,other,17.54,0.22564,0.29455,0.97967,13.403,13.916,6.831,True
ET_02,other,17.55,0.2887,0.22763,1.03543,24.452,9.142,12.59,True
ET_02,other,17.56,0.31065,0.1797,1.0222,24.988,-0.128,13.457,True
ET_02,other,17.57,0.26491,0.13326,1.063,22.974,-8.57,11.588,True
ET_02,other,17.580000000000002,0.18987,0.07975,1.0033,14.222,-14.942,7.745,True
ET_02,other,17.59,0.10556,0.04227,0.98992,1.618,-18.379,0.046,True
ET_02,other,17.6,0.03482,0.02897,0.94471,-9.407,-16.534,-6.155,True
ET_02,other,17.61,-0.04705,0.068,0.92045,-20.346,-11.191,-9.358,True
ET_02,other,17.62,-0.08016,0.16486,0.90207,-23.144,-2.274,-13.333,True
ET_02,other,17.63,-0.0595,0.21022,0.93712,-24.357,4.976,-12.174,True
ET_02,other,17.64,-0.03796,0.25684,0.92813,-17.975,15.38,-6.635,True
ET_02,other,17.650000000000002,0.08146,0.27657,0.94555,-6.376,16.833,-3.952,True
ET_02,other,17.66,0.15739,0.28756,0.99794,5.021,19.258,2.972,True
ET_02,other,17.67,0.24025,0.26893,1.03261,17.672,13.282,8.875,True
ET_02,other,17.68,0.28963,0.23133,1.04873,23.412,6.632,11.844,True
ET_02,other,17.69,0.27782,0.1613,1.08063,24.592,-3.387,12.136,True
ET_02,other,17.7,0.24757,0.08888,1.01174,20.576,-11.652,10.173,True
ET_02,other,17.71,0.17329,0.05737,0.9832,10.922,-18.061,7.272,True
ET_02,other,17.72,0.0972,0.025,0.96724,-1.981,-17.525,-0.306,True
ET_02,other,17.73,-0.00624,0.06782,0.91878,-11.905,-15.281,-6.691,True
ET_02,other,17.740000000000002,-0.08069,0.12853,0.91965,-20.366,-10.291,-10.606,True
ET_02,other,17.75,-0.07204,0.14608,0.9157,-24.573,-1.039,-11.613,True
ET_02,other,17.76,-0.05259,0.24517,0.89785,-20.417,9.078,-11.458,True
ET_02,other,17.77,0.03331,0.25971,0.92541,-12.309,14.184,-6.33,True
ET_02,other,17.78,0.0704,0.30618,0.95732,-3.384,17.68,-2.348,True
ET_02,other,17.79,0.14558,0.30018,1.02086,6.831,18.048,3.117,True
ET_02,other,17.8,0.23739,0.26089,1.01856,19.288,10.895,10.353,True
ET_02,other,17.81,0.2754,0.19112,1.05009,23.268,3.361,12.358,True
ET_02,other,17.82,0.28938,0.13532,1.02828,21.282,-5.698,11.404,True
ET_02,other,17.830000000000002,0.25286,0.10931,1.02566,16.001,-12.513,8.868,True
ET_02,other,17.84,0.15954,0.05064,0.99713,6.579,-17.28,3.652,True
ET_02,other,17.85,0.07759,0.05719,0.95253,-5.22,-16.654,-1.045,True
ET_02,other,17.86,-0.00471,0.06196,0.92625,-15.987,-13.935,-7.862,True
ET_02,other,17.87,-0.0638,0.13334,0.92891,-21.734,-6.079,-10.276,True
ET_02,other,17.88,-0.07926,0.20668,0.9071,-23.774,1.764,-12.237,True
ET_02,other,17.89,-0.0291,0.26547,0.91988,-19.695,10.358,-8.999,True
ET_02,other,17.900000000000002,0.02534,0.32053,0.947,-11.302,15.783,-4.332,True
ET_02,other,17.91,0.09698,0.29801,1.0021,0.315,16.489,1.675,True
ET_02,other,17.92,0.19339,0.26109,1.0103,12.126,14.117,5.593,True
ET_02,other,17.93,0.23759,0.23293,0.99728,19.741,9.346,9.736,True
ET_02,other,17.94,0.28656,0.19465,1.03824,21.858,1.087,11.331,True
ET_02,other,17.95,0.23681,0.16205,1.05278,18.72,-5.838,10.612,True
ET_02,other,17.96,0.21282,0.09565,0.99808,14.575,-13.481,8.259,True
ET_02,other,17.97,0.12559,0.02587,0.96958,3.544,-16.361,1.393,True
ET_02,other,17.98,0.04213,0.03759,0.96785,-7.742,-15.431,-4.31,True
ET_02,other,17.990000000000002,-0.01922,0.07562,0.94887,-16.323,-10.856,-7.094,True
ET_02,other,18.0,-0.04463,0.13816,0.88565,-22.688,-3.299,-9.994,True
ET_02,other,18.01,-0.05581,0.20692,0.93135,-20.98,5.543,-10.712,True
ET_02,other,18.02,-0.02869,0.24334,0.91362,-15.586,13.155,-8.847,True
ET_02,other,18.03,0.0604,0.29548,0.95144,-6.744,14.302,-2.388,True
ET_02,other,18.04,0.13057,0.28937,0.9638,3.328,17.085,2.357,True
ET_02,other,18.05,0.21566,0.27816,1.00731,13.624,12.175,6.468,True
ET_02,other,18.06,0.24182,0.24336,1.04115,20.279,6.725,10.307,True
ET_02,other,18.07,0.29004,0.19896,1.01975,21.504,-1.682,11.972,True
ET_02,other,18.080000000000002,0.2393,0.12379,1.01018,17.403,-9.707,8.729,True
ET_02,other,18.09,0.17331,0.10288,1.02159,10.557,-14.667,6.072,True
ET_02,other,18.1,0.08572,0.09386,0.976,-1.094,-15.629,0.481,True
ET_02,other,18.11,0.03682,0.05722,0.94947,-9.622,-15.176,-5.448,True
ET_02,other,18.12,-0.04149,0.11261,0.91861,-18.34,-8.943,-8.321,True
ET_02,other,18.13,-0.05224,0.15354,0.92158,-20.683,-1.82,-9.741,True
ET_02,other,18.14,-0.05141,0.23727,0.92106,-19.586,5.584,-9.206,True
ET_02,other,18.150000000000002,0.01602,0.28931,0.96683,-13.434,11.974,-8.62,True
ET_02,other,18.16,0.08152,0.28583,0.98234,-3.719,15.382,-2.227,True
ET_02,other,18.17,0.15278,0.28914,0.9691,6.1,14.92,4.764,True
ET_02,other,18.18,0.24161,0.24418,1.01296,14.739,11.933,7.611,True
ET_02,other,18.19,0.26992,0.21774,1.03232,19.927,3.338,8.859,True
ET_02,other,18.2,0.27194,0.15145,1.00036,20.974,-3.069,11.071,True
ET_02,other,18.21,0.23189,0.08271,0.99905,16.27,-11.841,8.713,True
ET_02,other,18.22,0.14686,0.05009,0.99345,6.696,-13.769,5.01,True
ET_02,other,18.23,0.09497,0.06267,0.95686,-2.11,-14.927,-1.053,True
ET_02,other,18.240000000000002,0.02151,0.07672,0.96453,-13.168,-11.838,-6.867,True
ET_02,other,18.25,-0.0575,0.12352,0.91337,-18.683,-6.881,-9.14,True
ET_02,other,18.26,-0.07315,0.16707,0.9044,-21.086,2.003,-10.552,True
ET_02,other,18.27,-0.04154,0.23174,0.92986,-17.495,8.779,-9.395,True
ET_02,other,18.28,-0.00867,0.26197,0.95056,-9.717,14.48,-5.634,True
ET_02,other,18.29,0.10811,0.2847,0.98702,-2.567,16.443,-0.612,True
ET_02,other,18.3,0.18378,0.27682,1.00241,9.196,14.051,4.799,True
ET_02,other,18.31,0.23487,0.24714,1.01311,17.313,8.477,7.826,True
ET_02,other,18.32,0.24003,0.168,0.99631,20.745,2.001,10.228,True
ET_02,other,18.330000000000002,0.25484,0.14188,1.03509,20.593,-5.694,9.464,True
ET_02,other,18.34,0.2169,0.12824,0.99263,13.224,-10.417,5.409,True
ET_02,other,18.35,0.14956,0.07664,0.98205,2.913,-14.528,0.917,True
ET_02,other,18.36,0.04333,0.07728,0.97953,-7.21,-13.687,-1.183,True
ET_02,other,18.37,-0.01201,0.09827,0.92849,-14.467,-9.622,-7.258,True
ET_02,other,18.38,-0.02409,0.14166,0.91444,-19.388,-4.943,-9.613,True
ET_02,other,18.39,-0.03097,0.21162,0.92194,-19.286,4.33,-9.293,True
ET_02,other,18.400000000000002,0.00082,0.2334,0.926,-15.231,9.906,-7.43,True
ET_02,other,18.41,0.04345,0.28082,0.97286,-6.314,15.592,-2.579,True
ET_02,other,18.42,0.11371,0.28928,0.92125,3.204,16.085,2.065,True
ET_02,other,18.43,0.21231,0.29942,1.02677,10.978,12.064,5.225,True
ET_02,other,18.44,0.23734,0.23786,1.03312,18.414,6.154,9.406,True
ET_02,other,18.45,0.24998,0.19013,1.02551,20.17,-1.912,9.221,True
ET_02,other,18.46,0.24416,0.1377,1.03142,17.362,-8.269,7.229,True
ET_02,other,18.47,0.19207,0.07247,0.98235,9.338,-12.279,5.83,True
ET_02,other,18.48,0.1289,0.05374,0.97526,0.952,-15.658,-0.539,True
ET_02,other,18.490000000000002,0.02757,0.09948,0.93798,-8.962,-13.254,-3.794,True
ET_02,other,18.5,-0.00967,0.11223,0.93201,-15.766,-7.08,-8.197,True
ET_02,other,18.51,-0.03005,0.19203,0.9422,-20.812,-1.665,-10.064,True
ET_02,other,18.52,-0.0078,0.22136,0.90904,-18.183,4.771,-10.313,True
ET_02,other,18.53,0.00722,0.25018,0.92976,-15.182,11.845,-6.838,True
ET_02,other,18.54,0.08558,0.2963,0.92631,-4.457,14.53,-3.479,True
ET_02,other,18.55,0.13662,0.293,0.96162,4.484,14.01,3.237,True
ET_02,other,18.56,0.22216,0.23662,1.0189,12.996,11.649,7.804,True
ET_02,other,18.57,0.2363,0.22203,1.013,17.801,4.117,9.449,True
ET_02,other,18.580000000000002,0.2768,0.19399,1.01434,19.651,-2.248,10.19,True
ET_02,other,18.59,0.24693,0.11677,1.00329,14.637,-9.481,6.945,True
ET_02,other,18.6,0.15246,0.07315,0.99278,8.15,-14.543,3.767,True
ET_02,other,18.61,0.09131,0.06584,0.94014,-1.908,-14.402,-0.606,True
ET_02,other,18.62,0.02739,0.11137,0.95424,-10.885,-12.706,-4.862,True
ET_02,other,18.63,-0.00606,0.14047,0.92971,-17.159,-6.973,-7.705,True
ET_02,other,18.64,-0.01485,0.15194,0.90797,-19.284,0.9,-9.211,True
ET_02,other,18.650000000000002,-0.01325,0.24256,0.92921,-19.233,6.755,-9.21,True
ET_02,other,18.66,0.0442,0.24628,0.9496,-9.849,11.966,-4.696,True
ET_02,other,18.67,0.10815,0.32123,0.9532,-1.087,15.2,-0.074,True
ET_02,other,18.68,0.18957,0.28953,0.9788,7.675,12.835,4.068,True
ET_02,other,18.69,0.23461,0.26591,1.01236,15.899,8.928,7.587,True
ET_02,other,18.7,0.25437,0.19539,1.01587,20.466,2.478,10.484,True
ET_02,other,18.71,0.24689,0.15959,1.04727,16.977,-4.466,8.505,True
ET_02,other,18.72,0.199,0.09709,1.0004,14.296,-9.756,6.762,True
ET_02,other,18.73,0.13574,0.06395,0.9978,4.748,-15.243,3.728,True
ET_02,other,18.740000000000002,0.07924,0.03214,0.9472,-4.969,-14.205,-4.047,True
ET_02,other,18.75,0.03352,0.08594,0.92863,-13.178,-10.004,-6.947,True
ET_02,other,18.76,-0.03701,0.13769,0.9145,-18.53,-5.272,-9.328,True
ET_02,other,18.77,-0.05335,0.19505,0.90625,-19.367,2.381,-10.01,True
ET_02,other,18.78,-0.03719,0.23876,0.9143,-16.216,7.549,-9.081,True
ET_02,other,18.79,0.03672,0.2552,0.96084,-7.451,11.616,-3.926,True
ET_02,other,18.8,0.11317,0.30647,0.95333,0.495,15.571,0.193,True
ET_02,other,18.81,0.18159,0.24442,0.99918,9.923,11.492,6.1,True
ET_02,other,18.82,0.25097,0.2703,0.99519,16.997,8.737,9.314,True
ET_02,other,18.830000000000002,0.26721,0.19082,1.00498,18.813,0.695,9.533,True
ET_02,other,18.84,0.25292,0.11625,0.99936,18.528,-7.058,7.402,True
ET_02,other,18.85,0.21048,0.09825,0.99305,11.307,-11.02,5.729,True
ET_02,other,18.86,0.14155,0.07834,0.95754,1.014,-14.239,0.166,True
ET_02,other,18.87,0.07733,0.07084,0.94854,-6.339,-12.036,-4.731,True
ET_02,other,18.88,0.03556,0.1144,0.92944,-15.964,-8.058,-6.845,True
ET_02,other,18.89,-0.04372,0.16047,0.93854,-19.96,-2.253,-9.03,True
ET_02,other,18.900000000000002,-0.02913,0.23171,0.91071,-19.854,3.775,-8.198,True
ET_02,other,18.91,0.00224,0.239,0.92758,-14.752,10.145,-6.498,True
ET_02,other,18.92,0.07535,0.29834,0.95693,-5.834,13.1,-2.121,True
ET_02,other,18.93,0.13823,0.31002,0.98992,4.102,14.373,2.423,True
ET_02,other,18.94,0.22811,0.27168,1.00486,13.822,11.145,7.226,True
ET_02,other,18.95,0.26569,0.23878,1.00473,17.917,6.489,8.476,True
ET_02,other,18.96,0.29101,0.16792,1.03336,20.313,-1.643,10.49,True
ET_02,other,18.97,0.24896,0.1305,1.02819,16.97,-8.553,7.72,True
ET_02,other,18.98,0.18596,0.09568,1.01563,9.678,-12.794,4.906,True
ET_02,other,18.990000000000002,0.11123,0.06092,0.96129,-1.315,-15.91,0.127,True
ET_02,other,19.0,0.03401,0.06766,0.92424,-10.116,-12.419,-5.245,True
ET_02,other,19.01,-0.01683,0.12164,0.9263,-17.078,-7.088,-8.495,True
ET_02,other,19.02,-0.00187,0.18006,0.89733,-21.404,0.725,-10.856,True
ET_02,other,19.03,0.01325,0.24701,0.89414,-18.077,6.551,-9.616,True
ET_02,other,19.04,0.06645,0.26022,0.9336,-11.573,12.219,-5.268,True
ET_02,other,19.05,0.10856,0.2869,0.93628,-3.145,14.68,-0.913,True
ET_02,other,19.06,0.16428,0.31214,0.95859,6.071,13.569,3.858,True
ET_02,other,19.07,0.22159,0.25273,1.01804,15.223,8.696,6.92,True
ET_02,other,19.080000000000002,0.2712,0.19527,1.00411,20.89,2.259,10.581,True
ET_02,other,19.09,0.28662,0.15125,1.00577,19.53,-2.976,11.131,True
ET_02,other,19.1,0.23179,0.1068,1.03604,14.63,-9.594,5.745,True
ET_02,other,19.11,0.1521,0.07396,0.95888,8.334,-13.945,4.125,True
ET_02,other,19.12,0.11476,0.08344,0.96628,-4.979,-14.158,-1.414,True
ET_02,other,19.13,0.06321,0.09346,0.91305,-13.219,-12.11,-7.007,True
ET_02,other,19.14,-0.01101,0.15616,0.90053,-19.771,-6.127,-10.344,True
ET_02,other,19.150000000000002,-0.00487,0.20011,0.89639,-21.136,3.064,-11.44,True
ET_02,other,19.16,0.03952,0.2382,0.92913,-16.379,8.412,-8.404,True
ET_02,other,19.17,0.06702,0.30703,0.94591,-9.014,12.939,-5.551,True
ET_02,other,19.18,0.11934,0.31344,0.9568,2.044,13.076,-0.117,True
ET_02,other,19.19,0.18155,0.27894,0.97218,10.468,14.68,5.512,True
ET_02,other,19.2,0.22807,0.27754,0.9882,17.043,8.701,8.043,True
ET_02,other,19.21,0.2813,0.20538,1.00749,19.758,0.254,11.102,True
ET_02,other,19.22,0.24739,0.12316,1.00162,18.754,-7.461,10.045,True
ET_02,other,19.23,0.20329,0.09632,0.99769,13.247,-11.521,6.114,True
ET_02,other,19.240000000000002,0.16805,0.06167,0.94887,3.201,-16.08,2.631,True
ET_02,other,19.25,0.08746,0.06597,0.93005,-7.708,-16.142,-5.313,True
ET_02,other,19.26,-0.03203,0.10125,0.91695,-16.541,-9.867,-6.689,True
ET_02,other,19.27,-0.0016,0.17042,0.92097,-21.033,-4.051,-10.756,True
ET_02,other,19.28,-0.05112,0.22785,0.91844,-20.416,3.832,-10.815,True
ET_02,other,19.29,0.01812,0.26049,0.90846,-16.059,10.708,-7.0,True
ET_02,other,19.3,0.09379,0.27849,0.94854,-7.145,14.324,-2.52,True
ET_02,other,19.31,0.13477,0.29081,0.97568,3.407,15.387,1.873,True
ET_02,other,19.32,0.24746,0.25985,1.01159,13.294,10.642,5.86,True
ET_02,other,19.330000000000002,0.29235,0.24325,1.00802,20.828,6.653,10.262,True
ET_02,other,19.34,0.28759,0.19904,1.01436,20.285,-1.315,11.751,True
ET_02,other,19.35,0.26673,0.11662,1.00527,17.431,-7.848,8.56,True
ET_02,other,19.36,0.21052,0.08024,0.98216,11.177,-14.667,5.265,True
ET_02,other,19.37,0.12817,0.09379,0.975,0.143,-15.671,-1.079,True
ET_02,other,19.38,0.07153,0.1026,0.92756,-10.439,-13.344,-4.854,True
ET_02,other,19.39,0.0115,0.10297,0.93345,-18.229,-9.955,-9.072,True
ET_02,other,19.400000000000002,-0.01076,0.16598,0.89615,-23.149,-1.165,-11.56,True
ET_02,other,19.41,0.01829,0.23107,0.90646,-20.691,7.127,-9.624,True
ET_02,other,19.42,0.02913,0.26285,0.92002,-13.574,11.664,-7.927,True
ET_02,other,19.43,0.11522,0.3154,0.92963,-3.781,17.265,-1.999,True
ET_02,other,19.44,0.15857,0.29502,0.9772,6.226,14.351,2.974,True
ET_02,other,19.45,0.24471,0.28958,1.00631,15.832,10.977,8.578,True
ET_02,other,19.46,0.27283,0.21799,1.0274,21.912,2.661,11.735,True
ET_02,other,19.47,0.28553,0.14154,1.00467,21.967,-3.916,10.553,True
ET_02,other,19.48,0.26999,0.11412,0.98692,16.655,-10.856,9.517,True
ET_02,other,19.490000000000002,0.19227,0.08807,0.95649,6.427,-15.993,3.352,True
ET_02,other,19.5,0.10182,0.06028,0.91674,-4.173,-14.863,-1.633,True
ET_02,other,19.51,0.05331,0.09604,0.89622,-11.943,-13.451,-5.843,True
ET_02,other,19.52,-0.02164,0.15032,0.87534,-20.791,-5.824,-11.638,True
ET_02,other,19.53,-0.04579,0.18663,0.87212,-24.053,0.814,-11.058,True
ET_02,other,19.54,-0.00595,0.22179,0.93153,-19.632,7.979,-10.25,True
ET_02,other,19.55,0.06308,0.27429,0.93761,-10.66,15.297,-5.88,True
ET_02,other,19.56,0.13963,0.30042,0.93787,-1.212,16.204,-1.124,True
ET_02,other,19.57,0.20936,0.299,0.96858,9.908,15.983,4.631,True
ET_02,other,19.580000000000002,0.29644,0.2518,1.03181,19.975,10.835,7.937,True
ET_02,other,19.59,0.29849,0.20459,1.02762,22.987,1.556,11.037,True
ET_02,other,19.6,0.29124,0.16299,1.01723,20.263,-8.322,10.01,True
ET_02,other,19.61,0.25467,0.0823,1.00359,14.195,-12.586,10.136,True
ET_02,other,19.62,0.16995,0.08999,0.96807,6.022,-17.29,2.441,True
ET_02,other,19.63,0.10698,0.06286,0.93541,-7.178,-16.303,-4.56,True
ET_02,other,19.64,-0.01267,0.10254,0.94745,-16.769,-13.101,-6.914,True
ET_02,other,19.650000000000002,-0.00958,0.16713,0.88419,-21.792,-5.309,-11.821,True
ET_02,other,19.66,-0.01705,0.24205,0.88188,-23.595,4.846,-12.153,True
ET_02,other,19.67,0.00616,0.28487,0.91055,-18.63,10.485,-10.821,True
ET_02,other,19.68,0.051,0.33514,0.93111,-8.925,16.402,-3.885,True
ET_02,other,19.69,0.15364,0.32273,0.94179,1.797,17.181,1.973,True
ET_02,other,19.7,0.2268,0.30154,1.01944,13.671,13.836,7.047,True
ET_02,other,19.71,0.32625,0.23861,1.0223,20.231,9.592,9.52,True
ET_02,other,19.72,0.29324,0.19359,1.03499,23.493,0.159,11.914,True
ET_02,other,19.73,0.27267,0.11649,1.03111,20.819,-9.252,10.044,True
ET_02,other,19.740000000000002,0.22593,0.09416,0.9943,13.499,-15.198,7.156,True
ET_02,other,19.75,0.17188,0.08072,0.96358,2.31,-18.641,2.348,True
ET_02,other,19.76,0.04182,0.07668,0.93094,-11.541,-15.385,-5.757,True
ET_02,other,19.77,-0.00082,0.11048,0.92175,-18.656,-12.001,-10.715,True
ET_02,other,19.78,-0.02964,0.16591,0.8722,-26.081,-2.331,-12.34,True
ET_02,other,19.79,-0.01725,0.2464,0.87083,-24.005,5.392,-11.0,True
ET_02,other,19.8,0.01336,0.29692,0.87565,-16.147,14.047,-7.471,True
ET_02,other,19.81,0.11026,0.34289,0.92647,-5.697,18.001,-1.348,True
ET_02,other,19.82,0.19301,0.3395,0.97665,6.634,17.896,3.437,True
ET_02,other,19.830000000000002,0.27399,0.29215,0.989,16.138,14.159,9.547,True
ET_02,other,19.84,0.29182,0.22235,1.02172,23.405,5.224,10.221,True
ET_02,other,19.85,0.33872,0.19744,1.0328,24.626,-2.971,12.562,True
ET_02,other,19.86,0.28406,0.11118,0.97208,19.093,-11.257,8.9,True
ET_02,other,19.87,0.22666,0.06207,0.95802,8.938,-16.172,4.266,True
ET_02,other,19.88,0.14003,0.06022,0.974,-2.623,-18.045,-0.717,True
ET_02,other,19.89,0.0466,0.06219,0.90627,-14.066,-15.859,-7.552,True
ET_02,other,19.900000000000002,-0.01278,0.12293,0.89067,-22.626,-9.404,-11.475,True
ET_02,other,19.91,-0.02513,0.19645,0.87522,-25.151,1.048,-14.353,True
ET_02,other,19.92,-0.02401,0.27371,0.87929,-21.789,8.684,-11.34,True
ET_02,other,19.93,0.04199,0.30275,0.93821,-15.59,15.491,-7.452,True
ET_02,other,19.94,0.13331,0.31991,0.9479,-2.356,18.459,-1.575,True
ET_02,other,19.95,0.22607,0.33759,1.00339,10.496,16.089,4.661,True
ET_02,other,19.96,0.26023,0.30016,0.98999,22.607,12.36,10.149,True
ET_02,other,19.97,0.33591,0.21453,1.02337,26.41,3.958,11.904,True
ET_02,other,19.98,0.34053,0.17679,0.99938,25.262,-5.96,12.162,True
ET_02,other,19.990000000000002,0.26142,0.09999,1.00243,18.905,-13.382,9.899,True
ET_02,other,20.0,0.20403,0.0691,0.96617,7.621,-19.585,3.543,True
ET_02,other,20.01,0.12723,0.05089,0.9509,-6.154,-18.254,-2.825,True
ET_02,other,20.02,0.00679,0.10554,0.90471,-19.492,-14.042,-8.117,True
ET_02,other,20.03,-0.02997,0.1619,0.85008,-24.342,-6.448,-11.44,True
ET_02,other,20.04,-0.02016,0.20442,0.87446,-27.083,2.534,-13.354,True
ET_02,other,20.05,-0.00486,0.26312,0.88068,-21.4,11.454,-9.652,True
ET_02,other,20.06,0.04668,0.31856,0.91229,-12.683,15.979,-5.312,True
ET_02,other,20.07,0.13937,0.35254,0.96358,0.259,20.497,2.787,True
ET_02,other,20.080000000000002,0.26149,0.31706,0.98399,15.882,18.045,7.138,True
ET_02,other,20.09,0.33708,0.30411,0.97774,22.741,8.136,11.278,True
ET_02,other,20.1,0.36787,0.18745,1.04239,26.224,-0.07,14.505,True
ET_02,other,20.11,0.33551,0.14963,1.02768,24.485,-8.514,12.561,True
ET_02,other,20.12,0.26594,0.06616,0.96365,15.473,-16.024,7.428,True
ET_02,other,20.13,0.16322,0.04572,0.92767,5.273,-19.01,1.36,True
ET_02,other,20.14,0.08805,0.07135,0.91241,-11.145,-18.747,-5.33,True
ET_02,other,20.150000000000002,-0.02686,0.11739,0.88698,-20.098,-13.021,-9.711,True
ET_02,other,20.16,-0.06259,0.17184,0.87046,-26.735,-4.016,-14.071,True
ET_02,other,20.17,-0.03989,0.25628,0.89401,-26.731,5.574,-12.753,True
ET_02,other,20.18,0.03528,0.30272,0.90488,-21.026,14.74,-10.264,True
ET_02,other,20.19,0.076,0.3438,0.91843,-8.086,20.827,-4.083,True
ET_02,other,20.2,0.19906,0.36514,0.95777,4.966,19.928,1.455,True
ET_02,other,20.21,0.30644,0.31714,1.00962,17.248,15.396,7.401,True
ET_02,other,20.22,0.34332,0.24324,1.01071,25.666,7.193,13.411,True
ET_02,other,20.23,0.36055,0.17977,1.00868,28.622,-2.213,14.381,True
ET_02,other,20.240000000000002,0.30774,0.11748,1.01467,23.597,-11.091,11.743,True
ET_02,other,20.25,0.22898,0.06605,0.99299,12.222,-18.436,6.673,True
ET_02,other,20.26,0.1661,0.03295,0.9325,-0.58,-20.81,-1.368,True
ET_02,other,20.27,0.07073,0.0449,0.89225,-14.633,-18.196,-7.627,True
ET_02,other,20.28,-0.00415,0.1128,0.88098,-24.183,-10.927,-12.168,True
ET_02,other,20.29,-0.05867,0.18557,0.84378,-29.07,-0.457,-14.093,True
ET_02,other,20.3,-0.03314,0.27811,0.90061,-25.101,8.713,-13.202,True
ET_02,other,20.31,0.04232,0.3224,0.90563,-15.2,16.202,-9.759,True
ET_02,other,20.32,0.12959,0.35539,0.93182,-4.338,22.051,-2.714,True
ET_02,other,20.330000000000002,0.23095,0.35121,0.99381,10.073,21.734,6.426,True
ET_02,other,20.34,0.32941,0.30502,0.99877,23.862,13.959,10.938,True
ET_02,other,20.35,0.38473,0.22515,1.03547,27.29,4.97,14.134,True
ET_02,other,20.36,0.37529,0.17751,1.0118,27.628,-6.902,15.619,True
ET_02,other,20.37,0.32104,0.0641,1.00899,21.765,-15.422,10.7,True
ET_02,other,20.38,0.23849,0.08312,0.98606,7.954,-20.507,4.247,True
ET_02,other,20.39,0.11315,0.05291,0.92779,-6.265,-21.77,-3.317,True
ET_02,other,20.400000000000002,0.02201,0.07753,0.88156,-17.078,-17.418,-9.716,True
ET_02,other,20.41,-0.00868,0.12635,0.8583,-27.872,-8.406,-14.444,True
ET_02,other,20.42,-0.06937,0.20602,0.8536,-30.723,1.669,-15.212,True
ET_02,other,20.43,-0.01169,0.27263,0.8842,-25.558,11.313,-12.107,True
ET_02,other,20.44,0.06775,0.34163,0.89872,-14.792,19.364,-8.269,True
ET_02,other,20.45,0.16377,0.35678,0.92979,0.402,22.878,0.739,True
ET_02,other,20.46,0.25506,0.34591,0.9716,15.267,19.311,7.414,True
ET_02,other,20.47,0.35237,0.27555,0.99311,25.538,10.209,12.82,True
ET_02,other,20.48,0.40079,0.22197,1.00312,30.395,-0.46,13.739,True
ET_02,other,20.490000000000002,0.36418,0.1423,1.02568,27.763,-8.591,14.553,True
ET_02,other,20.5,0.29664,0.06669,1.00798,19.277,-18.878,7.134,True
ET_02,other,20.51,0.19877,0.04555,0.9485,4.565,-22.298,1.965,True
ET_02,other,20.52,0.08109,0.04023,0.90633,-10.511,-21.489,-4.612,True
ET_02,other,20.53,-0.01349,0.07641,0.87613,-23.105,-16.747,-11.632,True
ET_02,other,20.54,-0.0452,0.15939,0.86287,-27.963,-4.671,-15.959,True
ET_02,other,20.55,-0.03104,0.25309,0.86571,-30.25,5.296,-13.944,True
ET_02,other,20.56,0.00585,0.31884,0.88411,-21.169,16.278,-10.647,True
ET_02,other,20.57,0.08503,0.36432,0.90073,-9.347,20.033,-5.621,True
ET_02,other,20.580000000000002,0.19571,0.37269,0.91108,5.205,23.005,1.888,True
ET_02,other,20.59,0.32318,0.31755,0.97297,18.738,17.383,9.744,True
ET_02,other,20.6,0.36991,0.27027,1.03206,28.528,9.364,13.299,True
ET_02,other,20.61,0.41569,0.18753,1.01999,30.537,-1.772,15.121,True
ET_02,other,20.62,0.38139,0.12606,1.0204,26.771,-12.127,13.434,True
ET_02,other,20.63,0.31265,0.07621,0.99683,16.053,-20.966,7.925,True
ET_02,other,20.64,0.15819,0.03845,0.94027,1.328,-22.438,0.677,True
ET_02,other,20.650000000000002,0.05736,0.0368,0.89121,-14.672,-21.864,-8.194,True
ET_02,other,20.66,-0.02467,0.10768,0.84411,-25.114,-12.185,-13.348,True
ET_02,other,20.67,-0.08185,0.1966,0.84874,-31.685,-3.075,-14.684,True
ET_02,other,20.68,-0.03097,0.26128,0.87129,-29.015,9.26,-14.413,True
ET_02,other,20.69,-0.00049,0.33581,0.90515,-19.049,17.646,-9.871,True
ET_02,other,20.7,0.12527,0.38714,0.9319,-6.411,22.301,-3.399,True
ET_02,other,20.71,0.26357,0.37411,0.97827,9.169,22.855,5.175,True
ET_02,other,20.72,0.36264,0.34044,1.00139,22.386,15.145,10.231,True
ET_02,other,20.73,0.38925,0.29188,1.00861,29.986,5.983,15.114,True
ET_02,other,20.740000000000002,0.3871,0.17316,1.03341,30.479,-5.839,13.745,True
ET_02,other,20.75,0.33671,0.11567,1.00307,23.698,-13.737,12.379,True
ET_02,other,20.76,0.28271,0.0181,0.98245,10.023,-20.396,6.603,True
ET_02,other,20.77,0.13654,0.07047,0.93843,-5.21,-20.606,-1.352,True
ET_02,other,20.78,0.05107,0.06779,0.90968,-19.719,-19.255,-9.251,True
ET_02,other,20.79,-0.04347,0.14734,0.86716,-28.444,-10.256,-13.824,True
ET_02,other,20.8,-0.07451,0.22506,0.87507,-31.81,1.545,-14.979,True
ET_02,other,20.81,-0.02936,0.34509,0.87065,-26.176,10.959,-12.338,True
ET_02,other,20.82,0.09717,0.34499,0.88996,-16.337,20.35,-8.823,True
ET_02,other,20.830000000000002,0.16533,0.3839,0.91077,-1.735,24.782,-1.708,True
ET_02,other,20.84,0.28794,0.36593,0.99282,15.298,20.543,7.153,True
ET_02,other,20.85,0.36848,0.32987,0.99458,25.542,12.796,12.321,True
ET_02,other,20.86,0.42754,0.27838,1.00844,31.154,2.751,15.73,True
ET_02,other,20.87,0.38858,0.17347,1.01678,29.715,-8.165,13.513,True
ET_02,other,20.88,0.31404,0.08458,0.98023,19.907,-18.327,9.542,True
ET_02,other,20.89,0.21784,0.05664,0.94961,6.008,-23.317,5.31,True
ET_02,other,20.900000000000002,0.09721,0.04282,0.92442,-9.837,-23.386,-3.845,True
ET_02,other,20.91,0.02926,0.08405,0.88754,-22.59,-17.732,-11.965,True
ET_02,other,20.92,-0.0501,0.15614,0.84985,-30.569,-8.347,-14.971,True
ET_02,other,20.93,-0.04956,0.25132,0.863,-32.496,4.019,-15.883,True
ET_02,other,20.94,-0.02931,0.34255,0.86979,-25.97,15.105,-11.61,True
ET_02,other,20.95,0.10601,0.38539,0.92547,-12.032,22.726,-7.094,True
ET_02,other,20.96,0.22977,0.38795,0.94507,5.176,23.334,1.838,True
ET_02,other,20.97,0.30749,0.33943,0.96602,18.282,20.082,9.217,True
ET_02,other,20.98,0.38139,0.27347,1.01767,29.197,10.319,14.87,True
ET_02,other,20.990000000000002,0.42124,0.18665,1.02382,32.306,0.348,15.418,True
ET_02,other,21.0,0.42491,0.1286,1.00033,27.721,-12.286,13.922,True
ET_02,other,21.01,0.28381,0.06195,0.97831,18.102,-20.068,8.739,True
ET_02,other,21.02,0.19064,0.06522,0.96391,1.923,-25.679,1.211,True
ET_02,other,21.03,0.10458,0.05413,0.88548,-11.889,-20.656,-5.071,True
ET_02,other,21.04,-0.0028,0.09603,0.86411,-26.119,-15.02,-12.778,True
ET_02,other,21.05,-0.05056,0.16914,0.85327,-33.098,-2.697,-16.423,True
ET_02,other,21.06,-0.05574,0.29312,0.85326,-30.211,7.093,-16.11,True
ET_02,other,21.07,0.00317,0.33734,0.88716,-21.97,17.383,-11.496,True
ET_02,other,21.080000000000002,0.12237,0.38554,0.88548,-6.38,23.543,-5.83,True
ET_02,other,21.09,0.26724,0.40024,0.93715,9.112,22.2,5.19,True
ET_02,other,21.1,0.36198,0.33651,1.01839,21.559,16.489,11.229,True
ET_02,other,21.11,0.39698,0.29792,1.00202,30.6,7.965,14.347,True
ET_02,other,21.12,0.43062,0.19593,1.02281,32.592,-4.152,15.431,True
ET_02,other,21.13,0.35888,0.10324,0.97143,26.775,-14.375,11.883,True
ET_02,other,21.14,0.27729,0.08408,0.99643,14.472,-21.633,5.258,True
ET_02,other,21.150000000000002,0.1371,0.05808,0.89536,-1.88,-23.248,-1.771,True
ET_02,other,21.16,0.07397,0.06283,0.86015,-17.06,-20.843,-9.148,True
ET_02,other,21.17,-0.04848,0.12423,0.83924,-28.534,-12.785,-13.915,True
ET_02,other,21.18,-0.0707,0.21074,0.84905,-33.15,0.02,-14.845,True
ET_02,other,21.19,-0.00545,0.3175,0.83427,-27.889,11.787,-14.25,True
ET_02,other,21.2,0.06059,0.36558,0.89791,-18.37,19.83,-9.293,True
ET_02,other,21.21,0.16689,0.3683,0.91862,-2.151,24.625,-1.375,True
ET_02,other,21.22,0.28004,0.37719,0.95002,13.891,21.256,5.691,True
ET_02,other,21.23,0.36901,0.32505,0.99451,24.987,15.651,13.078,True
ET_02,other,21.240000000000002,0.41971,0.2462,1.0667,32.411,5.297,18.065,True
ET_02,other,21.25,0.41462,0.15605,1.01544,32.149,-8.105,15.222,True
ET_02,other,21.26,0.32105,0.12262,0.97803,22.215,-16.11,11.426,True
ET_02,other,21.27,0.24636,0.04032,0.96362,8.417,-23.1,2.581,True
ET_02,other,21.28,0.18085,0.05337,0.92988,-6.065,-24.91,-4.07,True
ET_02,other,21.29,0.03434,0.09494,0.85668,-22.249,-17.057,-11.62,True
ET_02,other,21.3,-0.04625,0.14126,0.83529,-32.307,-9.211,-15.669,True
ET_02,other,21.31,-0.06844,0.27239,0.85415,-32.951,3.852,-17.173,True
ET_02,other,21.32,0.00689,0.31144,0.84183,-28.559,14.528,-12.762,True
ET_02,other,21.330000000000002,0.05979,0.37877,0.8924,-14.855,22.443,-7.172,True
ET_02,other,21.34,0.18939,0.39652,0.93918,2.645,23.707,1.078,True
ET_02,other,21.35,0.27717,0.39306,0.97986,17.71,20.764,8.771,True
ET_02,other,21.36,0.36036,0.29654,1.02703,27.972,13.199,14.111,True
ET_02,other,21.37,0.43645,0.22097,1.01552,32.467,-0.398,16.07,True
ET_02,other,21.38,0.41655,0.15005,1.016,30.303,-10.742,14.995,True
ET_02,other,21.39,0.30629,0.07667,0.96987,17.671,-20.405,9.231,True
ET_02,other,21.400000000000002,0.20691,0.02751,0.9419,4.246,-24.471,1.957,True
ET_02,other,21.41,0.10441,0.03419,0.90666,-12.546,-24.023,-6.214,True
ET_02,other,21.42,-0.00503,0.09045,0.88468,-24.916,-16.348,-13.55,True
ET_02,other,21.43,-0.05306,0.19362,0.81849,-33.1,-4.831,-15.665,True
ET_02,other,21.44,-0.03311,0.30175,0.8514,-32.772,7.184,-15.151,True
ET_02,other,21.45,0.02746,0.33236,0.86517,-21.511,16.596,-11.232,True
ET_02,other,21.46,0.11618,0.38518,0.89145,-9.924,22.744,-4.041,True
ET_02,other,21.47,0.21746,0.41773,0.94651,5.703,24.189,1.567,True
ET_02,other,21.48,0.34983,0.36752,0.99894,20.225,18.583,9.907,True
ET_02,other,21.490000000000002,0.42621,0.30507,1.01309,29.237,9.679,15.058,True
ET_02,other,21.5,0.41308,0.19313,0.99336,31.451,-2.636,16.547,True
ET_02,other,21.51,0.41218,0.13977,0.99889,24.999,-13.564,13.493,True
ET_02,other,21.52,0.28571,0.07599,0.95182,15.051,-20.331,6.817,True
ET_02,other,21.53,0.16493,0.04493,0.94533,-1.807,-24.196,-0.673,True
ET_02,other,21.54,0.09162,0.0725,0.87682,-15.85,-19.883,-7.571,True
ET_02,other,21.55,-0.01627,0.13518,0.87057,-26.715,-12.63,-12.681,True
ET_02,other,21.56,-0.03615,0.22005,0.85834,-32.466,-1.947,-15.727,True
ET_02,other,21.57,0.01241,0.31238,0.85574,-28.826,9.421,-15.743,True
ET_02,other,21.580000000000002,0.07566,0.32327,0.87983,-18.75,19.131,-9.652,True
ET_02,other,21.59,0.15169,0.38384,0.9,-5.588,24.01,-2.872,True
ET_02,other,21.6,0.26653,0.40759,0.95949,11.372,20.625,5.876,True
ET_02,other,21.61,0.37393,0.34502,0.98557,23.534,17.685,10.586,True
ET_02,other,21.62,0.42946,0.22772,1.00605,30.964,6.532,16.494,True
ET_02,other,21.63,0.42264,0.16092,1.00207,30.794,-6.275,15.71,True
ET_02,other,21.64,0.37927,0.10712,0.99838,23.033,-14.859,9.977,True
ET_02,other,21.650000000000002,0.25417,0.07912,0.96967,8.992,-23.428,5.414,True
ET_02,other,21.66,0.16189,0.04985,0.8988,-5.384,-24.005,-2.955,True
ET_02,other,21.67,0.05678,0.08266,0.87128,-19.229,-18.659,-9.332,True
ET_02,other,21.68,0.01798,0.1525,0.84329,-28.91,-9.042,-14.211,True
ET_02,other,21.69,-0.05275,0.25457,0.8348,-31.368,0.936,-15.352,True
ET_02,other,21.7,-0.00297,0.30992,0.86391,-26.584,11.546,-13.118,True
ET_02,other,21.71,0.08584,0.39104,0.89543,-15.648,20.804,-5.389,True
ET_02,other,21.72,0.20003,0.3907,0.91808,1.299,23.146,-1.737,True
ET_02,other,21.73,0.30827,0.37547,0.97363,14.355,20.285,7.723,True
ET_02,other,21.740000000000002,0.40009,0.28936,0.9824,26.304,13.483,13.215,True
ET_02,other,21.75,0.46091,0.2452,0.99077,32.114,2.597,15.606,True
ET_02,other,21.76,0.41564,0.16862,1.0069,28.523,-8.998,15.656,True
ET_02,other,21.77,0.33128,0.08651,0.97904,19.945,-17.813,8.467,True
ET_02,other,21.78,0.23618,0.05966,0.94704,2.599,-23.268,3.028,True
ET_02,other,21.79,0.15497,0.07214,0.8897,-10.825,-21.424,-3.464,True
ET_02,other,21.8,0.03673,0.09195,0.88095,-23.137,-15.404,-12.704,True
ET_02,other,21.81,-0.0439,0.19492,0.85911,-30.179,-5.829,-15.077,True
ET_02,other,21.82,-0.01108,0.26975,0.85662,-30.433,4.887,-16.663,True
ET_02,other,21.830000000000002,-0.00054,0.34121,0.86473,-23.758,14.692,-12.028,True
ET_02,other,21.84,0.13283,0.37819,0.89225,-10.753,20.075,-5.158,True
ET_02,other,21.85,0.23232,0.38991,0.89723,5.267,21.59,2.112,True
ET_02,other,21.86,0.32278,0.38095,0.97981,19.05,17.15,9.571,True
ET_02,other,21.87,0.38723,0.25945,1.02604,26.686,10.777,14.146,True
ET_02,other,21.88,0.44712,0.19549,1.01686,31.792,-3.026,14.986,True
ET_02,other,21.89,0.36824,0.14818,1.01417,26.987,-11.538,13.829,True
ET_02,other,21.900000000000002,0.30823,0.0883,0.97706,15.734,-19.823,7.746,True
ET_02,other,21.91,0.19208,0.04712,0.93383,0.894,-22.405,0.731,True
ET_02,other,21.92,0.07105,0.08181,0.88535,-13.658,-20.944,-8.118,True
ET_02,other,21.93,-0.00131,0.16025,0.86834,-25.11,-13.131,-11.01,True
ET_02,other,21.94,-0.02482,0.2167,0.84855,-29.659,-2.926,-15.615,True
ET_02,other,21.95,-0.01897,0.3,0.82841,-27.961,9.238,-13.071,True
ET_02,other,21.96,0.03282,0.33478,0.9092,-19.216,16.568,-8.869,True
ET_02,other,21.97,0.14678,0.39731,0.92102,-5.169,21.78,-4.234,True
ET_02,other,21.98,0.26787,0.3618,0.95075,8.506,21.833,4.65,True
ET_02,other,21.990000000000002,0.37508,0.33201,0.99699,23.281,14.187,9.377,True
ET_02,other,22.0,0.41248,0.28015,0.98188,28.769,6.04,15.459,True
ET_02,other,22.01,0.41062,0.20089,1.00815,27.899,-5.878,14.351,True
ET_02,other,22.02,0.3758,0.12576,0.95992,23.97,-13.722,12.142,True
ET_02,other,22.03,0.28688,0.09671,0.94963,10.918,-20.347,5.931,True
ET_02,other,22.04,0.18019,0.08197,0.91535,-4.638,-22.946,0.113,True
ET_02,other,22.05,0.07082,0.11601,0.88053,-16.988,-18.365,-8.922,True
ET_02,other,22.06,-0.01906,0.14514,0.84209,-26.906,-9.187,-13.358,True
ET_02,other,22.07,-0.03523,0.24548,0.86393,-28.945,0.43,-15.05,True
ET_02,other,22.080000000000002,0.01498,0.29802,0.81863,-26.495,12.335,-11.935,True
ET_02,other,22.09,0.08211,0.33653,0.92303,-13.719,19.794,-8.672,True
ET_02,other,22.1,0.18858,0.38627,0.93402,-1.065,22.109,-0.205,True
ET_02,other,22.11,0.26123,0.36923,0.99024,12.765,19.72,7.239,True
ET_02,other,22.12,0.39003,0.32804,0.9973,23.357,13.383,12.248,True
ET_02,other,22.13,0.39371,0.24634,1.00132,28.263,3.927,13.243,True
ET_02,other,22.14,0.40553,0.18479,1.01699,27.131,-6.385,14.805,True
ET_02,other,22.150000000000002,0.33506,0.09105,0.97792,20.203,-16.445,9.71,True
ET_02,other,22.16,0.26794,0.0891,0.9501,8.071,-20.763,4.215,True
ET_02,other,22.17,0.17808,0.06392,0.92359,-7.731,-19.989,-3.916,True
ET_02,other,22.18,0.07075,0.11315,0.86869,-18.452,-14.525,-9.844,True
ET_02,other,22.19,0.00145,0.14857,0.87159,-27.267,-7.102,-14.801,True
ET_02,other,22.2,-0.00361,0.26493,0.8431,-28.205,3.065,-14.021,True
ET_02,other,22.21,0.02155,0.32105,0.86151,-22.417,12.584,-11.124,True
ET_02,other,22.22,0.12492,0.39994,0.88399,-10.767,18.794,-6.091,True
ET_02,other,22.23,0.21247,0.36472,0.92934,3.3,20.991,2.782,True
ET_02,other,22.240000000000002,0.3126,0.34455,0.97927,16.628,17.359,8.728,True
ET_02,other,22.25,0.38377,0.29193,0.99742,25.191,9.997,14.287,True
ET_02,other,22.26,0.38741,0.22164,0.98112,28.556,0.01,15.109,True
ET_02,other,22.27,0.3687,0.15434,0.98562,24.143,-8.456,11.624,True
ET_02,other,22.28,0.31298,0.11024,0.97632,15.414,-16.866,7.704,True
ET_02,other,22.29,0.22135,0.07929,0.91332,1.91,-20.445,1.026,True
ET_02,other,22.3,0.09913,0.09557,0.90967,-10.37,-18.669,-5.962,True
ET_02,other,22.31,0.03371,0.12115,0.86234,-23.217,-12.133,-9.608,True
ET_02,other,22.32,-0.01701,0.1745,0.84801,-26.72,-3.637,-12.088,True
ET_02,other,22.330000000000002,0.00992,0.26045,0.84858,-26.389,6.974,-13.207,True
ET_02,other,22.34,0.05404,0.31421,0.87729,-17.712,15.456,-9.005,True
ET_02,other,22.35,0.15628,0.36304,0.89689,-8.394,18.969,-2.211,True
ET_02,other,22.36,0.24514,0.35809,0.94025,7.438,19.134,1.883,True
ET_02,other,22.37,0.32686,0.34076,0.98241,17.358,15.418,9.395,True
ET_02,other,22.38,0.39848,0.27579,1.00531,25.539,7.317,12.415,True
ET_02,other,22.39,0.36818,0.1794,1.01074,25.483,-3.769,13.894,True
ET_02,other,22.400000000000002,0.36366,0.1648,0.98927,20.385,-11.643,11.968,True
ET_02,other,22.41,0.32171,0.07498,0.9582,11.311,-17.131,4.479,True
ET_02,other,22.42,0.1693,0.08034,0.92302,-1.937,-20.006,-1.342,True
ET_02,other,22.43,0.07653,0.10161,0.89785,-13.743,-17.071,-6.891,True
ET_02,other,22.44,0.03304,0.14314,0.86938,-23.46,-8.444,-12.015,True
ET_02,other,22.45,-0.00206,0.21828,0.84625,-26.694,-0.81,-14.515,True
ET_02,other,22.46,0.02942,0.31432,0.84825,-23.195,9.055,-10.235,True
ET_02,other,22.47,0.10295,0.33403,0.87636,-13.039,16.56,-7.965,True
ET_02,other,22.48,0.17334,0.37067,0.92389,-3.613,18.042,-0.949,True
ET_02,other,22.490000000000002,0.27332,0.36097,0.96008,9.119,19.211,6.194,True
ET_02,other,22.5,0.34506,0.31186,0.96205,20.731,12.942,11.142,True
ET_02,other,22.51,0.3682,0.26962,1.01617,25.071,3.456,11.888,True
ET_02,other,22.52,0.36673,0.16986,0.99446,25.516,-5.923,11.304,True
ET_02,other,22.53,0.32964,0.12588,0.95302,17.795,-13.106,9.302,True
ET_02,other,22.54,0.23962,0.09502,0.94245,7.447,-17.913,3.079,True
ET_02,other,22.55,0.16679,0.06766,0.92172,-5.161,-18.245,-2.557,True
ET_02,other,22.56,0.08317,0.12448,0.9128,-17.487,-15.932,-7.587,True
ET_02,other,22.57,0.02912,0.18961,0.86626,-24.022,-7.107,-12.401,True
ET_02,other,22.580000000000002,0.02375,0.24022,0.88361,-26.671,2.061,-11.655,True
ET_02,other,22.59,0.06108,0.30756,0.8722,-19.804,10.975,-10.684,True
ET_02,other,22.6,0.13843,0.34886,0.90994,-11.553,15.885,-5.247,True
ET_02,other,22.61,0.20018,0.35632,0.90429,1.0,19.856,-0.11,True
ET_02,other,22.62,0.27608,0.35773,0.97608,12.357,16.231,5.056,True
ET_02,other,22.63,0.36642,0.26946,1.00413,22.772,9.413,11.287,True
ET_02,other,22.64,0.39368,0.22325,1.00205,24.97,-0.025,13.123,True
ET_02,other,22.650000000000002,0.36801,0.1805,0.97127,22.564,-9.682,12.215,True
ET_02,other,22.66,0.32714,0.13646,0.98816,13.518,-13.667,6.381,True
ET_02,other,22.67,0.20561,0.09439,0.9336,3.311,-17.357,0.562,True
ET_02,other,22.68,0.12456,0.11835,0.88245,-8.497,-16.984,-4.903,True
ET_02,other,22.69,0.03759,0.14087,0.89611,-19.025,-11.406,-8.994,True
ET_02,other,22.7,0.00491,0.17249,0.88883,-24.425,-5.686,-12.858,True
ET_02,other,22.71,0.03608,0.25189,0.85256,-24.014,3.991,-11.986,True
ET_02,other,22.72,0.05973,0.31325,0.89281,-16.642,13.042,-9.225,True
ET_02,other,22.73,0.14584,0.35692,0.90299,-7.757,17.809,-3.732,True
ET_02,other,22.740000000000002,0.23,0.34545,0.95014,4.652,18.303,3.791,True
ET_02,other,22.75,0.30604,0.30765,0.97984,14.843,14.13,7.724,True
ET_02,other,22.76,0.36325,0.28564,0.97176,22.338,6.401,10.561,True
ET_02,other,22.77,0.36828,0.22447,1.00297,25.359,-1.713,11.929,True
ET_02,other,22.78,0.33397,0.15051,0.99727,18.691,-10.421,9.751,True
ET_02,other,22.79,0.27402,0.11509,0.95091,10.582,-16.12,4.756,True
ET_02,other,22.8,0.18071,0.09582,0.92753,0.471,-16.479,0.014,True
ET_02,other,22.81,0.10501,0.10702,0.87927,-12.546,-16.392,-6.961,True
ET_02,other,22.82,0.06176,0.14269,0.86835,-20.262,-7.837,-9.931,True
ET_02,other,22.830000000000002,0.00252,0.22219,0.85978,-23.068,-1.739,-12.309,True
ET_02,other,22.84,0.05068,0.28432,0.85774,-22.105,6.949,-12.202,True
ET_02,other,22.85,0.09915,0.32385,0.88069,-13.794,11.788,-6.124,True
ET_02,other,22.86,0.19067,0.34546,0.93698,-4.659,16.561,-1.744,True
ET_02,other,22.87,0.24422,0.3375,0.97552,7.466,17.097,3.635,True
ET_02,other,22.88,0.35413,0.2894,0.94731,17.202,11.587,7.831,True
ET_02,other,22.89,0.38271,0.27315,0.97317,22.493,3.821,11.276,True
ET_02,other,22.900000000000002,0.38261,0.19036,0.99733,21.783,-5.267,12.799,True
ET_02,other,22.91,0.34128,0.12553,0.95901,17.714,-11.218,10.01,True
ET_02,other,22.92,0.22494,0.11919,0.93238,7.915,-17.92,4.408,True
ET_02,other,22.93,0.16663,0.10655,0.94548,-5.034,-16.811,-1.431,True
ET_02,other,22.94,0.10712,0.15234,0.88147,-14.218,-14.095,-7.493,True
ET_02,other,22.95,0.05185,0.16146,0.86864,-20.538,-6.526,-10.841,True
ET_02,other,22.96,0.04036,0.24733,0.84866,-22.542,1.045,-10.293,True
ET_02,other,22.97,0.07706,0.26371,0.88582,-18.942,8.774,-10.603,True
ET_02,other,22.98,0.13858,0.35429,0.90544,-11.539,15.453,-5.802,True
ET_02,other,22.990000000000002,0.16921,0.35674,0.9443,-1.326,17.269,0.451,True
ET_02,other,23.0,0.26445,0.31668,0.9551,9.323,14.092,5.575,True
ET_02,other,23.01,0.34946,0.29734,0.99838,18.639,9.315,9.212,True
ET_02,other,23.02,0.34089,0.23855,0.98043,21.637,1.645,11.416,True
ET_02,other,23.03,0.35709,0.16709,0.97134,20.918,-5.328,10.019,True
ET_02,other,23.04,0.29035,0.13494,0.96835,13.757,-12.064,7.066,True
ET_02,other,23.05,0.23745,0.11224,0.92025,4.896,-16.108,0.806,True
ET_02,other,23.06,0.15763,0.09979,0.90457,-6.647,-16.262,-3.767,True
ET_02,other,23.07,0.08839,0.14026,0.89384,-14.927,-11.777,-8.79,True
ET_02,other,23.080000000000002,0.03381,0.18353,0.87233,-19.992,-3.908,-10.771,True
ET_02,other,23.09,0.04524,0.24866,0.86742,-21.128,4.433,-10.725,True
ET_02,other,23.1,0.07043,0.309,0.90954,-17.115,10.736,-8.648,True
ET_02,other,23.11,0.12897,0.31906,0.91804,-7.603,15.322,-4.218,True
ET_02,other,23.12,0.22542,0.32853,0.92912,2.311,16.325,0.042,True
ET_02,other,23.13,0.2958,0.3318,0.97692,12.53,13.484,7.279,True
ET_02,other,23.14,0.34198,0.27038,1.00402,18.565,6.609,8.973,True
ET_02,other,23.150000000000002,0.34211,0.23449,0.98781,21.939,-0.383,9.941,True
ET_02,other,23.16,0.29179,0.16362,0.99001,19.014,-7.393,9.21,True
ET_02,other,23.17,0.25029,0.15747,0.94975,10.584,-13.276,4.848,True
ET_02,other,23.18,0.21406,0.11456,0.90435,0.153,-14.256,-0.442,True
ET_02,other,23.19,0.12766,0.12036,0.90938,-10.18,-13.532,-4.58,True
ET_02,other,23.2,0.07602,0.1723,0.86904,-18.469,-9.012,-7.873,True
ET_02,other,23.21,0.03466,0.21886,0.88291,-22.025,-3.113,-11.541,True
ET_02,other,23.22,0.03433,0.25128,0.89438,-20.17,7.074,-9.343,True
ET_02,other,23.23,0.09497,0.31736,0.90949,-13.651,11.715,-6.636,True
ET_02,other,23.240000000000002,0.15994,0.34063,0.92424,-3.155,15.037,-2.053,True
ET_02,other,23.25,0.23255,0.33743,0.94973,7.012,13.847,3.78,True
ET_02,other,23.26,0.33399,0.34065,0.95434,14.901,10.438,8.218,True
ET_02,other,23.27,0.35147,0.25113,0.9875,18.681,5.623,9.523,True
ET_02,other,23.28,0.3716,0.20672,0.99447,21.395,-3.842,10.622,True
ET_02,other,23.29,0.31464,0.12079,0.98621,15.423,-9.802,7.123,True
ET_02,other,23.3,0.27969,0.12511,0.97445,8.496,-14.753,3.033,True
ET_02,other,23.31,0.16869,0.11612,0.93112,-2.353,-14.609,-0.496,True
ET_02,other,23.32,0.13435,0.13566,0.9086,-10.814,-13.218,-6.414,True
ET_02,other,23.330000000000002,0.06657,0.18177,0.87382,-19.542,-7.456,-10.333,True
ET_02,other,23.34,0.02179,0.21858,0.85855,-22.05,0.636,-10.319,True
ET_02,other,23.35,0.04475,0.27285,0.88421,-17.688,7.329,-8.328,True
ET_02,other,23.36,0.09272,0.31439,0.899,-11.157,13.099,-4.688,True
ET_02,other,23.37,0.19067,0.34234,0.90932,-0.922,16.146,-1.112,True
ET_02,other,23.38,0.2645,0.31523,0.94272,9.034,13.88,3.815,True
ET_02,other,23.39,0.30772,0.2877,0.97609,16.21,8.365,8.666,True
ET_02,other,23.400000000000002,0.32757,0.2415,0.98499,19.66,2.492,8.912,True
ET_02,other,23.41,0.31128,0.18409,0.99532,17.882,-4.381,9.553,True
ET_02,other,23.42,0.27306,0.13096,0.97956,12.837,-11.425,7.258,True
ET_02,other,23.43,0.23315,0.11516,0.95101,5.205,-14.623,1.777,True
ET_02,other,23.44,0.14988,0.14316,0.91439,-4.254,-13.475,-3.277,True
ET_02,other,23.45,0.1091,0.13971,0.88484,-14.457,-10.473,-7.707,True
ET_02,other,23.46,0.03792,0.18538,0.86927,-18.452,-4.369,-9.38,True
ET_02,other,23.47,0.05239,0.22868,0.89029,-19.592,2.417,-8.759,True
ET_02,other,23.48,0.06285,0.29728,0.87695,-15.596,11.075,-7.305,True
ET_02,other,23.490000000000002,0.12996,0.33216,0.89699,-7.235,14.398,-3.189,True
ET_02,other,23.5,0.20513,0.33986,0.91484,1.912,14.867,2.203,True
ET_02,other,23.51,0.26819,0.29771,0.97389,11.102,10.021,6.93,True
ET_02,other,23.52,0.29265,0.26012,0.97846,16.199,5.921,8.682,True
ET_02,other,23.53,0.35222,0.21565,0.99607,20.204,2.081,9.636,True
ET_02,other,23.54,0.3206,0.17171,0.97254,18.214,-6.558,9.235,True
ET_02,other,23.55,0.24479,0.13097,0.97929,9.971,-10.698,4.613,True
ET_02,other,23.56,0.16464,0.11767,0.96942,1.074,-13.536,0.559,True
ET_02,other,23.57,0.12184,0.1515,0.90448,-9.141,-13.27,-3.655,True
ET_02,other,23.580000000000002,0.05576,0.17822,0.87839,-14.997,-10.471,-7.322,True
ET_02,other,23.59,0.06272,0.21144,0.87727,-18.664,-1.552,-10.03,True
ET_02,other,23.6,0.05224,0.2743,0.87512,-17.954,4.505,-10.629,True
ET_02,other,23.61,0.10438,0.2949,0.87774,-14.831,10.188,-5.852,True
ET_02,other,23.62,0.15237,0.33283,0.93804,-5.693,13.568,-2.533,True
ET_02,other,23.63,0.22979,0.32895,0.92934,3.287,14.419,3.551,True
ET_02,other,23.64,0.28298,0.29109,0.98281,14.179,10.758,6.563,True
ET_02,other,23.650000000000002,0.31043,0.22294,0.99479,19.381,4.314,8.441,True
ET_02,other,23.66,0.32553,0.20306,0.99765,18.17,-2.877,10.457,True
ET_02,other,23.67,0.31025,0.17088,0.99628,15.681,-9.935,8.59,True
ET_02,other,23.68,0.21724,0.14069,0.95223,9.193,-12.706,4.636,True
ET_02,other,23.69,0.17073,0.08825,0.94575,0.267,-14.33,-0.162,True
ET_02,other,23.7,0.11009,0.13817,0.9083,-9.534,-11.337,-5.409,True
ET_02,other,23.71,0.0318,0.1397,0.87828,-16.899,-7.405,-7.948,True
ET_02,other,23.72,0.03557,0.2184,0.88003,-19.349,0.18,-9.87,True
ET_02,other,23.73,0.05359,0.2795,0.88724,-18.362,6.771,-8.806,True
ET_02,other,23.740000000000002,0.10629,0.27923,0.89954,-9.873,10.795,-5.249,True
ET_02,other,23.75,0.16591,0.31665,0.92211,-1.613,14.118,-1.055,True
ET_02,other,23.76,0.21094,0.33615,0.93592,7.319,13.304,3.749,True
ET_02,other,23.77,0.27927,0.2805,0.98031,14.283,8.371,7.103,True
ET_02,other,23.78,0.31803,0.27004,0.99334,18.58,3.044,10.592,True
ET_02,other,23.79,0.32904,0.20527,0.97687,20.34,-4.089,9.579,True
ET_02,other,23.8,0.31015,0.13233,0.99386,14.022,-11.222,6.062,True
ET_02,other,23.81,0.23914,0.12216,0.9241,6.547,-14.431,2.382,True
ET_02,other,23.82,0.14781,0.09998,0.93729,-5.257,-14.277,-3.286,True
ET_02,other,23.830000000000002,0.0906,0.14662,0.91372,-13.5,-11.798,-6.463,True
ET_02,other,23.84,0.03878,0.16254,0.91916,-19.669,-4.651,-9.034,True
ET_02,other,23.85,0.03628,0.20794,0.87149,-20.224,1.525,-10.095,True
ET_02,other,23.86,0.07972,0.29596,0.90224,-15.488,7.979,-8.008,True
ET_02,other,23.87,0.13199,0.32882,0.88469,-8.446,13.45,-4.076,True
ET_02,other,23.88,0.17546,0.29989,0.92958,-0.448,14.398,-0.779,True
ET_02,other,23.89,0.28136,0.30137,0.96821,9.556,13.0,4.535,True
ET_02,other,23.900000000000002,0.33013,0.27897,1.00018,16.017,7.512,8.516,True
ET_02,other,23.91,0.33123,0.23491,0.98595,20.091,1.663,10.04,True
ET_02,other,23.92,0.32548,0.17359,0.97673,18.621,-6.53,8.337,True
ET_02,other,23.93,0.26579,0.12411,0.98546,11.902,-11.267,7.258,True
ET_02,other,23.94,0.18983,0.12179,0.92307,2.14,-13.366,1.602,True
ET_02,other,23.95,0.10904,0.13176,0.92512,-6.888,-13.397,-4.453,True
ET_02,other,23.96,0.08897,0.15492,0.89018,-15.568,-10.443,-7.905,True
ET_02,other,23.97,0.01856,0.1738,0.88389,-19.234,-3.311,-10.227,True
ET_02,other,23.98,0.0047,0.24704,0.88445,-19.74,2.981,-9.111,True
ET_02,other,23.990000000000002,0.08558,0.28093,0.90073,-14.71,9.867,-6.86,True
ET_02,other,24.0,0.14349,0.31094,0.90615,-6.07,14.512,-3.487,True
ET_02,other,24.01,0.18287,0.29528,0.93926,3.192,13.876,1.065,True
ET_02,other,24.02,0.2543,0.31851,0.97617,12.784,10.86,5.233,True
ET_02,other,24.03,0.34322,0.25513,0.98441,19.079,6.327,10.442,True
ET_02,other,24.04,0.30807,0.17657,0.9889,21.578,-1.487,9.373,True
ET_02,other,24.05,0.29106,0.16339,1.00334,17.632,-8.407,8.347,True
ET_02,other,24.060000000000002,0.22673,0.12412,0.94155,8.824,-12.384,5.293,True
ET_02,other,24.07,0.1973,0.12519,0.92176,0.588,-15.532,0.13,True
ET_02,other,24.080000000000002,0.07049,0.11327,0.90617,-10.04,-12.179,-4.682,True
ET_02,other,24.09,0.03092,0.15936,0.90652,-17.051,-7.715,-8.846,True
ET_02,other,24.1,0.03493,0.1967,0.89091,-20.267,-2.709,-11.23,True
ET_02,other,24.11,0.03889,0.27335,0.88486,-17.386,6.96,-9.108,True
ET_02,other,24.12,0.07778,0.29996,0.91863,-12.27,12.543,-4.771,True
ET_02,other,24.13,0.13792,0.33059,0.91737,-2.721,14.464,-2.503,True
ET_02,other,24.14,0.23017,0.29851,0.94972,6.372,13.757,1.781,True
ET_02,other,24.150000000000002,0.28748,0.29151,0.95098,14.081,11.256,8.221,True
ET_02,other,24.16,0.3267,0.22157,0.99284,19.958,3.977,8.051,True
ET_02,other,24.17,0.34495,0.22237,0.98298,19.838,-4.442,8.955,True
ET_02,other,24.18,0.2963,0.13076,0.99017,14.984,-10.278,7.453,True
ET_02,other,24.19,0.23596,0.09784,0.96469,7.365,-13.072,2.495,True
ET_02,other,24.2,0.15201,0.12747,0.92581,-2.008,-15.725,-2.667,True
ET_02,other,24.21,0.08727,0.13283,0.8961,-11.704,-13.518,-6.795,True
ET_02,other,24.22,0.05188,0.17565,0.89942,-19.727,-5.544,-10.521,True
ET_02,other,24.23,0.01252,0.21181,0.88809,-20.797,0.728,-9.058,True
ET_02,other,24.240000000000002,0.07267,0.2885,0.88904,-16.22,7.928,-8.801,True
ET_02,other,24.25,0.09652,0.3139,0.90725,-9.988,13.528,-4.761,True
ET_02,other,24.26,0.20025,0.3523,0.97736,0.188,15.889,-0.466,True
ET_02,other,24.27,0.25758,0.34982,0.96124,11.671,13.59,5.892,True
ET_02,other,24.28,0.30377,0.29757,0.98782,16.287,8.645,8.867,True
ET_02,other,24.29,0.31895,0.24082,1.00106,20.813,0.156,10.176,True
ET_02,other,24.3,0.31629,0.15678,1.00401,19.359,-6.306,9.252,True
ET_02,other,24.310000000000002,0.24798,0.13946,0.96418,15.095,-11.666,6.65,True
ET_02,other,24.32,0.21061,0.09538,0.9469,3.862,-15.34,1.193,True
ET_02,other,24.330000000000002,0.12507,0.11935,0.94693,-6.499,-14.836,-2.696,True
ET_02,other,24.34,0.06442,0.11944,0.90389,-16.228,-11.688,-8.724,True
ET_02,other,24.35,0.01907,0.17073,0.87678,-20.945,-4.392,-10.828,True
ET_02,other,24.36,0.01523,0.22544,0.88789,-21.678,4.495,-10.802,True
ET_02,other,24.37,0.05084,0.28263,0.92668,-16.511,9.982,-6.485,True
ET_02,other,24.38,0.10272,0.30552,0.90135,-9.092,14.777,-3.535,True
ET_02,other,24.39,0.18076,0.34068,0.97212,3.027,14.811,2.76,True
ET_02,other,24.400000000000002,0.26244,0.31247,0.9581,13.796,13.451,6.219,True
ET_02,other,24.41,0.29337,0.28334,0.98284,18.81,6.925,8.477,True
ET_02,other,24.42,0.31212,0.18453,0.9752,21.791,-1.272,11.862,True
ET_02,other,24.43,0.2885,0.14377,1.02356,18.503,-8.092,8.482,True
ET_02,other,24.44,0.23954,0.09867,0.95841,11.023,-15.083,5.474,True
ET_02,other,24.45,0.16363,0.09635,0.98681,0.913,-14.908,1.666,True
ET_02,other,24.46,0.1022,0.08253,0.91959,-8.778,-15.299,-5.112,True
ET_02,other,24.47,0.05165,0.14778,0.88157,-18.767,-10.013,-8.832,True
ET_02,other,24.48,-0.00842,0.21848,0.86176,-20.789,-0.673,-12.041,True
ET_02,other,24.490000000000002,0.00202,0.22933,0.88142,-21.914,6.841,-11.644,True
ET_02,other,24.5,0.05947,0.3188,0.92628,-15.574,13.517,-6.981,True
ET_02,other,24.51,0.12562,0.34232,0.92452,-5.735,17.043,-2.619,True
ET_02,other,24.52,0.19203,0.32307,0.97559,6.906,15.045,4.334,True
ET_02,other,24.53,0.29811,0.32381,0.98354,16.394,12.24,8.693,True
ET_02,other,24.54,0.31614,0.23656,0.99373,21.537,4.164,12.378,True
ET_02,other,24.55,0.33045,0.19793,1.02951,23.061,-3.491,9.93,True
ET_02,other,24.560000000000002,0.28648,0.1326,0.98122,17.558,-11.043,8.621,True
ET_02,other,24.57,0.22765,0.10063,0.97011,8.148,-15.652,5.626,True
ET_02,other,24.580000000000002,0.16666,0.06554,0.93302,-3.261,-16.468,-0.89,True
ET_02,other,24.59,0.0665,0.10897,0.898,-13.861,-14.388,-8.189,True
ET_02,other,24.6,0.01927,0.12355,0.90361,-19.946,-8.398,-10.591,True
ET_02,other,24.61,-0.00623,0.19464,0.88571,-23.556,0.785,-12.379,True
ET_02,other,24.62,0.00953,0.27151,0.88709,-20.266,9.327,-9.103,True
ET_02,other,24.63,0.09131,0.31801,0.90228,-11.873,14.947,-5.5,True
ET_02,other,24.64,0.11395,0.3357,0.92519,-1.792,16.268,0.523,True
ET_02,other,24.650000000000002,0.25163,0.32145,0.95614,10.548,13.812,5.343,True
ET_02,other,24.66,0.32917,0.29428,0.98932,18.762,11.214,10.247,True
ET_02,other,24.67,0.33677,0.24267,1.00098,22.984,2.273,11.983,True
ET_02,other,24.68,0.32901,0.17688,1.01474,22.945,-7.458,11.258,True
ET_02,other,24.69,0.30708,0.11735,0.97665,16.679,-12.819,8.875,True
ET_02,other,24.7,0.21185,0.08663,0.95492,6.45,-17.879,2.281,True
ET_02,other,24.71,0.09977,0.09721,0.9056,-6.443,-16.648,-3.46,True
ET_02,other,24.72,0.00815,0.09082,0.91313,-16.481,-13.915,-8.181,True
ET_02,other,24.73,-0.03652,0.16415,0.88146,-21.659,-4.901,-11.207,True
ET_02,other,24.740000000000002,-0.02029,0.23001,0.88025,-22.656,2.606,-10.894,True
ET_02,other,24.75,0.02085,0.26148,0.88852,-18.973,10.777,-7.588,True
ET_02,other,24.76,0.11659,0.30807,0.92057,-9.079,16.079,-6.256,True
ET_02,other,24.77,0.15736,0.31987,0.96426,2.113,18.29,-1.462,True
ET_02,other,24.78,0.25744,0.29737,0.98052,13.479,14.811,6.858,True
ET_02,other,24.79,0.3114,0.24763,1.01063,22.272,7.95,10.975,True
ET_02,other,24.8,0.3383,0.18121,0.99177,24.71,1.996,12.749,True
ET_02,other,24.810000000000002,0.30976,0.13584,1.039,22.315,-8.486,11.849,True
ET_02,other,24.82,0.24422,0.10796,0.98016,14.298,-14.869,6.959,True
ET_02,other,24.830000000000002,0.14907,0.09022,0.95141,2.589,-17.786,0.401,True
ET_02,other,24.84,0.08171,0.0815,0.90959,-9.973,-18.82,-4.838,True
ET_02,other,24.85,0.02983,0.10707,0.8993,-19.182,-12.777,-9.984,True
ET_02,other,24.86,-0.04114,0.17363,0.8806,-25.418,-2.1,-10.933,True
ET_02,other,24.87,-0.01011,0.236,0.88291,-25.051,5.547,-13.215,True
ET_02,other,24.88,0.03778,0.28473,0.88626,-16.832,13.107,-9.635,True
ET_02,other,24.89,0.10751,0.345,0.9236,-5.921,18.094,-3.091,True
ET_02,other,24.900000000000002,0.21156,0.35985,0.97934,4.347,15.553,2.344,True
ET_02,other,24.91,0.27663,0.28279,0.99913,17.894,12.906,7.167,True
ET_02,other,24.92,0.32301,0.26051,1.02587,23.401,7.349,11.924,True
ET_02,other,24.93,0.34726,0.18458,1.00285,25.419,-3.724,12.273,True
ET_02,other,24.94,0.33266,0.11828,0.97113,20.498,-10.96,10.742,True
ET_02,other,24.95,0.25237,0.07129,0.99258,12.537,-16.097,4.968,True
ET_02,other,24.96,0.15974,0.09213,0.97389,-1.364,-19.96,-1.393,True
ET_02,other,24.97,0.06664,0.0896,0.93273,-12.241,-16.597,-5.647,True
ET_02,other,24.98,-0.0102,0.13226,0.89341,-23.594,-9.417,-11.391,True
ET_02,other,24.990000000000002,-0.02375,0.18367,0.8827,-26.685,-0.678,-14.39,True
ET_02,other,25.0,-0.03623,0.26257,0.91314,-23.757,8.777,-12.534,True
ET_02,other,25.01,0.06367,0.31756,0.89655,-14.861,16.814,-8.294,True
ET_02,other,25.02,0.1388,0.31098,0.95598,-3.352,17.99,-1.254,True
ET_02,other,25.03,0.19997,0.31618,0.96906,11.166,17.092,4.703,True
ET_02,other,25.04,0.32542,0.27956,1.02114,20.232,12.862,11.076,True
ET_02,other,25.05,0.33391,0.22611,1.0308,26.51,4.012,14.093,True
ET_02,other,25.060000000000002,0.34118,0.15341,1.00794,25.558,-4.924,13.685,True
ET_02,other,25.07,0.29749,0.11197,1.03552,18.847,-14.244,8.848,True
ET_02,other,25.080000000000002,0.20557,0.06889,0.97938,7.032,-20.509,2.228,True
ET_02,other,25.09,0.08838,0.05067,0.95683,-5.013,-20.425,-3.249,True
ET_02,other,25.1,-0.00015,0.09223,0.91897,-19.918,-14.561,-8.314,True
ET_02,other,25.11,-0.02514,0.12976,0.88763,-25.876,-7.783,-11.705,True
ET_02,other,25.12,-0.04208,0.18517,0.88222,-26.467,1.333,-13.06,True
ET_02,other,25.13,0.02238,0.29198,0.89005,-22.979,10.758,-11.575,True
ET_02,other,25.14,0.06283,0.3024,0.93101,-11.453,19.011,-6.503,True
ET_02,other,25.150000000000002,0.14549,0.34941,0.95719,1.17,20.664,1.492,True
ET_02,other,25.16,0.24007,0.3139,1.00427,14.022,17.261,8.199,True
ET_02,other,25.17,0.31818,0.26888,1.02296,23.681,11.766,12.036,True
ET_02,other,25.18,0.32306,0.19786,1.0398,28.193,1.218,13.944,True
ET_02,other,25.19,0.35035,0.14111,1.03053,24.343,-9.11,13.421,True
ET_02,other,25.2,0.25991,0.10511,0.99845,16.739,-16.689,9.716,True
ET_02,other,25.21,0.17338,0.07556,0.95453,2.846,-20.996,2.73,True
ET_02,other,25.22,0.08176,0.05188,0.90412,-10.02,-19.385,-5.652,True
ET_02,other,25.23,-0.00956,0.09806,0.903,-21.67,-13.872,-9.881,True
ET_02,other,25.240000000000002,-0.07957,0.13798,0.87701,-27.778,-5.588,-14.263,True
ET_02,other,25.25,-0.05847,0.21727,0.87961,-27.11,5.523,-14.176,True
ET_02,other,25.26,-0.00291,0.29573,0.92835,-20.213,14.092,-10.098,True
ET_02,other,25.27,0.07774,0.33396,0.9349,-9.209,19.748,-3.46,True
ET_02,other,25.28,0.1669,0.36319,0.96452,4.88,18.946,1.685,True
ET_02,other,25.29,0.27925,0.34223,0.99382,18.394,16.201,10.198,True
ET_02,other,25.3,0.34881,0.28469,1.02257,26.644,9.286,13.238,True
ET_02,other,25.310000000000002,0.35738,0.1643,1.04693,28.522,-2.496,14.846,True
ET_02,other,25.32,0.33619,0.09947,1.02906,24.064,-13.63,12.433,True
ET_02,other,25.330000000000002,0.22059,0.05264,0.99833,14.125,-18.711,5.93,True
ET_02,other,25.34,0.13935,0.05167,0.96101,0.251,-21.282,0.067,True
ET_02,other,25.35,0.05501,0.06393,0.9138,-13.795,-18.315,-5.565,True
ET_02,other,25.36,-0.02615,0.09063,0.88528,-23.792,-11.526,-13.516,True
ET_02,other,25.37,-0.09766,0.15539,0.88455,-29.392,-1.967,-14.925,True
ET_02,other,25.38,-0.06043,0.25843,0.85879,-26.782,8.499,-14.333,True
ET_02,other,25.39,-0.00908,0.32154,0.89396,-18.413,17.184,-8.711,True
ET_02,other,25.400000000000002,0.10978,0.32766,0.9654,-4.411,22.943,-2.597,True
ET_02,other,25.41,0.20377,0.3291,0.97453,8.066,21.124,4.217,True
ET_02,other,25.42,0.27019,0.29786,1.00926,23.164,16.338,11.228,True
ET_02,other,25.43,0.3421,0.2179,1.04405,30.04,5.178,13.972,True
ET_02,other,25.44,0.34614,0.14468,1.03038,28.699,-5.608,14.522,True
ET_02,other,25.45,0.31731,0.0784,1.00042,21.82,-14.849,12.044,True
ET_02,other,25.46,0.19932,0.02798,0.99851,9.974,-18.987,6.322,True
ET_02,other,25.47,0.12621,0.02102,0.94123,-4.952,-21.192,-2.459,True
ET_02,other,25.48,0.00609,0.0447,0.91561,-18.699,-18.127,-8.944,True
ET_02,other,25.490000000000002,-0.07267,0.12213,0.87672,-28.549,-8.01,-13.087,True
ET_02,other,25.5,-0.0968,0.19786,0.86742,-30.486,0.692,-15.819,True
ET_02,other,25.51,-0.03813,0.28186,0.88324,-24.307,12.529,-12.773,True
ET_02,other,25.52,0.00525,0.34685,0.87863,-15.036,19.411,-6.906,True
ET_02,other,25.53,0.14008,0.34287,0.94951,-1.516,22.912,0.182,True
ET_02,other,25.54,0.22133,0.33317,0.99859,13.722,20.235,5.572,True
ET_02,other,25.55,0.31274,0.28386,1.02288,25.848,12.339,12.479,True
ET_02,other,25.560000000000002,0.34617,0.21907,1.07108,30.198,2.713,15.177,True
ET_02,other,25.57,0.32555,0.14117,1.03233,28.558,-9.906,14.177,True
ET_02,other,25.580000000000002,0.28327,0.0587,1.02138,19.43,-18.55,10.956,True
ET_02,other,25.59,0.16572,0.02429,0.9786,5.829,-21.988,3.4,True
ET_02,other,25.6,0.06444,0.04382,0.94285,-9.85,-20.416,-4.301,True
ET_02,other,25.61,-0.02591,0.06976,0.87597,-22.319,-16.501,-11.838,True
ET_02,other,25.62,-0.09667,0.11493,0.88316,-30.399,-6.259,-16.133,True
ET_02,other,25.63,-0.06682,0.22468,0.87692,-28.492,5.283,-15.676,True
ET_02,other,25.64,-0.02497,0.27393,0.89516,-24.756,15.076,-11.78,True
ET_02,other,25.650000000000002,0.04077,0.35258,0.92639,-11.002,22.779,-5.106,True
ET_02,other,25.66,0.15677,0.35909,0.98062,4.368,23.702,1.313,True
ET_02,other,25.67,0.27178,0.32446,1.01098,18.15,18.002,7.953,True
ET_02,other,25.68,0.34455,0.27093,1.0189,26.262,9.994,13.091,True
ET_02,other,25.69,0.3565,0.16996,1.02359,31.697,-1.923,16.033,True
ET_02,other,25.7,0.33262,0.09046,1.0527,24.844,-12.576,13.137,True
ET_02,other,25.71,0.26052,0.05754,0.99903,15.114,-18.884,8.96,True
ET_02,other,25.72,0.13635,0.00587,0.96693,0.904,-22.826,0.818,True
ET_02,other,25.73,0.01052,0.02893,0.90205,-12.954,-21.98,-7.1,True
ET_02,other,25.740000000000002,-0.08042,0.06619,0.8969,-24.757,-15.172,-13.084,True
ET_02,other,25.75,-0.11434,0.14568,0.8428,-32.107,-2.819,-16.237,True
ET_02,other,25.76,-0.10203,0.2581,0.91279,-29.033,9.216,-15.62,True
ET_02,other,25.77,-0.04945,0.3079,0.88209,-19.805,17.884,-9.373,True
ET_02,other,25.78,0.07529,0.3477,0.95861,-8.608,23.15,-2.833,True
ET_02,other,25.79,0.20549,0.38852,0.98168,7.797,22.636,3.551,True
ET_02,other,25.8,0.28243,0.35229,1.02388,21.555,16.898,10.469,True
ET_02,other,25.810000000000002,0.37088,0.23362,1.04021,30.104,7.59,15.436,True
ET_02,other,25.82,0.34906,0.16547,1.05613,32.054,-4.675,16.622,True
ET_02,other,25.830000000000002,0.31772,0.07763,1.00961,25.689,-14.974,13.23,True
ET_02,other,25.84,0.21626,0.03004,1.01035,13.521,-23.425,7.183,True
ET_02,other,25.85,0.09393,0.01311,0.96942,-4.619,-23.618,-1.894,True
ET_02,other,25.86,-0.03002,0.063,0.91663,-18.827,-20.011,-7.744,True
ET_02,other,25.87,-0.08811,0.12286,0.91164,-29.158,-12.587,-14.146,True
ET_02,other,25.88,-0.13648,0.19773,0.87154,-33.038,-0.328,-16.51,True
ET_02,other,25.89,-0.04554,0.28129,0.86894,-29.757,12.139,-13.625,True
ET_02,other,25.900000000000002,0.00381,0.33571,0.94551,-18.177,20.771,-9.021,True
ET_02,other,25.91,0.11234,0.33754,0.95781,-2.586,23.357,-2.086,True
ET_02,other,25.92,0.22994,0.34005,0.99231,12.028,22.883,6.813,True
ET_02,other,25.93,0.30943,0.28949,1.00778,24.154,14.532,11.727,True
ET_02,other,25.94,0.33869,0.21979,1.03179,31.386,5.291,15.357,True
ET_02,other,25.95,0.33701,0.10478,1.03849,30.59,-8.054,15.164,True
ET_02,other,25.96,0.29707,0.04815,1.01902,21.839,-18.029,9.434,True
ET_02,other,25.97,0.17682,0.02532,1.00206,8.147,-23.981,4.166,True
ET_02,other,25.98,0.05935,-0.01859,0.91004,-8.142,-23.714,-3.473,True
ET_02,other,25.990000000000002,-0.02952,0.0695,0.89797,-20.991,-19.107,-12.252,True
ET_02,other,26.0,-0.12723,0.09602,0.8779,-29.437,-9.151,-14.076,True
ET_02,other,26.01,-0.12204,0.18515,0.88604,-33.165,4.224,-16.369,True
ET_02,other,26.02,-0.03718,0.28307,0.91429,-25.715,14.389,-12.432,True
ET_02,other,26.03,0.03492,0.37445,0.90114,-13.766,22.179,-7.163,True
ET_02,other,26.04,0.13085,0.34494,0.97921,2.232,23.323,2.059,True
ET_02,other,26.05,0.25728,0.31888,1.01245,16.249,20.295,8.683,True
ET_02,other,26.060000000000002,0.312,0.25104,1.08209,27.97,12.62,14.647,True
ET_02,other,26.07,0.38428,0.15124,1.05506,33.344,0.476,16.48,True
ET_02,other,26.080000000000002,0.35584,0.10766,1.01992,28.365,-10.801,14.53,True
ET_02,other,26.09,0.24091,0.04501,0.98822,17.248,-20.102,6.575,True
ET_02,other,26.1,0.15175,0.01684,0.97687,2.147,-24.648,1.749,True
ET_02,other,26.11,0.03265,0.03178,0.90016,-13.118,-23.129,-7.435,True
ET_02,other,26.12,-0.09505,0.09263,0.89062,-25.385,-16.492,-12.812,True
ET_02,other,26.13,-0.11013,0.15774,0.89319,-33.038,-5.779,-17.151,True
ET_02,other,26.14,-0.11309,0.21469,0.89243,-32.027,7.096,-14.558,True
ET_02,other,26.150000000000002,-0.08848,0.30616,0.9204,-22.889,17.771,-10.842,True
ET_02,other,26.16,0.04886,0.37039,0.96293,-8.611,24.28,-5.158,True
ET_02,other,26.17,0.17885,0.36317,1.01139,7.601,24.37,2.757,True
ET_02,other,26.18,0.29169,0.30842,1.00923,21.209,18.923,9.563,True
ET_02,other,26.19,0.33272,0.24018,1.05699,31.069,8.565,14.372,True
ET_02,other,26.2,0.36274,0.15246,1.05032,32.931,-2.804,16.058,True
ET_02,other,26.21,0.32435,0.06318,1.02396,26.598,-14.963,12.7,True
ET_02,other,26.22,0.20426,0.05477,0.99289,14.079,-20.734,6.821,True
ET_02,other,26.23,0.11339,0.00131,0.93691,-1.958,-25.338,-1.982,True
ET_02,other,26.240000000000002,-0.02738,0.02906,0.90822,-16.874,-21.17,-6.574,True
ET_02,other,26.25,-0.11606,0.11258,0.89192,-29.143,-11.352,-15.07,True
ET_02,other,26.26,-0.1315,0.19663,0.869,-32.068,-2.291,-17.72,True
ET_02,other,26.27,-0.11699,0.25618,0.87503,-31.091,11.188,-15.788,True
ET_02,other,26.28,-0.04425,0.33287,0.89325,-20.01,19.67,-8.664,True
ET_02,other,26.29,0.09006,0.3367,0.96014,-2.921,24.0,-3.531,True
ET_02,other,26.3,0.17871,0.32066,1.00164,12.036,22.298,6.473,True
ET_02,other,26.310000000000002,0.28786,0.2817,1.03953,23.988,15.136,11.779,True
ET_02,other,26.32,0.36029,0.20541,1.06097,32.605,4.606,17.196,True
ET_02,other,26.330000000000002,0.33555,0.12541,1.05017,32.692,-6.231,16.732,True
ET_02,other,26.34,0.29383,0.06791,1.03221,24.804,-17.436,12.562,True
ET_02,other,26.35,0.1887,-0.0233,0.98535,10.728,-21.562,4.225,True
ET_02,other,26.36,0.08212,0.0238,0.95072,-6.584,-23.186,-3.983,True
ET_02,other,26.37,-0.02732,0.04767,0.89191,-20.441,-19.111,-10.117,True
ET_02,other,26.38,-0.12228,0.12916,0.86957,-30.037,-9.817,-15.766,True
ET_02,other,26.39,-0.12118,0.17099,0.87429,-33.9,3.769,-16.331,True
ET_02,other,26.400000000000002,-0.07395,0.25815,0.89221,-27.889,13.663,-13.224,True
ET_02,other,26.41,0.00315,0.32832,0.90795,-13.914,20.685,-7.357,True
ET_02,other,26.42,0.11684,0.36845,0.97901,0.443,24.589,-0.457,True
ET_02,other,26.43,0.20131,0.33178,0.99392,16.58,21.502,7.903,True
ET_02,other,26.44,0.30415,0.28435,1.05267,27.867,12.065,13.763,True
ET_02,other,26.45,0.3721,0.17116,1.02333,33.252,2.408,15.64,True
ET_02,other,26.46,0.32271,0.08644,1.04258,28.662,-9.079,17.939,True
ET_02,other,26.47,0.24848,0.00844,1.00969,19.605,-20.16,11.343,True
ET_02,other,26.48,0.14549,-0.00132,0.96235,3.779,-23.067,1.173,True
ET_02,other,26.490000000000002,0.02676,0.00639,0.94239,-10.659,-21.842,-5.189,True
ET_02,other,26.5,-0.05659,0.06042,0.9001,-24.129,-16.545,-11.953,True
ET_02,other,26.51,-0.10766,0.14644,0.88926,-33.391,-6.63,-17.14,True
ET_02,other,26.52,-0.11243,0.21277,0.87306,-32.211,7.066,-15.606,True
ET_02,other,26.53,-0.07696,0.30905,0.90876,-22.895,16.669,-10.316,True
ET_02,other,26.54,0.04848,0.33974,0.95927,-9.418,23.222,-5.275,True
ET_02,other,26.55,0.18222,0.36494,0.99174,4.649,24.324,3.374,True
ET_02,other,26.560000000000002,0.24005,0.31427,1.04058,19.935,18.853,9.332,True
ET_02,other,26.57,0.32937,0.22188,1.041,27.955,10.209,16.438,True
ET_02,other,26.580000000000002,0.3659,0.14809,1.04944,31.843,-2.214,17.825,True
ET_02,other,26.59,0.33176,0.10157,1.04773,27.139,-12.44,13.519,True
ET_02,other,26.6,0.24383,0.03097,1.00578,15.106,-21.787,7.732,True
ET_02,other,26.61,0.10848,-0.00305,0.94495,0.835,-24.343,-0.159,True
ET_02,other,26.62,-0.00798,0.04027,0.92645,-15.603,-20.623,-7.155,True
ET_02,other,26.63,-0.11307,0.06969,0.91895,-26.976,-12.606,-12.875,True
ET_02,other,26.64,-0.14058,0.17619,0.86226,-30.98,-3.367,-15.37,True
ET_02,other,26.650000000000002,-0.08637,0.24295,0.90008,-30.009,8.673,-14.305,True
ET_02,other,26.66,-0.04048,0.33092,0.92273,-20.715,17.049,-11.142,True
ET_02,other,26.67,0.03877,0.37349,0.97751,-5.613,23.189,-3.075,True
ET_02,other,26.68,0.17849,0.35707,0.98779,10.1,22.718,6.202,True
ET_02,other,26.69,0.28368,0.3068,1.01018,23.604,16.07,12.542,True
ET_02,other,26.7,0.34572,0.19852,1.07996,30.954,5.457,14.777,True
ET_02,other,26.71,0.30783,0.1331,1.0534,31.697,-5.977,14.467,True
ET_02,other,26.72,0.28478,0.08426,1.05701,24.198,-14.717,13.009,True
ET_02,other,26.73,0.19178,0.00155,1.01479,10.679,-22.469,5.992,True
ET_02,other,26.740000000000002,0.07121,0.01522,0.94008,-4.918,-23.283,-1.5,True
ET_02,other,26.75,-0.03333,0.04353,0.93971,-19.527,-19.523,-10.253,True
ET_02,other,26.76,-0.13029,0.10749,0.87385,-30.023,-11.066,-12.839,True
ET_02,other,26.77,-0.10622,0.195,0.8679,-32.047,0.835,-16.839,True
ET_02,other,26.78,-0.08691,0.26527,0.88226,-26.74,11.876,-13.167,True
ET_02,other,26.79,-0.03063,0.32044,0.9343,-15.598,19.784,-7.729,True
ET_02,other,26.8,0.09052,0.34182,0.95963,-2.712,21.029,-1.861,True
ET_02,other,26.810000000000002,0.21948,0.33436,1.00307,13.155,21.035,8.607,True
ET_02,other,26.82,0.28672,0.25997,1.02562,25.451,12.73,12.126,True
ET_02,other,26.830000000000002,0.33127,0.21313,1.0665,30.867,2.107,15.618,True
ET_02,other,26.84,0.30713,0.12607,1.04934,28.646,-6.751,14.541,True
ET_02,other,26.85,0.24447,0.06365,1.02303,20.568,-15.89,11.246,True
ET_02,other,26.86,0.15374,-0.00504,0.98877,7.462,-23.387,2.731,True
ET_02,other,26.87,0.03056,0.02532,0.95003,-9.724,-21.802,-4.87,True
ET_02,other,26.88,-0.05774,0.06111,0.91225,-21.997,-15.632,-11.795,True
ET_02,other,26.89,-0.11227,0.11802,0.88358,-27.075,-6.455,-14.702,True
ET_02,other,26.900000000000002,-0.14818,0.20611,0.88884,-30.029,5.469,-14.702,True
ET_02,other,26.91,-0.07733,0.26095,0.89057,-24.436,13.593,-12.841,True
ET_02,other,26.92,0.00249,0.34224,0.94655,-11.535,22.039,-5.819,True
ET_02,other,26.93,0.1146,0.36746,0.97758,2.64,23.339,3.446,True
ET_02,other,26.94,0.23684,0.30112,1.00868,17.63,18.892,8.642,True
ET_02,other,26.95,0.28928,0.26298,1.07143,27.508,9.46,13.636,True
ET_02,other,26.96,0.33411,0.18469,1.04408,29.845,-2.185,15.015,True
ET_02,other,26.97,0.28908,0.09691,1.01435,25.731,-11.77,14.825,True
ET_02,other,26.98,0.2142,0.0299,1.00172,15.624,-19.553,7.959,True
ET_02,other,26.990000000000002,0.13928,0.02772,0.98144,1.062,-21.837,1.103,True
ET_02,other,27.0,0.01744,0.00611,0.94417,-12.374,-20.16,-6.147,True
ET_02,other,27.01,-0.06514,0.09481,0.86152,-23.784,-13.19,-13.106,True
ET_02,other,27.02,-0.11634,0.14054,0.88057,-29.745,-2.062,-15.26,True
ET_02,other,27.03,-0.11848,0.22889,0.88354,-29.209,8.054,-13.946,True
ET_02,other,27.04,-0.03904,0.29687,0.93151,-21.512,17.381,-9.076,True
ET_02,other,27.05,0.04555,0.31049,0.9485,-6.479,22.947,-4.123,True
ET_02,other,27.060000000000002,0.14849,0.29023,0.9884,6.107,20.486,4.251,True
ET_02,other,27.07,0.26231,0.31238,1.01949,21.553,17.241,9.49,True
ET_02,other,27.080000000000002,0.28539,0.21318,1.05152,28.346,7.732,13.032,True
ET_02,other,27.09,0.31014,0.12698,1.03015,29.145,-3.694,12.761,True
ET_02,other,27.1,0.27325,0.08304,1.03247,23.734,-12.792,12.475,True
ET_02,other,27.11,0.18779,0.04411,0.99553,12.573,-19.691,6.223,True
ET_02,other,27.12,0.08791,0.01326,0.97425,-2.903,-22.335,-1.597,True
ET_02,other,27.13,-0.0469,0.03651,0.91891,-17.405,-20.075,-7.635,True
ET_02,other,27.14,-0.10003,0.1038,0.89359,-24.276,-11.094,-13.194,True
ET_02,other,27.150000000000002,-0.11962,0.21639,0.88766,-29.208,0.515,-14.645,True
ET_02,other,27.16,-0.07143,0.24333,0.9063,-25.18,10.123,-11.462,True
ET_02,other,27.17,-0.0085,0.29231,0.95256,-16.782,19.342,-7.201,True
ET_02,other,27.18,0.07578,0.34721,0.95733,-2.622,20.611,-0.488,True
ET_02,other,27.19,0.2007,0.31039,1.02335,11.252,20.866,6.346,True
ET_02,other,27.2,0.28245,0.28526,1.0322,22.586,14.068,11.779,True
ET_02,other,27.21,0.31041,0.20091,1.04956,29.133,2.144,13.819,True
ET_02,other,27.22,0.29495,0.13853,1.03238,28.618,-6.529,12.58,True
ET_02,other,27.23,0.22467,0.03477,1.02382,18.925,-16.023,8.971,True
ET_02,other,27.240000000000002,0.15393,0.03296,1.00379,8.75,-20.089,4.09,True
ET_02,other,27.25,0.03204,0.02473,0.92888,-6.136,-20.664,-2.167,True
ET_02,other,27.26,-0.03495,0.04922,0.91709,-19.109,-15.436,-9.613,True
ET_02,other,27.27,-0.09754,0.09726,0.91592,-26.286,-7.238,-12.989,True
ET_02,other,27.28,-0.12181,0.17295,0.90416,-27.497,3.924,-13.416,True
ET_02,other,27.29,-0.09911,0.27665,0.90957,-22.325,11.679,-10.711,True
ET_02,other,27.3,-0.00202,0.31619,0.92117,-11.303,19.316,-4.929,True
ET_02,other,27.310000000000002,0.12834,0.32584,0.98181,0.075,20.857,-0.456,True
ET_02,other,27.32,0.20007,0.30414,0.98394,14.326,16.692,7.542,True
ET_02,other,27.330000000000002,0.27538,0.24694,1.05115,23.019,10.782,12.078,True
ET_02,other,27.34,0.29694,0.16345,1.06975,27.137,-0.091,14.265,True
ET_02,other,27.35,0.28119,0.11235,1.01652,24.076,-7.713,11.618,True
ET_02,other,27.36,0.20617,0.0357,1.0122,14.463,-17.969,7.701,True
ET_02,other,27.37,0.13166,0.01793,0.97903,2.228,-19.192,2.14,True
ET_02,other,27.38,0.04242,0.04558,0.9605,-10.419,-19.867,-6.807,True
ET_02,other,27.39,-0.0325,0.07643,0.90591,-20.504,-13.478,-9.936,True
ET_02,other,27.400000000000002,-0.10893,0.12431,0.90223,-25.822,-3.393,-13.25,True
ET_02,other,27.41,-0.08476,0.23742,0.89623,-26.629,5.995,-13.985,True
ET_02,other,27.42,-0.03579,0.28238,0.95408,-18.6,14.068,-10.415,True
ET_02,other,27.43,0.01589,0.31479,0.96546,-6.854,18.666,-2.019,True
ET_02,other,27.44,0.14052,0.32254,0.95969,4.905,18.516,3.194,True
ET_02,other,27.45,0.23087,0.26741,1.02044,16.19,14.914,9.15,True
ET_02,other,27.46,0.27251,0.24068,1.05391,23.394,8.285,12.022,True
ET_02,other,27.47,0.27792,0.16635,1.05616,25.683,-1.996,12.404,True
ET_02,other,27.48,0.27047,0.04115,1.02588,22.711,-12.987,10.418,True
ET_02,other,27.490000000000002,0.19343,0.02904,0.98996,11.235,-16.482,6.626,True
ET_02,other,27.5,0.09863,0.02009,0.95968,-0.552,-19.351,-1.388,True
ET_02,other,27.51,-0.00107,0.04433,0.91231,-13.894,-17.095,-6.488,True
ET_02,other,27.52,-0.06893,0.09642,0.88505,-22.46,-10.064,-11.904,True
ET_02,other,27.53,-0.10402,0.16018,0.87295,-27.036,-0.099,-13.402,True
ET_02,other,27.54,-0.0785,0.21764,0.93847,-23.073,7.655,-11.533,True
ET_02,other,27.55,-0.02757,0.30908,0.94684,-13.44,14.858,-7.749,True
ET_02,other,27.560000000000002,0.05697,0.3226,0.96709,-4.57,19.8,-0.832,True
ET_02,other,27.57,0.13043,0.34084,0.99274,8.554,17.368,4.245,True
ET_02,other,27.580000000000002,0.25809,0.27104,1.04905,20.489,12.136,10.421,True
ET_02,other,27.59,0.26036,0.23014,1.0585,25.96,4.481,13.564,True
ET_02,other,27.6,0.29747,0.14382,1.02734,25.173,-4.387,11.792,True
ET_02,other,27.61,0.21982,0.09658,1.04868,17.091,-12.763,8.601,True
ET_02,other,27.62,0.15445,0.03558,0.98722,7.077,-16.245,1.854,True
ET_02,other,27.63,0.07793,0.06643,0.99167,-3.413,-17.917,-2.041,True
ET_02,other,27.64,-0.00173,0.07456,0.91224,-16.524,-15.129,-8.336,True
ET_02,other,27.650000000000002,-0.09225,0.11505,0.91882,-22.509,-7.003,-11.798,True
ET_02,other,27.66,-0.08928,0.19252,0.91382,-24.568,1.928,-13.762,True
ET_02,other,27.67,-0.0579,0.24291,0.92582,-21.051,9.448,-10.347,True
ET_02,other,27.68,0.01775,0.28911,0.94337,-12.834,16.409,-6.416,True
ET_02,other,27.69,0.12917,0.32446,0.98081,-0.187,17.382,0.285,True
ET_02,other,27.7,0.21928,0.30351,1.00085,12.08,14.712,6.528,True
ET_02,other,27.71,0.23651,0.24383,1.03056,20.842,10.859,9.273,True
ET_02,other,27.72,0.26808,0.20405,1.02447,24.164,2.324,12.847,True
ET_02,other,27.73,0.25878,0.12716,1.03526,23.557,-7.947,10.596,True
ET_02,other,27.740000000000002,0.21953,0.08062,1.01234,14.704,-15.105,5.153,True
ET_02,other,27.75,0.12522,0.05282,0.98968,3.982,-17.812,1.979,True
ET_02,other,27.76,0.04519,0.05414,0.95278,-7.349,-16.646,-3.988,True
ET_02,other,27.77,-0.02982,0.07813,0.92938,-18.135,-11.976,-9.462,True
ET_02,other,27.78,-0.06992,0.14012,0.90732,-23.187,-4.512,-12.58,True
ET_02,other,27.79,-0.05995,0.19944,0.91451,-23.215,3.114,-11.69,True
ET_02,other,27.8,-0.03772,0.2824,0.93213,-18.802,11.2,-9.206,True
ET_02,other,27.810000000000002,0.04905,0.30346,0.93259,-7.52,18.317,-4.706,True
ET_02,other,27.82,0.1329,0.30782,1.00329,2.696,17.683,0.987,True
ET_02,other,27.830000000000002,0.18983,0.26751,0.99578,13.364,12.924,7.503,True
ET_02,other,27.84,0.26564,0.21884,1.02064,21.967,8.048,10.35,True
ET_02,other,27.85,0.26038,0.14914,1.05196,22.873,-2.437,11.353,True
ET_02,other,27.86,0.24477,0.12472,1.03577,20.338,-7.828,9.028,True
ET_02,other,27.87,0.19445,0.08359,1.01075,12.699,-15.625,7.317,True
ET_02,other,27.88,0.09817,0.0682,0.99745,-0.465,-17.768,-0.313,True
ET_02,other,27.89,0.01187,0.07024,0.95282,-9.762,-15.097,-5.089,True
ET_02,other,27.900000000000002,-0.02797,0.13659,0.93192,-17.767,-10.094,-10.482,True
ET_02,other,27.91,-0.07063,0.15118,0.9255,-24.46,-0.964,-12.224,True
ET_02,other,27.92,-0.06598,0.23454,0.93833,-21.991,5.319,-10.961,True
ET_02,other,27.93,0.0024,0.28247,0.92116,-13.383,12.576,-7.743,True
ET_02,other,27.94,0.04906,0.2891,0.95291,-4.386,16.926,-1.528,True
ET_02,other,27.95,0.17172,0.29086,0.99415,7.934,15.456,2.326,True
ET_02,other,27.96,0.24754,0.24078,1.02171,16.032,11.484,8.28,True
ET_02,other,27.97,0.26244,0.23177,1.02891,21.826,4.149,11.645,True
ET_02,other,27.98,0.26391,0.13531,1.02466,23.133,-3.94,9.628,True
ET_02,other,27.990000000000002,0.25838,0.091,1.03248,16.705,-11.882,8.264,True
ET_02,other,28.0,0.16079,0.0411,0.98786,6.95,-15.446,4.748,True
ET_02,other,28.01,0.06312,0.04482,0.9678,-2.54,-14.977,-1.478,True
ET_02,other,28.02,-0.01217,0.0873,0.94429,-12.174,-12.658,-6.091,True
ET_02,other,28.03,-0.04268,0.11355,0.92858,-20.006,-8.474,-9.152,True
ET_02,other,28.04,-0.06945,0.17949,0.88487,-23.522,-0.369,-10.906,True
ET_02,other,28.05,-0.03571,0.25319,0.93934,-18.356,6.35,-9.624,True
ET_02,other,28.060000000000002,0.02742,0.298,0.94156,-11.393,14.764,-6.041,True
ET_02,other,28.07,0.06813,0.30297,0.95659,-0.926,17.069,-0.873,True
ET_02,other,28.080000000000002,0.14879,0.28361,0.96454,9.288,14.817,5.033,True
ET_02,other,28.09,0.26394,0.25184,1.04031,16.865,8.062,8.616,True
ET_02,other,28.1,0.24633,0.17162,1.03421,21.423,2.4,10.423,True
ET_02,other,28.11,0.27055,0.12808,1.03157,20.213,-6.362,10.96,True
ET_02,other,28.12,0.20111,0.09977,1.00755,14.629,-11.67,7.363,True
ET_02,other,28.13,0.14377,0.06899,0.97139,6.61,-14.344,3.107,True
ET_02,other,28.14,0.03316,0.0848,0.97696,-5.415,-15.803,-2.744,True
ET_02,other,28.150000000000002,-0.02764,0.07625,0.93368,-15.812,-11.008,-7.329,True
ET_02,other,28.16,-0.04981,0.12858,0.90606,-20.756,-3.206,-9.993,True
ET_02,other,28.17,-0.05862,0.19999,0.90622,-19.677,3.06,-10.399,True
ET_02,other,28.18,0.00911,0.24699,0.90981,-16.309,9.128,-7.275,True
ET_02,other,28.19,0.02598,0.29313,0.93053,-7.603,13.759,-4.363,True
ET_02,other,28.2,0.11969,0.29088,0.99494,2.131,15.674,1.767,True
ET_02,other,28.21,0.19303,0.2789,1.00844,11.729,13.408,7.399,True
ET_02,other,28.22,0.2397,0.23735,1.01872,17.827,7.594,10.04,True
ET_02,other,28.23,0.2718,0.15595,1.04634,21.849,0.114,10.183,True
ET_02,other,28.240000000000002,0.25392,0.12536,1.02172,17.932,-6.682,9.647,True
ET_02,other,28.25,0.18971,0.08761,0.99097,11.216,-13.41,5.732,True
ET_02,other,28.26,0.14234,0.06839,1.00048,0.906,-16.032,1.361,True
ET_02,other,28.27,0.0666,0.07325,0.99706,-9.688,-12.466,-5.777,True
ET_02,other,28.28,-0.02962,0.11208,0.91316,-16.35,-10.585,-9.047,True
ET_02,other,28.29,-0.05971,0.15652,0.92098,-19.269,-3.212,-12.071,True
ET_02,other,28.3,-0.03779,0.21246,0.91964,-20.612,5.271,-10.532,True
ET_02,other,28.310000000000002,-0.02999,0.27663,0.96648,-14.528,10.073,-7.268,True
ET_02,other,28.32,0.07804,0.2935,0.98447,-5.255,14.186,-3.342,True
ET_02,other,28.330000000000002,0.14078,0.25367,0.97365,3.935,14.678,2.584,True
ET_02,other,28.34,0.23115,0.25673,0.99962,14.434,10.398,5.025,True
ET_02,other,28.35,0.2693,0.20081,1.023,19.368,4.645,9.147,True
ET_02,other,28.36,0.22859,0.15374,1.04046,20.378,-2.465,9.694,True
ET_02,other,28.37,0.22689,0.10132,1.02127,16.969,-9.832,7.604,True
ET_02,other,28.38,0.14307,0.05459,0.97179,8.231,-13.58,3.878,True
ET_02,other,28.39,0.08346,0.08021,0.98713,-1.474,-14.484,-0.3,True
ET_02,other,28.400000000000002,0.02846,0.07582,0.95172,-11.197,-12.821,-5.492,True
ET_02,other,28.41,-0.03496,0.11853,0.93805,-18.045,-6.235,-9.003,True
ET_02,other,28.42,-0.02467,0.18687,0.91197,-19.425,-0.911,-9.204,True
ET_02,other,28.43,-0.02653,0.21844,0.91229,-18.63,8.43,-8.122,True
ET_02,other,28.44,0.03506,0.29671,0.9127,-11.102,12.136,-5.235,True
ET_02,other,28.45,0.07747,0.27086,0.95155,-2.368,15.913,-2.012,True
ET_02,other,28.46,0.14214,0.26822,0.98467,8.946,13.467,3.449,True
ET_02,other,28.47,0.20633,0.26375,0.99825,15.884,9.004,6.209,True
ET_02,other,28.48,0.24549,0.20877,1.04391,19.227,3.869,11.477,True
ET_02,other,28.490000000000002,0.26493,0.15147,1.01246,18.905,-4.12,9.548,True
ET_02,other,28.5,0.19644,0.0922,1.01416,13.922,-12.181,7.417,True
ET_02,other,28.51,0.14892,0.0573,1.00835,5.916,-13.673,4.284,True
ET_02,other,28.52,0.06958,0.08434,0.95833,-3.853,-14.016,-3.282,True
ET_02,other,28.53,0.00946,0.07595,0.92164,-13.57,-11.806,-6.442,True
ET_02,other,28.54,-0.01949,0.13757,0.94064,-17.876,-3.654,-9.63,True
ET_02,other,28.55,-0.06234,0.17068,0.92645,-20.297,2.689,-9.48,True
ET_02,other,28.560000000000002,0.01883,0.253,0.90913,-17.135,9.402,-7.837,True
ET_02,other,28.57,0.04561,0.2955,0.937,-8.811,13.025,-4.334,True
ET_02,other,28.580000000000002,0.10411,0.29862,0.96574,1.403,14.415,-0.516,True
ET_02,other,28.59,0.17546,0.29836,0.98832,10.541,12.951,5.41,True
ET_02,other,28.6,0.25308,0.19032,0.99159,17.457,6.71,9.015,True
ET_02,other,28.61,0.2578,0.19005,1.017,19.44,1.549,10.718,True
ET_02,other,28.62,0.24696,0.14326,0.9975,18.081,-5.527,9.958,True
ET_02,other,28.63,0.22079,0.12313,1.00236,11.582,-11.423,6.196,True
ET_02,other,28.64,0.13014,0.08202,0.97019,2.738,-14.627,0.809,True
ET_02,other,28.650000000000002,0.06579,0.0588,0.97053,-6.007,-12.666,-2.706,True
ET_02,other,28.66,-0.00194,0.11221,0.90857,-15.086,-9.104,-7.021,True
ET_02,other,28.67,-0.02394,0.15299,0.92708,-19.158,-2.013,-9.819,True
ET_02,other,28.68,-0.02462,0.20869,0.92769,-19.377,4.755,-8.827,True
ET_02,other,28.69,0.02378,0.24832,0.95627,-15.261,10.802,-7.512,True
ET_02,other,28.7,0.05293,0.29449,0.94277,-5.717,13.741,-2.887,True
ET_02,other,28.71,0.14292,0.28903,0.97823,4.771,13.964,1.925,True
ET_02,other,28.72,0.2043,0.27353,1.00501,10.838,10.84,6.493,True
ET_02,other,28.73,0.2489,0.21167,1.04291,17.219,5.762,8.103,True
ET_02,other,28.740000000000002,0.26843,0.16335,1.02937,19.865,-1.398,10.062,True
ET_02,other,28.75,0.24779,0.12605,1.03298,16.902,-9.155,7.712,True
ET_02,other,28.76,0.19506,0.06679,0.99458,8.797,-14.851,3.298,True
ET_02,other,28.77,0.10146,0.06424,0.98071,-0.697,-15.339,-0.749,True
ET_02,other,28.78,0.07238,0.0917,0.97735,-10.29,-13.008,-5.463,True
ET_02,other,28.79,0.01606,0.12958,0.91434,-17.771,-7.102,-10.297,True
ET_02,other,28.8,-0.01566,0.19448,0.90935,-19.586,-1.371,-9.994,True
ET_02,other,28.810000000000002,-0.02148,0.23447,0.91971,-16.914,5.362,-8.644,True
ET_02,other,28.82,0.02251,0.28207,0.9485,-12.098,13.292,-5.338,True
ET_02,other,28.830000000000002,0.12194,0.31626,0.98985,-2.553,14.235,0.018,True
ET_02,other,28.84,0.14805,0.28255,0.96669,7.628,13.676,3.63,True
ET_02,other,28.85,0.2244,0.25194,1.00926,15.157,9.542,6.919,True
ET_02,other,28.86,0.26821,0.18706,1.01287,19.032,3.359,9.121,True
ET_02,other,28.87,0.23784,0.15304,1.01582,18.636,-3.59,8.915,True
ET_02,other,28.88,0.22594,0.09777,0.98468,14.379,-10.727,8.378,True
ET_02,other,28.89,0.14158,0.08281,0.99101,6.247,-14.077,2.291,True
ET_02,other,28.900000000000002,0.08388,0.07216,0.95956,-3.586,-14.369,-1.218,True
ET_02,other,28.91,0.02218,0.09832,0.94849,-12.598,-11.193,-6.249,True
ET_02,other,28.92,-0.01583,0.13987,0.92667,-18.382,-6.014,-8.71,True
ET_02,other,28.93,-0.04221,0.1694,0.93495,-20.046,-0.3,-8.299,True
ET_02,other,28.94,0.00187,0.23198,0.91012,-15.758,7.801,-8.157,True
ET_02,other,28.95,0.04304,0.26339,0.91882,-8.57,11.94,-5.428,True
ET_02,other,28.96,0.11803,0.28659,0.95331,-1.285,14.971,0.256,True
ET_02,other,28.97,0.17254,0.27946,1.01722,10.158,11.883,5.468,True
ET_02,other,28.98,0.24235,0.22673,0.97163,15.571,7.643,8.127,True
ET_02,other,28.990000000000002,0.24294,0.1669,1.04807,20.639,2.0,9.523,True
ET_02,other,29.0,0.25833,0.16213,1.02818,18.715,-6.97,10.833,True
ET_02,other,29.01,0.20658,0.10923,0.99605,11.871,-11.925,5.187,True
ET_02,other,29.02,0.14206,0.07008,0.96877,4.222,-14.089,1.752,True
ET_02,other,29.03,0.07623,0.09401,0.96017,-6.466,-14.713,-2.678,True
ET_02,other,29.04,0.01055,0.09639,0.92295,-15.367,-8.799,-7.238,True
ET_02,other,29.05,-0.00542,0.16529,0.90042,-19.455,-2.468,-8.806,True
ET_02,other,29.060000000000002,0.01551,0.21852,0.89948,-19.778,3.754,-9.183,True
ET_02,other,29.07,0.01585,0.25309,0.91454,-15.845,10.712,-7.744,True
ET_02,other,29.080000000000002,0.08506,0.30988,0.96799,-6.901,13.182,-3.467,True
ET_02,other,29.09,0.13742,0.30105,0.96932,3.42,13.89,1.459,True
ET_02,other,29.1,0.22781,0.27557,1.00176,13.355,12.629,4.583,True
ET_02,other,29.11,0.24967,0.23182,0.99072,17.139,6.862,8.716,True
ET_02,other,29.12,0.26817,0.18644,1.02933,20.771,-0.978,10.389,True
ET_02,other,29.13,0.24874,0.10517,0.99479,18.642,-9.972,10.814,True
ET_02,other,29.14,0.20645,0.10611,1.00483,11.382,-12.308,6.982,True
ET_02,other,29.150000000000002,0.14113,0.07607,0.93572,0.902,-14.657,-0.86,True
ET_02,other,29.16,0.04926,0.07656,0.94729,-10.218,-14.012,-3.749,True
ET_02,other,29.17,0.01115,0.12984,0.92706,-17.544,-9.003,-7.825,True
ET_02,other,29.18,-0.0202,0.16591,0.92614,-20.452,-1.579,-10.586,True
ET_02,other,29.19,-0.01315,0.23333,0.94958,-18.96,4.108,-8.534,True
ET_02,other,29.2,0.03375,0.28722,0.94812,-12.827,12.506,-6.098,True
ET_02,other,29.21,0.10169,0.28681,0.95025,-4.155,14.613,-3.243,True
ET_02,other,29.22,0.18977,0.27793,0.9734,6.057,13.85,2.673,True
ET_02,other,29.23,0.2387,0.24892,1.0093,15.703,11.13,7.276,True
ET_02,other,29.240000000000002,0.26797,0.18908,1.0005,20.097,3.128,10.521,True
ET_02,other,29.25,0.30259,0.13591,1.04122,19.562,-4.492,10.149,True
ET_02,other,29.26,0.23476,0.10551,0.9842,16.237,-9.696,7.33,True
ET_02,other,29.27,0.19669,0.09629,0.96232,6.35,-15.919,4.973,True
ET_02,other,29.28,0.12539,0.06844,0.94462,-1.814,-16.208,-2.007,True
ET_02,other,29.29,0.03856,0.10353,0.9309,-13.447,-13.365,-5.905,True
ET_02,other,29.3,-0.01913,0.15724,0.90318,-19.533,-7.636,-8.55,True
ET_02,other,29.310000000000002,-0.02613,0.18237,0.91456,-20.745,0.46,-10.223,True
ET_02,other,29.32,-0.00317,0.24123,0.90777,-18.072,9.256,-8.359,True
ET_02,other,29.330000000000002,0.04812,0.26723,0.95555,-11.669,13.521,-6.06,True
ET_02,other,29.34,0.12023,0.30221,0.9647,-0.476,15.157,-0.98,True
ET_02,other,29.35,0.19334,0.32115,0.98966,10.119,13.18,3.774,True
ET_02,other,29.36,0.28215,0.28035,0.97235,18.267,9.282,8.626,True
ET_02,other,29.37,0.31293,0.19562,0.99373,21.745,1.456,10.015,True
ET_02,other,29.38,0.2825,0.1361,0.97901,20.196,-6.027,8.962,True
ET_02,other,29.39,0.22206,0.06233,1.00517,15.143,-13.238,7.609,True
ET_02,other,29.400000000000002,0.18551,0.08653,0.97586,4.037,-15.002,2.262,True
ET_02,other,29.41,0.07748,0.06593,0.95038,-4.601,-15.454,-4.361,True
ET_02,other,29.42,0.00922,0.09699,0.92212,-14.885,-12.188,-6.85,True
ET_02,other,29.43,-0.02306,0.14806,0.88394,-21.252,-4.565,-10.874,True
ET_02,other,29.44,0.0031,0.2321,0.90275,-20.993,3.196,-11.119,True
ET_02,other,29.45,0.0276,0.26408,0.89931,-16.81,11.101,-8.486,True
ET_02,other,29.46,0.05607,0.31803,0.93917,-8.03,16.024,-5.148,True
ET_02,other,29.47,0.1479,0.31753,0.95943,1.758,16.36,0.012,True
ET_02,other,29.48,0.20989,0.27482,0.97631,12.101,13.067,7.608,True
ET_02,other,29.490000000000002,0.25337,0.23352,1.00694,19.027,8.594,9.197,True
ET_02,other,29.5,0.29374,0.17315,1.04103,22.572,-0.286,10.703,True
ET_02,other,29.51,0.31624,0.1503,0.99592,18.832,-7.353,10.109,True
ET_02,other,29.52,0.22798,0.10413,1.00399,13.026,-13.438,7.497,True
ET_02,other,29.53,0.12044,0.0665,0.96205,2.631,-16.984,0.347,True
ET_02,other,29.54,0.04906,0.07883,0.92856,-8.707,-15.37,-2.654,True
ET_02,other,29.55,0.0357,0.13101,0.91163,-16.516,-9.997,-8.449,True
ET_02,other,29.560000000000002,-0.01021,0.16976,0.88865,-21.712,-1.656,-11.367,True
ET_02,other,29.57,-0.006,0.25786,0.88368,-21.451,5.9,-11.515,True
ET_02,other,29.580000000000002,0.01027,0.29329,0.93481,-15.782,12.269,-7.191,True
ET_02,other,29.59,0.10832,0.29516,0.92937,-4.659,15.009,-2.719,True
ET_02,other,29.6,0.19024,0.30494,0.97988,5.42,17.215,1.873,True
ET_02,other,29.61,0.24123,0.27285,1.00474,15.907,13.349,8.363,True
ET_02,other,29.62,0.30019,0.22192,0.98657,22.119,5.739,11.41,True
ET_02,other,29.63,0.3383,0.18951,1.02678,22.044,-4.29,11.031,True
ET_02,other,29.64,0.27471,0.11137,1.00584,19.12,-10.705,9.914,True
ET_02,other,29.650000000000002,0.20902,0.0882,0.9769,9.169,-16.214,5.603,True
ET_02,other,29.66,0.13914,0.03468,0.95071,-1.386,-17.062,-1.745,True
ET_02,other,29.67,0.04368,0.07752,0.90384,-13.912,-13.762,-7.506,True
ET_02,other,29.68,-0.01451,0.1134,0.88476,-20.63,-8.129,-10.052,True
ET_02,other,29.69,-0.0417,0.18769,0.86876,-23.271,0.321,-10.715,True
ET_02,other,29.7,0.00049,0.28262,0.91005,-20.146,6.749,-10.172,True
ET_02,other,29.71,0.04515,0.3081,0.90937,-13.697,15.8,-5.966,True
ET_02,other,29.72,0.10199,0.29861,0.9754,-2.587,17.987,-0.426,True
ET_02,other,29.73,0.22974,0.30865,0.97851,8.634,18.449,2.768,True
ET_02,other,29.740000000000002,0.26573,0.29144,1.01055,17.765,13.249,9.961,True
ET_02,other,29.75,0.30152,0.22727,1.0055,23.801,3.88,11.923,True
ET_02,other,29.76,0.30436,0.15555,1.02571,23.675,-5.489,13.254,True
ET_02,other,29.77,0.24668,0.11879,0.99778,16.8,-13.105,7.474,True
ET_02,other,29.78,0.20191,0.08421,0.95565,7.535,-18.049,3.487,True
ET_02,other,29.79,0.11867,0.05986,0.95684,-4.992,-18.519,-3.5,True
ET_02,other,29.8,0.02559,0.10251,0.91959,-16.998,-13.247,-6.537,True
ET_02,other,29.810000000000002,-0.01727,0.15638,0.88851,-23.775,-4.654,-11.019,True
ET_02,other,29.82,-0.06608,0.2158,0.88612,-24.356,1.197,-13.205,True
ET_02,other,29.830000000000002,-0.00781,0.27704,0.90755,-19.831,11.512,-10.199,True
ET_02,other,29.84,0.05474,0.32713,0.93139,-9.81,16.892,-5.728,True
ET_02,other,29.85,0.15714,0.32333,0.94407,1.382,19.068,0.485,True
ET_02,other,29.86,0.25886,0.31559,0.97443,12.295,14.315,6.569,True
ET_02,other,29.87,0.31295,0.26294,1.03012,22.306,8.623,10.838,True
ET_02,other,29.88,0.32544,0.23403,1.01512,24.046,-0.451,12.793,True
ET_02,other,29.89,0.30716,0.15023,1.0142,23.699,-8.292,12.789,True
ET_02,other,29.900000000000002,0.24638,0.08994,0.9809,14.329,-16.36,7.153,True
ET_02,other,29.91,0.17232,0.05333,0.94314,3.507,-18.393,1.153,True
ET_02,other,29.92,0.07044,0.06889,0.9096,-8.869,-17.705,-3.666,True
ET_02,other,29.93,0.00433,0.13832,0.89364,-20.463,-12.583,-10.462,True
ET_02,other,29.94,-0.04623,0.18985,0.88795,-25.581,-4.484,-11.677,True
ET_02,other,29.95,-0.01767,0.23164,0.88048,-24.517,5.11,-12.003,True
ET_02,other,29.96,0.02162,0.28665,0.89884,-18.352,14.031,-9.404,True
ET_02,other,29.97,0.07991,0.33437,0.92976,-8.361,17.772,-3.872,True
ET_02,other,29.98,0.18359,0.31434,0.9641,5.596,19.46,1.611,True
ET_02,other,29.990000000000002,0.27011,0.30768,1.0016,16.049,14.293,8.422,True
ET_02,other,30.0,0.34525,0.24577,1.00024,24.843,6.799,12.622,True
ET_02,other,30.01,0.35401,0.20471,1.03139,24.94,-2.489,15.188,True
ET_02,other,30.02,0.33059,0.12808,1.00473,22.121,-10.122,11.088,True
ET_02,other,30.03,0.22654,0.07607,0.98421,12.78,-16.767,7.413,True
ET_02,other,30.04,0.14993,0.04925,0.93567,-1.12,-19.053,-0.139,True
ET_02,other,30.05,0.05401,0.06391,0.92456,-13.032,-17.033,-6.169,True
ET_02,other,30.060000000000002,-0.03066,0.11436,0.89804,-23.256,-9.938,-12.795,True
ET_02,other,30.07,-0.06173,0.19027,0.86759,-26.457,-3.587,-13.769,True
ET_02,other,30.080000000000002,-0.02463,0.2878,0.89064,-25.73,7.538,-10.564,True
ET_02,other,30.09,0.02418,0.30818,0.89905,-14.983,13.42,-9.041,True
ET_02,other,30.1,0.13857,0.35788,0.92105,-3.583,19.608,-1.884,True
ET_02,other,30.11,0.22409,0.31781,0.95524,10.48,20.416,5.086,True
ET_02,other,30.12,0.31746,0.28915,1.00464,19.648,12.616,8.675,True
ET_02,other,30.13,0.35359,0.24893,1.04535,26.706,3.916,14.209,True
ET_02,other,30.14,0.33459,0.19003,0.99369,27.556,-3.969,12.76,True
ET_02,other,30.150000000000002,0.27837,0.1194,0.9928,20.168,-13.657,11.116,True
ET_02,other,30.16,0.21279,0.06543,0.9487,9.546,-18.692,3.134,True
ET_02,other,30.17,0.12704,0.06566,0.93472,-5.76,-19.339,-3.161,True
ET_02,other,30.18,0.03012,0.07564,0.89414,-17.585,-16.736,-8.074,True
ET_02,other,30.19,0.00911,0.13717,0.87271,-25.612,-7.355,-12.778,True
ET_02,other,30.2,-0.03797,0.21382,0.88058,-26.271,1.606,-13.592,True
ET_02,other,30.21,-0.0057,0.29296,0.85404,-23.558,10.395,-10.921,True
ET_02,other,30.22,0.06004,0.32496,0.90606,-12.873,17.757,-6.785,True
ET_02,other,30.23,0.15243,0.37969,0.93536,0.937,21.006,-1.164,True
ET_02,other,30.240000000000002,0.2627,0.34917,1.01326,14.408,18.851,7.502,True
ET_02,other,30.25,0.30206,0.31145,1.00413,23.319,12.537,11.643,True
ET_02,other,30.26,0.38037,0.19722,1.02003,27.784,3.576,14.331,True
ET_02,other,30.27,0.36091,0.14554,1.0297,26.928,-7.92,12.449,True
ET_02,other,30.28,0.3066,0.11375,0.99189,18.356,-16.031,9.563,True
ET_02,other,30.29,0.20097,0.0764,0.9571,5.705,-22.035,2.938,True
ET_02,other,30.3,0.06697,0.04879,0.91708,-8.163,-20.631,-3.135,True
ET_02,other,30.310000000000002,-0.00546,0.08163,0.85939,-19.951,-14.218,-9.454,True
ET_02,other,30.32,-0.03751,0.18322,0.88279,-27.838,-6.605,-14.496,True
ET_02,other,30.330000000000002,-0.03592,0.24307,0.86509,-28.119,6.112,-14.385,True
ET_02,other,30.34,0.02091,0.32177,0.87823,-21.341,13.708,-11.979,True
ET_02,other,30.35,0.08831,0.33446,0.91518,-9.755,20.254,-4.513,True
ET_02,other,30.36,0.1778,0.37063,0.95985,4.471,21.383,1.542,True
ET_02,other,30.37,0.29908,0.31665,0.98666,16.47,16.102,8.451,True
ET_02,other,30.38,0.36601,0.24684,1.01548,26.402,9.48,13.885,True
ET_02,other,30.39,0.36561,0.19154,1.0279,30.941,-1.767,13.793,True
ET_02,other,30.400000000000002,0.3539,0.13263,1.01411,25.499,-11.334,11.286,True
ET_02,other,30.41,0.26732,0.06817,0.99597,15.672,-21.905,5.526,True
ET_02,other,30.42,0.17972,0.04888,0.97603,1.138,-22.102,-0.803,True
ET_02,other,30.43,0.0711,0.05688,0.92442,-13.351,-19.789,-7.329,True
ET_02,other,30.44,0.01474,0.09939,0.88022,-26.437,-12.369,-13.087,True
ET_02,other,30.45,-0.06351,0.19604,0.83211,-29.48,-1.334,-15.182,True
ET_02,other,30.46,-0.03726,0.29954,0.86292,-29.462,8.05,-13.486,True
ET_02,other,30.47,0.02591,0.34649,0.87916,-18.787,16.195,-9.278,True
ET_02,other,30.48,0.11305,0.36326,0.9182,-6.202,19.768,-3.285,True
ET_02,other,30.490000000000002,0.21875,0.37872,0.9752,7.162,21.287,4.28,True
ET_02,other,30.5,0.34324,0.31385,1.00905,20.884,16.243,10.864,True
ET_02,other,30.51,0.38179,0.24565,1.03336,29.219,5.469,14.449,True
ET_02,other,30.52,0.37955,0.16584,1.02796,29.349,-3.773,14.73,True
ET_02,other,30.53,0.35841,0.09567,1.02259,23.001,-14.369,12.224,True
ET_02,other,30.54,0.25639,0.08889,0.94852,10.614,-20.373,5.796,True
ET_02,other,30.55,0.14945,0.03876,0.94457,-4.645,-21.758,-2.043,True
ET_02,other,30.560000000000002,0.02876,0.06631,0.88458,-17.68,-19.337,-8.378,True
ET_02,other,30.57,-0.01325,0.13302,0.88305,-28.62,-9.123,-13.305,True
ET_02,other,30.580000000000002,-0.06145,0.21601,0.83,-30.472,-0.08,-14.656,True
ET_02,other,30.59,-0.03334,0.29386,0.8818,-26.347,12.214,-13.216,True
ET_02,other,30.6,0.06672,0.36183,0.9257,-17.325,19.668,-7.977,True
ET_02,other,30.61,0.15968,0.3521,0.93193,-2.578,22.048,-0.586,True
ET_02,other,30.62,0.24699,0.38374,0.95636,13.332,21.616,5.975,True
ET_02,other,30.63,0.34763,0.27909,1.00751,24.852,15.322,12.025,True
ET_02,other,30.64,0.40571,0.23368,1.01872,30.97,2.824,13.653,True
ET_02,other,30.650000000000002,0.40777,0.16354,1.03093,28.617,-6.68,13.998,True
ET_02,other,30.66,0.3218,0.07662,1.01074,21.334,-16.567,10.093,True
ET_02,other,30.67,0.2245,0.02545,0.93346,5.825,-21.913,3.85,True
ET_02,other,30.68,0.12057,0.0547,0.92616,-8.23,-22.244,-5.427,True
ET_02,other,30.69,0.00354,0.09989,0.88417,-21.965,-15.29,-9.742,True
ET_02,other,30.7,-0.0459,0.18004,0.86081,-28.305,-7.836,-14.274,True
ET_02,other,30.71,-0.08519,0.22654,0.88009,-31.966,4.466,-13.705,True
ET_02,other,30.72,0.01281,0.31309,0.86704,-25.914,15.348,-11.704,True
ET_02,other,30.73,0.08974,0.39213,0.92256,-12.728,22.303,-6.428,True
ET_02,other,30.740000000000002,0.19077,0.37487,0.98065,2.436,23.526,-0.757,True
ET_02,other,30.75,0.28444,0.39131,1.00939,17.857,19.594,8.709,True
ET_02,other,30.76,0.39491,0.27838,1.01096,27.71,9.791,13.93,True
ET_02,other,30.77,0.3861,0.19639,1.0244,32.186,0.705,16.254,True
ET_02,other,30.78,0.397,0.13758,0.99756,27.407,-11.845,14.585,True
ET_02,other,30.79,0.29015,0.06416,0.97297,16.195,-20.158,8.94,True
ET_02,other,30.8,0.19211,0.02423,0.95705,2.383,-22.955,1.306,True
ET_02,other,30.810000000000002,0.07886,0.05023,0.90338,-13.102,-20.825,-6.638,True
ET_02,other,30.82,0.01081,0.09195,0.84689,-23.857,-15.093,-11.703,True
ET_02,other,30.830000000000002,-0.03349,0.17054,0.87535,-31.907,-3.829,-15.552,True
ET_02,other,30.84,-0.04898,0.26364,0.87531,-30.631,7.045,-15.285,True
ET_02,other,30.85,0.00371,0.32149,0.87259,-21.869,17.375,-12.293,True
ET_02,other,30.86,0.1169,0.36933,0.93119,-9.388,22.735,-4.252,True
ET_02,other,30.87,0.23576,0.37605,0.95751,7.232,23.614,4.738,True
ET_02,other,30.88,0.35222,0.32903,0.98662,21.517,17.604,10.157,True
ET_02,other,30.89,0.39993,0.27863,0.99412,29.045,7.497,16.755,True
ET_02,other,30.900000000000002,0.44636,0.1873,0.99778,31.402,-4.237,16.762,True
ET_02,other,30.91,0.35269,0.09259,1.00898,25.306,-15.312,12.888,True
ET_02,other,30.92,0.24542,0.06226,0.97672,14.656,-23.474,8.524,True
ET_02,other,30.93,0.17691,0.05982,0.93722,-1.511,-23.381,-0.274,True
ET_02,other,30.94,0.05681,0.04736,0.89739,-16.433,-19.487,-9.799,True
ET_02,other,30.95,-0.04454,0.11576,0.85755,-28.421,-11.343,-14.509,True
ET_02,other,30.96,-0.07603,0.18994,0.85318,-33.204,-1.439,-14.001,True
ET_02,other,30.970000000000002,-0.0341,0.30205,0.8552,-29.883,11.291,-15.552,True
ET_02,other,30.98,0.0694,0.34872,0.89251,-19.372,21.091,-9.088,True
ET_02,other,30.990000000000002,0.15352,0.38031,0.91503,-2.185,25.116,-2.903,True
ET_02,other,31.0,0.27458,0.42188,0.95969,12.357,21.656,6.977,True
ET_02,other,31.01,0.38074,0.33427,1.00299,24.774,15.121,12.921,True
ET_02,other,31.02,0.43694,0.25497,1.03343,32.747,5.256,14.255,True
ET_02,other,31.03,0.42399,0.15653,1.05271,32.524,-7.411,15.895,True
ET_02,other,31.04,0.33634,0.09513,0.97487,24.454,-17.103,11.446,True
ET_02,other,31.05,0.25946,0.03408,0.9449,9.41,-22.313,4.038,True
ET_02,other,31.060000000000002,0.12438,0.0327,0.91204,-8.218,-23.109,-2.777,True
ET_02,other,31.07,0.0299,0.08786,0.89247,-20.346,-18.593,-9.477,True
ET_02,other,31.080000000000002,-0.04648,0.19036,0.85271,-30.341,-9.226,-14.85,True
ET_02,other,31.09,-0.07522,0.22122,0.84554,-32.672,3.309,-16.249,True
ET_02,other,31.1,-0.01895,0.29384,0.85248,-27.441,13.115,-13.546,True
ET_02,other,31.11,0.07065,0.36544,0.90899,-14.815,21.83,-7.877,True
ET_02,other,31.12,0.17706,0.40855,0.92913,0.612,23.165,-0.551,True
ET_02,other,31.13,0.30231,0.34741,0.97737,16.092,21.349,6.883,True
ET_02,other,31.14,0.40276,0.29554,1.0257,27.988,10.617,15.353,True
ET_02,other,31.150000000000002,0.41315,0.20949,1.01433,32.481,1.924,17.831,True
ET_02,other,31.16,0.41924,0.13112,1.01253,28.85,-10.438,15.164,True
ET_02,other,31.17,0.29758,0.06685,0.99727,20.268,-19.163,11.027,True
ET_02,other,31.18,0.22402,0.05073,0.95158,6.004,-23.663,0.987,True
ET_02,other,31.19,0.11141,0.0704,0.91129,-11.551,-22.626,-6.209,True
ET_02,other,31.2,0.00096,0.10291,0.87573,-24.653,-16.481,-11.489,True
ET_02,other,31.21,-0.05016,0.14724,0.83823,-32.553,-5.019,-16.545,True
ET_02,other,31.220000000000002,-0.02465,0.26362,0.85187,-30.918,7.009,-14.686,True
ET_02,other,31.23,0.02295,0.33051,0.87458,-21.784,18.314,-11.304,True
ET_02,other,31.240000000000002,0.13988,0.40993,0.89664,-10.214,23.775,-5.674,True
ET_02,other,31.25,0.24351,0.36044,0.94093,5.808,24.867,1.964,True
ET_02,other,31.26,0.33519,0.34896,1.00857,21.648,18.779,10.028,True
ET_02,other,31.27,0.41609,0.29665,1.01919,29.132,9.534,14.955,True
ET_02,other,31.28,0.39941,0.18208,1.03519,32.316,-3.847,15.936,True
ET_02,other,31.29,0.39192,0.13108,0.99737,28.432,-13.168,13.434,True
ET_02,other,31.3,0.30016,0.05127,0.99103,14.585,-21.091,6.35,True
ET_02,other,31.310000000000002,0.19083,0.03113,0.96709,-2.29,-24.995,-0.655,True
ET_02,other,31.32,0.04642,0.07578,0.87688,-15.7,-20.059,-8.208,True
ET_02,other,31.330000000000002,-0.02134,0.13766,0.85907,-26.886,-12.698,-12.87,True
ET_02,other,31.34,-0.06793,0.21219,0.83396,-32.615,-2.065,-17.255,True
ET_02,other,31.35,-0.0389,0.31358,0.84591,-30.62,8.943,-15.132,True
ET_02,other,31.36,0.03623,0.36491,0.89263,-20.856,18.648,-10.947,True
ET_02,other,31.37,0.11899,0.414,0.88724,-4.84,23.263,-1.906,True
ET_02,other,31.38,0.2494,0.36483,0.92767,11.857,22.085,4.77,True
ET_02,other,31.39,0.34779,0.32982,0.99649,23.977,16.6,10.672,True
ET_02,other,31.400000000000002,0.40553,0.25606,1.00487,31.583,5.867,14.887,True
ET_02,other,31.41,0.4295,0.17787,1.03399,31.009,-6.452,16.26,True
ET_02,other,31.42,0.347,0.11079,1.00763,25.85,-16.692,12.004,True
ET_02,other,31.43,0.26824,0.05226,0.95129,11.42,-22.889,4.535,True
ET_02,other,31.44,0.14308,0.04566,0.90361,-5.676,-24.109,-2.787,True
ET_02,other,31.45,0.05937,0.10701,0.88206,-20.171,-18.282,-9.561,True
ET_02,other,31.46,-0.02079,0.15983,0.8576,-29.017,-10.248,-16.564,True
ET_02,other,31.470000000000002,-0.05562,0.22198,0.82821,-32.233,0.937,-17.758,True
ET_02,other,31.48,0.02029,0.3288,0.88648,-27.636,11.608,-15.067,True
ET_02,other,31.490000000000002,0.0835,0.38869,0.88204,-16.646,20.99,-9.418,True
ET_02,other,31.5,0.19808,0.3827,0.94776,-2.299,26.167,0.263,True
ET_02,other,31.51,0.3175,0.35154,0.96903,15.597,20.774,7.149,True
ET_02,other,31.52,0.39558,0.32927,1.01177,26.512,12.172,14.047,True
ET_02,other,31.53,0.40309,0.23193,1.02953,31.87,1.934,17.392,True
ET_02,other,31.54,0.39394,0.15481,1.01064,29.905,-10.052,14.086,True
ET_02,other,31.55,0.35516,0.1117,0.98149,20.193,-19.218,10.184,True
ET_02,other,31.560000000000002,0.21582,0.05231,0.93988,5.787,-23.782,3.402,True
ET_02,other,31.57,0.10372,0.04414,0.93388,-9.925,-23.072,-4.062,True
ET_02,other,31.580000000000002,-0.006,0.11873,0.87197,-23.172,-17.143,-12.389,True
ET_02,other,31.59,-0.02819,0.18639,0.83183,-31.857,-7.342,-15.469,True
ET_02,other,31.6,-0.04735,0.26308,0.8421,-31.596,6.327,-14.524,True
ET_02,other,31.61,0.02031,0.35555,0.85833,-24.268,15.092,-12.149,True
ET_02,other,31.62,0.11102,0.37123,0.88272,-11.419,22.068,-5.24,True
ET_02,other,31.63,0.21163,0.39097,0.9423,4.498,23.371,1.952,True
ET_02,other,31.64,0.34864,0.3707,0.99074,19.125,20.411,8.05,True
ET_02,other,31.650000000000002,0.41491,0.28018,1.02141,28.542,10.862,13.042,True
ET_02,other,31.66,0.42169,0.22961,1.02775,31.842,-2.075,16.219,True
ET_02,other,31.67,0.38296,0.10694,0.98863,27.536,-11.26,14.649,True
ET_02,other,31.68,0.32206,0.08766,0.96815,15.596,-21.232,7.987,True
ET_02,other,31.69,0.22885,0.02408,0.92627,1.767,-24.487,0.45,True
ET_02,other,31.7,0.0848,0.08833,0.90118,-13.852,-21.108,-7.262,True
ET_02,other,31.71,0.00576,0.13739,0.88176,-25.848,-13.761,-13.54,True
ET_02,other,31.720000000000002,-0.05613,0.2105,0.81848,-30.553,-3.811,-15.576,True
ET_02,other,31.73,-0.03529,0.27452,0.84639,-30.752,8.612,-13.31,True
ET_02,other,31.740000000000002,0.01712,0.3284,0.87863,-21.319,16.514,-9.198,True
ET_02,other,31.75,0.14199,0.39357,0.88531,-7.917,23.286,-3.337,True
ET_02,other,31.76,0.25498,0.38837,0.9126,8.419,20.889,3.881,True
ET_02,other,31.77,0.37132,0.34893,0.96524,21.799,16.548,11.789,True
ET_02,other,31.78,0.46065,0.27325,0.97692,29.125,6.708,14.513,True
ET_02,other,31.79,0.42465,0.18673,1.01253,32.797,-4.416,16.633,True
ET_02,other,31.8,0.389,0.11854,1.00163,23.756,-13.738,10.913,True
ET_02,other,31.810000000000002,0.27149,0.06134,0.95947,12.0,-22.279,5.918,True
ET_02,other,31.82,0.17903,0.05113,0.92108,-3.165,-23.406,-1.615,True
ET_02,other,31.830000000000002,0.0822,0.09229,0.88181,-16.003,-18.57,-8.241,True
ET_02,other,31.84,-0.00984,0.1444,0.86226,-26.473,-11.274,-13.417,True
ET_02,other,31.85,-0.01731,0.21476,0.81148,-32.736,0.358,-17.164,True
ET_02,other,31.86,-0.00363,0.29449,0.84799,-26.029,9.691,-14.11,True
ET_02,other,31.87,0.07048,0.38603,0.88926,-16.291,18.764,-7.647,True
ET_02,other,31.88,0.1588,0.37554,0.91646,-3.981,23.202,-1.395,True
ET_02,other,31.89,0.27068,0.3663,0.97022,12.666,20.781,6.523,True
ET_02,other,31.900000000000002,0.39142,0.32958,0.99428,24.195,12.889,12.681,True
ET_02,other,31.91,0.42039,0.25945,1.00326,29.865,3.694,14.849,True
ET_02,other,31.92,0.41621,0.15754,0.98386,28.319,-7.664,13.733,True
ET_02,other,31.93,0.34385,0.0964,0.97883,21.484,-16.603,9.221,True
ET_02,other,31.94,0.23625,0.05146,0.95187,5.986,-22.386,3.55,True
ET_02,other,31.95,0.15646,0.05079,0.89759,-8.658,-22.537,-3.144,True
ET_02,other,31.96,0.02482,0.10627,0.88021,-20.796,-16.701,-10.682,True
ET_02,other,31.970000000000002,-0.02539,0.17601,0.87,-30.168,-5.683,-12.771,True
ET_02,other,31.98,-0.01446,0.22614,0.85275,-29.503,2.51,-13.618,True
ET_02,other,31.990000000000002,0.03139,0.28703,0.87714,-24.301,13.718,-12.131,True
ET_02,other,32.0,0.10998,0.34688,0.88475,-12.66,21.147,-6.625,True
ET_02,other,32.01,0.21885,0.38122,0.94452,4.322,23.617,1.21,True
ET_02,other,32.02,0.29287,0.37629,0.9679,15.933,17.854,8.181,True
ET_02,other,32.03,0.37912,0.29328,1.00712,26.585,9.942,12.332,True
ET_02,other,32.04,0.43402,0.21345,0.97489,29.287,0.684,14.012,True
ET_02,other,32.05,0.38331,0.1212,0.97035,26.67,-10.279,14.466,True
ET_02,other,32.06,0.32769,0.07993,0.95688,15.637,-18.478,8.548,True
ET_02,other,32.07,0.2352,0.06698,0.94944,4.267,-22.127,1.734,True
ET_02,other,32.08,0.13266,0.09395,0.90028,-13.243,-21.173,-5.051,True
ET_02,other,32.09,0.02818,0.1153,0.85382,-23.705,-13.731,-13.127,True
ET_02,other,32.1,-0.02425,0.20972,0.8424,-30.404,-3.453,-13.577,True
ET_02,other,32.11,-0.02406,0.30842,0.8477,-28.45,7.509,-14.503,True
ET_02,other,32.12,0.06193,0.33653,0.86392,-19.726,15.001,-9.292,True
ET_02,other,32.13,0.11742,0.37548,0.9175,-7.901,21.972,-3.444,True
ET_02,other,32.14,0.26323,0.3708,0.94525,5.169,21.043,4.681,True
ET_02,other,32.15,0.35298,0.32295,0.96393,19.985,16.527,10.957,True
ET_02,other,32.160000000000004,0.39518,0.26605,1.01463,28.129,5.195,14.354,True
ET_02,other,32.17,0.42806,0.21265,0.99606,29.05,-3.34,14.342,True
ET_02,other,32.18,0.34929,0.12746,0.96785,22.475,-12.937,11.064,True
ET_02,other,32.19,0.28315,0.09232,0.96131,13.786,-19.318,5.726,True
ET_02,other,32.2,0.19086,0.06401,0.91398,-1.987,-21.922,-0.701,True
ET_02,other,32.21,0.10004,0.10611,0.88754,-15.393,-17.836,-9.168,True
ET_02,other,32.22,0.024,0.18918,0.85955,-25.597,-11.087,-12.71,True
ET_02,other,32.230000000000004,-0.02271,0.2293,0.84482,-29.033,-0.008,-13.514,True
ET_02,other,32.24,-0.00165,0.30623,0.85109,-25.096,9.736,-13.024,True
ET_02,other,32.25,0.07928,0.32729,0.87838,-17.741,17.816,-8.222,True
ET_02,other,32.26,0.17872,0.39655,0.91869,-3.731,19.74,-1.927,True
ET_02,other,32.27,0.28698,0.37222,0.94084,11.394,19.462,5.276,True
ET_02,other,32.28,0.35063,0.34282,0.99888,20.072,13.812,11.615,True
ET_02,other,32.29,0.41534,0.25172,0.97584,27.978,3.575,13.205,True
ET_02,other,32.3,0.37839,0.18084,0.97957,26.485,-6.253,13.979,True
ET_02,other,32.31,0.33841,0.14449,0.97298,18.773,-14.896,10.638,True
ET_02,other,32.32,0.24618,0.104,0.96062,7.414,-18.855,3.168,True
ET_02,other,32.33,0.15922,0.08472,0.91153,-5.096,-19.66,-3.777,True
ET_02,other,32.34,0.09557,0.11847,0.88187,-18.059,-14.689,-9.941,True
ET_02,other,32.35,0.00071,0.14183,0.86064,-24.475,-7.494,-14.275,True
ET_02,other,32.36,-0.00683,0.24377,0.83642,-27.359,0.322,-12.506,True
ET_02,other,32.37,0.04194,0.307,0.8511,-20.968,11.71,-11.142,True
ET_02,other,32.38,0.11396,0.37064,0.89885,-12.184,18.57,-5.214,True
ET_02,other,32.39,0.20842,0.36849,0.92119,1.571,19.612,2.084,True
ET_02,other,32.4,0.27792,0.35207,0.96097,12.327,18.008,5.602,True
ET_02,other,32.410000000000004,0.38066,0.31305,0.98642,24.351,9.558,10.582,True
ET_02,other,32.42,0.39623,0.24519,0.99106,27.211,0.866,12.758,True
ET_02,other,32.43,0.35737,0.16156,0.97301,24.93,-8.04,13.059,True
ET_02,other,32.44,0.31714,0.11964,0.97644,16.398,-17.727,7.144,True
ET_02,other,32.45,0.24179,0.09182,0.93335,4.141,-20.165,1.596,True
ET_02,other,32.46,0.1387,0.07501,0.91657,-9.925,-18.366,-4.254,True
ET_02,other,32.47,0.08441,0.13693,0.90197,-19.349,-13.563,-10.5,True
ET_02,other,32.480000000000004,0.01562,0.20767,0.85677,-26.596,-4.524,-12.216,True
ET_02,other,32.49,0.02676,0.28162,0.85463,-25.129,4.62,-11.722,True
ET_02,other,32.5,0.07761,0.31484,0.89052,-19.329,12.699,-9.287,True
ET_02,other,32.51,0.13517,0.36654,0.91084,-8.639,18.634,-4.928,True
ET_02,other,32.52,0.22875,0.34707,0.94148,4.345,18.242,1.355,True
ET_02,other,32.53,0.29162,0.32551,0.95123,16.631,14.517,7.222,True
ET_02,other,32.54,0.38748,0.28266,0.96235,25.357,8.232,12.031,True
ET_02,other,32.55,0.39827,0.16762,1.0046,28.493,-2.078,12.522,True
ET_02,other,32.56,0.36667,0.12531,0.98654,20.392,-10.769,10.798,True
ET_02,other,32.57,0.28466,0.08712,0.95755,13.288,-17.953,6.081,True
ET_02,other,32.58,0.19557,0.07815,0.93871,-0.358,-19.079,0.897,True
ET_02,other,32.59,0.11805,0.08359,0.88365,-12.934,-16.494,-5.132,True
ET_02,other,32.6,0.04447,0.17079,0.8599,-20.12,-9.07,-11.235,True
ET_02,other,32.61,-0.00501,0.19912,0.84999,-25.532,-1.561,-13.116,True
ET_02,other,32.62,0.01942,0.28038,0.8635,-23.788,7.296,-12.528,True
ET_02,other,32.63,0.08509,0.33197,0.87245,-15.748,12.736,-6.63,True
ET_02,other,32.64,0.15295,0.37177,0.91149,-3.045,17.445,-1.543,True
ET_02,other,32.65,0.2651,0.35613,0.94835,7.407,16.761,3.856,True
ET_02,other,32.660000000000004,0.34458,0.28419,0.9461,17.744,11.928,10.025,True
ET_02,other,32.67,0.35564,0.28072,1.0036,23.445,5.414,10.08,True
ET_02,other,32.68,0.41336,0.20395,0.99055,23.152,-4.73,11.828,True
ET_02,other,32.69,0.35772,0.12421,1.00692,18.186,-13.811,10.206,True
ET_02,other,32.7,0.272,0.10355,0.96046,7.859,-16.874,4.438,True
ET_02,other,32.71,0.19418,0.09099,0.92084,-2.928,-17.426,-3.222,True
ET_02,other,32.72,0.0713,0.11719,0.88304,-15.095,-13.769,-5.776,True
ET_02,other,32.730000000000004,0.03893,0.13913,0.89175,-22.489,-7.457,-9.951,True
ET_02,other,32.74,0.00296,0.23403,0.87123,-25.519,1.239,-11.526,True
ET_02,other,32.75,0.00888,0.27384,0.87911,-21.31,9.895,-10.556,True
ET_02,other,32.76,0.09275,0.3562,0.89603,-12.471,14.376,-5.801,True
ET_02,other,32.77,0.18673,0.35755,0.9202,-0.946,18.473,-1.413,True
ET_02,other,32.78,0.27648,0.31644,0.95254,9.354,16.26,5.257,True
ET_02,other,32.79,0.34651,0.30264,0.98953,21.167,11.037,8.365,True
ET_02,other,32.8,0.34802,0.22478,1.01263,24.381,1.849,11.812,True
ET_02,other,32.81,0.35248,0.16928,1.00816,22.011,-6.432,10.56,True
ET_02,other,32.82,0.30937,0.1055,0.94913,15.127,-12.105,8.236,True
ET_02,other,32.83,0.23868,0.09197,0.94849,5.605,-18.317,2.741,True
ET_02,other,32.84,0.15859,0.10793,0.89707,-7.311,-16.622,-3.392,True
ET_02,other,32.85,0.08728,0.13723,0.85364,-17.339,-10.459,-8.39,True
ET_02,other,32.86,0.03979,0.17891,0.87695,-21.961,-5.395,-11.857,True
ET_02,other,32.87,0.04443,0.23661,0.85224,-22.401,1.961,-12.087,True
ET_02,other,32.88,0.07534,0.32717,0.89144,-17.469,11.093,-8.786,True
ET_02,other,32.89,0.10297,0.33669,0.89833,-8.547,16.719,-2.079,True
ET_02,other,32.9,0.22179,0.34566,0.91129,1.521,18.333,0.301,True
ET_02,other,32.910000000000004,0.25992,0.33953,0.94532,14.941,14.453,5.977,True
ET_02,other,32.92,0.32602,0.29543,0.95875,19.321,6.77,10.828,True
ET_02,other,32.93,0.35211,0.22917,0.98726,22.046,-2.035,10.199,True
ET_02,other,32.94,0.32208,0.17339,0.99207,19.595,-8.897,8.69,True
ET_02,other,32.95,0.29929,0.11984,0.94659,11.483,-14.442,7.316,True
ET_02,other,32.96,0.19605,0.09303,0.92238,0.009,-16.297,-0.723,True
ET_02,other,32.97,0.13827,0.12019,0.88072,-9.316,-15.393,-4.606,True
ET_02,other,32.980000000000004,0.05062,0.13243,0.8914,-18.582,-9.649,-9.227,True
ET_02,other,32.99,0.04029,0.19875,0.88346,-21.113,-2.212,-10.508,True
ET_02,other,33.0,0.04134,0.26672,0.85118,-21.03,5.241,-11.36,True
ET_02,other,33.01,0.10117,0.31079,0.87285,-15.005,11.848,-8.033,True
ET_02,other,33.02,0.18349,0.34519,0.91805,-6.143,14.09,-1.157,True
ET_02,other,33.03,0.24877,0.34393,0.94892,7.036,15.221,1.319,True
ET_02,other,33.04,0.31114,0.3374,0.97063,14.714,11.995,8.003,True
ET_02,other,33.05,0.34906,0.25154,0.9798,20.802,4.375,10.556,True
ET_02,other,33.06,0.36503,0.21151,0.97417,21.738,-1.565,11.069,True
ET_02,other,33.07,0.33501,0.14781,0.97139,16.151,-9.766,7.702,True
ET_02,other,33.08,0.26388,0.10658,0.95324,9.122,-14.398,4.986,True
ET_02,other,33.09,0.16565,0.12912,0.89905,-1.991,-17.092,-2.359,True
ET_02,other,33.1,0.07803,0.1402,0.90241,-12.944,-14.948,-5.803,True
ET_02,other,33.11,0.05936,0.15904,0.88913,-19.956,-6.498,-10.037,True
ET_02,other,33.12,0.01716,0.22602,0.87702,-22.036,0.618,-10.397,True
ET_02,other,33.13,0.02537,0.28274,0.87278,-17.976,8.814,-9.932,True
ET_02,other,33.14,0.11795,0.31415,0.8918,-12.655,14.449,-6.457,True
ET_02,other,33.15,0.16451,0.32847,0.95029,-2.193,15.899,-0.777,True
ET_02,other,33.160000000000004,0.27819,0.30999,0.94847,9.846,13.765,4.957,True
ET_02,other,33.17,0.33091,0.29245,0.96945,17.027,9.86,7.549,True
ET_02,other,33.18,0.35973,0.23233,1.00081,22.344,2.042,10.374,True
ET_02,other,33.19,0.35158,0.18391,0.96501,19.36,-5.016,10.157,True
ET_02,other,33.2,0.31161,0.13067,0.95623,13.678,-12.015,7.174,True
ET_02,other,33.21,0.24722,0.12538,0.92927,3.834,-15.551,2.679,True
ET_02,other,33.22,0.15894,0.10856,0.90286,-4.848,-16.589,-2.494,True
ET_02,other,33.230000000000004,0.0832,0.14257,0.89104,-14.189,-13.141,-6.043,True
ET_02,other,33.24,0.04798,0.1583,0.87001,-18.303,-4.088,-11.083,True
ET_02,other,33.25,0.04834,0.2413,0.87358,-20.419,3.21,-9.314,True
ET_02,other,33.26,0.08081,0.28223,0.87121,-16.862,8.842,-8.803,True
ET_02,other,33.27,0.12672,0.34007,0.89669,-8.373,12.609,-4.447,True
ET_02,other,33.28,0.20656,0.32405,0.92546,1.043,14.607,1.384,True
ET_02,other,33.29,0.25229,0.33445,0.96939,10.725,12.816,5.084,True
ET_02,other,33.3,0.30863,0.27486,0.95484,19.33,7.633,9.15,True
ET_02,other,33.31,0.35125,0.20118,0.99624,20.168,0.368,11.218,True
ET_02,other,33.32,0.33539,0.15435,0.95536,18.607,-7.127,7.822,True
ET_02,other,33.33,0.30016,0.1383,0.9677,13.214,-11.897,5.263,True
ET_02,other,33.34,0.21557,0.13142,0.9288,1.937,-15.218,1.616,True
ET_02,other,33.35,0.13789,0.12262,0.91264,-6.964,-13.169,-3.566,True
ET_02,other,33.36,0.06095,0.16642,0.89278,-15.615,-8.582,-7.853,True
ET_02,other,33.37,0.03459,0.23828,0.87436,-19.862,-1.676,-9.071,True
ET_02,other,33.38,0.03264,0.24992,0.89337,-20.773,4.596,-10.34,True
ET_02,other,33.39,0.05184,0.32238,0.9016,-14.992,11.952,-6.45,True
ET_02,other,33.4,0.15677,0.32833,0.94631,-5.747,13.464,-2.551,True
ET_02,other,33.410000000000004,0.24375,0.32909,0.94951,4.081,14.572,2.492,True
ET_02,other,33.42,0.28107,0.29086,0.96949,13.426,10.497,7.542,True
ET_02,other,33.43,0.33068,0.28615,0.98129,18.395,5.55,9.772,True
ET_02,other,33.44,0.35334,0.18451,1.00394,21.491,-2.086,10.978,True
ET_02,other,33.45,0.32294,0.16188,0.95165,15.784,-9.122,7.046,True
ET_02,other,33.46,0.25891,0.13353,0.92818,10.024,-13.946,4.062,True
ET_02,other,33.47,0.20261,0.1048,0.91607,-1.253,-14.205,1.018,True
ET_02,other,33.480000000000004,0.11706,0.10411,0.90592,-9.726,-12.909,-4.779,True
ET_02,other,33.49,0.08,0.17055,0.85864,-16.722,-7.357,-9.289,True
ET_02,other,33.5,0.06944,0.22273,0.86417,-20.247,-1.331,-7.714,True
ET_02,other,33.51,0.07139,0.26334,0.85301,-18.932,5.641,-9.06,True
ET_02,other,33.52,0.11007,0.31404,0.89693,-12.019,10.39,-4.616,True
ET_02,other,33.53,0.13446,0.33942,0.9268,-2.155,14.663,-1.311,True
ET_02,other,33.54,0.23732,0.3254,0.94668,7.115,13.897,3.645,True
ET_02,other,33.55,0.31979,0.28927,0.96302,15.272,10.491,8.948,True
ET_02,other,33.56,0.31493,0.22832,0.99293,19.277,3.543,8.706,True
ET_02,other,33.57,0.32508,0.18252,0.9583,18.987,-3.198,10.56,True
ET_02,other,33.58,0.31625,0.14938,0.95366,14.151,-10.952,6.837,True
ET_02,other,33.59,0.23788,0.12765,0.95782,4.43,-14.72,3.69,True
ET_02,other,33.6,0.18064,0.13295,0.92724,-5.097,-13.358,-1.657,True
ET_02,other,33.61,0.09068,0.14297,0.84975,-12.897,-11.386,-5.923,True
ET_02,other,33.62,0.05127,0.19836,0.88361,-17.29,-4.646,-9.171,True
ET_02,other,33.63,0.04417,0.23653,0.87235,-19.93,1.141,-9.865,True
ET_02,other,33.64,0.05707,0.25835,0.88953,-17.495,7.327,-8.539,True
ET_02,other,33.65,0.12199,0.31624,0.88467,-8.47,12.151,-3.053,True
ET_02,other,33.660000000000004,0.19374,0.31385,0.93075,-0.233,14.902,0.566,True
ET_02,other,33.67,0.27214,0.32471,0.97051,9.109,12.782,4.667,True
ET_02,other,33.68,0.29829,0.2898,0.96286,17.276,7.038,9.159,True
ET_02,other,33.69,0.36478,0.22027,0.99558,19.942,1.397,9.645,True
ET_02,other,33.7,0.3124,0.18912,0.96547,17.654,-5.953,9.828,True
ET_02,other,33.71,0.27039,0.13033,0.98494,11.189,-11.259,5.704,True
ET_02,other,33.72,0.2155,0.10567,0.92195,3.136,-13.945,0.852,True
ET_02,other,33.730000000000004,0.15617,0.10733,0.91373,-5.567,-14.196,-3.036,True
ET_02,other,33.74,0.07802,0.1506,0.88056,-14.63,-10.045,-7.645,True
ET_02,other,33.75,0.05661,0.14439,0.90386,-19.342,-5.439,-11.776,True
ET_02,other,33.76,0.01625,0.24341,0.88644,-18.426,3.801,-10.215,True
ET_02,other,33.77,0.08462,0.30435,0.9094,-15.465,9.812,-7.57,True
ET_02,other,33.78,0.12931,0.30417,0.90946,-6.655,13.902,-2.571,True
ET_02,other,33.79,0.22029,0.29494,0.94149,3.397,13.716,2.728,True
ET_02,other,33.8,0.27416,0.31778,0.97349,12.432,10.622,6.275,True
ET_02,other,33.81,0.28095,0.23729,0.99183,19.22,4.499,9.538,True
ET_02,other,33.82,0.3214,0.20362,0.9738,18.94,0.221,9.693,True
ET_02,other,33.83,0.2975,0.16436,0.98278,16.966,-6.822,7.739,True
ET_02,other,33.84,0.23097,0.13265,0.95525,10.953,-14.2,3.52,True
ET_02,other,33.85,0.1797,0.07775,0.91237,-0.266,-14.805,-0.58,True
ET_02,other,33.86,0.13341,0.10823,0.91407,-8.582,-13.167,-4.051,True
ET_02,other,33.87,0.06924,0.17445,0.89852,-17.162,-7.243,-8.86,True
ET_02,other,33.88,0.05164,0.21034,0.89697,-20.722,-2.352,-8.875,True
ET_02,other,33.89,0.04351,0.24987,0.89497,-19.023,3.83,-9.757,True
ET_02,other,33.9,0.12353,0.3175,0.91995,-13.016,11.289,-5.741,True
ET_02,other,33.910000000000004,0.1976,0.32392,0.93773,-4.925,15.073,-2.553,True
ET_02,other,33.92,0.22435,0.31908,0.95225,7.081,13.638,4.956,True
ET_02,other,33.93,0.27297,0.29497,0.98917,13.218,9.75,7.612,True
ET_02,other,33.94,0.31198,0.24258,0.97917,18.581,4.149,11.33,True
ET_02,other,33.95,0.33733,0.17528,0.98052,20.206,-3.761,9.827,True
ET_02,other,33.96,0.31499,0.12691,0.96308,14.848,-9.391,8.475,True
ET_02,other,33.97,0.23417,0.09508,0.9582,7.843,-12.876,3.892,True
ET_02,other,33.980000000000004,0.18166,0.09066,0.9326,-3.859,-14.897,-1.354,True
ET_02,other,33.99,0.05953,0.1517,0.89978,-12.432,-11.884,-6.79,True
ET_02,other,34.0,0.02083,0.15985,0.89748,-18.065,-6.589,-8.775,True
ET_02,other,34.01,0.01227,0.21079,0.87584,-20.686,0.904,-9.391,True
ET_02,other,34.02,0.04203,0.25748,0.90709,-15.769,8.357,-8.628,True
ET_02,other,34.03,0.10905,0.32188,0.92541,-12.379,11.951,-4.205,True
ET_02,other,34.04,0.19675,0.32539,0.91162,-0.631,13.785,-0.357,True
ET_02,other,34.05,0.23649,0.28823,0.96612,9.235,12.563,4.539,True
ET_02,other,34.06,0.29224,0.26947,0.96158,17.052,9.501,6.726,True
ET_02,other,34.07,0.3426,0.20739,1.00415,20.786,0.617,9.489,True
ET_02,other,34.08,0.31883,0.18019,1.02049,19.613,-5.113,9.441,True
ET_02,other,34.09,0.27729,0.13145,0.97549,13.604,-12.645,6.26,True
ET_02,other,34.1,0.21589,0.06638,0.9371,3.409,-13.856,3.137,True
ET_02,other,34.11,0.13573,0.12482,0.93517,-5.005,-14.289,-3.105,True
ET_02,other,34.12,0.05263,0.13794,0.88392,-14.206,-10.172,-7.752,True
ET_02,other,34.13,0.04324,0.17397,0.91277,-20.553,-4.825,-8.943,True
ET_02,other,34.14,0.04877,0.22084,0.8829,-20.935,2.099,-10.29,True
ET_02,other,34.15,0.04925,0.29077,0.9022,-14.56,10.182,-7.691,True
ET_02,other,34.160000000000004,0.11197,0.29396,0.91785,-7.979,14.029,-5.712,True
ET_02,other,34.17,0.19625,0.32185,0.94978,3.293,14.497,0.859,True
ET_02,other,34.18,0.27626,0.2764,0.95207,11.452,11.856,6.029,True
ET_02,other,34.19,0.32378,0.24764,0.99379,19.328,6.672,9.345,True
ET_02,other,34.2,0.30149,0.19365,0.98924,20.548,-0.959,10.981,True
ET_02,other,34.21,0.31757,0.14839,0.99778,16.337,-8.538,9.015,True
ET_02,other,34.22,0.24817,0.1213,0.94192,10.04,-11.127,5.754,True
ET_02,other,34.230000000000004,0.18257,0.089,0.94855,1.417,-15.041,0.703,True
ET_02,other,34.24,0.10342,0.10904,0.91753,-7.813,-14.208,-3.283,True
ET_02,other,34.25,0.04317,0.15075,0.89042,-15.751,-9.042,-8.034,True
ET_02,other,34.26,0.02341,0.19969,0.86138,-19.065,-2.3,-9.58,True
ET_02,other,34.27,0.02342,0.25116,0.87608,-19.875,3.985,-9.835,True
ET_02,other,34.28,0.05466,0.29917,0.89422,-13.475,11.667,-6.73,True
ET_02,other,34.29,0.13095,0.34167,0.91869,-4.466,15.227,-1.989,True
ET_02,other,34.300000000000004,0.20747,0.32935,0.9567,4.939,13.938,4.44,True
ET_02,other,34.31,0.28211,0.33577,0.95352,16.257,12.139,7.937,True
ET_02,other,34.32,0.28932,0.23252,0.98776,19.505,5.925,10.097,True
ET_02,other,34.33,0.3219,0.20129,1.0195,20.343,-2.078,10.74,True
ET_02,other,34.34,0.25933,0.1508,0.98315,16.044,-10.063,8.589,True
ET_02,other,34.35,0.23701,0.11593,0.95827,8.06,-13.742,3.282,True
ET_02,other,34.36,0.15467,0.09027,0.93268,-1.263,-14.978,-0.496,True
ET_02,other,34.37,0.11,0.12633,0.90888,-11.589,-13.713,-6.574,True
ET_02,other,34.38,0.00983,0.15684,0.89534,-20.9,-7.369,-9.846,True
ET_02,other,34.39,-0.02616,0.20996,0.86741,-22.578,-2.032,-11.013,True
ET_02,other,34.4,0.0007,0.24146,0.89194,-19.588,7.096,-10.076,True
ET_02,other,34.410000000000004,0.07604,0.31242,0.91589,-13.386,12.941,-6.38,True
ET_02,other,34.42,0.13998,0.33168,0.92759,-1.01,16.234,-1.443,True
ET_02,other,34.43,0.24194,0.33598,0.97809,7.459,15.925,3.698,True
ET_02,other,34.44,0.2914,0.30557,1.00281,17.933,8.309,8.26,True
ET_02,other,34.45,0.31834,0.23765,0.98576,22.001,3.019,10.868,True
ET_02,other,34.46,0.29587,0.18171,0.98134,21.82,-6.582,11.569,True
ET_02,other,34.47,0.27851,0.12323,0.97814,15.691,-12.242,6.705,True
ET_02,other,34.480000000000004,0.22887,0.09912,0.96561,5.245,-17.462,3.825,True
ET_02,other,34.49,0.09669,0.11338,0.92273,-6.201,-16.576,-3.054,True
ET_02,other,34.5,0.04486,0.09569,0.89899,-14.438,-11.794,-6.882,True
ET_02,other,34.51,0.00405,0.18222,0.87509,-21.286,-4.62,-10.608,True
ET_02,other,34.52,-0.00436,0.19871,0.88694,-22.813,3.306,-12.179,True
ET_02,other,34.53,0.0304,0.23686,0.89703,-16.653,10.211,-9.346,True
ET_02,other,34.54,0.09211,0.30804,0.91316,-9.821,13.67,-5.563,True
ET_02,other,34.550000000000004,0.20344,0.32552,0.93272,1.353,16.299,0.736,True
ET_02,other,34.56,0.26682,0.29908,0.96532,12.092,15.449,5.117,True
ET_02,other,34.57,0.29293,0.27064,0.99416,20.047,7.819,10.254,True
ET_02,other,34.58,0.30548,0.19617,0.98861,23.145,0.059,12.59,True
ET_02,other,34.59,0.28798,0.17776,0.96202,20.283,-7.433,10.63,True
ET_02,other,34.6,0.25789,0.10824,0.97557,13.476,-13.574,5.654,True
ET_02,other,34.61,0.16179,0.09104,0.95314,3.886,-15.946,0.408,True
ET_02,other,34.62,0.07669,0.08155,0.90601,-8.436,-14.942,-4.406,True
ET_02,other,34.63,0.02088,0.112,0.89188,-16.947,-11.699,-8.766,True
ET_02,other,34.64,-0.0097,0.18304,0.88336,-21.968,-4.213,-12.313,True
ET_02,other,34.65,-0.00372,0.21506,0.89926,-23.051,5.361,-11.637,True
ET_02,other,34.660000000000004,0.04439,0.29503,0.89852,-17.763,14.05,-7.397,True
ET_02,other,34.67,0.10329,0.31112,0.9383,-6.905,18.276,-2.917,True
ET_02,other,34.68,0.20301,0.30772,0.96833,4.205,17.414,2.27,True
ET_02,other,34.69,0.25096,0.31364,0.99158,15.795,12.563,8.263,True
ET_02,other,34.7,0.32203,0.28504,1.01242,22.094,6.3,11.102,True
ET_02,other,34.71,0.31969,0.19079,1.04935,24.349,-2.364,10.588,True
ET_02,other,34.72,0.29737,0.11032,0.99485,20.914,-10.496,9.969,True
ET_02,other,34.730000000000004,0.20847,0.07664,0.94887,11.682,-16.473,7.132,True
ET_02,other,34.74,0.14694,0.06719,0.9445,-2.11,-17.044,-1.111,True
ET_02,other,34.75,0.06339,0.09776,0.92561,-12.083,-15.903,-5.983,True
ET_02,other,34.76,0.01639,0.13297,0.89192,-18.732,-7.632,-11.236,True
ET_02,other,34.77,-0.01325,0.19029,0.88065,-23.942,-1.646,-12.812,True
ET_02,other,34.78,0.0181,0.27394,0.86031,-21.383,6.802,-10.819,True
ET_02,other,34.79,0.06691,0.32528,0.89767,-13.724,15.162,-9.166,True
ET_02,other,34.800000000000004,0.13586,0.32156,0.95593,-3.844,17.936,-1.758,True
ET_02,other,34.81,0.22127,0.32125,0.97627,8.447,17.038,5.078,True
ET_02,other,34.82,0.27839,0.27606,0.99856,17.434,11.947,9.958,True
ET_02,other,34.83,0.32254,0.23307,0.99691,25.6,4.734,12.451,True
ET_02,other,34.84,0.32962,0.15324,0.99817,24.233,-4.162,11.016,True
ET_02,other,34.85,0.29705,0.11499,0.9716,16.428,-12.953,9.362,True
ET_02,other,34.86,0.21104,0.07137,0.98161,8.072,-18.321,4.276,True
ET_02,other,34.87,0.10038,0.04722,0.93448,-5.07,-17.903,-1.423,True
ET_02,other,34.88,0.04837,0.11527,0.9459,-15.854,-13.163,-7.507,True
ET_02,other,34.89,-0.03262,0.14803,0.88341,-23.584,-6.92,-10.848,True
ET_02,other,34.9,-0.02879,0.23422,0.89003,-25.734,1.865,-11.727,True
ET_02,other,34.910000000000004,0.01072,0.28255,0.89373,-21.798,11.601,-11.297,True
ET_02,other,34.92,0.03419,0.32236,0.89978,-11.959,18.407,-5.962,True
ET_02,other,34.93,0.11687,0.35179,0.96224,0.451,18.093,-0.368,True
ET_02,other,34.94,0.253,0.32101,0.98121,12.695,16.524,4.693,True
ET_02,other,34.95,0.32646,0.27389,0.99628,21.74,10.627,11.68,True
ET_02,other,34.96,0.35901,0.2214,1.024,26.416,1.262,13.74,True
ET_02,other,34.97,0.32783,0.11818,1.03225,23.261,-7.258,11.45,True
ET_02,other,34.980000000000004,0.25978,0.08932,1.00273,15.913,-14.848,8.004,True
ET_02,other,34.99,0.20477,0.03116,0.9466,4.915,-19.061,2.739,True
ET_02,other,35.0,0.1046,0.05188,0.94299,-7.114,-19.095,-3.326,True
ET_02,other,35.01,0.02787,0.10324,0.89047,-19.325,-12.714,-10.217,True
ET_02,other,35.02,-0.07091,0.17798,0.85729,-25.276,-4.392,-12.842,True
ET_02,other,35.03,-0.02588,0.23438,0.85562,-25.969,4.445,-11.686,True
ET_02,other,35.04,-0.00146,0.30284,0.90564,-19.387,14.016,-10.125,True
ET_02,other,35.050000000000004,0.07161,0.31841,0.91274,-8.447,19.879,-4.142,True
ET_02,other,35.06,0.21261,0.35503,0.96757,3.32,19.39,3.245,True
ET_02,other,35.07,0.25839,0.31957,0.99485,16.28,15.878,8.171,True
ET_02,other,35.08,0.32616,0.24884,1.00068,24.455,7.331,12.049,True
ET_02,other,35.09,0.33453,0.19841,1.04465,26.161,-1.807,12.489,True
ET_02,other,35.1,0.29137,0.13725,1.04802,21.983,-10.119,10.816,True
ET_02,other,35.11,0.23662,0.06791,0.99878,12.807,-17.775,7.382,True
ET_02,other,35.12,0.13857,0.04273,0.96945,0.439,-21.266,-0.297,True
ET_02,other,35.13,0.06371,0.06539,0.92408,-12.549,-18.174,-5.864,True
ET_02,other,35.14,-0.02436,0.13826,0.89586,-23.883,-11.616,-11.135,True
ET_02,other,35.15,-0.05438,0.18481,0.85921,-26.686,-2.733,-14.191,True
ET_02,other,35.160000000000004,-0.06234,0.26474,0.86936,-26.903,6.841,-12.028,True
ET_02,other,35.17,0.00504,0.3336,0.94424,-18.093,15.89,-10.119,True
ET_02,other,35.18,0.1172,0.34372,0.96518,-5.21,20.146,-1.869,True
ET_02,other,35.19,0.19426,0.32747,0.97149,9.16,20.2,2.746,True
ET_02,other,35.2,0.28493,0.33159,0.9925,20.482,14.324,9.736,True
ET_02,other,35.21,0.35679,0.21681,1.02132,26.33,6.812,13.338,True
ET_02,other,35.22,0.36368,0.16538,1.01745,25.255,-2.414,14.062,True
ET_02,other,35.230000000000004,0.30111,0.11046,1.01955,22.835,-13.8,12.346,True
ET_02,other,35.24,0.20293,0.05299,0.98232,9.822,-19.809,3.898,True
ET_02,other,35.25,0.10256,0.02216,0.92801,-2.82,-21.369,-2.038,True
ET_02,other,35.26,0.01657,0.05305,0.89101,-14.89,-16.781,-7.63,True
ET_02,other,35.27,-0.03033,0.11377,0.89693,-26.171,-6.919,-13.656,True
ET_02,other,35.28,-0.05189,0.20009,0.87358,-29.119,0.989,-13.263,True
ET_02,other,35.29,-0.01519,0.28967,0.89251,-24.071,11.255,-12.452,True
ET_02,other,35.300000000000004,0.02667,0.32559,0.96347,-14.714,17.144,-7.379,True
ET_02,other,35.31,0.1243,0.35977,0.97244,-0.349,21.092,-0.925,True
ET_02,other,35.32,0.20553,0.3535,0.98119,12.29,20.336,5.492,True
ET_02,other,35.33,0.31223,0.29224,1.02502,24.398,12.333,11.842,True
ET_02,other,35.34,0.33548,0.22233,1.04065,29.547,2.221,13.67,True
ET_02,other,35.35,0.35756,0.13894,1.02258,28.383,-7.705,14.845,True
ET_02,other,35.36,0.2931,0.06606,0.97779,19.354,-17.198,7.91,True
ET_02,other,35.37,0.19553,0.04023,1.00018,6.378,-21.38,3.65,True
ET_02,other,35.38,0.09365,0.05311,0.91621,-8.252,-20.668,-6.513,True
ET_02,other,35.39,0.00742,0.10064,0.88783,-21.241,-16.3,-11.011,True
ET_02,other,35.4,-0.03606,0.14046,0.88361,-28.023,-5.439,-14.388,True
ET_02,other,35.410000000000004,-0.08459,0.22654,0.88646,-28.899,3.737,-13.314,True
ET_02,other,35.42,-0.02983,0.28343,0.91071,-22.882,12.983,-12.949,True
ET_02,other,35.43,0.07941,0.36351,0.91197,-11.111,20.455,-6.726,True
ET_02,other,35.44,0.16346,0.34612,0.95055,2.199,24.282,2.059,True
ET_02,other,35.45,0.25377,0.33832,1.00105,16.758,16.88,9.449,True
ET_02,other,35.46,0.3351,0.25719,1.00652,26.281,10.122,13.442,True
ET_02,other,35.47,0.37179,0.20222,1.01817,30.104,0.686,13.785,True
ET_02,other,35.480000000000004,0.3364,0.10445,1.03968,25.833,-10.296,13.348,True
ET_02,other,35.49,0.26031,0.06523,1.01142,17.798,-16.994,8.939,True
ET_02,other,35.5,0.17127,0.04699,0.97295,2.001,-21.841,1.109,True
ET_02,other,35.51,0.04651,0.02614,0.93687,-12.21,-20.895,-7.605,True
ET_02,other,35.52,-0.04411,0.10868,0.89237,-24.037,-13.377,-11.627,True
ET_02,other,35.53,-0.06962,0.18231,0.86677,-30.532,-1.968,-15.156,True
ET_02,other,35.54,-0.07584,0.22981,0.88351,-28.166,6.941,-15.329,True
ET_02,other,35.550000000000004,0.00339,0.33147,0.92432,-19.861,16.739,-9.909,True
ET_02,other,35.56,0.07731,0.34584,0.9563,-9.652,22.385,-3.438,True
ET_02,other,35.57,0.17146,0.3312,1.00564,8.227,22.833,4.491,True
ET_02,other,35.58,0.27349,0.29545,1.02299,21.164,16.793,11.159,True
ET_02,other,35.59,0.351,0.24399,1.06369,29.237,6.623,14.386,True
ET_02,other,35.6,0.38503,0.16791,1.02237,30.821,-5.224,15.643,True
ET_02,other,35.61,0.28488,0.08311,1.00861,23.097,-13.917,12.45,True
ET_02,other,35.62,0.23921,0.05486,1.00807,12.777,-21.799,5.616,True
ET_02,other,35.63,0.09504,0.02628,0.96063,-3.29,-23.769,-2.862,True
ET_02,other,35.64,-0.01885,0.05602,0.93343,-15.917,-18.993,-8.26,True
ET_02,other,35.65,-0.04177,0.13531,0.8717,-26.025,-11.294,-13.906,True
ET_02,other,35.660000000000004,-0.09767,0.20603,0.87134,-30.788,0.345,-16.25,True
ET_02,other,35.67,-0.06462,0.27589,0.87965,-28.663,10.502,-13.498,True
ET_02,other,35.68,0.00496,0.31028,0.91241,-17.177,19.05,-9.133,True
ET_02,other,35.69,0.10144,0.37168,0.91185,-3.333,23.542,-1.912,True
ET_02,other,35.7,0.20421,0.33071,0.97935,13.234,21.075,5.746,True
ET_02,other,35.71,0.28533,0.31023,1.03843,23.266,13.054,11.519,True
ET_02,other,35.72,0.35418,0.21066,1.05461,30.967,4.719,14.716,True
ET_02,other,35.730000000000004,0.31918,0.11623,1.02084,29.52,-5.966,15.312,True
ET_02,other,35.74,0.3049,0.07966,1.02689,21.038,-17.046,10.341,True
ET_02,other,35.75,0.16727,0.01168,0.99424,6.767,-22.13,5.297,True
ET_02,other,35.76,0.09032,0.02793,0.91337,-7.222,-22.576,-3.644,True
ET_02,other,35.77,-0.02555,0.06484,0.91564,-20.329,-16.798,-10.106,True
ET_02,other,35.78,-0.07105,0.11667,0.90054,-30.349,-8.335,-15.216,True
ET_02,other,35.79,-0.12222,0.22923,0.87903,-30.504,2.849,-16.04,True
ET_02,other,35.800000000000004,-0.04067,0.29241,0.90797,-25.31,14.324,-12.71,True
ET_02,other,35.81,0.03616,0.37339,0.94128,-13.562,20.457,-5.442,True
ET_02,other,35.82,0.15975,0.37137,0.96656,1.014,22.566,0.131,True
ET_02,other,35.83,0.26006,0.34779,1.01556,16.326,19.62,7.34,True
ET_02,other,35.84,0.31831,0.30401,1.05293,26.7,11.636,12.718,True
ET_02,other,35.85,0.38129,0.20051,1.02213,33.371,1.027,17.448,True
ET_02,other,35.86,0.33634,0.11453,1.06014,27.565,-10.675,14.913,True
ET_02,other,35.87,0.27223,0.02152,1.02317,18.183,-20.301,8.857,True
ET_02,other,35.88,0.13902,0.03086,0.9525,3.395,-23.437,0.914,True
ET_02,other,35.89,0.05366,0.02466,0.90889,-11.364,-21.672,-4.919,True
ET_02,other,35.9,-0.06759,0.07566,0.92066,-24.19,-16.171,-12.092,True
ET_02,other,35.910000000000004,-0.10541,0.14908,0.87674,-30.645,-5.366,-16.39,True
ET_02,other,35.92,-0.10288,0.24031,0.89388,-31.013,6.125,-14.924,True
ET_02,other,35.93,-0.04372,0.30794,0.89424,-23.821,16.309,-11.678,True
ET_02,other,35.94,0.0315,0.35787,0.96632,-10.348,22.974,-5.517,True
ET_02,other,35.95,0.17614,0.3801,0.97284,6.673,23.195,4.881,True
ET_02,other,35.96,0.28453,0.32909,1.04103,21.553,18.004,11.065,True
ET_02,other,35.97,0.33719,0.2454,1.03606,30.026,9.137,15.192,True
ET_02,other,35.980000000000004,0.33555,0.16357,1.06208,33.001,-1.524,15.523,True
ET_02,other,35.99,0.31653,0.08931,1.05137,26.481,-13.027,13.333,True
ET_02,other,36.0,0.20882,0.01689,1.02591,12.812,-22.403,6.786,True
ET_02,other,36.01,0.08744,0.01385,0.97733,-1.553,-24.953,0.513,True
ET_02,other,36.02,0.03134,0.04334,0.92476,-16.457,-19.545,-9.79,True
ET_02,other,36.03,-0.07688,0.11849,0.88651,-26.821,-12.395,-14.65,True
ET_02,other,36.04,-0.12818,0.18491,0.89814,-33.294,-1.79,-16.899,True
ET_02,other,36.050000000000004,-0.11267,0.24975,0.90726,-29.531,9.309,-14.543,True
ET_02,other,36.06,-0.02738,0.30296,0.91107,-19.241,20.215,-9.78,True
ET_02,other,36.07,0.08178,0.38014,0.98134,-3.963,22.197,-2.647,True
ET_02,other,36.08,0.20454,0.34636,0.99453,12.733,24.071,4.765,True
ET_02,other,36.09,0.29092,0.3139,1.04787,24.118,17.073,12.89,True
ET_02,other,36.1,0.34447,0.19477,1.03842,31.029,6.931,15.882,True
ET_02,other,36.11,0.30996,0.11608,1.04584,30.953,-7.685,15.368,True
ET_02,other,36.12,0.30487,0.09643,1.02846,24.476,-15.102,11.542,True
ET_02,other,36.13,0.19995,0.045,0.99153,10.454,-22.622,5.404,True
ET_02,other,36.14,0.09038,0.01163,0.96691,-6.487,-24.513,-3.068,True
ET_02,other,36.15,-0.02627,0.04908,0.93253,-20.521,-18.652,-11.163,True
ET_02,other,36.160000000000004,-0.14241,0.10215,0.91002,-29.431,-9.352,-15.545,True
ET_02,other,36.17,-0.12346,0.2127,0.88255,-33.677,1.644,-16.522,True
ET_02,other,36.18,-0.08105,0.25962,0.91618,-27.361,12.42,-13.17,True
ET_02,other,36.19,0.02904,0.32244,0.93783,-15.721,20.772,-8.286,True
ET_02,other,36.2,0.11159,0.37698,0.98643,0.241,24.178,1.103,True
ET_02,other,36.21,0.21842,0.3261,1.01367,15.83,22.16,9.122,True
ET_02,other,36.22,0.32311,0.26446,1.01475,27.858,13.637,14.994,True
ET_02,other,36.230000000000004,0.36052,0.18759,1.04793,31.434,1.0,16.828,True
ET_02,other,36.24,0.33446,0.09851,1.06998,29.72,-9.835,15.674,True
ET_02,other,36.25,0.24489,0.04175,1.03855,20.711,-18.785,9.858,True
ET_02,other,36.26,0.14619,0.01704,1.00799,7.31,-24.792,2.233,True
ET_02,other,36.27,0.05489,0.0073,0.95241,-9.379,-24.005,-5.506,True
ET_02,other,36.28,-0.06443,0.04861,0.90136,-24.316,-16.229,-12.007,True
ET_02,other,36.29,-0.13618,0.15092,0.88665,-32.284,-6.536,-16.37,True
ET_02,other,36.300000000000004,-0.1181,0.22732,0.8683,-33.543,4.145,-16.177,True
ET_02,other,36.31,-0.05844,0.33794,0.90828,-24.265,16.224,-11.193,True
ET_02,other,36.32,0.03085,0.35435,0.92909,-10.589,22.945,-5.942,True
ET_02,other,36.33,0.1644,0.35831,0.96217,3.994,24.077,3.379,True
ET_02,other,36.34,0.249,0.33414,1.02989,19.016,19.339,8.649,True
ET_02,other,36.35,0.35274,0.24604,1.04867,30.986,8.945,14.862,True
ET_02,other,36.36,0.36378,0.15611,1.07594,33.117,-1.341,16.256,True
ET_02,other,36.37,0.33037,0.07039,1.05116,28.55,-12.479,13.936,True
ET_02,other,36.38,0.2174,0.00719,1.02171,16.23,-20.728,8.004,True
ET_02,other,36.39,0.13659,0.02643,0.93463,0.825,-24.854,-0.667,True
ET_02,other,36.4,0.01549,0.02579,0.93461,-14.567,-22.142,-7.551,True
ET_02,other,36.410000000000004,-0.09602,0.0719,0.92454,-25.604,-14.33,-12.606,True
ET_02,other,36.42,-0.12899,0.17081,0.89397,-33.197,-1.282,-16.023,True
ET_02,other,36.43,-0.09833,0.22373,0.90707,-29.326,8.08,-15.763,True
ET_02,other,36.44,-0.0524,0.32534,0.9186,-21.074,18.447,-10.742,True
ET_02,other,36.45,0.04069,0.36312,0.95015,-7.313,23.874,-2.744,True
ET_02,other,36.46,0.19774,0.35573,0.99339,8.47,22.525,4.645,True
ET_02,other,36.47,0.26392,0.29501,1.05352,22.004,16.186,12.007,True
ET_02,other,36.480000000000004,0.35638,0.22671,1.05272,32.262,6.858,15.932,True
ET_02,other,36.49,0.34865,0.13991,1.02888,32.28,-5.514,15.865,True
ET_02,other,36.5,0.28802,0.08652,1.04705,25.537,-14.519,12.95,True
ET_02,other,36.51,0.16099,-0.00225,0.98495,11.699,-23.45,4.85,True
ET_02,other,36.52,0.04519,0.01796,0.95253,-6.006,-22.441,0.008,True
ET_02,other,36.53,-0.02501,0.03816,0.92594,-17.49,-18.323,-9.654,True
ET_02,other,36.54,-0.11869,0.10723,0.87664,-28.462,-8.873,-14.75,True
ET_02,other,36.550000000000004,-0.14511,0.1817,0.89441,-33.017,0.623,-15.544,True
ET_02,other,36.56,-0.11026,0.27709,0.89872,-28.861,11.681,-14.082,True
ET_02,other,36.57,-0.02857,0.31869,0.91216,-16.563,19.638,-7.733,True
ET_02,other,36.58,0.10805,0.33273,0.94097,0.036,24.221,-0.3,True
ET_02,other,36.59,0.1792,0.35965,1.01294,12.909,23.394,6.863,True
ET_02,other,36.6,0.29803,0.27175,1.0552,26.625,13.839,12.23,True
ET_02,other,36.61,0.33498,0.18544,1.02017,33.491,4.401,15.988,True
ET_02,other,36.62,0.37065,0.13543,1.06668,29.514,-9.269,14.546,True
ET_02,other,36.63,0.27262,0.05289,1.02041,20.352,-18.053,10.991,True
ET_02,other,36.64,0.16237,0.01207,0.9876,7.623,-23.481,4.357,True
ET_02,other,36.65,0.04659,0.01625,0.95824,-8.443,-22.913,-4.02,True
ET_02,other,36.660000000000004,-0.08905,0.05968,0.902,-21.812,-17.085,-11.055,True
ET_02,other,36.67,-0.11905,0.14111,0.90278,-30.501,-6.291,-15.983,True
ET_02,other,36.68,-0.14343,0.21437,0.9026,-31.56,4.012,-15.13,True
ET_02,other,36.69,-0.0997,0.26722,0.89358,-24.955,13.912,-12.97,True
ET_02,other,36.7,0.01713,0.30774,0.94941,-12.956,21.635,-6.572,True
ET_02,other,36.71,0.14032,0.35093,0.97313,2.857,22.723,1.379,True
ET_02,other,36.72,0.24282,0.30254,1.03503,18.76,18.833,9.269,True
ET_02,other,36.730000000000004,0.32258,0.23982,1.05783,28.298,11.009,14.497,True
ET_02,other,36.74,0.33132,0.15824,1.06442,32.725,-0.176,15.285,True
ET_02,other,36.75,0.29363,0.06942,1.04932,26.687,-11.639,15.167,True
ET_02,other,36.76,0.24548,0.00291,1.03022,18.008,-19.329,8.668,True
ET_02,other,36.77,0.12166,0.01282,0.95961,2.579,-23.647,0.531,True
ET_02,other,36.78,0.02776,0.04645,0.91656,-12.642,-19.799,-5.066,True
ET_02,other,36.79,-0.06644,0.06986,0.91549,-25.473,-14.42,-12.882,True
ET_02,other,36.800000000000004,-0.13183,0.16026,0.88937,-30.752,-2.64,-15.785,True
ET_02,other,36.81,-0.09653,0.25069,0.91333,-30.245,8.917,-15.044,True
ET_02,other,36.82,-0.04273,0.2913,0.93075,-21.201,16.422,-10.081,True
ET_02,other,36.83,0.05118,0.34104,0.94281,-5.872,21.841,-3.37,True
ET_02,other,36.84,0.1603,0.33905,0.96987,8.755,22.173,3.404,True
ET_02,other,36.85,0.26578,0.28857,1.01365,19.926,16.947,9.685,True
ET_02,other,36.86,0.29676,0.23315,1.0344,29.202,7.738,15.497,True
ET_02,other,36.87,0.34272,0.15868,1.0813,30.859,-4.247,14.998,True
ET_02,other,36.88,0.27031,0.05491,1.06142,24.536,-12.735,12.999,True
ET_02,other,36.89,0.17004,0.00485,1.01411,12.261,-21.009,5.29,True
ET_02,other,36.9,0.11446,-0.01483,0.94249,-2.083,-23.588,-0.966,True
ET_02,other,36.910000000000004,-0.01546,0.02606,0.9215,-16.634,-18.917,-8.485,True
ET_02,other,36.92,-0.08412,0.11722,0.89166,-26.283,-11.583,-12.811,True
ET_02,other,36.93,-0.10513,0.20022,0.85324,-30.56,0.227,-14.974,True
ET_02,other,36.94,-0.09818,0.24276,0.87277,-26.551,9.912,-14.051,True
ET_02,other,36.95,-0.014,0.29093,0.92011,-17.756,19.18,-9.167,True
ET_02,other,36.96,0.098,0.33636,0.97032,-2.443,21.287,-1.766,True
ET_02,other,36.97,0.2145,0.3409,0.97638,10.618,19.994,7.059,True
ET_02,other,36.980000000000004,0.27285,0.29218,1.05411,23.847,14.188,11.206,True
ET_02,other,36.99,0.32147,0.19184,1.07492,31.579,3.682,13.983,True
ET_02,other,37.0,0.28746,0.15216,1.02027,27.86,-6.69,14.504,True
ET_02,other,37.01,0.25879,0.05462,1.01722,20.915,-14.686,10.418,True
ET_02,other,37.02,0.16754,0.02826,1.00127,7.155,-22.066,5.433,True
ET_02,other,37.03,0.05262,0.01299,0.97375,-5.47,-22.486,-2.548,True
ET_02,other,37.04,-0.01771,0.07313,0.92559,-17.972,-16.817,-10.516,True
ET_02,other,37.050000000000004,-0.09397,0.12541,0.9044,-27.231,-8.513,-13.547,True
ET_02,other,37.06,-0.09849,0.18337,0.88601,-30.627,4.174,-13.805,True
ET_02,other,37.07,-0.06145,0.26139,0.88718,-24.645,12.239,-12.337,True
ET_02,other,37.08,0.0434,0.32126,0.93875,-13.662,19.486,-7.533,True
ET_02,other,37.09,0.11669,0.36115,0.98678,0.706,21.446,0.727,True
ET_02,other,37.1,0.22511,0.29614,1.027,15.468,19.535,7.816,True
ET_02,other,37.11,0.29215,0.26148,1.04448,26.826,11.059,13.685,True
ET_02,other,37.12,0.31654,0.17052,1.03292,28.88,0.828,16.062,True
ET_02,other,37.13,0.29292,0.1042,1.02589,26.787,-7.965,12.498,True
ET_02,other,37.14,0.23006,0.04982,1.0341,17.631,-17.214,7.344,True
ET_02,other,37.15,0.12812,0.02975,0.99997,3.397,-20.247,2.646,True
ET_02,other,37.160000000000004,0.02491,0.04702,0.93012,-9.746,-20.865,-4.586,True
ET_02,other,37.17,-0.06782,0.07499,0.88881,-21.136,-14.91,-10.044,True
ET_02,other,37.18,-0.087,0.16901,0.9054,-28.104,-3.838,-14.322,True
ET_02,other,37.19,-0.12515,0.21442,0.88733,-27.012,7.157,-14.415,True
ET_02,other,37.2,-0.04537,0.30833,0.92293,-19.581,14.492,-10.179,True
ET_02,other,37.21,0.05087,0.33917,0.96453,-9.565,21.311,-3.909,True
ET_02,other,37.22,0.11086,0.31502,1.0122,4.686,20.128,2.125,True
ET_02,other,37.230000000000004,0.24944,0.27778,1.03328,18.151,16.293,8.915,True
ET_02,other,37.24,0.29744,0.23202,1.02749,26.34,9.216,13.054,True
ET_02,other,37.25,0.28174,0.16879,1.05641,28.05,-3.8,14.412,True
ET_02,other,37.26,0.29168,0.08612,1.04537,24.209,-10.99,12.645,True
ET_02,other,37.27,0.20741,0.04078,1.01289,13.387,-17.719,6.236,True
ET_02,other,37.28,0.07874,0.01359,0.99373,-1.019,-20.523,-0.214,True
ET_02,other,37.29,-0.02275,0.05445,0.94403,-12.416,-17.219,-5.713,True
ET_02,other,37.300000000000004,-0.06553,0.08791,0.9239,-23.332,-10.755,-13.47,True
ET_02,other,37.31,-0.09339,0.1403,0.87666,-27.584,-2.061,-12.977,True
ET_02,other,37.32,-0.0577,0.2337,0.90659,-25.517,8.86,-14.001,True
ET_02,other,37.33,-0.02787,0.2932,0.89912,-17.163,15.781,-8.524,True
ET_02,other,37.34,0.08221,0.3258,0.96648,-3.222,21.318,-1.971,True
ET_02,other,37.35,0.16283,0.34282,1.02923,10.39,20.324,3.46,True
ET_02,other,37.36,0.27014,0.28487,1.00965,20.234,14.167,8.472,True
ET_02,other,37.37,0.28464,0.20689,1.07084,26.469,6.362,13.369,True
ET_02,other,37.38,0.27968,0.15939,1.05633,28.226,-5.766,12.344,True
ET_02,other,37.39,0.26875,0.09433,1.00775,19.913,-13.861,10.069,True
ET_02,other,37.4,0.16468,0.03483,0.99174,10.26,-19.156,4.455,True
ET_02,other,37.410000000000004,0.07602,0.02814,0.96663,-4.644,-18.432,-3.778,True
ET_02,other,37.42,-0.02387,0.04293,0.95428,-15.604,-15.55,-9.75,True
ET_02,other,37.43,-0.05377,0.1082,0.91262,-23.908,-7.95,-11.18,True
ET_02,other,37.44,-0.10157,0.19141,0.89051,-26.256,1.184,-12.245,True
ET_02,other,37.45,-0.08072,0.25345,0.94224,-22.65,11.387,-12.536,True
ET_02,other,37.46,-0.00213,0.29149,0.94473,-12.597,17.416,-6.899,True
ET_02,other,37.47,0.11691,0.32446,0.96201,-1.008,19.472,-0.333,True
ET_02,other,37.480000000000004,0.20195,0.3074,1.03203,12.618,17.314,5.301,True
ET_02,other,37.49,0.25971,0.26163,1.03484,23.346,11.485,10.94,True
ET_02,other,37.5,0.29383,0.17826,1.06064,27.976,2.194,13.691,True
ET_02,other,37.51,0.27944,0.12937,1.06101,25.808,-7.263,12.99,True
ET_02,other,37.52,0.24905,0.04652,1.04916,14.186,-14.766,9.064,True
ET_02,other,37.53,0.10873,0.03747,0.98395,6.231,-18.571,1.662,True
ET_02,other,37.54,0.0354,0.06285,0.94586,-8.661,-20.672,-4.221,True
ET_02,other,37.550000000000004,-0.03834,0.07028,0.94324,-17.341,-12.112,-8.694,True
ET_02,other,37.56,-0.08019,0.12838,0.91875,-25.445,-3.714,-11.907,True
ET_02,other,37.57,-0.08528,0.19318,0.90268,-25.782,4.271,-12.554,True
ET_02,other,37.58,-0.02763,0.30224,0.93799,-19.756,12.309,-10.104,True
ET_02,other,37.59,0.02215,0.30075,0.95585,-8.677,17.218,-4.166,True
ET_02,other,37.6,0.10331,0.30583,0.97188,3.519,17.939,2.076,True
ET_02,other,37.61,0.21755,0.28531,1.00928,15.852,15.634,7.915,True
ET_02,other,37.62,0.26993,0.20633,1.04749,23.41,7.715,11.513,True
ET_02,other,37.63,0.29288,0.17789,1.05395,24.657,-1.762,13.572,True
ET_02,other,37.64,0.26197,0.0992,1.02078,21.944,-9.812,11.055,True
ET_02,other,37.65,0.1788,0.03921,1.02996,11.552,-15.241,5.644,True
ET_02,other,37.660000000000004,0.09969,0.03149,0.99329,0.971,-20.095,2.12,True
ET_02,other,37.67,0.01546,0.08796,0.93594,-11.916,-16.703,-4.439,True
ET_02,other,37.68,-0.04925,0.08887,0.91808,-20.796,-9.473,-11.011,True
ET_02,other,37.69,-0.0736,0.15317,0.8877,-24.744,-2.494,-14.025,True
ET_02,other,37.7,-0.1099,0.24144,0.90419,-23.157,6.351,-11.514,True
ET_02,other,37.71,0.00724,0.27873,0.93271,-16.566,13.614,-6.958,True
ET_02,other,37.72,0.05231,0.30974,0.97407,-5.475,18.016,-4.685,True
ET_02,other,37.730000000000004,0.14917,0.32611,1.01462,6.904,16.658,3.2,True
ET_02,other,37.74,0.25679,0.28323,1.0261,17.245,12.085,8.562,True
ET_02,other,37.75,0.28108,0.20523,1.02798,24.205,2.85,10.782,True
ET_02,other,37.76,0.28478,0.13579,1.0251,24.893,-4.424,12.372,True
ET_02,other,37.77,0.232,0.10395,1.01106,18.565,-12.668,11.085,True
ET_02,other,37.78,0.1849,0.05167,1.00553,6.422,-15.695,3.868,True
ET_02,other,37.79,0.07819,0.07654,0.93855,-0.636,-16.98,-1.415,True
ET_02,other,37.800000000000004,0.00183,0.07527,0.91602,-12.026,-13.474,-6.415,True
ET_02,other,37.81,-0.07176,0.12434,0.934,-19.957,-7.513,-10.073,True
ET_02,other,37.82,-0.07016,0.20209,0.90698,-24.599,0.614,-12.103,True
ET_02,other,37.83,-0.04678,0.22535,0.90124,-20.911,9.159,-10.074,True
ET_02,other,37.84,0.01554,0.27903,0.94531,-12.146,14.297,-6.69,True
ET_02,other,37.85,0.07274,0.31456,0.96275,-1.264,17.047,0.478,True
ET_02,other,37.86,0.18646,0.31174,0.99651,8.728,15.49,4.884,True
ET_02,other,37.87,0.25013,0.24586,1.02406,18.605,10.06,10.385,True
ET_02,other,37.88,0.26578,0.20689,1.0158,23.476,2.955,10.975,True
ET_02,other,37.89,0.27962,0.13026,1.06277,21.681,-4.665,10.489,True
ET_02,other,37.9,0.20973,0.10508,0.98767,15.958,-13.389,7.451,True
ET_02,other,37.910000000000004,0.16414,0.07018,0.96678,5.921,-15.158,2.725,True
ET_02,other,37.92,0.04805,0.06888,0.92354,-6.315,-16.41,-1.553,True
ET_02,other,37.93,-0.01629,0.10019,0.93579,-14.203,-12.785,-8.084,True
ET_02,other,37.94,-0.06976,0.15538,0.89991,-21.626,-5.254,-10.324,True
ET_02,other,37.95,-0.0511,0.17851,0.90256,-21.902,3.606,-11.759,True
ET_02,other,37.96,-0.01787,0.26287,0.919,-19.642,10.709,-9.476,True
ET_02,other,37.97,0.02259,0.27473,0.96407,-10.041,14.945,-5.282,True
ET_02,other,37.980000000000004,0.11205,0.30534,1.00662,3.777,16.207,0.767,True
ET_02,other,37.99,0.20556,0.27116,0.98634,11.743,13.54,5.818,True
ET_02,other,38.0,0.24222,0.20393,1.02583,20.999,8.22,9.903,True
ET_02,other,38.01,0.27179,0.18612,1.02019,22.409,0.164,10.291,True
ET_02,other,38.02,0.23085,0.10984,0.98271,19.219,-7.835,9.309,True
ET_02,other,38.03,0.18285,0.1,1.04236,11.459,-14.06,6.669,True
ET_02,other,38.04,0.1258,0.06093,0.97083,3.524,-15.945,0.475,True
ET_02,other,38.050000000000004,0.02162,0.08018,0.95196,-10.152,-14.354,-4.697,True
ET_02,other,38.06,-0.0105,0.1009,0.95436,-15.911,-10.628,-9.164,True
ET_02,other,38.07,-0.05689,0.1554,0.90452,-21.357,-2.329,-11.45,True
ET_02,other,38.08,-0.05654,0.22381,0.91149,-21.345,5.431,-11.11,True
ET_02,other,38.09,-0.01394,0.27613,0.92435,-15.178,13.54,-7.748,True
ET_02,other,38.1,0.06705,0.31118,0.95476,-6.371,15.001,-3.652,True
ET_02,other,38.11,0.14464,0.28825,0.98563,5.139,14.875,2.412,True
ET_02,other,38.12,0.1847,0.28577,1.01744,14.519,11.686,6.926,True
ET_02,other,38.13,0.25412,0.22837,1.02964,21.156,6.106,10.048,True
ET_02,other,38.14,0.28944,0.15645,1.02669,21.652,-2.387,11.409,True
ET_02,other,38.15,0.23771,0.09401,1.04275,18.48,-10.661,9.247,True
ET_02,other,38.160000000000004,0.16424,0.08091,1.01189,9.894,-14.055,3.665,True
ET_02,other,38.17,0.10555,0.06867,0.98293,-0.154,-16.799,-0.298,True
ET_02,other,38.18,0.00195,0.07146,0.92068,-12.998,-12.182,-4.373,True
ET_02,other,38.19,-0.01889,0.1212,0.89875,-17.958,-8.088,-10.514,True
ET_02,other,38.2,-0.04509,0.19534,0.90569,-20.245,0.166,-10.655,True
ET_02,other,38.21,-0.05034,0.24729,0.92048,-18.641,5.958,-8.994,True
ET_02,other,38.22,0.03282,0.26395,0.9488,-11.017,12.83,-6.246,True
ET_02,other,38.230000000000004,0.09592,0.2876,0.96181,-2.617,15.634,-2.207,True
ET_02,other,38.24,0.14668,0.27447,1.00349,8.936,14.897,3.67,True
ET_02,other,38.25,0.23537,0.22155,0.99636,17.304,10.914,8.387,True
ET_02,other,38.26,0.25106,0.21416,1.01932,20.152,3.524,9.818,True
ET_02,other,38.27,0.26644,0.15411,1.02359,19.925,-3.673,9.335,True
ET_02,other,38.28,0.21882,0.12152,1.02888,14.967,-11.061,7.318,True
ET_02,other,38.29,0.14065,0.06423,1.00207,6.228,-15.223,3.326,True
ET_02,other,38.300000000000004,0.08296,0.07257,0.95811,-4.567,-14.31,-0.916,True
ET_02,other,38.31,0.02131,0.11789,0.93429,-12.995,-11.476,-6.36,True
ET_02,other,38.32,-0.04947,0.12695,0.91283,-20.296,-4.744,-8.468,True
ET_02,other,38.33,-0.03507,0.19426,0.89727,-20.019,1.197,-10.94,True
ET_02,other,38.34,-0.02039,0.22933,0.93848,-17.276,10.316,-8.199,True
ET_02,other,38.35,0.03934,0.27849,0.93669,-9.94,14.141,-3.468,True
ET_02,other,38.36,0.10705,0.29819,0.97711,1.735,13.226,-0.21,True
ET_02,other,38.37,0.17471,0.27467,1.01693,10.303,12.278,4.145,True
ET_02,other,38.38,0.26239,0.20935,1.05331,17.551,6.463,9.263,True
ET_02,other,38.39,0.23812,0.16594,1.01779,20.419,0.47,8.692,True
ET_02,other,38.4,0.25429,0.1329,1.0192,19.941,-6.181,9.841,True
ET_02,other,38.410000000000004,0.20803,0.08301,1.02182,11.742,-13.384,5.308,True
ET_02,other,38.42,0.14058,0.09144,0.9797,2.624,-14.205,1.234,True
ET_02,other,38.43,0.04506,0.09675,0.95214,-7.642,-15.75,-3.181,True
ET_02,other,38.44,-0.00848,0.11986,0.9193,-14.789,-9.833,-5.982,True
ET_02,other,38.45,-0.04656,0.14321,0.91331,-21.154,-4.719,-9.331,True
ET_02,other,38.46,-0.02776,0.20469,0.91456,-20.738,4.765,-10.408,True
ET_02,other,38.47,-0.00051,0.27512,0.90985,-15.205,11.377,-7.02,True
ET_02,other,38.480000000000004,0.03524,0.29736,0.95612,-6.466,13.67,-2.595,True
ET_02,other,38.49,0.14255,0.27703,0.9547,3.95,15.184,1.067,True
ET_02,other,38.5,0.19324,0.25878,1.01865,12.38,10.696,5.861,True
ET_02,other,38.51,0.24659,0.20343,1.03583,17.725,6.12,9.671,True
ET_02,other,38.52,0.25083,0.17272,1.04816,20.064,-1.729,9.91,True
ET_02,other,38.53,0.22388,0.15844,0.99629,16.963,-8.686,8.922,True
ET_02,other,38.54,0.18746,0.06134,1.00069,8.049,-13.604,5.411,True
ET_02,other,38.550000000000004,0.09893,0.08154,0.97812,0.775,-13.604,-0.157,True
ET_02,other,38.56,0.04318,0.05825,0.95466,-9.648,-12.002,-5.843,True
ET_02,other,38.57,0.01753,0.15014,0.90718,-17.197,-7.806,-7.907,True
ET_02,other,38.58,-0.01998,0.17155,0.93859,-20.433,-0.955,-10.099,True
ET_02,other,38.59,-0.02461,0.24428,0.93804,-17.893,6.393,-7.988,True
ET_02,other,38.6,0.00368,0.27047,0.94618,-11.347,11.435,-6.584,True
ET_02,other,38.61,0.08323,0.2708,0.95547,-3.856,13.575,-2.528,True
ET_02,other,38.62,0.16426,0.27641,0.97404,5.9,14.073,2.264,True
ET_02,other,38.63,0.23725,0.26032,1.00821,14.915,9.309,6.319,True
ET_02,other,38.64,0.2472,0.2049,1.03444,18.657,3.612,9.463,True
ET_02,other,38.65,0.25778,0.14948,1.0473,18.925,-3.836,10.593,True
ET_02,other,38.660000000000004,0.2063,0.13211,1.02516,14.561,-9.815,7.63,True
ET_02,other,38.67,0.16253,0.07819,1.00064,6.351,-14.09,3.355,True
ET_02,other,38.68,0.07127,0.10093,0.93545,-3.368,-12.865,-1.014,True
ET_02,other,38.69,0.02126,0.08613,0.9334,-10.492,-11.396,-6.197,True
ET_02,other,38.7,-0.06362,0.11694,0.89858,-18.99,-6.464,-10.994,True
ET_02,other,38.71,-0.0431,0.16666,0.91722,-19.196,0.528,-9.435,True
ET_02,other,38.72,-0.01155,0.25093,0.94032,-16.916,7.795,-7.668,True
ET_02,other,38.730000000000004,0.04029,0.30214,0.94624,-10.025,11.687,-4.562,True
ET_02,other,38.74,0.08841,0.2721,0.96564,0.751,14.816,0.762,True
ET_02,other,38.75,0.19786,0.27571,1.01641,8.123,13.155,5.416,True
ET_02,other,38.76,0.23828,0.22942,1.0196,17.414,6.279,8.903,True
ET_02,other,38.77,0.27163,0.18968,1.03396,19.845,1.422,10.028,True
ET_02,other,38.78,0.21515,0.16078,1.01059,18.954,-5.59,8.846,True
ET_02,other,38.79,0.19714,0.09967,1.01158,11.485,-11.652,8.001,True
ET_02,other,38.800000000000004,0.11408,0.04958,0.9535,2.328,-14.679,0.739,True
ET_02,other,38.81,0.09454,0.08386,0.9445,-6.343,-13.987,-2.861,True
ET_02,other,38.82,0.00098,0.11304,0.91305,-14.628,-10.288,-7.22,True
ET_02,other,38.83,-0.0354,0.15055,0.91492,-18.814,-4.104,-8.492,True
ET_02,other,38.84,-0.04566,0.18932,0.91769,-18.628,3.523,-11.005,True
ET_02,other,38.85,0.0124,0.24816,0.93599,-14.126,9.815,-8.241,True
ET_02,other,38.86,0.05401,0.29048,0.9454,-6.629,13.711,-4.094,True
ET_02,other,38.87,0.1427,0.30294,0.98005,3.154,15.314,1.182,True
ET_02,other,38.88,0.19655,0.28041,0.98459,11.867,11.916,5.508,True
ET_02,other,38.89,0.24097,0.25218,0.97172,17.478,7.02,7.702,True
ET_02,other,38.9,0.25287,0.16431,1.03194,18.793,-1.386,8.932,True
ET_02,other,38.910000000000004,0.21497,0.11788,1.01666,15.789,-7.689,8.491,True
ET_02,other,38.92,0.18675,0.07837,1.01058,11.627,-12.772,3.843,True
ET_02,other,38.93,0.10529,0.09165,0.95824,0.378,-13.6,-0.669,True
ET_02,other,38.94,0.0555,0.07331,0.90882,-8.478,-11.613,-5.605,True
ET_02,other,38.95,-0.00091,0.11867,0.89664,-16.87,-8.127,-8.795,True
ET_02,other,38.96,-0.03028,0.16338,0.89636,-20.5,-1.631,-9.861,True
ET_02,other,38.97,-0.00284,0.24359,0.91752,-19.351,5.43,-10.082,True
ET_02,other,38.980000000000004,0.00844,0.27052,0.93705,-12.66,10.395,-7.522,True
ET_02,other,38.99,0.08145,0.29134,0.97119,-2.666,15.173,-1.931,True
ET_02,other,39.0,0.17547,0.28927,0.97782,4.302,13.634,3.405,True
ET_02,other,39.01,0.21055,0.25423,1.02159,15.414,10.905,7.61,True
ET_02,other,39.02,0.26543,0.22272,1.00811,20.469,2.417,9.007,True
ET_02,other,39.03,0.25868,0.15224,1.03424,20.814,-2.197,9.128,True
ET_02,other,39.04,0.24667,0.13031,1.02303,15.531,-9.647,8.461,True
ET_02,other,39.050000000000004,0.16621,0.121,0.97158,6.82,-14.571,3.923,True
ET_02,other,39.06,0.08741,0.0747,0.97385,-2.548,-15.318,-0.143,True
ET_02,other,39.07,0.02776,0.09742,0.93546,-11.463,-12.307,-5.666,True
ET_02,other,39.08,0.00546,0.10813,0.93102,-17.058,-6.053,-9.151,True
ET_02,other,39.09,-0.01368,0.19453,0.91278,-20.696,1.556,-10.586,True
ET_02,other,39.1,-0.04245,0.23482,0.92485,-18.916,7.512,-8.919,True
ET_02,other,39.11,0.04978,0.24998,0.96042,-11.56,13.123,-5.126,True
ET_02,other,39.12,0.11543,0.3124,0.98323,-2.538,14.08,-0.406,True
ET_02,other,39.13,0.20574,0.26441,0.97164,8.552,12.626,4.025,True
ET_02,other,39.14,0.25831,0.25674,0.97972,16.327,9.916,8.564,True
ET_02,other,39.15,0.26383,0.19521,1.02509,19.304,2.771,10.168,True
ET_02,other,39.160000000000004,0.27221,0.17817,1.00905,19.149,-5.602,9.833,True
ET_02,other,39.17,0.22129,0.11759,0.99266,14.066,-10.633,7.322,True
ET_02,other,39.18,0.13618,0.08418,0.98055,4.274,-14.306,2.143,True
ET_02,other,39.19,0.09281,0.07986,0.94139,-5.052,-14.303,-3.087,True
ET_02,other,39.2,0.00834,0.11866,0.92092,-13.79,-11.835,-10.012,True
ET_02,other,39.21,-0.01783,0.16496,0.90658,-20.215,-4.947,-9.715,True
ET_02,other,39.22,-0.01189,0.21363,0.92134,-19.758,2.798,-10.039,True
ET_02,other,39.230000000000004,-0.00208,0.24936,0.92797,-16.243,9.539,-8.942,True
ET_02,other,39.24,0.06213,0.28325,0.95806,-9.073,12.558,-3.965,True
ET_02,other,39.25,0.12136,0.31953,0.94832,1.053,14.733,0.503,True
ET_02,other,39.26,0.22374,0.26442,0.99901,10.248,12.211,4.957,True
ET_02,other,39.27,0.26875,0.21798,1.02408,19.127,7.027,9.738,True
ET_02,other,39.28,0.29513,0.19551,1.03721,21.57,0.33,10.157,True
ET_02,other,39.29,0.25284,0.16597,1.0304,18.59,-6.949,9.931,True
ET_02,other,39.300000000000004,0.20081,0.08843,0.97518,11.3,-11.671,6.144,True
ET_02,other,39.31,0.15995,0.05086,0.98229,1.103,-16.505,1.547,True
ET_02,other,39.32,0.09849,0.09488,0.93879,-7.569,-15.736,-4.37,True
ET_02,other,39.33,0.01302,0.10957,0.92141,-17.384,-8.669,-8.748,True
ET_02,other,39.34,-0.02153,0.15803,0.89513,-20.779,-2.86,-10.65,True
ET_02,other,39.35,-0.03248,0.24724,0.90666,-20.798,3.85,-9.854,True
ET_02,other,39.36,0.0044,0.29353,0.93405,-16.619,12.002,-7.711,True
ET_02,other,39.37,0.10597,0.33923,0.9612,-5.516,15.062,-3.294,True
ET_02,other,39.38,0.14407,0.27998,0.99655,5.314,16.602,2.956,True
ET_02,other,39.39,0.2398,0.28136,1.00285,13.998,12.144,7.058,True
ET_02,other,39.4,0.30732,0.22912,1.02071,19.994,4.229,10.476,True
ET_02,other,39.410000000000004,0.30121,0.17883,1.00666,21.864,-2.464,11.185,True
ET_02,other,39.42,0.25835,0.11153,0.99184,18.038,-10.142,6.791,True
ET_02,other,39.43,0.19496,0.08384,0.99442,8.202,-16.002,4.347,True
ET_02,other,39.44,0.13393,0.06039,0.9618,-0.59,-16.748,-1.443,True
ET_02,other,39.45,0.07264,0.0595,0.9399,-11.656,-14.779,-7.247,True
ET_02,other,39.46,-0.01558,0.14796,0.92792,-19.982,-8.913,-9.702,True
ET_02,other,39.47,-0.03984,0.16296,0.88466,-23.813,-1.205,-11.003,True
ET_02,other,39.480000000000004,-0.00946,0.26496,0.90724,-20.824,8.224,-10.1,True
ET_02,other,39.49,0.04184,0.27953,0.94024,-13.315,13.862,-6.168,True
ET_02,other,39.5,0.1079,0.31411,0.9561,-4.229,15.823,-2.731,True
ET_02,other,39.51,0.22413,0.32235,0.98491,8.241,14.827,3.193,True
ET_02,other,39.52,0.26233,0.27677,1.00877,15.8,10.065,8.716,True
ET_02,other,39.53,0.26996,0.20859,1.00679,22.031,2.98,11.588,True
ET_02,other,39.54,0.29146,0.17521,1.04576,22.084,-4.081,10.866,True
ET_02,other,39.550000000000004,0.26389,0.10298,0.9835,16.453,-11.531,9.134,True
ET_02,other,39.56,0.16341,0.06944,0.96829,6.8,-16.851,3.469,True
ET_02,other,39.57,0.11157,0.07442,0.94503,-4.847,-18.169,-3.436,True
ET_02,other,39.58,0.03297,0.10362,0.91943,-14.824,-14.074,-7.599,True
ET_02,other,39.59,-0.00829,0.13245,0.89537,-23.052,-6.811,-12.496,True
ET_02,other,39.6,-0.01757,0.19696,0.90733,-23.828,1.958,-11.157,True
ET_02,other,39.61,-0.01179,0.28372,0.89668,-18.779,9.716,-10.216,True
ET_02,other,39.62,0.07519,0.30569,0.92863,-9.646,14.932,-6.164,True
ET_02,other,39.63,0.147,0.3301,0.92866,-0.183,17.369,1.421,True
ET_02,other,39.64,0.24427,0.29555,0.99737,11.529,14.915,4.676,True
ET_02,other,39.65,0.28416,0.26704,1.00609,20.211,8.72,8.253,True
ET_02,other,39.660000000000004,0.34146,0.20587,1.03082,23.812,0.028,12.694,True
ET_02,other,39.67,0.31533,0.12202,0.9741,22.604,-6.9,10.601,True
ET_02,other,39.68,0.23899,0.12227,0.98815,13.488,-14.965,5.264,True
ET_02,other,39.69,0.17401,0.07869,0.98109,4.803,-18.024,1.125,True
ET_02,other,39.7,0.07952,0.07695,0.93184,-8.558,-16.18,-4.105,True
ET_02,other,39.71,0.01228,0.093,0.9294,-18.64,-11.742,-10.641,True
ET_02,other,39.72,-0.02136,0.15265,0.88435,-22.116,-1.691,-10.971,True
ET_02,other,39.730000000000004,-0.03148,0.22551,0.89259,-24.188,4.357,-11.358,True
ET_02,other,39.74,0.01097,0.27597,0.91906,-16.673,12.395,-8.084,True
ET_02,other,39.75,0.07214,0.33366,0.91443,-8.205,17.377,-5.057,True
ET_02,other,39.76,0.19543,0.32503,0.98013,3.218,17.742,1.207,True
ET_02,other,39.77,0.25106,0.27826,0.99992,16.293,12.784,7.751,True
ET_02,other,39.78,0.26613,0.25862,0.99611,21.05,7.847,11.653,True
ET_02,other,39.79,0.32996,0.20997,1.02068,22.666,-1.589,13.516,True
ET_02,other,39.800000000000004,0.27818,0.13602,0.9877,21.41,-9.757,10.091,True
ET_02,other,39.81,0.23211,0.09872,0.97057,10.865,-15.583,5.598,True
ET_02,other,39.82,0.13465,0.07305,0.94942,-0.899,-17.485,-1.295,True
ET_02,other,39.83,0.04078,0.09851,0.92439,-11.133,-16.857,-5.693,True
ET_02,other,39.84,0.0141,0.10473,0.90351,-20.686,-11.685,-10.326,True
ET_02,other,39.85,-0.04494,0.20478,0.9037,-24.178,-0.559,-13.017,True
ET_02,other,39.86,-0.03035,0.24513,0.8621,-24.023,6.89,-11.373,True
ET_02,other,39.87,0.03297,0.30429,0.8912,-14.312,14.124,-7.063,True
ET_02,other,39.88,0.12767,0.31437,0.93258,-3.535,19.002,-1.561,True
ET_02,other,39.89,0.1872,0.33531,0.97881,7.827,18.972,3.094,True
ET_02,other,39.9,0.29187,0.30551,1.00243,17.54,13.495,10.693,True
ET_02,other,39.910000000000004,0.33258,0.24659,1.02472,23.672,3.696,11.016,True
ET_02,other,39.92,0.30734,0.17468,1.03137,24.131,-4.541,11.612,True
ET_02,other,39.93,0.28147,0.12422,0.99844,19.946,-13.603,8.542,True
ET_02,other,39.94,0.22929,0.064,0.95982,8.885,-17.761,3.25,True
ET_02,other,39.95,0.10475,0.04944,0.96366,-2.51,-18.841,-2.472,True
ET_02,other,39.96,0.02439,0.11874,0.90046,-16.68,-15.793,-8.613,True
ET_02,other,39.97,-0.03778,0.14032,0.87984,-23.387,-7.521,-11.244,True
ET_02,other,39.980000000000004,-0.02571,0.19816,0.86893,-26.729,0.196,-12.747,True
ET_02,other,39.99,-0.03028,0.29206,0.891,-22.33,9.948,-10.896,True
ET_02,other,40.0,0.04133,0.30618,0.9311,-13.594,15.831,-6.018,True
ET_02,other,40.01,0.13277,0.35976,0.96816,-0.406,19.519,0.185,True
ET_02,other,40.02,0.23217,0.32818,0.97258,10.858,16.352,5.418,True
ET_02,other,40.03,0.30681,0.25603,1.00097,21.442,10.005,10.857,True
ET_02,other,40.04,0.34689,0.23242,1.05636,26.619,1.358,14.018,True
ET_02,other,40.050000000000004,0.33203,0.14579,1.0297,26.034,-7.263,12.908,True
ET_02,other,40.06,0.3081,0.07807,0.98351,16.125,-14.993,8.697,True
ET_02,other,40.07,0.18641,0.07136,0.98293,5.527,-19.764,2.93,True
ET_02,other,40.08,0.09899,0.08173,0.91962,-8.329,-19.359,-5.601,True
ET_02,other,40.09,0.02705,0.12011,0.91561,-18.978,-13.395,-8.465,True
ET_02,other,40.1,-0.03972,0.13793,0.87392,-24.996,-6.1,-12.301,True
ET_02,other,40.11,-0.04106,0.2363,0.87011,-27.503,3.203,-13.525,True
ET_02,other,40.12,0.00892,0.27094,0.89208,-21.433,12.16,-10.566,True
ET_02,other,40.13,0.06879,0.32552,0.90863,-9.656,17.846,-5.583,True
ET_02,other,40.14,0.19286,0.35693,0.96065,3.118,21.205,1.31,True
ET_02,other,40.15,0.26223,0.33093,1.01967,15.619,15.162,8.301,True
ET_02,other,40.160000000000004,0.31971,0.27566,1.00336,24.586,9.081,11.174,True
ET_02,other,40.17,0.37449,0.23122,1.01599,27.593,-0.33,13.112,True
ET_02,other,40.18,0.3442,0.15192,1.0039,24.513,-10.301,11.129,True
ET_02,other,40.19,0.24415,0.07251,1.00557,13.693,-17.86,7.897,True
ET_02,other,40.2,0.18858,0.05097,0.97368,1.726,-18.781,1.406,True
ET_02,other,40.21,0.04569,0.06693,0.9143,-11.653,-18.479,-5.939,True
ET_02,other,40.22,0.01717,0.14559,0.85757,-23.432,-11.365,-10.658,True
ET_02,other,40.230000000000004,-0.04077,0.18913,0.87894,-28.46,-3.805,-15.088,True
ET_02,other,40.24,-0.0158,0.24652,0.8868,-26.591,7.539,-12.12,True
ET_02,other,40.25,0.02776,0.31898,0.89072,-19.472,13.473,-8.842,True
ET_02,other,40.26,0.12531,0.37471,0.93808,-5.385,22.411,-2.849,True
ET_02,other,40.27,0.19737,0.36268,0.93871,8.857,19.761,2.809,True
ET_02,other,40.28,0.28785,0.30784,0.98832,19.457,14.173,10.632,True
ET_02,other,40.29,0.3639,0.26641,1.01843,28.246,6.897,13.407,True
ET_02,other,40.300000000000004,0.38832,0.16821,1.02202,28.283,-3.329,14.179,True
ET_02,other,40.31,0.31987,0.09823,1.00406,23.385,-13.038,10.588,True
ET_02,other,40.32,0.24479,0.06989,0.96157,12.171,-19.031,6.508,True
ET_02,other,40.33,0.15307,0.05121,0.93937,-2.274,-21.24,-2.541,True
ET_02,other,40.34,0.0556,0.07187,0.89146,-15.994,-18.178,-8.988,True
ET_02,other,40.35,0.0018,0.12948,0.8767,-27.499,-9.919,-11.992,True
ET_02,other,40.36,-0.063,0.21681,0.86415,-29.85,-0.359,-15.513,True
ET_02,other,40.37,-0.02938,0.26875,0.86566,-25.619,10.114,-12.567,True
ET_02,other,40.38,0.04985,0.35157,0.90539,-15.23,18.13,-8.874,True
ET_02,other,40.39,0.16467,0.39352,0.9407,-2.264,20.943,-1.363,True
ET_02,other,40.4,0.22679,0.33974,0.99039,14.503,20.569,5.659,True
ET_02,other,40.410000000000004,0.3447,0.27879,1.01468,23.842,13.382,11.817,True
ET_02,other,40.42,0.36045,0.25251,1.04395,29.027,2.78,14.824,True
ET_02,other,40.43,0.35125,0.13708,1.05258,28.15,-6.922,12.965,True
ET_02,other,40.44,0.32831,0.08669,0.98909,21.054,-15.764,9.047,True
ET_02,other,40.45,0.20902,0.04864,0.9236,7.199,-21.548,3.321,True
ET_02,other,40.46,0.09311,0.05562,0.91385,-7.389,-21.257,-2.565,True
ET_02,other,40.47,0.00257,0.10558,0.88938,-20.724,-16.862,-10.711,True
ET_02,other,40.480000000000004,-0.02677,0.16171,0.8427,-29.863,-7.497,-15.461,True
ET_02,other,40.49,-0.0851,0.2433,0.85998,-30.229,3.964,-14.497,True
ET_02,other,40.5,0.00337,0.29747,0.87296,-23.003,13.036,-11.662,True
ET_02,other,40.51,0.05461,0.3334,0.91641,-12.984,19.966,-6.534,True
ET_02,other,40.52,0.17697,0.37945,0.9418,3.201,21.954,1.897,True
ET_02,other,40.53,0.29517,0.34428,0.96864,15.839,18.06,7.919,True
ET_02,other,40.54,0.37765,0.28998,1.00592,27.214,11.252,12.786,True
ET_02,other,40.550000000000004,0.39205,0.18995,1.01461,31.213,0.169,15.697,True
ET_02,other,40.56,0.37323,0.13798,0.9977,28.066,-10.553,13.974,True
ET_02,other,40.57,0.30548,0.08855,1.00208,18.24,-17.56,8.4,True
ET_02,other,40.58,0.21275,0.04571,0.94336,3.397,-21.117,0.413,True
ET_02,other,40.59,0.07899,0.05273,0.92598,-13.313,-20.396,-5.324,True
ET_02,other,40.6,0.00231,0.11649,0.87053,-24.458,-14.053,-12.644,True
ET_02,other,40.61,-0.06483,0.1585,0.86002,-30.401,-3.153,-14.779,True
ET_02,other,40.62,-0.04828,0.23807,0.84535,-30.057,6.356,-14.134,True
ET_02,other,40.63,-0.01344,0.33398,0.86636,-21.203,16.641,-9.631,True
ET_02,other,40.64,0.10212,0.3715,0.93485,-8.663,22.438,-4.101,True
ET_02,other,40.65,0.20136,0.38679,0.96241,7.455,22.552,3.148,True
ET_02,other,40.660000000000004,0.31508,0.34581,0.99352,20.013,17.914,11.424,True
ET_02,other,40.67,0.36636,0.24679,1.0141,28.788,8.455,16.424,True
ET_02,other,40.68,0.39741,0.16165,1.02162,30.266,-3.495,16.129,True
ET_02,other,40.69,0.33237,0.13504,0.99475,25.309,-13.157,11.699,True
ET_02,other,40.7,0.26417,0.04822,0.9684,13.272,-19.823,7.381,True
ET_02,other,40.71,0.1586,0.04988,0.94705,-0.166,-22.694,-0.928,True
ET_02,other,40.72,0.06497,0.05337,0.91245,-16.156,-20.864,-7.58,True
ET_02,other,40.730000000000004,-0.03514,0.09786,0.87469,-27.712,-11.356,-12.776,True
ET_02,other,40.74,-0.03246,0.20566,0.85108,-32.779,-1.296,-15.576,True
ET_02,other,40.75,-0.03471,0.27003,0.84037,-27.317,10.899,-15.054,True
ET_02,other,40.76,0.03405,0.36018,0.86606,-18.87,17.944,-9.687,True
ET_02,other,40.77,0.16154,0.35055,0.91906,-4.961,22.613,-1.125,True
ET_02,other,40.78,0.23982,0.36814,0.96412,11.745,21.701,5.81,True
ET_02,other,40.79,0.39253,0.32018,1.01204,23.009,15.813,12.887,True
ET_02,other,40.800000000000004,0.42519,0.23685,1.0205,31.978,4.717,15.657,True
ET_02,other,40.81,0.38856,0.15422,1.02598,30.653,-6.766,15.087,True
ET_02,other,40.82,0.34012,0.11538,0.98632,22.122,-16.729,12.327,True
ET_02,other,40.83,0.2309,0.03462,0.94926,9.704,-22.771,5.939,True
ET_02,other,40.84,0.1159,0.04552,0.93522,-7.021,-21.424,-1.072,True
ET_02,other,40.85,0.01517,0.06413,0.86604,-20.192,-17.119,-9.156,True
ET_02,other,40.86,-0.04229,0.14393,0.83515,-30.222,-10.399,-15.298,True
ET_02,other,40.87,-0.06651,0.23101,0.83598,-33.3,2.768,-15.969,True
ET_02,other,40.88,-0.00197,0.31013,0.86387,-27.31,12.215,-12.434,True
ET_02,other,40.89,0.07649,0.35029,0.88989,-14.011,21.786,-8.635,True
ET_02,other,40.9,0.16891,0.39086,0.9285,0.218,23.629,1.059,True
ET_02,other,40.910000000000004,0.2815,0.38795,0.98378,16.118,20.559,6.933,True
ET_02,other,40.92,0.37854,0.32285,1.00841,27.582,12.57,13.883,True
ET_02,other,40.93,0.41405,0.24929,1.03254,32.604,2.162,16.117,True
ET_02,other,40.94,0.39696,0.13937,0.99523,29.684,-8.861,14.999,True
ET_02,other,40.95,0.31238,0.08331,1.01498,20.344,-19.739,9.994,True
ET_02,other,40.96,0.21226,0.05628,0.93516,5.421,-24.569,2.796,True
ET_02,other,40.97,0.08652,0.0453,0.92434,-11.38,-23.351,-5.403,True
ET_02,other,40.980000000000004,-0.0033,0.08333,0.89267,-24.947,-16.818,-12.005,True
ET_02,other,40.99,-0.05594,0.15874,0.84487,-32.045,-5.521,-15.464,True
ET_02,other,41.0,-0.04176,0.27181,0.84601,-32.439,6.161,-15.696,True
ET_02,other,41.01,-0.00415,0.33164,0.85223,-24.123,16.564,-11.661,True
ET_02,other,41.02,0.09161,0.39715,0.92127,-10.574,22.305,-4.127,True
ET_02,other,41.03,0.21153,0.38903,0.94901,4.921,23.529,3.999,True
ET_02,other,41.04,0.30891,0.35802,0.96752,19.869,19.174,8.795,True
ET_02,other,41.050000000000004,0.42269,0.27528,1.02212,29.299,10.938,14.947,True
ET_02,other,41.06,0.39482,0.2031,1.03484,33.393,-1.649,16.874,True
ET_02,other,41.07,0.39854,0.12898,1.01681,27.429,-13.128,13.784,True
ET_02,other,41.08,0.28098,0.06582,0.96299,18.063,-19.857,7.518,True
ET_02,other,41.09,0.17206,0.0434,0.92915,0.247,-25.498,0.327,True
ET_02,other,41.1,0.08873,0.07644,0.88027,-15.203,-22.343,-7.221,True
ET_02,other,41.11,-0.00734,0.11633,0.86038,-26.612,-12.776,-13.014,True
ET_02,other,41.12,-0.05675,0.20934,0.85408,-33.081,-1.952,-16.267,True
ET_02,other,41.13,-0.0507,0.28233,0.88257,-29.921,9.746,-14.507,True
ET_02,other,41.14,0.05389,0.34335,0.86867,-19.067,19.942,-10.458,True
ET_02,other,41.15,0.15251,0.39499,0.91936,-6.807,22.548,-2.369,True
ET_02,other,41.160000000000004,0.26831,0.36405,0.96703,10.771,22.062,4.457,True
ET_02,other,41.17,0.37747,0.35051,0.99882,26.221,16.577,11.668,True
ET_02,other,41.18,0.41095,0.25895,1.00219,31.767,6.402,15.916,True
ET_02,other,41.19,0.41844,0.16815,0.99017,32.274,-6.921,15.469,True
ET_02,other,41.2,0.35401,0.11926,1.01003,24.748,-16.144,11.752,True
ET_02,other,41.21,0.2631,0.04719,0.98648,12.186,-22.452,6.224,True
ET_02,other,41.22,0.15374,0.05081,0.90296,-4.617,-24.533,-1.33,True
ET_02,other,41.230000000000004,0.07072,0.08042,0.88811,-19.452,-19.642,-10.177,True
ET_02,other,41.24,-0.02851,0.14456,0.8495,-29.961,-11.42,-15.561,True
ET_02,other,41.25,-0.02566,0.21887,0.82471,-32.192,0.802,-16.462,True
ET_02,other,41.26,-0.02395,0.30356,0.84444,-28.131,13.036,-13.292,True
ET_02,other,41.27,0.08496,0.3936,0.89435,-16.539,19.604,-8.775,True
ET_02,other,41.28,0.18887,0.38136,0.94648,-1.917,23.234,-0.374,True
ET_02,other,41.29,0.28426,0.3659,0.97445,15.496,21.785,6.0,True
ET_02,other,41.300000000000004,0.38249,0.30604,1.01342,24.811,12.515,13.675,True
ET_02,other,41.31,0.43763,0.24785,1.00865,31.567,2.914,16.088,True
ET_02,other,41.32,0.41878,0.18622,1.00976,30.374,-7.989,16.839,True
ET_02,other,41.33,0.33147,0.09561,0.97252,20.761,-18.557,10.48,True
ET_02,other,41.34,0.25242,0.02086,0.95068,5.425,-22.668,4.32,True
ET_02,other,41.35,0.10927,0.04859,0.90015,-9.633,-23.479,-3.661,True
ET_02,other,41.36,0.03195,0.10497,0.86891,-23.606,-17.432,-12.495,True
ET_02,other,41.37,-0.05269,0.1639,0.8298,-30.195,-8.557,-14.642,True
ET_02,other,41.38,-0.0326,0.25075,0.8512,-32.488,4.953,-15.335,True
ET_02,other,41.39,0.01635,0.33487,0.85049,-25.668,16.405,-12.436,True
ET_02,other,41.4,0.10698,0.39842,0.88409,-10.777,22.974,-7.69,True
ET_02,other,41.410000000000004,0.21809,0.39618,0.95882,2.563,24.282,1.808,True
ET_02,other,41.42,0.32556,0.3705,1.00129,18.975,21.095,9.059,True
ET_02,other,41.43,0.41582,0.30402,1.00643,29.159,9.697,14.73,True
ET_02,other,41.44,0.44602,0.23365,1.03484,32.951,-0.103,16.398,True
ET_02,other,41.45,0.4084,0.13427,0.99573,28.616,-13.133,15.144,True
ET_02,other,41.46,0.29652,0.07961,0.99836,17.128,-19.584,7.897,True
ET_02,other,41.47,0.22186,0.06304,0.94715,1.438,-24.131,1.698,True
ET_02,other,41.480000000000004,0.08461,0.06952,0.88309,-15.651,-21.934,-6.201,True
ET_02,other,41.49,0.01511,0.1105,0.8756,-25.655,-14.076,-14.846,True
ET_02,other,41.5,-0.04278,0.18993,0.84264,-32.328,-3.708,-17.11,True
ET_02,other,41.51,-0.03137,0.27251,0.83854,-30.19,7.155,-15.207,True
ET_02,other,41.52,0.04507,0.32126,0.88369,-21.569,16.923,-11.47,True
ET_02,other,41.53,0.12122,0.38581,0.88541,-7.535,24.003,-3.465,True
ET_02,other,41.54,0.26554,0.37043,0.96317,7.572,22.356,3.904,True
ET_02,other,41.550000000000004,0.3689,0.34534,0.98157,22.474,17.625,10.596,True
ET_02,other,41.56,0.40523,0.27636,0.99512,30.57,5.992,14.8,True
ET_02,other,41.57,0.44367,0.18787,1.0118,31.276,-3.933,15.588,True
ET_02,other,41.58,0.39539,0.1047,0.97971,24.908,-15.468,12.227,True
ET_02,other,41.59,0.29938,0.07353,0.96409,12.454,-21.183,5.468,True
ET_02,other,41.6,0.19496,0.04242,0.92954,-2.837,-23.944,-1.801,True
ET_02,other,41.61,0.0768,0.07925,0.90358,-18.831,-19.8,-8.904,True
ET_02,other,41.62,-0.03982,0.12805,0.8493,-28.462,-10.136,-13.332,True
ET_02,other,41.63,-0.05451,0.21428,0.81349,-32.945,-0.306,-16.852,True
ET_02,other,41.64,-0.03087,0.29846,0.85263,-28.121,10.665,-13.305,True
ET_02,other,41.65,0.09529,0.34698,0.8409,-17.472,19.841,-9.596,True
ET_02,other,41.660000000000004,0.17362,0.3923,0.91206,-2.699,22.449,-1.521,True
ET_02,other,41.67,0.29905,0.3742,0.95528,12.833,21.594,6.505,True
ET_02,other,41.68,0.3698,0.32107,0.9938,25.565,15.526,11.107,True
ET_02,other,41.69,0.4115,0.23814,1.02336,31.878,4.847,16.243,True
ET_02,other,41.7,0.44349,0.15786,0.99539,30.374,-6.431,14.77,True
ET_02,other,41.71,0.34267,0.09501,1.00325,21.708,-17.195,10.053,True
ET_02,other,41.72,0.252,0.05678,0.95511,7.936,-21.283,3.325,True
ET_02,other,41.730000000000004,0.1091,0.0699,0.9082,-8.298,-22.863,-3.523,True
ET_02,other,41.74,0.02307,0.07785,0.85874,-22.036,-16.378,-11.451,True
ET_02,other,41.75,-0.04475,0.14439,0.84292,-29.962,-8.211,-13.513,True
ET_02,other,41.76,0.00418,0.23921,0.84543,-31.93,3.788,-16.096,True
ET_02,other,41.77,0.01078,0.31322,0.8575,-24.734,14.926,-12.722,True
ET_02,other,41.78,0.09667,0.39738,0.86698,-11.647,21.601,-6.945,True
ET_02,other,41.79,0.18888,0.38309,0.93165,2.507,22.824,0.606,True
ET_02,other,41.800000000000004,0.32487,0.36,0.94531,15.604,20.655,8.956,True
ET_02,other,41.81,0.40344,0.29559,0.98685,27.008,11.826,12.935,True
ET_02,other,41.82,0.40496,0.2201,0.97445,30.7,1.457,15.93,True
ET_02,other,41.83,0.38031,0.13514,1.00517,27.763,-10.837,12.429,True
ET_02,other,41.84,0.34035,0.10121,0.96053,18.841,-18.527,10.058,True
ET_02,other,41.85,0.2416,0.07359,0.95885,3.982,-22.641,1.036,True
ET_02,other,41.86,0.11643,0.04191,0.88257,-12.06,-21.257,-5.217,True
ET_02,other,41.87,0.01376,0.10203,0.88093,-22.001,-14.949,-10.733,True
ET_02,other,41.88,-0.02101,0.19812,0.8587,-30.437,-3.963,-15.101,True
ET_02,other,41.89,-0.01634,0.27208,0.84906,-28.738,7.22,-14.442,True
ET_02,other,41.9,0.04957,0.35382,0.88488,-23.401,14.932,-10.857,True
ET_02,other,41.910000000000004,0.10571,0.38337,0.90871,-10.021,22.62,-5.195,True
ET_02,other,41.92,0.23338,0.35926,0.93374,7.008,22.764,3.447,True
ET_02,other,41.93,0.35703,0.33271,0.99342,18.622,17.289,10.303,True
ET_02,other,41.94,0.39599,0.28133,0.96966,27.69,8.288,11.801,True
ET_02,other,41.95,0.41691,0.19712,1.01485,31.446,-1.055,14.511,True
ET_02,other,41.96,0.38417,0.12507,1.03068,25.534,-12.435,13.816,True
ET_02,other,41.97,0.30574,0.06394,0.9755,14.038,-19.146,5.85,True
ET_02,other,41.980000000000004,0.19167,0.0691,0.92012,-1.449,-22.62,-1.074,True
ET_02,other,41.99,0.08921,0.08454,0.87989,-14.168,-19.602,-8.525,True
ET_02,other,42.0,-0.0144,0.15517,0.845,-24.372,-13.065,-12.358,True
ET_02,other,42.01,-0.01175,0.2317,0.83761,-30.581,-0.602,-14.031,True
ET_02,other,42.02,-0.00884,0.27277,0.86265,-27.844,10.403,-13.731,True
ET_02,other,42.03,0.0848,0.3689,0.89917,-19.927,18.303,-8.222,True
ET_02,other,42.04,0.18461,0.3836,0.92154,-3.385,21.779,-2.969,True
ET_02,other,42.050000000000004,0.27371,0.38253,0.9541,10.489,21.301,5.314,True
ET_02,other,42.06,0.38802,0.30048,0.98056,23.072,14.045,11.061,True
ET_02,other,42.07,0.3914,0.26316,1.00206,28.563,4.512,14.053,True
ET_02,other,42.08,0.41676,0.16504,1.00374,28.328,-4.744,15.389,True
ET_02,other,42.09,0.36974,0.11078,0.98216,21.676,-15.365,10.41,True
ET_02,other,42.1,0.25793,0.06555,0.97658,9.284,-21.229,4.315,True
ET_02,other,42.11,0.13299,0.05419,0.90933,-4.489,-20.842,-2.79,True
ET_02,other,42.12,0.04375,0.11489,0.869,-18.151,-18.045,-9.687,True
ET_02,other,42.13,-0.00103,0.16986,0.86224,-26.892,-8.645,-15.16,True
ET_02,other,42.14,-0.01294,0.23905,0.84474,-28.556,2.199,-14.278,True
ET_02,other,42.15,0.0298,0.30864,0.86551,-24.616,10.467,-12.423,True
ET_02,other,42.160000000000004,0.11136,0.35872,0.88218,-14.045,18.569,-6.404,True
ET_02,other,42.17,0.19243,0.37155,0.90973,2.679,21.045,0.816,True
ET_02,other,42.18,0.30138,0.36502,0.98158,14.358,19.206,7.374,True
ET_02,other,42.19,0.37893,0.29492,0.97111,23.564,11.243,13.127,True
ET_02,other,42.2,0.39567,0.2391,1.00074,26.264,0.992,16.062,True
ET_02,other,42.21,0.38423,0.18079,1.0136,26.313,-9.028,13.914,True
ET_02,other,42.22,0.34006,0.08989,0.96618,17.795,-16.25,10.379,True
ET_02,other,42.230000000000004,0.21289,0.0402,0.96858,3.27,-20.781,2.596,True
ET_02,other,42.24,0.11738,0.0856,0.90323,-9.059,-19.409,-4.873,True
ET_02,other,42.25,0.05342,0.13096,0.87397,-21.462,-13.257,-10.198,True
ET_02,other,42.26,-0.0313,0.19918,0.8381,-27.576,-5.154,-13.169,True
ET_02,other,42.27,-0.02017,0.23345,0.83605,-27.002,5.31,-12.444,True
ET_02,other,42.28,0.01186,0.30651,0.86831,-19.828,13.33,-11.927,True
ET_02,other,42.29,0.13006,0.34567,0.91008,-10.179,18.602,-3.306,True
ET_02,other,42.300000000000004,0.20885,0.36165,0.90987,5.085,18.763,2.119,True
ET_02,other,42.31,0.3217,0.35013,0.95282,16.109,17.64,9.42,True
ET_02,other,42.32,0.37628,0.2847,1.00907,24.739,9.342,12.585,True
ET_02,other,42.33,0.38842,0.21091,1.00997,28.064,-0.587,13.752,True
ET_02,other,42.34,0.36297,0.14044,0.97247,21.936,-9.287,10.162,True
ET_02,other,42.35,0.28753,0.07161,0.94224,14.752,-18.068,5.639,True
ET_02,other,42.36,0.17708,0.09068,0.92178,0.605,-18.804,1.399,True
ET_02,other,42.37,0.14073,0.1064,0.90652,-13.349,-18.176,-5.191,True
ET_02,other,42.38,0.0559,0.14515,0.86755,-23.753,-10.377,-11.424,True
ET_02,other,42.39,-0.00116,0.20751,0.83896,-26.208,-1.073,-14.621,True
ET_02,other,42.4,0.00311,0.28935,0.86521,-25.511,7.564,-13.948,True
ET_02,other,42.410000000000004,0.07517,0.30654,0.89865,-16.481,14.648,-9.68,True
ET_02,other,42.42,0.16919,0.35981,0.91106,-5.106,18.475,-1.672,True
ET_02,other,42.43,0.28253,0.38585,0.96648,7.759,18.266,5.433,True
ET_02,other,42.44,0.36153,0.33508,0.97769,18.84,13.74,10.5,True
ET_02,other,42.45,0.39159,0.28355,1.00289,26.139,5.479,11.403,True
ET_02,other,42.46,0.37554,0.18824,1.01247,27.338,-5.376,11.677,True
ET_02,other,42.47,0.33493,0.12093,0.99384,21.857,-11.527,8.623,True
ET_02,other,42.480000000000004,0.28558,0.09867,0.94994,10.263,-16.845,3.199,True
ET_02,other,42.49,0.18925,0.06368,0.9171,-3.06,-18.604,-0.86,True
ET_02,other,42.5,0.09768,0.11111,0.89066,-15.305,-16.638,-7.726,True
ET_02,other,42.51,0.02684,0.16494,0.84127,-24.448,-7.806,-14.869,True
ET_02,other,42.52,-0.01025,0.23466,0.84296,-26.052,0.561,-12.896,True
ET_02,other,42.53,0.03125,0.29095,0.86998,-21.52,9.02,-10.834,True
ET_02,other,42.54,0.10094,0.34577,0.91003,-13.618,17.378,-7.006,True
ET_02,other,42.550000000000004,0.17481,0.34686,0.90965,-1.688,21.146,-0.81,True
ET_02,other,42.56,0.31988,0.36442,0.95248,10.988,18.024,5.706,True
ET_02,other,42.57,0.35553,0.31124,0.98212,20.615,10.82,10.841,True
ET_02,other,42.58,0.39564,0.25998,1.00355,26.307,1.737,12.826,True
ET_02,other,42.59,0.37878,0.20176,0.98929,24.314,-6.61,12.54,True
ET_02,other,42.6,0.32478,0.1498,0.97963,14.355,-14.408,8.618,True
ET_02,other,42.61,0.2444,0.10471,0.94578,4.344,-17.946,2.68,True
ET_02,other,42.62,0.1786,0.11157,0.91912,-7.469,-17.729,-4.662,True
ET_02,other,42.63,0.06684,0.14036,0.86383,-17.134,-14.336,-9.53,True
ET_02,other,42.64,0.00607,0.18494,0.82916,-23.478,-6.998,-11.961,True
ET_02,other,42.65,0.00581,0.24708,0.85097,-25.584,3.652,-11.558,True
ET_02,other,42.660000000000004,0.06533,0.29399,0.88365,-20.469,12.715,-9.563,True
ET_02,other,42.67,0.14011,0.33218,0.9243,-8.379,16.333,-4.635,True
ET_02,other,42.68,0.22223,0.34997,0.91696,3.635,17.084,1.545,True
ET_02,other,42.69,0.3137,0.3373,0.96005,13.644,15.043,7.666,True
ET_02,other,42.7,0.36007,0.29476,1.00259,22.109,6.721,10.343,True
ET_02,other,42.71,0.36237,0.22557,0.99167,24.283,-2.03,12.118,True
ET_02,other,42.72,0.35644,0.16557,0.98406,22.154,-9.47,11.597,True
ET_02,other,42.730000000000004,0.29381,0.13518,0.97388,13.5,-14.307,6.172,True
ET_02,other,42.74,0.21673,0.07796,0.93756,-0.153,-18.672,1.318,True
ET_02,other,42.75,0.14353,0.12124,0.8809,-10.131,-15.665,-5.174,True
ET_02,other,42.76,0.07942,0.1492,0.85586,-19.07,-10.252,-10.158,True
ET_02,other,42.77,0.00981,0.19664,0.8781,-22.574,-1.54,-11.801,True
ET_02,other,42.78,0.02865,0.26005,0.86527,-23.951,7.432,-11.277,True
ET_02,other,42.79,0.06094,0.30368,0.866,-16.991,12.734,-8.659,True
ET_02,other,42.800000000000004,0.1574,0.39315,0.90727,-5.879,17.291,-3.017,True
ET_02,other,42.81,0.22202,0.33854,0.92688,5.701,18.634,3.259,True
ET_02,other,42.82,0.31012,0.3067,0.97743,15.256,13.036,6.776,True
ET_02,other,42.83,0.39792,0.26839,0.97465,23.272,6.267,9.925,True
ET_02,other,42.84,0.38533,0.19507,0.99952,24.297,-4.281,11.373,True
ET_02,other,42.85,0.35417,0.14455,0.96663,19.624,-10.471,8.729,True
ET_02,other,42.86,0.26216,0.11808,0.90551,9.659,-16.791,4.573,True
ET_02,other,42.87,0.19396,0.08965,0.90919,-1.964,-15.76,0.589,True
ET_02,other,42.88,0.12286,0.14295,0.89044,-12.452,-14.053,-6.914,True
ET_02,other,42.89,0.05037,0.17735,0.88738,-20.52,-8.161,-10.501,True
ET_02,other,42.9,0.01569,0.20166,0.85867,-23.865,-0.455,-12.604,True
ET_02,other,42.910000000000004,0.02809,0.29398,0.89167,-19.112,7.189,-10.055,True
ET_02,other,42.92,0.10634,0.33821,0.86325,-12.013,15.838,-7.61,True
ET_02,other,42.93,0.20826,0.35615,0.90478,-3.211,17.002,-2.18,True
ET_02,other,42.94,0.24526,0.3476,0.9502,8.871,16.023,4.665,True
ET_02,other,42.95,0.32671,0.28729,0.96173,17.392,10.131,9.809,True
ET_02,other,42.96,0.3647,0.23095,0.96653,21.914,0.588,11.793,True
ET_02,other,42.97,0.35983,0.16945,0.9682,20.784,-5.552,12.631,True
ET_02,other,42.980000000000004,0.2668,0.1463,0.97951,15.59,-11.007,7.958,True
ET_02,other,42.99,0.21522,0.10652,0.93652,6.788,-15.939,2.316,True
ET_02,other,43.0,0.13089,0.11798,0.91243,-5.346,-15.925,-1.92,True
ET_02,other,43.01,0.08404,0.13792,0.89086,-16.723,-12.643,-8.575,True
ET_02,other,43.02,0.0291,0.14381,0.87943,-19.566,-6.243,-10.916,True
ET_02,other,43.03,0.03168,0.24301,0.86366,-22.484,1.895,-10.926,True
ET_02,other,43.04,0.05046,0.28054,0.89026,-17.892,10.891,-8.732,True
ET_02,other,43.050000000000004,0.11128,0.35006,0.9276,-8.451,15.309,-4.115,True
ET_02,other,43.06,0.20533,0.34399,0.9414,0.533,16.752,0.762,True
ET_02,other,43.07,0.29499,0.31458,0.93625,11.068,15.033,5.315,True
ET_02,other,43.08,0.33054,0.31771,0.9718,16.763,8.29,10.129,True
ET_02,other,43.09,0.35079,0.2168,0.97842,21.724,0.532,11.856,True
ET_02,other,43.1,0.37924,0.19279,0.98232,20.35,-7.494,10.574,True
ET_02,other,43.11,0.27386,0.14534,0.95703,11.62,-13.401,6.458,True
ET_02,other,43.12,0.19043,0.12106,0.90434,0.714,-15.257,1.184,True
ET_02,other,43.13,0.13931,0.12687,0.8911,-8.465,-13.0,-3.739,True
ET_02,other,43.14,0.08632,0.14406,0.87861,-17.172,-10.642,-7.995,True
ET_02,other,43.15,0.0248,0.22845,0.86579,-21.206,-3.228,-10.132,True
ET_02,other,43.160000000000004,0.04283,0.23602,0.85944,-20.776,5.399,-9.677,True
ET_02,other,43.17,0.06253,0.30257,0.89284,-14.149,10.889,-6.597,True
ET_02,other,43.18,0.13339,0.34204,0.93558,-5.433,15.315,-1.408,True
ET_02,other,43.19,0.24929,0.31688,0.954,4.192,15.861,2.336,True
ET_02,other,43.2,0.29321,0.30024,0.95026,13.829,12.062,8.266,True
ET_02,other,43.21,0.34114,0.27824,1.00415,19.618,4.697,10.795,True
ET_02,other,43.22,0.35806,0.19626,0.9947,21.332,-1.674,10.115,True
ET_02,other,43.230000000000004,0.3065,0.16371,0.94415,17.592,-9.083,8.034,True
ET_02,other,43.24,0.25064,0.11978,0.96827,10.552,-14.754,4.086,True
ET_02,other,43.25,0.19836,0.09517,0.93587,-0.769,-13.739,-0.38,True
ET_02,other,43.26,0.10417,0.14852,0.89217,-10.417,-13.586,-5.506,True
ET_02,other,43.27,0.05339,0.14328,0.87187,-17.933,-8.23,-9.829,True
ET_02,other,43.28,0.05725,0.22148,0.85317,-20.808,-1.515,-11.652,True
ET_02,other,43.29,0.05689,0.26426,0.85607,-19.601,6.278,-10.093,True
ET_02,other,43.300000000000004,0.09659,0.31259,0.91495,-13.463,12.095,-6.282,True
ET_02,other,43.31,0.12712,0.34453,0.91895,-2.669,16.248,-1.636,True
ET_02,other,43.32,0.25909,0.32452,0.94921,6.87,14.464,2.806,True
ET_02,other,43.33,0.32509,0.30872,0.99518,16.367,9.486,8.195,True
ET_02,other,43.34,0.35976,0.25087,0.98216,20.666,2.652,9.996,True
ET_02,other,43.35,0.33178,0.17909,0.98189,20.204,-3.156,9.918,True
ET_02,other,43.36,0.29836,0.14961,0.97183,15.666,-9.254,7.756,True
ET_02,other,43.37,0.22201,0.11718,0.97398,5.935,-14.108,3.608,True
ET_02,other,43.38,0.17568,0.12335,0.91786,-3.54,-13.747,-1.09,True
ET_02,other,43.39,0.08933,0.14968,0.89573,-13.805,-10.929,-6.716,True
ET_02,other,43.4,0.04967,0.1862,0.84932,-17.963,-6.119,-8.876,True
ET_02,other,43.410000000000004,0.04777,0.22647,0.86955,-19.677,1.706,-8.253,True
ET_02,other,43.42,0.06761,0.27069,0.89249,-18.12,7.41,-7.882,True
ET_02,other,43.43,0.14043,0.33287,0.91641,-11.843,12.623,-3.848,True
ET_02,other,43.44,0.18882,0.34093,0.92588,-0.911,13.995,0.195,True
ET_02,other,43.45,0.27829,0.3195,0.95723,10.421,14.214,5.522,True
ET_02,other,43.46,0.32288,0.27455,0.95707,16.512,9.959,10.172,True
ET_02,other,43.47,0.32739,0.20085,0.98563,21.325,1.129,11.099,True
ET_02,other,43.480000000000004,0.33425,0.15567,0.96027,18.596,-5.387,11.082,True
ET_02,other,43.49,0.28359,0.11724,0.95833,12.345,-11.967,6.01,True
ET_02,other,43.5,0.20177,0.12833,0.93363,3.666,-14.559,1.833,True
ET_02,other,43.51,0.11593,0.09963,0.90939,-6.606,-14.772,-1.785,True
ET_02,other,43.52,0.08222,0.13821,0.8949,-14.702,-9.857,-4.878,True
ET_02,other,43.53,0.01841,0.22313,0.88868,-20.222,-4.524,-9.563,True
ET_02,other,43.54,0.03932,0.26372,0.8716,-19.998,2.803,-10.111,True
ET_02,other,43.550000000000004,0.08694,0.30138,0.85768,-13.949,10.543,-7.438,True
ET_02,other,43.56,0.13708,0.31549,0.91923,-6.02,14.112,-2.514,True
ET_02,other,43.57,0.21733,0.32512,0.92029,2.099,14.842,0.608,True
ET_02,other,43.58,0.30139,0.30151,0.9501,11.653,11.71,7.328,True
ET_02,other,43.59,0.29952,0.27824,0.98109,17.257,6.807,7.642,True
ET_02,other,43.6,0.32092,0.1979,0.96704,18.835,-0.292,9.402,True
ET_02,other,43.61,0.31554,0.18181,0.96416,16.878,-6.865,8.405,True
ET_02,other,43.62,0.25858,0.11151,0.9266,8.129,-13.827,3.9,True
ET_02,other,43.63,0.19541,0.09479,0.93385,0.292,-12.598,-0.327,True
ET_02,other,43.64,0.12315,0.11409,0.8908,-10.016,-12.785,-4.499,True
ET_02,other,43.65,0.09429,0.16135,0.9008,-15.188,-5.642,-8.963,True
ET_02,other,43.660000000000004,0.04018,0.20539,0.86542,-19.679,-1.519,-8.621,True
ET_02,other,43.67,0.03444,0.2164,0.88555,-17.54,6.141,-9.993,True
ET_02,other,43.68,0.10512,0.27909,0.88729,-12.741,12.158,-6.397,True
ET_02,other,43.69,0.16441,0.29778,0.93226,-4.951,14.307,-2.213,True
ET_02,other,43.7,0.22385,0.31528,0.94396,4.988,13.168,2.79,True
ET_02,other,43.71,0.28517,0.30683,0.95146,14.568,10.252,7.857,True
ET_02,other,43.72,0.33317,0.24951,0.98877,18.553,5.301,9.027,True
ET_02,other,43.730000000000004,0.33061,0.20074,0.98079,19.445,-2.221,9.553,True
ET_02,other,43.74,0.31717,0.16067,0.973,15.415,-7.537,7.838,True
ET_02,other,43.75,0.23799,0.12408,0.96358,6.471,-13.173,3.359,True
ET_02,other,43.76,0.20122,0.11269,0.90831,-2.78,-15.287,-1.627,True
ET_02,other,43.77,0.11426,0.12926,0.87063,-11.248,-12.642,-4.127,True
ET_02,other,43.78,0.02155,0.18441,0.90318,-16.679,-7.152,-8.572,True
ET_02,other,43.79,0.00864,0.22593,0.87816,-19.034,0.168,-9.918,True
ET_02,other,43.800000000000004,0.05912,0.2394,0.88231,-16.919,5.787,-7.67,True
ET_02,other,43.81,0.12156,0.27727,0.92074,-10.844,12.283,-4.597,True
ET_02,other,43.82,0.16162,0.31406,0.93056,-1.835,14.61,-0.637,True
ET_02,other,43.83,0.2498,0.32733,0.93908,8.095,12.839,4.072,True
ET_02,other,43.84,0.30636,0.28516,0.97587,15.2,8.553,7.937,True
ET_02,other,43.85,0.29987,0.23689,1.00696,20.164,0.48,10.279,True
ET_02,other,43.86,0.32548,0.14114,0.93689,17.901,-4.017,10.062,True
ET_02,other,43.87,0.28213,0.12036,0.96977,12.843,-11.498,6.195,True
ET_02,other,43.88,0.22229,0.11027,0.94512,4.312,-13.473,1.707,True
ET_02,other,43.89,0.14516,0.13237,0.89825,-7.006,-14.034,-3.41,True
ET_02,other,43.9,0.08775,0.15253,0.92597,-12.756,-9.989,-6.543,True
ET_02,other,43.910000000000004,0.0726,0.16179,0.89884,-18.174,-5.166,-8.955,True
ET_02,other,43.92,0.0569,0.23332,0.88661,-19.732,2.988,-10.697,True
ET_02,other,43.93,0.05095,0.26708,0.92019,-15.181,9.204,-9.152,True
ET_02,other,43.94,0.12975,0.31292,0.90787,-6.594,13.398,-3.689,True
ET_02,other,43.95,0.16313,0.34125,0.92711,3.292,13.686,0.908,True
ET_02,other,43.96,0.26515,0.30488,0.9594,12.034,12.291,5.647,True
ET_02,other,43.97,0.32576,0.25095,0.99359,17.998,6.219,8.287,True
ET_02,other,43.980000000000004,0.34544,0.2016,0.97398,19.716,-0.64,10.124,True
ET_02,other,43.99,0.31364,0.16995,0.96712,19.031,-7.058,8.537,True
ET_02,other,44.0,0.25629,0.13391,0.96149,10.876,-11.175,4.801,True
ET_02,other,44.01,0.19641,0.06339,0.92156,0.123,-14.019,0.506,True
ET_02,other,44.02,0.1544,0.1065,0.91612,-9.137,-12.597,-5.259,True
ET_02,other,44.03,0.04713,0.1558,0.88827,-16.895,-9.093,-8.454,True
ET_02,other,44.04,0.03006,0.19006,0.89758,-19.918,-2.44,-10.454,True
ET_02,other,44.050000000000004,0.03864,0.2483,0.89207,-18.089,5.39,-10.314,True
ET_02,other,44.06,0.08361,0.30387,0.9059,-13.704,11.081,-6.348,True
ET_02,other,44.07,0.13966,0.3126,0.93259,-4.479,13.919,-2.762,True
ET_02,other,44.08,0.21096,0.30495,0.94662,4.346,15.874,1.934,True
ET_02,other,44.09,0.27825,0.31628,0.98541,13.319,10.23,6.704,True
ET_02,other,44.1,0.30342,0.25993,1.00434,19.653,6.813,10.375,True
ET_02,other,44.11,0.33191,0.18468,1.0079,19.826,-3.397,11.183,True
ET_02,other,44.12,0.29585,0.16725,0.99506,16.77,-9.111,7.817,True
ET_02,other,44.13,0.23236,0.08935,0.95852,7.211,-14.644,3.549,True
ET_02,other,44.14,0.16849,0.09432,0.94431,-1.153,-14.785,0.316,True
ET_02,other,44.15,0.09798,0.12017,0.89622,-11.486,-13.181,-4.818,True
ET_02,other,44.160000000000004,0.05431,0.16077,0.90774,-19.38,-8.209,-9.349,True
ET_02,other,44.17,0.03461,0.22165,0.87782,-21.397,0.38,-10.342,True
ET_02,other,44.18,0.0647,0.26669,0.87591,-18.491,6.458,-9.586,True
ET_02,other,44.19,0.09614,0.30708,0.92486,-11.633,13.597,-7.69,True
ET_02,other,44.2,0.15611,0.33093,0.90856,-1.842,16.778,-0.607,True
ET_02,other,44.21,0.25478,0.31289,0.94959,7.987,15.264,4.816,True
ET_02,other,44.22,0.3318,0.27495,0.95246,16.02,8.678,7.269,True
ET_02,other,44.230000000000004,0.32302,0.21342,0.98953,21.066,1.975,8.779,True
ET_02,other,44.24,0.30641,0.18025,0.98392,19.286,-4.318,8.86,True
ET_02,other,44.25,0.27924,0.12473,0.99527,13.069,-11.908,8.164,True
ET_02,other,44.26,0.20323,0.12026,0.96226,6.506,-15.586,1.523,True
ET_02,other,44.27,0.12579,0.09999,0.93524,-4.315,-13.652,-1.975,True
ET_02,other,44.28,0.06725,0.13095,0.88253,-14.727,-11.763,-6.966,True
ET_02,other,44.29,0.03112,0.17606,0.87428,-20.053,-4.381,-10.979,True
ET_02,other,44.300000000000004,0.01336,0.24756,0.86458,-21.219,1.308,-10.041,True
ET_02,other,44.31,0.01957,0.29746,0.89613,-17.321,8.005,-8.698,True
ET_02,other,44.32,0.10295,0.3299,0.88232,-9.468,12.803,-5.144,True
ET_02,other,44.33,0.18694,0.33475,0.92374,1.53,15.575,0.304,True
ET_02,other,44.34,0.24522,0.31412,0.96187,11.016,14.067,6.551,True
ET_02,other,44.35,0.32594,0.28025,1.00034,19.258,8.076,9.32,True
ET_02,other,44.36,0.32536,0.19741,1.00907,22.758,0.622,10.036,True
ET_02,other,44.37,0.32249,0.15703,0.99645,20.259,-8.0,10.072,True
ET_02,other,44.38,0.27858,0.13009,0.99151,12.24,-14.251,7.54,True
ET_02,other,44.39,0.17763,0.08902,0.93854,3.149,-16.223,1.957,True
ET_02,other,44.4,0.12969,0.10118,0.92392,-8.741,-14.148,-2.645,True
ET_02,other,44.410000000000004,0.04009,0.14423,0.88748,-14.756,-10.853,-7.984,True
ET_02,other,44.42,-0.0114,0.20872,0.8834,-20.523,-4.541,-10.665,True
ET_02,other,44.43,0.01591,0.25294,0.89328,-22.235,4.072,-10.635,True
ET_02,other,44.44,0.03048,0.29846,0.91602,-15.716,10.971,-8.532,True
ET_02,other,44.45,0.12503,0.30101,0.92619,-7.523,16.694,-3.704,True
ET_02,other,44.46,0.21598,0.31542,0.97199,4.251,16.158,1.996,True
ET_02,other,44.47,0.26507,0.30757,0.97765,16.057,12.36,7.402,True
ET_02,other,44.480000000000004,0.3161,0.22875,0.99093,21.065,5.931,10.8,True
ET_02,other,44.49,0.33499,0.184,1.01861,23.746,-2.033,10.463,True
ET_02,other,44.5,0.30735,0.13516,0.98733,18.731,-8.547,8.5,True
ET_02,other,44.51,0.22881,0.10836,0.96878,10.724,-15.881,4.731,True
ET_02,other,44.52,0.13646,0.09378,0.93866,-0.435,-18.859,-0.417,True
ET_02,other,44.53,0.09794,0.12405,0.90062,-12.476,-14.915,-5.923,True
ET_02,other,44.54,-0.00258,0.16581,0.88668,-19.713,-9.036,-10.772,True
ET_02,other,44.550000000000004,-0.0093,0.17315,0.85861,-23.115,0.207,-12.008,True
ET_02,other,44.56,0.00391,0.27974,0.86722,-21.129,6.601,-9.664,True
ET_02,other,44.57,0.04751,0.29363,0.89978,-14.323,13.092,-6.163,True
ET_02,other,44.58,0.1267,0.3263,0.89885,-4.04,17.729,-1.594,True
ET_02,other,44.59,0.22781,0.34453,0.95991,6.477,15.146,4.772,True
ET_02,other,44.6,0.29427,0.27755,1.02939,17.498,13.396,9.748,True
ET_02,other,44.61,0.34504,0.24215,0.99743,22.226,5.002,11.381,True
ET_02,other,44.62,0.32954,0.18575,1.02147,21.488,-4.162,11.617,True
ET_02,other,44.63,0.27907,0.12244,0.97998,17.565,-11.795,10.075,True
ET_02,other,44.64,0.22766,0.10381,0.99205,7.965,-17.335,3.774,True
ET_02,other,44.65,0.12234,0.0958,0.92278,-3.17,-15.569,-3.108,True
ET_02,other,44.660000000000004,0.07927,0.10151,0.90643,-15.485,-13.312,-7.396,True
ET_02,other,44.67,0.00897,0.12723,0.88571,-22.086,-7.156,-9.331,True
ET_02,other,44.68,0.00546,0.20312,0.88474,-23.286,1.525,-11.168,True
ET_02,other,44.69,0.01233,0.27831,0.87487,-19.876,8.563,-8.678,True
ET_02,other,44.7,0.06888,0.3034,0.93574,-10.624,14.399,-6.758,True
ET_02,other,44.71,0.18142,0.3096,0.95077,-0.378,17.23,0.301,True
ET_02,other,44.72,0.26904,0.2892,0.97295,11.801,13.808,5.763,True
ET_02,other,44.730000000000004,0.32771,0.29241,1.00341,20.543,9.527,9.077,True
ET_02,other,44.74,0.35395,0.2015,0.98154,23.716,1.714,10.191,True
ET_02,other,44.75,0.32627,0.15,0.99993,20.427,-7.763,11.622,True
ET_02,other,44.76,0.25494,0.11102,0.98672,14.361,-13.634,7.797,True
ET_02,other,44.77,0.21103,0.0449,0.95842,4.587,-16.985,2.3,True
ET_02,other,44.78,0.10373,0.07008,0.93306,-9.214,-17.001,-2.929,True
ET_02,other,44.79,0.03574,0.0923,0.88619,-16.313,-13.066,-8.42,True
ET_02,other,44.800000000000004,-0.03018,0.14317,0.88801,-24.299,-4.948,-12.189,True
ET_02,other,44.81,0.00463,0.24611,0.8688,-23.463,5.154,-11.249,True
ET_02,other,44.82,0.02247,0.3237,0.89915,-19.42,13.292,-9.578,True
ET_02,other,44.83,0.09911,0.31274,0.92153,-7.479,18.853,-4.381,True
ET_02,other,44.84,0.18751,0.34495,0.94349,3.354,18.392,1.761,True
ET_02,other,44.85,0.27188,0.30731,0.99585,15.625,15.641,8.781,True
ET_02,other,44.86,0.33291,0.25225,0.99875,22.789,6.461,10.734,True
ET_02,other,44.87,0.35436,0.18645,1.03514,26.34,-2.591,12.626,True
ET_02,other,44.88,0.31301,0.1433,1.01025,20.513,-9.317,9.471,True
ET_02,other,44.89,0.25211,0.0771,0.96109,13.289,-15.177,6.193,True
ET_02,other,44.9,0.12123,0.07422,0.94298,1.202,-19.525,-0.136,True
ET_02,other,44.910000000000004,0.08491,0.09167,0.93091,-11.436,-16.439,-5.891,True
ET_02,other,44.92,-0.01691,0.10384,0.89477,-20.67,-12.017,-10.205,True
ET_02,other,44.93,-0.04801,0.18641,0.88388,-24.478,-2.767,-12.646,True
ET_02,other,44.94,-0.02286,0.27103,0.85715,-23.848,6.067,-11.629,True
ET_02,other,44.95,-0.00551,0.32581,0.92372,-16.656,15.067,-8.705,True
ET_02,other,44.96,0.11369,0.33364,0.94873,-4.378,18.445,-1.525,True
ET_02,other,44.97,0.20879,0.32157,1.02165,7.198,17.668,2.643,True
ET_02,other,44.980000000000004,0.29103,0.27582,0.98608,16.429,13.14,9.552,True
ET_02,other,44.99,0.32448,0.23621,1.00839,26.228,6.057,12.538,True
