subject_id,label,timestamp,accel_x,accel_y,accel_z,gyro_x,gyro_y,gyro_z,is_synthetic
ET_04,other,0.0,0.13738,0.35522,0.97012,-0.028,20.179,0.619,True
ET_04,other,0.01,0.25501,0.30455,1.0168,14.05,16.108,7.365,True
ET_04,other,0.02,0.31663,0.2479,1.02293,23.486,7.465,11.607,True
ET_04,other,0.03,0.3213,0.17559,1.02647,26.777,-1.729,13.644,True
ET_04,other,0.04,0.31184,0.10338,0.99032,22.755,-12.551,10.693,True
ET_04,other,0.05,0.23736,0.07269,1.00163,9.083,-18.983,4.406,True
ET_04,other,0.06,0.12364,0.05573,0.9386,-4.785,-18.108,-2.484,True
ET_04,other,0.07,0.01684,0.09654,0.86387,-18.284,-14.406,-10.209,True
ET_04,other,0.08,-0.01971,0.1377,0.85774,-26.479,-6.867,-12.248,True
ET_04,other,0.09,-0.04042,0.23263,0.86695,-26.681,4.019,-13.624,True
ET_04,other,0.1,-0.00633,0.29532,0.91327,-19.834,14.689,-10.308,True
ET_04,other,0.11,0.09053,0.3576,0.93921,-7.038,19.104,-2.674,True
ET_04,other,0.12,0.22672,0.33262,0.96319,7.904,19.23,2.606,True
ET_04,other,0.13,0.31027,0.28362,1.01303,21.006,14.433,10.721,True
ET_04,other,0.14,0.34518,0.23581,1.00024,26.321,3.179,12.88,True
ET_04,other,0.15,0.35693,0.15403,1.00855,24.848,-7.546,14.282,True
ET_04,other,0.16,0.27076,0.08533,0.99493,15.275,-16.869,9.096,True
ET_04,other,0.17,0.18445,0.05535,0.97445,1.366,-20.819,0.383,True
ET_04,other,0.18,0.05602,0.1015,0.90733,-11.396,-17.824,-7.614,True
ET_04,other,0.19,-0.03907,0.13881,0.89821,-25.002,-10.376,-11.666,True
ET_04,other,0.2,-0.03587,0.21895,0.86104,-28.812,1.008,-16.043,True
ET_04,other,0.21,-0.02663,0.28714,0.8871,-24.491,9.811,-12.997,True
ET_04,other,0.22,0.06081,0.35424,0.91191,-13.009,18.936,-5.52,True
ET_04,other,0.23,0.16532,0.34857,0.94918,2.234,20.775,0.523,True
ET_04,other,0.24,0.29342,0.31512,1.01929,17.98,16.532,8.34,True
ET_04,other,0.25,0.34929,0.26306,1.05951,25.028,7.639,14.213,True
ET_04,other,0.26,0.35318,0.18035,1.02279,28.3,-3.401,13.34,True
ET_04,other,0.27,0.32089,0.08447,1.00742,21.7,-13.656,10.356,True
ET_04,other,0.28,0.20994,0.03563,0.93947,9.397,-20.287,5.342,True
ET_04,other,0.29,0.1324,0.06124,0.92847,-7.334,-21.307,-3.2,True
ET_04,other,0.3,0.01248,0.09586,0.89454,-20.709,-14.097,-9.941,True
ET_04,other,0.31,-0.02892,0.16965,0.87223,-29.365,-4.672,-12.906,True
ET_04,other,0.32,-0.04636,0.26822,0.85651,-28.734,7.259,-13.212,True
ET_04,other,0.33,0.03576,0.33738,0.90447,-20.111,15.524,-11.077,True
ET_04,other,0.34,0.10759,0.3683,0.93149,-5.709,21.935,-2.764,True
ET_04,other,0.35000000000000003,0.24034,0.33024,0.96891,11.181,19.788,5.787,True
ET_04,other,0.36,0.3337,0.30327,1.00553,23.427,13.405,11.594,True
ET_04,other,0.37,0.3783,0.21893,1.01846,29.544,1.001,14.476,True
ET_04,other,0.38,0.36079,0.14752,1.00895,27.255,-8.899,12.851,True
ET_04,other,0.39,0.25619,0.06409,0.99421,15.501,-18.735,8.826,True
ET_04,other,0.4,0.18157,0.02736,0.95763,-0.716,-22.56,1.142,True
ET_04,other,0.41000000000000003,0.05479,0.06781,0.89706,-16.327,-19.294,-7.506,True
ET_04,other,0.42,-0.01777,0.11862,0.87529,-25.356,-9.426,-11.536,True
ET_04,other,0.43,-0.05753,0.22426,0.86285,-30.285,1.228,-14.13,True
ET_04,other,0.44,-0.02796,0.31163,0.89292,-25.742,11.1,-12.67,True
ET_04,other,0.45,0.07623,0.3494,0.90953,-12.828,21.356,-6.115,True
ET_04,other,0.46,0.20462,0.38838,0.95259,4.009,20.888,1.489,True
ET_04,other,0.47000000000000003,0.30215,0.32695,0.98542,18.957,17.509,10.754,True
ET_04,other,0.48,0.37025,0.25991,0.99014,28.144,7.337,14.578,True
ET_04,other,0.49,0.40268,0.1569,1.02398,30.553,-5.087,13.844,True
ET_04,other,0.5,0.32038,0.0755,1.01528,22.016,-14.99,10.78,True
ET_04,other,0.51,0.20217,0.0517,0.95873,8.209,-21.364,3.034,True
ET_04,other,0.52,0.08464,0.03185,0.92325,-8.141,-21.875,-3.765,True
ET_04,other,0.53,0.00141,0.11435,0.86196,-22.047,-14.573,-9.705,True
ET_04,other,0.54,-0.05974,0.15575,0.85284,-28.926,-1.969,-14.15,True
ET_04,other,0.55,-0.0596,0.28569,0.87314,-28.692,8.047,-14.084,True
ET_04,other,0.56,0.04026,0.33891,0.90434,-19.96,18.721,-9.409,True
ET_04,other,0.5700000000000001,0.1441,0.35091,0.93095,-1.989,22.71,-2.078,True
ET_04,other,0.58,0.28826,0.37842,0.94941,13.557,20.353,5.483,True
ET_04,other,0.59,0.36388,0.31913,0.99795,25.381,12.743,12.377,True
ET_04,other,0.6,0.37296,0.21348,1.02893,31.746,0.704,15.477,True
ET_04,other,0.61,0.34445,0.10376,0.99869,26.356,-11.146,12.553,True
ET_04,other,0.62,0.26399,0.06443,1.00182,14.528,-19.413,8.033,True
ET_04,other,0.63,0.14716,0.04256,0.95578,-1.072,-21.881,0.446,True
ET_04,other,0.64,0.04088,0.05119,0.86245,-18.406,-16.966,-8.949,True
ET_04,other,0.65,-0.03919,0.13661,0.85692,-27.687,-9.029,-13.581,True
ET_04,other,0.66,-0.05375,0.19776,0.84417,-32.492,3.271,-14.756,True
ET_04,other,0.67,-0.00788,0.30562,0.86048,-23.634,14.91,-12.706,True
ET_04,other,0.68,0.07312,0.35617,0.90473,-10.954,21.569,-3.423,True
ET_04,other,0.6900000000000001,0.22894,0.36583,0.93308,5.681,22.678,3.273,True
ET_04,other,0.7000000000000001,0.37546,0.33348,0.97251,21.823,15.948,9.671,True
ET_04,other,0.71,0.39023,0.24172,1.03021,29.341,8.13,16.022,True
ET_04,other,0.72,0.39735,0.15283,1.00522,30.415,-7.207,13.745,True
ET_04,other,0.73,0.32084,0.08394,0.99579,23.048,-17.319,10.381,True
ET_04,other,0.74,0.21495,0.06755,0.94632,6.195,-22.163,2.546,True
ET_04,other,0.75,0.07251,0.04668,0.86434,-9.911,-22.261,-6.185,True
ET_04,other,0.76,-0.00251,0.10425,0.89451,-25.196,-14.227,-12.69,True
ET_04,other,0.77,-0.05283,0.19922,0.85305,-31.902,-1.145,-16.037,True
ET_04,other,0.78,-0.01457,0.30259,0.85484,-27.453,9.093,-14.824,True
ET_04,other,0.79,0.05135,0.3635,0.88248,-17.361,19.192,-8.62,True
ET_04,other,0.8,0.17342,0.38165,0.94287,-0.756,24.17,-1.208,True
ET_04,other,0.81,0.29058,0.34402,0.96781,15.841,20.008,7.346,True
ET_04,other,0.8200000000000001,0.36425,0.30866,1.00111,26.55,10.584,14.915,True
ET_04,other,0.8300000000000001,0.42772,0.20262,1.0335,33.416,-1.783,15.452,True
ET_04,other,0.84,0.36441,0.12078,1.02165,27.421,-13.983,12.151,True
ET_04,other,0.85,0.2939,0.04012,0.94742,12.812,-22.468,8.662,True
ET_04,other,0.86,0.16084,0.03812,0.91773,-5.257,-23.315,-2.52,True
ET_04,other,0.87,0.03209,0.09191,0.8655,-19.404,-18.482,-11.598,True
ET_04,other,0.88,-0.0304,0.14244,0.86458,-30.23,-8.87,-14.12,True
ET_04,other,0.89,-0.04541,0.26852,0.85172,-31.529,4.882,-16.716,True
ET_04,other,0.9,0.01894,0.33327,0.85339,-23.473,16.592,-13.361,True
ET_04,other,0.91,0.11887,0.37684,0.89493,-8.969,23.094,-3.774,True
ET_04,other,0.92,0.24601,0.36102,0.9573,8.302,22.682,4.781,True
ET_04,other,0.93,0.37552,0.33243,0.9785,23.992,15.91,12.516,True
ET_04,other,0.9400000000000001,0.42444,0.23375,1.0009,31.049,4.8,16.032,True
ET_04,other,0.9500000000000001,0.41423,0.16129,1.01429,29.676,-8.005,16.433,True
ET_04,other,0.96,0.28422,0.04045,1.00944,21.179,-18.793,10.918,True
ET_04,other,0.97,0.17578,0.03773,0.93785,3.541,-24.006,1.956,True
ET_04,other,0.98,0.09777,0.03484,0.92404,-14.229,-21.272,-5.78,True
ET_04,other,0.99,-0.01657,0.12243,0.85533,-27.818,-13.956,-14.132,True
ET_04,other,1.0,-0.06489,0.23484,0.85683,-33.106,-0.585,-16.837,True
ET_04,other,1.01,-0.0458,0.31834,0.87054,-28.839,11.838,-13.891,True
ET_04,other,1.02,0.06615,0.3624,0.89153,-15.97,20.646,-7.073,True
ET_04,other,1.03,0.17399,0.4185,0.96345,0.525,24.66,1.696,True
ET_04,other,1.04,0.3087,0.3843,0.96116,18.429,19.755,9.796,True
ET_04,other,1.05,0.39762,0.26774,1.01592,29.975,8.57,14.493,True
ET_04,other,1.06,0.42232,0.21038,1.0273,31.924,-2.738,14.846,True
ET_04,other,1.07,0.39164,0.09247,1.01358,25.649,-15.057,11.705,True
ET_04,other,1.08,0.23734,0.0754,0.9691,12.306,-23.422,4.811,True
ET_04,other,1.09,0.132,0.058,0.90264,-6.781,-23.886,-2.228,True
ET_04,other,1.1,0.0336,0.07612,0.88633,-21.073,-17.677,-10.655,True
ET_04,other,1.11,-0.05885,0.1412,0.85605,-30.931,-5.976,-16.868,True
ET_04,other,1.12,-0.05966,0.2492,0.85292,-31.365,7.0,-16.307,True
ET_04,other,1.1300000000000001,0.02604,0.34143,0.87496,-22.851,16.811,-11.294,True
ET_04,other,1.1400000000000001,0.14388,0.39476,0.9258,-5.754,23.681,-3.532,True
ET_04,other,1.1500000000000001,0.29892,0.3862,0.9547,11.403,22.063,6.137,True
ET_04,other,1.16,0.39141,0.3345,1.00148,25.524,16.282,14.275,True
ET_04,other,1.17,0.42176,0.24881,1.02044,33.995,3.772,16.39,True
ET_04,other,1.18,0.4061,0.13523,1.01549,29.128,-10.784,14.413,True
ET_04,other,1.19,0.3308,0.0817,0.98771,17.747,-21.456,9.467,True
ET_04,other,1.2,0.17248,0.04055,0.93098,2.424,-24.352,0.693,True
ET_04,other,1.21,0.08435,0.05402,0.90053,-17.044,-19.032,-8.722,True
ET_04,other,1.22,-0.04239,0.13316,0.86713,-29.297,-13.229,-14.644,True
ET_04,other,1.23,-0.04978,0.23941,0.83323,-32.333,1.219,-15.179,True
ET_04,other,1.24,-0.02865,0.30887,0.85735,-28.036,12.44,-13.834,True
ET_04,other,1.25,0.08634,0.37864,0.89967,-13.353,21.538,-7.6,True
ET_04,other,1.26,0.23215,0.37972,0.95479,4.267,23.164,0.621,True
ET_04,other,1.27,0.32763,0.37305,0.98767,19.508,19.145,10.289,True
ET_04,other,1.28,0.42106,0.27953,1.00149,30.379,9.683,15.207,True
ET_04,other,1.29,0.40957,0.18341,1.01242,32.631,-4.645,14.918,True
ET_04,other,1.3,0.38523,0.1125,0.97493,23.887,-15.389,14.252,True
ET_04,other,1.31,0.25189,0.05264,0.95987,8.987,-23.386,5.36,True
ET_04,other,1.32,0.09966,0.02673,0.91884,-8.784,-25.309,-3.603,True
ET_04,other,1.33,0.01267,0.11204,0.87004,-24.392,-15.316,-12.113,True
ET_04,other,1.34,-0.05281,0.17782,0.83369,-32.711,-5.352,-15.347,True
ET_04,other,1.35,-0.02302,0.29944,0.84055,-31.652,8.594,-17.174,True
ET_04,other,1.36,0.00092,0.34101,0.91023,-22.395,19.219,-11.19,True
ET_04,other,1.37,0.16862,0.39372,0.90661,-4.922,23.905,-1.942,True
ET_04,other,1.3800000000000001,0.31491,0.36993,0.95999,14.663,23.317,6.957,True
ET_04,other,1.3900000000000001,0.36694,0.33512,1.03008,26.354,13.146,13.372,True
ET_04,other,1.4000000000000001,0.42227,0.2455,1.02749,33.246,1.557,17.762,True
ET_04,other,1.41,0.40142,0.13563,1.04117,29.123,-12.469,14.461,True
ET_04,other,1.42,0.31357,0.08907,0.9659,14.829,-20.753,9.708,True
ET_04,other,1.43,0.17417,0.045,0.93104,-0.532,-23.958,-0.445,True
ET_04,other,1.44,0.0491,0.07324,0.8907,-17.303,-20.536,-8.546,True
ET_04,other,1.45,-0.02142,0.15037,0.84203,-28.501,-11.027,-13.611,True
ET_04,other,1.46,-0.00025,0.22847,0.85133,-32.373,2.365,-15.66,True
ET_04,other,1.47,0.00449,0.31089,0.86129,-25.882,14.777,-11.531,True
ET_04,other,1.48,0.06586,0.38222,0.90443,-12.274,22.901,-6.517,True
ET_04,other,1.49,0.24986,0.40777,0.9529,5.489,23.327,1.224,True
ET_04,other,1.5,0.329,0.347,0.97027,20.516,18.862,10.673,True
ET_04,other,1.51,0.43731,0.2758,0.99844,31.279,6.819,13.893,True
ET_04,other,1.52,0.44515,0.1732,0.99085,31.335,-7.145,14.759,True
ET_04,other,1.53,0.37971,0.09976,1.01356,22.286,-17.502,11.643,True
ET_04,other,1.54,0.20937,0.02741,0.92486,8.474,-22.956,4.524,True
ET_04,other,1.55,0.10684,0.06308,0.87944,-9.763,-22.698,-6.44,True
ET_04,other,1.56,0.01481,0.11369,0.86944,-24.185,-14.853,-12.219,True
ET_04,other,1.57,-0.05008,0.20733,0.83102,-31.231,-3.117,-15.614,True
ET_04,other,1.58,-0.0017,0.30735,0.83458,-29.558,8.502,-14.041,True
ET_04,other,1.59,0.03977,0.36423,0.87592,-18.475,20.74,-9.112,True
ET_04,other,1.6,0.20015,0.37383,0.92016,-1.744,23.593,-2.127,True
ET_04,other,1.61,0.32128,0.37606,0.9576,13.853,22.269,6.831,True
ET_04,other,1.62,0.38448,0.3143,1.00412,28.385,10.382,13.874,True
ET_04,other,1.6300000000000001,0.42596,0.22654,1.03136,31.519,0.329,16.26,True
ET_04,other,1.6400000000000001,0.37325,0.14649,0.99951,26.09,-12.078,13.854,True
ET_04,other,1.6500000000000001,0.2803,0.08413,0.95127,13.674,-20.428,6.16,True
ET_04,other,1.6600000000000001,0.1618,0.07187,0.91455,-2.225,-23.686,-1.993,True
ET_04,other,1.67,0.07231,0.08901,0.88495,-18.876,-19.638,-10.084,True
ET_04,other,1.68,-0.0122,0.14497,0.86471,-29.594,-6.676,-14.454,True
ET_04,other,1.69,-0.02826,0.25632,0.87503,-31.023,4.208,-14.916,True
ET_04,other,1.7,0.04473,0.3689,0.8485,-25.235,16.859,-12.839,True
ET_04,other,1.71,0.10042,0.37505,0.92367,-9.913,22.43,-4.356,True
ET_04,other,1.72,0.24614,0.38479,0.9463,6.392,20.935,3.349,True
ET_04,other,1.73,0.35441,0.35325,0.98211,20.793,16.364,12.095,True
ET_04,other,1.74,0.43934,0.27241,1.01425,29.261,4.236,14.316,True
ET_04,other,1.75,0.40106,0.15948,1.01064,29.979,-8.106,14.955,True
ET_04,other,1.76,0.38044,0.08398,0.96837,20.953,-19.481,9.177,True
ET_04,other,1.77,0.23323,0.05266,0.95052,4.061,-22.29,2.342,True
ET_04,other,1.78,0.12609,0.05219,0.90311,-13.767,-19.88,-5.756,True
ET_04,other,1.79,0.01911,0.13815,0.86454,-25.72,-14.584,-14.742,True
ET_04,other,1.8,-0.04195,0.22214,0.84498,-31.729,-1.058,-16.031,True
ET_04,other,1.81,0.00499,0.28489,0.85381,-29.087,10.912,-14.768,True
ET_04,other,1.82,0.05698,0.35443,0.91796,-17.033,19.757,-8.485,True
ET_04,other,1.83,0.22658,0.39732,0.91398,0.424,23.311,0.89,True
ET_04,other,1.84,0.31112,0.39428,0.99797,16.022,18.764,8.498,True
ET_04,other,1.85,0.39899,0.31514,1.00579,28.389,9.392,12.305,True
ET_04,other,1.86,0.41611,0.21726,1.03213,31.709,-1.845,14.543,True
ET_04,other,1.87,0.39347,0.14725,1.00657,24.148,-14.372,11.672,True
ET_04,other,1.8800000000000001,0.2893,0.0952,0.98777,11.855,-20.567,4.682,True
ET_04,other,1.8900000000000001,0.1625,0.0605,0.90092,-6.526,-22.829,-2.929,True
ET_04,other,1.9000000000000001,0.03875,0.0929,0.87716,-19.708,-16.226,-8.366,True
ET_04,other,1.9100000000000001,0.00984,0.18107,0.84738,-29.24,-8.011,-14.483,True
ET_04,other,1.92,-0.0203,0.22919,0.85537,-29.04,4.649,-14.948,True
ET_04,other,1.93,0.02245,0.3123,0.86709,-22.544,16.501,-12.386,True
ET_04,other,1.94,0.16515,0.38413,0.91518,-6.829,22.649,-2.64,True
ET_04,other,1.95,0.28011,0.37573,0.97297,9.255,21.018,4.608,True
ET_04,other,1.96,0.35866,0.35105,0.97448,24.091,14.702,11.774,True
ET_04,other,1.97,0.42471,0.25344,1.00796,30.644,3.087,14.986,True
ET_04,other,1.98,0.41414,0.15432,1.02826,28.031,-8.378,14.756,True
ET_04,other,1.99,0.31182,0.13312,0.96374,18.431,-18.861,8.619,True
ET_04,other,2.0,0.21937,0.0435,0.93666,3.175,-22.953,3.111,True
ET_04,other,2.0100000000000002,0.09474,0.09175,0.88738,-12.395,-19.856,-8.339,True
ET_04,other,2.02,0.0141,0.13665,0.8601,-25.531,-9.301,-12.507,True
ET_04,other,2.0300000000000002,-0.01504,0.23903,0.84833,-29.405,0.19,-14.05,True
ET_04,other,2.04,0.01569,0.30321,0.86013,-25.749,11.418,-13.268,True
ET_04,other,2.05,0.07442,0.36301,0.88745,-12.62,20.584,-6.713,True
ET_04,other,2.06,0.19776,0.37734,0.93768,2.177,21.228,1.505,True
ET_04,other,2.07,0.32053,0.35455,0.9634,16.946,17.132,7.931,True
ET_04,other,2.08,0.38891,0.29096,1.01288,27.943,8.187,12.522,True
ET_04,other,2.09,0.39319,0.22383,1.00971,29.104,-3.542,14.995,True
ET_04,other,2.1,0.3703,0.10942,0.97974,22.062,-14.524,11.067,True
ET_04,other,2.11,0.26142,0.05384,0.93996,9.047,-21.078,6.502,True
ET_04,other,2.12,0.15897,0.07674,0.92255,-6.082,-20.848,-1.925,True
ET_04,other,2.13,0.04392,0.07434,0.87516,-19.055,-14.911,-9.861,True
ET_04,other,2.14,-0.02599,0.19082,0.83478,-27.267,-4.286,-13.958,True
ET_04,other,2.15,-0.01026,0.30839,0.84932,-28.943,7.518,-13.307,True
ET_04,other,2.16,0.06014,0.35246,0.88369,-18.806,17.939,-8.202,True
ET_04,other,2.17,0.14296,0.40868,0.92676,-5.141,18.637,-3.253,True
ET_04,other,2.18,0.2765,0.36636,0.98543,11.564,18.877,5.647,True
ET_04,other,2.19,0.35145,0.26539,0.97222,24.271,12.068,11.887,True
ET_04,other,2.2,0.41335,0.21902,1.03958,28.321,1.038,14.37,True
ET_04,other,2.21,0.4,0.14544,0.99493,26.684,-8.32,13.357,True
ET_04,other,2.22,0.31603,0.11289,0.95816,14.708,-17.832,7.309,True
ET_04,other,2.23,0.21508,0.07532,0.92104,1.359,-21.039,1.555,True
ET_04,other,2.24,0.08737,0.07805,0.89631,-13.614,-19.075,-6.383,True
ET_04,other,2.25,-0.0132,0.16117,0.86037,-25.089,-10.166,-12.389,True
ET_04,other,2.2600000000000002,0.00478,0.22629,0.85999,-27.752,0.328,-12.973,True
ET_04,other,2.27,0.04179,0.30455,0.86406,-23.653,13.499,-10.391,True
ET_04,other,2.2800000000000002,0.10466,0.37407,0.906,-10.235,19.965,-4.59,True
ET_04,other,2.29,0.24012,0.36842,0.93607,3.699,20.783,2.066,True
ET_04,other,2.3000000000000003,0.34131,0.35379,0.97395,17.176,17.584,9.699,True
ET_04,other,2.31,0.37253,0.2533,0.98337,26.224,5.349,13.046,True
ET_04,other,2.32,0.39817,0.16748,1.02055,27.204,-4.687,13.973,True
ET_04,other,2.33,0.32195,0.11073,0.99765,20.632,-13.434,9.73,True
ET_04,other,2.34,0.23033,0.11378,0.915,6.683,-18.33,3.592,True
ET_04,other,2.35,0.11969,0.10607,0.91816,-9.084,-19.401,-3.812,True
ET_04,other,2.36,0.06593,0.14131,0.86206,-19.721,-13.177,-9.649,True
ET_04,other,2.37,0.01477,0.19687,0.85999,-27.64,-3.76,-12.432,True
ET_04,other,2.38,0.01323,0.30786,0.85706,-25.022,6.967,-13.506,True
ET_04,other,2.39,0.09341,0.33745,0.88011,-16.843,16.768,-7.81,True
ET_04,other,2.4,0.1857,0.36055,0.94131,-3.176,20.499,-0.513,True
ET_04,other,2.41,0.28482,0.353,0.96361,11.801,19.24,7.665,True
ET_04,other,2.42,0.38401,0.3,0.9778,22.662,10.339,12.172,True
ET_04,other,2.43,0.41749,0.2199,0.98844,26.865,-0.807,12.539,True
ET_04,other,2.44,0.3692,0.12779,1.00381,21.769,-9.334,11.252,True
ET_04,other,2.45,0.30461,0.09327,0.9414,13.073,-17.81,6.192,True
ET_04,other,2.46,0.20039,0.06702,0.91872,-2.359,-21.488,-0.315,True
ET_04,other,2.47,0.06009,0.09125,0.8858,-15.055,-16.425,-7.587,True
ET_04,other,2.48,0.01563,0.17916,0.85315,-24.715,-7.957,-12.703,True
ET_04,other,2.49,-0.00311,0.24783,0.85255,-26.823,2.589,-12.079,True
ET_04,other,2.5,0.03634,0.32607,0.88715,-19.986,13.15,-9.706,True
ET_04,other,2.5100000000000002,0.12265,0.37317,0.89535,-8.612,19.701,-3.644,True
ET_04,other,2.52,0.22878,0.36645,0.94154,5.76,17.108,2.196,True
ET_04,other,2.5300000000000002,0.32886,0.324,0.95877,17.819,14.356,8.276,True
ET_04,other,2.54,0.40455,0.26776,0.98376,25.143,4.131,13.947,True
ET_04,other,2.5500000000000003,0.3518,0.18018,0.98355,26.545,-5.144,11.132,True
ET_04,other,2.56,0.31234,0.1317,0.95908,18.443,-13.686,8.886,True
ET_04,other,2.57,0.23083,0.10614,0.92469,3.989,-19.657,1.486,True
ET_04,other,2.58,0.15064,0.06665,0.90514,-10.706,-17.444,-5.852,True
ET_04,other,2.59,0.06114,0.15159,0.85359,-19.288,-10.839,-9.558,True
ET_04,other,2.6,0.00745,0.2135,0.86172,-25.173,-1.871,-13.654,True
ET_04,other,2.61,0.0272,0.26141,0.88206,-22.972,8.484,-11.517,True
ET_04,other,2.62,0.1046,0.33354,0.85848,-13.477,15.824,-6.662,True
ET_04,other,2.63,0.19249,0.38339,0.93042,-1.665,19.488,1.259,True
ET_04,other,2.64,0.24403,0.3813,0.9611,12.483,16.081,7.517,True
ET_04,other,2.65,0.37621,0.29059,0.96821,21.438,9.622,12.293,True
ET_04,other,2.66,0.38495,0.19164,0.99726,23.955,-0.814,12.138,True
ET_04,other,2.67,0.35427,0.13807,1.02955,20.41,-10.377,10.117,True
ET_04,other,2.68,0.27928,0.09285,0.9772,11.656,-16.001,5.305,True
ET_04,other,2.69,0.20234,0.07385,0.92383,-3.088,-17.565,-1.642,True
ET_04,other,2.7,0.07637,0.10924,0.87404,-16.023,-13.711,-8.386,True
ET_04,other,2.71,0.04573,0.18767,0.87279,-23.263,-5.672,-12.372,True
ET_04,other,2.72,0.02703,0.25577,0.86366,-23.838,4.387,-11.713,True
ET_04,other,2.73,0.06614,0.29556,0.88981,-18.395,13.152,-8.493,True
ET_04,other,2.74,0.15162,0.36507,0.89945,-6.657,17.806,-2.46,True
ET_04,other,2.75,0.24649,0.33583,0.97052,7.056,17.044,3.356,True
ET_04,other,2.7600000000000002,0.34602,0.32188,0.97863,18.333,11.561,8.78,True
ET_04,other,2.77,0.36725,0.25096,0.97232,24.388,3.15,11.024,True
ET_04,other,2.7800000000000002,0.36476,0.15864,0.9813,21.676,-6.689,11.612,True
ET_04,other,2.79,0.31119,0.12251,0.96272,13.946,-14.325,7.4,True
ET_04,other,2.8000000000000003,0.17629,0.10672,0.88766,2.851,-16.003,0.796,True
ET_04,other,2.81,0.0974,0.12852,0.91819,-8.391,-16.706,-5.041,True
ET_04,other,2.82,0.09046,0.16745,0.87062,-19.189,-9.929,-9.306,True
ET_04,other,2.83,0.03477,0.20741,0.8436,-23.777,-1.134,-12.595,True
ET_04,other,2.84,0.02723,0.29454,0.85549,-20.626,8.226,-9.718,True
ET_04,other,2.85,0.09754,0.36346,0.87727,-12.704,14.508,-5.629,True
ET_04,other,2.86,0.21056,0.3066,0.9255,0.75,18.639,-0.059,True
ET_04,other,2.87,0.28844,0.3059,0.98865,14.39,13.657,6.654,True
ET_04,other,2.88,0.35565,0.27808,1.00314,22.883,6.85,10.594,True
ET_04,other,2.89,0.36632,0.18096,0.96855,23.011,-2.613,12.33,True
ET_04,other,2.9,0.33324,0.15508,0.97595,17.399,-10.996,9.132,True
ET_04,other,2.91,0.2589,0.10917,0.94149,8.27,-15.165,3.35,True
ET_04,other,2.92,0.17356,0.12528,0.90218,-4.743,-16.329,-3.164,True
ET_04,other,2.93,0.0454,0.15865,0.87095,-15.642,-13.096,-8.315,True
ET_04,other,2.94,0.0471,0.20998,0.86103,-20.373,-4.42,-10.947,True
ET_04,other,2.95,0.03164,0.23741,0.83579,-21.047,5.122,-10.83,True
ET_04,other,2.96,0.08531,0.31605,0.87017,-14.894,12.056,-8.729,True
ET_04,other,2.97,0.16991,0.36776,0.9133,-5.858,15.587,-1.544,True
ET_04,other,2.98,0.24199,0.35346,0.93799,7.39,14.588,4.544,True
ET_04,other,2.99,0.32336,0.28613,0.98593,17.996,10.736,10.559,True
ET_04,other,3.0,0.37936,0.26227,0.99242,22.031,2.744,11.092,True
ET_04,other,3.0100000000000002,0.33152,0.20962,0.97368,21.784,-6.19,9.228,True
ET_04,other,3.02,0.32439,0.11588,0.96614,13.701,-14.283,5.725,True
ET_04,other,3.0300000000000002,0.18905,0.11353,0.92239,-0.026,-16.825,0.581,True
ET_04,other,3.04,0.14693,0.11722,0.90054,-10.742,-14.149,-3.217,True
ET_04,other,3.0500000000000003,0.0534,0.17205,0.89345,-20.811,-6.334,-11.106,True
ET_04,other,3.06,0.05046,0.23589,0.87498,-22.888,1.775,-11.042,True
ET_04,other,3.0700000000000003,0.05973,0.26839,0.89076,-19.158,9.021,-10.427,True
ET_04,other,3.08,0.14467,0.35148,0.89187,-9.735,13.435,-3.169,True
ET_04,other,3.09,0.24722,0.33025,0.91463,2.864,15.701,2.659,True
ET_04,other,3.1,0.29883,0.31396,0.97686,12.243,13.155,6.707,True
ET_04,other,3.11,0.34915,0.26268,1.00369,19.177,5.789,10.54,True
ET_04,other,3.12,0.3533,0.20089,1.00381,21.207,-2.39,9.466,True
ET_04,other,3.13,0.3193,0.14697,0.97844,16.245,-11.27,7.393,True
ET_04,other,3.14,0.2503,0.12544,0.93464,6.246,-15.513,3.319,True
ET_04,other,3.15,0.16566,0.09959,0.92969,-6.472,-15.637,-2.981,True
ET_04,other,3.16,0.10451,0.13299,0.87763,-14.005,-11.525,-7.107,True
ET_04,other,3.17,0.04673,0.19857,0.87326,-22.081,-1.59,-9.971,True
ET_04,other,3.18,0.06202,0.27965,0.8514,-21.027,6.015,-9.908,True
ET_04,other,3.19,0.09725,0.27912,0.88137,-13.548,11.834,-5.976,True
ET_04,other,3.2,0.1944,0.31665,0.927,-2.825,13.959,0.323,True
ET_04,other,3.21,0.25934,0.32402,0.94859,8.072,14.002,3.17,True
ET_04,other,3.22,0.32785,0.28557,0.97482,18.768,8.131,9.782,True
ET_04,other,3.23,0.3306,0.23993,0.97595,21.047,0.429,10.92,True
ET_04,other,3.24,0.30898,0.15097,0.96811,18.85,-6.592,8.624,True
ET_04,other,3.25,0.28806,0.14165,0.96696,9.465,-12.927,4.823,True
ET_04,other,3.2600000000000002,0.16842,0.11132,0.93886,-1.351,-14.698,-0.154,True
ET_04,other,3.27,0.12168,0.1155,0.8885,-11.553,-13.425,-5.442,True
ET_04,other,3.2800000000000002,0.07053,0.14478,0.89833,-19.737,-6.481,-9.273,True
ET_04,other,3.29,0.03886,0.22441,0.87201,-20.957,0.693,-10.648,True
ET_04,other,3.3000000000000003,0.06783,0.27488,0.8852,-16.977,7.608,-8.481,True
ET_04,other,3.31,0.14371,0.30616,0.90455,-7.078,14.074,-5.409,True
ET_04,other,3.3200000000000003,0.21984,0.34607,0.92232,3.48,14.131,2.177,True
ET_04,other,3.33,0.28333,0.29716,0.98863,13.416,12.247,7.469,True
ET_04,other,3.34,0.32171,0.27271,0.96147,19.912,4.066,8.916,True
ET_04,other,3.35,0.35024,0.19531,0.97551,20.183,-5.227,9.776,True
ET_04,other,3.36,0.28993,0.13824,0.96231,14.404,-10.51,7.357,True
ET_04,other,3.37,0.22694,0.11056,0.95017,3.421,-13.888,1.58,True
ET_04,other,3.38,0.1697,0.1213,0.91294,-7.462,-14.74,-4.725,True
ET_04,other,3.39,0.06835,0.15648,0.89909,-16.614,-10.158,-6.234,True
ET_04,other,3.4,0.03525,0.1943,0.90694,-20.566,-1.636,-9.954,True
ET_04,other,3.41,0.05741,0.23849,0.86006,-18.444,7.409,-10.245,True
ET_04,other,3.42,0.11404,0.32554,0.88288,-10.973,11.52,-5.254,True
ET_04,other,3.43,0.18198,0.30607,0.93019,-1.286,12.795,-1.702,True
ET_04,other,3.44,0.26151,0.29454,0.95705,9.525,12.55,5.303,True
ET_04,other,3.45,0.32355,0.27313,0.95403,18.37,7.328,9.201,True
ET_04,other,3.46,0.31191,0.21521,0.97337,19.195,-0.965,9.498,True
ET_04,other,3.47,0.3141,0.16157,0.9725,15.721,-8.762,9.099,True
ET_04,other,3.48,0.27708,0.13758,0.95873,9.655,-15.313,4.554,True
ET_04,other,3.49,0.19001,0.10106,0.93908,-1.657,-13.565,-0.254,True
ET_04,other,3.5,0.10174,0.13194,0.90306,-11.351,-11.498,-6.168,True
ET_04,other,3.5100000000000002,0.06507,0.1636,0.90899,-17.637,-6.64,-8.393,True
ET_04,other,3.52,0.05469,0.21679,0.8744,-20.827,3.41,-9.207,True
ET_04,other,3.5300000000000002,0.0773,0.28191,0.86751,-13.802,9.028,-7.759,True
ET_04,other,3.54,0.15471,0.31673,0.90946,-5.011,15.545,-2.188,True
ET_04,other,3.5500000000000003,0.18663,0.31212,0.90663,4.494,13.919,3.02,True
ET_04,other,3.56,0.34373,0.2819,0.96086,13.674,10.17,8.366,True
ET_04,other,3.5700000000000003,0.3119,0.23822,0.99694,19.488,3.649,10.134,True
ET_04,other,3.58,0.3339,0.19067,0.9677,18.023,-4.637,8.538,True
ET_04,other,3.59,0.29376,0.16934,0.99492,13.134,-10.13,5.337,True
ET_04,other,3.6,0.19347,0.1227,0.94724,4.694,-13.851,1.143,True
ET_04,other,3.61,0.15411,0.12065,0.92978,-8.351,-13.422,-3.896,True
ET_04,other,3.62,0.05853,0.17514,0.9005,-16.134,-8.514,-9.122,True
ET_04,other,3.63,0.04059,0.22154,0.87857,-19.94,-1.217,-9.401,True
ET_04,other,3.64,0.0596,0.27057,0.89452,-17.392,7.151,-9.74,True
ET_04,other,3.65,0.10919,0.31771,0.90655,-8.751,11.789,-4.91,True
ET_04,other,3.66,0.17861,0.34056,0.92689,0.757,13.158,0.207,True
ET_04,other,3.67,0.27898,0.31159,0.96579,10.672,13.606,7.201,True
ET_04,other,3.68,0.32829,0.26634,0.99711,16.899,5.854,9.42,True
ET_04,other,3.69,0.32258,0.19406,0.97916,17.445,-1.125,9.728,True
ET_04,other,3.7,0.30626,0.16681,0.98621,14.946,-7.684,8.188,True
ET_04,other,3.71,0.25546,0.11654,0.97894,9.935,-12.207,4.445,True
ET_04,other,3.72,0.15971,0.12797,0.92385,-3.225,-13.176,-3.243,True
ET_04,other,3.73,0.03534,0.11809,0.9186,-14.626,-11.287,-5.834,True
ET_04,other,3.74,0.05135,0.19068,0.90085,-18.548,-4.208,-9.158,True
ET_04,other,3.75,0.04197,0.24654,0.89075,-19.17,3.823,-9.687,True
ET_04,other,3.7600000000000002,0.08498,0.30077,0.88512,-12.615,9.723,-6.6,True
ET_04,other,3.77,0.19151,0.29701,0.92124,-2.884,14.26,-3.277,True
ET_04,other,3.7800000000000002,0.22265,0.29697,0.97444,7.416,12.948,3.679,True
ET_04,other,3.79,0.3037,0.26813,0.97442,16.254,10.306,7.852,True
ET_04,other,3.8000000000000003,0.31321,0.23247,0.97767,19.534,1.996,9.961,True
ET_04,other,3.81,0.35224,0.16703,0.97841,18.642,-6.759,10.296,True
ET_04,other,3.8200000000000003,0.2866,0.14015,0.94316,12.393,-11.659,4.119,True
ET_04,other,3.83,0.20193,0.1053,0.92669,1.165,-14.637,1.087,True
ET_04,other,3.84,0.0964,0.12846,0.87682,-9.285,-13.232,-4.139,True
ET_04,other,3.85,0.0674,0.18372,0.87375,-17.36,-9.981,-8.894,True
ET_04,other,3.86,0.02628,0.2472,0.88025,-19.582,-0.572,-9.394,True
ET_04,other,3.87,0.06624,0.29184,0.90938,-15.727,7.795,-8.248,True
ET_04,other,3.88,0.11353,0.30752,0.90578,-10.464,13.136,-3.294,True
ET_04,other,3.89,0.1902,0.31726,0.94726,2.409,14.288,1.186,True
ET_04,other,3.9,0.25796,0.29015,0.95746,10.523,11.732,6.945,True
ET_04,other,3.91,0.30821,0.29497,0.95918,17.608,5.135,8.549,True
ET_04,other,3.92,0.34027,0.17872,0.98907,18.939,-0.857,10.349,True
ET_04,other,3.93,0.27062,0.13569,0.96937,15.726,-10.206,8.126,True
ET_04,other,3.94,0.22866,0.11023,0.95447,4.975,-14.618,2.524,True
ET_04,other,3.95,0.16149,0.10854,0.93093,-5.123,-16.523,-2.876,True
ET_04,other,3.96,0.05499,0.15538,0.90667,-13.708,-10.649,-7.375,True
ET_04,other,3.97,0.06294,0.20373,0.87688,-19.095,-3.646,-9.454,True
ET_04,other,3.98,0.05187,0.2309,0.85956,-18.586,3.823,-9.482,True
ET_04,other,3.99,0.08587,0.31007,0.91508,-13.634,11.791,-6.653,True
ET_04,other,4.0,0.15052,0.33642,0.93121,-2.414,13.319,-0.454,True
ET_04,other,4.01,0.23439,0.3002,0.98267,8.32,12.923,4.384,True
ET_04,other,4.0200000000000005,0.28254,0.2616,0.9729,16.541,10.088,6.866,True
ET_04,other,4.03,0.33045,0.20787,0.98925,20.106,1.613,10.823,True
ET_04,other,4.04,0.31037,0.14459,0.9978,18.955,-6.682,7.816,True
ET_04,other,4.05,0.23315,0.13013,0.94845,9.022,-13.161,5.216,True
ET_04,other,4.0600000000000005,0.20932,0.11375,0.96468,-1.205,-14.24,0.424,True
ET_04,other,4.07,0.11973,0.09205,0.88787,-11.132,-11.864,-4.322,True
ET_04,other,4.08,0.04283,0.15282,0.91592,-18.653,-6.022,-8.85,True
ET_04,other,4.09,0.02434,0.23078,0.87379,-20.147,0.474,-9.72,True
ET_04,other,4.1,0.06862,0.26961,0.90459,-15.594,8.772,-9.249,True
ET_04,other,4.11,0.10719,0.35177,0.93022,-8.419,13.562,-4.671,True
ET_04,other,4.12,0.20964,0.33178,0.94349,3.735,14.631,1.328,True
ET_04,other,4.13,0.26018,0.28072,0.97478,12.516,11.441,6.475,True
ET_04,other,4.14,0.30218,0.26855,0.99356,19.426,4.05,9.047,True
ET_04,other,4.15,0.34841,0.1851,0.99302,19.459,-3.359,10.898,True
ET_04,other,4.16,0.28335,0.14912,0.97614,14.564,-11.175,7.407,True
ET_04,other,4.17,0.1947,0.12261,0.93967,6.333,-15.261,1.907,True
ET_04,other,4.18,0.11598,0.09105,0.93562,-5.114,-14.491,-3.122,True
ET_04,other,4.19,0.03937,0.15132,0.92472,-15.609,-10.674,-7.17,True
ET_04,other,4.2,0.02477,0.18363,0.89904,-20.753,-2.068,-11.101,True
ET_04,other,4.21,0.03451,0.2378,0.88719,-20.951,4.22,-9.289,True
ET_04,other,4.22,0.07762,0.27538,0.89704,-10.816,11.816,-6.235,True
ET_04,other,4.23,0.18417,0.34116,0.9404,-2.276,15.629,-0.821,True
ET_04,other,4.24,0.25214,0.31671,0.96643,9.924,13.708,4.526,True
ET_04,other,4.25,0.28289,0.27231,0.96947,18.571,8.425,9.162,True
ET_04,other,4.26,0.33397,0.1946,1.00953,20.774,-0.363,11.29,True
ET_04,other,4.2700000000000005,0.28328,0.15002,0.99109,19.053,-8.368,8.355,True
ET_04,other,4.28,0.21959,0.10086,0.97032,9.865,-13.58,4.54,True
ET_04,other,4.29,0.1662,0.08965,0.92064,-1.557,-15.454,-1.555,True
ET_04,other,4.3,0.06277,0.12121,0.89924,-13.672,-12.567,-5.644,True
ET_04,other,4.3100000000000005,0.06354,0.20065,0.88356,-20.934,-5.435,-10.374,True
ET_04,other,4.32,0.00877,0.2321,0.89493,-20.567,2.612,-10.511,True
ET_04,other,4.33,0.07143,0.25402,0.91392,-16.109,10.468,-7.263,True
ET_04,other,4.34,0.1185,0.3099,0.91016,-7.007,14.768,-1.305,True
ET_04,other,4.3500000000000005,0.18402,0.33832,0.93349,5.185,15.309,1.955,True
ET_04,other,4.36,0.28129,0.3086,0.97532,16.67,10.95,6.668,True
ET_04,other,4.37,0.3175,0.23446,1.02279,21.924,3.639,11.576,True
ET_04,other,4.38,0.30609,0.17846,1.01796,19.194,-4.497,9.944,True
ET_04,other,4.39,0.2807,0.08714,0.97551,13.886,-12.903,6.165,True
ET_04,other,4.4,0.19421,0.12678,0.95196,3.916,-15.305,1.767,True
ET_04,other,4.41,0.09735,0.09655,0.92814,-9.146,-15.624,-5.506,True
ET_04,other,4.42,0.0333,0.14592,0.87452,-16.689,-9.216,-8.437,True
ET_04,other,4.43,0.00379,0.18804,0.87759,-21.661,-0.367,-10.244,True
ET_04,other,4.44,0.03401,0.25448,0.87913,-19.636,7.467,-10.533,True
ET_04,other,4.45,0.10323,0.3145,0.91404,-11.302,13.726,-6.382,True
ET_04,other,4.46,0.14301,0.32574,0.93505,-0.36,17.402,-0.894,True
ET_04,other,4.47,0.2507,0.30926,0.96453,11.978,14.72,4.293,True
ET_04,other,4.48,0.28883,0.25835,0.97147,19.583,7.289,9.277,True
ET_04,other,4.49,0.34882,0.19084,1.01178,21.689,-1.906,11.622,True
ET_04,other,4.5,0.29138,0.13864,0.95417,17.132,-9.38,8.385,True
ET_04,other,4.51,0.21124,0.09304,0.97048,8.958,-13.786,6.325,True
ET_04,other,4.5200000000000005,0.14907,0.11149,0.94324,-3.708,-15.067,-1.216,True
ET_04,other,4.53,0.03208,0.09542,0.91848,-15.441,-11.797,-7.449,True
ET_04,other,4.54,0.00197,0.18605,0.87809,-20.887,-5.918,-11.543,True
ET_04,other,4.55,-0.01203,0.22591,0.86869,-20.425,3.817,-11.754,True
ET_04,other,4.5600000000000005,0.03949,0.32028,0.87246,-16.136,11.685,-9.267,True
ET_04,other,4.57,0.14001,0.31353,0.91329,-5.741,16.307,-3.271,True
ET_04,other,4.58,0.19638,0.31477,0.96476,7.558,16.774,2.675,True
ET_04,other,4.59,0.27807,0.29309,0.97479,17.817,11.638,8.784,True
ET_04,other,4.6000000000000005,0.34601,0.23432,0.98988,23.659,2.638,13.262,True
ET_04,other,4.61,0.30103,0.16895,1.03322,21.222,-6.645,11.326,True
ET_04,other,4.62,0.22975,0.11753,0.97278,15.138,-14.162,5.9,True
ET_04,other,4.63,0.18157,0.07566,0.92464,2.23,-17.182,0.911,True
ET_04,other,4.64,0.09072,0.11034,0.91747,-10.592,-12.925,-4.018,True
ET_04,other,4.65,0.02593,0.12896,0.86454,-19.923,-8.971,-10.479,True
ET_04,other,4.66,-0.02679,0.21296,0.89522,-24.24,-1.996,-11.158,True
ET_04,other,4.67,0.04043,0.25445,0.88211,-20.976,8.371,-10.003,True
ET_04,other,4.68,0.06385,0.32999,0.88685,-9.409,15.526,-5.658,True
ET_04,other,4.69,0.16691,0.34447,0.9446,0.892,17.167,0.308,True
ET_04,other,4.7,0.27012,0.32395,1.0009,13.069,14.696,6.619,True
ET_04,other,4.71,0.32641,0.25984,0.99963,21.418,7.884,12.729,True
ET_04,other,4.72,0.3276,0.18519,0.99782,25.504,-1.645,12.296,True
ET_04,other,4.73,0.29138,0.11087,1.00186,19.163,-11.122,9.403,True
ET_04,other,4.74,0.21452,0.10011,0.97652,8.871,-16.584,4.354,True
ET_04,other,4.75,0.12611,0.09239,0.91915,-3.679,-17.346,-1.929,True
ET_04,other,4.76,0.00547,0.11708,0.89744,-16.877,-14.212,-8.393,True
ET_04,other,4.7700000000000005,-0.01506,0.18609,0.87972,-23.452,-5.829,-12.031,True
ET_04,other,4.78,-0.01238,0.23385,0.88589,-23.475,5.824,-12.044,True
ET_04,other,4.79,0.00948,0.28644,0.89145,-16.687,11.94,-7.309,True
ET_04,other,4.8,0.11336,0.37308,0.94008,-3.885,17.5,-1.846,True
ET_04,other,4.8100000000000005,0.25633,0.33025,0.94387,8.143,17.92,4.973,True
ET_04,other,4.82,0.30334,0.27653,1.03854,19.799,11.294,9.297,True
ET_04,other,4.83,0.32716,0.21821,1.02903,24.57,2.607,12.401,True
ET_04,other,4.84,0.33284,0.11344,1.01464,21.496,-8.364,11.161,True
ET_04,other,4.8500000000000005,0.2628,0.08494,0.96264,11.879,-15.549,6.619,True
ET_04,other,4.86,0.17783,0.04711,0.9578,0.951,-20.438,0.109,True
ET_04,other,4.87,0.07847,0.07634,0.89527,-11.336,-16.283,-5.848,True
ET_04,other,4.88,-0.02667,0.12497,0.86409,-23.862,-8.185,-10.27,True
ET_04,other,4.89,-0.03536,0.22057,0.86885,-24.175,0.656,-12.005,True
ET_04,other,4.9,0.00373,0.26496,0.88688,-20.487,10.731,-12.164,True
ET_04,other,4.91,0.06931,0.35581,0.94679,-10.873,16.396,-5.951,True
ET_04,other,4.92,0.18396,0.30017,0.94724,3.546,20.122,2.084,True
ET_04,other,4.93,0.26742,0.31913,0.95253,15.984,14.645,10.343,True
ET_04,other,4.94,0.32789,0.22366,1.02242,23.664,6.661,11.21,True
ET_04,other,4.95,0.34562,0.18025,1.03286,25.651,-3.468,12.411,True
ET_04,other,4.96,0.28755,0.0956,0.98725,19.886,-12.66,8.697,True
ET_04,other,4.97,0.21489,0.05007,0.98068,6.992,-17.45,2.43,True
ET_04,other,4.98,0.0825,0.07547,0.91133,-6.899,-18.353,-4.242,True
ET_04,other,4.99,0.01609,0.11813,0.88715,-20.506,-12.345,-7.88,True
ET_04,other,5.0,-0.04499,0.16616,0.86529,-26.383,-2.759,-11.478,True
ET_04,other,5.01,-0.04256,0.25275,0.89267,-25.818,5.049,-12.391,True
ET_04,other,5.0200000000000005,0.00091,0.34018,0.90073,-17.991,13.892,-7.796,True
ET_04,other,5.03,0.11311,0.35145,0.96093,-4.203,19.509,-0.449,True
ET_04,other,5.04,0.20201,0.31588,0.99117,11.792,19.215,5.427,True
ET_04,other,5.05,0.34009,0.28788,1.01935,21.528,10.504,11.45,True
ET_04,other,5.0600000000000005,0.37095,0.22196,1.01381,27.781,0.836,12.693,True
ET_04,other,5.07,0.32478,0.1417,1.03931,24.192,-9.324,11.856,True
ET_04,other,5.08,0.23612,0.07476,0.99901,13.388,-16.54,6.188,True
ET_04,other,5.09,0.11195,0.02251,0.96313,-1.787,-20.722,-0.402,True
ET_04,other,5.1000000000000005,0.01909,0.06051,0.89988,-14.674,-16.025,-7.988,True
ET_04,other,5.11,-0.01577,0.12857,0.88255,-24.299,-9.169,-13.35,True
ET_04,other,5.12,-0.03773,0.22453,0.8937,-26.567,0.212,-12.044,True
ET_04,other,5.13,0.00461,0.30166,0.90562,-21.342,11.906,-10.247,True
ET_04,other,5.14,0.12068,0.3328,0.89622,-10.83,17.978,-5.523,True
ET_04,other,5.15,0.18648,0.37095,0.97185,5.044,19.011,2.284,True
ET_04,other,5.16,0.30987,0.32437,0.96522,18.916,14.985,9.463,True
ET_04,other,5.17,0.32603,0.2313,1.01162,26.635,5.489,12.977,True
ET_04,other,5.18,0.32996,0.16716,1.03187,27.332,-4.041,11.938,True
ET_04,other,5.19,0.28603,0.0981,1.01899,19.359,-15.205,9.474,True
ET_04,other,5.2,0.18237,0.04378,0.99725,5.11,-19.909,2.479,True
ET_04,other,5.21,0.07878,0.07289,0.93372,-10.103,-20.554,-4.569,True
ET_04,other,5.22,-0.01549,0.12458,0.91306,-21.853,-11.415,-11.289,True
ET_04,other,5.23,-0.05675,0.18595,0.87582,-27.832,-1.848,-14.402,True
ET_04,other,5.24,-0.05001,0.22833,0.87545,-25.77,9.455,-13.233,True
ET_04,other,5.25,0.03864,0.31762,0.90324,-15.514,17.36,-8.486,True
ET_04,other,5.26,0.12959,0.32604,0.93581,-2.617,20.952,-2.293,True
ET_04,other,5.2700000000000005,0.24282,0.35703,0.99635,13.576,18.452,6.488,True
ET_04,other,5.28,0.31969,0.2625,0.98727,24.274,10.785,10.86,True
ET_04,other,5.29,0.32872,0.18662,1.03372,27.956,-2.013,14.352,True
ET_04,other,5.3,0.31014,0.10902,0.99694,23.951,-10.961,13.197,True
ET_04,other,5.3100000000000005,0.26045,0.0473,0.98058,13.424,-20.293,6.169,True
ET_04,other,5.32,0.11639,0.01909,0.94785,-1.95,-23.036,-1.174,True
ET_04,other,5.33,0.03049,0.10151,0.9051,-17.125,-16.851,-8.286,True
ET_04,other,5.34,-0.04113,0.12023,0.90013,-28.176,-8.04,-15.084,True
ET_04,other,5.3500000000000005,-0.0671,0.23045,0.88749,-28.296,5.013,-14.757,True
ET_04,other,5.36,-0.03486,0.28539,0.88113,-21.827,14.944,-10.616,True
ET_04,other,5.37,0.06506,0.34796,0.93919,-8.079,20.473,-4.496,True
ET_04,other,5.38,0.169,0.3736,0.97466,8.133,20.865,3.143,True
ET_04,other,5.39,0.27769,0.28798,0.98091,21.883,15.629,12.113,True
ET_04,other,5.4,0.3522,0.23535,1.03928,29.519,4.049,13.759,True
ET_04,other,5.41,0.33553,0.16211,1.03997,28.564,-6.824,14.785,True
ET_04,other,5.42,0.28412,0.03959,1.01173,20.067,-17.766,9.713,True
ET_04,other,5.43,0.14965,0.02725,0.95085,4.054,-21.608,1.871,True
ET_04,other,5.44,0.05443,0.02355,0.89479,-12.998,-18.767,-5.656,True
ET_04,other,5.45,-0.03359,0.09669,0.87646,-23.515,-11.456,-13.002,True
ET_04,other,5.46,-0.05256,0.18734,0.87731,-30.173,0.383,-15.534,True
ET_04,other,5.47,-0.03196,0.29286,0.90817,-26.132,11.849,-11.665,True
ET_04,other,5.48,0.01756,0.34407,0.91695,-15.113,18.671,-8.64,True
ET_04,other,5.49,0.14134,0.35659,0.96079,-1.15,23.13,-0.575,True
ET_04,other,5.5,0.25356,0.33595,1.00167,15.162,18.286,9.311,True
ET_04,other,5.51,0.35127,0.25446,1.03905,27.117,10.094,13.139,True
ET_04,other,5.5200000000000005,0.36101,0.20479,1.04941,30.817,-1.878,15.0,True
ET_04,other,5.53,0.31784,0.08612,1.01721,23.144,-12.633,12.721,True
ET_04,other,5.54,0.2003,0.04565,0.98055,9.409,-21.191,5.286,True
ET_04,other,5.55,0.07862,0.04372,0.96405,-4.64,-22.704,-1.985,True
ET_04,other,5.5600000000000005,-0.00642,0.05853,0.92169,-19.449,-16.783,-10.13,True
ET_04,other,5.57,-0.08662,0.13829,0.88355,-29.159,-5.169,-13.341,True
ET_04,other,5.58,-0.09805,0.23278,0.86292,-30.313,6.037,-14.608,True
ET_04,other,5.59,-0.03292,0.30596,0.88317,-21.387,16.637,-11.253,True
ET_04,other,5.6000000000000005,0.06011,0.34107,0.95022,-7.393,18.74,-4.219,True
ET_04,other,5.61,0.20384,0.35005,0.98038,10.729,22.163,3.683,True
ET_04,other,5.62,0.30118,0.28729,0.98886,23.387,13.648,11.845,True
ET_04,other,5.63,0.34223,0.20439,1.04235,31.029,2.377,15.394,True
ET_04,other,5.64,0.34709,0.13443,1.04901,28.159,-8.478,15.124,True
ET_04,other,5.65,0.28151,0.04076,1.00139,19.098,-17.794,8.472,True
ET_04,other,5.66,0.14792,0.00185,0.96146,2.344,-23.419,0.159,True
ET_04,other,5.67,0.01675,0.03997,0.9154,-13.778,-19.794,-6.037,True
ET_04,other,5.68,-0.06745,0.08878,0.882,-25.796,-12.071,-13.961,True
ET_04,other,5.69,-0.08378,0.19347,0.84595,-33.597,0.161,-15.561,True
ET_04,other,5.7,-0.07718,0.27367,0.89174,-27.652,12.448,-13.335,True
ET_04,other,5.71,0.02418,0.35706,0.95217,-13.754,21.082,-6.939,True
ET_04,other,5.72,0.13748,0.32161,0.96557,4.506,21.832,1.755,True
ET_04,other,5.73,0.26748,0.31314,0.99521,19.27,18.834,9.091,True
ET_04,other,5.74,0.34863,0.25455,1.02607,28.961,8.072,15.041,True
ET_04,other,5.75,0.3586,0.131,1.04673,30.903,-3.677,16.513,True
ET_04,other,5.76,0.30291,0.10569,1.00399,21.987,-14.758,11.947,True
ET_04,other,5.7700000000000005,0.18433,0.00921,1.01015,8.414,-22.743,4.839,True
ET_04,other,5.78,0.06718,0.01191,0.95184,-8.585,-21.569,-2.888,True
ET_04,other,5.79,-0.07599,0.06775,0.86905,-23.215,-16.617,-12.186,True
ET_04,other,5.8,-0.0948,0.17665,0.89556,-32.239,-4.6,-14.422,True
ET_04,other,5.8100000000000005,-0.1134,0.23791,0.88482,-29.986,6.289,-15.251,True
ET_04,other,5.82,-0.02401,0.33245,0.91242,-20.651,18.221,-9.678,True
ET_04,other,5.83,0.10369,0.35196,0.94215,-3.411,23.691,-1.706,True
ET_04,other,5.84,0.21652,0.3578,0.97686,12.071,21.868,7.582,True
ET_04,other,5.8500000000000005,0.33157,0.25631,1.03471,25.233,15.125,11.714,True
ET_04,other,5.86,0.36472,0.20444,1.05592,32.527,2.083,15.823,True
ET_04,other,5.87,0.32726,0.12154,1.04134,28.868,-9.93,15.458,True
ET_04,other,5.88,0.23746,0.03565,1.0093,17.208,-19.893,8.489,True
ET_04,other,5.89,0.13445,0.02533,0.96855,-0.429,-22.35,0.232,True
ET_04,other,5.9,0.00413,0.03682,0.93053,-16.417,-19.366,-8.378,True
ET_04,other,5.91,-0.09803,0.09031,0.89831,-28.979,-10.509,-13.859,True
ET_04,other,5.92,-0.09343,0.21189,0.89817,-33.036,3.31,-15.129,True
ET_04,other,5.93,-0.07064,0.27114,0.89064,-25.899,13.969,-13.237,True
ET_04,other,5.94,0.05066,0.3436,0.92823,-12.908,21.885,-6.912,True
ET_04,other,5.95,0.14425,0.33852,0.98279,4.848,24.449,2.033,True
ET_04,other,5.96,0.29891,0.31936,1.00122,22.414,19.07,9.071,True
ET_04,other,5.97,0.3527,0.22906,1.0487,30.49,7.537,16.876,True
ET_04,other,5.98,0.37379,0.13919,1.04541,31.688,-5.179,16.658,True
ET_04,other,5.99,0.29362,0.04428,1.01321,24.053,-15.792,11.805,True
ET_04,other,6.0,0.18978,0.03527,0.98089,8.842,-23.097,3.485,True
ET_04,other,6.01,0.02705,0.01471,0.94546,-9.629,-24.583,-3.815,True
ET_04,other,6.0200000000000005,-0.074,0.09728,0.88624,-24.569,-14.579,-13.247,True
ET_04,other,6.03,-0.10518,0.14509,0.91097,-32.078,-4.3,-17.24,True
ET_04,other,6.04,-0.12485,0.23746,0.89157,-29.36,9.958,-15.131,True
ET_04,other,6.05,-0.02314,0.29583,0.88661,-20.185,19.004,-10.004,True
ET_04,other,6.0600000000000005,0.10393,0.35729,0.95427,-2.664,23.681,-2.024,True
ET_04,other,6.07,0.20604,0.33886,0.98257,14.86,22.743,7.71,True
ET_04,other,6.08,0.3001,0.26306,1.0413,27.244,14.57,14.964,True
ET_04,other,6.09,0.38143,0.16007,1.05507,31.27,0.358,16.644,True
ET_04,other,6.1000000000000005,0.31526,0.07549,1.03919,28.843,-14.461,13.113,True
ET_04,other,6.11,0.22656,0.04613,1.01683,13.853,-22.719,8.085,True
ET_04,other,6.12,0.09881,-0.00481,0.97126,-2.562,-23.865,-2.049,True
ET_04,other,6.13,-0.01199,0.03831,0.88231,-19.216,-19.346,-9.375,True
ET_04,other,6.140000000000001,-0.0868,0.10479,0.8879,-30.861,-8.817,-15.809,True
ET_04,other,6.15,-0.11471,0.21156,0.88527,-31.96,5.246,-15.595,True
ET_04,other,6.16,-0.07164,0.30234,0.88533,-25.953,16.601,-11.36,True
ET_04,other,6.17,0.06224,0.35983,0.94298,-10.369,23.588,-4.756,True
ET_04,other,6.18,0.14304,0.34364,0.97833,8.318,23.172,4.231,True
ET_04,other,6.19,0.28928,0.3257,1.03979,21.809,17.232,11.57,True
ET_04,other,6.2,0.33862,0.22346,1.02616,31.996,6.232,14.706,True
ET_04,other,6.21,0.35589,0.15008,1.05553,32.029,-6.793,16.279,True
ET_04,other,6.22,0.29005,0.05926,1.00399,22.294,-18.097,11.137,True
ET_04,other,6.23,0.13389,0.01938,0.99199,6.063,-23.231,3.598,True
ET_04,other,6.24,0.06249,0.00854,0.94352,-12.718,-21.725,-5.683,True
ET_04,other,6.25,-0.0784,0.09658,0.8968,-26.954,-13.977,-13.234,True
ET_04,other,6.26,-0.13879,0.17684,0.89901,-33.547,-1.697,-17.949,True
ET_04,other,6.2700000000000005,-0.09107,0.25839,0.88531,-28.828,9.441,-14.219,True
ET_04,other,6.28,-0.01671,0.32365,0.91206,-17.857,20.277,-8.09,True
ET_04,other,6.29,0.11704,0.38245,0.98043,-1.034,23.073,0.139,True
ET_04,other,6.3,0.23918,0.34183,1.00844,15.955,19.247,7.796,True
ET_04,other,6.3100000000000005,0.34799,0.27106,1.01886,29.411,10.667,12.429,True
ET_04,other,6.32,0.33915,0.17024,1.04281,32.982,-0.233,17.056,True
ET_04,other,6.33,0.313,0.06599,1.02514,26.847,-14.952,13.368,True
ET_04,other,6.34,0.20987,0.0412,1.01064,12.299,-21.152,4.862,True
ET_04,other,6.3500000000000005,0.08009,0.01431,0.96264,-5.584,-24.528,-2.585,True
ET_04,other,6.36,-0.05354,0.06825,0.9005,-21.913,-20.008,-10.465,True
ET_04,other,6.37,-0.14012,0.13367,0.89029,-30.103,-8.979,-14.274,True
ET_04,other,6.38,-0.09641,0.1991,0.84953,-31.349,4.384,-16.797,True
ET_04,other,6.390000000000001,-0.07419,0.28928,0.89459,-24.049,16.029,-12.689,True
ET_04,other,6.4,0.05924,0.34513,0.96779,-8.322,23.196,-3.97,True
ET_04,other,6.41,0.18518,0.3548,0.99323,9.302,21.713,4.593,True
ET_04,other,6.42,0.30213,0.26241,1.03394,24.486,15.263,11.229,True
ET_04,other,6.43,0.34265,0.21138,1.06741,32.662,4.386,16.31,True
ET_04,other,6.44,0.35632,0.11067,1.04233,30.88,-10.304,14.314,True
ET_04,other,6.45,0.25939,0.06337,1.02914,19.4,-19.344,9.903,True
ET_04,other,6.46,0.13084,0.02219,0.96816,3.107,-21.884,2.614,True
ET_04,other,6.47,-0.00074,0.03644,0.91026,-14.705,-20.729,-8.759,True
ET_04,other,6.48,-0.13364,0.08011,0.88174,-28.626,-13.083,-13.423,True
ET_04,other,6.49,-0.12999,0.19731,0.87312,-31.832,0.263,-16.054,True
ET_04,other,6.5,-0.10655,0.25555,0.90863,-28.214,12.902,-13.43,True
ET_04,other,6.51,-0.02914,0.34322,0.92323,-14.566,21.998,-7.526,True
ET_04,other,6.5200000000000005,0.14353,0.33635,0.97288,0.092,25.093,0.222,True
ET_04,other,6.53,0.25416,0.32792,1.00968,18.2,19.037,9.112,True
ET_04,other,6.54,0.32698,0.23177,1.07693,29.546,8.473,14.96,True
ET_04,other,6.55,0.35446,0.16275,1.05644,32.407,-3.652,17.117,True
ET_04,other,6.5600000000000005,0.24627,0.0812,1.04142,25.945,-14.561,13.374,True
ET_04,other,6.57,0.21005,0.01953,1.00179,10.517,-22.358,5.547,True
ET_04,other,6.58,0.06515,0.00026,0.98492,-7.146,-24.361,-2.777,True
ET_04,other,6.59,-0.06667,0.05338,0.94635,-22.431,-17.64,-11.565,True
ET_04,other,6.6000000000000005,-0.11843,0.11762,0.86929,-30.82,-6.499,-15.292,True
ET_04,other,6.61,-0.12799,0.22239,0.87366,-30.996,6.997,-14.918,True
ET_04,other,6.62,-0.05786,0.30679,0.91946,-23.42,16.66,-11.207,True
ET_04,other,6.63,0.05952,0.36517,0.95901,-6.931,23.587,-3.705,True
ET_04,other,6.640000000000001,0.17973,0.35354,1.01088,11.373,21.353,6.862,True
ET_04,other,6.65,0.29606,0.27397,1.04124,26.884,15.658,12.188,True
ET_04,other,6.66,0.35304,0.17623,1.03212,31.966,2.576,16.35,True
ET_04,other,6.67,0.29709,0.09034,1.03309,29.163,-9.886,15.156,True
ET_04,other,6.68,0.24517,0.04994,1.01412,17.218,-18.47,8.858,True
ET_04,other,6.69,0.11709,-0.00849,0.959,-0.008,-23.069,0.584,True
ET_04,other,6.7,-0.00718,0.01347,0.9182,-16.913,-19.813,-8.701,True
ET_04,other,6.71,-0.09821,0.07989,0.89296,-28.115,-10.965,-16.206,True
ET_04,other,6.72,-0.13887,0.204,0.85531,-31.988,1.59,-13.837,True
ET_04,other,6.73,-0.09096,0.26499,0.92762,-24.619,13.447,-11.198,True
ET_04,other,6.74,0.00731,0.33438,0.95171,-14.512,20.37,-5.751,True
ET_04,other,6.75,0.13226,0.34402,0.98453,4.452,24.252,2.047,True
ET_04,other,6.76,0.25511,0.28277,1.03783,20.61,18.07,9.888,True
ET_04,other,6.7700000000000005,0.33142,0.23366,1.03853,30.039,7.54,13.73,True
ET_04,other,6.78,0.32603,0.14097,1.06131,30.372,-5.634,16.224,True
ET_04,other,6.79,0.27128,0.04763,1.02324,21.734,-15.071,10.96,True
ET_04,other,6.8,0.16458,0.00734,1.01436,8.742,-21.872,5.289,True
ET_04,other,6.8100000000000005,0.05259,0.00948,0.95329,-9.439,-22.608,-4.139,True
ET_04,other,6.82,-0.07548,0.04175,0.91203,-23.052,-15.39,-13.556,True
ET_04,other,6.83,-0.14182,0.13735,0.88058,-30.98,-5.26,-16.85,True
ET_04,other,6.84,-0.09955,0.22175,0.92045,-28.538,7.017,-14.889,True
ET_04,other,6.8500000000000005,-0.02769,0.32132,0.92438,-19.32,18.25,-9.829,True
ET_04,other,6.86,0.07786,0.35918,0.97037,-4.904,23.256,-2.244,True
ET_04,other,6.87,0.21233,0.31921,1.02693,12.087,20.151,6.787,True
ET_04,other,6.88,0.31568,0.29055,1.04913,26.236,13.771,14.511,True
ET_04,other,6.890000000000001,0.31845,0.19601,1.05661,30.053,0.705,15.825,True
ET_04,other,6.9,0.30583,0.09537,1.04516,28.004,-10.169,12.892,True
ET_04,other,6.91,0.21076,0.02223,1.01275,15.023,-18.033,6.859,True
ET_04,other,6.92,0.1161,0.01898,0.98908,-1.515,-22.202,-0.006,True
ET_04,other,6.93,-0.02855,0.05011,0.91858,-17.963,-19.388,-8.129,True
ET_04,other,6.94,-0.09308,0.0953,0.90298,-28.413,-10.12,-13.82,True
ET_04,other,6.95,-0.16556,0.1919,0.88479,-31.074,4.096,-16.361,True
ET_04,other,6.96,-0.07299,0.26856,0.92195,-23.367,13.501,-11.696,True
ET_04,other,6.97,-0.00891,0.33584,0.93925,-11.331,20.531,-4.424,True
ET_04,other,6.98,0.13133,0.31817,0.96432,6.17,22.123,2.273,True
ET_04,other,6.99,0.21275,0.30278,1.02633,21.424,15.889,10.75,True
ET_04,other,7.0,0.32646,0.23243,1.04031,29.218,5.583,15.047,True
ET_04,other,7.01,0.30838,0.12698,1.01954,28.082,-5.182,14.554,True
ET_04,other,7.0200000000000005,0.25831,0.02153,1.00175,20.012,-15.526,10.133,True
ET_04,other,7.03,0.12597,0.01325,0.96555,5.6,-21.419,2.001,True
ET_04,other,7.04,0.02593,0.03774,0.93224,-10.623,-19.717,-4.549,True
ET_04,other,7.05,-0.07372,0.062,0.91711,-24.098,-12.162,-12.277,True
ET_04,other,7.0600000000000005,-0.10685,0.17766,0.8931,-29.084,-3.396,-15.499,True
ET_04,other,7.07,-0.12755,0.22733,0.88158,-26.225,10.066,-15.429,True
ET_04,other,7.08,-0.01913,0.30608,0.95389,-16.937,17.416,-8.493,True
ET_04,other,7.09,0.09613,0.31692,0.98213,-1.406,20.313,-0.366,True
ET_04,other,7.1000000000000005,0.20071,0.2967,1.01406,13.923,19.482,8.71,True
ET_04,other,7.11,0.26493,0.26819,0.99976,25.211,10.246,13.739,True
ET_04,other,7.12,0.32909,0.16498,1.05105,29.469,-0.726,14.305,True
ET_04,other,7.13,0.28691,0.07944,1.03925,23.969,-12.193,12.827,True
ET_04,other,7.140000000000001,0.18637,0.01498,1.00263,12.823,-20.101,5.511,True
ET_04,other,7.15,0.08103,0.02569,0.97759,-3.416,-23.237,-1.074,True
ET_04,other,7.16,-0.03417,0.05896,0.92088,-17.668,-17.121,-9.26,True
ET_04,other,7.17,-0.08679,0.12904,0.88993,-27.93,-8.355,-11.942,True
ET_04,other,7.18,-0.12166,0.21164,0.90521,-28.718,3.729,-13.323,True
ET_04,other,7.19,-0.0568,0.28921,0.90788,-20.927,14.18,-11.163,True
ET_04,other,7.2,0.02826,0.31459,0.96545,-7.811,20.953,-4.229,True
ET_04,other,7.21,0.13626,0.30667,0.9684,6.911,18.755,3.778,True
ET_04,other,7.22,0.21751,0.28792,1.04149,19.128,15.685,10.094,True
ET_04,other,7.23,0.29211,0.21166,1.05121,28.09,4.204,13.341,True
ET_04,other,7.24,0.27995,0.08673,1.022,26.82,-5.819,12.78,True
ET_04,other,7.25,0.22971,0.06713,1.03412,18.692,-16.681,10.941,True
ET_04,other,7.26,0.14255,0.03001,0.99143,3.384,-21.271,2.641,True
ET_04,other,7.2700000000000005,0.01814,0.02957,0.94219,-11.586,-18.929,-5.84,True
ET_04,other,7.28,-0.07597,0.10759,0.92671,-22.32,-12.392,-11.969,True
ET_04,other,7.29,-0.09217,0.15682,0.89674,-26.855,-1.743,-14.981,True
ET_04,other,7.3,-0.07632,0.25703,0.90504,-23.829,8.81,-11.865,True
ET_04,other,7.3100000000000005,-0.015,0.27458,0.948,-13.327,18.694,-8.37,True
ET_04,other,7.32,0.13237,0.30981,0.98581,0.658,19.295,2.279,True
ET_04,other,7.33,0.23191,0.3135,1.02697,15.611,16.649,6.831,True
ET_04,other,7.34,0.27278,0.24827,1.07118,24.434,10.579,12.924,True
ET_04,other,7.3500000000000005,0.26515,0.14216,1.06923,28.579,-2.139,13.466,True
ET_04,other,7.36,0.26647,0.1138,1.03809,21.362,-12.972,10.024,True
ET_04,other,7.37,0.1474,0.04241,0.97675,10.798,-19.024,4.402,True
ET_04,other,7.38,0.05546,0.04252,0.96082,-5.049,-20.356,-2.508,True
ET_04,other,7.390000000000001,-0.04852,0.07078,0.90354,-18.437,-14.483,-9.618,True
ET_04,other,7.4,-0.08959,0.13873,0.92016,-25.478,-6.012,-14.417,True
ET_04,other,7.41,-0.08551,0.22043,0.89608,-26.1,3.473,-13.529,True
ET_04,other,7.42,-0.02914,0.28884,0.94175,-18.879,13.284,-9.197,True
ET_04,other,7.43,0.0476,0.30126,0.95867,-6.961,19.683,-3.269,True
ET_04,other,7.44,0.16696,0.30263,0.9874,9.952,19.081,4.665,True
ET_04,other,7.45,0.26208,0.2545,1.03698,22.205,12.701,10.085,True
ET_04,other,7.46,0.28271,0.19617,1.08058,27.784,2.342,12.289,True
ET_04,other,7.47,0.27896,0.11733,1.02119,25.134,-6.255,12.775,True
ET_04,other,7.48,0.22151,0.04499,1.02924,15.874,-17.049,8.187,True
ET_04,other,7.49,0.1108,0.04025,0.97592,0.852,-20.933,-0.141,True
ET_04,other,7.5,-0.00021,0.02484,0.94712,-13.976,-17.212,-6.599,True
ET_04,other,7.51,-0.07953,0.11442,0.91353,-23.689,-9.816,-9.965,True
ET_04,other,7.5200000000000005,-0.09343,0.18082,0.9377,-25.731,-0.477,-13.422,True
ET_04,other,7.53,-0.06919,0.22969,0.92069,-21.488,10.366,-11.863,True
ET_04,other,7.54,0.0182,0.26412,0.97187,-12.252,16.782,-5.025,True
ET_04,other,7.55,0.09697,0.30014,0.99515,3.582,19.102,1.678,True
ET_04,other,7.5600000000000005,0.22496,0.28785,1.01327,14.961,15.146,7.498,True
ET_04,other,7.57,0.25544,0.21683,1.014,23.722,6.284,12.253,True
ET_04,other,7.58,0.28323,0.14661,1.04999,25.494,-3.118,13.558,True
ET_04,other,7.59,0.25485,0.08946,1.02831,19.646,-12.127,9.242,True
ET_04,other,7.6000000000000005,0.18023,0.05098,0.99562,7.973,-17.655,3.52,True
ET_04,other,7.61,0.06417,0.03107,0.96249,-5.884,-17.753,-0.746,True
ET_04,other,7.62,-0.0544,0.08476,0.94087,-17.266,-13.504,-10.959,True
ET_04,other,7.63,-0.08031,0.13355,0.88269,-23.992,-4.621,-12.004,True
ET_04,other,7.640000000000001,-0.05229,0.19029,0.91801,-24.127,6.526,-11.963,True
ET_04,other,7.65,-0.00847,0.28514,0.9358,-14.979,12.614,-6.974,True
ET_04,other,7.66,0.05444,0.3206,0.98513,-2.068,18.071,-3.09,True
ET_04,other,7.67,0.1707,0.29647,1.00126,10.117,17.48,5.855,True
ET_04,other,7.68,0.27133,0.23595,1.02663,20.878,10.768,10.851,True
ET_04,other,7.69,0.26614,0.20078,1.05941,24.861,1.238,11.786,True
ET_04,other,7.7,0.25895,0.09295,1.01911,21.45,-8.605,12.294,True
ET_04,other,7.71,0.16967,0.07026,0.98925,12.927,-15.682,6.989,True
ET_04,other,7.72,0.07847,0.03477,0.98561,0.11,-17.853,0.533,True
ET_04,other,7.73,0.00162,0.03521,0.9556,-13.231,-14.828,-7.186,True
ET_04,other,7.74,-0.09215,0.11566,0.92215,-22.072,-8.606,-11.371,True
ET_04,other,7.75,-0.07239,0.17116,0.89393,-24.254,1.657,-11.987,True
ET_04,other,7.76,-0.03618,0.23409,0.93913,-19.589,10.255,-9.648,True
ET_04,other,7.7700000000000005,0.0285,0.26855,0.96371,-8.5,16.392,-5.045,True
ET_04,other,7.78,0.13202,0.29314,0.98638,3.65,16.889,2.117,True
ET_04,other,7.79,0.20856,0.27337,1.04112,16.088,14.612,8.175,True
ET_04,other,7.8,0.24084,0.21645,1.06398,23.107,4.356,11.119,True
ET_04,other,7.8100000000000005,0.26956,0.14818,1.05799,23.054,-3.481,11.14,True
ET_04,other,7.82,0.23762,0.09235,1.02261,16.626,-12.86,8.041,True
ET_04,other,7.83,0.13959,0.06691,0.99397,5.072,-15.455,1.93,True
ET_04,other,7.84,0.0544,0.05475,0.9442,-7.75,-15.368,-4.057,True
ET_04,other,7.8500000000000005,-0.02783,0.10479,0.93408,-18.417,-11.234,-8.829,True
ET_04,other,7.86,-0.09112,0.16523,0.90017,-23.385,-3.129,-12.472,True
ET_04,other,7.87,-0.0308,0.20894,0.92563,-21.446,7.52,-11.246,True
ET_04,other,7.88,-0.01002,0.27792,0.94339,-13.038,14.663,-5.282,True
ET_04,other,7.890000000000001,0.08688,0.30098,0.96512,-1.749,16.942,-0.746,True
ET_04,other,7.9,0.2079,0.31309,0.99184,11.44,15.057,5.15,True
ET_04,other,7.91,0.2427,0.23283,1.01752,19.923,9.422,8.773,True
ET_04,other,7.92,0.28958,0.1769,1.03445,22.303,0.253,11.077,True
ET_04,other,7.930000000000001,0.24336,0.12575,1.01789,20.802,-9.242,8.967,True
ET_04,other,7.94,0.16457,0.04779,0.98519,11.862,-15.89,4.684,True
ET_04,other,7.95,0.08951,0.04613,0.97445,-0.69,-16.801,-0.615,True
ET_04,other,7.96,-0.00886,0.07368,0.94881,-14.118,-13.105,-6.847,True
ET_04,other,7.97,-0.07176,0.13254,0.90838,-19.775,-6.646,-10.32,True
ET_04,other,7.98,-0.04565,0.19933,0.87855,-21.125,3.086,-11.823,True
ET_04,other,7.99,-0.01638,0.25613,0.95004,-17.891,10.52,-10.041,True
ET_04,other,8.0,0.0535,0.28832,0.97382,-7.208,15.965,-4.423,True
ET_04,other,8.01,0.13268,0.29475,0.9857,4.988,16.18,2.943,True
ET_04,other,8.02,0.21358,0.26419,1.0152,15.133,11.934,7.905,True
ET_04,other,8.03,0.26392,0.21309,1.05866,21.624,4.2,11.087,True
ET_04,other,8.040000000000001,0.25179,0.1334,1.00882,20.617,-5.59,11.501,True
ET_04,other,8.05,0.22605,0.09472,1.00159,13.832,-11.476,6.133,True
ET_04,other,8.06,0.14629,0.03189,0.97134,3.099,-16.312,1.029,True
ET_04,other,8.07,0.0365,0.08888,0.96646,-8.609,-14.585,-3.76,True
ET_04,other,8.08,-0.03441,0.10694,0.91956,-18.199,-9.504,-7.725,True
ET_04,other,8.09,-0.04587,0.1645,0.91345,-22.876,-1.49,-10.758,True
ET_04,other,8.1,-0.06212,0.23244,0.92285,-19.37,6.353,-10.579,True
ET_04,other,8.11,-0.00066,0.25913,0.94396,-11.34,12.35,-5.566,True
ET_04,other,8.120000000000001,0.1096,0.30173,0.99093,0.676,16.576,-1.131,True
ET_04,other,8.13,0.17923,0.25701,0.99226,11.896,14.318,6.985,True
ET_04,other,8.14,0.25621,0.22367,1.05384,19.679,7.594,8.547,True
ET_04,other,8.15,0.24588,0.17286,1.02489,20.724,-2.12,9.767,True
ET_04,other,8.16,0.25255,0.08379,1.02961,17.632,-10.089,8.909,True
ET_04,other,8.17,0.17884,0.06291,1.0064,10.48,-13.208,4.769,True
ET_04,other,8.18,0.08289,0.06786,0.96126,-3.964,-15.377,-2.372,True
ET_04,other,8.19,0.00242,0.09818,0.94643,-14.795,-11.865,-5.649,True
ET_04,other,8.2,-0.03613,0.15364,0.90944,-19.763,-6.705,-10.479,True
ET_04,other,8.21,-0.0532,0.22109,0.92659,-20.455,3.283,-11.093,True
ET_04,other,8.22,-0.04198,0.23882,0.91199,-14.992,11.332,-6.903,True
ET_04,other,8.23,0.07746,0.27887,0.9638,-4.095,15.666,-3.509,True
ET_04,other,8.24,0.15114,0.27893,0.99636,5.029,13.928,3.145,True
ET_04,other,8.25,0.21126,0.26491,1.01959,14.784,9.918,8.148,True
ET_04,other,8.26,0.26061,0.21426,1.00946,19.992,2.841,10.777,True
ET_04,other,8.27,0.25203,0.10312,1.04224,19.99,-4.817,9.518,True
ET_04,other,8.28,0.20107,0.09987,1.00453,12.762,-12.163,5.445,True
ET_04,other,8.290000000000001,0.13435,0.07073,0.98546,1.77,-16.829,0.453,True
ET_04,other,8.3,0.04974,0.07393,0.92135,-8.888,-13.185,-4.334,True
ET_04,other,8.31,-0.02503,0.09806,0.92394,-16.386,-7.649,-10.375,True
ET_04,other,8.32,-0.0153,0.17028,0.90292,-20.225,-1.972,-10.698,True
ET_04,other,8.33,-0.02134,0.25032,0.93342,-17.776,8.191,-8.448,True
ET_04,other,8.34,0.04566,0.28084,0.92457,-9.215,11.701,-4.253,True
ET_04,other,8.35,0.10769,0.30763,0.97232,0.477,15.765,1.073,True
ET_04,other,8.36,0.17942,0.24371,0.98588,12.236,11.534,6.087,True
ET_04,other,8.370000000000001,0.22839,0.21902,1.02395,18.93,6.353,8.588,True
ET_04,other,8.38,0.26162,0.16003,1.0112,20.902,-1.532,11.142,True
ET_04,other,8.39,0.24022,0.12747,1.01396,13.961,-9.165,7.538,True
ET_04,other,8.4,0.14676,0.0734,0.98913,6.533,-13.443,3.857,True
ET_04,other,8.41,0.09055,0.07156,0.95219,-4.286,-16.331,-2.814,True
ET_04,other,8.42,0.00639,0.12427,0.96267,-14.371,-9.743,-7.758,True
ET_04,other,8.43,-0.02362,0.14105,0.92311,-18.955,-3.715,-9.529,True
ET_04,other,8.44,-0.06338,0.21124,0.918,-19.479,4.878,-8.156,True
ET_04,other,8.45,-0.00793,0.25739,0.94518,-12.979,9.872,-6.678,True
ET_04,other,8.46,0.05208,0.26518,0.94619,-4.24,14.391,-2.071,True
ET_04,other,8.47,0.15803,0.24741,1.01931,6.78,13.278,2.088,True
ET_04,other,8.48,0.22958,0.2279,1.0164,16.376,8.89,8.503,True
ET_04,other,8.49,0.253,0.1902,1.03247,17.797,1.152,10.301,True
ET_04,other,8.5,0.23922,0.13679,1.0064,18.27,-5.803,7.867,True
ET_04,other,8.51,0.21447,0.10889,0.98605,10.361,-12.812,5.543,True
ET_04,other,8.52,0.12169,0.06709,0.9609,-0.189,-14.571,-0.832,True
ET_04,other,8.53,0.04603,0.10949,0.94226,-10.074,-13.537,-5.517,True
ET_04,other,8.540000000000001,-0.01879,0.14083,0.91999,-18.573,-6.23,-8.695,True
ET_04,other,8.55,-0.0588,0.15274,0.926,-19.494,1.174,-10.613,True
ET_04,other,8.56,-0.00565,0.24442,0.94251,-18.328,7.279,-7.973,True
ET_04,other,8.57,0.05204,0.26538,0.93198,-8.598,13.166,-4.514,True
ET_04,other,8.58,0.15452,0.29893,0.97755,2.56,14.035,0.717,True
ET_04,other,8.59,0.20531,0.26578,1.02299,11.638,11.378,7.344,True
ET_04,other,8.6,0.22928,0.1997,1.02007,18.096,4.169,9.898,True
ET_04,other,8.61,0.25683,0.1508,1.01531,18.697,-4.428,8.753,True
ET_04,other,8.620000000000001,0.22604,0.10588,1.0016,13.731,-11.401,7.331,True
ET_04,other,8.63,0.14586,0.06479,0.99441,5.467,-13.487,2.606,True
ET_04,other,8.64,0.08547,0.0841,0.95611,-6.278,-13.718,-3.021,True
ET_04,other,8.65,0.02035,0.11887,0.93637,-15.336,-8.301,-7.302,True
ET_04,other,8.66,-0.04625,0.18418,0.91143,-19.689,-3.408,-10.452,True
ET_04,other,8.67,-0.03217,0.24166,0.9104,-18.298,5.316,-9.418,True
ET_04,other,8.68,0.00219,0.26719,0.94214,-12.431,10.705,-4.602,True
ET_04,other,8.69,0.0982,0.31557,0.93939,-1.736,14.478,-1.152,True
ET_04,other,8.700000000000001,0.20267,0.27488,0.9878,9.295,13.699,5.658,True
ET_04,other,8.71,0.2442,0.23025,1.01884,15.548,7.411,7.862,True
ET_04,other,8.72,0.26792,0.19296,1.02192,20.584,-0.066,10.149,True
ET_04,other,8.73,0.26599,0.14943,1.0071,17.189,-6.84,8.748,True
ET_04,other,8.74,0.19701,0.09946,0.98064,8.75,-12.941,5.695,True
ET_04,other,8.75,0.11137,0.0655,0.95011,-0.127,-15.028,-2.683,True
ET_04,other,8.76,0.04664,0.09868,0.92316,-11.18,-12.177,-5.505,True
ET_04,other,8.77,-0.01374,0.13805,0.93268,-18.449,-5.781,-8.164,True
ET_04,other,8.78,-0.0449,0.19806,0.89607,-18.475,1.067,-10.598,True
ET_04,other,8.790000000000001,0.00169,0.26457,0.90655,-15.773,9.027,-7.647,True
ET_04,other,8.8,0.05497,0.27032,0.95786,-6.99,13.148,-2.761,True
ET_04,other,8.81,0.15049,0.2968,0.95647,3.716,13.616,2.418,True
ET_04,other,8.82,0.21113,0.24206,1.00992,13.471,9.148,6.035,True
ET_04,other,8.83,0.24242,0.24514,1.00001,18.019,4.305,8.847,True
ET_04,other,8.84,0.288,0.14935,1.00716,19.404,-3.814,9.179,True
ET_04,other,8.85,0.21871,0.11937,0.9914,12.133,-9.762,6.48,True
ET_04,other,8.86,0.15215,0.08763,0.98023,2.427,-14.056,1.333,True
ET_04,other,8.870000000000001,0.06608,0.08552,0.96259,-6.19,-12.865,-2.826,True
ET_04,other,8.88,-0.00562,0.13187,0.92341,-13.338,-8.346,-8.675,True
ET_04,other,8.89,-0.00362,0.1878,0.93897,-19.915,-1.578,-11.503,True
ET_04,other,8.9,-0.0008,0.22272,0.91819,-17.797,4.588,-8.916,True
ET_04,other,8.91,0.04715,0.26126,0.9398,-11.789,11.253,-7.18,True
ET_04,other,8.92,0.13253,0.28474,0.96952,-0.524,15.413,-1.127,True
ET_04,other,8.93,0.2007,0.26631,0.98878,9.955,13.235,4.642,True
ET_04,other,8.94,0.25379,0.26413,1.00167,17.0,6.894,8.932,True
ET_04,other,8.950000000000001,0.26393,0.18042,1.00758,19.698,-0.438,11.23,True
ET_04,other,8.96,0.24296,0.10074,1.00519,16.322,-7.572,7.228,True
ET_04,other,8.97,0.1748,0.07328,0.98425,7.89,-12.902,3.671,True
ET_04,other,8.98,0.10448,0.07213,0.97671,-1.386,-14.441,-0.828,True
ET_04,other,8.99,0.0355,0.09451,0.92884,-12.03,-11.578,-6.29,True
ET_04,other,9.0,-0.01574,0.16796,0.91334,-18.586,-6.271,-9.32,True
ET_04,other,9.01,0.00461,0.2109,0.91364,-19.874,2.255,-9.367,True
ET_04,other,9.02,0.0343,0.2779,0.90179,-15.452,9.461,-8.013,True
ET_04,other,9.03,0.08187,0.29672,0.93728,-5.76,13.636,-2.82,True
ET_04,other,9.040000000000001,0.14735,0.31097,0.99165,5.07,14.187,3.118,True
ET_04,other,9.05,0.22641,0.24882,1.00189,15.243,10.325,7.867,True
ET_04,other,9.06,0.26463,0.19853,0.99636,20.527,2.814,10.727,True
ET_04,other,9.07,0.25769,0.15192,1.00589,18.866,-5.728,9.793,True
ET_04,other,9.08,0.22406,0.11181,0.98853,12.696,-11.938,5.964,True
ET_04,other,9.09,0.12283,0.07337,0.9747,2.325,-15.479,0.938,True
ET_04,other,9.1,0.04147,0.0678,0.91754,-7.778,-14.092,-5.245,True
ET_04,other,9.11,-0.00597,0.15577,0.90977,-16.235,-6.611,-8.58,True
ET_04,other,9.120000000000001,-0.00744,0.2046,0.89328,-20.139,0.138,-10.169,True
ET_04,other,9.13,-0.01148,0.24089,0.91415,-18.065,7.367,-9.049,True
ET_04,other,9.14,0.04615,0.26294,0.9142,-10.878,14.221,-4.642,True
ET_04,other,9.15,0.15228,0.29986,0.98024,0.875,16.363,0.147,True
ET_04,other,9.16,0.20862,0.31266,0.97156,12.694,12.967,6.378,True
ET_04,other,9.17,0.25784,0.24157,1.01263,19.12,6.331,9.37,True
ET_04,other,9.18,0.27384,0.18586,1.0222,21.303,-1.537,9.515,True
ET_04,other,9.19,0.21638,0.12074,1.00062,16.532,-8.708,8.389,True
ET_04,other,9.200000000000001,0.18565,0.04044,0.99086,7.243,-13.829,4.165,True
ET_04,other,9.21,0.09959,0.08445,0.9408,-2.765,-15.904,-2.072,True
ET_04,other,9.22,0.04536,0.09289,0.91798,-12.724,-9.743,-6.898,True
ET_04,other,9.23,-0.03838,0.14143,0.91637,-20.492,-3.546,-10.389,True
ET_04,other,9.24,-0.05044,0.2225,0.91821,-20.051,3.827,-9.221,True
ET_04,other,9.25,0.0197,0.27521,0.93237,-14.577,13.317,-7.405,True
ET_04,other,9.26,0.09749,0.27305,0.95572,-4.275,13.631,-1.311,True
ET_04,other,9.27,0.19893,0.30567,0.99313,5.753,13.862,4.987,True
ET_04,other,9.28,0.25242,0.27855,0.97957,16.772,9.858,9.231,True
ET_04,other,9.290000000000001,0.2694,0.23235,1.02118,20.76,3.242,11.016,True
ET_04,other,9.3,0.28546,0.13566,1.00172,18.668,-5.65,10.092,True
ET_04,other,9.31,0.21843,0.10231,0.9963,12.032,-13.946,4.818,True
ET_04,other,9.32,0.13974,0.07316,0.95966,1.049,-15.26,0.027,True
ET_04,other,9.33,0.05116,0.08113,0.92518,-10.342,-14.006,-4.573,True
ET_04,other,9.34,-0.00379,0.14058,0.9046,-17.837,-8.25,-8.377,True
ET_04,other,9.35,-0.04455,0.2048,0.89874,-21.179,0.22,-11.235,True
ET_04,other,9.36,-0.02237,0.27099,0.92077,-18.151,8.203,-8.646,True
ET_04,other,9.370000000000001,0.05993,0.29248,0.92666,-10.31,13.857,-5.867,True
ET_04,other,9.38,0.14103,0.29147,0.95645,2.417,14.358,0.427,True
ET_04,other,9.39,0.24212,0.29268,0.96813,14.011,11.916,5.839,True
ET_04,other,9.4,0.28161,0.23731,1.0161,21.002,6.053,11.136,True
ET_04,other,9.41,0.29718,0.16241,1.03012,20.246,-2.374,10.895,True
ET_04,other,9.42,0.23326,0.12271,0.99208,16.85,-11.403,8.493,True
ET_04,other,9.43,0.18074,0.09761,0.9721,6.883,-14.635,1.619,True
ET_04,other,9.44,0.10904,0.07177,0.94879,-4.632,-15.214,-3.223,True
ET_04,other,9.450000000000001,0.03899,0.10713,0.91563,-14.679,-10.809,-6.87,True
ET_04,other,9.46,-0.01078,0.16426,0.89147,-22.776,-4.343,-11.603,True
ET_04,other,9.47,-0.00578,0.23897,0.91528,-20.792,5.849,-10.125,True
ET_04,other,9.48,0.01718,0.29131,0.91158,-14.715,14.057,-9.113,True
ET_04,other,9.49,0.13041,0.31718,0.97138,-3.343,16.101,-1.805,True
ET_04,other,9.5,0.20624,0.2967,0.96835,9.324,14.834,5.299,True
ET_04,other,9.51,0.26432,0.27439,0.99098,18.577,9.754,10.296,True
ET_04,other,9.52,0.31349,0.22746,1.04069,21.951,0.439,11.664,True
ET_04,other,9.53,0.27677,0.13316,0.97981,19.135,-6.662,9.13,True
ET_04,other,9.540000000000001,0.21664,0.09426,0.99302,10.806,-13.948,5.923,True
ET_04,other,9.55,0.12629,0.06944,0.973,-1.851,-18.19,-2.785,True
ET_04,other,9.56,0.02212,0.05216,0.90635,-11.48,-14.41,-6.677,True
ET_04,other,9.57,-0.03789,0.1198,0.89709,-20.125,-7.841,-9.953,True
ET_04,other,9.58,-0.03226,0.19061,0.87306,-24.587,3.042,-10.595,True
ET_04,other,9.59,-0.00316,0.26291,0.89791,-19.576,9.475,-8.654,True
ET_04,other,9.6,0.09914,0.32986,0.92165,-8.991,15.762,-2.922,True
ET_04,other,9.61,0.19818,0.3358,0.95967,3.674,16.513,2.232,True
ET_04,other,9.620000000000001,0.24394,0.27862,1.01206,14.382,13.449,8.249,True
ET_04,other,9.63,0.31541,0.22561,1.01622,22.52,3.746,11.196,True
ET_04,other,9.64,0.29249,0.15624,0.99922,23.697,-4.84,12.616,True
ET_04,other,9.65,0.26613,0.08417,1.00365,14.858,-11.598,8.643,True
ET_04,other,9.66,0.20789,0.06446,0.9713,5.003,-16.788,2.237,True
ET_04,other,9.67,0.08943,0.06587,0.94762,-6.468,-15.802,-3.909,True
ET_04,other,9.68,-0.00309,0.10966,0.95157,-17.716,-10.504,-9.38,True
ET_04,other,9.69,-0.03013,0.15692,0.87638,-23.588,-2.415,-11.891,True
ET_04,other,9.700000000000001,0.0171,0.24658,0.8881,-23.398,6.666,-11.067,True
ET_04,other,9.71,0.03006,0.31782,0.91731,-12.03,14.422,-6.845,True
ET_04,other,9.72,0.14361,0.29504,0.97804,-0.569,18.16,-1.442,True
ET_04,other,9.73,0.21118,0.31868,0.98082,8.99,14.571,6.065,True
ET_04,other,9.74,0.33168,0.26605,1.01934,21.91,9.243,9.818,True
ET_04,other,9.75,0.30245,0.1837,1.01293,26.548,-0.975,11.922,True
ET_04,other,9.76,0.30233,0.13897,1.01461,20.28,-10.747,10.804,True
ET_04,other,9.77,0.22472,0.07533,0.96526,11.299,-16.736,5.196,True
ET_04,other,9.78,0.14283,0.08494,0.95342,-2.571,-17.399,-1.599,True
ET_04,other,9.790000000000001,0.03174,0.08969,0.92117,-14.974,-15.505,-6.822,True
ET_04,other,9.8,-0.00528,0.13446,0.89697,-21.277,-7.48,-12.074,True
ET_04,other,9.81,-0.0301,0.20509,0.86025,-25.658,2.811,-13.141,True
ET_04,other,9.82,0.02254,0.26847,0.90698,-19.126,11.12,-8.927,True
ET_04,other,9.83,0.12022,0.33347,0.90623,-7.259,15.736,-4.482,True
ET_04,other,9.84,0.21568,0.33541,0.97549,5.725,18.339,3.577,True
ET_04,other,9.85,0.27267,0.27468,0.98829,17.639,12.351,8.684,True
ET_04,other,9.86,0.30653,0.24023,1.02841,25.719,5.042,12.343,True
ET_04,other,9.870000000000001,0.30023,0.1665,1.00234,23.818,-4.914,11.738,True
ET_04,other,9.88,0.26851,0.10607,1.02201,16.215,-14.783,10.459,True
ET_04,other,9.89,0.21381,0.04347,0.95362,2.929,-18.8,1.386,True
ET_04,other,9.9,0.08334,0.04747,0.90547,-10.955,-17.853,-5.645,True
ET_04,other,9.91,0.01189,0.12167,0.87938,-21.3,-11.888,-10.521,True
ET_04,other,9.92,-0.04529,0.20095,0.86989,-26.633,-1.398,-13.693,True
ET_04,other,9.93,-0.00528,0.25971,0.90074,-23.174,9.364,-10.77,True
ET_04,other,9.94,0.05847,0.30934,0.92486,-13.563,16.365,-6.524,True
ET_04,other,9.950000000000001,0.1628,0.34459,0.9294,0.393,17.568,1.266,True
ET_04,other,9.96,0.24398,0.31644,0.99503,13.292,16.274,7.373,True
ET_04,other,9.97,0.33217,0.26842,0.99163,23.452,7.904,11.002,True
ET_04,other,9.98,0.36393,0.20222,1.0475,25.837,-1.732,12.717,True
ET_04,other,9.99,0.32114,0.14302,1.00106,21.572,-12.139,10.792,True
ET_04,other,10.0,0.23482,0.05654,0.97643,11.029,-18.346,4.068,True
ET_04,other,10.01,0.12616,0.05402,0.91377,-4.69,-18.055,-3.222,True
ET_04,other,10.02,0.02252,0.08798,0.89953,-17.588,-14.954,-8.785,True
ET_04,other,10.03,-0.03228,0.15807,0.87584,-25.6,-5.718,-11.948,True
ET_04,other,10.040000000000001,-0.04877,0.22818,0.85376,-26.271,4.264,-13.263,True
ET_04,other,10.05,0.0286,0.28464,0.88163,-18.358,13.576,-9.397,True
ET_04,other,10.06,0.12053,0.34749,0.93973,-5.886,18.448,-2.55,True
ET_04,other,10.07,0.22547,0.343,0.9775,7.987,18.331,5.397,True
ET_04,other,10.08,0.30548,0.31798,1.0118,20.825,13.087,9.51,True
ET_04,other,10.09,0.35911,0.21055,1.01706,27.148,2.607,11.999,True
ET_04,other,10.1,0.30676,0.17084,1.00793,24.344,-7.785,12.042,True
ET_04,other,10.11,0.26731,0.09405,0.98508,15.963,-16.206,8.77,True
ET_04,other,10.120000000000001,0.1551,0.05086,0.9768,1.663,-19.546,1.447,True
ET_04,other,10.13,0.06137,0.06852,0.93219,-12.603,-17.16,-7.253,True
ET_04,other,10.14,-0.02929,0.10405,0.85203,-23.738,-11.391,-12.784,True
ET_04,other,10.15,-0.06771,0.19572,0.88104,-26.679,-0.406,-13.86,True
ET_04,other,10.16,-0.03194,0.26305,0.88102,-23.048,9.532,-11.907,True
ET_04,other,10.17,0.04601,0.30416,0.92436,-12.499,18.989,-7.206,True
ET_04,other,10.18,0.16921,0.34676,0.94946,1.745,21.713,1.51,True
ET_04,other,10.19,0.29224,0.30834,1.0015,16.565,16.134,8.064,True
ET_04,other,10.200000000000001,0.32293,0.26513,1.02811,26.657,8.442,12.289,True
ET_04,other,10.21,0.33722,0.19001,1.02913,28.582,-2.331,14.418,True
ET_04,other,10.22,0.31761,0.12937,1.01056,20.85,-12.924,9.837,True
ET_04,other,10.23,0.21249,0.04587,0.95428,9.774,-19.297,3.581,True
ET_04,other,10.24,0.12495,0.06718,0.93235,-5.363,-20.03,-4.866,True
ET_04,other,10.25,0.01536,0.08428,0.92076,-19.995,-15.794,-9.748,True
ET_04,other,10.26,-0.03862,0.14497,0.86658,-28.979,-4.466,-14.003,True
ET_04,other,10.27,-0.04917,0.2522,0.88252,-26.346,6.672,-13.937,True
ET_04,other,10.28,0.04115,0.34049,0.90823,-18.422,16.485,-10.002,True
ET_04,other,10.290000000000001,0.14431,0.34562,0.93024,-3.606,20.97,-2.144,True
ET_04,other,10.3,0.28026,0.32054,0.96311,9.764,20.512,4.589,True
ET_04,other,10.31,0.32494,0.29015,0.98369,23.369,12.541,11.867,True
ET_04,other,10.32,0.35204,0.24059,1.03803,28.19,0.53,13.598,True
ET_04,other,10.33,0.34142,0.12729,0.98662,26.859,-9.561,13.09,True
ET_04,other,10.34,0.27016,0.06836,0.97954,16.287,-17.615,8.388,True
ET_04,other,10.35,0.14435,0.03853,0.97944,1.501,-21.612,-0.219,True
ET_04,other,10.36,0.05953,0.07755,0.92845,-15.257,-19.047,-6.716,True
ET_04,other,10.370000000000001,-0.01957,0.1138,0.88879,-24.974,-10.637,-12.248,True
ET_04,other,10.38,-0.05596,0.23498,0.86119,-28.534,1.285,-14.402,True
ET_04,other,10.39,-0.03586,0.29095,0.87342,-24.174,12.898,-10.915,True
ET_04,other,10.4,0.07435,0.35747,0.89973,-12.352,19.936,-6.492,True
ET_04,other,10.41,0.18826,0.36749,0.99014,3.64,22.178,1.844,True
ET_04,other,10.42,0.30848,0.30333,0.99312,18.911,15.836,9.163,True
ET_04,other,10.43,0.35775,0.21374,1.00398,28.805,8.355,14.071,True
ET_04,other,10.44,0.38552,0.19414,0.99928,27.236,-5.672,14.719,True
ET_04,other,10.450000000000001,0.32545,0.1208,0.98584,21.268,-15.042,9.892,True
ET_04,other,10.46,0.21781,0.01457,0.95661,8.882,-22.816,3.691,True
ET_04,other,10.47,0.10357,0.05422,0.91839,-8.853,-20.539,-3.543,True
ET_04,other,10.48,-0.01255,0.09271,0.89502,-22.188,-15.239,-12.979,True
ET_04,other,10.49,-0.04217,0.1648,0.83856,-28.474,-3.531,-13.975,True
ET_04,other,10.5,-0.05281,0.26526,0.88647,-27.796,8.951,-14.285,True
ET_04,other,10.51,0.0327,0.35704,0.899,-20.179,18.642,-9.429,True
ET_04,other,10.52,0.13069,0.37307,0.92371,-3.568,23.706,-2.58,True
ET_04,other,10.53,0.27338,0.35758,0.95458,13.453,18.828,7.033,True
ET_04,other,10.540000000000001,0.37446,0.30053,0.99348,24.89,12.369,12.513,True
ET_04,other,10.55,0.4063,0.204,1.03521,30.763,1.076,14.91,True
ET_04,other,10.56,0.37836,0.14691,1.00144,26.611,-12.281,13.24,True
ET_04,other,10.57,0.26848,0.05375,1.00284,14.828,-18.428,7.028,True
ET_04,other,10.58,0.16306,0.04374,0.94341,-2.677,-21.863,-1.881,True
ET_04,other,10.59,0.00518,0.08174,0.88165,-16.96,-18.616,-9.983,True
ET_04,other,10.6,-0.03815,0.13727,0.83037,-28.378,-10.084,-13.782,True
ET_04,other,10.61,-0.05338,0.20827,0.87219,-31.024,2.603,-13.424,True
ET_04,other,10.620000000000001,0.00865,0.32314,0.86971,-23.089,14.49,-12.668,True
ET_04,other,10.63,0.09465,0.37772,0.89676,-10.303,21.523,-4.857,True
ET_04,other,10.64,0.21352,0.35296,0.94961,7.102,21.035,4.315,True
ET_04,other,10.65,0.31939,0.33,1.00558,23.452,14.998,9.246,True
ET_04,other,10.66,0.40041,0.24727,1.01739,29.88,6.933,14.669,True
ET_04,other,10.67,0.41093,0.14925,1.00599,30.282,-7.029,14.398,True
ET_04,other,10.68,0.33469,0.06567,1.00204,22.014,-16.435,10.715,True
ET_04,other,10.69,0.22699,0.05498,0.93249,5.251,-22.076,3.709,True
ET_04,other,10.700000000000001,0.07587,0.08057,0.88568,-10.775,-21.188,-6.369,True
ET_04,other,10.71,0.00054,0.10261,0.85964,-25.068,-13.667,-12.861,True
ET_04,other,10.72,-0.04408,0.17419,0.87029,-31.986,-1.741,-16.818,True
ET_04,other,10.73,-0.01793,0.27083,0.8521,-28.604,8.297,-14.495,True
ET_04,other,10.74,0.03552,0.35336,0.89465,-16.984,18.613,-8.911,True
ET_04,other,10.75,0.18409,0.35107,0.91376,0.162,22.241,-0.36,True
ET_04,other,10.76,0.30482,0.35255,0.97007,14.302,19.516,8.082,True
ET_04,other,10.77,0.36933,0.27884,1.01829,28.838,11.477,13.54,True
ET_04,other,10.78,0.39082,0.21727,1.01993,30.138,-1.457,16.177,True
ET_04,other,10.790000000000001,0.3782,0.09686,0.99992,26.251,-13.391,14.21,True
ET_04,other,10.8,0.26955,0.06283,0.99276,13.135,-21.273,6.346,True
ET_04,other,10.81,0.14637,0.03391,0.9241,-2.265,-23.392,-1.648,True
ET_04,other,10.82,0.03061,0.03557,0.9061,-19.317,-18.486,-10.174,True
ET_04,other,10.83,-0.04676,0.12791,0.87201,-30.897,-8.697,-14.472,True
ET_04,other,10.84,-0.05236,0.26118,0.84667,-30.707,3.892,-16.725,True
ET_04,other,10.85,-0.0026,0.33133,0.89005,-23.424,14.991,-12.515,True
ET_04,other,10.86,0.13134,0.35263,0.91474,-10.036,23.28,-3.966,True
ET_04,other,10.870000000000001,0.2672,0.3874,0.95071,8.367,23.284,6.022,True
ET_04,other,10.88,0.32178,0.3304,0.99224,24.701,17.103,9.413,True
ET_04,other,10.89,0.41791,0.25272,1.0179,31.968,5.603,17.024,True
ET_04,other,10.9,0.41811,0.1614,1.03414,30.418,-6.271,15.481,True
ET_04,other,10.91,0.31425,0.09096,0.9785,19.969,-19.686,9.882,True
ET_04,other,10.92,0.21773,0.0461,0.94698,4.328,-22.99,1.216,True
ET_04,other,10.93,0.06953,0.04885,0.90274,-14.938,-21.872,-7.055,True
ET_04,other,10.94,-0.03564,0.12854,0.84781,-27.722,-13.412,-15.081,True
ET_04,other,10.950000000000001,-0.03136,0.22374,0.8568,-32.84,-1.512,-15.578,True
ET_04,other,10.96,-0.03574,0.30275,0.86043,-28.544,11.66,-14.805,True
ET_04,other,10.97,0.06836,0.36886,0.88802,-12.344,21.293,-7.824,True
ET_04,other,10.98,0.20004,0.38098,0.95791,2.411,24.332,-0.09,True
ET_04,other,10.99,0.30659,0.37159,0.9815,17.366,22.037,8.439,True
ET_04,other,11.0,0.41582,0.28461,1.00964,31.588,9.687,16.504,True
ET_04,other,11.01,0.41653,0.1962,1.0048,32.334,-2.377,15.418,True
ET_04,other,11.02,0.36477,0.11091,1.01289,24.862,-13.229,12.822,True
ET_04,other,11.03,0.26086,0.04191,0.97858,12.022,-22.922,6.243,True
ET_04,other,11.040000000000001,0.13577,0.03847,0.88933,-5.494,-22.795,-3.876,True
ET_04,other,11.05,-0.00629,0.08817,0.87913,-20.516,-17.337,-12.143,True
ET_04,other,11.06,-0.05877,0.16579,0.8415,-31.832,-7.514,-16.514,True
ET_04,other,11.07,-0.04658,0.23143,0.84077,-31.823,5.04,-15.626,True
ET_04,other,11.08,0.00243,0.35308,0.87946,-23.494,18.056,-11.018,True
ET_04,other,11.09,0.15481,0.38144,0.92335,-6.449,21.935,-2.307,True
ET_04,other,11.1,0.2718,0.40114,0.95275,12.043,23.499,4.551,True
ET_04,other,11.11,0.36187,0.32892,0.98248,24.951,15.549,12.803,True
ET_04,other,11.120000000000001,0.42916,0.23706,1.02737,34.749,3.976,16.891,True
ET_04,other,11.13,0.39704,0.16031,1.00725,29.92,-9.359,14.945,True
ET_04,other,11.14,0.32733,0.04459,1.00452,17.365,-20.817,8.467,True
ET_04,other,11.15,0.19839,0.03091,0.92162,2.025,-23.211,2.745,True
ET_04,other,11.16,0.04664,0.05711,0.88072,-17.122,-20.628,-9.266,True
ET_04,other,11.17,-0.03881,0.13645,0.84732,-29.403,-11.259,-14.913,True
ET_04,other,11.18,-0.05296,0.2119,0.86504,-32.296,0.276,-17.766,True
ET_04,other,11.19,-0.00721,0.31902,0.86521,-29.183,12.856,-13.925,True
ET_04,other,11.200000000000001,0.09988,0.37538,0.90168,-14.635,21.617,-6.878,True
ET_04,other,11.21,0.20938,0.39283,0.95249,2.636,23.775,1.466,True
ET_04,other,11.22,0.36326,0.36581,1.00095,19.339,19.12,10.584,True
ET_04,other,11.23,0.40509,0.3057,0.98606,30.324,7.94,15.28,True
ET_04,other,11.24,0.40193,0.18006,1.00298,31.739,-5.3,15.988,True
ET_04,other,11.25,0.35645,0.09229,0.96151,24.45,-16.062,13.389,True
ET_04,other,11.26,0.23793,0.0403,0.949,9.571,-23.323,4.911,True
ET_04,other,11.27,0.13697,0.037,0.88644,-9.407,-23.804,-3.588,True
ET_04,other,11.28,0.035,0.08662,0.84819,-22.296,-17.233,-12.444,True
ET_04,other,11.290000000000001,-0.04929,0.16184,0.83118,-31.245,-3.352,-16.754,True
ET_04,other,11.3,-0.01686,0.27895,0.84584,-31.206,7.096,-16.409,True
ET_04,other,11.31,0.03702,0.39427,0.87124,-21.931,18.893,-9.327,True
ET_04,other,11.32,0.16136,0.38368,0.94328,-3.844,24.066,-1.631,True
ET_04,other,11.33,0.27475,0.40374,0.96566,12.529,21.545,8.225,True
ET_04,other,11.34,0.38422,0.29159,0.97993,26.737,14.388,13.03,True
ET_04,other,11.35,0.40548,0.2125,1.01318,33.486,1.849,16.203,True
ET_04,other,11.36,0.4004,0.12075,1.01754,29.434,-11.616,15.072,True
ET_04,other,11.370000000000001,0.30198,0.06832,0.96902,18.318,-20.429,7.705,True
ET_04,other,11.38,0.18536,0.01902,0.9022,-0.014,-25.299,-0.066,True
ET_04,other,11.39,0.05666,0.08924,0.88818,-16.725,-20.631,-9.38,True
ET_04,other,11.4,-0.0233,0.13312,0.84086,-30.589,-10.029,-14.713,True
ET_04,other,11.41,-0.06665,0.25935,0.86897,-33.702,2.247,-14.068,True
ET_04,other,11.42,0.01923,0.30077,0.87977,-26.011,15.671,-12.258,True
ET_04,other,11.43,0.12352,0.37106,0.8997,-13.332,22.625,-7.112,True
ET_04,other,11.44,0.24224,0.39165,0.93042,4.804,23.651,1.03,True
ET_04,other,11.450000000000001,0.34686,0.33206,0.95927,21.689,18.694,12.15,True
ET_04,other,11.46,0.42085,0.26229,1.01609,31.405,6.193,14.552,True
ET_04,other,11.47,0.41282,0.17547,1.03122,31.733,-5.67,16.914,True
ET_04,other,11.48,0.36893,0.07701,0.97486,23.599,-18.206,11.368,True
ET_04,other,11.49,0.25918,0.06607,0.9751,7.039,-24.368,3.771,True
ET_04,other,11.5,0.11674,0.06362,0.88966,-10.453,-21.464,-4.741,True
ET_04,other,11.51,0.01399,0.11487,0.89195,-25.123,-14.819,-11.807,True
ET_04,other,11.52,-0.07051,0.21808,0.84038,-34.588,-4.828,-16.332,True
ET_04,other,11.53,0.01756,0.29338,0.82511,-29.82,10.803,-14.717,True
ET_04,other,11.540000000000001,0.04094,0.34012,0.89911,-18.543,18.439,-9.314,True
ET_04,other,11.55,0.18547,0.37733,0.92504,-2.419,23.87,-1.15,True
ET_04,other,11.56,0.30211,0.40507,0.97252,13.535,23.505,6.939,True
ET_04,other,11.57,0.3942,0.30748,0.98251,27.478,11.706,12.172,True
ET_04,other,11.58,0.45616,0.19685,1.03567,34.893,0.135,17.66,True
ET_04,other,11.59,0.37709,0.13098,0.9809,26.83,-13.009,13.325,True
ET_04,other,11.6,0.27676,0.06798,1.00023,13.458,-22.727,6.985,True
ET_04,other,11.61,0.17319,0.03148,0.93179,-2.073,-24.037,-1.383,True
ET_04,other,11.620000000000001,0.03681,0.08305,0.87853,-19.233,-19.352,-9.316,True
ET_04,other,11.63,-0.0299,0.17006,0.83542,-29.199,-9.535,-14.596,True
ET_04,other,11.64,-0.06196,0.2634,0.84922,-31.449,3.299,-16.848,True
ET_04,other,11.65,0.01263,0.32478,0.87503,-23.51,15.767,-11.432,True
ET_04,other,11.66,0.11911,0.37909,0.89265,-11.248,23.145,-5.545,True
ET_04,other,11.67,0.23691,0.39152,0.95622,8.896,21.611,3.825,True
ET_04,other,11.68,0.3481,0.33989,1.01223,22.285,14.926,9.842,True
ET_04,other,11.69,0.42625,0.26352,0.99268,30.104,5.856,15.862,True
ET_04,other,11.700000000000001,0.41758,0.19292,0.96333,30.544,-6.708,14.907,True
ET_04,other,11.71,0.3479,0.09806,0.98558,21.373,-18.173,9.672,True
ET_04,other,11.72,0.20902,0.07127,0.96002,4.704,-23.796,2.415,True
ET_04,other,11.73,0.09877,0.05634,0.88921,-12.311,-22.142,-6.184,True
ET_04,other,11.74,0.01619,0.13289,0.86337,-25.02,-13.942,-12.052,True
ET_04,other,11.75,-0.02827,0.2267,0.87787,-32.653,-1.203,-14.131,True
ET_04,other,11.76,-0.0147,0.30087,0.85064,-27.458,11.004,-14.428,True
ET_04,other,11.77,0.04829,0.35898,0.88295,-16.432,21.872,-9.252,True
ET_04,other,11.78,0.16667,0.42476,0.93879,-0.435,23.715,0.146,True
ET_04,other,11.790000000000001,0.31935,0.34501,0.99018,16.706,20.51,7.427,True
ET_04,other,11.8,0.40862,0.27892,0.97792,28.068,10.909,13.773,True
ET_04,other,11.81,0.44928,0.25016,0.99087,31.948,-1.376,15.158,True
ET_04,other,11.82,0.3816,0.12802,0.99121,24.738,-14.089,11.276,True
ET_04,other,11.83,0.27414,0.06653,0.96082,13.394,-21.508,5.57,True
ET_04,other,11.84,0.1362,0.05981,0.91802,-3.654,-22.844,-1.793,True
ET_04,other,11.85,0.05525,0.09247,0.8737,-20.44,-16.74,-10.408,True
ET_04,other,11.86,0.00785,0.17361,0.82276,-30.038,-6.856,-15.208,True
ET_04,other,11.870000000000001,0.00854,0.26375,0.83799,-31.373,5.06,-15.822,True
ET_04,other,11.88,0.02783,0.31452,0.86044,-23.051,15.148,-11.126,True
ET_04,other,11.89,0.14978,0.38849,0.91152,-7.653,22.185,-2.865,True
ET_04,other,11.9,0.26871,0.40971,0.94204,9.078,20.302,4.752,True
ET_04,other,11.91,0.35328,0.3271,0.99616,23.587,15.341,11.598,True
ET_04,other,11.92,0.41224,0.24976,0.98909,30.977,3.108,14.966,True
ET_04,other,11.93,0.41882,0.16232,0.98423,30.141,-8.899,14.651,True
ET_04,other,11.94,0.32594,0.09301,0.9543,18.011,-17.847,9.902,True
ET_04,other,11.950000000000001,0.22514,0.08317,0.96164,2.32,-21.791,0.535,True
ET_04,other,11.96,0.08558,0.07879,0.91709,-13.025,-20.266,-6.783,True
ET_04,other,11.97,0.01013,0.1238,0.84796,-26.099,-12.389,-13.266,True
ET_04,other,11.98,-0.04323,0.2388,0.83762,-30.13,-1.845,-15.926,True
ET_04,other,11.99,-0.00675,0.3008,0.86116,-25.775,12.619,-13.587,True
ET_04,other,12.0,0.11349,0.34767,0.904,-15.019,20.131,-5.962,True
ET_04,other,12.01,0.25035,0.36985,0.93559,2.727,22.523,-0.191,True
ET_04,other,12.02,0.33138,0.33733,0.97249,16.536,16.778,9.059,True
ET_04,other,12.030000000000001,0.39053,0.29565,0.99232,27.995,7.062,13.788,True
ET_04,other,12.040000000000001,0.42119,0.1957,0.98577,29.398,-3.334,14.433,True
ET_04,other,12.05,0.35757,0.11305,0.98564,20.863,-14.324,10.102,True
ET_04,other,12.06,0.21626,0.10644,0.94125,8.456,-21.399,3.889,True
ET_04,other,12.07,0.14891,0.07959,0.93575,-5.727,-22.155,-2.962,True
ET_04,other,12.08,0.04754,0.10418,0.86425,-21.836,-16.643,-11.611,True
ET_04,other,12.09,-0.00431,0.18202,0.85611,-27.375,-4.645,-13.677,True
ET_04,other,12.1,0.00464,0.27386,0.8496,-29.54,7.148,-15.906,True
ET_04,other,12.11,0.04498,0.35029,0.86371,-19.603,17.0,-10.325,True
ET_04,other,12.120000000000001,0.16936,0.34512,0.9148,-6.051,20.86,-3.233,True
ET_04,other,12.13,0.29102,0.36645,0.92758,10.489,19.55,5.898,True
ET_04,other,12.14,0.36295,0.31683,0.98115,23.359,13.198,10.962,True
ET_04,other,12.15,0.40634,0.24966,0.99414,30.002,2.754,14.272,True
ET_04,other,12.16,0.39811,0.16989,0.98208,26.048,-9.36,12.991,True
ET_04,other,12.17,0.33015,0.07936,0.99331,14.262,-17.553,7.34,True
ET_04,other,12.18,0.20492,0.0738,0.90816,-1.979,-21.722,1.243,True
ET_04,other,12.19,0.09521,0.07796,0.89297,-14.644,-18.194,-5.889,True
ET_04,other,12.200000000000001,0.00178,0.15002,0.89184,-23.447,-9.815,-13.913,True
ET_04,other,12.21,-0.01376,0.23931,0.85272,-28.775,1.485,-14.758,True
ET_04,other,12.22,0.04099,0.32383,0.86488,-25.234,11.821,-12.692,True
ET_04,other,12.23,0.13552,0.35351,0.89278,-12.718,17.734,-5.885,True
ET_04,other,12.24,0.216,0.40314,0.93471,4.229,21.216,2.785,True
ET_04,other,12.25,0.34268,0.34922,0.96998,18.448,17.744,9.224,True
ET_04,other,12.26,0.39156,0.24661,1.007,26.8,6.18,13.387,True
ET_04,other,12.27,0.37857,0.17235,0.9878,27.24,-4.358,13.074,True
ET_04,other,12.280000000000001,0.33863,0.14665,0.96813,21.245,-13.99,9.538,True
ET_04,other,12.290000000000001,0.25821,0.07098,0.95418,6.199,-20.376,3.173,True
ET_04,other,12.3,0.1632,0.06301,0.90373,-7.788,-18.32,-4.333,True
ET_04,other,12.31,0.04513,0.12393,0.88687,-20.704,-14.74,-9.674,True
ET_04,other,12.32,-0.00029,0.20712,0.84635,-26.13,-2.621,-14.68,True
ET_04,other,12.33,0.03344,0.26946,0.86909,-25.002,9.082,-12.976,True
ET_04,other,12.34,0.09371,0.33438,0.85943,-17.378,15.599,-7.684,True
ET_04,other,12.35,0.15566,0.37086,0.91614,-2.056,20.353,-3.083,True
ET_04,other,12.36,0.31677,0.35637,0.9947,11.839,17.329,6.731,True
ET_04,other,12.370000000000001,0.35642,0.2876,0.98185,23.141,11.14,10.878,True
ET_04,other,12.38,0.38273,0.24281,0.98025,26.888,-0.61,12.512,True
ET_04,other,12.39,0.35975,0.14336,0.94946,24.291,-10.017,12.189,True
ET_04,other,12.4,0.30363,0.11378,0.96715,13.267,-16.795,6.53,True
ET_04,other,12.41,0.16468,0.067,0.92478,-1.971,-20.415,-1.777,True
ET_04,other,12.42,0.09111,0.10544,0.89171,-16.002,-16.254,-8.645,True
ET_04,other,12.43,-0.00978,0.17622,0.86003,-24.715,-7.427,-13.986,True
ET_04,other,12.44,0.01836,0.24582,0.8549,-26.891,0.429,-12.733,True
ET_04,other,12.450000000000001,0.05914,0.31618,0.87575,-22.116,11.264,-9.907,True
ET_04,other,12.46,0.14307,0.35663,0.89769,-8.459,19.025,-4.396,True
ET_04,other,12.47,0.26453,0.34801,0.95529,5.542,18.146,2.274,True
ET_04,other,12.48,0.3395,0.30385,0.96068,18.273,15.059,8.456,True
ET_04,other,12.49,0.38516,0.28605,0.99025,25.514,5.121,12.785,True
ET_04,other,12.5,0.38235,0.20964,0.99259,26.026,-5.942,11.664,True
ET_04,other,12.51,0.33976,0.0921,0.97815,17.366,-13.916,8.92,True
ET_04,other,12.52,0.23808,0.0944,0.9312,3.418,-20.442,2.642,True
ET_04,other,12.530000000000001,0.13812,0.08281,0.90735,-9.345,-19.135,-5.163,True
ET_04,other,12.540000000000001,0.02017,0.17191,0.8879,-20.927,-12.156,-10.164,True
ET_04,other,12.55,0.02489,0.23042,0.8567,-27.048,-0.937,-12.175,True
ET_04,other,12.56,0.01783,0.29106,0.8782,-21.908,8.243,-11.321,True
ET_04,other,12.57,0.08846,0.32542,0.90344,-14.223,16.622,-6.926,True
ET_04,other,12.58,0.22818,0.37478,0.9186,-0.83,20.278,0.013,True
ET_04,other,12.59,0.31931,0.34203,0.92586,12.552,17.23,6.366,True
ET_04,other,12.6,0.36433,0.33809,0.97262,22.398,9.53,9.768,True
ET_04,other,12.61,0.4152,0.24257,0.98807,26.575,-1.381,12.841,True
ET_04,other,12.620000000000001,0.34202,0.14028,0.98831,20.995,-10.8,11.309,True
ET_04,other,12.63,0.28614,0.07935,0.96398,12.226,-16.46,6.206,True
ET_04,other,12.64,0.17564,0.08034,0.89995,-2.757,-18.487,-1.869,True
ET_04,other,12.65,0.06335,0.14919,0.87983,-15.696,-14.397,-8.617,True
ET_04,other,12.66,0.00778,0.1724,0.84338,-23.411,-6.829,-11.509,True
ET_04,other,12.67,0.02092,0.2555,0.8717,-24.761,2.03,-12.614,True
ET_04,other,12.68,0.07138,0.3017,0.87547,-18.993,13.151,-9.057,True
ET_04,other,12.69,0.13796,0.35654,0.91847,-6.297,17.895,-3.071,True
ET_04,other,12.700000000000001,0.27631,0.35368,0.95444,7.353,18.038,2.972,True
ET_04,other,12.71,0.33889,0.3048,1.0027,17.371,13.529,9.207,True
ET_04,other,12.72,0.3743,0.23855,0.97579,23.413,5.206,13.337,True
ET_04,other,12.73,0.33669,0.18106,1.00107,22.79,-7.369,10.862,True
ET_04,other,12.74,0.3163,0.09823,0.99038,13.644,-14.266,7.584,True
ET_04,other,12.75,0.2273,0.08825,0.95554,1.327,-18.028,0.477,True
ET_04,other,12.76,0.10049,0.1262,0.88907,-9.632,-15.906,-5.14,True
ET_04,other,12.77,0.0274,0.15429,0.89057,-19.736,-8.987,-10.723,True
ET_04,other,12.780000000000001,0.03301,0.21481,0.84228,-24.465,0.072,-13.075,True
ET_04,other,12.790000000000001,0.05306,0.29915,0.89207,-21.103,9.674,-11.117,True
ET_04,other,12.8,0.12966,0.34493,0.91355,-10.73,15.866,-6.225,True
ET_04,other,12.81,0.19461,0.34854,0.91821,2.787,17.917,-1.602,True
ET_04,other,12.82,0.29916,0.34026,0.97531,12.971,12.891,8.509,True
ET_04,other,12.83,0.36284,0.2688,0.96322,19.793,8.546,10.888,True
ET_04,other,12.84,0.35123,0.21093,0.97884,22.674,-1.859,12.384,True
ET_04,other,12.85,0.34146,0.14356,0.95925,18.226,-11.264,8.629,True
ET_04,other,12.86,0.25685,0.10254,0.94524,8.036,-16.604,3.847,True
ET_04,other,12.870000000000001,0.1842,0.10794,0.88979,-2.537,-16.284,-1.029,True
ET_04,other,12.88,0.06666,0.12057,0.91544,-16.978,-12.7,-8.2,True
ET_04,other,12.89,0.03295,0.17858,0.84031,-23.604,-4.79,-10.059,True
ET_04,other,12.9,-0.00909,0.28021,0.87804,-21.094,4.849,-12.086,True
ET_04,other,12.91,0.08308,0.32127,0.87338,-16.141,12.827,-6.095,True
ET_04,other,12.92,0.17127,0.32548,0.90384,-5.4,15.632,-3.071,True
ET_04,other,12.93,0.2819,0.31534,0.95459,8.019,16.386,4.568,True
ET_04,other,12.94,0.32445,0.26925,0.99196,17.663,11.762,8.18,True
ET_04,other,12.950000000000001,0.36136,0.23151,0.97303,22.505,2.287,10.975,True
ET_04,other,12.96,0.33521,0.16192,0.9914,19.69,-7.535,11.296,True
ET_04,other,12.97,0.27312,0.10487,0.95042,13.282,-13.905,5.701,True
ET_04,other,12.98,0.21949,0.09347,0.91913,0.329,-15.96,0.346,True
ET_04,other,12.99,0.15259,0.11004,0.88767,-10.448,-13.762,-5.423,True
ET_04,other,13.0,0.04573,0.17153,0.86909,-19.847,-8.625,-9.02,True
ET_04,other,13.01,0.02558,0.21978,0.88018,-22.239,-0.367,-10.152,True
ET_04,other,13.02,0.07755,0.28033,0.88472,-18.807,8.639,-10.714,True
ET_04,other,13.030000000000001,0.12845,0.34558,0.89506,-9.724,16.015,-4.276,True
ET_04,other,13.040000000000001,0.21277,0.35695,0.94466,1.765,15.636,1.775,True
ET_04,other,13.05,0.28806,0.30654,0.96194,12.387,13.015,6.096,True
ET_04,other,13.06,0.35905,0.25677,0.97985,21.217,5.413,10.911,True
ET_04,other,13.07,0.3493,0.18908,0.96712,22.39,-3.172,10.009,True
ET_04,other,13.08,0.32477,0.13121,0.9779,17.023,-9.943,8.046,True
ET_04,other,13.09,0.21285,0.11337,0.92325,6.794,-16.545,4.225,True
ET_04,other,13.1,0.1572,0.12859,0.91913,-6.313,-14.923,-1.588,True
ET_04,other,13.11,0.07905,0.13179,0.87525,-16.75,-11.589,-7.238,True
ET_04,other,13.120000000000001,0.04448,0.23009,0.86644,-20.201,-2.627,-9.969,True
ET_04,other,13.13,0.03936,0.27169,0.87171,-20.581,6.954,-9.811,True
ET_04,other,13.14,0.09937,0.29318,0.88285,-13.573,12.703,-7.119,True
ET_04,other,13.15,0.17044,0.33498,0.94572,-2.578,16.165,-1.909,True
ET_04,other,13.16,0.25608,0.31133,1.00583,8.66,15.442,3.589,True
ET_04,other,13.17,0.32349,0.28513,0.97454,17.847,8.257,8.348,True
ET_04,other,13.18,0.33253,0.23345,1.02092,21.212,2.478,11.355,True
ET_04,other,13.19,0.32913,0.14186,0.98423,19.088,-7.682,8.752,True
ET_04,other,13.200000000000001,0.26421,0.16003,0.96058,10.258,-13.874,5.378,True
ET_04,other,13.21,0.1908,0.10065,0.91015,-0.551,-14.926,0.214,True
ET_04,other,13.22,0.11386,0.11837,0.89071,-11.306,-13.649,-6.003,True
ET_04,other,13.23,0.09901,0.16137,0.87046,-20.155,-8.506,-9.163,True
ET_04,other,13.24,0.04948,0.25225,0.87016,-21.967,2.282,-10.834,True
ET_04,other,13.25,0.081,0.30361,0.88481,-16.706,9.039,-8.087,True
ET_04,other,13.26,0.12551,0.31979,0.92948,-7.687,15.941,-3.309,True
ET_04,other,13.27,0.20313,0.31554,0.92883,3.293,14.25,3.32,True
ET_04,other,13.280000000000001,0.29276,0.31325,0.96554,13.481,11.979,7.608,True
ET_04,other,13.290000000000001,0.33413,0.26188,1.01277,19.774,3.931,9.856,True
ET_04,other,13.3,0.35168,0.19643,0.96611,19.832,-3.75,9.101,True
ET_04,other,13.31,0.29927,0.12945,0.97249,15.565,-11.163,7.53,True
ET_04,other,13.32,0.23295,0.10207,0.95782,5.456,-14.837,1.8,True
ET_04,other,13.33,0.14598,0.11596,0.91648,-6.592,-14.236,-3.906,True
ET_04,other,13.34,0.04251,0.15109,0.90554,-16.062,-10.26,-6.93,True
ET_04,other,13.35,0.05054,0.21674,0.88098,-20.354,-1.839,-9.984,True
ET_04,other,13.36,0.05822,0.28626,0.86449,-19.405,5.809,-8.261,True
ET_04,other,13.370000000000001,0.07182,0.33534,0.89495,-11.891,12.369,-5.144,True
ET_04,other,13.38,0.1651,0.33442,0.88573,-1.803,14.866,-1.574,True
ET_04,other,13.39,0.26814,0.30721,0.94927,10.186,12.787,4.352,True
ET_04,other,13.4,0.31135,0.25612,0.97244,17.494,7.298,8.49,True
ET_04,other,13.41,0.34078,0.22324,0.97749,20.832,-1.741,9.56,True
ET_04,other,13.42,0.31631,0.16295,0.97111,19.586,-8.74,8.057,True
ET_04,other,13.43,0.24882,0.11995,0.96687,8.28,-12.797,3.504,True
ET_04,other,13.44,0.18125,0.09806,0.93887,-2.812,-14.661,-1.049,True
ET_04,other,13.450000000000001,0.09722,0.14572,0.90223,-11.788,-11.964,-6.097,True
ET_04,other,13.46,0.05889,0.18557,0.89729,-17.59,-6.35,-9.629,True
ET_04,other,13.47,0.0442,0.23588,0.84357,-20.198,3.395,-10.055,True
ET_04,other,13.48,0.0865,0.28378,0.88284,-14.657,9.593,-7.947,True
ET_04,other,13.49,0.1439,0.33756,0.91909,-6.275,13.656,-2.954,True
ET_04,other,13.5,0.2147,0.30402,0.93573,2.91,12.971,2.365,True
ET_04,other,13.51,0.30189,0.30238,0.9721,13.531,10.082,6.59,True
ET_04,other,13.52,0.33198,0.26672,0.97361,18.129,2.595,9.852,True
ET_04,other,13.530000000000001,0.31897,0.16957,0.9971,19.818,-5.159,10.871,True
ET_04,other,13.540000000000001,0.28556,0.1363,0.95552,12.319,-12.599,6.947,True
ET_04,other,13.55,0.17857,0.13776,0.91947,3.727,-15.466,1.463,True
ET_04,other,13.56,0.1388,0.13385,0.91127,-8.9,-13.64,-5.127,True
ET_04,other,13.57,0.07095,0.14689,0.87876,-17.139,-8.112,-7.978,True
ET_04,other,13.58,0.03295,0.20691,0.86888,-17.861,-0.921,-9.16,True
ET_04,other,13.59,0.04247,0.28324,0.86868,-18.126,7.525,-9.878,True
ET_04,other,13.6,0.10432,0.2947,0.90935,-10.195,11.475,-5.322,True
ET_04,other,13.61,0.1658,0.30721,0.94974,0.309,14.744,-0.264,True
ET_04,other,13.620000000000001,0.24723,0.30211,0.97397,10.864,12.111,5.266,True
ET_04,other,13.63,0.29693,0.27289,0.99518,17.281,7.312,9.493,True
ET_04,other,13.64,0.33862,0.22136,0.98132,18.983,-0.894,10.558,True
ET_04,other,13.65,0.29044,0.15933,0.96843,15.812,-7.861,7.507,True
ET_04,other,13.66,0.24123,0.1125,0.9503,8.22,-13.061,4.486,True
ET_04,other,13.67,0.16703,0.11495,0.9234,-4.423,-13.692,-2.036,True
ET_04,other,13.68,0.08951,0.12239,0.91784,-12.283,-10.985,-7.044,True
ET_04,other,13.69,0.02869,0.19129,0.88217,-18.089,-5.367,-10.087,True
ET_04,other,13.700000000000001,0.03076,0.26739,0.88628,-19.945,3.741,-10.054,True
ET_04,other,13.71,0.08615,0.27359,0.89799,-14.167,10.789,-6.793,True
ET_04,other,13.72,0.16796,0.3217,0.91526,-5.759,15.391,-2.04,True
ET_04,other,13.73,0.22347,0.32829,0.94578,6.719,13.547,2.068,True
ET_04,other,13.74,0.29964,0.27258,0.94052,15.166,10.326,7.719,True
ET_04,other,13.75,0.31344,0.25431,0.9949,19.674,2.701,10.091,True
ET_04,other,13.76,0.31951,0.19099,0.97923,19.352,-5.744,9.667,True
ET_04,other,13.77,0.28332,0.09736,0.94542,10.784,-9.783,6.09,True
ET_04,other,13.780000000000001,0.19291,0.09251,0.93482,1.547,-14.93,0.955,True
ET_04,other,13.790000000000001,0.12276,0.13096,0.90986,-10.239,-12.17,-4.362,True
ET_04,other,13.8,0.06723,0.19151,0.87551,-17.883,-7.565,-9.692,True
ET_04,other,13.81,0.04153,0.22653,0.87807,-20.536,-0.05,-10.237,True
ET_04,other,13.82,0.08291,0.25503,0.88243,-17.033,7.057,-7.837,True
ET_04,other,13.83,0.11476,0.32328,0.92838,-9.022,12.407,-5.876,True
ET_04,other,13.84,0.21068,0.31669,0.97317,1.377,12.93,2.079,True
ET_04,other,13.85,0.27601,0.28981,0.95001,10.776,10.937,5.758,True
ET_04,other,13.86,0.30946,0.27485,0.97534,19.209,4.934,8.514,True
ET_04,other,13.870000000000001,0.33249,0.1903,0.98548,19.022,-1.135,11.186,True
ET_04,other,13.88,0.28934,0.16674,0.95584,14.799,-9.994,7.02,True
ET_04,other,13.89,0.21802,0.11833,0.95246,4.918,-14.455,2.155,True
ET_04,other,13.9,0.14118,0.13502,0.91709,-5.193,-14.244,-1.443,True
ET_04,other,13.91,0.04305,0.13608,0.87153,-15.123,-10.184,-6.486,True
ET_04,other,13.92,0.04436,0.18386,0.90929,-19.232,-3.322,-8.338,True
ET_04,other,13.93,0.02998,0.24754,0.87033,-18.433,3.152,-10.454,True
ET_04,other,13.94,0.10497,0.2796,0.8853,-11.792,10.349,-6.349,True
ET_04,other,13.950000000000001,0.17863,0.31449,0.95037,-3.643,15.471,-2.603,True
ET_04,other,13.96,0.24356,0.32457,0.93181,7.99,12.756,3.493,True
ET_04,other,13.97,0.30993,0.27907,0.98546,15.795,9.276,8.811,True
ET_04,other,13.98,0.30395,0.20825,0.96482,20.668,0.37,8.472,True
ET_04,other,13.99,0.32786,0.16807,0.97812,17.167,-4.615,7.647,True
ET_04,other,14.0,0.24732,0.11493,0.92482,10.863,-11.943,6.062,True
ET_04,other,14.01,0.16156,0.1101,0.91943,-0.27,-15.022,0.25,True
ET_04,other,14.02,0.1169,0.10403,0.87556,-13.276,-12.573,-4.598,True
ET_04,other,14.030000000000001,0.04793,0.169,0.89401,-17.618,-7.965,-9.308,True
ET_04,other,14.040000000000001,0.01084,0.20649,0.87912,-19.033,1.281,-9.927,True
ET_04,other,14.05,0.04406,0.31488,0.89335,-15.331,9.969,-7.742,True
ET_04,other,14.06,0.13109,0.31021,0.92689,-7.237,14.225,-3.677,True
ET_04,other,14.07,0.2147,0.31111,0.92969,2.142,14.355,1.246,True
ET_04,other,14.08,0.26038,0.32077,0.97619,14.373,11.931,5.585,True
ET_04,other,14.09,0.30333,0.22962,0.98428,20.642,4.519,9.409,True
ET_04,other,14.1,0.33712,0.20781,0.98129,19.758,-4.647,9.542,True
ET_04,other,14.11,0.30698,0.13772,0.99151,14.442,-10.046,8.356,True
ET_04,other,14.120000000000001,0.20678,0.11364,0.96758,5.406,-13.357,3.456,True
ET_04,other,14.13,0.14005,0.10704,0.91538,-7.233,-14.914,-2.737,True
ET_04,other,14.14,0.08012,0.16177,0.91636,-15.815,-9.153,-9.426,True
ET_04,other,14.15,0.00933,0.19337,0.86589,-19.108,-3.498,-10.476,True
ET_04,other,14.16,0.01614,0.24389,0.88936,-20.094,5.555,-8.656,True
ET_04,other,14.17,0.04084,0.29485,0.908,-12.089,10.891,-6.907,True
ET_04,other,14.18,0.17757,0.34418,0.91421,-1.834,15.624,-0.775,True
ET_04,other,14.19,0.24815,0.34051,0.95562,9.939,14.272,4.609,True
ET_04,other,14.200000000000001,0.28777,0.28219,0.97898,16.791,7.067,9.038,True
ET_04,other,14.21,0.32256,0.23745,0.98729,21.947,0.125,11.567,True
ET_04,other,14.22,0.31969,0.16833,0.98333,17.882,-7.856,9.647,True
ET_04,other,14.23,0.24481,0.11109,0.95859,10.696,-12.192,4.137,True
ET_04,other,14.24,0.1809,0.09903,0.94901,-0.712,-14.994,-0.862,True
ET_04,other,14.25,0.08483,0.10046,0.88966,-12.348,-12.063,-4.309,True
ET_04,other,14.26,0.0386,0.15774,0.90304,-19.54,-6.239,-10.653,True
ET_04,other,14.27,0.02206,0.23264,0.87508,-20.847,2.467,-10.887,True
ET_04,other,14.280000000000001,0.04068,0.29165,0.88243,-16.785,8.826,-8.204,True
ET_04,other,14.290000000000001,0.13533,0.30713,0.91077,-8.24,15.838,-2.84,True
ET_04,other,14.3,0.2032,0.32202,0.94218,4.117,15.148,2.378,True
ET_04,other,14.31,0.30466,0.28528,0.98358,14.181,11.324,8.468,True
ET_04,other,14.32,0.31422,0.22125,0.9778,20.85,4.188,10.999,True
ET_04,other,14.33,0.32239,0.1888,1.0255,19.701,-4.312,9.957,True
ET_04,other,14.34,0.25192,0.12439,0.9884,14.462,-12.719,7.924,True
ET_04,other,14.35,0.18542,0.10508,0.93894,3.299,-15.074,0.279,True
ET_04,other,14.36,0.10501,0.10171,0.9324,-8.273,-15.283,-4.346,True
ET_04,other,14.370000000000001,0.0412,0.15729,0.87447,-16.664,-9.299,-9.783,True
ET_04,other,14.38,0.00916,0.23025,0.88472,-22.036,-2.107,-11.452,True
ET_04,other,14.39,0.03679,0.2603,0.91126,-20.324,6.752,-9.088,True
ET_04,other,14.4,0.0669,0.31999,0.9049,-10.68,13.168,-6.224,True
ET_04,other,14.41,0.16251,0.31906,0.92802,-0.739,15.937,1.458,True
ET_04,other,14.42,0.24917,0.31006,0.99074,10.665,14.293,5.078,True
ET_04,other,14.43,0.31445,0.2907,1.00484,20.081,6.622,8.809,True
ET_04,other,14.44,0.32271,0.18659,1.01302,22.295,-2.242,10.04,True
ET_04,other,14.450000000000001,0.30259,0.10675,0.98699,19.94,-9.994,9.273,True
ET_04,other,14.46,0.23428,0.11677,0.97339,10.168,-15.883,3.744,True
ET_04,other,14.47,0.15261,0.11679,0.92138,-4.676,-16.332,-1.483,True
ET_04,other,14.48,0.06156,0.09673,0.88105,-13.802,-13.847,-6.094,True
ET_04,other,14.49,0.01476,0.16264,0.89531,-20.364,-5.614,-11.849,True
ET_04,other,14.5,0.01285,0.23381,0.87341,-22.308,4.058,-10.958,True
ET_04,other,14.51,0.08861,0.29436,0.8994,-17.083,12.666,-7.523,True
ET_04,other,14.52,0.08221,0.31559,0.9203,-6.431,15.637,-1.067,True
ET_04,other,14.530000000000001,0.21399,0.3023,0.98018,4.457,16.256,3.996,True
ET_04,other,14.540000000000001,0.27303,0.28274,0.99321,19.384,11.711,8.336,True
ET_04,other,14.55,0.33566,0.2579,1.01123,22.66,3.771,10.943,True
ET_04,other,14.56,0.31085,0.15796,0.99166,21.437,-6.043,10.278,True
ET_04,other,14.57,0.25477,0.1223,0.96632,13.755,-13.719,7.255,True
ET_04,other,14.58,0.15779,0.08117,0.92879,4.075,-15.721,0.058,True
ET_04,other,14.59,0.10429,0.07043,0.91301,-8.798,-15.212,-4.377,True
ET_04,other,14.6,0.02242,0.15996,0.86441,-18.851,-9.79,-10.285,True
ET_04,other,14.61,-0.01309,0.19997,0.86435,-21.744,-0.445,-10.063,True
ET_04,other,14.620000000000001,-0.00393,0.28082,0.87423,-21.098,9.842,-9.36,True
ET_04,other,14.63,0.08212,0.3128,0.92916,-11.826,13.914,-4.847,True
ET_04,other,14.64,0.15564,0.33298,0.97314,1.022,17.609,2.083,True
ET_04,other,14.65,0.26192,0.29665,0.98072,13.433,14.322,7.057,True
ET_04,other,14.66,0.31043,0.2633,0.9923,21.004,9.253,12.564,True
ET_04,other,14.67,0.34147,0.18803,0.99668,24.234,-1.781,12.662,True
ET_04,other,14.68,0.29938,0.12982,0.98893,18.45,-11.314,8.28,True
ET_04,other,14.69,0.22874,0.07831,0.93936,8.514,-15.966,4.305,True
ET_04,other,14.700000000000001,0.11088,0.05471,0.92123,-5.322,-17.168,-2.731,True
ET_04,other,14.71,0.02636,0.12128,0.88612,-15.579,-13.252,-8.202,True
ET_04,other,14.72,0.01183,0.15868,0.85874,-22.671,-4.27,-12.294,True
ET_04,other,14.73,-0.02013,0.24659,0.88145,-24.584,3.836,-11.185,True
ET_04,other,14.74,0.04252,0.31634,0.89225,-15.963,14.73,-8.361,True
ET_04,other,14.75,0.1187,0.33399,0.94232,-4.703,17.45,-2.758,True
ET_04,other,14.76,0.21892,0.34666,0.97874,7.966,15.155,4.508,True
ET_04,other,14.77,0.29848,0.27314,0.97237,19.452,11.405,10.397,True
ET_04,other,14.780000000000001,0.32224,0.21851,1.00548,23.419,1.505,10.082,True
ET_04,other,14.790000000000001,0.30242,0.15466,1.0091,21.426,-7.515,11.144,True
ET_04,other,14.8,0.23297,0.08845,0.96294,14.005,-14.644,7.772,True
ET_04,other,14.81,0.17073,0.05319,0.9845,-0.364,-18.746,0.818,True
ET_04,other,14.82,0.07106,0.11307,0.9136,-13.686,-14.826,-5.68,True
ET_04,other,14.83,-0.00688,0.14779,0.89245,-20.868,-9.169,-10.961,True
ET_04,other,14.84,-0.03084,0.23842,0.86303,-23.874,0.4,-12.708,True
ET_04,other,14.85,-0.00851,0.28522,0.90315,-22.18,9.676,-9.887,True
ET_04,other,14.86,0.08073,0.34721,0.92033,-9.246,17.416,-5.792,True
ET_04,other,14.870000000000001,0.17092,0.33987,0.94666,3.833,18.705,2.788,True
ET_04,other,14.88,0.2856,0.30666,0.98791,16.147,14.364,8.479,True
ET_04,other,14.89,0.34338,0.25371,1.042,24.712,7.457,12.451,True
ET_04,other,14.9,0.33312,0.19278,1.03049,25.159,-3.233,12.939,True
ET_04,other,14.91,0.257,0.10592,0.98659,20.955,-13.374,8.54,True
ET_04,other,14.92,0.2076,0.06198,0.97364,7.699,-18.368,2.968,True
ET_04,other,14.93,0.05651,0.06615,0.9347,-6.205,-17.328,-5.205,True
ET_04,other,14.94,0.00274,0.0931,0.90924,-18.738,-12.882,-9.354,True
ET_04,other,14.950000000000001,-0.06036,0.17225,0.85672,-24.912,-4.272,-12.585,True
ET_04,other,14.96,-0.03858,0.24448,0.88073,-25.019,5.333,-12.547,True
ET_04,other,14.97,0.02418,0.31824,0.91911,-15.849,15.152,-6.743,True
ET_04,other,14.98,0.13574,0.32237,0.9286,-2.029,18.62,-0.641,True
ET_04,other,14.99,0.22585,0.34121,0.96929,9.732,16.496,4.876,True
ET_04,other,15.0,0.32077,0.28481,1.0102,23.03,9.52,10.805,True
ET_04,other,15.01,0.34744,0.20545,1.01609,26.017,1.397,14.192,True
ET_04,other,15.02,0.32268,0.13515,1.01398,22.198,-8.714,10.585,True
ET_04,other,15.030000000000001,0.23296,0.0851,0.9855,12.196,-17.071,7.17,True
ET_04,other,15.040000000000001,0.14934,0.06528,0.95501,-0.888,-19.184,-0.722,True
ET_04,other,15.05,0.04704,0.10326,0.89151,-15.244,-15.976,-5.194,True
ET_04,other,15.06,-0.00986,0.12919,0.87802,-22.937,-7.952,-11.753,True
ET_04,other,15.07,-0.06286,0.22214,0.88408,-26.561,2.361,-13.808,True
ET_04,other,15.08,-0.02377,0.266,0.9131,-21.206,12.19,-11.73,True
ET_04,other,15.09,0.09383,0.32893,0.92848,-10.075,19.508,-7.313,True
ET_04,other,15.1,0.19348,0.36626,0.9386,4.942,18.644,2.299,True
ET_04,other,15.11,0.29222,0.30492,1.00461,17.713,17.165,10.32,True
ET_04,other,15.120000000000001,0.33177,0.20747,1.06438,25.077,4.672,11.394,True
ET_04,other,15.13,0.33907,0.15786,1.02146,26.793,-5.743,13.259,True
ET_04,other,15.14,0.29536,0.08712,1.00631,19.118,-13.988,10.875,True
ET_04,other,15.15,0.19664,0.06101,0.95777,5.641,-19.881,4.63,True
ET_04,other,15.16,0.08434,0.0458,0.91887,-9.485,-19.794,-4.796,True
ET_04,other,15.17,0.01597,0.10756,0.86644,-22.268,-13.768,-11.286,True
ET_04,other,15.18,-0.05054,0.19132,0.89592,-29.648,-1.581,-13.517,True
ET_04,other,15.19,-0.03755,0.24883,0.85934,-26.07,8.734,-13.319,True
ET_04,other,15.200000000000001,0.02056,0.31834,0.89729,-14.865,17.238,-9.218,True
ET_04,other,15.21,0.13043,0.33457,0.94764,-1.613,18.912,-0.078,True
ET_04,other,15.22,0.23166,0.30334,0.99176,14.148,18.282,6.619,True
ET_04,other,15.23,0.33587,0.27096,1.02308,25.207,10.91,12.387,True
ET_04,other,15.24,0.35076,0.19303,1.04758,30.456,-1.12,13.676,True
ET_04,other,15.25,0.31651,0.12747,0.99986,24.481,-8.931,13.134,True
ET_04,other,15.26,0.22446,0.05695,0.95333,10.995,-18.25,6.542,True
ET_04,other,15.27,0.10569,0.05446,0.94198,-3.662,-20.863,-0.443,True
ET_04,other,15.280000000000001,0.02261,0.08469,0.89899,-16.089,-16.404,-8.536,True
ET_04,other,15.290000000000001,-0.07264,0.11135,0.86289,-27.186,-6.924,-13.872,True
ET_04,other,15.3,-0.06706,0.253,0.88092,-29.043,3.81,-14.417,True
ET_04,other,15.31,-0.00959,0.30164,0.91173,-20.404,14.832,-11.184,True
ET_04,other,15.32,0.11206,0.36034,0.92,-8.341,19.68,-4.614,True
ET_04,other,15.33,0.19686,0.37366,0.96549,7.827,19.205,4.609,True
ET_04,other,15.34,0.315,0.3253,1.01726,20.914,14.907,9.512,True
ET_04,other,15.35,0.34055,0.2363,1.01778,29.598,4.812,12.893,True
ET_04,other,15.36,0.33672,0.13593,1.01216,27.465,-7.387,13.897,True
ET_04,other,15.370000000000001,0.2726,0.08801,1.02571,19.508,-16.663,9.239,True
ET_04,other,15.38,0.15498,0.02443,0.98062,4.721,-22.717,1.426,True
ET_04,other,15.39,0.05198,0.06078,0.93316,-12.35,-19.531,-5.492,True
ET_04,other,15.4,-0.02888,0.10509,0.91793,-23.775,-13.132,-10.608,True
ET_04,other,15.41,-0.06621,0.189,0.86008,-30.269,-0.929,-12.924,True
ET_04,other,15.42,-0.06508,0.28209,0.87884,-25.545,9.988,-13.922,True
ET_04,other,15.43,0.03545,0.3206,0.95157,-14.404,17.669,-6.664,True
ET_04,other,15.44,0.13481,0.35273,0.97306,0.584,22.087,0.597,True
ET_04,other,15.450000000000001,0.27964,0.34602,1.0164,15.617,20.062,7.704,True
ET_04,other,15.46,0.34331,0.27458,1.0355,27.162,8.835,12.66,True
ET_04,other,15.47,0.35211,0.18442,1.04908,28.588,-1.008,16.037,True
ET_04,other,15.48,0.29585,0.09499,1.02302,24.474,-13.48,11.833,True
ET_04,other,15.49,0.21562,0.02932,0.98375,11.037,-20.074,5.829,True
ET_04,other,15.5,0.10087,0.02088,0.95766,-4.313,-22.207,-3.052,True
ET_04,other,15.51,-0.04032,0.09799,0.89106,-19.417,-17.286,-10.186,True
ET_04,other,15.52,-0.08693,0.14046,0.88124,-28.733,-7.363,-14.394,True
ET_04,other,15.530000000000001,-0.05832,0.22986,0.85638,-29.945,6.291,-14.821,True
ET_04,other,15.540000000000001,-0.04435,0.31716,0.88872,-20.422,16.205,-12.629,True
ET_04,other,15.55,0.11268,0.32958,0.93136,-7.119,22.33,-2.881,True
ET_04,other,15.56,0.21504,0.32578,0.96073,9.964,20.771,4.946,True
ET_04,other,15.57,0.33179,0.3084,1.02977,23.573,14.688,11.155,True
ET_04,other,15.58,0.36334,0.19102,1.03582,31.51,2.579,14.546,True
ET_04,other,15.59,0.32325,0.11429,1.02027,28.64,-7.082,15.899,True
ET_04,other,15.6,0.24692,0.06763,1.01957,16.224,-17.597,7.143,True
ET_04,other,15.610000000000001,0.14554,0.01167,0.95079,3.099,-23.219,0.883,True
ET_04,other,15.620000000000001,0.04432,0.05059,0.93304,-14.252,-20.29,-7.004,True
ET_04,other,15.63,-0.05668,0.09391,0.88371,-26.714,-10.791,-12.918,True
ET_04,other,15.64,-0.08109,0.18615,0.86281,-31.511,-0.074,-16.955,True
ET_04,other,15.65,-0.05207,0.28403,0.86926,-26.094,12.353,-11.991,True
ET_04,other,15.66,0.03824,0.32133,0.92472,-13.1,22.297,-8.497,True
ET_04,other,15.67,0.17284,0.35058,0.94676,1.651,23.523,2.239,True
ET_04,other,15.68,0.29258,0.31547,1.01717,17.655,19.117,9.475,True
ET_04,other,15.69,0.34021,0.26743,1.04173,29.369,9.447,14.673,True
ET_04,other,15.700000000000001,0.35871,0.18036,1.04545,30.111,-2.813,14.87,True
ET_04,other,15.71,0.29525,0.08841,1.02008,23.972,-15.625,11.176,True
ET_04,other,15.72,0.22316,0.04406,0.98269,9.641,-22.984,3.949,True
ET_04,other,15.73,0.09092,0.03367,0.95334,-7.592,-21.698,-2.972,True
ET_04,other,15.74,-0.02177,0.038,0.89753,-23.213,-16.906,-12.088,True
ET_04,other,15.75,-0.08943,0.17295,0.87866,-31.984,-4.277,-13.604,True
ET_04,other,15.76,-0.10988,0.22171,0.92978,-29.134,8.097,-13.559,True
ET_04,other,15.77,-0.02755,0.33597,0.92234,-21.249,16.401,-10.743,True
ET_04,other,15.780000000000001,0.09493,0.34862,0.93131,-5.103,22.549,-1.776,True
ET_04,other,15.790000000000001,0.19159,0.34992,0.9968,12.612,21.198,8.16,True
ET_04,other,15.8,0.31886,0.2736,1.02633,25.915,13.345,12.168,True
ET_04,other,15.81,0.37177,0.19758,1.0355,32.409,1.601,16.319,True
ET_04,other,15.82,0.331,0.13799,1.03407,27.807,-11.002,14.489,True
ET_04,other,15.83,0.25743,0.04475,1.00899,16.531,-21.851,7.918,True
ET_04,other,15.84,0.14675,0.02622,0.97111,0.147,-24.147,-1.088,True
ET_04,other,15.85,0.03119,0.04342,0.91482,-16.556,-20.167,-7.27,True
ET_04,other,15.860000000000001,-0.07848,0.10842,0.89125,-28.99,-10.178,-14.433,True
ET_04,other,15.870000000000001,-0.12626,0.19961,0.87126,-33.865,0.176,-15.921,True
ET_04,other,15.88,-0.06806,0.28429,0.89288,-25.801,15.05,-12.012,True
ET_04,other,15.89,0.01435,0.33733,0.93601,-10.477,21.356,-6.33,True
ET_04,other,15.9,0.16531,0.33905,0.96118,3.947,22.132,2.745,True
ET_04,other,15.91,0.27135,0.30147,1.02734,19.364,18.271,10.093,True
ET_04,other,15.92,0.35638,0.21136,1.05593,30.583,8.122,15.344,True
ET_04,other,15.93,0.37699,0.12568,1.03034,31.492,-4.568,16.45,True
ET_04,other,15.94,0.29901,0.04689,1.01797,22.533,-18.121,11.316,True
ET_04,other,15.950000000000001,0.18135,0.02412,0.99372,7.969,-22.591,2.778,True
ET_04,other,15.96,0.05609,0.00557,0.92925,-10.329,-21.698,-4.055,True
ET_04,other,15.97,-0.02048,0.07806,0.88506,-26.818,-16.285,-12.222,True
ET_04,other,15.98,-0.1059,0.17088,0.86861,-31.488,-4.045,-15.293,True
ET_04,other,15.99,-0.10439,0.25627,0.8899,-30.984,9.549,-14.957,True
ET_04,other,16.0,-0.02167,0.33114,0.92488,-21.088,18.548,-9.565,True
ET_04,other,16.01,0.07663,0.37603,0.97076,-2.913,22.484,-0.468,True
ET_04,other,16.02,0.24193,0.35402,1.00669,14.481,20.224,8.251,True
ET_04,other,16.03,0.32061,0.28577,1.02892,28.552,13.267,13.916,True
ET_04,other,16.04,0.37914,0.20845,1.0349,33.318,0.604,15.084,True
ET_04,other,16.05,0.32653,0.11741,1.03963,27.088,-12.745,12.803,True
ET_04,other,16.06,0.21581,0.00443,0.98759,15.532,-21.509,8.744,True
ET_04,other,16.07,0.09459,0.0078,0.94787,-2.721,-24.573,-1.713,True
ET_04,other,16.080000000000002,-0.02493,0.06799,0.90107,-18.179,-20.279,-10.463,True
ET_04,other,16.09,-0.12698,0.14629,0.89885,-30.229,-8.192,-16.762,True
ET_04,other,16.1,-0.12727,0.19022,0.85794,-32.069,3.504,-18.709,True
ET_04,other,16.11,-0.06256,0.31048,0.9164,-24.753,14.653,-13.149,True
ET_04,other,16.12,0.06581,0.33958,0.93452,-9.932,21.935,-4.929,True
ET_04,other,16.13,0.16145,0.34693,0.99519,9.013,23.34,3.573,True
ET_04,other,16.14,0.30551,0.31742,1.0063,22.709,18.826,9.573,True
ET_04,other,16.15,0.33508,0.22391,1.03608,33.262,7.072,14.771,True
ET_04,other,16.16,0.35423,0.11901,1.04292,31.527,-6.753,15.773,True
ET_04,other,16.17,0.29282,0.08215,1.03009,22.736,-18.789,10.217,True
ET_04,other,16.18,0.16971,0.03611,0.99219,5.314,-22.996,3.722,True
ET_04,other,16.19,0.03761,0.0085,0.91504,-13.367,-22.723,-6.039,True
ET_04,other,16.2,-0.09618,0.0815,0.89845,-26.797,-14.145,-13.451,True
ET_04,other,16.21,-0.11352,0.16677,0.8642,-33.444,-2.033,-17.914,True
ET_04,other,16.22,-0.0785,0.27492,0.87089,-31.03,10.831,-16.315,True
ET_04,other,16.23,-0.01111,0.31874,0.93092,-16.206,20.164,-9.56,True
ET_04,other,16.240000000000002,0.10376,0.35449,0.94625,-1.3,24.384,-0.733,True
ET_04,other,16.25,0.25982,0.33419,1.00834,16.884,19.842,7.734,True
ET_04,other,16.26,0.32427,0.28667,1.05345,28.913,9.898,13.83,True
ET_04,other,16.27,0.35907,0.15702,1.04304,31.773,-0.135,16.427,True
ET_04,other,16.28,0.31679,0.09563,1.03534,29.064,-14.839,13.99,True
ET_04,other,16.29,0.19403,0.02055,0.98994,13.223,-22.882,6.622,True
ET_04,other,16.3,0.0909,0.01959,0.95294,-4.76,-23.028,-1.887,True
ET_04,other,16.31,-0.04217,0.0261,0.89481,-21.837,-18.194,-11.579,True
ET_04,other,16.32,-0.1191,0.11403,0.90495,-31.501,-7.767,-15.144,True
ET_04,other,16.330000000000002,-0.13091,0.21286,0.86679,-33.724,5.23,-16.085,True
ET_04,other,16.34,-0.07921,0.3262,0.92554,-23.364,17.661,-13.692,True
ET_04,other,16.35,0.03704,0.36931,0.96313,-9.3,23.842,-3.801,True
ET_04,other,16.36,0.15999,0.3416,0.97394,8.113,22.312,3.923,True
ET_04,other,16.37,0.29214,0.29021,1.0523,24.991,16.43,11.393,True
ET_04,other,16.38,0.33968,0.20844,1.05516,32.834,4.246,15.482,True
ET_04,other,16.39,0.34619,0.10797,1.07239,30.044,-7.825,14.614,True
ET_04,other,16.4,0.2848,0.01048,1.02953,18.928,-19.152,9.327,True
ET_04,other,16.41,0.13062,0.04895,0.97659,3.934,-23.742,1.758,True
ET_04,other,16.42,0.00142,0.01695,0.92979,-13.309,-22.488,-7.269,True
ET_04,other,16.43,-0.04631,0.07775,0.90183,-27.981,-13.809,-13.675,True
ET_04,other,16.44,-0.14685,0.19819,0.88951,-34.015,-0.478,-17.709,True
ET_04,other,16.45,-0.08574,0.24955,0.87976,-28.473,12.592,-14.553,True
ET_04,other,16.46,0.00415,0.32404,0.95196,-17.021,20.329,-8.545,True
ET_04,other,16.47,0.12722,0.3553,0.97549,2.334,24.19,0.747,True
ET_04,other,16.48,0.25228,0.33813,0.99835,18.626,19.547,8.571,True
ET_04,other,16.490000000000002,0.33058,0.25677,1.03086,29.719,10.539,15.288,True
ET_04,other,16.5,0.3507,0.12203,1.05468,32.846,-3.618,18.537,True
ET_04,other,16.51,0.30107,0.06514,1.03983,25.471,-14.88,12.277,True
ET_04,other,16.52,0.20495,0.02305,1.01273,11.098,-22.189,5.903,True
ET_04,other,16.53,0.04826,0.02333,0.95976,-7.847,-23.119,-3.36,True
ET_04,other,16.54,-0.08226,0.08139,0.9237,-21.306,-18.712,-11.657,True
ET_04,other,16.55,-0.11423,0.13869,0.9149,-32.354,-5.809,-15.542,True
ET_04,other,16.56,-0.13063,0.22816,0.8987,-30.961,6.818,-16.222,True
ET_04,other,16.57,-0.03149,0.30287,0.91619,-22.413,17.553,-11.585,True
ET_04,other,16.580000000000002,0.09096,0.37489,0.96892,-5.593,23.325,-2.427,True
ET_04,other,16.59,0.18279,0.3507,0.99681,12.001,22.083,6.465,True
ET_04,other,16.6,0.30034,0.27396,1.03173,25.33,15.23,12.711,True
ET_04,other,16.61,0.34787,0.1683,1.05444,32.31,3.091,16.021,True
ET_04,other,16.62,0.31134,0.10216,1.05199,29.924,-11.661,13.709,True
ET_04,other,16.63,0.23149,0.013,1.00649,17.857,-20.781,9.856,True
ET_04,other,16.64,0.09574,0.00473,0.98865,1.308,-22.909,0.758,True
ET_04,other,16.65,0.00116,0.03954,0.93137,-15.239,-21.221,-7.139,True
ET_04,other,16.66,-0.09851,0.09799,0.90341,-27.936,-9.613,-14.148,True
ET_04,other,16.67,-0.13476,0.19275,0.90992,-32.523,2.116,-16.245,True
ET_04,other,16.68,-0.08761,0.24724,0.89848,-27.104,13.223,-14.806,True
ET_04,other,16.69,0.01249,0.32438,0.94509,-13.661,21.152,-6.682,True
ET_04,other,16.7,0.15674,0.34114,0.99202,2.838,22.572,1.992,True
ET_04,other,16.71,0.25599,0.3216,0.99911,19.179,17.308,10.081,True
ET_04,other,16.72,0.30272,0.20766,1.06145,30.596,8.915,14.444,True
ET_04,other,16.73,0.34074,0.1341,1.06714,31.544,-3.064,16.853,True
ET_04,other,16.740000000000002,0.29,0.0754,1.01988,24.638,-17.089,11.746,True
ET_04,other,16.75,0.1578,0.01023,0.99856,8.755,-21.71,4.631,True
ET_04,other,16.76,0.03238,0.01329,0.95768,-8.07,-22.893,-4.454,True
ET_04,other,16.77,-0.05841,0.08096,0.92462,-23.356,-15.006,-13.34,True
ET_04,other,16.78,-0.13119,0.15502,0.86643,-31.19,-4.664,-14.383,True
ET_04,other,16.79,-0.11144,0.2667,0.90427,-29.334,8.019,-14.578,True
ET_04,other,16.8,-0.02482,0.30202,0.91585,-20.117,19.267,-10.588,True
ET_04,other,16.81,0.06188,0.3749,0.96074,-4.121,23.586,-3.244,True
ET_04,other,16.82,0.21403,0.34285,1.01391,12.503,22.122,6.934,True
ET_04,other,16.830000000000002,0.30769,0.26939,1.06116,26.458,12.232,11.976,True
ET_04,other,16.84,0.37353,0.19346,1.05671,32.128,0.079,15.223,True
ET_04,other,16.85,0.27421,0.09276,1.05544,27.413,-11.147,12.922,True
ET_04,other,16.86,0.22084,0.06045,0.99445,15.714,-18.808,6.958,True
ET_04,other,16.87,0.09544,0.02754,0.96523,-0.934,-22.822,-0.122,True
ET_04,other,16.88,-0.02282,0.04961,0.93867,-17.359,-19.278,-8.791,True
ET_04,other,16.89,-0.09142,0.11075,0.88801,-28.242,-8.714,-12.39,True
ET_04,other,16.9,-0.09659,0.19629,0.88287,-31.938,3.016,-14.291,True
ET_04,other,16.91,-0.08449,0.29404,0.92041,-23.929,12.93,-13.489,True
ET_04,other,16.92,0.01802,0.3272,0.9543,-10.271,20.879,-4.952,True
ET_04,other,16.93,0.13889,0.31963,0.98671,5.945,22.161,3.344,True
ET_04,other,16.94,0.2484,0.27889,1.04249,22.246,16.137,10.098,True
ET_04,other,16.95,0.33777,0.22027,1.04984,29.109,6.097,15.195,True
ET_04,other,16.96,0.32238,0.14024,1.05471,29.93,-6.749,15.144,True
ET_04,other,16.97,0.27293,0.05361,1.04106,20.526,-16.176,10.163,True
ET_04,other,16.98,0.14566,0.00016,0.99081,6.433,-20.835,3.701,True
ET_04,other,16.990000000000002,0.04065,0.04087,0.93627,-10.592,-19.553,-5.598,True
ET_04,other,17.0,-0.05734,0.0687,0.9123,-23.965,-15.343,-11.085,True
ET_04,other,17.01,-0.12423,0.16801,0.88642,-29.251,-1.734,-13.077,True
ET_04,other,17.02,-0.10883,0.23671,0.89739,-29.07,8.168,-12.504,True
ET_04,other,17.03,-0.01078,0.31497,0.93351,-15.629,19.55,-7.465,True
ET_04,other,17.04,0.10724,0.30075,0.93089,-0.659,21.705,-1.484,True
ET_04,other,17.05,0.21948,0.27994,1.02761,15.181,19.607,8.276,True
ET_04,other,17.06,0.29099,0.26764,1.0386,24.812,10.863,12.941,True
ET_04,other,17.07,0.2897,0.12434,1.06232,30.668,-2.435,15.811,True
ET_04,other,17.080000000000002,0.28809,0.08331,1.04301,24.543,-11.739,11.72,True
ET_04,other,17.09,0.1833,0.02129,0.97627,12.661,-19.891,5.262,True
ET_04,other,17.1,0.08821,-0.00183,0.93745,-4.613,-21.835,-1.097,True
ET_04,other,17.11,-0.02814,0.07456,0.91009,-17.443,-17.283,-9.759,True
ET_04,other,17.12,-0.09657,0.12034,0.90478,-26.086,-9.266,-13.906,True
ET_04,other,17.13,-0.11192,0.18159,0.89189,-30.095,3.312,-15.703,True
ET_04,other,17.14,-0.06912,0.30149,0.88759,-21.93,14.021,-9.315,True
ET_04,other,17.150000000000002,0.0734,0.32936,0.95936,-7.966,20.484,-3.776,True
ET_04,other,17.16,0.1549,0.33467,0.99459,6.783,21.201,3.668,True
ET_04,other,17.17,0.2296,0.29001,1.02909,20.646,15.71,10.265,True
ET_04,other,17.18,0.30801,0.21278,1.03681,27.71,4.898,14.918,True
ET_04,other,17.19,0.28768,0.10008,1.04036,27.865,-9.127,14.855,True
ET_04,other,17.2,0.22135,0.0643,1.01432,17.016,-16.509,10.578,True
ET_04,other,17.21,0.12105,0.02772,1.00187,2.654,-21.277,2.792,True
ET_04,other,17.22,0.02358,0.03563,0.94369,-11.906,-18.219,-5.941,True
ET_04,other,17.23,-0.0762,0.08594,0.89999,-23.504,-13.246,-11.83,True
ET_04,other,17.240000000000002,-0.11146,0.18603,0.8916,-27.271,-2.335,-15.428,True
ET_04,other,17.25,-0.03618,0.26235,0.92006,-26.049,9.274,-12.859,True
ET_04,other,17.26,-0.02226,0.31684,0.94869,-14.293,16.163,-7.78,True
ET_04,other,17.27,0.08565,0.32039,0.97805,0.635,19.717,-0.079,True
ET_04,other,17.28,0.22839,0.30742,1.03312,15.299,16.622,6.098,True
ET_04,other,17.29,0.27953,0.2438,1.03114,24.293,9.259,12.279,True
ET_04,other,17.3,0.28582,0.15697,1.05582,27.981,-2.932,13.533,True
ET_04,other,17.31,0.28443,0.09674,1.04188,21.523,-11.175,11.82,True
ET_04,other,17.32,0.16138,0.0254,1.03226,9.723,-18.855,4.349,True
ET_04,other,17.330000000000002,0.05708,0.02296,0.96979,-4.178,-19.515,-3.086,True
ET_04,other,17.34,-0.02036,0.0791,0.90607,-19.771,-15.718,-10.29,True
ET_04,other,17.35,-0.07685,0.13799,0.90481,-26.724,-7.034,-12.682,True
ET_04,other,17.36,-0.06376,0.20527,0.91074,-25.857,3.974,-13.466,True
ET_04,other,17.37,-0.04777,0.27042,0.91019,-20.997,15.451,-11.365,True
ET_04,other,17.38,0.05417,0.31152,0.95497,-5.117,19.571,-1.0,True
ET_04,other,17.39,0.1753,0.31194,1.0094,9.755,18.152,3.375,True
ET_04,other,17.400000000000002,0.2721,0.29409,1.05194,20.329,13.213,11.909,True
ET_04,other,17.41,0.29539,0.17181,1.0261,27.148,0.936,13.029,True
ET_04,other,17.42,0.25618,0.09044,1.01567,24.173,-7.468,12.259,True
ET_04,other,17.43,0.18975,0.05906,0.99454,15.098,-17.242,7.19,True
ET_04,other,17.44,0.11784,0.04993,1.00636,0.89,-19.459,1.085,True
ET_04,other,17.45,0.01234,0.04997,0.95059,-13.076,-17.46,-7.047,True
ET_04,other,17.46,-0.08564,0.10985,0.90036,-23.534,-10.289,-11.63,True
ET_04,other,17.47,-0.09796,0.15652,0.88229,-26.266,0.298,-13.209,True
ET_04,other,17.48,-0.07567,0.25528,0.91811,-22.256,9.681,-10.1,True
ET_04,other,17.490000000000002,0.01942,0.28393,0.94807,-11.199,18.175,-5.038,True
ET_04,other,17.5,0.11446,0.30186,0.96741,3.307,19.526,0.332,True
ET_04,other,17.51,0.22061,0.30331,1.03048,16.855,16.237,7.831,True
ET_04,other,17.52,0.28224,0.23791,1.04169,25.846,7.643,11.924,True
ET_04,other,17.53,0.27901,0.17938,1.01428,26.058,-2.672,12.904,True
ET_04,other,17.54,0.26258,0.08061,1.05276,19.762,-12.512,8.672,True
ET_04,other,17.55,0.1314,0.05536,1.00001,8.906,-17.225,4.416,True
ET_04,other,17.56,0.09449,0.04788,0.98118,-4.776,-18.716,-3.703,True
ET_04,other,17.57,-0.01872,0.05609,0.92396,-18.554,-13.579,-10.646,True
ET_04,other,17.580000000000002,-0.08885,0.14574,0.93665,-23.727,-4.752,-13.825,True
ET_04,other,17.59,-0.06574,0.22261,0.89657,-22.921,6.72,-12.079,True
ET_04,other,17.6,-0.0308,0.27601,0.92417,-15.487,14.825,-8.61,True
ET_04,other,17.61,0.09322,0.32131,0.98828,-3.217,18.249,-1.955,True
ET_04,other,17.62,0.18352,0.29049,1.0055,10.275,16.714,6.31,True
ET_04,other,17.63,0.24249,0.26155,1.03901,19.032,11.424,10.741,True
ET_04,other,17.64,0.30201,0.17071,1.05301,24.427,0.367,11.587,True
ET_04,other,17.650000000000002,0.27682,0.1305,1.05348,23.229,-7.661,10.901,True
ET_04,other,17.66,0.20388,0.05231,1.01563,13.576,-16.312,9.098,True
ET_04,other,17.67,0.07478,0.06176,0.97029,-0.953,-18.263,-0.531,True
ET_04,other,17.68,0.00814,0.07242,0.94098,-13.737,-16.204,-7.197,True
ET_04,other,17.69,-0.07306,0.1197,0.90648,-23.546,-9.168,-11.028,True
ET_04,other,17.7,-0.08087,0.19769,0.91101,-24.734,1.667,-12.08,True
ET_04,other,17.71,-0.0696,0.26279,0.90916,-20.105,10.039,-10.128,True
ET_04,other,17.72,0.0255,0.3152,0.94922,-9.441,17.416,-4.201,True
ET_04,other,17.73,0.14894,0.30333,0.98551,4.645,17.18,1.991,True
ET_04,other,17.740000000000002,0.258,0.26687,1.03827,15.209,13.282,7.822,True
ET_04,other,17.75,0.25438,0.24784,1.01878,21.725,3.9,10.768,True
ET_04,other,17.76,0.2712,0.14875,1.03764,22.687,-5.257,11.078,True
ET_04,other,17.77,0.23047,0.11309,1.02359,17.731,-12.21,7.578,True
ET_04,other,17.78,0.1366,0.04699,0.98264,6.134,-17.642,3.836,True
ET_04,other,17.79,0.05048,0.07404,0.97718,-6.69,-14.977,-4.132,True
ET_04,other,17.8,-0.01812,0.11642,0.94136,-18.33,-12.362,-9.596,True
ET_04,other,17.81,-0.06374,0.1455,0.90919,-23.035,-2.847,-11.413,True
ET_04,other,17.82,-0.05525,0.22447,0.9318,-21.22,5.841,-10.245,True
ET_04,other,17.830000000000002,0.00565,0.26634,0.9436,-13.4,14.171,-7.147,True
ET_04,other,17.84,0.08817,0.29453,0.94519,-1.87,17.484,-1.972,True
ET_04,other,17.85,0.17022,0.29214,1.00769,11.574,16.673,4.872,True
ET_04,other,17.86,0.23164,0.23431,1.03766,20.295,8.723,9.077,True
ET_04,other,17.87,0.28066,0.1691,1.04887,24.027,-0.432,10.11,True
ET_04,other,17.88,0.24883,0.11244,1.0249,18.86,-9.319,10.276,True
ET_04,other,17.89,0.17111,0.05071,0.9972,11.17,-15.273,4.463,True
ET_04,other,17.900000000000002,0.08044,0.06177,0.94826,-1.503,-17.129,-2.519,True
ET_04,other,17.91,0.00421,0.07344,0.94607,-13.684,-13.767,-7.572,True
ET_04,other,17.92,-0.05283,0.13777,0.86306,-21.302,-6.025,-9.732,True
ET_04,other,17.93,-0.05756,0.18361,0.90478,-22.889,2.387,-11.572,True
ET_04,other,17.94,-0.0078,0.2404,0.92485,-16.954,10.942,-7.502,True
ET_04,other,17.95,0.03081,0.28373,0.96514,-7.249,16.403,-3.169,True
ET_04,other,17.96,0.16217,0.3127,1.02011,5.782,16.684,2.024,True
ET_04,other,17.97,0.21827,0.26298,1.02092,17.22,11.463,8.154,True
ET_04,other,17.98,0.26842,0.20328,1.0372,22.163,5.767,11.458,True
ET_04,other,17.990000000000002,0.26412,0.14384,1.04841,21.28,-5.492,10.048,True
ET_04,other,18.0,0.23714,0.08137,1.01529,13.603,-12.8,7.359,True
ET_04,other,18.01,0.1171,0.05954,0.98716,4.095,-15.891,1.395,True
ET_04,other,18.02,0.02305,0.07744,0.93218,-8.429,-16.06,-3.927,True
ET_04,other,18.03,-0.06636,0.09219,0.94172,-18.005,-8.554,-8.262,True
ET_04,other,18.04,-0.05737,0.15302,0.91951,-21.419,-2.248,-10.472,True
ET_04,other,18.05,-0.03984,0.23005,0.94871,-19.123,7.272,-8.372,True
ET_04,other,18.06,0.0315,0.26573,0.95992,-12.204,13.224,-4.461,True
ET_04,other,18.07,0.10744,0.30018,0.97203,1.028,15.788,-1.571,True
ET_04,other,18.080000000000002,0.17738,0.28274,1.00909,11.211,14.662,4.844,True
ET_04,other,18.09,0.26166,0.25631,1.03953,18.507,6.532,10.168,True
ET_04,other,18.1,0.27314,0.15559,1.0262,22.563,-1.102,10.35,True
ET_04,other,18.11,0.20728,0.11147,1.01434,18.382,-8.2,9.425,True
ET_04,other,18.12,0.17633,0.08819,0.99007,8.285,-14.188,3.685,True
ET_04,other,18.13,0.09097,0.07834,1.00057,-1.742,-16.889,-3.015,True
ET_04,other,18.14,0.00699,0.08616,0.96932,-12.891,-12.562,-6.421,True
ET_04,other,18.150000000000002,-0.06786,0.15888,0.91307,-20.777,-3.777,-10.797,True
ET_04,other,18.16,-0.05583,0.21555,0.89957,-21.095,3.013,-11.037,True
ET_04,other,18.17,-0.00549,0.25497,0.9432,-16.465,11.508,-8.705,True
ET_04,other,18.18,0.05124,0.24682,0.94693,-5.833,16.688,-2.952,True
ET_04,other,18.19,0.10115,0.26256,0.98459,7.183,16.076,3.778,True
ET_04,other,18.2,0.21172,0.23115,1.02408,17.055,9.965,8.059,True
ET_04,other,18.21,0.24371,0.20498,1.0171,22.692,3.213,9.704,True
ET_04,other,18.22,0.25232,0.13996,1.02768,19.338,-5.696,10.559,True
ET_04,other,18.23,0.19768,0.08875,1.00137,11.789,-11.934,6.265,True
ET_04,other,18.240000000000002,0.1341,0.05207,0.99363,1.767,-15.911,1.882,True
ET_04,other,18.25,0.02934,0.06771,0.96541,-8.838,-13.767,-4.988,True
ET_04,other,18.26,-0.01097,0.10054,0.92832,-17.93,-8.002,-9.418,True
ET_04,other,18.27,-0.052,0.18168,0.94597,-20.334,-0.547,-9.686,True
ET_04,other,18.28,-0.00349,0.23601,0.92899,-18.922,7.675,-7.087,True
ET_04,other,18.29,0.03255,0.26247,0.95483,-8.874,12.987,-4.992,True
ET_04,other,18.3,0.09121,0.28568,0.97226,0.177,15.378,0.841,True
ET_04,other,18.31,0.20818,0.27941,1.01231,10.901,11.621,5.962,True
ET_04,other,18.32,0.27507,0.22654,1.04007,17.929,5.502,9.733,True
ET_04,other,18.330000000000002,0.2667,0.14784,1.03186,19.349,-1.439,11.595,True
ET_04,other,18.34,0.20971,0.11237,1.01728,15.958,-9.853,7.921,True
ET_04,other,18.35,0.14118,0.08439,1.00735,7.21,-13.451,2.255,True
ET_04,other,18.36,0.07977,0.07644,0.95998,-4.958,-16.167,-2.94,True
ET_04,other,18.37,-0.01726,0.08898,0.9344,-13.274,-10.745,-7.798,True
ET_04,other,18.38,-0.03695,0.14639,0.91863,-20.609,-3.403,-11.592,True
ET_04,other,18.39,-0.05543,0.19254,0.91947,-19.739,4.632,-10.229,True
ET_04,other,18.400000000000002,0.0132,0.2609,0.93722,-11.654,10.19,-7.553,True
ET_04,other,18.41,0.0469,0.28643,0.96421,-4.932,15.669,-3.395,True
ET_04,other,18.42,0.14829,0.30293,0.98278,7.984,13.049,3.063,True
ET_04,other,18.43,0.21505,0.24587,0.99663,15.085,8.335,8.804,True
ET_04,other,18.44,0.23833,0.19378,1.00597,20.963,1.829,9.222,True
ET_04,other,18.45,0.23506,0.12593,1.0194,17.898,-6.011,9.33,True
ET_04,other,18.46,0.20526,0.0975,0.99257,10.206,-12.624,5.133,True
ET_04,other,18.47,0.11843,0.06139,0.98855,2.11,-14.786,1.477,True
ET_04,other,18.48,0.04689,0.07266,0.93725,-9.481,-12.92,-5.452,True
ET_04,other,18.490000000000002,-0.00177,0.13828,0.93196,-20.102,-6.762,-8.538,True
ET_04,other,18.5,-0.0405,0.18322,0.90277,-20.253,1.547,-11.371,True
ET_04,other,18.51,-0.02799,0.25642,0.93374,-16.444,8.219,-8.342,True
ET_04,other,18.52,0.05631,0.30673,0.9784,-7.608,14.412,-4.436,True
ET_04,other,18.53,0.14442,0.2603,1.00241,3.469,14.179,3.335,True
ET_04,other,18.54,0.19621,0.29044,0.98233,11.498,11.466,6.628,True
ET_04,other,18.55,0.26671,0.21199,1.04284,18.997,5.499,10.512,True
ET_04,other,18.56,0.27001,0.14564,1.0341,19.598,-4.735,10.23,True
ET_04,other,18.57,0.21494,0.12545,1.01755,15.002,-10.152,7.082,True
ET_04,other,18.580000000000002,0.15534,0.07952,1.01966,5.873,-12.529,2.822,True
ET_04,other,18.59,0.0506,0.08547,0.92724,-5.518,-13.791,-3.129,True
ET_04,other,18.6,0.00528,0.12301,0.93697,-13.638,-9.123,-6.817,True
ET_04,other,18.61,-0.01092,0.17622,0.9146,-19.048,-3.203,-9.558,True
ET_04,other,18.62,-0.00152,0.206,0.90492,-19.133,4.278,-9.66,True
ET_04,other,18.63,0.01073,0.26028,0.94054,-12.396,10.622,-5.873,True
ET_04,other,18.64,0.09601,0.28549,0.97765,-3.146,13.623,-0.245,True
ET_04,other,18.650000000000002,0.18839,0.27156,0.98007,7.56,12.525,5.047,True
ET_04,other,18.66,0.22958,0.24596,0.99899,14.653,7.796,7.606,True
ET_04,other,18.67,0.24704,0.18182,1.03153,19.536,0.68,11.273,True
ET_04,other,18.68,0.25027,0.12736,1.00784,17.483,-6.724,8.822,True
ET_04,other,18.69,0.16852,0.10984,0.98256,10.197,-12.28,4.16,True
ET_04,other,18.7,0.08236,0.08379,0.96286,-2.218,-15.248,-2.311,True
ET_04,other,18.71,0.02749,0.0765,0.93983,-11.914,-12.095,-6.626,True
ET_04,other,18.72,-0.02587,0.13146,0.92446,-18.273,-5.753,-9.492,True
ET_04,other,18.73,-0.02278,0.20866,0.92388,-19.188,1.496,-10.744,True
ET_04,other,18.740000000000002,0.00686,0.24366,0.92243,-15.143,9.16,-7.146,True
ET_04,other,18.75,0.08336,0.28815,0.95608,-5.334,14.929,-4.799,True
ET_04,other,18.76,0.14747,0.28474,0.97805,4.132,13.66,1.546,True
ET_04,other,18.77,0.20184,0.2785,1.00443,12.994,9.87,7.047,True
ET_04,other,18.78,0.225,0.21668,1.005,17.94,4.157,9.749,True
ET_04,other,18.79,0.26337,0.15281,1.02683,19.027,-3.051,8.297,True
ET_04,other,18.8,0.2218,0.11279,1.00474,13.451,-10.24,6.141,True
ET_04,other,18.81,0.144,0.06268,0.99611,3.157,-13.705,2.461,True
ET_04,other,18.82,0.0547,0.10583,0.94701,-6.015,-13.947,-3.319,True
ET_04,other,18.830000000000002,0.01202,0.12768,0.94236,-15.591,-9.025,-8.101,True
ET_04,other,18.84,-0.03112,0.1994,0.91658,-19.132,-0.141,-10.675,True
ET_04,other,18.85,-0.01903,0.21803,0.91464,-17.043,4.756,-8.547,True
ET_04,other,18.86,0.03199,0.25607,0.91414,-11.782,12.017,-5.049,True
ET_04,other,18.87,0.12577,0.2812,0.95903,-0.352,15.216,0.183,True
ET_04,other,18.88,0.22269,0.28872,0.97959,10.392,11.703,3.785,True
ET_04,other,18.89,0.23808,0.23598,1.01613,18.332,7.778,10.056,True
ET_04,other,18.900000000000002,0.27436,0.16507,1.02581,21.078,-0.471,10.991,True
ET_04,other,18.91,0.23686,0.10876,0.99404,16.93,-6.443,9.046,True
ET_04,other,18.92,0.16999,0.0846,0.99769,7.887,-13.495,4.144,True
ET_04,other,18.93,0.11264,0.07856,0.96989,-3.516,-13.908,-2.204,True
ET_04,other,18.94,0.03537,0.08426,0.94037,-12.925,-11.462,-6.862,True
ET_04,other,18.95,0.00741,0.15081,0.94182,-18.251,-5.252,-9.459,True
ET_04,other,18.96,-0.03111,0.18759,0.93668,-19.933,2.599,-10.225,True
ET_04,other,18.97,0.01086,0.27721,0.93348,-15.3,10.836,-6.773,True
ET_04,other,18.98,0.07726,0.30362,0.94358,-4.341,13.756,-4.243,True
ET_04,other,18.990000000000002,0.17669,0.27265,0.98469,4.728,14.033,3.596,True
ET_04,other,19.0,0.21985,0.26526,0.97929,14.769,9.679,7.567,True
ET_04,other,19.01,0.25682,0.19939,1.03384,18.762,3.731,8.829,True
ET_04,other,19.02,0.26131,0.16389,1.00924,19.332,-5.832,10.034,True
ET_04,other,19.03,0.19688,0.07835,0.97011,12.307,-11.601,7.274,True
ET_04,other,19.04,0.15257,0.07971,0.96962,3.677,-15.493,2.017,True
ET_04,other,19.05,0.03459,0.06618,0.93543,-8.354,-13.738,-4.902,True
ET_04,other,19.06,0.01413,0.1099,0.91855,-16.537,-9.107,-7.882,True
ET_04,other,19.07,-0.02709,0.17672,0.90521,-19.525,0.306,-10.43,True
ET_04,other,19.080000000000002,0.00822,0.20943,0.94917,-18.498,5.989,-9.544,True
ET_04,other,19.09,0.04552,0.27767,0.93333,-8.633,11.805,-5.69,True
ET_04,other,19.1,0.13827,0.30689,0.97818,0.753,14.993,-0.515,True
ET_04,other,19.11,0.17642,0.27895,0.99717,9.69,12.785,5.607,True
ET_04,other,19.12,0.28587,0.23504,1.00388,18.166,5.886,8.658,True
ET_04,other,19.13,0.26536,0.18973,1.02995,20.025,-1.759,11.416,True
ET_04,other,19.14,0.22431,0.11388,1.04392,15.202,-9.585,8.089,True
ET_04,other,19.150000000000002,0.18837,0.0932,0.98082,6.482,-14.46,3.41,True
ET_04,other,19.16,0.08921,0.07208,0.94915,-3.079,-13.452,-1.948,True
ET_04,other,19.17,0.00536,0.08216,0.9136,-14.557,-11.763,-5.442,True
ET_04,other,19.18,0.001,0.1697,0.91737,-20.4,-4.363,-9.681,True
ET_04,other,19.19,-0.00379,0.21864,0.91858,-20.606,4.223,-9.073,True
ET_04,other,19.2,0.04059,0.26749,0.94481,-14.936,10.788,-6.308,True
ET_04,other,19.21,0.11481,0.27543,0.93844,-4.584,15.643,-3.691,True
ET_04,other,19.22,0.18893,0.3117,0.98619,9.021,13.601,3.651,True
ET_04,other,19.23,0.24693,0.27457,1.02483,17.039,10.201,7.393,True
ET_04,other,19.240000000000002,0.28117,0.2089,1.01471,20.244,2.025,10.925,True
ET_04,other,19.25,0.25685,0.14401,1.0283,17.864,-7.278,10.499,True
ET_04,other,19.26,0.18691,0.12137,1.0044,11.004,-12.217,4.61,True
ET_04,other,19.27,0.14475,0.05642,0.94172,-0.174,-14.115,0.602,True
ET_04,other,19.28,0.07065,0.11511,0.94063,-8.628,-12.76,-5.442,True
ET_04,other,19.29,-0.03243,0.11992,0.90226,-18.266,-8.096,-8.614,True
ET_04,other,19.3,-0.048,0.2016,0.89677,-21.127,0.896,-11.496,True
ET_04,other,19.31,0.00746,0.26473,0.8964,-18.678,9.249,-9.145,True
ET_04,other,19.32,0.0783,0.27705,0.9219,-9.477,15.098,-4.369,True
ET_04,other,19.330000000000002,0.17036,0.2987,0.94226,1.442,15.252,1.895,True
ET_04,other,19.34,0.19805,0.25711,1.00541,12.184,13.146,7.343,True
ET_04,other,19.35,0.28023,0.23375,1.00175,20.11,7.033,9.61,True
ET_04,other,19.36,0.29834,0.17416,1.00417,21.235,-2.564,10.064,True
ET_04,other,19.37,0.26132,0.11359,0.9954,15.553,-10.937,8.358,True
ET_04,other,19.38,0.1649,0.10822,1.0009,6.361,-15.357,4.097,True
ET_04,other,19.39,0.09533,0.08072,0.97927,-6.749,-15.34,-3.499,True
ET_04,other,19.400000000000002,0.02043,0.10667,0.92723,-15.929,-10.938,-7.449,True
ET_04,other,19.41,-0.01852,0.19112,0.89071,-22.284,-3.447,-11.435,True
ET_04,other,19.42,-0.02615,0.24509,0.91835,-20.296,5.748,-10.428,True
ET_04,other,19.43,0.02681,0.27793,0.92668,-15.438,12.786,-7.67,True
ET_04,other,19.44,0.11674,0.31897,0.96558,-3.956,16.488,-1.958,True
ET_04,other,19.45,0.20266,0.31096,0.98214,9.609,15.467,4.599,True
ET_04,other,19.46,0.28311,0.29107,1.01817,18.446,8.313,9.397,True
ET_04,other,19.47,0.31242,0.18064,0.98375,22.381,1.15,11.367,True
ET_04,other,19.48,0.28206,0.15273,1.00322,20.121,-8.861,9.643,True
ET_04,other,19.490000000000002,0.22703,0.09467,0.9919,10.84,-16.065,6.158,True
ET_04,other,19.5,0.15033,0.06322,0.95954,0.89,-15.419,-1.737,True
ET_04,other,19.51,0.03954,0.06798,0.92551,-13.174,-13.443,-5.128,True
ET_04,other,19.52,-0.00551,0.14999,0.90954,-20.738,-7.588,-10.432,True
ET_04,other,19.53,-0.00131,0.21086,0.88754,-23.718,0.448,-11.22,True
ET_04,other,19.54,0.00712,0.2526,0.92734,-18.681,9.951,-8.837,True
ET_04,other,19.55,0.07078,0.27548,0.93182,-7.938,16.296,-4.6,True
ET_04,other,19.56,0.18043,0.29715,0.98915,3.85,15.84,1.064,True
ET_04,other,19.57,0.25447,0.25154,0.99935,15.301,11.763,5.733,True
ET_04,other,19.580000000000002,0.32004,0.23779,1.0313,22.305,4.073,10.716,True
ET_04,other,19.59,0.30794,0.15836,1.0138,21.423,-2.834,11.995,True
ET_04,other,19.6,0.25191,0.10101,0.99374,16.612,-12.499,6.74,True
ET_04,other,19.61,0.18662,0.08115,1.00078,5.68,-17.416,2.129,True
ET_04,other,19.62,0.08239,0.08213,0.91128,-7.557,-15.912,-3.647,True
ET_04,other,19.63,-0.00321,0.11353,0.88966,-17.983,-11.359,-9.591,True
ET_04,other,19.64,-0.04614,0.15021,0.9202,-24.015,-1.617,-9.748,True
ET_04,other,19.650000000000002,-0.01907,0.24675,0.92441,-20.391,7.544,-10.575,True
ET_04,other,19.66,0.03085,0.30348,0.95036,-13.4,14.229,-5.992,True
ET_04,other,19.67,0.1377,0.31881,0.98895,-1.189,17.38,-0.452,True
ET_04,other,19.68,0.23332,0.31337,0.99566,10.862,15.569,4.932,True
ET_04,other,19.69,0.27874,0.27291,0.98683,21.654,9.236,9.649,True
ET_04,other,19.7,0.31056,0.17956,1.02903,23.617,-0.407,10.731,True
ET_04,other,19.71,0.28657,0.14832,1.01906,20.126,-8.644,10.207,True
ET_04,other,19.72,0.23609,0.0731,0.99902,11.852,-16.399,5.966,True
ET_04,other,19.73,0.13793,0.07613,0.9595,-2.663,-19.043,0.077,True
ET_04,other,19.740000000000002,0.04134,0.0712,0.91453,-14.218,-13.042,-5.744,True
ET_04,other,19.75,-0.06633,0.13411,0.88206,-23.618,-5.558,-10.736,True
ET_04,other,19.76,-0.02695,0.19639,0.90341,-25.011,1.755,-11.662,True
ET_04,other,19.77,-0.00724,0.2797,0.90694,-19.337,10.903,-9.381,True
ET_04,other,19.78,0.08315,0.3454,0.93455,-8.631,16.836,-4.845,True
ET_04,other,19.79,0.18491,0.34821,0.9691,6.03,17.331,2.969,True
ET_04,other,19.8,0.24903,0.2748,0.98628,17.271,12.094,8.718,True
ET_04,other,19.81,0.31748,0.24235,1.03095,24.792,4.357,11.497,True
ET_04,other,19.82,0.32636,0.17107,1.00502,22.394,-4.323,11.408,True
ET_04,other,19.830000000000002,0.24898,0.08076,0.96673,15.211,-12.849,6.972,True
ET_04,other,19.84,0.19286,0.05425,0.97134,3.419,-17.079,2.522,True
ET_04,other,19.85,0.06808,0.07666,0.9196,-9.686,-17.631,-4.233,True
ET_04,other,19.86,-0.01355,0.1269,0.90374,-20.73,-10.232,-12.082,True
ET_04,other,19.87,-0.03305,0.22568,0.90052,-26.991,-1.097,-13.195,True
ET_04,other,19.88,-0.01625,0.23867,0.87329,-23.312,7.94,-11.649,True
ET_04,other,19.89,0.06527,0.30334,0.94849,-14.157,15.662,-5.817,True
ET_04,other,19.900000000000002,0.16695,0.33859,0.97926,0.927,18.138,-0.119,True
ET_04,other,19.91,0.2535,0.30995,0.98925,12.835,17.096,7.513,True
ET_04,other,19.92,0.33852,0.26091,1.02975,22.219,8.038,11.298,True
ET_04,other,19.93,0.31981,0.20427,1.03291,26.596,-0.619,12.912,True
ET_04,other,19.94,0.29604,0.13341,1.00228,21.058,-10.51,9.409,True
ET_04,other,19.95,0.24615,0.09181,0.97371,10.546,-19.163,5.016,True
ET_04,other,19.96,0.10487,0.0676,0.95882,-4.105,-18.513,-1.304,True
ET_04,other,19.97,0.01775,0.0824,0.88864,-15.779,-14.816,-8.873,True
ET_04,other,19.98,-0.05029,0.15088,0.89057,-25.292,-5.317,-11.767,True
ET_04,other,19.990000000000002,-0.04048,0.20563,0.86616,-26.329,4.866,-13.741,True
ET_04,other,20.0,0.02058,0.29731,0.90621,-17.982,14.139,-9.404,True
ET_04,other,20.01,0.09049,0.34723,0.93675,-5.404,17.88,-3.859,True
ET_04,other,20.02,0.19359,0.32025,0.96033,7.166,18.408,4.59,True
ET_04,other,20.03,0.30991,0.28041,0.9953,20.195,11.476,10.091,True
ET_04,other,20.04,0.33726,0.21124,1.01581,25.1,2.286,13.806,True
ET_04,other,20.05,0.3254,0.15625,1.04217,24.274,-7.813,12.499,True
ET_04,other,20.06,0.25292,0.06762,1.03705,16.593,-14.232,7.912,True
ET_04,other,20.07,0.18761,0.05419,0.94746,2.895,-19.718,0.268,True
ET_04,other,20.080000000000002,0.08006,0.07965,0.90805,-13.721,-17.138,-7.095,True
ET_04,other,20.09,0.00312,0.14277,0.8819,-23.347,-10.541,-11.009,True
ET_04,other,20.1,-0.01544,0.19742,0.87423,-27.594,-1.447,-12.437,True
ET_04,other,20.11,-0.01689,0.26348,0.89807,-22.269,9.483,-10.987,True
ET_04,other,20.12,0.04826,0.33735,0.93771,-12.694,18.822,-6.761,True
ET_04,other,20.13,0.15566,0.34597,0.95543,1.178,21.027,0.002,True
ET_04,other,20.14,0.27987,0.2943,0.99281,17.109,16.349,8.156,True
ET_04,other,20.150000000000002,0.35975,0.24651,1.00198,25.463,8.006,12.922,True
ET_04,other,20.16,0.36817,0.18998,1.00595,26.052,-4.198,12.769,True
ET_04,other,20.17,0.33465,0.08384,1.00337,21.371,-11.745,10.34,True
ET_04,other,20.18,0.23947,0.09654,0.95208,7.872,-18.822,3.629,True
ET_04,other,20.19,0.10276,0.03831,0.92615,-5.754,-19.691,-2.036,True
ET_04,other,20.2,0.01493,0.11279,0.90081,-19.114,-14.731,-8.603,True
ET_04,other,20.21,-0.04612,0.19288,0.8961,-26.864,-5.253,-13.369,True
ET_04,other,20.22,-0.06331,0.26546,0.86932,-27.063,5.901,-13.981,True
ET_04,other,20.23,0.01473,0.33007,0.87534,-18.311,15.294,-9.312,True
ET_04,other,20.240000000000002,0.14762,0.34127,0.96058,-3.981,19.831,-3.049,True
ET_04,other,20.25,0.23179,0.34409,0.97064,9.926,18.615,5.82,True
ET_04,other,20.26,0.32935,0.30756,0.99834,22.203,12.533,10.991,True
ET_04,other,20.27,0.36365,0.21755,1.03192,29.722,1.624,14.835,True
ET_04,other,20.28,0.3469,0.14237,1.02852,26.344,-9.872,14.143,True
ET_04,other,20.29,0.26538,0.07249,0.9831,16.193,-17.556,7.303,True
ET_04,other,20.3,0.18092,0.04409,0.94754,-0.986,-20.687,0.477,True
ET_04,other,20.31,0.06169,0.04997,0.91334,-14.586,-15.907,-7.142,True
ET_04,other,20.32,-0.01413,0.12856,0.88905,-23.901,-10.097,-12.905,True
ET_04,other,20.330000000000002,-0.06079,0.22275,0.86473,-28.228,1.693,-14.609,True
ET_04,other,20.34,-0.02134,0.28714,0.8898,-23.27,12.002,-12.863,True
ET_04,other,20.35,0.05819,0.35367,0.92626,-12.78,20.852,-5.615,True
ET_04,other,20.36,0.18437,0.37245,0.9503,3.584,21.358,2.71,True
ET_04,other,20.37,0.32908,0.31863,0.97428,17.651,17.084,8.999,True
ET_04,other,20.38,0.37713,0.25396,1.04355,28.008,6.718,14.343,True
ET_04,other,20.39,0.34538,0.17689,1.0085,28.62,-6.088,13.949,True
ET_04,other,20.400000000000002,0.33528,0.11623,0.99921,21.341,-16.285,9.339,True
ET_04,other,20.41,0.20557,0.06144,0.9606,7.618,-19.77,2.05,True
ET_04,other,20.42,0.11243,0.03061,0.90397,-7.594,-20.712,-3.611,True
ET_04,other,20.43,0.00891,0.10481,0.87348,-22.244,-15.904,-10.694,True
ET_04,other,20.44,-0.06129,0.18252,0.85234,-30.342,-3.01,-15.456,True
ET_04,other,20.45,-0.02587,0.2691,0.85938,-28.328,7.855,-13.405,True
ET_04,other,20.46,0.05886,0.34552,0.8885,-18.696,19.185,-8.702,True
ET_04,other,20.47,0.14451,0.35379,0.9403,-3.793,21.085,-1.106,True
ET_04,other,20.48,0.23724,0.34515,0.94135,12.885,20.149,7.111,True
ET_04,other,20.490000000000002,0.36979,0.30799,0.97742,23.31,11.818,12.374,True
ET_04,other,20.5,0.3872,0.20677,1.01005,31.596,0.684,14.323,True
ET_04,other,20.51,0.36645,0.12013,1.02314,27.084,-10.899,13.581,True
ET_04,other,20.52,0.27849,0.06449,0.97588,15.034,-18.392,7.185,True
ET_04,other,20.53,0.16538,0.03746,0.92201,-1.917,-23.604,-1.598,True
ET_04,other,20.54,0.02427,0.08128,0.88988,-16.25,-19.078,-8.105,True
ET_04,other,20.55,-0.03596,0.1358,0.86283,-28.718,-9.393,-12.967,True
ET_04,other,20.56,-0.0253,0.24227,0.8638,-31.497,2.466,-15.982,True
ET_04,other,20.57,0.00677,0.32607,0.86095,-24.591,14.266,-13.437,True
ET_04,other,20.580000000000002,0.10884,0.37387,0.92101,-11.483,21.208,-5.357,True
ET_04,other,20.59,0.20225,0.37835,0.95798,5.757,23.524,3.304,True
ET_04,other,20.6,0.32967,0.32491,0.96883,21.449,17.626,10.846,True
ET_04,other,20.61,0.36994,0.26543,1.00892,29.101,6.377,14.735,True
ET_04,other,20.62,0.38831,0.15826,1.01448,29.938,-8.283,13.446,True
ET_04,other,20.63,0.30484,0.08522,1.00041,20.836,-17.254,10.973,True
ET_04,other,20.64,0.22636,0.03313,0.97771,6.265,-20.952,2.132,True
ET_04,other,20.650000000000002,0.10326,0.05676,0.89575,-11.377,-19.571,-5.328,True
ET_04,other,20.66,-0.02178,0.1064,0.86783,-24.109,-14.813,-12.321,True
ET_04,other,20.67,-0.05964,0.18411,0.8666,-31.485,-1.453,-15.589,True
ET_04,other,20.68,-0.03463,0.28895,0.8619,-29.528,9.753,-13.052,True
ET_04,other,20.69,0.05609,0.33708,0.9105,-17.2,18.255,-8.432,True
ET_04,other,20.7,0.16286,0.37078,0.94976,-1.235,21.76,-0.324,True
ET_04,other,20.71,0.26135,0.35473,0.97905,15.51,18.773,7.252,True
ET_04,other,20.72,0.37063,0.29331,0.98728,26.801,11.382,14.425,True
ET_04,other,20.73,0.38349,0.20644,1.00247,31.966,-1.41,16.306,True
ET_04,other,20.740000000000002,0.35449,0.09084,0.99798,26.826,-11.303,13.742,True
ET_04,other,20.75,0.28393,0.04988,0.98094,13.875,-20.916,4.55,True
ET_04,other,20.76,0.12266,0.03693,0.95957,-3.865,-22.818,-0.928,True
ET_04,other,20.77,0.04376,0.08046,0.83979,-21.067,-18.94,-9.028,True
ET_04,other,20.78,-0.05259,0.14122,0.86942,-30.23,-7.128,-13.893,True
ET_04,other,20.79,-0.04756,0.28604,0.86294,-31.451,4.804,-16.389,True
ET_04,other,20.8,-0.01043,0.34032,0.87301,-22.637,15.824,-11.369,True
ET_04,other,20.81,0.12434,0.40372,0.92235,-9.099,23.851,-4.831,True
ET_04,other,20.82,0.25065,0.39059,0.95037,9.125,22.481,6.438,True
ET_04,other,20.830000000000002,0.35081,0.33475,0.98766,23.891,16.541,11.513,True
ET_04,other,20.84,0.39928,0.2454,1.01336,30.884,3.547,14.034,True
ET_04,other,20.85,0.41233,0.15678,1.00604,28.161,-7.551,15.13,True
ET_04,other,20.86,0.34519,0.07572,0.9769,20.302,-19.422,9.214,True
ET_04,other,20.87,0.21045,0.07602,0.92999,3.394,-24.656,1.719,True
ET_04,other,20.88,0.09275,0.06403,0.90056,-12.715,-19.717,-5.976,True
ET_04,other,20.89,-0.02186,0.13385,0.87925,-26.892,-12.772,-14.483,True
ET_04,other,20.900000000000002,-0.07642,0.19075,0.83436,-33.011,-1.429,-16.351,True
ET_04,other,20.91,-0.03017,0.30252,0.83862,-27.829,11.427,-14.209,True
ET_04,other,20.92,0.06474,0.36171,0.89391,-16.478,21.899,-7.673,True
ET_04,other,20.93,0.215,0.37384,0.95799,0.007,23.525,0.61,True
ET_04,other,20.94,0.29647,0.34935,0.97203,17.191,20.576,9.476,True
ET_04,other,20.95,0.35013,0.29775,0.99505,29.213,10.602,14.695,True
ET_04,other,20.96,0.43461,0.20993,1.01468,33.359,-2.233,16.363,True
ET_04,other,20.97,0.34976,0.10269,1.01975,25.592,-14.75,11.943,True
ET_04,other,20.98,0.26439,0.05668,0.98697,12.908,-22.067,5.074,True
ET_04,other,20.990000000000002,0.12429,0.06186,0.94913,-5.134,-24.228,-4.188,True
ET_04,other,21.0,0.01386,0.07607,0.87858,-21.384,-17.162,-10.442,True
ET_04,other,21.01,-0.05347,0.16109,0.84724,-32.382,-5.586,-17.833,True
ET_04,other,21.02,-0.06797,0.23518,0.84796,-32.202,6.603,-16.165,True
ET_04,other,21.03,0.02585,0.3269,0.88153,-23.632,17.621,-11.48,True
ET_04,other,21.04,0.10665,0.39631,0.88243,-6.627,24.031,-2.257,True
ET_04,other,21.05,0.26454,0.40635,0.96915,10.061,21.058,5.574,True
ET_04,other,21.06,0.38524,0.32257,1.00561,24.993,15.968,12.709,True
ET_04,other,21.07,0.40336,0.22201,1.02307,31.895,3.161,15.938,True
ET_04,other,21.080000000000002,0.42716,0.14169,1.01949,29.73,-9.119,15.081,True
ET_04,other,21.09,0.3262,0.07266,0.96876,18.665,-19.728,9.967,True
ET_04,other,21.1,0.18102,0.04082,0.96793,0.894,-24.793,0.456,True
ET_04,other,21.11,0.04647,0.06352,0.89022,-16.27,-20.011,-8.363,True
ET_04,other,21.12,-0.02248,0.15604,0.85897,-30.117,-12.395,-14.021,True
ET_04,other,21.13,-0.05016,0.21332,0.83246,-33.135,0.474,-16.105,True
ET_04,other,21.14,-0.00746,0.2951,0.84805,-27.348,12.319,-13.24,True
ET_04,other,21.150000000000002,0.06708,0.39697,0.8811,-14.656,22.946,-7.061,True
ET_04,other,21.16,0.20099,0.37207,0.93282,4.113,25.461,2.146,True
ET_04,other,21.17,0.3154,0.37009,1.00648,20.074,19.278,9.088,True
ET_04,other,21.18,0.43767,0.28505,1.02356,29.857,8.918,15.647,True
ET_04,other,21.19,0.43285,0.17719,1.04332,32.169,-5.231,15.077,True
ET_04,other,21.2,0.38301,0.11273,1.03892,25.454,-16.388,12.524,True
ET_04,other,21.21,0.27484,0.05819,0.95033,9.969,-22.831,4.111,True
ET_04,other,21.22,0.12688,0.05265,0.91082,-8.316,-24.898,-3.263,True
ET_04,other,21.23,0.02309,0.08748,0.8577,-23.478,-16.099,-11.852,True
ET_04,other,21.240000000000002,-0.04835,0.18049,0.86925,-32.312,-4.16,-17.723,True
ET_04,other,21.25,-0.03118,0.31463,0.87725,-31.341,9.26,-15.397,True
ET_04,other,21.26,0.0297,0.36715,0.89455,-18.326,18.352,-10.948,True
ET_04,other,21.27,0.14502,0.3832,0.89833,-3.66,23.808,-1.701,True
ET_04,other,21.28,0.30529,0.36829,0.96549,13.211,22.458,6.446,True
ET_04,other,21.29,0.38314,0.32624,0.99989,26.153,13.623,13.778,True
ET_04,other,21.3,0.41778,0.21937,1.02068,33.078,1.828,16.608,True
ET_04,other,21.31,0.37685,0.14116,1.01664,30.708,-12.129,14.825,True
ET_04,other,21.32,0.30903,0.05767,0.99537,16.44,-19.788,8.15,True
ET_04,other,21.330000000000002,0.19928,0.03045,0.92901,-1.635,-24.188,0.293,True
ET_04,other,21.34,0.0673,0.05432,0.90517,-18.02,-20.238,-9.967,True
ET_04,other,21.35,-0.03728,0.13202,0.85563,-29.6,-10.868,-14.636,True
ET_04,other,21.36,-0.03638,0.22434,0.84103,-31.168,3.339,-16.792,True
ET_04,other,21.37,0.00836,0.36126,0.85233,-25.941,13.866,-13.314,True
ET_04,other,21.38,0.10507,0.3708,0.87961,-12.502,23.328,-6.495,True
ET_04,other,21.39,0.23492,0.38446,0.96028,5.25,23.58,2.787,True
ET_04,other,21.400000000000002,0.3415,0.3577,0.97078,20.854,17.235,10.642,True
ET_04,other,21.41,0.42297,0.26794,1.00673,31.852,7.599,15.49,True
ET_04,other,21.42,0.42288,0.17232,0.99614,32.238,-6.285,15.947,True
ET_04,other,21.43,0.36279,0.07191,0.98961,22.651,-16.234,12.481,True
ET_04,other,21.44,0.2479,0.02481,0.9624,8.363,-23.992,3.109,True
ET_04,other,21.45,0.09305,0.04938,0.89568,-11.937,-22.671,-5.744,True
ET_04,other,21.46,-0.01293,0.1127,0.88316,-24.616,-16.708,-12.488,True
ET_04,other,21.47,-0.02502,0.19708,0.83832,-32.025,-2.589,-17.219,True
ET_04,other,21.48,-0.05377,0.28087,0.87524,-31.714,10.338,-14.527,True
ET_04,other,21.490000000000002,0.04261,0.36189,0.87244,-18.909,20.868,-9.342,True
ET_04,other,21.5,0.16941,0.38861,0.91997,-0.975,22.776,-1.222,True
ET_04,other,21.51,0.29963,0.35459,0.94101,16.512,21.027,7.225,True
ET_04,other,21.52,0.37974,0.30272,1.00026,28.317,11.44,16.373,True
ET_04,other,21.53,0.42092,0.23714,1.00705,31.521,0.299,15.909,True
ET_04,other,21.54,0.39238,0.12611,1.01388,27.589,-12.314,14.178,True
ET_04,other,21.55,0.28988,0.08265,0.96605,15.07,-21.221,7.342,True
ET_04,other,21.56,0.15849,0.05697,0.92667,-2.858,-21.866,-1.487,True
ET_04,other,21.57,0.05005,0.07821,0.85912,-19.316,-19.712,-8.666,True
ET_04,other,21.580000000000002,-0.04836,0.17496,0.82745,-31.052,-10.656,-15.452,True
ET_04,other,21.59,-0.07349,0.24469,0.82979,-33.363,3.985,-15.742,True
ET_04,other,21.6,0.0104,0.30952,0.85065,-25.884,14.525,-13.12,True
ET_04,other,21.61,0.11803,0.38954,0.89404,-9.046,21.731,-4.654,True
ET_04,other,21.62,0.25271,0.39592,0.94566,7.622,22.159,4.215,True
ET_04,other,21.63,0.35488,0.32911,0.96205,26.372,17.671,11.823,True
ET_04,other,21.64,0.40749,0.29014,1.06307,30.241,5.753,17.056,True
ET_04,other,21.650000000000002,0.42492,0.14071,1.01304,31.031,-7.646,15.881,True
ET_04,other,21.66,0.37308,0.1092,1.0058,21.282,-17.798,10.581,True
ET_04,other,21.67,0.23354,0.05907,0.93127,5.413,-22.81,2.476,True
ET_04,other,21.68,0.10358,0.06733,0.91086,-13.995,-22.479,-6.374,True
ET_04,other,21.69,0.00959,0.1043,0.85194,-26.793,-14.157,-15.321,True
ET_04,other,21.7,-0.02918,0.21042,0.82612,-32.527,-3.492,-15.151,True
ET_04,other,21.71,-0.02666,0.29007,0.83851,-27.448,11.034,-15.526,True
ET_04,other,21.72,0.06377,0.37072,0.88682,-16.052,20.451,-9.875,True
ET_04,other,21.73,0.20903,0.43199,0.91727,-0.137,22.056,-1.221,True
ET_04,other,21.740000000000002,0.30608,0.35987,0.96621,16.619,19.501,8.339,True
ET_04,other,21.75,0.40965,0.31228,1.00464,28.823,11.207,14.241,True
ET_04,other,21.76,0.41721,0.23218,1.00812,32.595,-1.137,15.616,True
ET_04,other,21.77,0.39157,0.11936,0.98676,25.412,-12.768,12.565,True
ET_04,other,21.78,0.28944,0.08662,0.97268,13.934,-19.62,8.1,True
ET_04,other,21.79,0.16437,0.0643,0.89355,-3.949,-22.766,-3.521,True
ET_04,other,21.8,0.03385,0.11427,0.86429,-20.894,-17.45,-10.748,True
ET_04,other,21.81,-0.02579,0.17412,0.83754,-29.025,-8.389,-14.844,True
ET_04,other,21.82,-0.0243,0.28301,0.82898,-30.508,7.18,-14.74,True
ET_04,other,21.830000000000002,0.04836,0.35323,0.89214,-23.123,16.04,-11.006,True
ET_04,other,21.84,0.16637,0.38616,0.88437,-7.712,21.989,-2.083,True
ET_04,other,21.85,0.27661,0.40887,0.94777,9.838,21.821,3.345,True
ET_04,other,21.86,0.37372,0.34644,0.98041,23.209,16.423,10.901,True
ET_04,other,21.87,0.40855,0.27145,1.0107,30.957,2.357,14.636,True
ET_04,other,21.88,0.42197,0.1569,1.00134,27.941,-9.723,12.837,True
ET_04,other,21.89,0.33513,0.10419,0.97992,17.77,-18.451,8.197,True
ET_04,other,21.900000000000002,0.2225,0.07755,0.93473,2.773,-23.584,1.828,True
ET_04,other,21.91,0.05188,0.06863,0.87305,-13.39,-21.421,-7.034,True
ET_04,other,21.92,-0.01641,0.13123,0.85168,-26.393,-12.073,-13.595,True
ET_04,other,21.93,-0.01008,0.24098,0.86903,-31.497,1.043,-15.037,True
ET_04,other,21.94,0.01913,0.29328,0.84966,-25.97,11.932,-13.178,True
ET_04,other,21.95,0.06774,0.36259,0.93154,-13.675,18.502,-9.357,True
ET_04,other,21.96,0.20738,0.38619,0.94851,2.128,23.14,0.67,True
ET_04,other,21.97,0.31817,0.36457,0.98602,17.245,17.62,8.35,True
ET_04,other,21.98,0.39382,0.29804,1.00629,26.161,9.026,14.101,True
ET_04,other,21.990000000000002,0.40611,0.17134,1.00526,31.23,-3.303,14.826,True
ET_04,other,22.0,0.37926,0.10915,1.01892,23.14,-13.716,11.627,True
ET_04,other,22.01,0.26803,0.09476,0.91904,10.195,-21.198,5.867,True
ET_04,other,22.02,0.14128,0.0598,0.9059,-5.96,-21.599,-4.384,True
ET_04,other,22.03,0.05586,0.09965,0.89227,-20.301,-16.381,-8.8,True
ET_04,other,22.04,-0.02118,0.17236,0.86188,-29.755,-5.246,-16.668,True
ET_04,other,22.05,0.0056,0.24872,0.86301,-27.784,7.214,-15.051,True
ET_04,other,22.06,0.05485,0.3387,0.85448,-20.956,16.882,-9.077,True
ET_04,other,22.07,0.15947,0.35506,0.91792,-5.239,21.411,-1.721,True
ET_04,other,22.080000000000002,0.28103,0.37408,0.96326,10.713,17.519,4.613,True
ET_04,other,22.09,0.39487,0.31501,0.98286,24.52,11.735,12.352,True
ET_04,other,22.1,0.41575,0.25363,0.99074,30.271,2.517,14.179,True
ET_04,other,22.11,0.40012,0.14441,0.98791,27.251,-9.373,12.428,True
ET_04,other,22.12,0.30465,0.09658,0.95364,15.854,-19.457,8.655,True
ET_04,other,22.13,0.21749,0.05417,0.93192,0.396,-20.772,0.217,True
ET_04,other,22.14,0.07699,0.08251,0.87216,-15.946,-17.421,-6.147,True
ET_04,other,22.150000000000002,0.00807,0.15002,0.84359,-26.246,-11.819,-12.906,True
ET_04,other,22.16,-0.02888,0.21838,0.85197,-27.734,0.591,-15.082,True
ET_04,other,22.17,0.0242,0.30603,0.88757,-22.721,12.471,-12.277,True
ET_04,other,22.18,0.11366,0.37049,0.90217,-11.291,21.055,-6.39,True
ET_04,other,22.19,0.21918,0.36118,0.93516,5.256,21.049,2.286,True
ET_04,other,22.2,0.36168,0.34661,0.97474,18.382,15.737,9.608,True
ET_04,other,22.21,0.39555,0.28866,0.99789,27.629,5.634,14.375,True
ET_04,other,22.22,0.41217,0.20814,0.9911,28.542,-5.113,13.298,True
ET_04,other,22.23,0.34057,0.13324,0.9797,20.49,-14.5,10.703,True
ET_04,other,22.240000000000002,0.24704,0.08361,0.92416,6.843,-21.0,3.57,True
ET_04,other,22.25,0.13909,0.07899,0.90388,-8.362,-19.703,-3.782,True
ET_04,other,22.26,0.03735,0.13983,0.88393,-21.544,-14.66,-10.997,True
ET_04,other,22.27,-0.00293,0.2287,0.84055,-27.678,-4.709,-15.001,True
ET_04,other,22.28,0.03821,0.25762,0.86327,-26.517,7.967,-14.292,True
ET_04,other,22.29,0.05445,0.35799,0.88743,-16.289,15.306,-8.394,True
ET_04,other,22.3,0.18084,0.37765,0.91245,-2.3,21.135,-1.39,True
ET_04,other,22.31,0.33346,0.33771,0.95859,12.626,20.032,8.0,True
ET_04,other,22.32,0.36946,0.30315,0.99819,23.499,11.092,10.712,True
ET_04,other,22.330000000000002,0.40129,0.25169,1.0031,28.349,-0.145,14.277,True
ET_04,other,22.34,0.36331,0.13496,0.98469,23.364,-9.777,10.495,True
ET_04,other,22.35,0.3132,0.07251,0.95181,12.65,-17.732,6.91,True
ET_04,other,22.36,0.1743,0.0965,0.91343,-0.916,-20.304,0.781,True
ET_04,other,22.37,0.09001,0.0961,0.91601,-16.242,-16.205,-7.646,True
ET_04,other,22.38,0.02645,0.16761,0.85213,-23.409,-8.546,-11.722,True
ET_04,other,22.39,0.00433,0.22481,0.85235,-27.625,4.075,-12.555,True
ET_04,other,22.400000000000002,0.04671,0.31743,0.87719,-21.315,11.851,-11.017,True
ET_04,other,22.41,0.10036,0.35438,0.92218,-9.573,20.45,-5.184,True
ET_04,other,22.42,0.26129,0.38328,0.92975,5.659,18.839,3.319,True
ET_04,other,22.43,0.30562,0.35008,0.9413,18.417,14.337,9.317,True
ET_04,other,22.44,0.37857,0.29528,1.01692,23.947,6.548,13.124,True
ET_04,other,22.45,0.37807,0.1743,1.00515,26.424,-4.729,12.756,True
ET_04,other,22.46,0.32506,0.1322,0.9768,18.01,-13.599,8.739,True
ET_04,other,22.47,0.23831,0.10044,0.94887,4.712,-19.589,3.099,True
ET_04,other,22.48,0.11281,0.09469,0.90293,-8.119,-18.058,-4.976,True
ET_04,other,22.490000000000002,0.0356,0.13255,0.88602,-20.886,-11.309,-9.132,True
ET_04,other,22.5,-0.01257,0.2247,0.83628,-24.951,-2.602,-12.885,True
ET_04,other,22.51,0.00207,0.29442,0.87269,-22.897,7.747,-12.506,True
ET_04,other,22.52,0.12287,0.35112,0.88835,-12.991,14.83,-7.454,True
ET_04,other,22.53,0.20862,0.34521,0.93757,0.075,18.689,-0.69,True
ET_04,other,22.54,0.28466,0.3553,0.97079,13.447,17.968,6.169,True
ET_04,other,22.55,0.37882,0.29129,1.0071,22.73,9.922,11.19,True
ET_04,other,22.56,0.38783,0.20814,0.9852,25.875,-0.527,12.583,True
ET_04,other,22.57,0.36228,0.16628,0.98181,19.915,-10.781,10.36,True
ET_04,other,22.580000000000002,0.27682,0.08212,0.96581,10.485,-16.834,5.973,True
ET_04,other,22.59,0.1498,0.07362,0.91449,-2.558,-19.252,-1.727,True
ET_04,other,22.6,0.08001,0.12229,0.89033,-15.912,-13.809,-8.464,True
ET_04,other,22.61,0.03129,0.14684,0.87694,-24.027,-6.991,-13.154,True
ET_04,other,22.62,0.02189,0.24474,0.86338,-25.118,5.031,-12.143,True
ET_04,other,22.63,0.04827,0.30824,0.84622,-20.141,13.19,-7.665,True
ET_04,other,22.64,0.1602,0.35279,0.92509,-6.541,17.997,-3.468,True
ET_04,other,22.650000000000002,0.24284,0.3345,0.94223,8.946,17.776,2.542,True
ET_04,other,22.66,0.32161,0.33207,0.96953,18.633,12.076,11.288,True
ET_04,other,22.67,0.36861,0.28581,0.98326,23.003,3.814,12.969,True
ET_04,other,22.68,0.39216,0.17813,0.99226,24.071,-5.486,12.67,True
ET_04,other,22.69,0.29276,0.13917,0.95253,15.226,-14.852,7.681,True
ET_04,other,22.7,0.22449,0.10084,0.92445,2.195,-18.167,1.406,True
ET_04,other,22.71,0.11571,0.11204,0.88797,-10.852,-18.048,-4.815,True
ET_04,other,22.72,0.07029,0.15515,0.86646,-19.198,-9.355,-9.627,True
ET_04,other,22.73,-0.00218,0.22259,0.87721,-23.376,-0.137,-12.123,True
ET_04,other,22.740000000000002,0.04109,0.29346,0.90324,-20.854,9.037,-11.613,True
ET_04,other,22.75,0.10112,0.34822,0.92792,-13.772,16.01,-5.584,True
ET_04,other,22.76,0.22347,0.32017,0.9305,2.222,18.776,-0.019,True
ET_04,other,22.77,0.29265,0.34241,0.96201,11.535,15.053,7.677,True
ET_04,other,22.78,0.3274,0.29992,1.00052,21.373,6.21,10.089,True
ET_04,other,22.79,0.35719,0.18667,0.99236,23.932,-3.356,11.48,True
ET_04,other,22.8,0.34442,0.14379,0.96711,17.789,-10.444,9.808,True
ET_04,other,22.81,0.274,0.11005,0.95222,8.583,-17.111,4.79,True
ET_04,other,22.82,0.13781,0.09809,0.90275,-4.079,-16.787,-2.562,True
ET_04,other,22.830000000000002,0.08807,0.12274,0.91617,-16.419,-12.844,-7.649,True
ET_04,other,22.84,0.0242,0.19264,0.87505,-23.202,-5.299,-10.792,True
ET_04,other,22.85,0.03801,0.27112,0.84228,-23.114,3.759,-11.417,True
ET_04,other,22.86,0.08522,0.3326,0.85843,-14.836,11.989,-8.194,True
ET_04,other,22.87,0.16192,0.35302,0.8814,-5.323,16.516,-3.079,True
ET_04,other,22.88,0.26382,0.30811,0.96026,6.857,16.978,4.197,True
ET_04,other,22.89,0.34272,0.29811,0.9525,16.485,9.262,8.53,True
ET_04,other,22.900000000000002,0.36373,0.22631,0.99559,21.599,1.727,10.603,True
ET_04,other,22.91,0.35708,0.18453,0.96157,21.282,-5.968,10.279,True
ET_04,other,22.92,0.30551,0.13208,0.96058,13.922,-14.14,5.825,True
ET_04,other,22.93,0.22909,0.10911,0.93929,1.404,-17.227,0.966,True
ET_04,other,22.94,0.12144,0.09904,0.90849,-12.489,-14.326,-5.721,True
ET_04,other,22.95,0.04009,0.12861,0.86671,-19.163,-7.649,-10.096,True
ET_04,other,22.96,0.04024,0.25286,0.87109,-22.493,0.709,-11.589,True
ET_04,other,22.97,0.04799,0.26857,0.88309,-18.741,7.795,-8.948,True
ET_04,other,22.98,0.11248,0.34644,0.88603,-9.209,13.789,-4.796,True
ET_04,other,22.990000000000002,0.21534,0.34244,0.92853,2.117,17.455,0.817,True
ET_04,other,23.0,0.28808,0.3009,0.96167,14.02,12.429,5.702,True
ET_04,other,23.01,0.35144,0.2556,0.97622,20.911,6.402,9.961,True
ET_04,other,23.02,0.34095,0.20726,0.99229,22.816,-1.559,9.648,True
ET_04,other,23.03,0.31603,0.14963,0.96121,16.012,-12.107,8.282,True
ET_04,other,23.04,0.24964,0.11673,0.93638,6.585,-15.781,3.892,True
ET_04,other,23.05,0.15518,0.11582,0.91121,-6.845,-14.957,-3.51,True
ET_04,other,23.06,0.0857,0.15284,0.87362,-15.629,-11.512,-8.545,True
ET_04,other,23.07,0.07706,0.19547,0.85634,-20.113,-4.198,-9.769,True
ET_04,other,23.080000000000002,0.03283,0.26927,0.87058,-20.236,4.915,-10.521,True
ET_04,other,23.09,0.12205,0.32685,0.89978,-13.118,12.978,-7.153,True
ET_04,other,23.1,0.19681,0.33673,0.89479,-2.922,16.603,-1.781,True
ET_04,other,23.11,0.26641,0.31818,0.94289,8.154,15.443,4.607,True
ET_04,other,23.12,0.33152,0.28557,0.99355,19.366,8.162,10.332,True
ET_04,other,23.13,0.30626,0.22877,0.98598,23.441,0.065,11.285,True
ET_04,other,23.14,0.31585,0.14886,0.98324,18.456,-8.866,8.61,True
ET_04,other,23.150000000000002,0.28289,0.09964,0.92506,10.766,-13.41,5.667,True
ET_04,other,23.16,0.18001,0.10009,0.90511,0.254,-16.338,-0.829,True
ET_04,other,23.17,0.12677,0.11892,0.88444,-11.2,-13.704,-4.322,True
ET_04,other,23.18,0.05514,0.18209,0.8762,-19.14,-6.817,-10.857,True
ET_04,other,23.19,0.03758,0.2437,0.88287,-20.57,2.848,-10.445,True
ET_04,other,23.2,0.04716,0.29891,0.87489,-15.887,9.389,-6.945,True
ET_04,other,23.21,0.14679,0.35206,0.88309,-9.577,15.001,-5.129,True
ET_04,other,23.22,0.19747,0.34353,0.96021,4.135,15.281,0.579,True
ET_04,other,23.23,0.28414,0.31082,0.9738,13.959,12.209,7.283,True
ET_04,other,23.240000000000002,0.34286,0.27391,0.99095,19.844,4.376,9.516,True
ET_04,other,23.25,0.34857,0.19466,0.98149,20.716,-3.904,11.263,True
ET_04,other,23.26,0.28505,0.11177,0.95147,14.121,-11.525,6.627,True
ET_04,other,23.27,0.22828,0.10091,0.92333,3.942,-14.542,3.232,True
ET_04,other,23.28,0.124,0.14102,0.92166,-7.305,-14.277,-4.464,True
ET_04,other,23.29,0.08822,0.144,0.89225,-16.152,-8.556,-7.645,True
ET_04,other,23.3,0.04127,0.20841,0.88626,-22.114,-2.471,-9.954,True
ET_04,other,23.31,0.07043,0.2751,0.89799,-19.315,6.934,-9.119,True
ET_04,other,23.32,0.10967,0.30757,0.89033,-11.3,13.141,-6.241,True
ET_04,other,23.330000000000002,0.19041,0.30591,0.94553,-1.648,14.599,0.482,True
ET_04,other,23.34,0.26434,0.30572,0.93284,9.285,11.868,5.103,True
ET_04,other,23.35,0.33586,0.28969,0.96727,17.424,6.783,7.903,True
ET_04,other,23.36,0.34435,0.20276,0.99693,20.259,-1.139,9.988,True
ET_04,other,23.37,0.32424,0.16805,0.99339,17.287,-8.535,10.365,True
ET_04,other,23.38,0.25456,0.14266,0.94859,8.905,-13.629,5.684,True
ET_04,other,23.39,0.15036,0.12464,0.92854,-1.84,-15.885,-0.956,True
ET_04,other,23.400000000000002,0.12001,0.1325,0.92728,-12.171,-12.571,-5.684,True
ET_04,other,23.41,0.07366,0.19038,0.8734,-19.381,-5.594,-9.431,True
ET_04,other,23.42,0.05258,0.23534,0.83642,-20.316,2.235,-10.342,True
ET_04,other,23.43,0.07355,0.2954,0.90265,-14.276,8.647,-7.033,True
ET_04,other,23.44,0.16429,0.33675,0.89692,-5.921,14.641,-3.557,True
ET_04,other,23.45,0.2344,0.30681,0.92312,4.827,13.455,2.758,True
ET_04,other,23.46,0.27564,0.3028,0.95873,14.303,11.3,5.075,True
ET_04,other,23.47,0.31744,0.24416,0.97935,19.045,2.633,9.741,True
ET_04,other,23.48,0.30887,0.17866,0.99629,17.768,-3.978,9.518,True
ET_04,other,23.490000000000002,0.28119,0.14503,0.96397,12.837,-11.953,6.209,True
ET_04,other,23.5,0.20867,0.10187,0.92018,2.442,-14.846,-0.212,True
ET_04,other,23.51,0.14418,0.10666,0.93051,-7.69,-13.931,-4.882,True
ET_04,other,23.52,0.08332,0.16688,0.88591,-15.571,-7.363,-8.145,True
ET_04,other,23.53,0.04539,0.20845,0.89366,-20.284,-1.477,-10.789,True
ET_04,other,23.54,0.08292,0.24311,0.88065,-17.412,6.817,-8.524,True
ET_04,other,23.55,0.10676,0.31631,0.93584,-10.314,11.81,-5.808,True
ET_04,other,23.56,0.2056,0.32,0.92226,-0.178,15.24,0.307,True
ET_04,other,23.57,0.25792,0.34445,0.9406,11.408,12.143,4.72,True
ET_04,other,23.580000000000002,0.32273,0.28409,0.96969,18.207,5.787,8.91,True
ET_04,other,23.59,0.34221,0.21272,0.97819,20.175,-1.528,9.015,True
ET_04,other,23.6,0.30101,0.13855,0.96287,15.049,-8.905,8.579,True
ET_04,other,23.61,0.2449,0.0967,0.95509,6.806,-13.963,3.254,True
ET_04,other,23.62,0.17895,0.11394,0.91948,-4.104,-14.169,0.268,True
ET_04,other,23.63,0.09679,0.15382,0.88234,-13.15,-10.492,-5.511,True
ET_04,other,23.64,0.05333,0.20188,0.89005,-19.458,-4.118,-9.007,True
ET_04,other,23.650000000000002,0.04095,0.21255,0.86636,-17.401,2.43,-9.009,True
ET_04,other,23.66,0.07965,0.29977,0.89411,-13.303,10.617,-7.36,True
ET_04,other,23.67,0.12838,0.30493,0.91522,-5.089,15.106,-2.821,True
ET_04,other,23.68,0.20886,0.32152,0.94839,5.195,12.605,1.896,True
ET_04,other,23.69,0.29417,0.29571,0.97528,16.666,9.67,8.2,True
ET_04,other,23.7,0.34627,0.2337,0.96595,19.514,2.065,9.68,True
ET_04,other,23.71,0.31136,0.15171,0.96976,20.064,-4.791,10.721,True
ET_04,other,23.72,0.25178,0.14255,0.9772,12.641,-10.774,5.515,True
ET_04,other,23.73,0.19668,0.12591,0.95269,1.786,-13.903,-0.24,True
ET_04,other,23.740000000000002,0.13437,0.11393,0.89299,-8.806,-12.433,-4.722,True
ET_04,other,23.75,0.04872,0.16798,0.86759,-16.319,-9.375,-8.709,True
ET_04,other,23.76,0.03294,0.21473,0.87295,-19.394,-0.265,-10.596,True
ET_04,other,23.77,0.06802,0.25872,0.92934,-17.477,8.11,-7.69,True
ET_04,other,23.78,0.11705,0.30211,0.90191,-7.712,12.287,-5.49,True
ET_04,other,23.79,0.18847,0.31519,0.92913,1.943,14.527,1.428,True
ET_04,other,23.8,0.28096,0.29816,0.97282,11.677,12.045,6.52,True
ET_04,other,23.81,0.29252,0.23398,0.99383,18.097,6.137,10.808,True
ET_04,other,23.82,0.35036,0.20015,0.99039,19.147,-2.47,10.884,True
ET_04,other,23.830000000000002,0.27963,0.14115,0.95552,13.726,-9.487,7.862,True
ET_04,other,23.84,0.19567,0.10628,0.9482,5.661,-14.364,3.274,True
ET_04,other,23.85,0.14536,0.13512,0.93763,-4.163,-13.031,-2.26,True
ET_04,other,23.86,0.09575,0.18242,0.88857,-11.838,-11.582,-5.423,True
ET_04,other,23.87,0.04756,0.18025,0.89698,-19.147,-3.716,-9.37,True
ET_04,other,23.88,0.05109,0.24032,0.87484,-18.817,6.3,-9.87,True
ET_04,other,23.89,0.10654,0.31206,0.90374,-11.221,10.208,-7.349,True
ET_04,other,23.900000000000002,0.16048,0.34537,0.9423,-3.341,13.607,-1.26,True
ET_04,other,23.91,0.22094,0.28999,0.93964,7.642,13.461,2.881,True
ET_04,other,23.92,0.30364,0.28921,0.97615,16.102,8.729,8.25,True
ET_04,other,23.93,0.33533,0.21801,0.98987,20.211,2.017,9.21,True
ET_04,other,23.94,0.29212,0.15972,0.97701,16.461,-6.969,9.032,True
ET_04,other,23.95,0.27825,0.11847,0.9709,10.169,-13.468,5.26,True
ET_04,other,23.96,0.18222,0.09322,0.90646,1.049,-14.044,1.014,True
ET_04,other,23.97,0.11163,0.13075,0.89048,-11.322,-11.857,-5.68,True
ET_04,other,23.98,0.05822,0.16894,0.88879,-18.586,-6.629,-8.767,True
ET_04,other,23.990000000000002,0.01583,0.23436,0.88522,-20.621,1.402,-10.56,True
ET_04,other,24.0,0.06533,0.26438,0.88557,-15.275,9.027,-8.885,True
ET_04,other,24.01,0.11367,0.31986,0.9042,-7.75,13.727,-3.4,True
ET_04,other,24.02,0.21632,0.29105,0.93367,3.057,14.521,1.081,True
ET_04,other,24.03,0.25437,0.3143,0.9747,12.243,11.01,6.804,True
ET_04,other,24.04,0.28785,0.24324,0.99928,18.735,5.573,9.73,True
ET_04,other,24.05,0.31712,0.15422,1.00134,18.585,-3.984,9.972,True
ET_04,other,24.060000000000002,0.27422,0.14653,0.98267,16.096,-9.144,7.755,True
ET_04,other,24.07,0.19588,0.09536,0.93623,5.171,-14.846,1.795,True
ET_04,other,24.080000000000002,0.12772,0.12969,0.92075,-5.965,-14.854,-2.954,True
ET_04,other,24.09,0.06117,0.14013,0.90506,-15.353,-11.337,-7.124,True
ET_04,other,24.1,0.03432,0.19102,0.87791,-19.895,-1.742,-11.044,True
ET_04,other,24.11,0.03035,0.23739,0.90733,-19.294,6.024,-9.118,True
ET_04,other,24.12,0.10172,0.29015,0.89203,-11.253,12.293,-6.565,True
ET_04,other,24.13,0.18547,0.32905,0.94097,-1.427,15.542,-1.265,True
ET_04,other,24.14,0.24606,0.31934,0.94453,8.156,13.802,4.325,True
ET_04,other,24.150000000000002,0.28151,0.27019,0.9772,17.748,7.987,10.134,True
ET_04,other,24.16,0.34429,0.21168,0.98802,21.776,0.682,8.832,True
ET_04,other,24.17,0.31374,0.16303,1.01866,16.245,-7.701,7.8,True
ET_04,other,24.18,0.27069,0.10676,0.97963,10.183,-13.206,5.518,True
ET_04,other,24.19,0.17514,0.09964,0.95127,-0.643,-14.573,0.48,True
ET_04,other,24.2,0.08951,0.11597,0.90919,-12.007,-12.961,-6.851,True
ET_04,other,24.21,0.05083,0.19348,0.89671,-19.425,-6.386,-10.603,True
ET_04,other,24.22,0.04207,0.25373,0.87859,-21.522,2.173,-8.76,True
ET_04,other,24.23,0.0676,0.2733,0.91751,-15.415,10.185,-8.102,True
ET_04,other,24.240000000000002,0.13151,0.3113,0.92836,-7.093,15.158,-1.577,True
ET_04,other,24.25,0.21586,0.30089,0.95699,3.893,15.669,2.111,True
ET_04,other,24.26,0.27173,0.29208,0.96284,14.284,10.619,7.517,True
ET_04,other,24.27,0.30421,0.19958,0.98843,20.687,3.718,8.873,True
ET_04,other,24.28,0.31539,0.1817,0.98087,19.177,-4.78,10.197,True
ET_04,other,24.29,0.25579,0.14871,0.96852,16.147,-12.212,7.903,True
ET_04,other,24.3,0.18414,0.07804,0.98031,3.601,-15.916,0.692,True
ET_04,other,24.310000000000002,0.11114,0.10134,0.9399,-8.255,-15.532,-4.844,True
ET_04,other,24.32,0.05371,0.15956,0.90436,-16.194,-9.459,-6.125,True
ET_04,other,24.330000000000002,0.00126,0.18972,0.88709,-21.703,-1.744,-11.267,True
ET_04,other,24.34,0.02737,0.23099,0.9307,-19.427,6.319,-11.302,True
ET_04,other,24.35,0.06625,0.27582,0.92623,-11.326,14.796,-6.063,True
ET_04,other,24.36,0.12278,0.32191,0.94541,-0.751,15.591,-0.583,True
ET_04,other,24.37,0.26031,0.32678,0.96878,11.209,11.413,5.139,True
ET_04,other,24.38,0.30317,0.29537,0.99201,19.076,7.292,9.459,True
ET_04,other,24.39,0.31728,0.21328,0.97901,21.707,-1.082,10.564,True
ET_04,other,24.400000000000002,0.29986,0.13955,0.97076,18.745,-9.068,8.472,True
ET_04,other,24.41,0.22553,0.0918,0.93705,9.537,-15.713,6.078,True
ET_04,other,24.42,0.12954,0.0628,0.92816,-3.104,-15.912,-1.932,True
ET_04,other,24.43,0.07865,0.14351,0.90856,-13.131,-11.532,-7.688,True
ET_04,other,24.44,0.01836,0.16306,0.87893,-21.053,-5.174,-11.141,True
ET_04,other,24.45,-0.00588,0.23117,0.87049,-22.231,4.548,-8.734,True
ET_04,other,24.46,0.04958,0.31161,0.88414,-16.68,12.247,-9.805,True
ET_04,other,24.47,0.12013,0.32402,0.91219,-8.213,16.463,-3.399,True
ET_04,other,24.48,0.21809,0.34092,0.96012,6.003,16.314,2.549,True
ET_04,other,24.490000000000002,0.27417,0.29875,0.98663,16.751,10.868,8.321,True
ET_04,other,24.5,0.33317,0.21913,1.03039,21.654,1.988,10.716,True
ET_04,other,24.51,0.31939,0.15185,1.0107,19.743,-5.517,9.705,True
ET_04,other,24.52,0.28294,0.09794,0.96313,14.183,-13.227,6.77,True
ET_04,other,24.53,0.20113,0.08594,0.92598,1.977,-16.222,0.601,True
ET_04,other,24.54,0.09664,0.09364,0.90012,-8.924,-15.28,-3.507,True
ET_04,other,24.55,0.02112,0.14396,0.90463,-18.548,-8.972,-8.041,True
ET_04,other,24.560000000000002,-0.00321,0.18765,0.89241,-22.748,0.173,-11.481,True
ET_04,other,24.57,0.00081,0.26899,0.90268,-21.167,8.935,-9.619,True
ET_04,other,24.580000000000002,0.09545,0.30524,0.89472,-11.446,15.163,-6.356,True
ET_04,other,24.59,0.18082,0.29748,0.95869,2.744,19.247,-0.264,True
ET_04,other,24.6,0.28456,0.29537,0.97511,14.186,13.393,8.115,True
ET_04,other,24.61,0.32162,0.27424,0.99664,21.401,7.354,10.001,True
ET_04,other,24.62,0.33335,0.20278,0.97374,23.597,-2.008,11.912,True
ET_04,other,24.63,0.31854,0.14495,0.99199,17.762,-10.731,7.909,True
ET_04,other,24.64,0.2068,0.09613,0.99252,7.549,-16.139,3.978,True
ET_04,other,24.650000000000002,0.11622,0.05662,0.92385,-4.45,-16.809,-2.105,True
ET_04,other,24.66,0.03784,0.10465,0.88553,-15.389,-12.492,-7.799,True
ET_04,other,24.67,0.00055,0.14141,0.88626,-22.862,-3.688,-10.914,True
ET_04,other,24.68,-0.00803,0.23972,0.87332,-22.76,4.801,-11.367,True
ET_04,other,24.69,0.05252,0.30557,0.91773,-16.357,13.78,-7.717,True
ET_04,other,24.7,0.13036,0.31788,0.92859,-3.08,17.585,-3.534,True
ET_04,other,24.71,0.22318,0.32561,0.94014,8.897,17.152,4.353,True
ET_04,other,24.72,0.29222,0.28661,0.99016,18.661,10.484,8.667,True
ET_04,other,24.73,0.32752,0.22579,1.00185,22.905,2.186,12.517,True
ET_04,other,24.740000000000002,0.32259,0.15921,0.99563,20.658,-8.575,9.823,True
ET_04,other,24.75,0.24184,0.12257,0.98913,13.795,-14.655,8.4,True
ET_04,other,24.76,0.17704,0.06318,0.96138,1.512,-17.225,0.623,True
ET_04,other,24.77,0.07068,0.09865,0.88543,-11.814,-16.168,-6.719,True
ET_04,other,24.78,0.01183,0.14393,0.87675,-21.042,-8.559,-10.878,True
ET_04,other,24.79,-0.01498,0.22739,0.88051,-24.709,1.722,-12.013,True
ET_04,other,24.8,-0.02159,0.26784,0.88489,-20.637,9.979,-10.394,True
ET_04,other,24.810000000000002,0.06655,0.32795,0.89163,-10.059,17.136,-4.757,True
ET_04,other,24.82,0.16451,0.30735,0.95629,3.88,18.469,2.836,True
ET_04,other,24.830000000000002,0.26743,0.30667,1.0141,14.459,14.242,6.934,True
ET_04,other,24.84,0.3335,0.24737,0.99889,23.27,7.381,12.309,True
ET_04,other,24.85,0.33471,0.13515,1.0056,24.333,-3.978,12.259,True
ET_04,other,24.86,0.29046,0.09036,1.00589,17.495,-11.689,8.972,True
ET_04,other,24.87,0.21363,0.0691,0.9389,6.661,-17.197,3.325,True
ET_04,other,24.88,0.09393,0.09246,0.94906,-6.024,-18.186,-2.863,True
ET_04,other,24.89,0.01225,0.11897,0.90168,-19.119,-12.952,-8.695,True
ET_04,other,24.900000000000002,-0.02089,0.17166,0.8617,-25.194,-4.292,-11.61,True
ET_04,other,24.91,-0.03433,0.26503,0.8858,-25.767,4.816,-12.523,True
ET_04,other,24.92,0.03913,0.31824,0.91374,-15.791,14.261,-7.153,True
ET_04,other,24.93,0.11462,0.34268,0.9464,-3.441,19.544,-1.326,True
ET_04,other,24.94,0.21381,0.30302,0.97959,10.381,18.751,4.739,True
ET_04,other,24.95,0.29441,0.25935,0.99996,21.995,9.121,10.94,True
ET_04,other,24.96,0.33892,0.18739,1.00028,25.708,1.017,13.488,True
ET_04,other,24.97,0.3214,0.13217,1.00186,23.257,-8.664,10.664,True
ET_04,other,24.98,0.2333,0.09019,0.97027,12.672,-17.51,5.545,True
ET_04,other,24.990000000000002,0.17893,0.0593,0.9498,-0.98,-19.408,1.031,True
ET_04,other,25.0,0.06023,0.08695,0.90454,-12.765,-15.983,-7.052,True
ET_04,other,25.01,-0.01592,0.12373,0.91008,-23.654,-7.242,-11.413,True
ET_04,other,25.02,-0.02969,0.21781,0.86987,-25.911,1.901,-13.794,True
ET_04,other,25.03,-0.00042,0.30963,0.90306,-19.918,12.421,-11.474,True
ET_04,other,25.04,0.07369,0.31935,0.92905,-9.159,19.177,-4.961,True
ET_04,other,25.05,0.19725,0.35625,0.95406,5.378,18.694,2.445,True
ET_04,other,25.060000000000002,0.26324,0.29878,1.02673,17.053,13.607,10.006,True
ET_04,other,25.07,0.32794,0.25199,1.01102,26.512,5.169,11.946,True
ET_04,other,25.080000000000002,0.35412,0.14723,1.01554,26.797,-5.45,13.645,True
ET_04,other,25.09,0.26603,0.12668,1.03032,16.936,-13.471,8.358,True
ET_04,other,25.1,0.1823,0.05812,0.96988,5.202,-19.878,3.231,True
ET_04,other,25.11,0.09088,0.03897,0.94457,-9.536,-18.374,-4.547,True
ET_04,other,25.12,-0.00698,0.08658,0.90683,-21.144,-12.822,-10.206,True
ET_04,other,25.13,-0.07719,0.15232,0.9004,-26.06,-2.197,-13.426,True
ET_04,other,25.14,-0.02571,0.27276,0.89055,-26.182,8.746,-13.471,True
ET_04,other,25.150000000000002,0.0215,0.29513,0.90778,-15.772,16.811,-6.652,True
ET_04,other,25.16,0.13012,0.36364,0.9689,-1.409,19.771,-0.841,True
ET_04,other,25.17,0.25022,0.35809,0.94471,14.539,18.135,8.263,True
ET_04,other,25.18,0.31882,0.28201,1.02427,24.821,10.247,11.328,True
ET_04,other,25.19,0.34099,0.16551,1.06044,29.042,-0.585,13.72,True
ET_04,other,25.2,0.31707,0.11761,1.01608,23.699,-10.813,12.638,True
ET_04,other,25.21,0.22724,0.06906,1.00465,13.241,-17.233,4.813,True
ET_04,other,25.22,0.12042,0.04322,0.93503,-2.54,-21.281,-2.28,True
ET_04,other,25.23,0.02097,0.05714,0.9062,-15.694,-17.662,-7.909,True
ET_04,other,25.240000000000002,-0.07245,0.14723,0.86852,-27.267,-8.593,-13.616,True
ET_04,other,25.25,-0.07866,0.24421,0.8957,-28.358,3.806,-13.763,True
ET_04,other,25.26,-0.01061,0.27653,0.92698,-21.962,11.931,-9.601,True
ET_04,other,25.27,0.09768,0.33217,0.91802,-7.789,19.409,-3.532,True
ET_04,other,25.28,0.19715,0.33125,0.97248,6.552,20.392,5.183,True
ET_04,other,25.29,0.29761,0.31101,0.97325,21.936,16.096,8.639,True
ET_04,other,25.3,0.33934,0.21731,1.03591,28.016,4.799,12.141,True
ET_04,other,25.310000000000002,0.33531,0.11495,1.02036,28.497,-6.377,15.373,True
ET_04,other,25.32,0.282,0.07009,1.00338,17.861,-15.68,10.012,True
ET_04,other,25.330000000000002,0.17634,0.0126,0.95713,3.978,-21.349,1.706,True
ET_04,other,25.34,0.04726,0.02894,0.92306,-11.961,-18.955,-5.76,True
ET_04,other,25.35,-0.03124,0.07252,0.89129,-24.88,-12.146,-11.972,True
ET_04,other,25.36,-0.08404,0.18397,0.87769,-28.776,-1.966,-14.706,True
ET_04,other,25.37,-0.0512,0.29172,0.86205,-25.776,10.438,-13.062,True
ET_04,other,25.38,0.00693,0.34679,0.92542,-13.963,19.111,-8.915,True
ET_04,other,25.39,0.15556,0.31639,0.95375,0.549,21.827,1.078,True
ET_04,other,25.400000000000002,0.25726,0.32789,0.98647,15.818,18.082,8.279,True
ET_04,other,25.41,0.35441,0.23865,1.04508,26.156,9.142,14.234,True
ET_04,other,25.42,0.33922,0.15956,1.00478,30.072,-2.38,13.988,True
ET_04,other,25.43,0.31715,0.09073,1.03073,23.654,-13.689,13.143,True
ET_04,other,25.44,0.23758,0.06295,0.98492,11.028,-19.366,6.817,True
ET_04,other,25.45,0.07345,0.00112,0.94802,-5.376,-21.579,-1.97,True
ET_04,other,25.46,-0.00054,0.07972,0.92017,-19.233,-15.729,-9.491,True
ET_04,other,25.47,-0.09069,0.16065,0.89751,-29.796,-6.103,-13.871,True
ET_04,other,25.48,-0.06013,0.22966,0.87797,-30.465,6.3,-14.998,True
ET_04,other,25.490000000000002,-0.03631,0.30763,0.92218,-20.759,15.024,-10.409,True
ET_04,other,25.5,0.08506,0.35576,0.93329,-7.135,20.181,-3.319,True
ET_04,other,25.51,0.19176,0.37048,0.97539,9.143,21.338,6.427,True
ET_04,other,25.52,0.26735,0.27272,1.01724,22.666,13.067,11.854,True
ET_04,other,25.53,0.37504,0.22996,1.02604,29.661,3.933,14.977,True
ET_04,other,25.54,0.35743,0.12303,1.03352,28.385,-9.522,13.275,True
ET_04,other,25.55,0.30136,0.09023,1.00605,16.958,-16.961,8.488,True
ET_04,other,25.560000000000002,0.15491,0.01426,0.96684,2.093,-22.683,1.953,True
ET_04,other,25.57,0.04005,0.03432,0.90464,-13.684,-20.409,-7.26,True
ET_04,other,25.580000000000002,-0.05795,0.11285,0.87511,-25.897,-11.807,-12.193,True
ET_04,other,25.59,-0.07862,0.18306,0.87314,-30.119,-0.248,-15.892,True
ET_04,other,25.6,-0.08278,0.26749,0.89805,-26.156,12.307,-13.949,True
ET_04,other,25.61,0.03829,0.34842,0.9061,-12.596,19.496,-5.575,True
ET_04,other,25.62,0.17766,0.358,0.97876,3.249,24.195,2.3,True
ET_04,other,25.63,0.28883,0.32414,0.98497,18.701,19.748,9.374,True
ET_04,other,25.64,0.35285,0.24032,1.00517,28.297,8.886,14.597,True
ET_04,other,25.650000000000002,0.36156,0.17044,1.04497,30.371,-3.274,16.061,True
ET_04,other,25.66,0.31553,0.09744,1.03395,22.981,-14.169,11.289,True
ET_04,other,25.67,0.1908,0.03367,0.97964,10.74,-22.687,3.653,True
ET_04,other,25.68,0.07049,0.03427,0.92988,-7.505,-22.562,-4.063,True
ET_04,other,25.69,-0.00552,0.0737,0.90829,-21.629,-16.393,-10.66,True
ET_04,other,25.7,-0.08911,0.15842,0.8741,-30.655,-4.136,-12.811,True
ET_04,other,25.71,-0.10384,0.2481,0.90542,-31.556,6.638,-16.174,True
ET_04,other,25.72,-0.02635,0.30221,0.91259,-21.445,16.957,-9.289,True
ET_04,other,25.73,0.08672,0.36964,0.93423,-4.025,22.628,-0.612,True
ET_04,other,25.740000000000002,0.21994,0.35752,0.98432,12.692,20.934,6.163,True
ET_04,other,25.75,0.30952,0.26837,1.01205,26.231,12.268,11.664,True
ET_04,other,25.76,0.35723,0.19134,1.04753,31.094,0.938,16.034,True
ET_04,other,25.77,0.33156,0.10064,1.03203,27.981,-11.84,14.784,True
ET_04,other,25.78,0.2613,0.04175,1.00712,16.298,-18.816,7.515,True
ET_04,other,25.79,0.13712,0.01057,0.94346,0.746,-23.971,0.67,True
ET_04,other,25.8,0.01547,0.06129,0.92044,-17.283,-20.058,-9.871,True
ET_04,other,25.810000000000002,-0.08644,0.10381,0.8792,-27.297,-11.479,-14.875,True
ET_04,other,25.82,-0.11449,0.2199,0.85504,-31.292,2.778,-15.645,True
ET_04,other,25.830000000000002,-0.06196,0.30448,0.91289,-25.741,14.687,-13.447,True
ET_04,other,25.84,0.05395,0.36269,0.93151,-12.726,20.453,-7.075,True
ET_04,other,25.85,0.18384,0.36021,0.95792,3.785,25.107,3.312,True
ET_04,other,25.86,0.28976,0.32931,1.03499,19.558,18.897,9.855,True
ET_04,other,25.87,0.37051,0.24522,1.03851,30.018,7.245,14.154,True
ET_04,other,25.88,0.36541,0.1517,1.03979,30.344,-6.589,15.136,True
ET_04,other,25.89,0.30244,0.07041,1.05461,23.519,-16.539,11.879,True
ET_04,other,25.900000000000002,0.15122,0.03628,1.00254,8.457,-23.089,2.888,True
ET_04,other,25.91,0.0765,0.0143,0.94209,-10.452,-23.274,-5.608,True
ET_04,other,25.92,-0.04841,0.0726,0.8929,-24.253,-15.887,-11.573,True
ET_04,other,25.93,-0.11972,0.14036,0.88757,-33.097,-3.946,-16.646,True
ET_04,other,25.94,-0.09895,0.24904,0.87308,-30.758,9.951,-15.127,True
ET_04,other,25.95,-0.00579,0.36744,0.9113,-18.667,19.79,-9.513,True
ET_04,other,25.96,0.11726,0.37267,0.94371,-3.154,23.57,-2.767,True
ET_04,other,25.97,0.23827,0.33501,1.02596,14.551,21.867,7.811,True
ET_04,other,25.98,0.29935,0.29817,1.04184,26.938,12.527,13.538,True
ET_04,other,25.990000000000002,0.35943,0.17216,1.05257,31.896,-0.113,16.363,True
ET_04,other,26.0,0.33921,0.1041,1.0324,28.301,-11.024,13.929,True
ET_04,other,26.01,0.23367,0.01695,0.98909,15.428,-21.512,7.206,True
ET_04,other,26.02,0.09886,0.00695,0.97338,-2.407,-24.032,-2.244,True
ET_04,other,26.03,-0.02292,0.04511,0.9233,-18.463,-19.085,-8.95,True
ET_04,other,26.04,-0.11089,0.11586,0.90568,-31.209,-8.251,-15.099,True
ET_04,other,26.05,-0.11814,0.21071,0.86804,-31.847,2.779,-17.824,True
ET_04,other,26.060000000000002,-0.0661,0.27999,0.9033,-23.891,15.149,-13.013,True
ET_04,other,26.07,0.05508,0.35296,0.93969,-10.804,23.673,-5.61,True
ET_04,other,26.080000000000002,0.17757,0.34076,0.98951,6.599,22.656,3.37,True
ET_04,other,26.09,0.27998,0.30214,1.03787,24.036,17.278,10.394,True
ET_04,other,26.1,0.3474,0.2263,1.05283,32.552,7.117,16.603,True
ET_04,other,26.11,0.36283,0.11829,1.0585,30.736,-7.981,14.652,True
ET_04,other,26.12,0.26029,0.05839,1.05318,21.566,-17.158,11.72,True
ET_04,other,26.13,0.15645,0.02457,0.97839,6.555,-23.072,1.526,True
ET_04,other,26.14,0.02563,0.02209,0.94448,-12.415,-22.005,-6.181,True
ET_04,other,26.150000000000002,-0.08618,0.07997,0.90543,-26.17,-15.251,-13.262,True
ET_04,other,26.16,-0.13801,0.16545,0.89412,-32.884,-4.267,-15.322,True
ET_04,other,26.17,-0.09468,0.26008,0.88308,-30.371,10.182,-14.498,True
ET_04,other,26.18,-0.01712,0.34358,0.92185,-18.229,20.947,-9.207,True
ET_04,other,26.19,0.10788,0.35851,0.96434,-1.179,23.779,-0.672,True
ET_04,other,26.2,0.23136,0.3266,0.99523,16.729,20.44,7.67,True
ET_04,other,26.21,0.31939,0.21839,1.06788,29.594,12.66,15.089,True
ET_04,other,26.22,0.35876,0.16605,1.04248,32.793,-1.788,16.747,True
ET_04,other,26.23,0.34614,0.08201,1.03062,27.303,-15.207,13.92,True
ET_04,other,26.240000000000002,0.23527,0.02087,0.99462,12.353,-22.8,6.83,True
ET_04,other,26.25,0.09106,0.00174,0.93434,-4.124,-24.351,-4.105,True
ET_04,other,26.26,-0.02313,0.01309,0.91599,-19.888,-19.133,-8.744,True
ET_04,other,26.27,-0.1182,0.12236,0.89596,-31.814,-7.918,-16.286,True
ET_04,other,26.28,-0.09011,0.22215,0.88049,-31.117,5.007,-16.021,True
ET_04,other,26.29,-0.04352,0.3137,0.92099,-22.983,18.28,-11.85,True
ET_04,other,26.3,0.03652,0.36976,0.93692,-10.083,23.586,-3.558,True
ET_04,other,26.310000000000002,0.18724,0.33989,1.00672,9.936,20.979,4.515,True
ET_04,other,26.32,0.27205,0.2757,1.01086,24.326,15.53,11.853,True
ET_04,other,26.330000000000002,0.36972,0.23162,1.03637,31.905,4.733,14.938,True
ET_04,other,26.34,0.3472,0.11235,1.03193,29.918,-9.237,15.846,True
ET_04,other,26.35,0.25376,0.04531,1.03317,20.566,-20.393,10.318,True
ET_04,other,26.36,0.14064,0.0167,0.95531,4.345,-24.935,3.026,True
ET_04,other,26.37,0.02214,0.01154,0.93547,-14.552,-21.853,-6.965,True
ET_04,other,26.38,-0.10552,0.07365,0.91196,-27.797,-12.494,-13.682,True
ET_04,other,26.39,-0.13774,0.19058,0.87531,-32.239,-0.081,-16.443,True
ET_04,other,26.400000000000002,-0.0906,0.27798,0.87069,-27.236,13.122,-14.654,True
ET_04,other,26.41,0.02308,0.31743,0.90637,-16.068,20.647,-7.75,True
ET_04,other,26.42,0.09016,0.35733,0.9689,1.65,21.779,0.681,True
ET_04,other,26.43,0.25478,0.29378,1.02539,19.261,20.801,9.224,True
ET_04,other,26.44,0.32691,0.22961,1.05263,30.066,10.397,15.155,True
ET_04,other,26.45,0.36233,0.15106,1.03134,31.264,-2.924,15.082,True
ET_04,other,26.46,0.31846,0.1011,1.09337,25.634,-16.741,13.124,True
ET_04,other,26.47,0.15461,0.00548,1.01432,11.506,-21.677,5.013,True
ET_04,other,26.48,0.10228,0.0172,0.93386,-6.101,-22.234,-4.2,True
ET_04,other,26.490000000000002,-0.06535,0.05601,0.87901,-22.58,-16.68,-11.234,True
ET_04,other,26.5,-0.11364,0.13345,0.90953,-31.055,-5.132,-15.788,True
ET_04,other,26.51,-0.12297,0.21329,0.87443,-30.769,6.982,-13.11,True
ET_04,other,26.52,-0.0895,0.29428,0.89553,-22.854,17.918,-10.781,True
ET_04,other,26.53,0.07545,0.3583,0.96261,-4.883,22.694,-2.661,True
ET_04,other,26.54,0.19745,0.34608,1.00627,12.335,23.392,3.704,True
ET_04,other,26.55,0.27004,0.26579,1.02588,25.439,14.334,12.787,True
ET_04,other,26.560000000000002,0.33744,0.19747,1.05459,32.306,2.244,16.624,True
ET_04,other,26.57,0.30959,0.09596,1.0612,29.885,-9.772,14.374,True
ET_04,other,26.580000000000002,0.23275,0.02714,1.01196,17.102,-19.078,8.695,True
ET_04,other,26.59,0.10552,-0.00149,0.9674,0.245,-23.744,1.856,True
ET_04,other,26.6,-0.00722,0.04153,0.92767,-16.683,-20.09,-8.285,True
ET_04,other,26.61,-0.11686,0.09648,0.89935,-28.367,-11.14,-13.838,True
ET_04,other,26.62,-0.13157,0.20106,0.88571,-31.824,1.577,-17.325,True
ET_04,other,26.63,-0.10627,0.26712,0.88661,-26.185,13.831,-14.475,True
ET_04,other,26.64,-0.01255,0.32491,0.91833,-12.93,22.401,-6.171,True
ET_04,other,26.650000000000002,0.13944,0.30872,0.99004,5.233,23.516,2.135,True
ET_04,other,26.66,0.24525,0.31096,1.02987,18.406,18.947,8.563,True
ET_04,other,26.67,0.32327,0.23706,1.04334,29.92,8.11,15.836,True
ET_04,other,26.68,0.34615,0.13262,1.05479,30.866,-5.95,16.315,True
ET_04,other,26.69,0.2532,0.06455,1.03166,22.956,-16.119,11.772,True
ET_04,other,26.7,0.17117,0.00704,1.02413,7.942,-22.641,4.033,True
ET_04,other,26.71,0.0778,0.03591,0.95165,-8.422,-20.855,-3.817,True
ET_04,other,26.72,-0.08082,0.03296,0.91215,-23.06,-15.511,-12.034,True
ET_04,other,26.73,-0.13698,0.16996,0.88114,-31.624,-4.407,-15.877,True
ET_04,other,26.740000000000002,-0.14729,0.25038,0.90533,-29.144,7.535,-15.712,True
ET_04,other,26.75,-0.03765,0.32074,0.90676,-20.749,18.04,-9.787,True
ET_04,other,26.76,0.07223,0.35147,0.9699,-3.549,22.121,-2.75,True
ET_04,other,26.77,0.20177,0.30001,0.96164,12.952,20.77,6.334,True
ET_04,other,26.78,0.25906,0.25826,1.05731,25.846,12.91,13.654,True
ET_04,other,26.79,0.33586,0.15469,1.07781,31.404,1.659,14.575,True
ET_04,other,26.8,0.31016,0.08608,1.05684,27.0,-10.804,13.749,True
ET_04,other,26.810000000000002,0.19117,0.0518,1.01774,14.393,-20.639,6.421,True
ET_04,other,26.82,0.07948,0.00937,0.98504,-0.637,-22.974,0.162,True
ET_04,other,26.830000000000002,-0.02491,0.03486,0.92382,-18.151,-19.017,-9.224,True
ET_04,other,26.84,-0.13226,0.11354,0.92066,-29.241,-9.232,-13.332,True
ET_04,other,26.85,-0.10998,0.20179,0.87669,-33.125,2.788,-16.008,True
ET_04,other,26.86,-0.07686,0.28212,0.89783,-23.149,13.814,-13.21,True
ET_04,other,26.87,0.03548,0.33963,0.92119,-10.308,22.455,-5.456,True
ET_04,other,26.88,0.13967,0.35967,1.00641,4.905,22.493,4.069,True
ET_04,other,26.89,0.248,0.28942,1.0146,19.459,16.347,10.672,True
ET_04,other,26.900000000000002,0.30081,0.20916,1.05925,29.175,7.555,15.278,True
ET_04,other,26.91,0.32959,0.12724,1.09103,29.629,-5.882,14.093,True
ET_04,other,26.92,0.25772,0.09946,1.01135,20.259,-19.549,9.331,True
ET_04,other,26.93,0.14038,0.00526,0.97288,6.035,-21.641,3.162,True
ET_04,other,26.94,0.03354,-0.01728,0.95897,-9.722,-21.569,-5.619,True
ET_04,other,26.95,-0.05117,0.04957,0.90056,-24.461,-14.906,-13.72,True
ET_04,other,26.96,-0.12985,0.15167,0.90133,-31.694,-2.77,-15.267,True
ET_04,other,26.97,-0.07948,0.23172,0.90903,-28.007,8.426,-14.306,True
ET_04,other,26.98,-0.00931,0.30738,0.94401,-17.362,19.513,-8.197,True
ET_04,other,26.990000000000002,0.09896,0.32859,0.96808,-2.898,23.931,-0.387,True
ET_04,other,27.0,0.19755,0.32172,1.01859,14.619,20.494,6.863,True
ET_04,other,27.01,0.30712,0.27166,1.02696,25.9,11.469,12.802,True
ET_04,other,27.02,0.2908,0.14892,1.03571,30.688,-1.265,16.142,True
ET_04,other,27.03,0.25611,0.06944,1.03005,24.677,-10.47,12.845,True
ET_04,other,27.04,0.2165,0.05292,0.9869,12.206,-20.517,6.345,True
ET_04,other,27.05,0.07595,0.02837,0.94128,-2.795,-22.344,-2.674,True
ET_04,other,27.060000000000002,-0.0344,0.07328,0.95542,-18.606,-16.327,-8.08,True
ET_04,other,27.07,-0.12093,0.11904,0.91163,-29.144,-5.932,-14.12,True
ET_04,other,27.080000000000002,-0.12499,0.20405,0.87926,-30.656,4.337,-13.64,True
ET_04,other,27.09,-0.05921,0.30044,0.92322,-21.089,15.973,-12.702,True
ET_04,other,27.1,0.05053,0.32186,0.9501,-9.184,20.501,-3.989,True
ET_04,other,27.11,0.14923,0.34361,0.99874,7.294,20.569,4.241,True
ET_04,other,27.12,0.28445,0.31782,1.02574,21.332,14.04,10.229,True
ET_04,other,27.13,0.31512,0.24684,1.02925,28.872,4.474,13.807,True
ET_04,other,27.14,0.30367,0.12042,1.04598,27.492,-8.805,14.672,True
ET_04,other,27.150000000000002,0.2513,0.05853,1.03903,19.842,-17.922,9.901,True
ET_04,other,27.16,0.12419,0.02926,0.97166,3.225,-22.019,3.352,True
ET_04,other,27.17,0.02828,0.03405,0.93496,-10.951,-18.677,-5.445,True
ET_04,other,27.18,-0.07335,0.10849,0.9075,-23.718,-11.929,-11.996,True
ET_04,other,27.19,-0.11836,0.15788,0.89721,-28.298,-2.912,-14.596,True
ET_04,other,27.2,-0.09883,0.25582,0.9148,-26.894,8.832,-12.811,True
ET_04,other,27.21,0.00977,0.31882,0.93328,-14.34,18.171,-7.031,True
ET_04,other,27.22,0.10846,0.33309,0.9869,0.293,20.285,0.936,True
ET_04,other,27.23,0.22339,0.2921,0.99656,14.751,16.299,6.751,True
ET_04,other,27.240000000000002,0.27919,0.23134,1.05285,26.38,9.17,13.794,True
ET_04,other,27.25,0.31258,0.18735,1.06804,27.404,-1.701,13.977,True
ET_04,other,27.26,0.28285,0.07225,1.03497,23.011,-12.17,9.518,True
ET_04,other,27.27,0.18488,0.025,1.03403,9.73,-19.196,5.449,True
ET_04,other,27.28,0.07256,0.03766,0.94224,-4.757,-21.014,-2.709,True
ET_04,other,27.29,-0.02069,0.07897,0.91815,-18.608,-15.0,-9.14,True
ET_04,other,27.3,-0.10046,0.12678,0.92692,-27.861,-5.13,-12.634,True
ET_04,other,27.310000000000002,-0.09581,0.21841,0.91154,-27.559,5.345,-13.909,True
ET_04,other,27.32,-0.05922,0.29,0.92147,-20.442,14.043,-10.727,True
ET_04,other,27.330000000000002,0.02934,0.31283,0.94638,-6.819,18.328,-3.675,True
ET_04,other,27.34,0.17611,0.30486,1.01378,10.972,18.274,5.181,True
ET_04,other,27.35,0.22776,0.272,1.02531,21.393,12.674,9.686,True
ET_04,other,27.36,0.27903,0.19991,1.02509,28.235,2.324,13.248,True
ET_04,other,27.37,0.26965,0.09906,1.03632,24.932,-8.482,14.182,True
ET_04,other,27.38,0.21195,0.05967,1.00166,15.563,-16.282,8.474,True
ET_04,other,27.39,0.11303,0.03318,1.01493,1.858,-20.972,1.056,True
ET_04,other,27.400000000000002,0.00509,0.03512,0.94613,-12.995,-17.802,-6.706,True
ET_04,other,27.41,-0.06371,0.12165,0.93198,-24.222,-9.256,-12.082,True
ET_04,other,27.42,-0.10977,0.18338,0.89452,-27.48,0.106,-11.696,True
ET_04,other,27.43,-0.04029,0.25598,0.9448,-24.228,11.17,-11.13,True
ET_04,other,27.44,0.00534,0.29136,0.94747,-12.008,17.691,-6.232,True
ET_04,other,27.45,0.11678,0.29109,1.01251,2.839,19.359,0.596,True
ET_04,other,27.46,0.20684,0.30247,1.03749,16.694,16.356,7.276,True
ET_04,other,27.47,0.27662,0.22473,1.05382,24.805,7.022,12.565,True
ET_04,other,27.48,0.30333,0.15116,1.06415,25.683,-2.375,13.208,True
ET_04,other,27.490000000000002,0.25715,0.09328,1.03103,19.64,-13.035,9.621,True
ET_04,other,27.5,0.181,0.04193,0.99204,8.058,-20.451,3.594,True
ET_04,other,27.51,0.05098,0.02827,0.96314,-5.392,-18.823,-4.253,True
ET_04,other,27.52,-0.03557,0.07845,0.92619,-18.944,-13.491,-7.926,True
ET_04,other,27.53,-0.07967,0.15381,0.88451,-25.39,-4.693,-13.769,True
ET_04,other,27.54,-0.06386,0.21512,0.90354,-24.334,6.618,-14.093,True
ET_04,other,27.55,-0.01888,0.29197,0.9099,-17.018,14.442,-7.115,True
ET_04,other,27.560000000000002,0.07092,0.31841,0.96251,-5.151,19.449,-0.53,True
ET_04,other,27.57,0.16969,0.27745,1.00713,8.605,17.751,4.154,True
ET_04,other,27.580000000000002,0.23071,0.25531,1.00849,21.329,10.515,10.666,True
ET_04,other,27.59,0.26041,0.20106,1.04494,25.68,2.624,13.386,True
ET_04,other,27.6,0.26834,0.10138,1.05179,23.775,-8.771,11.49,True
ET_04,other,27.61,0.1924,0.04562,1.01221,13.124,-15.475,6.198,True
ET_04,other,27.62,0.08999,0.03176,0.96971,-0.588,-16.891,0.253,True
ET_04,other,27.63,-0.01001,0.06995,0.93172,-13.279,-15.807,-6.641,True
ET_04,other,27.64,-0.06107,0.1045,0.93917,-22.46,-8.939,-10.547,True
ET_04,other,27.650000000000002,-0.09086,0.16978,0.9234,-24.228,1.165,-10.562,True
ET_04,other,27.66,-0.0489,0.25882,0.91623,-19.825,12.269,-9.854,True
ET_04,other,27.67,0.05602,0.29452,0.94957,-10.192,17.464,-5.814,True
ET_04,other,27.68,0.11186,0.28164,0.95598,4.321,18.152,0.377,True
ET_04,other,27.69,0.21686,0.25953,1.00922,16.811,15.26,9.408,True
ET_04,other,27.7,0.26396,0.19774,1.05036,22.658,5.712,12.952,True
ET_04,other,27.71,0.28497,0.12502,1.02338,23.16,-4.18,12.034,True
ET_04,other,27.72,0.24009,0.09205,1.02617,18.046,-12.093,8.576,True
ET_04,other,27.73,0.14058,0.06855,0.99654,5.246,-18.879,3.442,True
ET_04,other,27.740000000000002,0.04943,0.06715,0.95017,-7.166,-16.967,-3.015,True
ET_04,other,27.75,-0.02507,0.10039,0.93588,-19.755,-12.008,-9.523,True
ET_04,other,27.76,-0.08045,0.13429,0.91583,-24.971,-1.912,-11.699,True
ET_04,other,27.77,-0.07009,0.2316,0.91712,-21.81,6.724,-10.92,True
ET_04,other,27.78,0.02168,0.27377,0.93057,-15.105,14.295,-6.09,True
ET_04,other,27.79,0.07452,0.29947,0.99003,-1.608,17.889,-2.415,True
ET_04,other,27.8,0.19349,0.2868,1.0112,11.415,16.865,4.903,True
ET_04,other,27.810000000000002,0.21827,0.25021,1.05195,19.678,7.576,9.737,True
ET_04,other,27.82,0.27521,0.1981,1.04585,23.41,-0.937,11.955,True
ET_04,other,27.830000000000002,0.25458,0.10205,1.05072,20.943,-8.425,9.451,True
ET_04,other,27.84,0.17532,0.04373,0.99845,12.305,-15.374,6.906,True
ET_04,other,27.85,0.08308,0.03414,0.96785,-3.448,-17.795,-0.617,True
ET_04,other,27.86,0.00278,0.08215,0.9389,-14.598,-13.754,-6.12,True
ET_04,other,27.87,-0.06021,0.10886,0.92202,-20.666,-5.628,-10.791,True
ET_04,other,27.88,-0.05912,0.18927,0.89958,-22.901,1.365,-13.298,True
ET_04,other,27.89,-0.02692,0.26428,0.95316,-18.752,11.086,-8.817,True
ET_04,other,27.900000000000002,0.02686,0.28105,0.93478,-7.44,15.626,-3.709,True
ET_04,other,27.91,0.12573,0.27239,0.98732,5.828,16.064,3.955,True
ET_04,other,27.92,0.25412,0.26487,1.02399,16.987,11.951,7.567,True
ET_04,other,27.93,0.25499,0.19378,1.03631,21.927,3.706,11.512,True
ET_04,other,27.94,0.27072,0.11582,1.02034,22.127,-4.165,10.602,True
ET_04,other,27.95,0.23277,0.10731,1.00933,14.625,-11.812,7.197,True
ET_04,other,27.96,0.10837,0.04387,0.96754,3.318,-15.912,3.029,True
ET_04,other,27.97,-0.00643,0.05933,0.94467,-10.461,-15.093,-5.209,True
ET_04,other,27.98,-0.00951,0.11479,0.93013,-19.693,-8.909,-8.95,True
ET_04,other,27.990000000000002,-0.0345,0.16412,0.93241,-22.043,0.067,-12.475,True
ET_04,other,28.0,-0.06476,0.22046,0.95675,-19.709,8.317,-9.121,True
ET_04,other,28.01,-0.0114,0.25557,0.95136,-11.697,12.832,-6.493,True
ET_04,other,28.02,0.08926,0.29935,0.95657,0.083,16.925,-0.516,True
ET_04,other,28.03,0.17331,0.27548,1.02096,11.834,13.567,4.578,True
ET_04,other,28.04,0.25269,0.25676,1.0346,19.734,7.103,10.064,True
ET_04,other,28.05,0.2887,0.16323,1.01872,22.202,-0.136,10.698,True
ET_04,other,28.060000000000002,0.24465,0.11232,1.02339,18.072,-9.585,9.687,True
ET_04,other,28.07,0.16622,0.06298,1.03943,8.461,-13.782,3.263,True
ET_04,other,28.080000000000002,0.08242,0.06183,0.97374,-3.284,-16.793,-1.17,True
ET_04,other,28.09,-0.01605,0.06275,0.94105,-13.096,-11.715,-6.326,True
ET_04,other,28.1,-0.05214,0.17058,0.92436,-21.122,-5.278,-9.913,True
ET_04,other,28.11,-0.0405,0.19528,0.92101,-20.494,4.306,-10.667,True
ET_04,other,28.12,-0.02703,0.23873,0.94754,-14.416,11.041,-7.589,True
ET_04,other,28.13,0.05826,0.26805,0.94991,-4.779,16.188,-1.681,True
ET_04,other,28.14,0.15349,0.28283,0.99583,6.357,15.378,1.778,True
ET_04,other,28.150000000000002,0.21998,0.26352,1.03291,14.684,10.701,9.276,True
ET_04,other,28.16,0.26422,0.21627,1.01943,21.053,3.359,10.247,True
ET_04,other,28.17,0.24203,0.13414,1.02223,20.692,-5.832,9.781,True
ET_04,other,28.18,0.19818,0.10308,1.00369,12.102,-10.964,6.092,True
ET_04,other,28.19,0.13786,0.06029,0.98032,1.78,-15.327,0.075,True
ET_04,other,28.2,0.04122,0.03229,0.94695,-8.883,-12.526,-3.934,True
ET_04,other,28.21,-0.05116,0.11694,0.94559,-17.424,-9.339,-9.2,True
ET_04,other,28.22,-0.0644,0.17833,0.92816,-20.328,0.433,-10.22,True
ET_04,other,28.23,-0.03892,0.22733,0.91424,-18.518,7.649,-8.564,True
ET_04,other,28.240000000000002,0.04374,0.29791,0.95409,-9.502,12.644,-5.229,True
ET_04,other,28.25,0.13498,0.3139,0.98138,0.844,15.225,-0.607,True
ET_04,other,28.26,0.17399,0.24773,0.9683,11.835,12.012,7.347,True
ET_04,other,28.27,0.22238,0.21453,1.05477,19.55,5.295,9.667,True
ET_04,other,28.28,0.25209,0.16263,1.03274,21.015,-1.894,10.95,True
ET_04,other,28.29,0.20314,0.12298,1.0564,16.307,-8.455,8.712,True
ET_04,other,28.3,0.17188,0.08585,0.97984,7.689,-15.488,3.201,True
ET_04,other,28.310000000000002,0.0774,0.06842,0.95487,-5.148,-14.672,-2.886,True
ET_04,other,28.32,0.00021,0.10133,0.91759,-13.944,-11.909,-7.573,True
ET_04,other,28.330000000000002,-0.02206,0.14719,0.9508,-20.625,-4.233,-9.198,True
ET_04,other,28.34,-0.02747,0.21189,0.89104,-18.981,5.068,-9.591,True
ET_04,other,28.35,-0.00431,0.25974,0.94203,-13.429,12.119,-5.786,True
ET_04,other,28.36,0.06705,0.27662,0.93345,-4.199,14.925,-2.635,True
ET_04,other,28.37,0.16657,0.27273,1.00734,7.423,13.952,3.369,True
ET_04,other,28.38,0.23863,0.27896,1.02204,17.694,9.298,9.047,True
ET_04,other,28.39,0.26383,0.19997,1.04756,20.872,1.936,10.146,True
ET_04,other,28.400000000000002,0.20997,0.14503,1.03591,17.721,-7.961,8.155,True
ET_04,other,28.41,0.17087,0.08957,1.02587,10.571,-12.765,6.147,True
ET_04,other,28.42,0.09585,0.07812,0.98328,-0.156,-14.96,0.435,True
ET_04,other,28.43,0.03623,0.08799,0.94288,-10.339,-13.889,-6.267,True
ET_04,other,28.44,-0.02891,0.12982,0.95381,-18.641,-6.201,-8.941,True
ET_04,other,28.45,-0.05393,0.16806,0.91528,-20.226,0.717,-9.659,True
ET_04,other,28.46,-0.00112,0.19793,0.93851,-16.163,7.285,-9.334,True
ET_04,other,28.47,0.046,0.29838,0.93581,-7.644,13.564,-4.333,True
ET_04,other,28.48,0.13969,0.2797,0.96866,1.308,14.983,1.856,True
ET_04,other,28.490000000000002,0.22415,0.27498,1.02526,13.299,10.987,7.132,True
ET_04,other,28.5,0.23922,0.21996,1.04701,19.063,5.899,9.015,True
ET_04,other,28.51,0.25962,0.16943,1.00157,19.213,-3.017,10.238,True
ET_04,other,28.52,0.2201,0.1012,1.0174,15.913,-11.02,6.249,True
ET_04,other,28.53,0.17198,0.08868,1.02,6.232,-14.196,4.234,True
ET_04,other,28.54,0.03923,0.07679,0.95137,-6.14,-14.221,-3.423,True
ET_04,other,28.55,-0.01223,0.11552,0.92595,-14.832,-9.761,-6.117,True
ET_04,other,28.560000000000002,-0.02299,0.17074,0.91706,-20.396,-2.23,-9.961,True
ET_04,other,28.57,-0.04308,0.2413,0.93527,-16.409,5.111,-9.577,True
ET_04,other,28.580000000000002,0.00916,0.24034,0.93354,-11.695,10.526,-6.241,True
ET_04,other,28.59,0.07464,0.28681,0.97793,-1.047,15.746,-1.791,True
ET_04,other,28.6,0.15989,0.26666,1.0125,8.287,14.284,4.207,True
ET_04,other,28.61,0.23376,0.26564,1.0064,16.497,8.455,7.994,True
ET_04,other,28.62,0.25855,0.17131,1.02266,19.3,0.996,10.539,True
ET_04,other,28.63,0.23523,0.12675,1.03948,18.894,-7.196,9.477,True
ET_04,other,28.64,0.17667,0.08579,0.97728,7.601,-12.69,4.237,True
ET_04,other,28.650000000000002,0.10299,0.08481,0.93232,-0.213,-15.145,0.654,True
ET_04,other,28.66,0.03162,0.11334,0.92762,-11.207,-12.624,-4.948,True
ET_04,other,28.67,0.00147,0.13445,0.89476,-18.064,-5.327,-8.381,True
ET_04,other,28.68,-0.03069,0.19201,0.91246,-19.609,2.168,-10.382,True
ET_04,other,28.69,0.01234,0.24275,0.94052,-16.534,10.001,-7.441,True
ET_04,other,28.7,0.08327,0.27327,0.9399,-6.167,13.903,-2.937,True
ET_04,other,28.71,0.12565,0.29672,1.00873,4.223,12.87,0.94,True
ET_04,other,28.72,0.20945,0.25244,1.00194,13.624,10.45,5.577,True
ET_04,other,28.73,0.22617,0.18064,1.02163,19.281,4.016,9.413,True
ET_04,other,28.740000000000002,0.23965,0.17171,1.00967,18.112,-4.607,9.884,True
ET_04,other,28.75,0.22145,0.12459,0.9931,13.749,-9.735,7.166,True
ET_04,other,28.76,0.15894,0.07923,0.98131,3.12,-14.084,2.33,True
ET_04,other,28.77,0.06859,0.06575,0.94254,-8.39,-13.315,-2.846,True
ET_04,other,28.78,0.03624,0.11192,0.93691,-15.778,-8.446,-6.866,True
ET_04,other,28.79,-0.0376,0.20286,0.92345,-18.188,-1.593,-10.77,True
ET_04,other,28.8,-0.02656,0.22658,0.94916,-18.328,7.163,-9.079,True
ET_04,other,28.810000000000002,0.05477,0.25701,0.94837,-10.732,12.31,-6.193,True
ET_04,other,28.82,0.10779,0.29515,0.96568,1.336,13.234,0.346,True
ET_04,other,28.830000000000002,0.22906,0.274,0.99373,10.115,12.226,2.841,True
ET_04,other,28.84,0.26846,0.26189,1.03044,17.014,6.154,8.814,True
ET_04,other,28.85,0.25428,0.19508,1.0361,21.022,0.065,8.797,True
ET_04,other,28.86,0.2482,0.13196,1.02204,17.921,-7.983,9.327,True
ET_04,other,28.87,0.19355,0.10199,0.98619,8.859,-13.298,3.979,True
ET_04,other,28.88,0.12114,0.07915,0.94295,-1.894,-15.135,-0.968,True
ET_04,other,28.89,0.02737,0.12046,0.92893,-11.363,-11.645,-6.522,True
ET_04,other,28.900000000000002,-0.03356,0.13115,0.93298,-19.166,-4.549,-10.08,True
ET_04,other,28.91,-0.02747,0.21927,0.89799,-18.762,2.818,-9.585,True
ET_04,other,28.92,0.01164,0.25525,0.90746,-13.863,8.941,-6.92,True
ET_04,other,28.93,0.09159,0.27125,0.95931,-6.179,13.118,-3.48,True
ET_04,other,28.94,0.18714,0.28242,1.00059,5.725,13.853,3.174,True
ET_04,other,28.95,0.21538,0.27077,0.97993,15.645,10.511,8.264,True
ET_04,other,28.96,0.25013,0.22028,0.99411,18.736,1.62,10.0,True
ET_04,other,28.97,0.25698,0.18716,0.98961,18.353,-4.226,9.029,True
ET_04,other,28.98,0.21208,0.10735,1.00414,12.496,-11.274,7.43,True
ET_04,other,28.990000000000002,0.15521,0.08432,0.96856,3.269,-12.695,0.627,True
ET_04,other,29.0,0.04525,0.10225,0.96507,-7.075,-12.865,-4.391,True
ET_04,other,29.01,-0.02103,0.12982,0.92378,-16.708,-8.285,-6.983,True
ET_04,other,29.02,-0.02764,0.18023,0.92591,-20.365,0.094,-10.152,True
ET_04,other,29.03,-0.02283,0.24672,0.92469,-18.229,5.978,-9.942,True
ET_04,other,29.04,0.046,0.29989,0.94794,-11.05,13.761,-5.218,True
ET_04,other,29.05,0.11605,0.29577,0.98279,-0.371,15.504,0.634,True
ET_04,other,29.060000000000002,0.22778,0.27938,0.9703,10.207,13.092,5.425,True
ET_04,other,29.07,0.25416,0.22678,1.03236,18.478,7.697,10.283,True
ET_04,other,29.080000000000002,0.28636,0.16549,1.0083,19.284,-1.602,9.631,True
ET_04,other,29.09,0.23362,0.12825,1.03326,16.466,-10.189,8.246,True
ET_04,other,29.1,0.19078,0.08563,1.00132,8.377,-14.113,2.143,True
ET_04,other,29.11,0.12277,0.05928,0.95148,-3.659,-14.575,-2.303,True
ET_04,other,29.12,0.01616,0.10698,0.94197,-13.227,-9.961,-6.809,True
ET_04,other,29.13,-0.02816,0.15753,0.88563,-18.234,-3.413,-11.736,True
ET_04,other,29.14,-0.0341,0.22669,0.92022,-20.239,4.007,-10.496,True
ET_04,other,29.150000000000002,0.02037,0.27979,0.917,-14.662,12.057,-7.322,True
ET_04,other,29.16,0.08272,0.2968,0.96013,-4.43,15.942,-3.445,True
ET_04,other,29.17,0.18127,0.30006,0.9611,7.56,14.188,3.683,True
ET_04,other,29.18,0.23501,0.26354,0.998,15.44,10.318,9.263,True
ET_04,other,29.19,0.28113,0.21883,1.0062,20.678,1.999,9.347,True
ET_04,other,29.2,0.24795,0.14465,1.01461,18.958,-7.42,9.946,True
ET_04,other,29.21,0.21505,0.11426,1.00566,13.332,-10.942,6.223,True
ET_04,other,29.22,0.13438,0.06061,0.99364,2.014,-15.144,-0.466,True
ET_04,other,29.23,0.04944,0.09694,0.93617,-10.426,-13.749,-5.004,True
ET_04,other,29.240000000000002,0.00585,0.10962,0.90169,-19.09,-8.086,-9.543,True
ET_04,other,29.25,-0.04377,0.17827,0.92996,-22.043,-0.815,-9.131,True
ET_04,other,29.26,-0.00544,0.24838,0.90823,-17.787,9.164,-8.835,True
ET_04,other,29.27,0.07175,0.30491,0.93026,-9.629,13.707,-4.345,True
ET_04,other,29.28,0.15308,0.30261,0.93386,2.489,16.936,2.227,True
ET_04,other,29.29,0.21748,0.30689,1.00061,13.54,11.44,5.592,True
ET_04,other,29.3,0.28121,0.23936,0.99915,19.213,6.411,10.109,True
ET_04,other,29.310000000000002,0.28884,0.15535,1.02409,20.857,-1.957,11.441,True
ET_04,other,29.32,0.24233,0.08429,1.00129,15.668,-10.107,8.759,True
ET_04,other,29.330000000000002,0.17714,0.06906,0.97757,4.711,-15.482,2.966,True
ET_04,other,29.34,0.09707,0.08572,0.98033,-4.266,-15.082,-4.008,True
ET_04,other,29.35,0.0214,0.10925,0.88224,-16.369,-11.932,-7.453,True
ET_04,other,29.36,-0.0101,0.18051,0.90016,-21.217,-3.819,-10.42,True
ET_04,other,29.37,-0.0375,0.23521,0.93434,-21.226,5.284,-10.739,True
ET_04,other,29.38,0.03673,0.29998,0.92027,-13.438,12.419,-7.228,True
ET_04,other,29.39,0.10063,0.31386,0.96578,-3.973,16.316,-0.073,True
ET_04,other,29.400000000000002,0.18515,0.30479,0.98596,9.278,15.128,4.714,True
ET_04,other,29.41,0.25378,0.27284,1.0093,16.825,8.248,9.612,True
ET_04,other,29.42,0.27563,0.20465,1.03856,23.379,1.486,11.381,True
ET_04,other,29.43,0.28438,0.13355,1.02847,18.823,-7.932,9.574,True
ET_04,other,29.44,0.21683,0.09128,0.96419,11.464,-13.764,5.482,True
ET_04,other,29.45,0.13785,0.09647,0.94478,-1.226,-16.946,-0.934,True
ET_04,other,29.46,0.03984,0.04969,0.92198,-12.014,-13.842,-5.314,True
ET_04,other,29.47,-0.00849,0.12466,0.91626,-19.979,-7.929,-9.272,True
ET_04,other,29.48,-0.03181,0.21764,0.88044,-21.494,2.095,-11.442,True
ET_04,other,29.490000000000002,0.00506,0.26357,0.89392,-18.234,10.423,-9.894,True
ET_04,other,29.5,0.06564,0.31129,0.96009,-9.264,15.547,-4.24,True
ET_04,other,29.51,0.14805,0.3369,0.96261,4.782,17.048,1.941,True
ET_04,other,29.52,0.26965,0.27722,0.99802,15.546,11.781,7.48,True
ET_04,other,29.53,0.27735,0.2339,1.01063,21.705,5.3,9.924,True
ET_04,other,29.54,0.30137,0.15786,1.02871,21.784,-4.119,12.131,True
ET_04,other,29.55,0.23246,0.07686,0.97689,16.444,-12.422,8.095,True
ET_04,other,29.560000000000002,0.22598,0.074,0.97567,4.945,-16.821,2.405,True
ET_04,other,29.57,0.08473,0.06831,0.91706,-6.815,-15.608,-3.654,True
ET_04,other,29.580000000000002,0.03031,0.12282,0.91198,-16.28,-10.355,-9.755,True
ET_04,other,29.59,-0.0229,0.17726,0.89397,-23.29,-2.332,-11.73,True
ET_04,other,29.6,-0.03781,0.22459,0.91629,-21.739,6.833,-9.973,True
ET_04,other,29.61,0.03243,0.28528,0.94263,-14.136,14.471,-7.415,True
ET_04,other,29.62,0.11102,0.3173,0.95088,-0.69,17.312,-1.178,True
ET_04,other,29.63,0.18377,0.31501,0.97233,11.049,15.179,4.759,True
ET_04,other,29.64,0.28585,0.26042,1.01727,20.801,9.291,9.164,True
ET_04,other,29.650000000000002,0.31735,0.18916,1.02886,23.218,0.645,10.779,True
ET_04,other,29.66,0.28682,0.13745,1.02914,20.227,-8.992,9.472,True
ET_04,other,29.67,0.22903,0.06873,0.97726,11.23,-15.142,6.504,True
ET_04,other,29.68,0.11961,0.07101,0.93657,-1.173,-16.706,-1.172,True
ET_04,other,29.69,0.02227,0.0908,0.91529,-14.419,-14.287,-7.001,True
ET_04,other,29.7,-0.04112,0.15838,0.89789,-23.115,-6.447,-11.453,True
ET_04,other,29.71,-0.00518,0.21894,0.86298,-23.688,1.883,-11.989,True
ET_04,other,29.72,0.02572,0.27898,0.90551,-17.581,12.594,-8.754,True
ET_04,other,29.73,0.07857,0.34101,0.92724,-8.404,17.511,-3.717,True
ET_04,other,29.740000000000002,0.16753,0.31158,0.95684,5.601,16.264,3.135,True
ET_04,other,29.75,0.27089,0.28485,1.01654,16.376,13.959,8.328,True
ET_04,other,29.76,0.314,0.21194,1.01648,23.908,5.108,12.544,True
ET_04,other,29.77,0.30648,0.17433,1.02656,23.098,-7.427,11.268,True
ET_04,other,29.78,0.25223,0.11869,1.00331,16.317,-13.664,9.162,True
ET_04,other,29.79,0.20057,0.0547,0.95607,4.009,-18.392,2.791,True
ET_04,other,29.8,0.0904,0.08509,0.92762,-7.91,-16.821,-4.84,True
ET_04,other,29.810000000000002,-0.00836,0.11508,0.88545,-20.443,-11.242,-9.527,True
ET_04,other,29.82,-0.01089,0.15312,0.90373,-24.156,-0.87,-11.949,True
ET_04,other,29.830000000000002,-0.03415,0.26609,0.91203,-22.08,7.196,-11.951,True
ET_04,other,29.84,0.03252,0.30698,0.92827,-13.949,16.428,-7.03,True
ET_04,other,29.85,0.15972,0.31352,0.97282,-0.096,19.256,-0.261,True
ET_04,other,29.86,0.22229,0.32316,0.99634,12.718,15.619,7.08,True
ET_04,other,29.87,0.3193,0.24938,0.9959,22.929,9.232,11.761,True
ET_04,other,29.88,0.3599,0.21237,0.9778,25.322,-0.942,11.706,True
ET_04,other,29.89,0.29789,0.12516,1.03014,21.197,-10.934,11.251,True
ET_04,other,29.900000000000002,0.23005,0.07785,0.94717,11.271,-16.999,4.729,True
ET_04,other,29.91,0.1216,0.06755,0.94769,-2.359,-19.376,-1.906,True
ET_04,other,29.92,0.0348,0.09052,0.89554,-16.799,-13.642,-8.434,True
ET_04,other,29.93,-0.02152,0.17154,0.86357,-24.765,-5.838,-13.133,True
ET_04,other,29.94,-0.04166,0.24495,0.86182,-25.501,4.678,-13.326,True
ET_04,other,29.95,0.0131,0.32109,0.89077,-17.576,13.171,-10.11,True
ET_04,other,29.96,0.11377,0.33561,0.93468,-6.114,18.464,-3.533,True
ET_04,other,29.97,0.20059,0.3295,0.95826,8.265,18.143,3.701,True
ET_04,other,29.98,0.28495,0.25432,1.01384,21.865,13.724,9.158,True
ET_04,other,29.990000000000002,0.3409,0.22229,1.02349,25.166,2.982,12.347,True
ET_04,other,30.0,0.31693,0.12945,1.01208,24.751,-7.64,11.388,True
ET_04,other,30.01,0.25662,0.04982,0.98956,15.956,-15.071,7.469,True
ET_04,other,30.02,0.18805,0.07145,0.93365,2.043,-19.776,2.967,True
ET_04,other,30.03,0.07154,0.08489,0.92628,-11.074,-16.652,-5.623,True
ET_04,other,30.04,-0.00315,0.13102,0.9033,-23.48,-10.756,-11.316,True
ET_04,other,30.05,-0.05787,0.20675,0.90066,-25.902,-1.195,-13.835,True
ET_04,other,30.060000000000002,-0.02953,0.2729,0.85537,-23.189,10.296,-12.764,True
ET_04,other,30.07,0.07592,0.34301,0.92804,-11.693,17.644,-6.338,True
ET_04,other,30.080000000000002,0.18401,0.33359,0.96602,2.161,21.346,0.86,True
ET_04,other,30.09,0.26451,0.31362,0.99967,15.38,15.67,6.45,True
ET_04,other,30.1,0.34104,0.26777,1.00991,24.517,7.579,12.637,True
ET_04,other,30.11,0.36427,0.20259,0.99109,26.775,-3.948,13.602,True
ET_04,other,30.12,0.32159,0.10161,1.03368,21.241,-13.288,11.241,True
ET_04,other,30.13,0.23726,0.03703,0.97326,9.156,-18.502,4.697,True
ET_04,other,30.14,0.10335,0.0699,0.941,-6.169,-19.527,-3.571,True
ET_04,other,30.150000000000002,0.01575,0.07606,0.89368,-20.755,-14.725,-10.694,True
ET_04,other,30.16,-0.06756,0.14058,0.86589,-26.918,-5.14,-13.188,True
ET_04,other,30.17,-0.0327,0.24429,0.87678,-26.93,5.384,-13.258,True
ET_04,other,30.18,0.05435,0.31819,0.88156,-18.362,14.001,-9.092,True
ET_04,other,30.19,0.13848,0.36705,0.9332,-5.385,20.219,-2.547,True
ET_04,other,30.2,0.21278,0.31858,1.00679,12.155,19.373,4.104,True
ET_04,other,30.21,0.32688,0.29975,1.00686,21.719,11.822,11.314,True
ET_04,other,30.22,0.37546,0.22839,1.01558,27.503,3.046,14.334,True
ET_04,other,30.23,0.3359,0.13328,1.0336,24.365,-8.002,11.119,True
ET_04,other,30.240000000000002,0.28112,0.08318,0.98466,15.022,-18.211,6.755,True
ET_04,other,30.25,0.16535,0.01308,0.96204,0.85,-19.76,1.059,True
ET_04,other,30.26,0.05153,0.05087,0.9149,-13.459,-18.822,-7.677,True
ET_04,other,30.27,-0.01384,0.12062,0.89947,-25.365,-9.743,-13.65,True
ET_04,other,30.28,-0.08636,0.23281,0.86654,-27.654,0.438,-14.056,True
ET_04,other,30.29,-0.02938,0.30052,0.89623,-23.844,12.545,-12.482,True
ET_04,other,30.3,0.0569,0.34644,0.91433,-11.534,19.221,-6.568,True
ET_04,other,30.310000000000002,0.1806,0.33995,0.94691,4.327,20.259,2.512,True
ET_04,other,30.32,0.2805,0.34166,0.98278,18.946,16.94,8.334,True
ET_04,other,30.330000000000002,0.37128,0.23744,1.00287,26.612,7.979,13.76,True
ET_04,other,30.34,0.34849,0.15668,1.01171,27.95,-5.072,14.733,True
ET_04,other,30.35,0.32049,0.09471,0.99963,21.451,-14.6,10.684,True
ET_04,other,30.36,0.18267,0.02942,0.9717,7.558,-21.044,3.417,True
ET_04,other,30.37,0.10626,0.05149,0.93796,-9.122,-20.703,-3.521,True
ET_04,other,30.38,-0.02632,0.10827,0.85279,-21.881,-14.171,-10.904,True
ET_04,other,30.39,-0.0466,0.1929,0.85328,-27.767,-5.078,-13.381,True
ET_04,other,30.400000000000002,-0.05001,0.23996,0.85941,-25.576,9.307,-13.009,True
ET_04,other,30.41,0.0209,0.33155,0.88034,-18.825,16.867,-9.897,True
ET_04,other,30.42,0.13644,0.38617,0.94921,-4.674,19.706,-2.341,True
ET_04,other,30.43,0.24389,0.37337,0.94911,12.794,20.671,6.133,True
ET_04,other,30.44,0.32439,0.28164,1.00634,24.063,11.458,12.5,True
ET_04,other,30.45,0.36447,0.20285,1.04146,30.164,-0.423,14.026,True
ET_04,other,30.46,0.3478,0.13437,1.02182,26.791,-12.226,13.34,True
ET_04,other,30.47,0.27044,0.0453,0.98556,12.65,-18.479,6.173,True
ET_04,other,30.48,0.17723,0.0503,0.94537,-1.939,-21.725,0.357,True
ET_04,other,30.490000000000002,0.05159,0.10077,0.89488,-16.987,-18.698,-9.054,True
ET_04,other,30.5,-0.03284,0.17243,0.86373,-28.344,-8.898,-14.142,True
ET_04,other,30.51,-0.06137,0.22049,0.84417,-30.277,2.503,-14.618,True
ET_04,other,30.52,-0.00029,0.29229,0.89527,-23.694,14.746,-12.827,True
ET_04,other,30.53,0.0744,0.36666,0.90957,-10.593,20.353,-5.413,True
ET_04,other,30.54,0.21762,0.35803,0.95529,4.912,22.421,3.367,True
ET_04,other,30.55,0.30939,0.32427,1.00393,20.468,14.675,10.809,True
ET_04,other,30.560000000000002,0.38716,0.22975,1.02608,31.225,5.754,15.601,True
ET_04,other,30.57,0.40573,0.16505,1.0192,29.082,-6.587,14.425,True
ET_04,other,30.580000000000002,0.31649,0.10123,0.96383,20.651,-16.684,9.631,True
ET_04,other,30.59,0.1844,0.05019,0.98083,6.634,-21.437,2.645,True
ET_04,other,30.6,0.05743,0.07837,0.9499,-10.641,-21.182,-5.832,True
ET_04,other,30.61,-0.01914,0.11035,0.89901,-24.616,-13.208,-11.327,True
ET_04,other,30.62,-0.06877,0.23144,0.84455,-29.992,-2.767,-14.851,True
ET_04,other,30.63,-0.02063,0.2938,0.862,-29.556,10.337,-14.363,True
ET_04,other,30.64,0.02572,0.3471,0.90909,-16.437,19.58,-7.688,True
ET_04,other,30.650000000000002,0.16337,0.36834,0.93494,-2.043,24.182,-0.722,True
ET_04,other,30.66,0.26534,0.32988,0.98519,16.4,19.288,7.329,True
ET_04,other,30.67,0.37935,0.2946,0.99253,27.144,10.913,13.29,True
ET_04,other,30.68,0.41033,0.18053,1.03157,31.641,-1.424,15.399,True
ET_04,other,30.69,0.36649,0.12549,1.01999,25.732,-12.239,12.385,True
ET_04,other,30.7,0.2632,0.05499,0.98372,12.048,-21.168,7.186,True
ET_04,other,30.71,0.11372,0.03923,0.92731,-3.528,-22.802,-2.043,True
ET_04,other,30.72,0.02233,0.09469,0.86477,-19.119,-18.131,-9.25,True
ET_04,other,30.73,-0.04198,0.16504,0.86258,-29.776,-7.497,-15.471,True
ET_04,other,30.740000000000002,-0.05584,0.25077,0.84943,-31.397,4.749,-15.17,True
ET_04,other,30.75,-0.01004,0.349,0.90151,-22.287,14.207,-12.929,True
ET_04,other,30.76,0.09058,0.38483,0.93034,-6.398,23.746,-4.317,True
ET_04,other,30.77,0.2231,0.40823,0.95065,7.906,22.194,4.909,True
ET_04,other,30.78,0.33097,0.32077,0.98486,23.727,14.452,11.961,True
ET_04,other,30.79,0.38631,0.24042,1.04069,32.162,4.606,13.951,True
ET_04,other,30.8,0.37848,0.17012,1.02422,30.241,-7.584,14.561,True
ET_04,other,30.810000000000002,0.34085,0.10823,0.9894,20.334,-17.738,10.333,True
ET_04,other,30.82,0.17848,0.06052,0.96095,3.617,-23.628,1.377,True
ET_04,other,30.830000000000002,0.0546,0.04812,0.87177,-12.884,-20.714,-8.063,True
ET_04,other,30.84,-0.03146,0.1147,0.86767,-27.346,-13.627,-14.29,True
ET_04,other,30.85,-0.07919,0.21631,0.83658,-32.284,-1.642,-15.922,True
ET_04,other,30.86,-0.05272,0.29408,0.84089,-26.686,10.302,-14.359,True
ET_04,other,30.87,0.09443,0.36969,0.90549,-15.934,19.629,-7.497,True
ET_04,other,30.88,0.20022,0.37301,0.92279,1.716,25.956,-0.322,True
ET_04,other,30.89,0.27547,0.34387,0.9696,16.971,19.491,7.938,True
ET_04,other,30.900000000000002,0.37099,0.29812,0.99027,29.944,10.494,14.542,True
ET_04,other,30.91,0.40481,0.19501,1.02573,33.035,-3.059,15.822,True
ET_04,other,30.92,0.38527,0.12469,1.02127,24.526,-15.578,13.119,True
ET_04,other,30.93,0.24132,0.06836,0.95411,11.906,-22.003,5.841,True
ET_04,other,30.94,0.13866,0.0516,0.92057,-6.32,-24.177,-4.261,True
ET_04,other,30.95,0.03495,0.07983,0.83568,-21.119,-16.99,-10.725,True
ET_04,other,30.96,-0.03101,0.14339,0.86127,-29.661,-6.765,-16.037,True
ET_04,other,30.970000000000002,-0.05842,0.24482,0.84382,-31.202,5.537,-14.965,True
ET_04,other,30.98,0.0142,0.34049,0.88516,-23.289,16.109,-10.99,True
ET_04,other,30.990000000000002,0.15353,0.36344,0.9371,-5.41,23.483,-2.816,True
ET_04,other,31.0,0.23702,0.38036,0.94715,9.672,22.597,5.043,True
ET_04,other,31.01,0.39274,0.32212,1.01276,25.08,14.509,12.816,True
ET_04,other,31.02,0.42928,0.24525,1.03214,31.634,2.294,17.459,True
ET_04,other,31.03,0.4064,0.1385,1.03587,28.824,-11.822,14.696,True
ET_04,other,31.04,0.31942,0.06387,0.98473,16.619,-18.806,8.037,True
ET_04,other,31.05,0.17484,0.04541,0.91567,1.55,-23.56,-0.69,True
ET_04,other,31.060000000000002,0.07833,0.05336,0.91679,-15.61,-21.867,-7.643,True
ET_04,other,31.07,-0.03112,0.11322,0.84708,-27.87,-12.355,-14.119,True
ET_04,other,31.080000000000002,-0.09262,0.22103,0.83961,-33.116,1.088,-17.329,True
ET_04,other,31.09,-0.04043,0.32741,0.85228,-27.328,13.299,-14.362,True
ET_04,other,31.1,0.0857,0.37374,0.91056,-15.041,22.327,-5.964,True
ET_04,other,31.11,0.22943,0.40049,0.94249,0.684,24.087,0.002,True
ET_04,other,31.12,0.33555,0.3701,0.96186,19.681,19.039,10.19,True
ET_04,other,31.13,0.38207,0.27669,1.01954,31.613,7.201,15.515,True
ET_04,other,31.14,0.39214,0.20319,1.03148,31.813,-4.696,15.742,True
ET_04,other,31.150000000000002,0.37983,0.0838,0.99751,23.292,-16.19,12.952,True
ET_04,other,31.16,0.24307,0.04934,0.98045,8.263,-22.906,6.176,True
ET_04,other,31.17,0.1287,0.02857,0.8942,-8.95,-23.78,-4.098,True
ET_04,other,31.18,-0.02024,0.10911,0.87018,-22.614,-17.172,-11.112,True
ET_04,other,31.19,-0.06631,0.19637,0.8606,-31.589,-4.198,-17.376,True
ET_04,other,31.2,-0.05614,0.27335,0.85404,-30.172,7.132,-14.797,True
ET_04,other,31.21,0.04259,0.35616,0.85547,-21.984,18.769,-11.129,True
ET_04,other,31.220000000000002,0.14174,0.38994,0.93074,-3.467,24.674,-1.502,True
ET_04,other,31.23,0.27375,0.38026,0.97348,12.662,21.226,7.366,True
ET_04,other,31.240000000000002,0.37742,0.30946,1.00364,26.987,13.038,14.016,True
ET_04,other,31.25,0.44519,0.2137,0.99853,32.945,0.701,17.436,True
ET_04,other,31.26,0.39707,0.14919,1.01568,30.231,-11.687,14.835,True
ET_04,other,31.27,0.33281,0.06891,0.99414,15.944,-21.26,8.226,True
ET_04,other,31.28,0.1663,0.04834,0.91651,-1.455,-23.514,0.919,True
ET_04,other,31.29,0.042,0.06716,0.89374,-17.594,-20.532,-10.201,True
ET_04,other,31.3,-0.01256,0.14144,0.84521,-30.276,-11.458,-14.304,True
ET_04,other,31.310000000000002,-0.03145,0.22898,0.83524,-34.47,2.062,-16.658,True
ET_04,other,31.32,-0.03869,0.32676,0.86201,-26.403,14.318,-13.354,True
ET_04,other,31.330000000000002,0.12023,0.36806,0.90275,-12.044,24.878,-5.233,True
ET_04,other,31.34,0.24901,0.40024,0.92178,7.547,22.985,3.173,True
ET_04,other,31.35,0.37598,0.34201,0.97512,21.192,17.525,11.151,True
ET_04,other,31.36,0.39127,0.26418,1.02824,31.779,8.515,16.251,True
ET_04,other,31.37,0.42735,0.19022,0.99987,32.142,-5.659,17.229,True
ET_04,other,31.38,0.32514,0.06172,0.97722,21.996,-17.354,11.833,True
ET_04,other,31.39,0.25225,0.0449,0.96656,7.292,-24.889,3.147,True
ET_04,other,31.400000000000002,0.08854,0.0782,0.89355,-11.434,-22.947,-5.521,True
ET_04,other,31.41,-0.00236,0.07964,0.87636,-26.63,-16.316,-11.648,True
ET_04,other,31.42,-0.049,0.21371,0.81856,-32.032,-4.189,-16.305,True
ET_04,other,31.43,-0.01912,0.3126,0.85331,-29.231,9.59,-14.793,True
ET_04,other,31.44,0.06606,0.35931,0.88221,-18.237,18.915,-9.516,True
ET_04,other,31.45,0.17639,0.41625,0.9204,-1.988,23.963,-0.748,True
ET_04,other,31.46,0.31068,0.39343,0.95233,15.792,21.069,7.914,True
ET_04,other,31.470000000000002,0.40853,0.28155,1.00342,28.721,12.06,14.075,True
ET_04,other,31.48,0.45304,0.2047,1.01435,33.061,-0.268,16.374,True
ET_04,other,31.490000000000002,0.3748,0.12248,0.96167,27.179,-12.981,13.447,True
ET_04,other,31.5,0.27,0.05472,0.9741,14.314,-20.874,6.976,True
ET_04,other,31.51,0.17469,0.02591,0.92645,-1.583,-24.111,-2.27,True
ET_04,other,31.52,0.05099,0.07589,0.89799,-18.979,-18.462,-8.62,True
ET_04,other,31.53,-0.03709,0.17764,0.8663,-30.999,-8.566,-15.386,True
ET_04,other,31.54,-0.04888,0.23985,0.8387,-33.086,4.389,-16.153,True
ET_04,other,31.55,0.01166,0.31685,0.8377,-24.773,15.263,-13.009,True
ET_04,other,31.560000000000002,0.09704,0.3849,0.92242,-9.446,22.309,-4.644,True
ET_04,other,31.57,0.25323,0.39877,0.96606,7.534,21.515,4.563,True
ET_04,other,31.580000000000002,0.33821,0.34449,0.97956,23.319,16.326,12.868,True
ET_04,other,31.59,0.43535,0.2899,0.99317,31.327,6.754,15.05,True
ET_04,other,31.6,0.40632,0.18125,1.02776,30.871,-7.244,14.139,True
ET_04,other,31.61,0.32905,0.07648,0.99887,20.948,-18.171,9.833,True
ET_04,other,31.62,0.22741,0.04293,0.96435,4.044,-23.721,2.87,True
ET_04,other,31.63,0.09923,0.08127,0.88614,-13.76,-21.821,-6.333,True
ET_04,other,31.64,-0.0051,0.13644,0.8559,-27.168,-13.852,-12.528,True
ET_04,other,31.650000000000002,-0.04633,0.20026,0.85898,-31.587,-1.836,-16.266,True
ET_04,other,31.66,-0.02168,0.29471,0.86178,-30.024,10.826,-13.719,True
ET_04,other,31.67,0.0663,0.38913,0.88321,-15.932,19.314,-7.12,True
ET_04,other,31.68,0.1805,0.40918,0.94855,0.153,24.19,0.118,True
ET_04,other,31.69,0.28095,0.36389,0.97459,15.646,20.193,7.724,True
ET_04,other,31.7,0.38854,0.30561,1.00012,28.114,10.849,13.793,True
ET_04,other,31.71,0.40746,0.21831,1.01156,32.316,-2.339,15.474,True
ET_04,other,31.720000000000002,0.39416,0.09597,0.98958,24.223,-14.546,13.882,True
ET_04,other,31.73,0.2898,0.04959,0.95275,12.144,-23.106,8.567,True
ET_04,other,31.740000000000002,0.16966,0.08107,0.91526,-4.954,-22.633,-0.852,True
ET_04,other,31.75,0.04143,0.10036,0.88062,-19.789,-18.401,-9.51,True
ET_04,other,31.76,-0.01835,0.16124,0.82988,-31.04,-8.043,-14.2,True
ET_04,other,31.77,-0.01834,0.26525,0.85797,-31.135,4.495,-16.765,True
ET_04,other,31.78,0.01634,0.35334,0.88822,-23.48,16.584,-10.647,True
ET_04,other,31.79,0.12982,0.3853,0.88811,-7.093,21.795,-3.971,True
ET_04,other,31.8,0.29298,0.3752,0.93384,10.402,22.162,4.36,True
ET_04,other,31.810000000000002,0.39441,0.3212,0.9791,23.353,14.501,13.769,True
ET_04,other,31.82,0.41584,0.21612,0.98675,31.052,3.504,14.824,True
ET_04,other,31.830000000000002,0.39778,0.16471,1.0275,28.44,-9.64,14.215,True
ET_04,other,31.84,0.29499,0.07785,0.97527,18.141,-17.143,8.493,True
ET_04,other,31.85,0.1975,0.06402,0.9227,2.994,-23.863,1.582,True
ET_04,other,31.86,0.11475,0.06367,0.89531,-13.785,-20.441,-5.913,True
ET_04,other,31.87,0.0027,0.14749,0.8392,-27.895,-11.489,-14.588,True
ET_04,other,31.88,-0.03434,0.24177,0.83115,-32.193,0.597,-15.461,True
ET_04,other,31.89,0.00563,0.30611,0.84398,-26.829,12.174,-12.985,True
ET_04,other,31.900000000000002,0.10434,0.38432,0.91817,-14.939,20.145,-6.837,True
ET_04,other,31.91,0.20759,0.39266,0.94707,2.341,22.42,1.221,True
ET_04,other,31.92,0.3253,0.34751,0.96766,18.117,18.004,8.517,True
ET_04,other,31.93,0.39276,0.30763,1.01287,28.369,9.06,15.454,True
ET_04,other,31.94,0.43789,0.17836,0.9848,31.099,-2.902,14.701,True
ET_04,other,31.95,0.35266,0.12643,0.98596,24.358,-14.486,12.671,True
ET_04,other,31.96,0.28225,0.06512,0.95687,8.791,-19.661,4.932,True
ET_04,other,31.970000000000002,0.15938,0.06416,0.89437,-5.962,-21.565,-1.661,True
ET_04,other,31.98,0.04257,0.09063,0.87806,-21.622,-16.676,-11.342,True
ET_04,other,31.990000000000002,-0.01341,0.19951,0.83507,-29.699,-6.34,-14.428,True
ET_04,other,32.0,-0.03966,0.27148,0.85538,-28.39,5.877,-13.926,True
ET_04,other,32.01,0.0749,0.33168,0.88933,-19.517,17.458,-9.614,True
ET_04,other,32.02,0.14051,0.37012,0.9039,-5.399,22.271,-1.083,True
ET_04,other,32.03,0.30626,0.37475,0.96782,10.842,20.406,4.946,True
ET_04,other,32.04,0.3514,0.2998,0.9916,24.413,14.058,12.293,True
ET_04,other,32.05,0.41478,0.21682,1.00548,29.49,2.138,15.101,True
ET_04,other,32.06,0.40414,0.1492,0.98488,27.245,-10.31,13.456,True
ET_04,other,32.07,0.32523,0.08895,0.9598,15.002,-18.31,8.25,True
ET_04,other,32.08,0.19682,0.0842,0.89826,0.472,-23.744,1.268,True
ET_04,other,32.09,0.1095,0.07069,0.8774,-16.089,-18.036,-7.049,True
ET_04,other,32.1,0.00416,0.15137,0.86434,-25.424,-10.102,-12.588,True
ET_04,other,32.11,-0.04863,0.21321,0.84428,-28.202,1.122,-14.809,True
ET_04,other,32.12,0.02126,0.30939,0.84871,-24.336,13.327,-11.407,True
ET_04,other,32.13,0.07851,0.3284,0.88014,-11.404,19.862,-5.74,True
ET_04,other,32.14,0.27469,0.36062,0.95683,3.37,20.09,1.894,True
ET_04,other,32.15,0.34481,0.34434,0.95633,18.306,17.342,9.065,True
ET_04,other,32.160000000000004,0.38585,0.26581,1.02465,27.441,8.245,13.529,True
ET_04,other,32.17,0.39585,0.19405,1.01836,27.961,-3.975,14.35,True
ET_04,other,32.18,0.34692,0.09248,0.98259,21.892,-13.828,10.278,True
ET_04,other,32.19,0.28531,0.0871,0.94741,7.713,-20.718,3.594,True
ET_04,other,32.2,0.15929,0.09088,0.90857,-8.733,-20.752,-3.896,True
ET_04,other,32.21,0.04353,0.12876,0.90828,-22.146,-14.332,-9.914,True
ET_04,other,32.22,-0.00713,0.19299,0.86402,-28.875,-3.638,-14.073,True
ET_04,other,32.230000000000004,0.02309,0.27278,0.87071,-27.954,8.931,-14.181,True
ET_04,other,32.24,0.06902,0.33642,0.87059,-17.067,16.699,-10.062,True
ET_04,other,32.25,0.19186,0.36372,0.92302,-3.416,21.329,-2.155,True
ET_04,other,32.26,0.26467,0.35679,0.96789,13.143,20.004,7.179,True
ET_04,other,32.27,0.37314,0.3253,0.9856,22.431,11.908,11.695,True
ET_04,other,32.28,0.41063,0.1988,1.01593,26.597,-0.168,11.908,True
ET_04,other,32.29,0.3941,0.14147,0.98932,25.212,-11.374,11.482,True
ET_04,other,32.3,0.32689,0.11677,0.95198,13.179,-18.326,5.704,True
ET_04,other,32.31,0.19639,0.09122,0.90048,-1.919,-20.682,-0.153,True
ET_04,other,32.32,0.0762,0.11559,0.87743,-16.204,-16.613,-8.27,True
ET_04,other,32.33,0.02872,0.151,0.85094,-23.906,-8.534,-12.816,True
ET_04,other,32.34,-0.00082,0.23466,0.87221,-27.856,3.77,-14.061,True
ET_04,other,32.35,0.02209,0.3376,0.85036,-22.406,12.801,-10.99,True
ET_04,other,32.36,0.11827,0.35601,0.89576,-8.661,17.716,-4.494,True
ET_04,other,32.37,0.23543,0.3615,0.94854,5.313,19.478,3.539,True
ET_04,other,32.38,0.34277,0.35016,0.97454,18.634,12.964,10.133,True
ET_04,other,32.39,0.37113,0.26085,0.99592,26.199,5.578,12.498,True
ET_04,other,32.4,0.37635,0.16358,0.96949,26.957,-5.499,13.149,True
ET_04,other,32.410000000000004,0.3181,0.09735,0.9454,16.886,-14.437,9.096,True
ET_04,other,32.42,0.22474,0.07527,0.94822,3.319,-20.188,2.607,True
ET_04,other,32.43,0.15658,0.08747,0.8997,-9.353,-18.56,-4.967,True
ET_04,other,32.44,0.04439,0.13598,0.85362,-21.455,-11.05,-11.851,True
ET_04,other,32.45,0.0124,0.22799,0.85966,-27.532,-3.498,-12.965,True
ET_04,other,32.46,0.0306,0.28513,0.87747,-24.284,7.786,-12.238,True
ET_04,other,32.47,0.07212,0.35793,0.8747,-15.28,16.833,-7.792,True
ET_04,other,32.480000000000004,0.19794,0.37058,0.91767,-1.424,18.246,-2.85,True
ET_04,other,32.49,0.29984,0.36024,0.9701,13.348,18.515,4.67,True
ET_04,other,32.5,0.37136,0.32198,0.99836,22.425,9.902,12.19,True
ET_04,other,32.51,0.43124,0.21729,0.97758,25.291,-0.682,12.731,True
ET_04,other,32.52,0.34567,0.15848,0.96303,19.686,-11.426,11.578,True
ET_04,other,32.53,0.28573,0.09856,0.96134,9.85,-17.987,5.666,True
ET_04,other,32.54,0.1764,0.07777,0.90413,-1.244,-19.246,-0.904,True
ET_04,other,32.55,0.0732,0.11991,0.87048,-16.672,-14.433,-7.646,True
ET_04,other,32.56,0.02093,0.18896,0.86551,-24.14,-6.091,-11.464,True
ET_04,other,32.57,0.01588,0.2738,0.83648,-25.235,3.753,-11.472,True
ET_04,other,32.58,0.0572,0.30569,0.86368,-18.043,14.703,-9.063,True
ET_04,other,32.59,0.17488,0.35416,0.94567,-5.692,17.557,-3.481,True
ET_04,other,32.6,0.26362,0.35544,0.93617,7.824,19.334,5.389,True
ET_04,other,32.61,0.34478,0.29958,0.97391,18.957,12.888,8.878,True
ET_04,other,32.62,0.39713,0.29024,1.00707,25.395,2.181,13.278,True
ET_04,other,32.63,0.35623,0.16631,0.99654,22.669,-7.161,10.568,True
ET_04,other,32.64,0.30238,0.14284,0.97502,15.595,-14.715,8.144,True
ET_04,other,32.65,0.21236,0.08558,0.94574,4.21,-18.804,2.124,True
ET_04,other,32.660000000000004,0.1391,0.1113,0.90442,-10.01,-17.524,-5.624,True
ET_04,other,32.67,0.04554,0.17392,0.85068,-19.765,-10.079,-10.384,True
ET_04,other,32.68,0.01871,0.22051,0.84817,-24.356,-0.547,-11.81,True
ET_04,other,32.69,0.03593,0.29314,0.87683,-20.128,9.162,-11.803,True
ET_04,other,32.7,0.1134,0.33086,0.89851,-12.502,16.124,-6.28,True
ET_04,other,32.71,0.2109,0.34366,0.93079,1.069,18.108,1.863,True
ET_04,other,32.72,0.31269,0.3281,0.98391,14.406,15.467,6.759,True
ET_04,other,32.730000000000004,0.37547,0.2922,0.97334,23.671,5.376,10.255,True
ET_04,other,32.74,0.36164,0.20177,1.00317,25.049,-2.059,11.686,True
ET_04,other,32.75,0.35529,0.16645,0.95027,17.888,-10.255,8.627,True
ET_04,other,32.76,0.29445,0.10077,0.95043,9.904,-18.171,3.625,True
ET_04,other,32.77,0.1902,0.11451,0.90679,-4.983,-18.188,-1.343,True
ET_04,other,32.78,0.08792,0.11737,0.87264,-17.609,-14.14,-10.162,True
ET_04,other,32.79,0.03362,0.1906,0.85936,-23.397,-4.342,-11.043,True
ET_04,other,32.8,-0.00761,0.25277,0.88545,-22.898,4.964,-12.187,True
ET_04,other,32.81,0.09782,0.33023,0.87888,-18.304,11.897,-7.858,True
ET_04,other,32.82,0.15449,0.31867,0.91484,-5.474,16.961,-2.6,True
ET_04,other,32.83,0.25275,0.33771,0.94742,8.25,16.945,4.858,True
ET_04,other,32.84,0.34684,0.28056,0.95528,18.966,10.311,7.819,True
ET_04,other,32.85,0.36645,0.22038,0.97641,24.468,3.371,12.536,True
ET_04,other,32.86,0.37892,0.16613,1.01013,21.43,-6.264,10.226,True
ET_04,other,32.87,0.30257,0.12348,0.97528,13.589,-14.915,6.107,True
ET_04,other,32.88,0.16623,0.09302,0.93745,0.858,-17.407,0.174,True
ET_04,other,32.89,0.12582,0.12242,0.87133,-10.823,-15.147,-5.309,True
ET_04,other,32.9,0.03184,0.16593,0.87044,-19.178,-8.099,-9.178,True
ET_04,other,32.910000000000004,0.01431,0.23564,0.88507,-22.979,0.463,-11.318,True
ET_04,other,32.92,0.0336,0.2759,0.87685,-18.645,9.267,-10.323,True
ET_04,other,32.93,0.12881,0.34819,0.90834,-11.826,13.964,-4.804,True
ET_04,other,32.94,0.206,0.37552,0.97366,1.957,17.358,2.964,True
ET_04,other,32.95,0.29218,0.31713,0.94469,14.623,12.43,7.056,True
ET_04,other,32.96,0.34338,0.30006,0.96671,20.988,6.55,10.316,True
ET_04,other,32.97,0.318,0.22085,1.00338,20.341,-2.926,12.337,True
ET_04,other,32.980000000000004,0.33034,0.14039,0.93878,17.335,-10.638,9.072,True
ET_04,other,32.99,0.2523,0.10685,0.96214,7.935,-15.232,4.07,True
ET_04,other,33.0,0.20217,0.10148,0.90169,-5.431,-16.825,-2.676,True
ET_04,other,33.01,0.10123,0.12655,0.8749,-16.577,-10.991,-8.932,True
ET_04,other,33.02,0.04949,0.19621,0.83692,-23.264,-3.549,-11.233,True
ET_04,other,33.03,0.04332,0.24797,0.89285,-21.821,7.83,-11.075,True
ET_04,other,33.04,0.13567,0.33061,0.90256,-15.724,12.029,-5.945,True
ET_04,other,33.05,0.18094,0.36293,0.90644,-3.868,15.033,-1.12,True
ET_04,other,33.06,0.26009,0.32134,0.9414,8.094,15.049,3.94,True
ET_04,other,33.07,0.35417,0.2903,0.98209,18.009,10.816,8.34,True
ET_04,other,33.08,0.34573,0.2134,0.99814,22.223,-0.083,10.277,True
ET_04,other,33.09,0.32842,0.17246,0.98386,19.309,-6.451,8.994,True
ET_04,other,33.1,0.28596,0.11927,0.95951,11.186,-14.085,6.285,True
ET_04,other,33.11,0.2019,0.10603,0.91832,-0.667,-16.63,0.119,True
ET_04,other,33.12,0.11057,0.1111,0.87273,-11.241,-13.21,-6.143,True
ET_04,other,33.13,0.022,0.16725,0.85768,-18.131,-6.296,-11.136,True
ET_04,other,33.14,0.04165,0.20977,0.887,-22.42,1.429,-10.309,True
ET_04,other,33.15,0.06077,0.29217,0.89691,-17.809,10.057,-9.059,True
ET_04,other,33.160000000000004,0.15231,0.33053,0.89655,-7.111,14.84,-4.379,True
ET_04,other,33.17,0.22731,0.3339,0.95122,4.29,14.5,0.571,True
ET_04,other,33.18,0.3251,0.30277,1.00105,12.267,11.554,7.372,True
ET_04,other,33.19,0.35614,0.2741,0.98476,20.005,4.398,10.005,True
ET_04,other,33.2,0.34312,0.19287,0.98928,20.695,-2.711,10.899,True
ET_04,other,33.21,0.29679,0.17195,0.96556,15.328,-10.155,7.562,True
ET_04,other,33.22,0.21838,0.11263,0.95194,4.679,-14.789,1.299,True
ET_04,other,33.230000000000004,0.14342,0.15838,0.89714,-7.349,-15.396,-2.507,True
ET_04,other,33.24,0.05272,0.16029,0.88151,-15.142,-9.94,-7.475,True
ET_04,other,33.25,0.06946,0.19997,0.86786,-20.314,-0.607,-12.367,True
ET_04,other,33.26,0.0325,0.28681,0.87339,-19.352,6.318,-9.881,True
ET_04,other,33.27,0.1049,0.31417,0.88689,-11.868,12.36,-4.001,True
ET_04,other,33.28,0.15726,0.34409,0.92714,0.059,16.078,-0.207,True
ET_04,other,33.29,0.27239,0.33203,0.95179,9.236,12.553,5.0,True
ET_04,other,33.3,0.31828,0.29345,0.97734,17.445,7.546,8.951,True
ET_04,other,33.31,0.36444,0.21089,1.0138,19.765,0.391,11.263,True
ET_04,other,33.32,0.32222,0.16257,1.00548,15.766,-8.283,7.98,True
ET_04,other,33.33,0.27401,0.12127,0.95083,8.802,-13.848,4.798,True
ET_04,other,33.34,0.16567,0.13843,0.9444,-2.178,-14.668,0.272,True
ET_04,other,33.35,0.07703,0.1337,0.88928,-12.776,-12.68,-6.917,True
ET_04,other,33.36,0.01939,0.16482,0.87735,-19.932,-5.97,-9.29,True
ET_04,other,33.37,0.03978,0.24608,0.8864,-22.529,2.668,-9.325,True
ET_04,other,33.38,0.0556,0.3168,0.89993,-16.243,9.738,-8.012,True
ET_04,other,33.39,0.15664,0.32749,0.89803,-6.731,14.74,-3.301,True
ET_04,other,33.4,0.23215,0.33027,0.93932,5.53,16.145,3.22,True
ET_04,other,33.410000000000004,0.2871,0.31172,0.97747,13.449,10.344,5.731,True
ET_04,other,33.42,0.34744,0.25261,0.9598,19.491,4.159,9.913,True
ET_04,other,33.43,0.33945,0.17919,0.99437,18.902,-4.907,9.367,True
ET_04,other,33.44,0.29057,0.11544,0.96508,12.225,-11.366,8.055,True
ET_04,other,33.45,0.22014,0.11563,0.94523,3.056,-14.246,1.149,True
ET_04,other,33.46,0.14311,0.12588,0.89761,-7.844,-13.519,-4.629,True
ET_04,other,33.47,0.10402,0.14098,0.91741,-18.051,-9.379,-8.753,True
ET_04,other,33.480000000000004,0.04234,0.21939,0.87329,-19.181,-1.627,-10.365,True
ET_04,other,33.49,0.04935,0.26688,0.87771,-17.548,7.086,-7.951,True
ET_04,other,33.5,0.13015,0.32099,0.89329,-9.533,11.972,-5.549,True
ET_04,other,33.51,0.19445,0.31273,0.92574,0.475,16.35,1.245,True
ET_04,other,33.52,0.2521,0.31239,0.95763,10.337,12.872,5.044,True
ET_04,other,33.53,0.32793,0.286,0.97089,17.11,5.319,9.16,True
ET_04,other,33.54,0.35609,0.23551,1.00186,20.137,-1.81,10.952,True
ET_04,other,33.55,0.30819,0.15737,0.98157,15.384,-8.157,7.988,True
ET_04,other,33.56,0.26717,0.14434,0.96063,9.243,-13.016,3.435,True
ET_04,other,33.57,0.1604,0.13481,0.9368,-4.429,-14.779,-0.811,True
ET_04,other,33.58,0.10723,0.12915,0.88599,-12.916,-13.0,-7.059,True
ET_04,other,33.59,0.03676,0.19961,0.86033,-17.792,-4.816,-9.65,True
ET_04,other,33.6,0.02908,0.24765,0.89358,-19.123,3.923,-10.033,True
ET_04,other,33.61,0.09727,0.27621,0.89895,-14.448,9.61,-6.543,True
ET_04,other,33.62,0.16966,0.34322,0.94942,-4.083,15.675,-1.992,True
ET_04,other,33.63,0.21658,0.33658,0.94839,6.366,14.487,3.242,True
ET_04,other,33.64,0.32813,0.28891,0.93974,15.15,9.583,7.428,True
ET_04,other,33.65,0.32329,0.21465,0.99071,18.786,2.682,10.002,True
ET_04,other,33.660000000000004,0.33241,0.16209,0.96986,18.107,-5.449,7.762,True
ET_04,other,33.67,0.25743,0.12566,0.97462,10.912,-11.396,5.938,True
ET_04,other,33.68,0.19679,0.10999,0.93783,2.287,-13.833,0.612,True
ET_04,other,33.69,0.13855,0.11988,0.91505,-8.381,-11.655,-4.118,True
ET_04,other,33.7,0.07128,0.15828,0.89952,-17.048,-7.815,-7.423,True
ET_04,other,33.71,0.04457,0.22547,0.88982,-21.189,0.987,-10.589,True
ET_04,other,33.72,0.04461,0.28208,0.88709,-16.429,7.889,-8.027,True
ET_04,other,33.730000000000004,0.12741,0.3148,0.89945,-8.198,12.546,-3.56,True
ET_04,other,33.74,0.21232,0.32638,0.9418,1.864,15.792,-0.127,True
ET_04,other,33.75,0.23951,0.29194,0.95052,11.59,11.607,4.971,True
ET_04,other,33.76,0.29832,0.23651,0.98636,17.618,5.847,7.679,True
ET_04,other,33.77,0.34256,0.20209,1.00104,20.316,-1.382,10.101,True
ET_04,other,33.78,0.29456,0.14498,0.97631,15.546,-9.227,8.198,True
ET_04,other,33.79,0.23647,0.1292,0.94199,6.523,-14.79,4.373,True
ET_04,other,33.8,0.15517,0.10829,0.93596,-4.688,-15.772,-3.5,True
ET_04,other,33.81,0.06731,0.16367,0.91605,-15.277,-10.716,-7.073,True
ET_04,other,33.82,0.0376,0.20358,0.86213,-18.899,-4.045,-11.011,True
ET_04,other,33.83,0.047,0.22304,0.86796,-17.873,5.051,-8.838,True
ET_04,other,33.84,0.11913,0.28891,0.89467,-12.277,11.178,-7.171,True
ET_04,other,33.85,0.1507,0.31556,0.93137,-4.183,13.79,-1.034,True
ET_04,other,33.86,0.24292,0.31881,0.95173,7.111,13.646,4.523,True
ET_04,other,33.87,0.33964,0.26754,0.96708,15.954,10.64,7.485,True
ET_04,other,33.88,0.31597,0.23616,0.99106,20.15,1.167,10.533,True
ET_04,other,33.89,0.30172,0.14972,0.99427,17.916,-8.031,9.014,True
ET_04,other,33.9,0.25084,0.12342,0.9448,9.748,-12.584,4.831,True
ET_04,other,33.910000000000004,0.18312,0.09344,0.92335,0.286,-14.769,0.285,True
ET_04,other,33.92,0.10764,0.0963,0.89481,-10.369,-12.473,-5.468,True
ET_04,other,33.93,0.03859,0.17515,0.89514,-16.882,-6.732,-8.594,True
ET_04,other,33.94,0.01048,0.23168,0.89084,-20.129,1.437,-10.303,True
ET_04,other,33.95,0.03898,0.27299,0.87088,-15.743,9.045,-7.801,True
ET_04,other,33.96,0.13427,0.31989,0.93799,-8.148,12.104,-4.019,True
ET_04,other,33.97,0.2094,0.32825,0.89674,3.427,13.425,0.5,True
ET_04,other,33.980000000000004,0.28839,0.28576,0.969,11.61,10.499,5.368,True
ET_04,other,33.99,0.30924,0.26021,0.96197,18.088,4.979,8.38,True
ET_04,other,34.0,0.3252,0.19771,0.99524,20.118,-3.26,10.074,True
ET_04,other,34.01,0.2777,0.13528,0.95988,14.841,-9.511,7.773,True
ET_04,other,34.02,0.23667,0.12031,0.94815,4.698,-14.031,1.428,True
ET_04,other,34.03,0.13768,0.15192,0.91671,-4.755,-15.371,-2.944,True
ET_04,other,34.04,0.07239,0.14188,0.89849,-15.343,-9.64,-7.774,True
ET_04,other,34.05,0.02059,0.19505,0.85851,-19.934,-2.85,-10.166,True
ET_04,other,34.06,0.03546,0.25301,0.88241,-19.831,5.694,-9.865,True
ET_04,other,34.07,0.10444,0.28806,0.93504,-12.631,11.729,-5.878,True
ET_04,other,34.08,0.16476,0.31453,0.92907,-2.369,15.285,-0.873,True
ET_04,other,34.09,0.26957,0.31634,0.95598,8.665,14.112,5.145,True
ET_04,other,34.1,0.33632,0.2755,0.98872,18.287,8.039,8.892,True
ET_04,other,34.11,0.32956,0.23339,1.00248,20.777,-0.841,9.319,True
ET_04,other,34.12,0.31277,0.15628,0.95572,17.718,-7.578,9.226,True
ET_04,other,34.13,0.23597,0.1158,0.95691,8.997,-13.66,3.985,True
ET_04,other,34.14,0.17801,0.09509,0.91998,-1.043,-15.36,-0.374,True
ET_04,other,34.15,0.09897,0.12573,0.91202,-11.292,-12.503,-5.315,True
ET_04,other,34.160000000000004,0.06786,0.17134,0.87088,-17.543,-3.786,-10.012,True
ET_04,other,34.17,0.01936,0.22808,0.89112,-19.768,2.305,-10.952,True
ET_04,other,34.18,0.0636,0.29035,0.89038,-14.982,8.402,-7.886,True
ET_04,other,34.19,0.11091,0.33487,0.91785,-7.629,15.691,-3.687,True
ET_04,other,34.2,0.20859,0.31677,0.95554,4.64,15.463,2.049,True
ET_04,other,34.21,0.29351,0.28512,0.97821,14.879,11.196,7.211,True
ET_04,other,34.22,0.31608,0.23962,1.01169,20.03,4.167,10.93,True
ET_04,other,34.230000000000004,0.29608,0.20262,0.97259,19.793,-4.916,9.216,True
ET_04,other,34.24,0.28918,0.11936,0.9675,14.474,-11.553,6.725,True
ET_04,other,34.25,0.17445,0.10257,0.96566,3.799,-14.957,3.839,True
ET_04,other,34.26,0.12676,0.09381,0.91101,-8.413,-14.03,-4.379,True
ET_04,other,34.27,0.03907,0.14338,0.86782,-18.775,-9.705,-9.438,True
ET_04,other,34.28,0.01398,0.19504,0.86601,-20.92,-1.25,-8.789,True
ET_04,other,34.29,0.037,0.23404,0.86726,-18.384,6.829,-10.031,True
ET_04,other,34.300000000000004,0.07726,0.28702,0.92954,-11.431,12.705,-6.692,True
ET_04,other,34.31,0.17799,0.34631,0.93582,-0.796,16.569,-0.124,True
ET_04,other,34.32,0.26244,0.32277,0.97419,10.28,12.754,6.312,True
ET_04,other,34.33,0.31056,0.26431,0.97641,18.287,7.986,10.186,True
ET_04,other,34.34,0.32744,0.19505,0.97337,20.542,-0.659,12.141,True
ET_04,other,34.35,0.30258,0.14898,0.98295,18.478,-9.078,8.159,True
ET_04,other,34.36,0.21198,0.0814,0.94347,9.699,-14.921,5.149,True
ET_04,other,34.37,0.16689,0.09145,0.92511,-3.38,-15.462,-2.664,True
ET_04,other,34.38,0.04881,0.15074,0.91667,-13.579,-13.296,-6.797,True
ET_04,other,34.39,0.00726,0.15103,0.88429,-20.781,-5.212,-10.768,True
ET_04,other,34.4,0.02188,0.19353,0.87556,-20.9,3.092,-10.924,True
ET_04,other,34.410000000000004,0.05561,0.3034,0.87486,-16.098,10.915,-9.187,True
ET_04,other,34.42,0.12215,0.35191,0.91204,-6.095,14.601,-3.164,True
ET_04,other,34.43,0.22649,0.30226,0.95282,7.326,15.177,2.582,True
ET_04,other,34.44,0.28715,0.27247,0.98652,15.721,10.586,7.385,True
ET_04,other,34.45,0.31751,0.21586,1.00427,22.694,3.535,10.251,True
ET_04,other,34.46,0.26737,0.16859,0.99642,20.888,-4.908,11.372,True
ET_04,other,34.47,0.26251,0.11493,0.98847,12.205,-13.669,7.006,True
ET_04,other,34.480000000000004,0.20919,0.07565,0.97287,2.395,-15.644,0.876,True
ET_04,other,34.49,0.09963,0.09309,0.93772,-9.216,-16.779,-5.247,True
ET_04,other,34.5,-0.01093,0.1453,0.90174,-19.878,-9.739,-10.052,True
ET_04,other,34.51,0.01354,0.19863,0.86198,-22.709,-0.267,-9.359,True
ET_04,other,34.52,0.01212,0.28257,0.88884,-21.151,8.833,-10.541,True
ET_04,other,34.53,0.08659,0.34702,0.92298,-11.584,13.778,-5.129,True
ET_04,other,34.54,0.17485,0.315,0.93182,0.697,16.758,0.516,True
ET_04,other,34.550000000000004,0.24544,0.31902,0.95456,12.112,12.53,5.651,True
ET_04,other,34.56,0.30361,0.2672,1.00891,21.019,6.441,10.822,True
ET_04,other,34.57,0.3378,0.20061,1.0023,22.613,-1.809,11.251,True
ET_04,other,34.58,0.30552,0.15133,0.97735,18.756,-10.141,9.173,True
ET_04,other,34.59,0.20427,0.09911,0.97987,7.437,-15.915,4.284,True
ET_04,other,34.6,0.14359,0.09603,0.91684,-3.206,-15.254,-2.711,True
ET_04,other,34.61,0.05312,0.10972,0.87516,-15.91,-12.476,-9.07,True
ET_04,other,34.62,-0.01421,0.19472,0.89004,-21.535,-4.531,-9.905,True
ET_04,other,34.63,-0.00476,0.26032,0.88168,-21.394,5.598,-11.003,True
ET_04,other,34.64,0.02591,0.31622,0.88734,-13.433,12.663,-8.85,True
ET_04,other,34.65,0.1381,0.33268,0.91436,-3.506,16.288,-1.835,True
ET_04,other,34.660000000000004,0.19898,0.32677,0.97127,9.124,15.87,4.097,True
ET_04,other,34.67,0.29394,0.26657,0.96979,18.617,11.006,9.394,True
ET_04,other,34.68,0.33176,0.24638,1.00416,23.336,2.36,13.783,True
ET_04,other,34.69,0.31143,0.14627,1.0141,21.527,-7.515,10.69,True
ET_04,other,34.7,0.27716,0.09977,0.9839,14.726,-14.942,6.863,True
ET_04,other,34.71,0.16726,0.07529,0.94595,0.131,-17.41,0.994,True
ET_04,other,34.72,0.05312,0.09742,0.90508,-10.858,-14.333,-5.115,True
ET_04,other,34.730000000000004,-0.01757,0.15548,0.89132,-21.9,-10.057,-11.204,True
ET_04,other,34.74,-0.02052,0.21398,0.88971,-24.502,-0.835,-12.971,True
ET_04,other,34.75,0.0048,0.2687,0.89326,-20.723,9.122,-10.237,True
ET_04,other,34.76,0.03983,0.32353,0.95293,-9.677,16.64,-4.439,True
ET_04,other,34.77,0.17447,0.31704,0.95653,2.246,19.244,-0.149,True
ET_04,other,34.78,0.27532,0.3087,0.99127,15.736,13.617,7.387,True
ET_04,other,34.79,0.32656,0.24623,1.01117,23.128,7.175,11.703,True
ET_04,other,34.800000000000004,0.3371,0.18356,1.02218,24.251,-2.417,11.866,True
ET_04,other,34.81,0.28336,0.10356,0.98379,17.776,-11.881,10.015,True
ET_04,other,34.82,0.21315,0.06817,0.96088,6.982,-18.147,3.926,True
ET_04,other,34.83,0.11397,0.04816,0.92259,-6.715,-18.285,-4.358,True
ET_04,other,34.84,0.01421,0.09613,0.90178,-19.376,-12.87,-10.133,True
ET_04,other,34.85,-0.02863,0.18055,0.8604,-25.099,-3.347,-12.006,True
ET_04,other,34.86,-0.02336,0.25204,0.89513,-25.091,5.116,-12.406,True
ET_04,other,34.87,0.03357,0.31256,0.91508,-14.575,13.939,-8.903,True
ET_04,other,34.88,0.10988,0.33273,0.97613,-0.469,19.265,-1.007,True
ET_04,other,34.89,0.21001,0.33952,0.9715,10.634,17.496,6.961,True
ET_04,other,34.9,0.30257,0.29622,0.99131,21.951,9.284,10.137,True
ET_04,other,34.910000000000004,0.34335,0.18746,1.03994,25.328,-1.534,12.893,True
ET_04,other,34.92,0.32841,0.09902,1.00307,22.157,-8.388,10.625,True
ET_04,other,34.93,0.24272,0.06971,0.98678,12.892,-16.594,6.693,True
ET_04,other,34.94,0.14789,0.07449,0.95332,0.18,-17.393,-0.108,True
ET_04,other,34.95,0.04226,0.08576,0.8885,-13.679,-15.696,-8.277,True
ET_04,other,34.96,-0.03855,0.15382,0.87964,-23.127,-7.428,-10.836,True
ET_04,other,34.97,-0.02882,0.21986,0.88349,-25.998,2.336,-11.963,True
ET_04,other,34.980000000000004,0.00263,0.28848,0.91053,-21.444,13.191,-9.695,True
ET_04,other,34.99,0.08112,0.33599,0.91651,-10.537,17.56,-4.065,True
ET_04,other,35.0,0.21331,0.34185,0.97305,4.735,19.073,3.754,True
ET_04,other,35.01,0.26338,0.28634,0.98145,17.452,14.559,9.256,True
ET_04,other,35.02,0.34662,0.22517,1.01376,24.284,5.119,11.878,True
ET_04,other,35.03,0.33073,0.1476,1.02386,25.734,-3.66,12.638,True
ET_04,other,35.04,0.30155,0.09296,0.98428,18.915,-12.496,8.488,True
ET_04,other,35.050000000000004,0.18381,0.047,0.94767,5.22,-19.24,2.957,True
ET_04,other,35.06,0.07572,0.03497,0.91457,-9.755,-18.379,-5.04,True
ET_04,other,35.07,0.00289,0.09184,0.90053,-21.577,-12.852,-9.014,True
ET_04,other,35.08,-0.05265,0.17479,0.87552,-26.837,-3.459,-14.546,True
ET_04,other,35.09,-0.02821,0.27197,0.87384,-24.168,8.41,-12.334,True
ET_04,other,35.1,0.03961,0.29817,0.89815,-14.466,15.174,-8.604,True
ET_04,other,35.11,0.15254,0.34717,0.95787,-2.932,20.674,-1.192,True
ET_04,other,35.12,0.25042,0.31926,0.98679,13.263,15.791,7.248,True
ET_04,other,35.13,0.34434,0.27846,1.00712,22.99,11.395,12.355,True
ET_04,other,35.14,0.31857,0.18843,1.01965,27.758,-0.833,14.353,True
ET_04,other,35.15,0.30058,0.13715,1.02091,22.611,-11.192,12.921,True
ET_04,other,35.160000000000004,0.23376,0.08247,0.96339,13.197,-19.481,5.297,True
ET_04,other,35.17,0.11135,0.05082,0.95285,-0.551,-19.401,-1.159,True
ET_04,other,35.18,0.03078,0.09902,0.91567,-17.555,-17.14,-9.27,True
ET_04,other,35.19,-0.05305,0.14058,0.87711,-26.162,-7.876,-13.258,True
ET_04,other,35.2,-0.054,0.22278,0.86781,-27.316,5.54,-12.772,True
ET_04,other,35.21,-0.00657,0.31325,0.88996,-21.021,14.044,-11.282,True
ET_04,other,35.22,0.10392,0.35046,0.91896,-9.392,18.848,-4.737,True
ET_04,other,35.230000000000004,0.19569,0.33029,0.99657,7.954,19.756,2.802,True
ET_04,other,35.24,0.28236,0.29561,1.00448,19.201,13.561,10.134,True
ET_04,other,35.25,0.34735,0.22318,0.98941,27.366,3.294,13.586,True
ET_04,other,35.26,0.32748,0.15072,1.03303,26.184,-6.646,14.58,True
ET_04,other,35.27,0.30421,0.06559,1.01166,18.035,-16.733,10.636,True
ET_04,other,35.28,0.15211,0.07311,0.96559,3.412,-20.912,1.007,True
ET_04,other,35.29,0.05047,0.04387,0.92514,-12.174,-19.864,-6.046,True
ET_04,other,35.300000000000004,-0.05362,0.09902,0.87778,-23.71,-13.783,-10.914,True
ET_04,other,35.31,-0.06723,0.21569,0.85961,-28.343,-0.624,-15.672,True
ET_04,other,35.32,-0.05478,0.2666,0.89239,-25.107,11.358,-14.674,True
ET_04,other,35.33,0.00567,0.31444,0.92282,-14.54,17.852,-7.905,True
ET_04,other,35.34,0.14924,0.35752,0.97004,-0.056,21.559,-0.473,True
ET_04,other,35.35,0.22233,0.29669,1.00679,14.971,16.954,7.775,True
ET_04,other,35.36,0.32453,0.27041,1.01138,26.51,9.748,12.417,True
ET_04,other,35.37,0.35991,0.18593,1.03779,29.894,-3.02,15.138,True
ET_04,other,35.38,0.32709,0.07334,1.0,23.59,-11.953,12.496,True
ET_04,other,35.39,0.22938,0.04094,0.97555,12.089,-19.812,6.366,True
ET_04,other,35.4,0.08247,0.02509,0.94076,-5.78,-21.864,-1.99,True
ET_04,other,35.410000000000004,-0.01745,0.04186,0.91269,-20.689,-16.351,-10.185,True
ET_04,other,35.42,-0.04931,0.14346,0.86805,-28.682,-7.843,-13.464,True
ET_04,other,35.43,-0.06928,0.22587,0.89458,-28.715,6.241,-13.241,True
ET_04,other,35.44,-0.0293,0.29679,0.87157,-21.227,16.796,-11.904,True
ET_04,other,35.45,0.10123,0.3554,0.91508,-6.816,21.474,-3.651,True
ET_04,other,35.46,0.22594,0.34256,1.00066,8.639,21.263,5.138,True
ET_04,other,35.47,0.31569,0.28723,1.03019,23.814,13.56,11.563,True
ET_04,other,35.480000000000004,0.33874,0.20297,1.02505,29.534,4.544,14.37,True
ET_04,other,35.49,0.33548,0.12049,1.03783,27.75,-9.75,13.114,True
ET_04,other,35.5,0.27255,0.05383,1.00966,18.248,-17.39,8.624,True
ET_04,other,35.51,0.1278,0.05383,0.94796,2.612,-22.242,1.895,True
ET_04,other,35.52,0.0388,0.04486,0.91385,-12.857,-21.264,-8.187,True
ET_04,other,35.53,-0.04151,0.108,0.88553,-26.737,-11.744,-13.554,True
ET_04,other,35.54,-0.09103,0.19345,0.88367,-29.82,-1.476,-14.955,True
ET_04,other,35.550000000000004,-0.06031,0.26741,0.89659,-25.693,12.022,-14.039,True
ET_04,other,35.56,0.05111,0.34945,0.92572,-13.607,19.981,-7.083,True
ET_04,other,35.57,0.16516,0.34945,0.9657,3.647,23.345,0.695,True
ET_04,other,35.58,0.26268,0.30292,1.01621,17.922,19.232,10.898,True
ET_04,other,35.59,0.31297,0.24461,1.00922,29.722,8.418,14.602,True
ET_04,other,35.6,0.37836,0.17508,1.02843,30.454,-3.936,16.253,True
ET_04,other,35.61,0.3175,0.09235,1.03426,24.175,-15.036,13.097,True
ET_04,other,35.62,0.20721,0.01931,1.00133,10.224,-21.401,4.165,True
ET_04,other,35.63,0.06253,0.04691,0.95859,-5.673,-21.818,-2.416,True
ET_04,other,35.64,-0.0457,0.06623,0.93188,-21.744,-15.488,-10.991,True
ET_04,other,35.65,-0.09154,0.11856,0.89393,-28.411,-5.406,-16.85,True
ET_04,other,35.660000000000004,-0.09798,0.24253,0.89748,-29.578,6.934,-15.286,True
ET_04,other,35.67,-0.0405,0.33091,0.91244,-20.602,17.413,-9.014,True
ET_04,other,35.68,0.09567,0.37849,0.94966,-5.573,21.823,-2.168,True
ET_04,other,35.69,0.24401,0.32736,0.99779,12.032,21.505,6.755,True
ET_04,other,35.7,0.2897,0.28268,1.0123,25.861,13.962,14.958,True
ET_04,other,35.71,0.36241,0.1882,1.06393,32.507,2.531,14.562,True
ET_04,other,35.72,0.33423,0.10635,1.05653,26.916,-9.94,12.559,True
ET_04,other,35.730000000000004,0.26262,0.03257,1.02253,17.928,-19.49,6.332,True
ET_04,other,35.74,0.11553,0.01157,0.98538,0.843,-22.556,-0.849,True
ET_04,other,35.75,0.00429,0.04285,0.91706,-15.232,-19.794,-8.304,True
ET_04,other,35.76,-0.07651,0.0749,0.87916,-29.113,-9.657,-13.625,True
ET_04,other,35.77,-0.10786,0.18049,0.89423,-31.414,0.781,-15.522,True
ET_04,other,35.78,-0.0606,0.27899,0.90171,-25.627,12.267,-13.831,True
ET_04,other,35.79,0.03868,0.37234,0.93363,-12.637,21.035,-6.039,True
ET_04,other,35.800000000000004,0.16112,0.34187,0.97072,4.806,23.323,3.089,True
ET_04,other,35.81,0.2665,0.3332,1.00791,20.366,16.638,10.592,True
ET_04,other,35.82,0.36998,0.24464,1.03627,31.345,6.17,15.276,True
ET_04,other,35.83,0.3584,0.15792,1.03995,31.673,-5.363,15.982,True
ET_04,other,35.84,0.27515,0.0639,1.03571,23.513,-16.84,11.614,True
ET_04,other,35.85,0.17567,0.03511,0.99779,6.796,-23.117,3.245,True
ET_04,other,35.86,0.05424,0.01334,0.95459,-9.394,-21.451,-4.996,True
ET_04,other,35.87,-0.04846,0.04326,0.89356,-23.711,-16.28,-12.521,True
ET_04,other,35.88,-0.10998,0.15152,0.86325,-31.601,-5.097,-15.896,True
ET_04,other,35.89,-0.09666,0.25749,0.89698,-29.807,9.748,-14.888,True
ET_04,other,35.9,-0.00953,0.33707,0.90177,-20.357,18.018,-9.804,True
ET_04,other,35.910000000000004,0.07933,0.33392,0.9416,-3.539,23.149,-1.146,True
ET_04,other,35.92,0.21849,0.35434,0.98081,15.051,22.497,7.216,True
ET_04,other,35.93,0.32745,0.30162,1.03711,28.115,12.395,14.629,True
ET_04,other,35.94,0.33181,0.17859,1.05242,32.258,0.138,15.715,True
ET_04,other,35.95,0.29026,0.10228,1.03933,29.313,-13.262,14.945,True
ET_04,other,35.96,0.23939,0.02609,1.00461,14.224,-21.676,8.718,True
ET_04,other,35.97,0.0955,-0.00152,0.96225,-3.326,-23.736,0.185,True
ET_04,other,35.980000000000004,0.00015,0.04307,0.91239,-19.94,-18.961,-9.705,True
ET_04,other,35.99,-0.08245,0.11582,0.88241,-28.616,-10.682,-14.514,True
ET_04,other,36.0,-0.12318,0.18623,0.87022,-34.071,3.609,-17.788,True
ET_04,other,36.01,-0.07612,0.28007,0.88874,-25.695,15.744,-13.84,True
ET_04,other,36.02,0.05673,0.36387,0.93676,-10.211,22.921,-5.058,True
ET_04,other,36.03,0.1778,0.33739,0.98382,7.249,23.371,3.685,True
ET_04,other,36.04,0.30221,0.29864,1.01262,22.199,17.889,11.362,True
ET_04,other,36.050000000000004,0.34867,0.23112,1.05535,31.149,5.612,16.247,True
ET_04,other,36.06,0.35887,0.1216,1.07347,31.043,-6.291,15.907,True
ET_04,other,36.07,0.27616,0.02364,0.99169,21.532,-16.872,10.554,True
ET_04,other,36.08,0.11999,0.02763,0.99502,5.979,-23.283,3.351,True
ET_04,other,36.09,0.00067,-0.00343,0.95473,-12.683,-23.474,-6.239,True
ET_04,other,36.1,-0.08177,0.10552,0.89575,-26.429,-14.716,-12.453,True
ET_04,other,36.11,-0.12055,0.14995,0.8671,-32.04,-0.974,-16.624,True
ET_04,other,36.12,-0.0956,0.25832,0.88332,-28.742,11.764,-14.752,True
ET_04,other,36.13,-0.01335,0.31922,0.89608,-16.389,19.156,-8.826,True
ET_04,other,36.14,0.12439,0.36097,0.98631,-1.602,23.654,0.593,True
ET_04,other,36.15,0.24575,0.33685,1.04346,15.596,20.961,9.07,True
ET_04,other,36.160000000000004,0.32928,0.26614,1.03417,30.745,11.188,13.956,True
ET_04,other,36.17,0.35833,0.17147,1.04248,32.198,-2.325,16.026,True
ET_04,other,36.18,0.32726,0.08078,0.99916,26.557,-12.947,12.522,True
ET_04,other,36.19,0.21492,0.03108,0.99608,12.427,-21.191,7.062,True
ET_04,other,36.2,0.05667,0.02609,0.94487,-5.506,-21.462,-3.55,True
ET_04,other,36.21,-0.01372,0.03286,0.90455,-19.353,-19.278,-11.028,True
ET_04,other,36.22,-0.10408,0.11499,0.86877,-30.693,-6.106,-15.793,True
ET_04,other,36.230000000000004,-0.11246,0.22421,0.87312,-32.071,6.839,-16.071,True
ET_04,other,36.24,-0.06277,0.31031,0.89075,-23.381,16.746,-12.321,True
ET_04,other,36.25,0.05448,0.3552,0.98031,-8.504,22.995,-4.665,True
ET_04,other,36.26,0.18195,0.35373,0.9972,9.431,23.59,3.905,True
ET_04,other,36.27,0.29434,0.30743,1.00468,23.866,15.726,12.349,True
ET_04,other,36.28,0.3637,0.22577,1.06144,31.756,3.46,14.621,True
ET_04,other,36.29,0.3415,0.12881,1.04339,29.834,-7.843,15.786,True
ET_04,other,36.300000000000004,0.24326,0.05528,1.02299,19.319,-18.533,9.504,True
ET_04,other,36.31,0.13151,0.00683,1.00354,4.188,-25.345,2.891,True
ET_04,other,36.32,0.00035,0.01656,0.94274,-14.224,-21.73,-8.159,True
ET_04,other,36.33,-0.09122,0.05318,0.85806,-27.887,-14.185,-13.731,True
ET_04,other,36.34,-0.10683,0.16524,0.88941,-32.964,-1.224,-16.247,True
ET_04,other,36.35,-0.09714,0.26146,0.89645,-28.727,11.498,-13.669,True
ET_04,other,36.36,-0.01977,0.3485,0.91363,-17.162,22.559,-7.662,True
ET_04,other,36.37,0.11783,0.35356,0.97081,1.777,24.794,0.934,True
ET_04,other,36.38,0.26628,0.31651,1.0202,17.394,20.265,9.97,True
ET_04,other,36.39,0.35026,0.25572,1.02433,30.48,9.031,14.348,True
ET_04,other,36.4,0.35211,0.17537,1.066,33.303,-3.323,17.258,True
ET_04,other,36.410000000000004,0.3127,0.07266,1.02719,25.464,-14.754,11.792,True
ET_04,other,36.42,0.19067,0.0115,1.01709,10.779,-23.206,7.091,True
ET_04,other,36.43,0.03191,0.00392,0.9446,-6.962,-22.836,-3.867,True
ET_04,other,36.44,-0.04964,0.06799,0.88959,-22.669,-17.528,-12.414,True
ET_04,other,36.45,-0.12965,0.12884,0.88624,-32.49,-5.566,-15.081,True
ET_04,other,36.46,-0.12281,0.23166,0.91019,-31.428,6.507,-16.768,True
ET_04,other,36.47,-0.0924,0.28036,0.91846,-22.364,16.591,-10.989,True
ET_04,other,36.480000000000004,0.0783,0.35671,0.95663,-6.962,23.499,-3.167,True
ET_04,other,36.49,0.18959,0.34801,1.02611,11.441,22.856,4.956,True
ET_04,other,36.5,0.31015,0.29873,1.02138,24.653,15.501,12.621,True
ET_04,other,36.51,0.33877,0.18735,1.05833,32.839,2.936,16.364,True
ET_04,other,36.52,0.3382,0.10524,1.04876,29.583,-10.032,16.81,True
ET_04,other,36.53,0.25403,0.02912,1.02843,17.159,-20.696,9.166,True
ET_04,other,36.54,0.1097,-0.02962,0.97813,1.652,-23.376,0.651,True
ET_04,other,36.550000000000004,-0.0193,0.04332,0.94409,-16.327,-22.175,-8.806,True
ET_04,other,36.56,-0.09252,0.11376,0.89318,-29.478,-11.537,-15.627,True
ET_04,other,36.57,-0.13487,0.20724,0.86118,-32.219,2.086,-17.073,True
ET_04,other,36.58,-0.08294,0.27191,0.88171,-25.392,13.624,-13.806,True
ET_04,other,36.59,-0.01757,0.33969,0.92766,-13.226,21.348,-6.987,True
ET_04,other,36.6,0.12521,0.3637,0.97125,3.839,24.167,2.568,True
ET_04,other,36.61,0.26246,0.31804,1.01494,19.059,18.547,9.107,True
ET_04,other,36.62,0.34359,0.26901,1.05786,31.018,6.897,15.609,True
ET_04,other,36.63,0.33365,0.15378,1.0487,31.825,-3.919,13.658,True
ET_04,other,36.64,0.25675,0.0664,1.00265,23.658,-16.003,10.597,True
ET_04,other,36.65,0.16899,0.0006,1.03009,6.213,-22.187,4.723,True
ET_04,other,36.660000000000004,0.04296,-0.00976,0.92322,-9.733,-23.167,-4.544,True
ET_04,other,36.67,-0.06122,0.06785,0.91615,-23.306,-17.477,-11.392,True
ET_04,other,36.68,-0.12682,0.15755,0.90341,-30.306,-4.109,-15.942,True
ET_04,other,36.69,-0.11787,0.2175,0.90076,-30.509,7.219,-14.618,True
ET_04,other,36.7,-0.0612,0.30262,0.96336,-19.435,18.406,-9.067,True
ET_04,other,36.71,0.09464,0.35686,0.95652,-2.969,24.062,-1.139,True
ET_04,other,36.72,0.20235,0.34284,1.02593,14.338,22.086,5.83,True
ET_04,other,36.730000000000004,0.29849,0.29231,1.03327,26.597,11.25,15.122,True
ET_04,other,36.74,0.34476,0.17176,1.0489,31.422,1.946,16.825,True
ET_04,other,36.75,0.30018,0.09975,1.05135,27.88,-10.664,13.503,True
ET_04,other,36.76,0.21928,0.04246,1.02292,15.958,-20.084,7.693,True
ET_04,other,36.77,0.08825,0.0148,0.97378,-0.046,-22.289,1.035,True
ET_04,other,36.78,0.0014,0.04064,0.91654,-17.03,-18.561,-9.61,True
ET_04,other,36.79,-0.10061,0.10072,0.91307,-28.183,-9.876,-14.781,True
ET_04,other,36.800000000000004,-0.13521,0.19739,0.8865,-30.809,2.837,-16.04,True
ET_04,other,36.81,-0.08752,0.3003,0.91055,-25.766,12.914,-12.524,True
ET_04,other,36.82,0.0264,0.33387,0.95932,-10.256,19.151,-5.844,True
ET_04,other,36.83,0.1789,0.33664,0.99863,6.079,21.775,4.054,True
ET_04,other,36.84,0.26305,0.26941,1.01328,22.26,16.543,10.78,True
ET_04,other,36.85,0.30609,0.21927,1.08749,29.985,6.903,15.703,True
ET_04,other,36.86,0.33922,0.10389,1.09527,28.763,-5.903,14.4,True
ET_04,other,36.87,0.23751,0.05739,1.0222,20.41,-17.628,10.314,True
ET_04,other,36.88,0.16622,0.02274,1.02351,7.397,-21.539,3.692,True
ET_04,other,36.89,0.0341,0.03427,0.95531,-9.137,-20.58,-4.736,True
ET_04,other,36.9,-0.08014,0.05944,0.9286,-23.725,-14.074,-12.491,True
ET_04,other,36.910000000000004,-0.11252,0.14186,0.88905,-29.926,-2.07,-15.074,True
ET_04,other,36.92,-0.10025,0.23472,0.89405,-27.441,8.799,-12.745,True
ET_04,other,36.93,-0.02631,0.29881,0.96602,-15.611,18.733,-7.086,True
ET_04,other,36.94,0.10295,0.35417,0.95428,-1.02,20.972,0.108,True
ET_04,other,36.95,0.22126,0.34434,1.01804,14.403,20.692,6.889,True
ET_04,other,36.96,0.27437,0.25829,1.04839,27.785,11.995,13.762,True
ET_04,other,36.97,0.32995,0.17859,1.05269,31.711,-0.161,15.558,True
ET_04,other,36.980000000000004,0.29077,0.08679,1.05895,26.765,-13.761,13.683,True
ET_04,other,36.99,0.20582,0.03926,0.99312,12.82,-20.003,6.852,True
ET_04,other,37.0,0.10039,0.0108,0.94362,-3.247,-22.358,-1.624,True
ET_04,other,37.01,-0.04169,0.06174,0.92591,-18.599,-19.821,-8.601,True
ET_04,other,37.02,-0.07655,0.13041,0.86561,-28.219,-7.359,-14.367,True
ET_04,other,37.03,-0.12531,0.19912,0.90527,-29.441,4.433,-16.056,True
ET_04,other,37.04,-0.04624,0.29498,0.91634,-22.396,16.239,-11.729,True
ET_04,other,37.050000000000004,0.03479,0.32396,0.92919,-9.669,19.235,-3.78,True
ET_04,other,37.06,0.16504,0.30853,1.0052,7.989,20.171,3.775,True
ET_04,other,37.07,0.23635,0.26884,1.02388,21.301,16.085,10.145,True
ET_04,other,37.08,0.32804,0.19556,1.04884,29.099,4.631,15.176,True
ET_04,other,37.09,0.29637,0.1316,1.05187,27.471,-8.351,13.214,True
ET_04,other,37.1,0.24365,0.06515,1.03974,19.394,-15.449,7.75,True
ET_04,other,37.11,0.13096,0.03397,0.98413,4.035,-19.502,0.91,True
ET_04,other,37.12,-0.00849,0.03798,0.94106,-10.986,-17.427,-7.117,True
ET_04,other,37.13,-0.05518,0.08115,0.90739,-24.206,-12.611,-13.673,True
ET_04,other,37.14,-0.11952,0.15982,0.88752,-30.695,-1.89,-15.488,True
ET_04,other,37.15,-0.09665,0.2477,0.91859,-25.962,10.628,-12.389,True
ET_04,other,37.160000000000004,0.01676,0.29174,0.9427,-14.418,18.817,-8.688,True
ET_04,other,37.17,0.10007,0.30744,0.97782,-0.536,20.373,2.524,True
ET_04,other,37.18,0.22062,0.29514,1.03868,15.872,18.381,6.076,True
ET_04,other,37.19,0.29486,0.23568,1.03936,26.803,9.43,14.165,True
ET_04,other,37.2,0.30485,0.1672,1.04786,30.057,-1.529,13.272,True
ET_04,other,37.21,0.27759,0.07959,1.05389,23.054,-11.313,10.508,True
ET_04,other,37.22,0.15453,0.04229,1.02975,9.489,-20.132,5.381,True
ET_04,other,37.230000000000004,0.06188,0.01118,0.9526,-4.547,-20.799,-2.382,True
ET_04,other,37.24,-0.04709,0.05802,0.92393,-19.843,-17.436,-9.284,True
ET_04,other,37.25,-0.07607,0.12537,0.90497,-26.249,-6.184,-15.159,True
ET_04,other,37.26,-0.09296,0.20237,0.90588,-27.565,6.456,-13.551,True
ET_04,other,37.27,-0.04369,0.29695,0.93432,-20.065,14.872,-8.933,True
ET_04,other,37.28,0.03568,0.32707,0.98493,-6.539,21.204,-2.986,True
ET_04,other,37.29,0.17384,0.32597,0.99075,9.616,18.707,4.793,True
ET_04,other,37.300000000000004,0.26919,0.23753,1.00228,21.84,12.788,11.344,True
ET_04,other,37.31,0.2784,0.17981,1.03458,27.164,3.823,12.875,True
ET_04,other,37.32,0.27062,0.10433,1.04627,26.708,-7.536,12.484,True
ET_04,other,37.33,0.21065,0.05362,1.02858,15.449,-16.662,8.599,True
ET_04,other,37.34,0.10544,0.02686,0.98134,3.114,-20.333,2.693,True
ET_04,other,37.35,0.01666,0.05554,0.93366,-11.883,-17.116,-6.594,True
ET_04,other,37.36,-0.05822,0.11042,0.92281,-23.541,-10.34,-10.777,True
ET_04,other,37.37,-0.09948,0.1719,0.89772,-26.826,1.721,-15.574,True
ET_04,other,37.38,-0.05297,0.24004,0.90673,-24.235,9.667,-12.456,True
ET_04,other,37.39,0.01026,0.31388,0.93837,-11.875,17.693,-5.676,True
ET_04,other,37.4,0.12972,0.33654,0.94566,3.246,20.276,2.449,True
ET_04,other,37.410000000000004,0.21516,0.30087,1.02857,16.77,16.618,6.453,True
ET_04,other,37.42,0.26988,0.24322,1.0446,23.769,6.879,12.151,True
ET_04,other,37.43,0.29744,0.17143,1.05428,26.156,-3.242,13.887,True
ET_04,other,37.44,0.24573,0.05082,1.01798,20.571,-11.808,10.323,True
ET_04,other,37.45,0.17462,0.0442,1.01193,7.074,-19.202,3.195,True
ET_04,other,37.46,0.03993,0.04801,0.9687,-7.017,-19.119,-4.235,True
ET_04,other,37.47,-0.03754,0.07539,0.92786,-18.612,-13.243,-10.104,True
ET_04,other,37.480000000000004,-0.09453,0.1157,0.92107,-25.782,-4.776,-12.52,True
ET_04,other,37.49,-0.08804,0.2256,0.90618,-24.995,4.584,-11.687,True
ET_04,other,37.5,-0.01805,0.27083,0.95383,-18.133,15.501,-8.778,True
ET_04,other,37.51,0.02223,0.29983,0.97454,-4.174,18.278,-0.415,True
ET_04,other,37.52,0.16347,0.31635,1.01945,10.596,17.656,5.545,True
ET_04,other,37.53,0.24453,0.23807,1.03595,20.645,10.958,11.6,True
ET_04,other,37.54,0.30319,0.19287,1.05344,25.888,1.203,12.036,True
ET_04,other,37.550000000000004,0.2451,0.10362,1.06169,22.667,-8.782,10.751,True
ET_04,other,37.56,0.18719,0.07683,1.00349,14.341,-15.924,5.923,True
ET_04,other,37.57,0.10749,0.00776,0.96129,0.054,-17.084,0.076,True
ET_04,other,37.58,0.00966,0.03003,0.9338,-13.837,-15.803,-6.968,True
ET_04,other,37.59,-0.06812,0.11688,0.91469,-23.046,-7.993,-10.464,True
ET_04,other,37.6,-0.08057,0.19503,0.92102,-26.788,2.995,-12.664,True
ET_04,other,37.61,-0.052,0.26736,0.91418,-20.438,12.197,-10.529,True
ET_04,other,37.62,0.05031,0.27335,0.94463,-9.632,17.787,-3.836,True
ET_04,other,37.63,0.11767,0.31469,1.00159,4.278,19.206,1.407,True
ET_04,other,37.64,0.2262,0.28377,1.02037,16.699,13.643,8.676,True
ET_04,other,37.65,0.28049,0.21237,1.05113,23.811,6.08,13.346,True
ET_04,other,37.660000000000004,0.26817,0.14159,1.05434,24.689,-3.695,12.348,True
ET_04,other,37.67,0.22357,0.10881,1.03606,15.509,-13.075,9.028,True
ET_04,other,37.68,0.1352,0.04598,0.9885,4.336,-18.485,2.325,True
ET_04,other,37.69,0.04442,0.03819,0.94982,-7.78,-17.211,-5.479,True
ET_04,other,37.7,-0.03692,0.09096,0.91606,-18.888,-10.299,-8.952,True
ET_04,other,37.71,-0.08543,0.1323,0.9108,-23.327,-3.197,-13.526,True
ET_04,other,37.72,-0.04557,0.20655,0.9435,-21.844,7.935,-11.289,True
ET_04,other,37.730000000000004,0.01374,0.28889,0.95352,-13.678,14.316,-7.204,True
ET_04,other,37.74,0.09077,0.29731,0.9866,-2.752,17.779,-2.405,True
ET_04,other,37.75,0.1987,0.32614,1.01461,12.612,16.023,3.951,True
ET_04,other,37.76,0.25271,0.25029,1.0522,20.145,9.011,9.824,True
ET_04,other,37.77,0.2796,0.18279,1.04635,23.397,-0.306,11.296,True
ET_04,other,37.78,0.26327,0.10345,1.02999,21.193,-10.846,10.266,True
ET_04,other,37.79,0.20866,0.05061,0.98649,12.202,-14.854,6.693,True
ET_04,other,37.800000000000004,0.07242,0.044,0.969,-0.845,-20.215,-0.233,True
ET_04,other,37.81,-0.02042,0.08965,0.92739,-14.26,-14.292,-5.098,True
ET_04,other,37.82,-0.03908,0.13546,0.91553,-21.552,-6.097,-11.748,True
ET_04,other,37.83,-0.04118,0.18953,0.92557,-22.917,4.186,-11.834,True
ET_04,other,37.84,-0.01164,0.27307,0.92526,-18.209,10.509,-8.951,True
ET_04,other,37.85,0.01652,0.31795,0.94137,-7.241,16.307,-3.956,True
ET_04,other,37.86,0.13529,0.30901,1.0129,5.996,17.143,3.168,True
ET_04,other,37.87,0.2145,0.25405,1.0173,15.916,11.002,8.486,True
ET_04,other,37.88,0.30874,0.19388,1.0418,22.768,4.811,10.892,True
ET_04,other,37.89,0.26388,0.13246,1.04259,23.214,-5.695,11.549,True
ET_04,other,37.9,0.20266,0.05501,0.99134,15.025,-12.94,6.868,True
ET_04,other,37.910000000000004,0.14832,0.05736,1.00429,2.419,-15.803,3.053,True
ET_04,other,37.92,0.04521,0.06132,0.95304,-7.675,-14.728,-3.035,True
ET_04,other,37.93,-0.05444,0.0828,0.92628,-17.482,-10.585,-8.951,True
ET_04,other,37.94,-0.06639,0.18673,0.91893,-23.261,-1.508,-12.013,True
ET_04,other,37.95,-0.07421,0.23401,0.90612,-20.87,8.64,-11.029,True
ET_04,other,37.96,0.01366,0.27931,0.94382,-12.591,14.581,-6.11,True
ET_04,other,37.97,0.09244,0.29681,0.98025,0.007,18.217,-0.562,True
ET_04,other,37.980000000000004,0.18669,0.30386,0.98751,11.222,14.476,5.516,True
ET_04,other,37.99,0.25724,0.2256,1.05558,20.383,7.777,10.105,True
ET_04,other,38.0,0.25618,0.18675,1.03522,22.607,0.537,10.415,True
ET_04,other,38.01,0.25035,0.08587,0.99965,17.243,-10.557,8.809,True
ET_04,other,38.02,0.17728,0.0662,0.99122,8.713,-14.844,3.483,True
ET_04,other,38.03,0.05332,0.07938,0.93819,-2.679,-16.611,-0.574,True
ET_04,other,38.04,0.03514,0.08069,0.95584,-15.318,-12.933,-6.745,True
ET_04,other,38.050000000000004,-0.05198,0.13841,0.93043,-22.232,-6.788,-10.633,True
ET_04,other,38.06,-0.05138,0.18174,0.91863,-21.508,3.916,-10.774,True
ET_04,other,38.07,-0.01938,0.28257,0.95325,-16.897,11.575,-6.566,True
ET_04,other,38.08,0.06921,0.27857,0.95737,-4.902,13.693,-4.075,True
ET_04,other,38.09,0.15627,0.2974,0.99256,5.883,13.895,3.388,True
ET_04,other,38.1,0.23781,0.24201,1.01198,15.643,10.715,9.319,True
ET_04,other,38.11,0.25334,0.18732,1.07024,20.917,3.87,10.384,True
ET_04,other,38.12,0.23037,0.13673,1.03561,20.479,-6.398,9.5,True
ET_04,other,38.13,0.22345,0.08788,1.0055,12.769,-13.92,7.383,True
ET_04,other,38.14,0.11782,0.06234,0.97269,2.513,-15.598,-0.487,True
ET_04,other,38.15,0.04049,0.0746,0.92221,-9.401,-15.398,-3.685,True
ET_04,other,38.160000000000004,-0.03683,0.115,0.93038,-18.0,-10.43,-10.244,True
ET_04,other,38.17,-0.03678,0.16399,0.91199,-20.992,0.695,-10.315,True
ET_04,other,38.18,-0.01783,0.23625,0.9139,-19.139,8.509,-8.395,True
ET_04,other,38.19,0.01606,0.28951,0.95179,-11.211,13.798,-6.055,True
ET_04,other,38.2,0.11949,0.29551,0.96025,1.796,15.32,1.039,True
ET_04,other,38.21,0.18459,0.26119,1.02181,12.886,13.799,5.971,True
ET_04,other,38.22,0.23735,0.19248,1.00389,19.75,4.719,9.208,True
ET_04,other,38.230000000000004,0.24569,0.16058,1.03636,20.626,-3.465,11.043,True
ET_04,other,38.24,0.22795,0.12594,0.99409,15.484,-8.819,7.108,True
ET_04,other,38.25,0.16856,0.06403,0.96492,4.752,-14.663,2.749,True
ET_04,other,38.26,0.07543,0.0634,0.93592,-3.931,-13.896,-1.635,True
ET_04,other,38.27,-0.01657,0.09643,0.93824,-14.581,-12.32,-6.265,True
ET_04,other,38.28,-0.00351,0.15069,0.91026,-21.976,-4.936,-10.699,True
ET_04,other,38.29,-0.04434,0.20149,0.91094,-20.482,3.657,-10.786,True
ET_04,other,38.300000000000004,0.0,0.27252,0.93149,-13.963,11.229,-6.809,True
ET_04,other,38.31,0.06751,0.27469,1.0023,-4.072,14.235,-3.177,True
ET_04,other,38.32,0.14757,0.27946,0.99074,7.201,14.848,3.432,True
ET_04,other,38.33,0.21778,0.23319,1.02022,16.942,10.501,8.177,True
ET_04,other,38.34,0.26215,0.16848,1.01757,18.985,2.124,9.997,True
ET_04,other,38.35,0.24115,0.12844,1.00909,18.656,-6.319,10.019,True
ET_04,other,38.36,0.18888,0.07361,0.99304,11.993,-12.168,5.552,True
ET_04,other,38.37,0.10787,0.06554,0.97171,-0.087,-14.149,1.428,True
ET_04,other,38.38,0.02486,0.07775,0.93867,-10.854,-12.546,-3.9,True
ET_04,other,38.39,-0.00719,0.14101,0.91931,-17.755,-7.205,-8.734,True
ET_04,other,38.4,-0.04069,0.15562,0.8978,-20.062,-0.211,-9.975,True
ET_04,other,38.410000000000004,-0.04157,0.22634,0.92377,-16.985,7.359,-8.582,True
ET_04,other,38.42,0.07433,0.27974,0.95075,-6.303,15.14,-5.578,True
ET_04,other,38.43,0.14428,0.28476,0.95596,2.093,15.076,1.938,True
ET_04,other,38.44,0.19126,0.27318,0.98585,13.216,11.489,6.06,True
ET_04,other,38.45,0.25555,0.20757,1.02512,19.118,4.484,9.003,True
ET_04,other,38.46,0.23854,0.17581,1.02216,20.766,-3.552,9.615,True
ET_04,other,38.47,0.21206,0.08586,1.00687,14.016,-10.077,6.887,True
ET_04,other,38.480000000000004,0.15042,0.07109,0.99842,5.807,-15.451,2.487,True
ET_04,other,38.49,0.06471,0.06376,0.95693,-5.493,-12.543,-3.151,True
ET_04,other,38.5,-0.02532,0.10173,0.92466,-15.468,-9.173,-7.421,True
ET_04,other,38.51,-0.01513,0.17459,0.93687,-19.748,-3.538,-10.27,True
ET_04,other,38.52,-0.0421,0.21996,0.93504,-19.271,3.763,-9.59,True
ET_04,other,38.53,0.04979,0.23429,0.94107,-12.11,11.245,-4.956,True
ET_04,other,38.54,0.09893,0.30271,0.95223,-1.039,14.372,0.067,True
ET_04,other,38.550000000000004,0.17006,0.27657,0.97465,8.069,12.689,3.852,True
ET_04,other,38.56,0.25213,0.24079,1.04173,16.494,7.689,7.608,True
ET_04,other,38.57,0.25538,0.1913,1.01927,20.441,0.557,11.04,True
ET_04,other,38.58,0.23334,0.12786,1.01718,17.501,-7.508,8.493,True
ET_04,other,38.59,0.17864,0.07626,0.9885,8.585,-11.581,5.339,True
ET_04,other,38.6,0.08161,0.0928,0.96305,-1.546,-15.994,-0.474,True
ET_04,other,38.61,0.0208,0.12621,0.9551,-11.05,-11.69,-5.274,True
ET_04,other,38.62,-0.04349,0.14946,0.92111,-17.569,-5.918,-8.426,True
ET_04,other,38.63,-0.03103,0.18126,0.90997,-20.508,2.46,-8.813,True
ET_04,other,38.64,0.00987,0.25889,0.91605,-16.124,8.404,-8.354,True
ET_04,other,38.65,0.06379,0.26974,0.95258,-6.946,12.654,-4.101,True
ET_04,other,38.660000000000004,0.15176,0.26936,0.97468,4.134,15.049,1.693,True
ET_04,other,38.67,0.20845,0.25549,1.00799,12.71,11.638,6.896,True
ET_04,other,38.68,0.25687,0.21941,1.01196,18.192,4.791,10.236,True
ET_04,other,38.69,0.24048,0.15966,1.00853,18.908,-4.222,8.264,True
ET_04,other,38.7,0.21191,0.08846,0.99221,12.467,-9.257,5.659,True
ET_04,other,38.71,0.1718,0.06805,0.98741,2.446,-14.687,1.403,True
ET_04,other,38.72,0.08051,0.09069,0.9325,-6.595,-13.836,-2.432,True
ET_04,other,38.730000000000004,-0.00844,0.12693,0.91209,-15.784,-9.003,-6.823,True
ET_04,other,38.74,-0.00818,0.18058,0.91434,-20.161,-1.968,-10.207,True
ET_04,other,38.75,-0.02393,0.22594,0.92585,-18.361,6.191,-8.621,True
ET_04,other,38.76,0.03292,0.26885,0.93133,-11.584,12.6,-4.406,True
ET_04,other,38.77,0.11567,0.28529,0.96855,-0.387,14.367,-0.528,True
ET_04,other,38.78,0.17735,0.29176,0.99278,9.467,12.169,4.152,True
ET_04,other,38.79,0.21546,0.2375,1.01805,15.815,6.806,9.826,True
ET_04,other,38.800000000000004,0.25498,0.19316,1.0031,19.328,-1.077,9.155,True
ET_04,other,38.81,0.24189,0.13104,1.0103,16.608,-8.888,8.142,True
ET_04,other,38.82,0.1688,0.07849,0.99841,7.035,-13.053,3.129,True
ET_04,other,38.83,0.1026,0.04606,0.97642,-2.308,-14.205,-0.813,True
ET_04,other,38.84,0.043,0.10771,0.92341,-13.562,-11.227,-5.637,True
ET_04,other,38.85,-0.01778,0.13888,0.91659,-17.79,-5.201,-9.458,True
ET_04,other,38.86,-0.05248,0.20167,0.91215,-19.436,3.546,-9.217,True
ET_04,other,38.87,0.01675,0.25301,0.91517,-15.119,9.708,-8.042,True
ET_04,other,38.88,0.06593,0.28515,0.96669,-5.463,14.886,-3.335,True
ET_04,other,38.89,0.17869,0.31737,0.99403,5.465,13.884,1.138,True
ET_04,other,38.9,0.23812,0.27503,1.01427,14.708,10.927,8.658,True
ET_04,other,38.910000000000004,0.26484,0.20332,1.01911,19.663,3.441,8.288,True
ET_04,other,38.92,0.2824,0.16067,1.0244,18.303,-5.295,9.008,True
ET_04,other,38.93,0.16511,0.07619,0.98576,13.172,-9.6,5.909,True
ET_04,other,38.94,0.09787,0.07191,0.95852,2.652,-14.71,1.366,True
ET_04,other,38.95,0.09347,0.06227,0.95862,-8.854,-12.949,-4.477,True
ET_04,other,38.96,0.00257,0.12069,0.92153,-16.721,-9.422,-8.655,True
ET_04,other,38.97,-0.04244,0.18685,0.92531,-20.353,-1.58,-10.656,True
ET_04,other,38.980000000000004,-0.00321,0.24694,0.90431,-16.823,6.931,-9.49,True
ET_04,other,38.99,0.05104,0.28559,0.91641,-9.74,13.434,-2.727,True
ET_04,other,39.0,0.13558,0.28566,0.96391,0.749,14.374,0.778,True
ET_04,other,39.01,0.19232,0.29661,0.97129,11.325,11.751,4.692,True
ET_04,other,39.02,0.25596,0.24083,1.01862,16.617,6.23,11.037,True
ET_04,other,39.03,0.25451,0.1567,1.01243,19.945,-2.102,10.394,True
ET_04,other,39.04,0.22719,0.13756,1.02357,16.707,-9.372,7.756,True
ET_04,other,39.050000000000004,0.19799,0.07168,0.97326,7.251,-13.247,3.081,True
ET_04,other,39.06,0.07897,0.09344,0.92956,-3.946,-14.514,-1.451,True
ET_04,other,39.07,0.01984,0.08751,0.9298,-14.215,-10.981,-7.815,True
ET_04,other,39.08,-0.02307,0.15175,0.93651,-19.622,-3.087,-10.08,True
ET_04,other,39.09,-0.02745,0.22437,0.94308,-18.648,2.717,-9.789,True
ET_04,other,39.1,0.0216,0.26557,0.94577,-13.037,11.108,-7.213,True
ET_04,other,39.11,0.10619,0.28912,0.96127,-4.231,13.717,-1.333,True
ET_04,other,39.12,0.17667,0.27456,0.97416,6.635,13.912,3.867,True
ET_04,other,39.13,0.23436,0.25841,1.00816,15.773,10.127,6.454,True
ET_04,other,39.14,0.27067,0.17992,1.01258,20.404,2.404,10.8,True
ET_04,other,39.15,0.27048,0.13081,1.02801,19.094,-5.836,10.529,True
ET_04,other,39.160000000000004,0.22815,0.10264,1.01677,12.121,-13.219,7.101,True
ET_04,other,39.17,0.11826,0.08855,0.94334,1.625,-16.547,1.156,True
ET_04,other,39.18,0.06845,0.07418,0.94968,-9.672,-13.005,-4.655,True
ET_04,other,39.19,0.00437,0.14623,0.91568,-17.522,-7.953,-8.628,True
ET_04,other,39.2,-0.0168,0.19697,0.92403,-21.568,1.476,-9.768,True
ET_04,other,39.21,0.01829,0.26719,0.90869,-16.638,7.796,-8.216,True
ET_04,other,39.22,0.0381,0.2849,0.91977,-8.4,14.477,-5.593,True
ET_04,other,39.230000000000004,0.11628,0.3097,0.97041,1.737,14.516,0.116,True
ET_04,other,39.24,0.223,0.28371,1.00998,12.695,12.639,5.536,True
ET_04,other,39.25,0.29219,0.22249,1.00295,20.795,6.148,9.478,True
ET_04,other,39.26,0.25173,0.1615,0.99558,22.126,-1.768,10.408,True
ET_04,other,39.27,0.28328,0.14265,0.98573,15.683,-11.391,7.606,True
ET_04,other,39.28,0.18123,0.04825,0.99101,6.41,-15.031,4.062,True
ET_04,other,39.29,0.08043,0.08211,0.94319,-4.371,-14.902,-2.182,True
ET_04,other,39.300000000000004,0.01002,0.11868,0.91383,-15.469,-10.707,-8.483,True
ET_04,other,39.31,-0.01673,0.1761,0.93885,-19.93,-4.198,-9.686,True
ET_04,other,39.32,-0.04227,0.24213,0.93528,-20.284,5.805,-11.556,True
ET_04,other,39.33,0.01802,0.2707,0.93272,-14.249,12.299,-7.017,True
ET_04,other,39.34,0.10739,0.32411,0.97183,-2.092,15.521,-1.46,True
ET_04,other,39.35,0.22458,0.26777,0.97288,8.842,12.991,2.927,True
ET_04,other,39.36,0.26495,0.25459,1.01741,18.423,10.396,9.787,True
ET_04,other,39.37,0.27877,0.21037,1.00203,20.025,1.712,10.138,True
ET_04,other,39.38,0.29059,0.13259,0.98267,18.732,-7.721,8.838,True
ET_04,other,39.39,0.19652,0.08599,0.988,11.722,-13.009,5.249,True
ET_04,other,39.4,0.11554,0.06817,0.95943,0.348,-16.284,-0.635,True
ET_04,other,39.410000000000004,0.06852,0.0999,0.91649,-11.957,-12.983,-6.661,True
ET_04,other,39.42,-0.03208,0.1291,0.90341,-19.385,-7.565,-10.217,True
ET_04,other,39.43,-0.03144,0.20347,0.91878,-21.101,3.153,-11.397,True
ET_04,other,39.44,0.01647,0.26114,0.88104,-17.274,10.069,-9.65,True
ET_04,other,39.45,0.05772,0.28682,0.9587,-8.111,15.028,-1.964,True
ET_04,other,39.46,0.13756,0.30724,0.94188,4.118,16.246,1.598,True
ET_04,other,39.47,0.25591,0.25571,1.00869,15.258,13.15,7.724,True
ET_04,other,39.480000000000004,0.29471,0.24969,0.98082,21.707,4.373,10.361,True
ET_04,other,39.49,0.27882,0.19099,1.01529,21.516,-3.729,11.747,True
ET_04,other,39.5,0.249,0.10596,1.0302,16.245,-11.015,7.21,True
ET_04,other,39.51,0.17768,0.06689,0.98287,4.788,-15.521,2.905,True
ET_04,other,39.52,0.08768,0.09886,0.94418,-7.592,-16.018,-1.489,True
ET_04,other,39.53,0.0327,0.12027,0.92557,-18.201,-9.181,-9.159,True
ET_04,other,39.54,-0.01934,0.19053,0.90625,-22.259,-3.417,-12.135,True
ET_04,other,39.550000000000004,-0.0309,0.22796,0.88758,-21.18,6.872,-10.042,True
ET_04,other,39.56,0.03025,0.26888,0.90921,-13.386,14.405,-7.47,True
ET_04,other,39.57,0.13038,0.31911,0.95611,-0.961,17.675,-1.393,True
ET_04,other,39.58,0.21047,0.30835,0.9562,10.786,15.199,3.878,True
ET_04,other,39.59,0.27453,0.24544,1.03786,20.115,8.505,8.605,True
ET_04,other,39.6,0.28268,0.19348,1.03045,23.221,0.47,10.743,True
ET_04,other,39.61,0.30912,0.14624,1.0052,20.257,-8.978,10.467,True
ET_04,other,39.62,0.22691,0.0985,1.00412,10.83,-14.589,4.899,True
ET_04,other,39.63,0.12924,0.0894,0.9571,-1.82,-17.179,-2.234,True
ET_04,other,39.64,0.01225,0.07064,0.92292,-12.844,-13.374,-7.674,True
ET_04,other,39.65,-0.03938,0.1602,0.875,-22.197,-6.777,-11.189,True
ET_04,other,39.660000000000004,-0.02833,0.21354,0.89607,-23.999,4.341,-11.819,True
ET_04,other,39.67,0.03799,0.2855,0.89883,-18.742,11.882,-9.847,True
ET_04,other,39.68,0.07093,0.34497,0.93641,-6.865,16.578,-3.481,True
ET_04,other,39.69,0.21483,0.30448,0.9556,6.019,17.665,2.649,True
ET_04,other,39.7,0.29548,0.26617,0.98447,17.021,13.853,10.379,True
ET_04,other,39.71,0.31241,0.23291,1.00456,23.844,4.654,10.114,True
ET_04,other,39.72,0.32233,0.11817,1.00857,23.404,-3.862,10.551,True
ET_04,other,39.730000000000004,0.27075,0.11771,0.99852,15.487,-13.739,7.393,True
ET_04,other,39.74,0.19205,0.06876,0.95393,3.976,-18.094,1.471,True
ET_04,other,39.75,0.0791,0.07979,0.92593,-8.314,-16.492,-4.773,True
ET_04,other,39.76,-0.00536,0.12907,0.88952,-19.102,-11.563,-10.697,True
ET_04,other,39.77,-0.03988,0.16776,0.91073,-23.645,-0.448,-12.494,True
ET_04,other,39.78,-0.01608,0.2575,0.89625,-21.423,9.2,-11.339,True
ET_04,other,39.79,0.02136,0.32552,0.93468,-11.326,16.673,-6.788,True
ET_04,other,39.800000000000004,0.12254,0.32644,0.95244,0.299,19.21,0.154,True
ET_04,other,39.81,0.26798,0.3115,0.98695,13.461,15.454,5.135,True
ET_04,other,39.82,0.30064,0.28109,0.99405,22.502,8.525,11.195,True
ET_04,other,39.83,0.33615,0.15501,1.01402,24.717,-0.648,12.493,True
ET_04,other,39.84,0.28884,0.14127,1.01936,22.027,-10.957,9.929,True
ET_04,other,39.85,0.20436,0.04353,0.96687,8.799,-17.967,4.34,True
ET_04,other,39.86,0.09903,0.05711,0.9262,-3.246,-19.658,-0.793,True
ET_04,other,39.87,0.02113,0.09462,0.90754,-16.423,-13.83,-6.432,True
ET_04,other,39.88,-0.03665,0.17657,0.88657,-24.04,-6.153,-11.088,True
ET_04,other,39.89,-0.05357,0.23153,0.89548,-25.462,4.468,-12.293,True
ET_04,other,39.9,0.00387,0.30148,0.9013,-18.628,12.566,-8.788,True
ET_04,other,39.910000000000004,0.06667,0.34157,0.91914,-5.798,18.475,-3.659,True
ET_04,other,39.92,0.20867,0.3274,0.973,9.301,18.144,3.901,True
ET_04,other,39.93,0.28428,0.29603,1.00365,19.828,11.737,9.979,True
ET_04,other,39.94,0.33654,0.21892,1.04736,25.703,4.468,13.55,True
ET_04,other,39.95,0.3405,0.16068,1.02912,25.587,-6.845,10.452,True
ET_04,other,39.96,0.23958,0.05397,1.00187,15.952,-15.203,8.417,True
ET_04,other,39.97,0.17259,0.04764,0.9731,1.79,-19.882,0.814,True
ET_04,other,39.980000000000004,0.08255,0.08965,0.93071,-11.497,-17.969,-6.997,True
ET_04,other,39.99,-0.00219,0.12664,0.85841,-20.382,-10.389,-11.102,True
ET_04,other,40.0,-0.06872,0.19171,0.89465,-26.609,-2.059,-12.68,True
ET_04,other,40.01,-0.0208,0.26645,0.90767,-21.587,8.867,-11.635,True
ET_04,other,40.02,0.05226,0.32806,0.91309,-11.347,16.771,-6.381,True
ET_04,other,40.03,0.17245,0.33574,0.9672,-0.28,19.968,0.905,True
ET_04,other,40.04,0.26512,0.33227,1.01825,15.641,14.877,7.781,True
ET_04,other,40.050000000000004,0.32314,0.27606,1.03764,21.944,7.568,13.077,True
ET_04,other,40.06,0.37158,0.17476,0.99388,26.659,-2.221,13.234,True
ET_04,other,40.07,0.30272,0.13857,0.99942,21.657,-13.856,10.599,True
ET_04,other,40.08,0.2436,0.06876,0.95499,8.277,-19.159,4.565,True
ET_04,other,40.09,0.14201,0.1061,0.93334,-6.144,-17.463,-3.435,True
ET_04,other,40.1,0.04604,0.1134,0.90208,-19.405,-15.211,-9.601,True
ET_04,other,40.11,-0.04756,0.15772,0.85458,-26.907,-5.036,-13.104,True
ET_04,other,40.12,-0.04022,0.24499,0.88274,-25.688,5.641,-13.146,True
ET_04,other,40.13,0.02872,0.29236,0.91192,-19.802,15.385,-9.831,True
ET_04,other,40.14,0.12442,0.34651,0.95948,-4.867,20.06,-2.772,True
ET_04,other,40.15,0.21321,0.34235,0.95198,11.93,18.192,5.416,True
ET_04,other,40.160000000000004,0.32404,0.29256,1.01799,22.205,12.026,11.034,True
ET_04,other,40.17,0.33201,0.22254,1.03265,27.376,1.312,13.355,True
ET_04,other,40.18,0.36565,0.11904,1.02181,24.891,-9.81,12.495,True
ET_04,other,40.19,0.25276,0.0575,0.97011,15.082,-18.14,7.086,True
ET_04,other,40.2,0.13475,0.06371,0.95822,-0.991,-19.397,0.216,True
ET_04,other,40.21,0.06105,0.07656,0.9163,-14.312,-17.305,-8.505,True
ET_04,other,40.22,-0.01728,0.11727,0.85443,-25.556,-9.373,-13.241,True
ET_04,other,40.230000000000004,-0.03601,0.21898,0.85373,-28.266,1.403,-14.882,True
ET_04,other,40.24,-0.01885,0.3115,0.89236,-22.876,11.837,-12.042,True
ET_04,other,40.25,0.0746,0.33845,0.93042,-11.493,19.679,-5.396,True
ET_04,other,40.26,0.18038,0.35037,0.93927,3.777,20.675,1.885,True
ET_04,other,40.27,0.3173,0.30112,0.95923,19.541,15.814,8.629,True
ET_04,other,40.28,0.37306,0.25188,0.997,27.723,5.759,13.107,True
ET_04,other,40.29,0.37924,0.17038,1.0411,28.137,-4.141,13.764,True
ET_04,other,40.300000000000004,0.3144,0.10373,1.02341,20.086,-14.556,10.456,True
ET_04,other,40.31,0.20196,0.04631,1.00095,7.817,-21.981,4.567,True
ET_04,other,40.32,0.08501,0.05584,0.90289,-8.141,-19.615,-3.949,True
ET_04,other,40.33,-0.0123,0.08213,0.87102,-22.292,-13.984,-10.016,True
ET_04,other,40.34,-0.04182,0.21509,0.89556,-29.582,-4.826,-14.487,True
ET_04,other,40.35,-0.04775,0.24843,0.87501,-27.24,7.164,-13.083,True
ET_04,other,40.36,0.0573,0.32023,0.88178,-18.481,18.621,-8.689,True
ET_04,other,40.37,0.12942,0.37017,0.96378,-3.2,20.969,-1.811,True
ET_04,other,40.38,0.26443,0.36923,0.99384,11.621,17.936,5.845,True
ET_04,other,40.39,0.33881,0.29439,1.0163,25.28,11.155,12.27,True
ET_04,other,40.4,0.36081,0.20337,1.01826,29.353,0.557,14.587,True
ET_04,other,40.410000000000004,0.33713,0.11143,1.01518,24.63,-9.274,13.566,True
ET_04,other,40.42,0.2769,0.08009,0.95955,15.243,-18.931,6.62,True
ET_04,other,40.43,0.17418,0.05212,0.93788,-2.072,-21.446,0.644,True
ET_04,other,40.44,0.03295,0.07709,0.92186,-17.12,-17.684,-8.537,True
ET_04,other,40.45,-0.0388,0.11409,0.87286,-26.512,-8.771,-13.64,True
ET_04,other,40.46,-0.05633,0.21482,0.86326,-30.107,2.24,-15.107,True
ET_04,other,40.47,-0.01112,0.31699,0.90589,-24.799,13.924,-12.795,True
ET_04,other,40.480000000000004,0.10125,0.38212,0.92445,-8.809,19.647,-5.489,True
ET_04,other,40.49,0.24279,0.35718,0.96762,5.34,21.128,2.468,True
ET_04,other,40.5,0.32499,0.33468,0.99691,20.07,16.136,10.58,True
ET_04,other,40.51,0.38742,0.24522,1.00213,28.797,6.959,14.865,True
ET_04,other,40.52,0.39036,0.17147,1.03033,28.447,-7.344,15.473,True
ET_04,other,40.53,0.32084,0.06899,1.00015,20.008,-16.605,11.507,True
ET_04,other,40.54,0.21536,0.06559,0.95337,6.095,-21.1,1.921,True
ET_04,other,40.550000000000004,0.07967,0.08023,0.89293,-10.677,-20.522,-6.791,True
ET_04,other,40.56,-0.00583,0.12426,0.86578,-24.423,-14.917,-12.213,True
ET_04,other,40.57,-0.04852,0.1908,0.86846,-30.806,-1.781,-16.32,True
ET_04,other,40.58,-0.01247,0.26452,0.85706,-28.394,9.378,-14.9,True
ET_04,other,40.59,0.03459,0.36174,0.88491,-17.538,18.698,-10.34,True
ET_04,other,40.6,0.13584,0.38489,0.95945,-0.339,23.165,-0.282,True
ET_04,other,40.61,0.27359,0.3692,0.97645,15.474,21.031,7.908,True
ET_04,other,40.62,0.38002,0.27046,0.99407,27.162,11.017,13.717,True
ET_04,other,40.63,0.41271,0.22821,0.98365,29.956,-2.239,17.253,True
ET_04,other,40.64,0.34269,0.09813,1.02751,25.728,-11.689,12.981,True
ET_04,other,40.65,0.26082,0.05068,0.96696,13.521,-20.663,6.647,True
ET_04,other,40.660000000000004,0.11612,0.03603,0.92229,-2.499,-21.8,-2.172,True
ET_04,other,40.67,0.00584,0.07827,0.8706,-18.847,-17.703,-10.252,True
ET_04,other,40.68,-0.02074,0.15191,0.84943,-28.47,-7.208,-15.091,True
ET_04,other,40.69,-0.04747,0.25237,0.855,-31.087,4.857,-15.763,True
ET_04,other,40.7,0.00035,0.32269,0.88427,-22.285,16.444,-11.511,True
ET_04,other,40.71,0.12124,0.35321,0.89748,-7.879,23.579,-3.389,True
ET_04,other,40.72,0.24364,0.37429,0.95048,7.072,23.248,3.563,True
ET_04,other,40.730000000000004,0.35031,0.33724,1.01067,21.928,15.64,11.765,True
ET_04,other,40.74,0.39564,0.2401,1.00905,32.5,5.024,16.335,True
ET_04,other,40.75,0.37523,0.17382,0.99926,29.875,-7.649,15.35,True
ET_04,other,40.76,0.32558,0.05782,0.97419,19.641,-18.351,11.139,True
ET_04,other,40.77,0.22662,0.02691,0.96444,4.46,-21.858,1.201,True
ET_04,other,40.78,0.08575,0.05967,0.89272,-13.738,-20.71,-8.294,True
ET_04,other,40.79,-0.0283,0.11479,0.84903,-25.879,-13.97,-13.794,True
ET_04,other,40.800000000000004,-0.07487,0.18109,0.83857,-33.198,-1.725,-15.6,True
ET_04,other,40.81,-0.02963,0.31366,0.86231,-28.875,12.099,-13.854,True
ET_04,other,40.82,0.06102,0.35509,0.90145,-16.511,18.602,-5.909,True
ET_04,other,40.83,0.19396,0.39159,0.91487,2.044,22.474,1.08,True
ET_04,other,40.84,0.30101,0.35859,0.98607,18.007,20.191,9.301,True
ET_04,other,40.85,0.41166,0.28682,1.00553,29.005,9.768,13.456,True
ET_04,other,40.86,0.41993,0.19715,1.01953,31.682,-3.757,16.033,True
ET_04,other,40.87,0.3797,0.11107,1.02312,25.171,-14.226,13.292,True
ET_04,other,40.88,0.26591,0.05137,0.94868,12.241,-22.144,5.916,True
ET_04,other,40.89,0.12747,0.05405,0.8914,-6.27,-24.6,-2.836,True
ET_04,other,40.9,0.02451,0.07632,0.87886,-22.118,-17.749,-11.542,True
ET_04,other,40.910000000000004,-0.0696,0.16342,0.86344,-31.266,-6.56,-15.071,True
ET_04,other,40.92,-0.07088,0.2813,0.87205,-32.549,6.172,-15.103,True
ET_04,other,40.93,0.00806,0.33507,0.87228,-20.916,16.205,-11.684,True
ET_04,other,40.94,0.11496,0.40231,0.90452,-6.436,23.26,-5.484,True
ET_04,other,40.95,0.24745,0.39714,0.95206,10.882,22.312,6.516,True
ET_04,other,40.96,0.38578,0.32871,0.98582,26.47,14.367,11.345,True
ET_04,other,40.97,0.41957,0.25342,1.00754,32.413,3.127,16.466,True
ET_04,other,40.980000000000004,0.40476,0.13212,1.01868,28.827,-9.318,15.419,True
ET_04,other,40.99,0.31556,0.07764,0.97378,18.981,-18.382,8.849,True
ET_04,other,41.0,0.18411,0.03524,0.93532,1.792,-22.609,1.79,True
ET_04,other,41.01,0.05528,0.05417,0.87692,-16.403,-22.169,-8.397,True
ET_04,other,41.02,-0.04024,0.13633,0.84518,-28.979,-12.118,-14.445,True
ET_04,other,41.03,-0.07183,0.20157,0.83287,-31.803,0.832,-16.474,True
ET_04,other,41.04,0.01885,0.31483,0.88032,-26.546,13.103,-15.037,True
ET_04,other,41.050000000000004,0.09092,0.37292,0.89362,-13.52,21.678,-7.833,True
ET_04,other,41.06,0.21916,0.36711,0.95349,2.399,24.073,0.676,True
ET_04,other,41.07,0.33771,0.34494,0.99449,19.243,18.772,10.231,True
ET_04,other,41.08,0.41748,0.30873,1.03524,29.945,7.927,16.059,True
ET_04,other,41.09,0.41988,0.15466,1.02911,32.417,-4.107,15.747,True
ET_04,other,41.1,0.35593,0.08399,1.01138,23.89,-15.315,11.631,True
ET_04,other,41.11,0.23979,0.01867,0.94773,10.2,-22.335,5.059,True
ET_04,other,41.12,0.15736,0.03494,0.90258,-7.61,-23.93,-5.434,True
ET_04,other,41.13,-0.00759,0.1073,0.86676,-23.947,-18.49,-11.171,True
ET_04,other,41.14,-0.0585,0.18467,0.83134,-32.85,-6.441,-14.867,True
ET_04,other,41.15,-0.03501,0.29072,0.84757,-31.315,8.402,-15.079,True
ET_04,other,41.160000000000004,0.022,0.35383,0.91261,-20.343,18.95,-9.648,True
ET_04,other,41.17,0.1363,0.39026,0.90207,-5.612,24.833,-2.992,True
ET_04,other,41.18,0.27971,0.37989,0.98525,13.002,22.23,8.204,True
ET_04,other,41.19,0.39262,0.30889,0.99925,26.913,14.265,13.327,True
ET_04,other,41.2,0.45841,0.25112,1.03577,31.097,1.897,17.47,True
ET_04,other,41.21,0.36698,0.13223,1.01779,29.619,-10.33,13.078,True
ET_04,other,41.22,0.30117,0.06585,0.96446,16.184,-20.136,8.039,True
ET_04,other,41.230000000000004,0.16199,0.03457,0.93773,-0.785,-24.235,0.363,True
ET_04,other,41.24,0.05328,0.05651,0.8751,-17.214,-20.477,-8.195,True
ET_04,other,41.25,-0.03068,0.13397,0.83289,-29.276,-10.183,-13.631,True
ET_04,other,41.26,-0.06567,0.23066,0.8337,-31.501,1.544,-17.622,True
ET_04,other,41.27,0.01103,0.33709,0.88037,-26.006,13.869,-12.607,True
ET_04,other,41.28,0.09054,0.372,0.89985,-12.177,22.158,-6.717,True
ET_04,other,41.29,0.24654,0.39305,0.96068,5.519,24.039,2.806,True
ET_04,other,41.300000000000004,0.3414,0.35565,1.00536,21.7,17.968,10.274,True
ET_04,other,41.31,0.44319,0.27905,1.01896,31.416,8.064,15.479,True
ET_04,other,41.32,0.41561,0.16899,1.04512,31.856,-7.347,14.766,True
ET_04,other,41.33,0.37008,0.0766,1.02388,21.876,-17.224,11.72,True
ET_04,other,41.34,0.22046,0.03155,0.93121,7.554,-24.366,4.606,True
ET_04,other,41.35,0.13874,0.05468,0.90345,-9.995,-21.476,-5.596,True
ET_04,other,41.36,-7e-05,0.11484,0.87251,-26.128,-15.938,-12.851,True
ET_04,other,41.37,-0.05735,0.18372,0.83495,-31.291,-3.489,-14.726,True
ET_04,other,41.38,-0.04525,0.27598,0.83056,-29.095,11.539,-15.392,True
ET_04,other,41.39,0.02227,0.36403,0.866,-20.149,19.976,-10.348,True
ET_04,other,41.4,0.15467,0.39965,0.92316,-2.189,23.405,-0.391,True
ET_04,other,41.410000000000004,0.27662,0.342,0.94652,14.782,21.805,6.855,True
ET_04,other,41.42,0.4141,0.30041,1.00214,28.054,10.556,14.971,True
ET_04,other,41.43,0.44454,0.2218,1.02444,31.997,0.216,17.016,True
ET_04,other,41.44,0.39769,0.15113,1.01854,28.137,-11.535,13.697,True
ET_04,other,41.45,0.28348,0.05296,0.98008,15.361,-22.668,7.073,True
ET_04,other,41.46,0.15672,0.02705,0.93575,-4.132,-24.133,-2.509,True
ET_04,other,41.47,0.03752,0.06774,0.86696,-19.376,-19.657,-9.581,True
ET_04,other,41.480000000000004,-0.02749,0.15176,0.85295,-29.653,-8.031,-13.901,True
ET_04,other,41.49,-0.0225,0.23837,0.8152,-31.664,4.621,-15.429,True
ET_04,other,41.5,0.01524,0.33715,0.83637,-24.139,14.976,-13.173,True
ET_04,other,41.51,0.1381,0.38633,0.93248,-8.962,21.449,-5.33,True
ET_04,other,41.52,0.22909,0.385,0.9253,7.243,23.071,4.151,True
ET_04,other,41.53,0.37457,0.33826,0.98777,22.966,16.697,11.516,True
ET_04,other,41.54,0.4202,0.25488,1.02631,32.243,6.806,15.077,True
ET_04,other,41.550000000000004,0.41755,0.14147,1.0183,30.258,-7.886,15.483,True
ET_04,other,41.56,0.33979,0.08076,0.98381,22.222,-19.535,8.646,True
ET_04,other,41.57,0.23294,0.02638,0.92782,4.954,-23.468,1.379,True
ET_04,other,41.58,0.10075,0.05947,0.86813,-12.586,-22.065,-5.171,True
ET_04,other,41.59,-0.00712,0.09754,0.88824,-26.086,-12.163,-13.447,True
ET_04,other,41.6,-0.0375,0.19762,0.83416,-32.278,-1.163,-16.588,True
ET_04,other,41.61,-0.01252,0.31495,0.88053,-29.811,9.31,-14.498,True
ET_04,other,41.62,0.06331,0.38462,0.89636,-18.004,19.955,-9.076,True
ET_04,other,41.63,0.19302,0.42471,0.93973,-0.375,23.68,-0.079,True
ET_04,other,41.64,0.31884,0.35228,1.00126,16.499,19.986,8.402,True
ET_04,other,41.65,0.42685,0.29847,1.00311,29.37,9.624,13.78,True
ET_04,other,41.660000000000004,0.4316,0.21101,1.00647,31.939,-1.623,16.3,True
ET_04,other,41.67,0.36431,0.14603,1.01631,26.428,-13.669,11.709,True
ET_04,other,41.68,0.28729,0.07485,0.94682,12.0,-20.881,6.955,True
ET_04,other,41.69,0.13342,0.02794,0.91742,-5.49,-22.442,-2.01,True
ET_04,other,41.7,0.04625,0.1209,0.85492,-20.297,-17.479,-10.127,True
ET_04,other,41.71,-0.04426,0.1711,0.84685,-29.452,-6.96,-14.811,True
ET_04,other,41.72,-0.03679,0.26081,0.84205,-30.613,4.804,-15.651,True
ET_04,other,41.730000000000004,0.02969,0.32314,0.87623,-23.061,18.117,-11.114,True
ET_04,other,41.74,0.14369,0.37439,0.89383,-7.228,23.389,-3.207,True
ET_04,other,41.75,0.28067,0.37393,0.95783,10.47,21.528,3.842,True
ET_04,other,41.76,0.35105,0.34938,0.99976,23.49,15.046,13.221,True
ET_04,other,41.77,0.42947,0.24796,1.03854,31.651,4.547,15.373,True
ET_04,other,41.78,0.39304,0.16129,0.98008,29.023,-9.901,12.9,True
ET_04,other,41.79,0.34066,0.09282,0.95171,19.871,-19.149,9.381,True
ET_04,other,41.800000000000004,0.19429,0.03796,0.93527,2.995,-22.488,0.906,True
ET_04,other,41.81,0.10956,0.05693,0.89308,-13.895,-19.885,-7.702,True
ET_04,other,41.82,-0.02177,0.13196,0.85111,-25.814,-11.819,-14.652,True
ET_04,other,41.83,-0.0445,0.25277,0.86197,-30.547,-1.17,-16.235,True
ET_04,other,41.84,0.00386,0.30863,0.8499,-26.184,11.648,-13.252,True
ET_04,other,41.85,0.07816,0.38855,0.90994,-13.855,19.544,-7.053,True
ET_04,other,41.86,0.19867,0.37201,0.90539,2.401,22.81,0.391,True
ET_04,other,41.87,0.32386,0.36553,0.96754,16.666,19.235,8.607,True
ET_04,other,41.88,0.41436,0.2757,0.99465,27.835,8.752,14.017,True
ET_04,other,41.89,0.43642,0.18395,0.98292,29.833,-4.585,13.842,True
ET_04,other,41.9,0.37474,0.11512,0.99266,24.117,-15.689,13.259,True
ET_04,other,41.910000000000004,0.2739,0.0559,0.93982,8.451,-21.278,3.377,True
ET_04,other,41.92,0.14409,0.06163,0.92924,-8.189,-21.506,-3.95,True
ET_04,other,41.93,0.03697,0.11899,0.84664,-22.467,-16.001,-10.166,True
ET_04,other,41.94,-0.05162,0.1776,0.82472,-30.145,-5.4,-15.464,True
ET_04,other,41.95,-0.00091,0.25333,0.84849,-29.639,6.653,-15.559,True
ET_04,other,41.96,0.05241,0.34919,0.86618,-20.778,16.225,-10.443,True
ET_04,other,41.97,0.15225,0.39118,0.90662,-5.975,22.149,-3.291,True
ET_04,other,41.980000000000004,0.26193,0.41505,0.97507,10.828,21.193,5.683,True
ET_04,other,41.99,0.38131,0.32884,0.98474,25.375,12.555,11.927,True
ET_04,other,42.0,0.40558,0.2397,1.0361,30.576,3.51,15.615,True
ET_04,other,42.01,0.37395,0.18458,1.02057,26.768,-10.266,12.338,True
ET_04,other,42.02,0.32555,0.09474,0.96426,15.588,-18.107,7.518,True
ET_04,other,42.03,0.21611,0.03203,0.94119,-0.405,-20.726,-0.453,True
ET_04,other,42.04,0.10191,0.07273,0.89325,-15.119,-20.546,-8.094,True
ET_04,other,42.050000000000004,0.03583,0.13303,0.84837,-27.197,-9.508,-13.328,True
ET_04,other,42.06,0.00848,0.22305,0.8322,-28.613,1.224,-15.874,True
ET_04,other,42.07,0.04011,0.31054,0.8708,-24.238,12.436,-11.978,True
ET_04,other,42.08,0.12557,0.37478,0.88435,-11.272,18.799,-4.518,True
ET_04,other,42.09,0.19809,0.35951,0.9219,4.682,22.679,2.044,True
ET_04,other,42.1,0.3414,0.34959,1.01229,19.114,16.693,8.872,True
ET_04,other,42.11,0.39082,0.27294,1.00266,28.729,6.617,14.125,True
ET_04,other,42.12,0.4259,0.19829,1.01093,28.363,-4.295,14.937,True
ET_04,other,42.13,0.34716,0.13316,0.98953,21.857,-15.891,10.265,True
ET_04,other,42.14,0.24805,0.08848,0.94355,7.441,-19.336,4.338,True
ET_04,other,42.15,0.13413,0.08853,0.90198,-10.525,-20.648,-4.284,True
ET_04,other,42.160000000000004,0.05468,0.11721,0.83686,-22.086,-13.983,-10.528,True
ET_04,other,42.17,0.00732,0.18433,0.85084,-29.798,-4.773,-14.37,True
ET_04,other,42.18,0.009,0.27179,0.85689,-26.923,7.63,-12.362,True
ET_04,other,42.19,0.09196,0.34257,0.90038,-16.562,17.061,-7.61,True
ET_04,other,42.2,0.14153,0.39269,0.93049,-2.48,20.291,-2.535,True
ET_04,other,42.21,0.28411,0.372,0.96063,11.818,18.626,5.673,True
ET_04,other,42.22,0.38594,0.30351,1.01013,24.357,11.577,12.54,True
ET_04,other,42.230000000000004,0.40854,0.21514,0.99089,28.157,0.535,14.897,True
ET_04,other,42.24,0.35324,0.14769,0.9836,23.662,-11.234,13.572,True
ET_04,other,42.25,0.30191,0.08757,0.96769,12.462,-18.667,7.916,True
ET_04,other,42.26,0.20884,0.06117,0.90717,-1.203,-21.945,-0.871,True
ET_04,other,42.27,0.07823,0.09062,0.88736,-14.342,-16.856,-8.519,True
ET_04,other,42.28,-0.02093,0.15698,0.85703,-24.737,-7.375,-13.703,True
ET_04,other,42.29,0.02375,0.26989,0.87269,-28.002,2.883,-14.4,True
ET_04,other,42.300000000000004,0.04283,0.31582,0.8673,-21.59,13.979,-10.557,True
ET_04,other,42.31,0.1487,0.3956,0.91241,-10.42,18.346,-5.669,True
ET_04,other,42.32,0.22745,0.37327,0.93683,6.505,19.723,3.941,True
ET_04,other,42.33,0.35486,0.35577,0.98937,19.341,14.403,9.332,True
ET_04,other,42.34,0.38921,0.27015,0.96725,28.06,2.952,13.67,True
ET_04,other,42.35,0.39101,0.19545,1.00389,26.945,-4.456,12.183,True
ET_04,other,42.36,0.35418,0.10789,0.96334,19.761,-14.637,8.764,True
ET_04,other,42.37,0.24691,0.08773,0.94339,5.697,-20.229,1.077,True
ET_04,other,42.38,0.124,0.10616,0.87185,-10.105,-18.614,-3.646,True
ET_04,other,42.39,0.0303,0.10339,0.86389,-22.944,-12.44,-10.33,True
ET_04,other,42.4,-0.03503,0.24486,0.86896,-26.162,-1.656,-13.954,True
ET_04,other,42.410000000000004,0.01784,0.27299,0.86567,-25.149,9.232,-12.994,True
ET_04,other,42.42,0.08753,0.35408,0.89216,-15.495,17.566,-8.787,True
ET_04,other,42.43,0.19085,0.36942,0.91829,-1.802,21.423,0.44,True
ET_04,other,42.44,0.29768,0.3486,0.96559,12.77,17.994,6.585,True
ET_04,other,42.45,0.36767,0.31234,1.01135,23.61,8.824,12.503,True
ET_04,other,42.46,0.36372,0.21502,0.98077,27.409,-1.083,13.903,True
ET_04,other,42.47,0.35416,0.16146,0.98986,21.179,-10.825,11.195,True
ET_04,other,42.480000000000004,0.26604,0.10487,0.9751,11.659,-17.897,5.794,True
ET_04,other,42.49,0.16802,0.0675,0.93469,-2.2,-19.222,-1.123,True
ET_04,other,42.5,0.07159,0.11574,0.89856,-16.701,-15.044,-8.472,True
ET_04,other,42.51,0.00997,0.17574,0.84522,-24.649,-6.61,-13.312,True
ET_04,other,42.52,0.03116,0.24784,0.82483,-23.881,3.238,-12.631,True
ET_04,other,42.53,0.06976,0.32722,0.89741,-19.449,12.866,-9.797,True
ET_04,other,42.54,0.14485,0.3575,0.90077,-6.214,17.666,-2.871,True
ET_04,other,42.550000000000004,0.25172,0.35275,0.97818,6.9,17.62,3.173,True
ET_04,other,42.56,0.34456,0.31261,0.97116,18.965,12.821,9.282,True
ET_04,other,42.57,0.37779,0.25933,0.97676,25.775,3.414,12.936,True
ET_04,other,42.58,0.38013,0.17824,0.98311,25.103,-6.263,11.618,True
ET_04,other,42.59,0.31426,0.13526,0.96258,15.919,-14.734,8.787,True
ET_04,other,42.6,0.22057,0.09824,0.94307,3.605,-19.567,2.253,True
ET_04,other,42.61,0.10115,0.10238,0.89377,-10.483,-16.759,-5.489,True
ET_04,other,42.62,0.05045,0.15254,0.88675,-21.627,-8.853,-10.401,True
ET_04,other,42.63,0.02352,0.2032,0.86179,-25.84,-1.738,-13.512,True
ET_04,other,42.64,0.03934,0.28858,0.8604,-23.259,9.453,-11.147,True
ET_04,other,42.65,0.13388,0.34732,0.87313,-11.57,15.55,-6.052,True
ET_04,other,42.660000000000004,0.19462,0.38353,0.92446,1.168,17.549,0.98,True
ET_04,other,42.67,0.29878,0.3074,0.9687,13.943,14.772,6.763,True
ET_04,other,42.68,0.36277,0.31161,0.99548,22.762,7.49,11.562,True
ET_04,other,42.69,0.38065,0.19226,0.98371,22.681,-0.997,13.244,True
ET_04,other,42.7,0.35831,0.142,1.00577,20.241,-11.78,9.491,True
ET_04,other,42.71,0.27214,0.0696,0.93941,8.212,-18.137,4.108,True
ET_04,other,42.72,0.20225,0.11491,0.92052,-3.637,-16.251,-4.27,True
ET_04,other,42.730000000000004,0.09983,0.12622,0.88307,-17.977,-13.196,-9.36,True
ET_04,other,42.74,0.018,0.16287,0.85371,-22.018,-4.645,-11.998,True
ET_04,other,42.75,0.02759,0.2698,0.86364,-21.255,3.944,-12.173,True
ET_04,other,42.76,0.04216,0.30371,0.8547,-15.446,12.103,-7.093,True
ET_04,other,42.77,0.1799,0.33648,0.91846,-4.845,17.724,-2.303,True
ET_04,other,42.78,0.26785,0.35094,0.93968,7.828,16.408,4.251,True
ET_04,other,42.79,0.34098,0.28925,0.96474,18.288,9.821,9.978,True
ET_04,other,42.800000000000004,0.35674,0.25679,0.98091,24.1,1.802,11.401,True
ET_04,other,42.81,0.37687,0.18886,0.97986,21.534,-7.239,10.589,True
ET_04,other,42.82,0.2781,0.10713,0.97785,12.387,-15.748,6.614,True
ET_04,other,42.83,0.22785,0.08556,0.92564,0.997,-16.311,0.558,True
ET_04,other,42.84,0.12059,0.13537,0.87778,-11.411,-16.733,-6.336,True
ET_04,other,42.85,0.0518,0.15063,0.89075,-21.517,-8.257,-10.614,True
ET_04,other,42.86,0.02058,0.24061,0.87105,-23.963,1.326,-10.594,True
ET_04,other,42.87,0.05869,0.27705,0.8779,-21.323,10.58,-10.316,True
ET_04,other,42.88,0.15028,0.31809,0.90397,-9.378,15.57,-4.767,True
ET_04,other,42.89,0.22441,0.31694,0.93311,2.712,17.102,2.24,True
ET_04,other,42.9,0.2996,0.31187,0.9677,14.267,14.238,7.076,True
ET_04,other,42.910000000000004,0.35213,0.25965,0.94771,22.365,5.426,10.547,True
ET_04,other,42.92,0.33651,0.2129,0.98794,23.889,-5.706,11.432,True
ET_04,other,42.93,0.33104,0.14656,0.95035,17.423,-11.125,7.988,True
ET_04,other,42.94,0.23936,0.08955,0.95488,5.354,-15.282,2.754,True
ET_04,other,42.95,0.16311,0.10292,0.89151,-6.333,-15.03,-3.021,True
ET_04,other,42.96,0.09718,0.13257,0.87791,-17.507,-11.62,-6.626,True
ET_04,other,42.97,0.02906,0.22107,0.86009,-22.351,-3.745,-10.461,True
ET_04,other,42.980000000000004,0.02616,0.265,0.8466,-20.433,3.388,-10.963,True
ET_04,other,42.99,0.10413,0.28122,0.93833,-13.785,12.18,-7.82,True
ET_04,other,43.0,0.18453,0.34247,0.91877,-2.039,18.152,-0.625,True
ET_04,other,43.01,0.25661,0.30339,0.93033,8.431,14.147,5.189,True
ET_04,other,43.02,0.32596,0.30365,0.95311,19.273,8.745,9.201,True
ET_04,other,43.03,0.35873,0.23002,1.00333,20.99,1.055,12.871,True
ET_04,other,43.04,0.337,0.16979,0.98025,19.707,-8.066,10.798,True
ET_04,other,43.050000000000004,0.29018,0.12514,0.96885,10.879,-14.823,5.762,True
ET_04,other,43.06,0.1828,0.12039,0.91531,0.645,-16.542,-0.856,True
ET_04,other,43.07,0.10516,0.14824,0.87658,-11.623,-14.311,-4.93,True
ET_04,other,43.08,0.06106,0.16465,0.86553,-19.487,-6.869,-10.268,True
ET_04,other,43.09,0.06162,0.23045,0.84993,-21.477,0.616,-9.752,True
ET_04,other,43.1,0.05426,0.2918,0.88705,-15.95,10.21,-7.803,True
ET_04,other,43.11,0.13748,0.37585,0.90248,-7.728,15.717,-3.17,True
ET_04,other,43.12,0.23889,0.34726,0.92037,1.946,16.922,0.742,True
ET_04,other,43.13,0.2888,0.30162,0.98069,15.23,11.26,6.066,True
ET_04,other,43.14,0.34359,0.25978,0.98177,20.114,4.367,11.501,True
ET_04,other,43.15,0.35623,0.20306,0.98535,19.837,-3.641,9.843,True
ET_04,other,43.160000000000004,0.29523,0.13889,0.94507,16.45,-10.717,7.244,True
ET_04,other,43.17,0.21779,0.13379,0.928,4.11,-13.476,3.047,True
ET_04,other,43.18,0.14279,0.11045,0.89752,-7.356,-16.326,-4.623,True
ET_04,other,43.19,0.07818,0.1528,0.86568,-17.18,-9.844,-8.791,True
ET_04,other,43.2,0.03173,0.20264,0.87804,-20.936,-2.023,-9.42,True
ET_04,other,43.21,0.04594,0.28297,0.86171,-18.422,6.194,-10.366,True
ET_04,other,43.22,0.08948,0.30693,0.88767,-12.208,11.109,-5.615,True
ET_04,other,43.230000000000004,0.17064,0.35849,0.89484,-1.127,15.548,-1.088,True
ET_04,other,43.24,0.27596,0.32328,0.96946,11.263,13.256,4.1,True
ET_04,other,43.25,0.3265,0.28891,0.98245,18.647,9.211,9.298,True
ET_04,other,43.26,0.35764,0.23614,0.96484,21.057,-0.373,9.679,True
ET_04,other,43.27,0.30036,0.14968,0.99081,16.136,-9.059,8.065,True
ET_04,other,43.28,0.26899,0.12065,0.97104,9.194,-13.711,4.946,True
ET_04,other,43.29,0.20092,0.12508,0.92839,-3.746,-16.113,-0.985,True
ET_04,other,43.300000000000004,0.10326,0.14618,0.89225,-13.105,-11.45,-5.821,True
ET_04,other,43.31,0.03442,0.21361,0.86955,-18.163,-5.896,-8.094,True
ET_04,other,43.32,0.04277,0.2471,0.87636,-21.303,3.166,-9.938,True
ET_04,other,43.33,0.09812,0.32111,0.91073,-15.519,9.486,-7.168,True
ET_04,other,43.34,0.12605,0.31612,0.90718,-6.676,15.024,-3.62,True
ET_04,other,43.35,0.22779,0.32923,0.95805,4.529,14.604,2.694,True
ET_04,other,43.36,0.29293,0.28195,0.96882,14.21,9.138,8.538,True
ET_04,other,43.37,0.33605,0.2454,0.97932,20.249,3.996,11.349,True
ET_04,other,43.38,0.32765,0.19289,0.99504,18.98,-4.987,10.679,True
ET_04,other,43.39,0.2731,0.14531,0.94915,14.571,-10.544,7.278,True
ET_04,other,43.4,0.21665,0.11323,0.95089,3.608,-14.939,1.454,True
ET_04,other,43.410000000000004,0.13831,0.12328,0.89971,-7.015,-13.329,-4.817,True
ET_04,other,43.42,0.07253,0.18579,0.90442,-17.749,-7.568,-7.922,True
ET_04,other,43.43,0.05407,0.20594,0.8607,-20.633,-1.125,-9.323,True
ET_04,other,43.44,0.06002,0.26933,0.85662,-16.992,6.857,-10.317,True
ET_04,other,43.45,0.13217,0.34863,0.87258,-9.576,11.959,-4.432,True
ET_04,other,43.46,0.20056,0.33054,0.93783,0.048,14.545,0.147,True
ET_04,other,43.47,0.28652,0.29045,0.98416,11.357,13.203,5.902,True
ET_04,other,43.480000000000004,0.32194,0.26803,0.96147,19.212,6.558,10.133,True
ET_04,other,43.49,0.33925,0.20859,0.98549,20.825,-1.032,8.606,True
ET_04,other,43.5,0.32713,0.16259,0.97347,16.274,-9.138,8.435,True
ET_04,other,43.51,0.24928,0.13294,0.95505,6.286,-14.43,5.212,True
ET_04,other,43.52,0.16437,0.10432,0.93254,-2.888,-13.921,-1.128,True
ET_04,other,43.53,0.08388,0.16745,0.90459,-14.617,-10.993,-6.204,True
ET_04,other,43.54,0.05436,0.20623,0.86504,-18.135,-4.71,-10.185,True
ET_04,other,43.550000000000004,0.09165,0.25747,0.88166,-20.353,4.399,-10.738,True
ET_04,other,43.56,0.08514,0.3279,0.8923,-14.601,11.201,-6.576,True
ET_04,other,43.57,0.15406,0.34174,0.90938,-4.978,14.189,-2.227,True
ET_04,other,43.58,0.25658,0.31122,0.96183,5.636,13.358,3.678,True
ET_04,other,43.59,0.30671,0.29192,0.97385,14.162,9.88,8.449,True
ET_04,other,43.6,0.33738,0.22037,0.98572,20.217,1.485,10.3,True
ET_04,other,43.61,0.3049,0.17958,0.99529,17.512,-5.721,8.349,True
ET_04,other,43.62,0.27324,0.16091,0.97303,11.852,-12.879,5.665,True
ET_04,other,43.63,0.18438,0.11025,0.93472,1.44,-15.826,1.723,True
ET_04,other,43.64,0.13598,0.13613,0.9204,-8.724,-12.796,-4.89,True
ET_04,other,43.65,0.0595,0.1536,0.88779,-17.434,-8.341,-9.757,True
ET_04,other,43.660000000000004,0.02979,0.23934,0.89141,-21.036,-0.688,-10.908,True
ET_04,other,43.67,0.04744,0.26684,0.9243,-17.187,8.21,-8.345,True
ET_04,other,43.68,0.13873,0.32311,0.92336,-8.691,12.772,-4.342,True
ET_04,other,43.69,0.1854,0.30965,0.94121,1.272,13.038,-0.517,True
ET_04,other,43.7,0.27126,0.3146,0.95475,12.257,11.776,6.092,True
ET_04,other,43.71,0.30205,0.25367,1.00075,17.652,4.712,8.79,True
ET_04,other,43.72,0.31278,0.24631,0.9751,18.622,-1.726,9.742,True
ET_04,other,43.730000000000004,0.31924,0.18028,1.01129,14.435,-9.098,9.299,True
ET_04,other,43.74,0.25482,0.1413,0.94893,6.395,-13.28,1.669,True
ET_04,other,43.75,0.15387,0.12013,0.91774,-4.482,-13.935,-2.901,True
ET_04,other,43.76,0.07141,0.14367,0.89941,-13.27,-11.506,-8.438,True
ET_04,other,43.77,0.03832,0.21513,0.87794,-19.334,-3.519,-10.001,True
ET_04,other,43.78,0.02963,0.25685,0.89979,-18.548,2.6,-7.879,True
ET_04,other,43.79,0.09707,0.33015,0.89612,-12.583,11.648,-6.773,True
ET_04,other,43.800000000000004,0.19416,0.29568,0.928,-3.104,14.191,-3.288,True
ET_04,other,43.81,0.24323,0.29515,0.93628,9.029,12.898,5.168,True
ET_04,other,43.82,0.30297,0.2919,0.94823,17.318,8.962,8.147,True
ET_04,other,43.83,0.34012,0.24682,0.96069,19.029,1.128,8.164,True
ET_04,other,43.84,0.28417,0.16576,0.98433,17.823,-5.643,9.987,True
ET_04,other,43.85,0.27834,0.12301,0.97436,9.797,-12.879,5.626,True
ET_04,other,43.86,0.18619,0.11732,0.9279,2.529,-13.037,0.612,True
ET_04,other,43.87,0.10903,0.12034,0.91381,-8.925,-11.729,-6.563,True
ET_04,other,43.88,0.07412,0.16419,0.8777,-18.298,-5.781,-9.362,True
ET_04,other,43.89,0.0548,0.21401,0.86572,-18.551,1.022,-9.988,True
ET_04,other,43.9,0.0798,0.26583,0.8683,-15.908,8.777,-8.102,True
ET_04,other,43.910000000000004,0.145,0.30663,0.91039,-7.225,11.997,-3.93,True
ET_04,other,43.92,0.20256,0.32498,0.92881,2.513,14.084,1.732,True
ET_04,other,43.93,0.26839,0.32816,0.96753,13.358,9.959,6.761,True
ET_04,other,43.94,0.3579,0.22484,0.98358,19.591,5.249,10.03,True
ET_04,other,43.95,0.34912,0.19361,0.98189,18.383,-3.77,11.512,True
ET_04,other,43.96,0.29705,0.1184,0.98946,15.166,-10.237,6.825,True
ET_04,other,43.97,0.18632,0.11819,0.92508,5.544,-13.718,3.933,True
ET_04,other,43.980000000000004,0.12619,0.12848,0.89534,-6.873,-14.706,-3.796,True
ET_04,other,43.99,0.05614,0.12817,0.88234,-16.51,-8.361,-8.292,True
ET_04,other,44.0,0.03581,0.18657,0.87659,-20.1,-2.998,-8.485,True
ET_04,other,44.01,0.0116,0.24328,0.87423,-19.008,4.081,-8.501,True
ET_04,other,44.02,0.08573,0.2978,0.85931,-11.751,11.706,-5.952,True
ET_04,other,44.03,0.15657,0.32591,0.94465,-2.411,13.227,-0.644,True
ET_04,other,44.04,0.24799,0.32349,0.944,7.635,14.879,4.776,True
ET_04,other,44.050000000000004,0.29597,0.23879,0.98503,16.676,7.737,8.195,True
ET_04,other,44.06,0.33703,0.20441,0.98459,20.524,-1.691,9.505,True
ET_04,other,44.07,0.29511,0.14399,1.01015,17.061,-7.398,8.13,True
ET_04,other,44.08,0.23651,0.11689,0.99703,8.915,-12.688,4.883,True
ET_04,other,44.09,0.16458,0.10092,0.92534,-1.99,-14.321,0.026,True
ET_04,other,44.1,0.09582,0.14379,0.8917,-11.565,-13.518,-4.646,True
ET_04,other,44.11,0.03022,0.19608,0.90375,-18.753,-5.017,-8.966,True
ET_04,other,44.12,0.01379,0.21485,0.87105,-18.747,1.067,-8.018,True
ET_04,other,44.13,0.04122,0.28005,0.86879,-15.163,9.096,-8.001,True
ET_04,other,44.14,0.13259,0.3021,0.91804,-6.693,16.026,-3.557,True
ET_04,other,44.15,0.20986,0.30387,0.95198,4.22,13.589,2.119,True
ET_04,other,44.160000000000004,0.28902,0.32094,0.99003,14.762,10.11,7.22,True
ET_04,other,44.17,0.32311,0.2534,1.00239,20.151,2.659,9.47,True
ET_04,other,44.18,0.31703,0.19063,0.97639,19.234,-3.254,9.584,True
ET_04,other,44.19,0.27682,0.11668,0.98982,13.654,-12.208,6.853,True
ET_04,other,44.2,0.207,0.1044,0.91927,3.175,-15.677,1.629,True
ET_04,other,44.21,0.12021,0.09254,0.9222,-7.93,-14.495,-3.443,True
ET_04,other,44.22,0.05425,0.16245,0.86276,-15.711,-9.004,-7.44,True
ET_04,other,44.230000000000004,-0.0018,0.20636,0.8979,-22.348,0.165,-10.215,True
ET_04,other,44.24,0.02138,0.24777,0.88082,-19.568,6.842,-10.85,True
ET_04,other,44.25,0.09794,0.3191,0.91585,-11.254,13.185,-6.106,True
ET_04,other,44.26,0.18564,0.30205,0.96829,-0.277,16.235,-1.706,True
ET_04,other,44.27,0.23484,0.32877,0.95414,9.983,13.349,5.668,True
ET_04,other,44.28,0.29388,0.2512,0.98218,18.515,9.114,9.991,True
ET_04,other,44.29,0.32336,0.19723,1.00075,21.351,-0.439,9.199,True
ET_04,other,44.300000000000004,0.32658,0.12376,0.98164,17.504,-8.649,9.626,True
ET_04,other,44.31,0.22023,0.08504,0.97431,8.467,-14.274,3.394,True
ET_04,other,44.32,0.14131,0.09116,0.93073,-1.648,-15.161,-0.829,True
ET_04,other,44.33,0.0728,0.12584,0.91279,-13.104,-11.574,-5.759,True
ET_04,other,44.34,0.02821,0.14782,0.89422,-21.251,-5.652,-10.798,True
ET_04,other,44.35,0.02304,0.21455,0.89185,-21.508,3.323,-9.81,True
ET_04,other,44.36,0.05704,0.30844,0.91775,-17.293,11.538,-7.283,True
ET_04,other,44.37,0.13299,0.30908,0.88954,-5.005,15.464,-3.992,True
ET_04,other,44.38,0.21235,0.32829,0.94703,5.684,16.066,2.301,True
ET_04,other,44.39,0.28677,0.29064,0.97821,15.766,11.241,8.556,True
ET_04,other,44.4,0.32807,0.23867,0.99292,21.692,1.925,11.398,True
ET_04,other,44.410000000000004,0.29776,0.17483,0.99317,19.765,-6.722,10.493,True
ET_04,other,44.42,0.28231,0.12249,0.96225,13.242,-13.158,7.373,True
ET_04,other,44.43,0.20186,0.09137,0.93796,0.992,-15.57,2.045,True
ET_04,other,44.44,0.09938,0.09659,0.93372,-10.153,-13.535,-4.868,True
ET_04,other,44.45,0.01147,0.1362,0.89046,-18.755,-8.068,-9.057,True
ET_04,other,44.46,0.00297,0.23603,0.86491,-21.335,-0.29,-11.581,True
ET_04,other,44.47,0.04621,0.27187,0.88287,-19.751,7.985,-8.648,True
ET_04,other,44.480000000000004,0.11382,0.31007,0.90773,-10.875,13.907,-6.04,True
ET_04,other,44.49,0.1637,0.3326,0.95705,0.31,18.76,-1.08,True
ET_04,other,44.5,0.26981,0.29091,0.9818,12.682,14.119,5.953,True
ET_04,other,44.51,0.31198,0.26881,1.00022,21.435,7.843,9.069,True
ET_04,other,44.52,0.33606,0.20492,0.9997,23.189,-2.38,11.213,True
ET_04,other,44.53,0.31341,0.16537,0.97592,17.1,-10.753,8.154,True
ET_04,other,44.54,0.22627,0.06775,0.96234,8.785,-15.847,3.301,True
ET_04,other,44.550000000000004,0.14104,0.07457,0.92078,-4.392,-16.135,-3.217,True
ET_04,other,44.56,0.03017,0.13116,0.90676,-15.439,-13.256,-6.315,True
ET_04,other,44.57,-0.01899,0.15747,0.90029,-22.942,-4.63,-9.96,True
ET_04,other,44.58,-0.01029,0.24178,0.88118,-22.642,4.321,-10.96,True
ET_04,other,44.59,0.05749,0.28516,0.88506,-14.585,12.659,-7.834,True
ET_04,other,44.6,0.13324,0.31495,0.92832,-3.222,16.342,-3.131,True
ET_04,other,44.61,0.21418,0.30778,0.96771,7.37,14.634,3.455,True
ET_04,other,44.62,0.28819,0.28963,0.99448,18.379,10.4,10.603,True
ET_04,other,44.63,0.33017,0.20958,1.01572,22.395,1.923,12.863,True
ET_04,other,44.64,0.33332,0.16958,0.99719,20.182,-7.903,9.706,True
ET_04,other,44.65,0.26704,0.09314,0.97985,13.291,-14.73,7.154,True
ET_04,other,44.660000000000004,0.18962,0.09582,0.94367,1.058,-16.82,0.679,True
ET_04,other,44.67,0.0827,0.12184,0.92076,-11.948,-15.623,-5.993,True
ET_04,other,44.68,0.01157,0.13505,0.8856,-20.101,-8.796,-10.889,True
ET_04,other,44.69,0.00699,0.19762,0.88276,-24.14,0.574,-11.983,True
ET_04,other,44.7,0.02698,0.2678,0.89086,-20.417,10.904,-10.823,True
ET_04,other,44.71,0.09072,0.31079,0.89601,-9.64,15.359,-5.381,True
ET_04,other,44.72,0.18605,0.32351,0.97323,2.239,16.593,1.423,True
ET_04,other,44.730000000000004,0.26408,0.30544,0.98184,14.387,14.075,7.293,True
ET_04,other,44.74,0.2919,0.23994,0.986,22.526,5.83,13.53,True
ET_04,other,44.75,0.3168,0.18027,1.00301,23.253,-2.678,11.99,True
ET_04,other,44.76,0.28161,0.11605,1.03329,16.74,-12.123,9.208,True
ET_04,other,44.77,0.23119,0.08043,0.9533,6.431,-17.877,3.843,True
ET_04,other,44.78,0.10044,0.08212,0.94493,-6.903,-17.425,-3.717,True
ET_04,other,44.79,0.02281,0.14775,0.92777,-16.886,-13.341,-10.405,True
ET_04,other,44.800000000000004,-0.02144,0.18589,0.87247,-23.991,-2.921,-12.48,True
ET_04,other,44.81,-0.03333,0.23163,0.86699,-23.575,6.442,-11.668,True
ET_04,other,44.82,0.01105,0.29851,0.90222,-15.178,14.999,-9.207,True
ET_04,other,44.83,0.13131,0.32476,0.94075,-2.419,18.52,-2.034,True
ET_04,other,44.84,0.24627,0.35034,0.96684,9.88,16.437,3.863,True
ET_04,other,44.85,0.29671,0.25718,1.01,21.496,10.963,10.901,True
ET_04,other,44.86,0.349,0.18496,1.02882,26.531,-1.102,14.081,True
ET_04,other,44.87,0.31036,0.13733,1.0481,21.662,-7.919,9.477,True
ET_04,other,44.88,0.23616,0.09047,0.95532,13.319,-14.817,7.087,True
ET_04,other,44.89,0.1574,0.08309,0.95435,-0.964,-19.127,-1.152,True
ET_04,other,44.9,0.05318,0.09512,0.8978,-13.746,-15.6,-7.155,True
ET_04,other,44.910000000000004,-0.00207,0.13336,0.88511,-20.896,-6.619,-11.677,True
ET_04,other,44.92,-0.01622,0.20955,0.90132,-24.382,2.358,-12.734,True
ET_04,other,44.93,0.02894,0.30344,0.884,-21.296,10.928,-11.079,True
ET_04,other,44.94,0.09701,0.35403,0.90924,-7.876,17.558,-4.132,True
ET_04,other,44.95,0.17118,0.31971,0.97395,4.64,17.767,2.36,True
ET_04,other,44.96,0.29411,0.31952,0.9816,17.009,13.04,9.262,True
ET_04,other,44.97,0.33988,0.21646,1.02451,24.746,5.302,13.702,True
ET_04,other,44.980000000000004,0.34443,0.18426,1.02653,25.09,-5.385,13.173,True
ET_04,other,44.99,0.26649,0.08264,1.03002,17.297,-13.126,7.91,True
