subject_id,label,timestamp,accel_x,accel_y,accel_z,gyro_x,gyro_y,gyro_z,is_synthetic
ET_01,other,0.0,0.12772,0.3369,0.92863,0.185,19.687,-1.31,True
ET_01,other,0.01,0.22609,0.33706,0.97178,11.993,17.584,5.755,True
ET_01,other,0.02,0.30357,0.30095,1.00858,21.907,10.597,10.396,True
ET_01,other,0.03,0.33961,0.24224,1.03852,26.798,1.554,13.467,True
ET_01,other,0.04,0.34017,0.16959,1.0147,23.955,-5.277,12.723,True
ET_01,other,0.05,0.31491,0.08626,1.00336,18.651,-14.424,8.273,True
ET_01,other,0.06,0.21496,0.04933,0.953,7.784,-19.944,2.983,True
ET_01,other,0.07,0.08474,0.08518,0.91787,-5.952,-19.013,-4.488,True
ET_01,other,0.08,0.01118,0.08393,0.95239,-16.802,-15.344,-8.082,True
ET_01,other,0.09,-0.00477,0.12249,0.86726,-24.361,-7.444,-11.889,True
ET_01,other,0.1,-0.0591,0.22616,0.87522,-28.18,0.899,-13.128,True
ET_01,other,0.11,-0.01647,0.30067,0.88479,-23.885,11.412,-11.531,True
ET_01,other,0.12,0.03095,0.32582,0.90229,-14.53,17.463,-7.17,True
ET_01,other,0.13,0.15434,0.35884,0.93289,-2.164,19.71,-1.963,True
ET_01,other,0.14,0.22038,0.3254,0.99442,10.457,19.428,5.006,True
ET_01,other,0.15,0.30611,0.31767,1.01734,21.576,13.523,10.312,True
ET_01,other,0.16,0.36787,0.24635,1.03937,28.146,4.117,13.034,True
ET_01,other,0.17,0.33502,0.18922,1.03136,26.796,-4.834,14.799,True
ET_01,other,0.18,0.34324,0.10192,1.00566,21.219,-13.923,10.337,True
ET_01,other,0.19,0.19267,0.05704,0.98263,9.76,-19.902,4.608,True
ET_01,other,0.2,0.13412,0.03803,0.92475,-2.321,-20.662,-1.432,True
ET_01,other,0.21,0.05927,0.07479,0.95102,-15.638,-16.62,-7.39,True
ET_01,other,0.22,-0.03129,0.15499,0.88776,-23.487,-10.667,-12.732,True
ET_01,other,0.23,-0.04103,0.19359,0.86783,-29.529,-0.082,-12.962,True
ET_01,other,0.24,-0.04663,0.27775,0.89726,-25.199,8.845,-13.323,True
ET_01,other,0.25,0.0397,0.32091,0.89576,-16.53,15.992,-9.176,True
ET_01,other,0.26,0.12509,0.37098,0.92895,-4.488,19.355,-3.324,True
ET_01,other,0.27,0.25777,0.37773,0.94566,8.228,19.078,5.062,True
ET_01,other,0.28,0.32208,0.30067,0.99818,19.895,15.785,9.16,True
ET_01,other,0.29,0.34848,0.23248,0.99077,28.1,7.681,13.883,True
ET_01,other,0.3,0.34811,0.17086,1.03732,27.699,-2.802,12.741,True
ET_01,other,0.31,0.31428,0.09528,1.00587,23.574,-14.192,12.318,True
ET_01,other,0.32,0.26496,0.05914,0.98249,13.269,-19.955,6.535,True
ET_01,other,0.33,0.16708,0.04971,0.93082,-1.52,-21.001,0.566,True
ET_01,other,0.34,0.05541,0.06673,0.92881,-14.248,-18.469,-6.891,True
ET_01,other,0.35000000000000003,-0.03265,0.09629,0.88118,-23.585,-12.065,-10.963,True
ET_01,other,0.36,-0.06795,0.19589,0.85491,-28.453,-1.38,-14.879,True
ET_01,other,0.37,-0.02775,0.25865,0.89468,-26.341,7.176,-14.379,True
ET_01,other,0.38,0.00749,0.31346,0.89755,-19.476,16.248,-9.447,True
ET_01,other,0.39,0.09942,0.35661,0.91576,-7.076,20.494,-3.165,True
ET_01,other,0.4,0.24852,0.34742,0.96796,7.709,20.652,3.047,True
ET_01,other,0.41000000000000003,0.31685,0.31277,1.00487,19.212,16.584,9.983,True
ET_01,other,0.42,0.37632,0.2544,1.00996,27.757,8.067,13.916,True
ET_01,other,0.43,0.38665,0.18056,1.01875,31.66,-1.725,15.001,True
ET_01,other,0.44,0.35941,0.09625,1.01802,25.038,-11.646,13.335,True
ET_01,other,0.45,0.26598,0.07027,1.00505,16.332,-18.55,8.141,True
ET_01,other,0.46,0.16131,0.02876,0.98738,1.842,-20.836,0.326,True
ET_01,other,0.47000000000000003,0.08994,0.05978,0.89511,-12.7,-21.514,-6.818,True
ET_01,other,0.48,0.00809,0.11647,0.87939,-24.189,-15.41,-10.857,True
ET_01,other,0.49,-0.04749,0.16975,0.86535,-29.374,-4.212,-14.956,True
ET_01,other,0.5,-0.01723,0.26122,0.8644,-29.399,6.105,-14.492,True
ET_01,other,0.51,0.00439,0.31913,0.86463,-22.885,14.924,-11.557,True
ET_01,other,0.52,0.08534,0.39023,0.90052,-10.051,20.791,-6.539,True
ET_01,other,0.53,0.19444,0.35153,0.94001,3.622,21.389,2.231,True
ET_01,other,0.54,0.2931,0.3232,1.00224,18.242,17.844,9.189,True
ET_01,other,0.55,0.35404,0.26205,1.02773,27.291,10.394,14.047,True
ET_01,other,0.56,0.41454,0.19054,1.02141,28.695,0.73,16.642,True
ET_01,other,0.5700000000000001,0.38524,0.13361,1.02266,27.709,-9.683,14.34,True
ET_01,other,0.58,0.29612,0.06506,0.98844,16.83,-18.798,8.858,True
ET_01,other,0.59,0.17753,0.06448,0.93681,3.528,-22.25,3.29,True
ET_01,other,0.6,0.11658,0.04874,0.92813,-10.22,-21.494,-6.754,True
ET_01,other,0.61,0.01473,0.09106,0.88455,-23.151,-16.707,-11.769,True
ET_01,other,0.62,-0.0527,0.15348,0.85941,-29.54,-5.817,-16.895,True
ET_01,other,0.63,-0.0338,0.23012,0.83571,-30.771,4.348,-15.412,True
ET_01,other,0.64,-0.01997,0.30656,0.86871,-23.914,14.493,-11.713,True
ET_01,other,0.65,0.13706,0.38027,0.902,-13.675,21.807,-6.205,True
ET_01,other,0.66,0.17652,0.36194,0.95156,2.566,23.969,0.515,True
ET_01,other,0.67,0.27693,0.356,1.00218,15.861,19.213,8.143,True
ET_01,other,0.68,0.35607,0.3378,1.03682,27.994,12.428,14.685,True
ET_01,other,0.6900000000000001,0.39288,0.23788,1.02437,32.507,2.427,14.239,True
ET_01,other,0.7000000000000001,0.37488,0.16832,1.0095,27.824,-7.625,13.308,True
ET_01,other,0.71,0.35779,0.09292,1.00484,19.885,-17.242,9.901,True
ET_01,other,0.72,0.2007,0.02877,0.94579,6.823,-22.286,2.896,True
ET_01,other,0.73,0.12349,0.04195,0.94611,-8.27,-21.597,-4.369,True
ET_01,other,0.74,0.04167,0.08299,0.86465,-21.339,-17.798,-11.903,True
ET_01,other,0.75,-0.052,0.14438,0.866,-27.763,-8.751,-14.417,True
ET_01,other,0.76,-0.0496,0.23244,0.85383,-30.276,2.638,-14.895,True
ET_01,other,0.77,0.00738,0.29706,0.87024,-25.887,13.278,-14.097,True
ET_01,other,0.78,0.07293,0.37209,0.90725,-14.911,21.593,-8.653,True
ET_01,other,0.79,0.18943,0.37899,0.90563,-2.022,23.455,-2.497,True
ET_01,other,0.8,0.27918,0.35224,0.96943,13.601,20.031,6.561,True
ET_01,other,0.81,0.35196,0.3274,1.00686,25.575,14.381,13.463,True
ET_01,other,0.8200000000000001,0.41877,0.21607,1.01253,31.147,5.268,16.613,True
ET_01,other,0.8300000000000001,0.39129,0.14481,1.01175,30.422,-8.134,14.481,True
ET_01,other,0.84,0.33478,0.11015,1.02502,20.676,-16.099,9.742,True
ET_01,other,0.85,0.25074,0.05635,0.97079,10.037,-22.086,5.243,True
ET_01,other,0.86,0.13837,0.05445,0.89916,-5.132,-24.036,-3.519,True
ET_01,other,0.87,0.04098,0.05513,0.89701,-19.829,-19.522,-8.836,True
ET_01,other,0.88,-0.02838,0.16718,0.84951,-30.197,-8.652,-14.955,True
ET_01,other,0.89,-0.04745,0.21847,0.85053,-33.04,1.791,-14.392,True
ET_01,other,0.9,-0.0424,0.29502,0.88696,-29.084,12.198,-13.758,True
ET_01,other,0.91,0.04904,0.36467,0.89002,-17.846,20.152,-8.604,True
ET_01,other,0.92,0.13612,0.3844,0.91313,-3.88,23.973,-0.209,True
ET_01,other,0.93,0.27385,0.35017,0.95358,11.447,21.922,6.348,True
ET_01,other,0.9400000000000001,0.36067,0.33086,0.99379,24.758,14.953,12.735,True
ET_01,other,0.9500000000000001,0.41353,0.2458,1.01204,31.33,6.951,15.848,True
ET_01,other,0.96,0.38931,0.18599,1.04075,32.941,-5.163,15.331,True
ET_01,other,0.97,0.37298,0.10124,1.01526,22.866,-16.208,12.831,True
ET_01,other,0.98,0.28589,0.06164,0.96908,11.131,-22.517,8.173,True
ET_01,other,0.99,0.13995,0.03248,0.93226,-1.78,-25.466,-1.217,True
ET_01,other,1.0,0.02936,0.06536,0.89189,-17.698,-21.397,-8.254,True
ET_01,other,1.01,-0.03832,0.13131,0.86316,-28.732,-12.069,-13.833,True
ET_01,other,1.02,-0.03756,0.22564,0.85415,-31.783,-1.834,-15.519,True
ET_01,other,1.03,-0.03667,0.27418,0.85722,-30.354,8.611,-15.124,True
ET_01,other,1.04,0.05001,0.37469,0.90562,-21.118,18.811,-11.126,True
ET_01,other,1.05,0.16437,0.37553,0.92183,-5.9,22.487,-2.514,True
ET_01,other,1.06,0.23887,0.37249,0.93869,9.581,22.881,5.532,True
ET_01,other,1.07,0.34599,0.33966,0.98756,23.403,18.36,10.693,True
ET_01,other,1.08,0.41773,0.28844,1.01285,32.524,7.183,16.225,True
ET_01,other,1.09,0.39553,0.18634,1.03728,31.349,-2.673,17.405,True
ET_01,other,1.1,0.38852,0.11999,1.00298,25.842,-15.654,12.571,True
ET_01,other,1.11,0.28081,0.04597,0.97779,15.067,-22.02,8.212,True
ET_01,other,1.12,0.1973,0.04314,0.94443,-0.436,-23.781,-0.871,True
ET_01,other,1.1300000000000001,0.01739,0.05164,0.90401,-14.971,-22.207,-9.414,True
ET_01,other,1.1400000000000001,-0.0159,0.1472,0.88307,-27.059,-13.759,-14.255,True
ET_01,other,1.1500000000000001,-0.05351,0.17702,0.84526,-32.529,-3.187,-16.807,True
ET_01,other,1.16,-0.02427,0.26767,0.84902,-29.173,8.907,-15.256,True
ET_01,other,1.17,0.01353,0.34405,0.86091,-23.395,17.885,-10.833,True
ET_01,other,1.18,0.09401,0.4021,0.91689,-8.589,22.257,-4.558,True
ET_01,other,1.19,0.22742,0.38984,0.96605,7.599,22.814,4.676,True
ET_01,other,1.2,0.33539,0.35736,1.01449,19.665,19.188,10.067,True
ET_01,other,1.21,0.39785,0.31007,1.00872,31.322,9.247,14.679,True
ET_01,other,1.22,0.4129,0.23789,1.01715,33.419,-3.518,17.554,True
ET_01,other,1.23,0.3925,0.1309,1.01005,29.749,-12.641,13.839,True
ET_01,other,1.24,0.30431,0.08445,0.99825,17.975,-21.504,9.414,True
ET_01,other,1.25,0.19565,0.03186,0.92646,2.921,-24.555,1.178,True
ET_01,other,1.26,0.08882,0.04526,0.88707,-11.766,-22.089,-6.273,True
ET_01,other,1.27,0.0134,0.10785,0.8826,-24.685,-15.613,-12.738,True
ET_01,other,1.28,-0.05682,0.17371,0.83947,-31.994,-5.039,-16.583,True
ET_01,other,1.29,-0.04484,0.25616,0.8792,-31.785,4.986,-16.842,True
ET_01,other,1.3,-0.00945,0.34189,0.85586,-24.5,17.171,-10.941,True
ET_01,other,1.31,0.11868,0.39449,0.88032,-10.361,22.658,-5.565,True
ET_01,other,1.32,0.20416,0.38825,0.93677,3.368,24.042,2.055,True
ET_01,other,1.33,0.3111,0.34595,0.99348,18.243,19.768,8.93,True
ET_01,other,1.34,0.38188,0.31917,0.98237,28.837,12.374,14.952,True
ET_01,other,1.35,0.43377,0.21543,1.02891,32.076,1.042,17.865,True
ET_01,other,1.36,0.40305,0.14398,1.00381,30.717,-10.857,14.329,True
ET_01,other,1.37,0.34906,0.09719,1.00369,19.089,-19.032,8.509,True
ET_01,other,1.3800000000000001,0.23885,0.02926,0.94243,5.513,-24.42,3.699,True
ET_01,other,1.3900000000000001,0.13311,0.03132,0.88478,-9.795,-22.586,-5.264,True
ET_01,other,1.4000000000000001,0.06078,0.09996,0.8779,-24.075,-18.034,-11.19,True
ET_01,other,1.41,-0.05661,0.17902,0.82523,-32.391,-8.064,-15.133,True
ET_01,other,1.42,-0.04199,0.2456,0.86215,-31.571,3.082,-14.567,True
ET_01,other,1.43,-0.0073,0.30358,0.86454,-27.193,15.425,-13.167,True
ET_01,other,1.44,0.08904,0.37174,0.85953,-13.232,21.646,-8.02,True
ET_01,other,1.45,0.2013,0.37736,0.93673,0.952,22.61,1.974,True
ET_01,other,1.46,0.32,0.37374,0.98455,15.741,21.044,6.944,True
ET_01,other,1.47,0.40094,0.30267,1.01487,27.98,13.713,14.926,True
ET_01,other,1.48,0.43904,0.22243,1.01655,33.434,2.804,15.457,True
ET_01,other,1.49,0.41137,0.14476,1.01387,30.63,-9.112,16.242,True
ET_01,other,1.5,0.3472,0.10581,1.01238,21.728,-16.788,10.749,True
ET_01,other,1.51,0.24323,0.07269,0.92793,6.493,-23.964,3.748,True
ET_01,other,1.52,0.11474,0.03312,0.92785,-8.452,-23.428,-3.988,True
ET_01,other,1.53,0.03044,0.08756,0.86141,-21.282,-19.5,-10.049,True
ET_01,other,1.54,-0.01573,0.16649,0.86799,-29.26,-8.912,-15.068,True
ET_01,other,1.55,-0.05539,0.2174,0.86114,-32.208,1.574,-15.019,True
ET_01,other,1.56,-0.00873,0.31512,0.8554,-27.336,14.01,-14.345,True
ET_01,other,1.57,0.09491,0.38101,0.88045,-16.333,21.434,-9.241,True
ET_01,other,1.58,0.17764,0.40637,0.90334,-1.949,21.999,-0.697,True
ET_01,other,1.59,0.29733,0.38314,0.95061,12.945,22.101,6.05,True
ET_01,other,1.6,0.36421,0.32239,1.01602,23.993,13.612,12.546,True
ET_01,other,1.61,0.42019,0.25765,1.0017,31.34,3.308,15.175,True
ET_01,other,1.62,0.4219,0.17838,1.02507,29.843,-8.764,15.959,True
ET_01,other,1.6300000000000001,0.33865,0.10244,0.97117,23.214,-16.995,9.167,True
ET_01,other,1.6400000000000001,0.25912,0.05212,0.93912,11.275,-22.547,5.107,True
ET_01,other,1.6500000000000001,0.16438,0.04842,0.89995,-3.887,-23.013,-3.092,True
ET_01,other,1.6600000000000001,0.05426,0.0929,0.86654,-18.047,-19.121,-8.903,True
ET_01,other,1.67,-0.02318,0.12607,0.89625,-28.8,-11.474,-16.074,True
ET_01,other,1.68,-0.04669,0.22081,0.85459,-32.425,-0.746,-15.508,True
ET_01,other,1.69,-0.02943,0.28992,0.8638,-28.808,9.824,-13.068,True
ET_01,other,1.7,0.04938,0.35823,0.88503,-18.172,19.786,-8.323,True
ET_01,other,1.71,0.14873,0.40736,0.93133,-5.287,23.167,-2.588,True
ET_01,other,1.72,0.25586,0.38617,0.95709,10.611,21.428,5.256,True
ET_01,other,1.73,0.35944,0.34658,0.97817,23.491,15.997,9.944,True
ET_01,other,1.74,0.43216,0.25416,1.03294,30.248,6.427,14.784,True
ET_01,other,1.75,0.42932,0.17875,0.99218,31.227,-4.223,16.048,True
ET_01,other,1.76,0.37752,0.11019,0.97732,23.358,-16.542,11.639,True
ET_01,other,1.77,0.29561,0.07862,0.95186,11.596,-20.487,5.112,True
ET_01,other,1.78,0.16492,0.0692,0.90851,-3.632,-22.419,-0.472,True
ET_01,other,1.79,0.10462,0.09379,0.88003,-17.803,-19.869,-8.211,True
ET_01,other,1.8,-0.01464,0.13525,0.86269,-25.494,-12.589,-14.162,True
ET_01,other,1.81,-0.03472,0.22608,0.82834,-31.461,-1.059,-15.128,True
ET_01,other,1.82,0.01703,0.2951,0.85436,-29.161,8.795,-13.903,True
ET_01,other,1.83,0.04646,0.34983,0.8557,-19.611,19.356,-10.954,True
ET_01,other,1.84,0.14954,0.37474,0.92257,-8.454,20.636,-4.337,True
ET_01,other,1.85,0.23636,0.38698,0.94661,9.043,21.992,4.985,True
ET_01,other,1.86,0.33565,0.3238,0.97182,19.324,17.704,10.823,True
ET_01,other,1.87,0.40964,0.2788,1.03176,29.599,8.43,14.774,True
ET_01,other,1.8800000000000001,0.42355,0.1948,1.01249,31.481,-1.521,15.261,True
ET_01,other,1.8900000000000001,0.3798,0.12222,0.98072,25.072,-13.451,13.896,True
ET_01,other,1.9000000000000001,0.32255,0.07959,0.98116,14.064,-20.721,6.524,True
ET_01,other,1.9100000000000001,0.19771,0.05778,0.92752,1.083,-21.944,0.735,True
ET_01,other,1.92,0.07227,0.08874,0.87527,-13.523,-20.545,-7.006,True
ET_01,other,1.93,-0.01192,0.12944,0.83609,-24.71,-12.534,-12.83,True
ET_01,other,1.94,-0.00606,0.18822,0.8466,-29.67,-4.443,-16.225,True
ET_01,other,1.95,-0.02046,0.25386,0.85392,-29.354,7.477,-13.731,True
ET_01,other,1.96,0.03036,0.33396,0.88738,-21.798,16.849,-9.486,True
ET_01,other,1.97,0.14592,0.37948,0.90096,-8.495,22.139,-3.463,True
ET_01,other,1.98,0.2262,0.36453,0.951,5.055,22.978,3.213,True
ET_01,other,1.99,0.35289,0.35185,0.98967,18.94,16.632,10.598,True
ET_01,other,2.0,0.39302,0.31835,1.02128,26.981,9.704,14.973,True
ET_01,other,2.0100000000000002,0.41724,0.21206,0.98995,29.737,-1.467,15.47,True
ET_01,other,2.02,0.39873,0.13814,0.99474,25.786,-11.586,14.505,True
ET_01,other,2.0300000000000002,0.33288,0.10391,0.96395,17.869,-18.103,6.864,True
ET_01,other,2.04,0.20311,0.09189,0.89279,3.266,-22.404,-0.351,True
ET_01,other,2.05,0.12036,0.06261,0.90117,-11.701,-20.46,-4.17,True
ET_01,other,2.06,0.00968,0.12625,0.87393,-22.262,-15.443,-9.815,True
ET_01,other,2.07,-0.0228,0.18574,0.86363,-28.757,-5.282,-14.655,True
ET_01,other,2.08,-0.01082,0.26224,0.83112,-29.268,4.991,-14.162,True
ET_01,other,2.09,0.02806,0.34198,0.86067,-22.464,13.392,-11.895,True
ET_01,other,2.1,0.12054,0.33898,0.91253,-11.836,21.633,-6.42,True
ET_01,other,2.11,0.21998,0.37484,0.93907,1.512,21.767,1.169,True
ET_01,other,2.12,0.32436,0.34635,0.97719,16.291,17.464,7.608,True
ET_01,other,2.13,0.3865,0.28732,0.96149,25.122,9.659,13.087,True
ET_01,other,2.14,0.42357,0.22297,0.99942,29.915,0.469,14.361,True
ET_01,other,2.15,0.37395,0.162,1.00134,26.086,-7.047,12.534,True
ET_01,other,2.16,0.32533,0.10865,0.95491,17.035,-17.042,9.989,True
ET_01,other,2.17,0.24083,0.08254,0.93653,5.296,-22.413,3.405,True
ET_01,other,2.18,0.11382,0.08965,0.91273,-8.255,-20.466,-4.267,True
ET_01,other,2.19,0.04895,0.09675,0.86324,-20.692,-16.323,-9.648,True
ET_01,other,2.2,-0.00912,0.16562,0.82415,-26.693,-6.745,-14.509,True
ET_01,other,2.21,-0.02021,0.25728,0.82507,-28.245,3.801,-14.09,True
ET_01,other,2.22,0.01466,0.3242,0.86049,-23.951,10.926,-12.613,True
ET_01,other,2.23,0.08917,0.34033,0.90692,-13.412,18.239,-6.148,True
ET_01,other,2.24,0.19994,0.36094,0.92956,0.007,22.55,0.773,True
ET_01,other,2.25,0.31641,0.37188,0.96089,14.757,18.434,6.295,True
ET_01,other,2.2600000000000002,0.38338,0.33336,0.98948,24.197,11.292,11.447,True
ET_01,other,2.27,0.40725,0.23623,1.00052,28.603,3.954,15.142,True
ET_01,other,2.2800000000000002,0.38798,0.20378,0.98791,27.781,-6.576,11.782,True
ET_01,other,2.29,0.30859,0.09984,0.97431,19.366,-16.639,8.676,True
ET_01,other,2.3000000000000003,0.2556,0.07684,0.94854,8.174,-20.15,4.932,True
ET_01,other,2.31,0.15632,0.07956,0.90308,-5.402,-20.762,-3.725,True
ET_01,other,2.32,0.07586,0.12527,0.87446,-17.981,-15.803,-8.092,True
ET_01,other,2.33,-0.00689,0.1458,0.8593,-24.907,-8.353,-13.304,True
ET_01,other,2.34,-0.01031,0.23711,0.85436,-26.671,0.822,-14.877,True
ET_01,other,2.35,0.03157,0.2949,0.8773,-23.701,9.548,-11.506,True
ET_01,other,2.36,0.10856,0.33285,0.86884,-14.109,16.078,-5.69,True
ET_01,other,2.37,0.19203,0.38225,0.90944,-1.973,21.229,-0.722,True
ET_01,other,2.38,0.2568,0.33686,0.96299,11.595,17.845,5.664,True
ET_01,other,2.39,0.35261,0.30609,0.98979,21.79,13.072,10.694,True
ET_01,other,2.4,0.39275,0.25681,1.0085,28.043,4.729,12.729,True
ET_01,other,2.41,0.41424,0.20512,1.00706,26.423,-5.088,11.648,True
ET_01,other,2.42,0.36098,0.11178,0.9708,19.551,-12.74,9.558,True
ET_01,other,2.43,0.25027,0.08631,0.98159,9.135,-17.594,4.873,True
ET_01,other,2.44,0.18183,0.12298,0.89801,-2.698,-19.021,-1.704,True
ET_01,other,2.45,0.0832,0.12647,0.8644,-15.145,-14.547,-8.137,True
ET_01,other,2.46,0.02734,0.18905,0.84448,-24.351,-8.685,-12.368,True
ET_01,other,2.47,0.00936,0.2203,0.83398,-28.69,0.984,-14.208,True
ET_01,other,2.48,0.03077,0.28511,0.87141,-23.786,8.665,-12.529,True
ET_01,other,2.49,0.09096,0.33024,0.8951,-15.537,15.038,-8.237,True
ET_01,other,2.5,0.18734,0.36141,0.92122,-4.577,20.0,-2.152,True
ET_01,other,2.5100000000000002,0.28724,0.33676,0.94073,7.066,19.386,4.547,True
ET_01,other,2.52,0.32483,0.30082,1.00192,18.946,14.34,11.038,True
ET_01,other,2.5300000000000002,0.39252,0.26926,0.97591,25.665,4.77,11.087,True
ET_01,other,2.54,0.38583,0.18627,0.99646,25.213,-3.472,12.379,True
ET_01,other,2.5500000000000003,0.35037,0.13155,0.95109,20.909,-13.054,10.658,True
ET_01,other,2.56,0.27725,0.12143,0.94669,11.797,-16.258,5.989,True
ET_01,other,2.57,0.19533,0.10206,0.87545,-1.14,-20.121,-0.474,True
ET_01,other,2.58,0.09969,0.10299,0.89545,-11.362,-16.654,-7.096,True
ET_01,other,2.59,0.04871,0.15414,0.84438,-20.757,-9.544,-11.575,True
ET_01,other,2.6,0.0212,0.20357,0.85926,-25.593,-1.141,-11.48,True
ET_01,other,2.61,0.02878,0.25419,0.85539,-24.081,7.355,-12.966,True
ET_01,other,2.62,0.07556,0.33017,0.90101,-16.79,13.046,-7.788,True
ET_01,other,2.63,0.14586,0.37333,0.89402,-5.911,16.98,-3.435,True
ET_01,other,2.64,0.23423,0.37785,0.94043,4.611,17.26,3.832,True
ET_01,other,2.65,0.32258,0.31167,0.97584,15.754,13.029,7.704,True
ET_01,other,2.66,0.37366,0.27904,0.99143,23.472,5.96,11.184,True
ET_01,other,2.67,0.40778,0.20805,0.98518,26.057,-2.031,12.741,True
ET_01,other,2.68,0.35473,0.14815,0.97824,20.857,-11.283,10.428,True
ET_01,other,2.69,0.29913,0.09564,0.9533,12.207,-16.64,6.054,True
ET_01,other,2.7,0.17271,0.05439,0.92551,0.889,-18.354,0.387,True
ET_01,other,2.71,0.13672,0.07872,0.898,-10.043,-17.417,-5.351,True
ET_01,other,2.72,0.0535,0.14342,0.87365,-19.45,-10.772,-9.036,True
ET_01,other,2.73,0.04631,0.19788,0.87842,-23.413,-2.287,-12.554,True
ET_01,other,2.74,0.02326,0.27192,0.87424,-22.517,4.451,-9.346,True
ET_01,other,2.75,0.05893,0.33187,0.87113,-17.082,13.517,-9.102,True
ET_01,other,2.7600000000000002,0.15161,0.31739,0.91547,-8.373,17.71,-5.265,True
ET_01,other,2.77,0.25416,0.3367,0.95615,5.958,17.981,0.845,True
ET_01,other,2.7800000000000002,0.2696,0.32924,0.93492,12.8,12.983,6.754,True
ET_01,other,2.79,0.35968,0.27595,0.97246,21.156,6.639,11.374,True
ET_01,other,2.8000000000000003,0.34731,0.24739,0.97683,23.102,-0.669,10.602,True
ET_01,other,2.81,0.3596,0.18309,0.99254,20.542,-8.188,10.918,True
ET_01,other,2.82,0.28771,0.13942,0.94187,14.23,-14.599,7.81,True
ET_01,other,2.83,0.24015,0.09257,0.95674,1.71,-16.607,2.664,True
ET_01,other,2.84,0.14835,0.09195,0.88572,-8.29,-15.386,-4.438,True
ET_01,other,2.85,0.08075,0.12458,0.885,-17.411,-12.532,-9.549,True
ET_01,other,2.86,0.03057,0.19348,0.84851,-21.734,-5.951,-11.336,True
ET_01,other,2.87,0.02832,0.2831,0.8523,-22.488,2.767,-11.854,True
ET_01,other,2.88,0.07658,0.30371,0.83824,-19.082,9.173,-8.648,True
ET_01,other,2.89,0.11967,0.30633,0.89698,-8.709,16.779,-5.125,True
ET_01,other,2.9,0.21315,0.35129,0.94153,2.423,17.024,0.778,True
ET_01,other,2.91,0.30349,0.30936,0.98799,13.364,15.386,4.9,True
ET_01,other,2.92,0.322,0.29687,0.97535,20.7,8.788,9.832,True
ET_01,other,2.93,0.35232,0.24255,0.98376,22.586,1.259,12.189,True
ET_01,other,2.94,0.34731,0.1701,1.00483,21.066,-6.74,9.538,True
ET_01,other,2.95,0.31005,0.13607,0.99203,14.51,-11.428,6.03,True
ET_01,other,2.96,0.20577,0.12324,0.93532,5.046,-14.896,1.647,True
ET_01,other,2.97,0.15223,0.10701,0.92108,-6.292,-17.35,-4.822,True
ET_01,other,2.98,0.10989,0.13354,0.90043,-15.243,-12.779,-6.635,True
ET_01,other,2.99,0.0394,0.19306,0.87325,-21.544,-4.902,-10.097,True
ET_01,other,3.0,0.02757,0.2358,0.89331,-22.25,2.884,-11.115,True
ET_01,other,3.0100000000000002,0.03776,0.28181,0.91174,-18.573,10.02,-10.13,True
ET_01,other,3.02,0.13727,0.36571,0.89678,-10.771,13.889,-6.016,True
ET_01,other,3.0300000000000002,0.18063,0.36084,0.91698,-0.75,16.046,1.239,True
ET_01,other,3.04,0.24254,0.32591,0.94484,10.173,13.178,5.176,True
ET_01,other,3.0500000000000003,0.30639,0.29523,0.97278,19.522,11.22,9.299,True
ET_01,other,3.06,0.36518,0.24312,0.97269,21.944,3.375,11.305,True
ET_01,other,3.0700000000000003,0.34003,0.17972,0.96898,20.602,-5.02,8.929,True
ET_01,other,3.08,0.296,0.12995,0.97335,15.841,-12.599,8.514,True
ET_01,other,3.09,0.23208,0.1029,0.95738,6.705,-14.922,4.422,True
ET_01,other,3.1,0.16958,0.1281,0.92984,-3.532,-16.876,-1.577,True
ET_01,other,3.11,0.10216,0.13914,0.876,-13.233,-11.977,-5.993,True
ET_01,other,3.12,0.04402,0.14936,0.85525,-21.143,-7.036,-10.371,True
ET_01,other,3.13,0.03282,0.21248,0.85968,-20.844,0.991,-11.568,True
ET_01,other,3.14,0.061,0.27999,0.88109,-17.989,9.278,-10.363,True
ET_01,other,3.15,0.13082,0.31632,0.89451,-10.952,13.381,-4.844,True
ET_01,other,3.16,0.17377,0.35078,0.92077,-2.366,15.797,-0.03,True
ET_01,other,3.17,0.23039,0.31476,0.94637,7.703,14.554,3.308,True
ET_01,other,3.18,0.31607,0.30473,0.92097,15.641,10.27,9.764,True
ET_01,other,3.19,0.34788,0.242,0.9538,20.394,3.426,9.603,True
ET_01,other,3.2,0.34103,0.2089,1.00138,20.543,-3.683,12.675,True
ET_01,other,3.21,0.31528,0.14554,0.97568,16.529,-11.238,7.996,True
ET_01,other,3.22,0.24487,0.13704,0.92048,7.054,-13.933,3.768,True
ET_01,other,3.23,0.19853,0.11752,0.92618,-2.582,-14.75,-2.573,True
ET_01,other,3.24,0.12364,0.13883,0.90971,-10.776,-15.207,-5.839,True
ET_01,other,3.25,0.05746,0.18597,0.88102,-18.729,-7.534,-9.607,True
ET_01,other,3.2600000000000002,0.05435,0.19981,0.86715,-21.642,-1.225,-10.242,True
ET_01,other,3.27,0.06405,0.26433,0.87463,-17.909,6.712,-9.632,True
ET_01,other,3.2800000000000002,0.10883,0.30212,0.89436,-14.019,11.923,-5.788,True
ET_01,other,3.29,0.17395,0.32521,0.94985,-4.13,14.915,-2.184,True
ET_01,other,3.3000000000000003,0.23255,0.35159,0.91782,6.581,13.542,3.864,True
ET_01,other,3.31,0.31755,0.28597,0.96504,14.273,10.563,8.175,True
ET_01,other,3.3200000000000003,0.33823,0.2502,0.97158,19.355,5.648,9.059,True
ET_01,other,3.33,0.32064,0.17743,0.96854,19.614,-1.64,9.667,True
ET_01,other,3.34,0.3191,0.15555,0.97412,17.076,-9.027,8.876,True
ET_01,other,3.35,0.26284,0.10859,0.96007,8.542,-13.952,4.957,True
ET_01,other,3.36,0.17596,0.11783,0.93134,-1.124,-15.481,0.049,True
ET_01,other,3.37,0.09656,0.13103,0.9005,-10.697,-11.915,-5.347,True
ET_01,other,3.38,0.08206,0.18566,0.88952,-18.369,-9.052,-9.858,True
ET_01,other,3.39,0.06539,0.18785,0.87174,-20.014,-1.456,-10.65,True
ET_01,other,3.4,0.06001,0.27468,0.89146,-17.851,5.372,-9.584,True
ET_01,other,3.41,0.08152,0.31522,0.89923,-12.774,11.24,-6.485,True
ET_01,other,3.42,0.15685,0.30118,0.95126,-4.855,13.51,-2.66,True
ET_01,other,3.43,0.22515,0.30104,0.93078,3.585,15.746,1.409,True
ET_01,other,3.44,0.29335,0.31271,0.95957,14.078,10.452,6.651,True
ET_01,other,3.45,0.3358,0.26672,0.9959,18.524,5.415,8.823,True
ET_01,other,3.46,0.35502,0.20744,0.9918,20.54,0.051,10.665,True
ET_01,other,3.47,0.31822,0.15542,0.97849,16.58,-9.025,8.098,True
ET_01,other,3.48,0.29999,0.13723,0.95011,11.417,-12.451,5.324,True
ET_01,other,3.49,0.23855,0.13087,0.9267,2.205,-15.566,0.665,True
ET_01,other,3.5,0.13131,0.14439,0.90384,-9.453,-13.721,-2.264,True
ET_01,other,3.5100000000000002,0.06408,0.13766,0.90027,-15.818,-7.977,-8.49,True
ET_01,other,3.52,0.04316,0.19748,0.86997,-20.273,-3.164,-10.688,True
ET_01,other,3.5300000000000002,0.04509,0.26438,0.8685,-19.687,4.263,-10.859,True
ET_01,other,3.54,0.10178,0.30706,0.90737,-14.572,9.749,-7.5,True
ET_01,other,3.5500000000000003,0.15034,0.29827,0.89227,-6.553,13.234,-3.632,True
ET_01,other,3.56,0.20207,0.31232,0.916,3.553,13.476,2.918,True
ET_01,other,3.5700000000000003,0.2869,0.32552,0.95674,11.611,13.777,5.719,True
ET_01,other,3.58,0.32137,0.26368,1.01072,17.227,7.007,7.918,True
ET_01,other,3.59,0.31091,0.21458,0.97238,20.203,0.621,10.706,True
ET_01,other,3.6,0.31474,0.15719,0.95025,18.274,-6.555,8.254,True
ET_01,other,3.61,0.26096,0.12049,0.93668,11.135,-12.643,6.402,True
ET_01,other,3.62,0.2212,0.10159,0.95742,2.838,-13.442,1.912,True
ET_01,other,3.63,0.15737,0.12301,0.91309,-5.836,-15.196,-4.652,True
ET_01,other,3.64,0.10506,0.16221,0.90552,-13.921,-10.04,-6.992,True
ET_01,other,3.65,0.06945,0.18885,0.87299,-18.52,-3.765,-8.853,True
ET_01,other,3.66,0.02884,0.25122,0.89242,-19.099,2.825,-9.287,True
ET_01,other,3.67,0.0647,0.29378,0.88275,-13.972,10.237,-7.341,True
ET_01,other,3.68,0.13191,0.31982,0.90741,-7.801,13.125,-4.501,True
ET_01,other,3.69,0.19353,0.31829,0.91743,0.373,14.898,0.482,True
ET_01,other,3.7,0.26931,0.2786,0.95684,9.712,12.857,5.246,True
ET_01,other,3.71,0.31549,0.25817,0.99638,17.682,7.268,8.205,True
ET_01,other,3.72,0.3372,0.2244,0.96421,19.622,1.28,10.038,True
ET_01,other,3.73,0.33389,0.17675,1.02391,19.449,-5.54,7.892,True
ET_01,other,3.74,0.28353,0.12866,0.98346,13.986,-9.868,6.526,True
ET_01,other,3.75,0.21633,0.13031,0.93216,5.765,-13.122,3.191,True
ET_01,other,3.7600000000000002,0.16814,0.113,0.93491,-4.48,-13.833,-0.142,True
ET_01,other,3.77,0.06837,0.1527,0.8865,-14.277,-10.631,-7.836,True
ET_01,other,3.7800000000000002,0.05094,0.1855,0.86903,-18.839,-4.523,-9.477,True
ET_01,other,3.79,0.01372,0.24577,0.87953,-19.561,1.043,-9.968,True
ET_01,other,3.8000000000000003,0.06957,0.28291,0.86091,-15.507,7.613,-7.412,True
ET_01,other,3.81,0.1089,0.2923,0.87891,-8.605,12.85,-4.753,True
ET_01,other,3.8200000000000003,0.16069,0.30166,0.91997,-0.096,14.797,-0.007,True
ET_01,other,3.83,0.24319,0.33942,0.95719,8.309,13.765,4.818,True
ET_01,other,3.84,0.30345,0.2806,0.96879,15.961,9.248,8.007,True
ET_01,other,3.85,0.32778,0.22787,0.98199,17.388,2.302,8.83,True
ET_01,other,3.86,0.31481,0.1717,0.9751,16.812,-4.369,9.484,True
ET_01,other,3.87,0.28593,0.15151,0.9483,13.139,-10.455,7.276,True
ET_01,other,3.88,0.2341,0.11759,0.93519,6.283,-14.036,3.045,True
ET_01,other,3.89,0.15866,0.1057,0.95802,-1.922,-14.38,-1.156,True
ET_01,other,3.9,0.11371,0.13807,0.89403,-11.641,-12.503,-4.821,True
ET_01,other,3.91,0.05904,0.16697,0.90376,-18.272,-5.538,-7.845,True
ET_01,other,3.92,0.02569,0.22986,0.87422,-19.621,-0.785,-8.138,True
ET_01,other,3.93,0.06307,0.27333,0.88945,-15.71,6.473,-9.35,True
ET_01,other,3.94,0.08351,0.30232,0.90827,-11.291,12.449,-5.438,True
ET_01,other,3.95,0.13428,0.33991,0.93837,-1.729,14.162,-1.767,True
ET_01,other,3.96,0.225,0.29764,0.94078,6.755,13.453,2.657,True
ET_01,other,3.97,0.29013,0.29279,0.96687,15.731,10.524,7.498,True
ET_01,other,3.98,0.3208,0.25334,0.97836,18.979,3.439,9.811,True
ET_01,other,3.99,0.2874,0.17837,1.0033,19.846,-3.233,10.89,True
ET_01,other,4.0,0.29716,0.15656,0.96364,16.427,-9.534,8.349,True
ET_01,other,4.01,0.25832,0.14659,0.9592,7.435,-13.3,3.803,True
ET_01,other,4.0200000000000005,0.16497,0.12258,0.90688,-1.282,-13.7,-1.363,True
ET_01,other,4.03,0.10019,0.10865,0.90252,-10.994,-12.858,-5.11,True
ET_01,other,4.04,0.06064,0.17007,0.90813,-17.317,-8.61,-8.496,True
ET_01,other,4.05,0.00556,0.18236,0.8919,-19.641,0.114,-10.615,True
ET_01,other,4.0600000000000005,0.05382,0.25042,0.90078,-18.453,6.209,-8.674,True
ET_01,other,4.07,0.10892,0.28285,0.87362,-12.785,11.315,-7.305,True
ET_01,other,4.08,0.16259,0.32145,0.90921,-4.126,15.058,-1.658,True
ET_01,other,4.09,0.20335,0.31366,0.93973,5.9,14.281,3.464,True
ET_01,other,4.1,0.27532,0.27664,0.95333,13.417,11.103,8.307,True
ET_01,other,4.11,0.32651,0.24502,0.99349,20.009,5.684,8.901,True
ET_01,other,4.12,0.32342,0.18667,1.02011,20.1,-1.451,9.951,True
ET_01,other,4.13,0.31075,0.16472,0.99623,18.489,-8.859,7.61,True
ET_01,other,4.14,0.22806,0.10874,0.95765,7.333,-12.137,5.001,True
ET_01,other,4.15,0.172,0.1157,0.94576,0.678,-15.7,0.298,True
ET_01,other,4.16,0.11181,0.11448,0.92208,-9.973,-14.019,-5.228,True
ET_01,other,4.17,0.03307,0.13267,0.88826,-17.232,-8.672,-8.942,True
ET_01,other,4.18,0.01193,0.1877,0.89124,-20.913,-3.535,-9.836,True
ET_01,other,4.19,0.03665,0.25138,0.8883,-18.699,6.143,-10.789,True
ET_01,other,4.2,0.09476,0.30218,0.89725,-15.173,12.118,-8.445,True
ET_01,other,4.21,0.12961,0.31616,0.92536,-7.178,15.676,-1.874,True
ET_01,other,4.22,0.21534,0.31443,0.94259,3.322,14.572,1.985,True
ET_01,other,4.23,0.26725,0.27099,0.97807,11.292,12.556,6.393,True
ET_01,other,4.24,0.32767,0.26785,1.00006,19.923,5.417,10.197,True
ET_01,other,4.25,0.31572,0.20147,1.00144,21.244,-0.589,11.452,True
ET_01,other,4.26,0.31341,0.15902,0.9986,18.992,-7.54,6.429,True
ET_01,other,4.2700000000000005,0.24109,0.12132,0.95492,9.677,-11.232,6.386,True
ET_01,other,4.28,0.16103,0.11636,0.92683,0.714,-15.342,1.373,True
ET_01,other,4.29,0.10398,0.11486,0.92405,-8.904,-14.474,-3.564,True
ET_01,other,4.3,0.03639,0.13316,0.89716,-16.731,-11.007,-9.481,True
ET_01,other,4.3100000000000005,0.05072,0.19805,0.89589,-20.099,-3.798,-11.057,True
ET_01,other,4.32,0.02854,0.26137,0.89113,-21.114,5.288,-10.434,True
ET_01,other,4.33,0.07357,0.27383,0.89693,-16.243,9.414,-7.146,True
ET_01,other,4.34,0.11416,0.32022,0.93977,-8.284,15.046,-2.642,True
ET_01,other,4.3500000000000005,0.18881,0.31652,0.93804,3.078,15.451,1.2,True
ET_01,other,4.36,0.24486,0.30594,0.99385,12.271,14.156,5.832,True
ET_01,other,4.37,0.28438,0.25945,0.99511,18.903,6.804,10.057,True
ET_01,other,4.38,0.31351,0.20034,0.97498,22.171,1.389,9.518,True
ET_01,other,4.39,0.28133,0.13256,0.96967,21.018,-8.676,10.552,True
ET_01,other,4.4,0.23635,0.11712,0.96411,13.942,-12.974,7.421,True
ET_01,other,4.41,0.17656,0.09097,0.92295,3.787,-15.803,2.0,True
ET_01,other,4.42,0.10986,0.08952,0.92076,-5.712,-13.97,-3.343,True
ET_01,other,4.43,0.05835,0.13178,0.91008,-15.664,-10.37,-7.921,True
ET_01,other,4.44,0.02042,0.17524,0.89891,-19.182,-4.748,-10.787,True
ET_01,other,4.45,0.00115,0.24403,0.88439,-21.728,1.339,-11.908,True
ET_01,other,4.46,0.01544,0.28742,0.90605,-17.342,9.22,-9.661,True
ET_01,other,4.47,0.08845,0.30008,0.93203,-9.585,14.893,-4.349,True
ET_01,other,4.48,0.16722,0.33698,0.94982,0.543,15.385,-0.259,True
ET_01,other,4.49,0.24434,0.30342,0.99015,11.23,15.315,4.153,True
ET_01,other,4.5,0.31438,0.29066,0.99542,18.214,9.581,10.345,True
ET_01,other,4.51,0.33746,0.22191,1.027,22.898,2.974,12.035,True
ET_01,other,4.5200000000000005,0.31052,0.14022,0.99605,20.238,-5.638,9.443,True
ET_01,other,4.53,0.27833,0.09812,0.98228,15.002,-12.83,5.937,True
ET_01,other,4.54,0.19556,0.08822,0.97256,4.734,-14.908,2.0,True
ET_01,other,4.55,0.1317,0.07732,0.91833,-5.263,-16.659,-1.675,True
ET_01,other,4.5600000000000005,0.08322,0.13974,0.87288,-14.171,-11.375,-8.319,True
ET_01,other,4.57,0.00595,0.16947,0.90797,-20.986,-6.593,-11.17,True
ET_01,other,4.58,-0.00683,0.21785,0.88062,-22.839,-0.033,-12.551,True
ET_01,other,4.59,0.00776,0.28871,0.90034,-19.103,8.945,-9.74,True
ET_01,other,4.6000000000000005,0.05115,0.33336,0.92295,-12.377,15.396,-6.519,True
ET_01,other,4.61,0.14677,0.31403,0.93196,-1.307,17.261,0.444,True
ET_01,other,4.62,0.22945,0.3138,0.96833,8.786,15.969,4.586,True
ET_01,other,4.63,0.28306,0.27397,0.98819,17.492,11.688,8.777,True
ET_01,other,4.64,0.3042,0.21532,1.00666,23.074,4.078,12.457,True
ET_01,other,4.65,0.31795,0.16414,1.01237,22.797,-4.31,11.373,True
ET_01,other,4.66,0.28299,0.10848,0.97614,17.223,-10.777,7.485,True
ET_01,other,4.67,0.22698,0.09773,0.96848,7.609,-16.889,5.1,True
ET_01,other,4.68,0.14412,0.08931,0.92544,-3.499,-17.029,-2.401,True
ET_01,other,4.69,0.06122,0.07009,0.91393,-13.85,-12.973,-6.907,True
ET_01,other,4.7,-0.00987,0.15869,0.87576,-21.747,-7.439,-10.279,True
ET_01,other,4.71,0.00328,0.20696,0.88967,-23.711,-0.571,-12.996,True
ET_01,other,4.72,0.01258,0.25576,0.86747,-21.78,9.464,-9.934,True
ET_01,other,4.73,0.05685,0.30645,0.90972,-13.507,15.631,-7.36,True
ET_01,other,4.74,0.12401,0.32452,0.91627,-5.123,18.069,-1.423,True
ET_01,other,4.75,0.22875,0.33378,0.97922,8.371,15.961,4.731,True
ET_01,other,4.76,0.27848,0.28216,0.98535,18.641,11.72,10.72,True
ET_01,other,4.7700000000000005,0.35105,0.23338,1.022,24.076,5.75,11.665,True
ET_01,other,4.78,0.32936,0.20186,0.99556,23.841,-3.789,12.901,True
ET_01,other,4.79,0.27133,0.09803,1.01061,19.209,-11.846,11.379,True
ET_01,other,4.8,0.22224,0.08335,0.96624,9.278,-15.521,5.533,True
ET_01,other,4.8100000000000005,0.15474,0.0697,0.96357,-2.623,-18.043,-1.194,True
ET_01,other,4.82,0.0439,0.08322,0.87528,-12.586,-16.552,-6.238,True
ET_01,other,4.83,-0.00063,0.12259,0.87022,-20.741,-9.809,-9.58,True
ET_01,other,4.84,-0.00142,0.19121,0.89102,-25.225,-3.232,-13.761,True
ET_01,other,4.8500000000000005,-0.01128,0.26965,0.9006,-23.464,7.91,-11.427,True
ET_01,other,4.86,0.02616,0.33958,0.88645,-17.403,12.706,-8.502,True
ET_01,other,4.87,0.09347,0.33337,0.94613,-5.665,18.807,-2.323,True
ET_01,other,4.88,0.19635,0.31513,0.98048,5.701,17.76,4.242,True
ET_01,other,4.89,0.27701,0.29989,0.98321,15.599,13.295,8.629,True
ET_01,other,4.9,0.32733,0.26766,1.03623,23.584,6.047,11.615,True
ET_01,other,4.91,0.33656,0.17009,1.02592,25.063,-1.624,10.98,True
ET_01,other,4.92,0.31486,0.12161,1.03886,20.993,-10.025,11.379,True
ET_01,other,4.93,0.24456,0.09226,0.98128,14.054,-18.061,5.954,True
ET_01,other,4.94,0.16698,0.06799,0.96603,-0.49,-18.193,-0.939,True
ET_01,other,4.95,0.07033,0.04722,0.92366,-10.6,-17.772,-5.712,True
ET_01,other,4.96,-0.02061,0.11479,0.8963,-21.557,-12.833,-11.603,True
ET_01,other,4.97,-0.03072,0.19474,0.89455,-24.509,-3.29,-12.956,True
ET_01,other,4.98,-0.02902,0.23326,0.88104,-25.13,6.082,-13.211,True
ET_01,other,4.99,0.01516,0.27869,0.90941,-19.111,13.834,-10.26,True
ET_01,other,5.0,0.07184,0.32109,0.90479,-7.613,19.603,-3.169,True
ET_01,other,5.01,0.18806,0.34379,0.96378,4.256,18.742,2.827,True
ET_01,other,5.0200000000000005,0.24585,0.31565,1.00795,16.838,16.972,8.187,True
ET_01,other,5.03,0.30747,0.27401,1.00625,22.455,8.211,12.849,True
ET_01,other,5.04,0.33513,0.19377,1.01255,25.429,-1.232,12.786,True
ET_01,other,5.05,0.31845,0.10772,1.01328,23.142,-9.159,11.265,True
ET_01,other,5.0600000000000005,0.26867,0.07865,0.99359,15.108,-15.371,6.623,True
ET_01,other,5.07,0.15353,0.05625,0.93162,3.552,-20.864,1.669,True
ET_01,other,5.08,0.07588,0.06043,0.96011,-9.472,-20.359,-4.558,True
ET_01,other,5.09,-0.01127,0.12862,0.90763,-19.592,-12.443,-9.163,True
ET_01,other,5.1000000000000005,-0.07176,0.17306,0.86463,-26.41,-4.376,-13.339,True
ET_01,other,5.11,-0.0453,0.23579,0.87703,-25.645,5.521,-12.797,True
ET_01,other,5.12,-0.00536,0.30086,0.88886,-20.66,11.961,-12.026,True
ET_01,other,5.13,0.09583,0.34645,0.93935,-10.851,19.382,-5.176,True
ET_01,other,5.14,0.15728,0.34994,0.94787,2.866,19.902,1.538,True
ET_01,other,5.15,0.25892,0.33366,0.99824,14.312,15.616,7.162,True
ET_01,other,5.16,0.31978,0.26652,1.03565,22.921,9.914,11.549,True
ET_01,other,5.17,0.3323,0.17939,1.03724,27.67,0.419,14.421,True
ET_01,other,5.18,0.31917,0.13816,1.04087,25.279,-7.71,12.143,True
ET_01,other,5.19,0.26562,0.08218,0.98934,17.02,-16.717,9.983,True
ET_01,other,5.2,0.18475,0.04611,0.96823,5.224,-18.709,4.055,True
ET_01,other,5.21,0.09751,0.0433,0.95152,-8.424,-19.941,-4.591,True
ET_01,other,5.22,-0.02758,0.09346,0.91634,-18.159,-15.26,-9.136,True
ET_01,other,5.23,-0.06736,0.13732,0.87898,-27.32,-6.662,-12.714,True
ET_01,other,5.24,-0.05567,0.21748,0.86256,-27.213,2.876,-13.951,True
ET_01,other,5.25,-0.03649,0.31124,0.9087,-23.65,12.29,-10.949,True
ET_01,other,5.26,0.06617,0.34942,0.91295,-12.562,19.589,-5.763,True
ET_01,other,5.2700000000000005,0.12054,0.32957,0.94785,-1.13,20.16,-0.133,True
ET_01,other,5.28,0.22166,0.32463,1.02453,14.493,19.467,6.21,True
ET_01,other,5.29,0.32097,0.28344,0.99501,21.93,12.131,11.17,True
ET_01,other,5.3,0.35483,0.22097,1.03631,28.527,2.47,13.685,True
ET_01,other,5.3100000000000005,0.35458,0.13499,1.02379,27.615,-6.283,13.416,True
ET_01,other,5.32,0.29299,0.09207,1.00095,19.302,-14.805,11.477,True
ET_01,other,5.33,0.21574,0.03486,0.99397,8.981,-21.416,3.247,True
ET_01,other,5.34,0.0786,0.03225,0.95033,-5.81,-20.555,-2.473,True
ET_01,other,5.3500000000000005,-0.01607,0.07441,0.88918,-16.581,-17.625,-8.416,True
ET_01,other,5.36,-0.03683,0.1119,0.90942,-25.951,-8.597,-12.478,True
ET_01,other,5.37,-0.07548,0.18653,0.8797,-29.81,0.199,-15.197,True
ET_01,other,5.38,-0.05076,0.24952,0.92012,-24.867,9.736,-14.175,True
ET_01,other,5.39,0.00243,0.30621,0.91432,-15.977,18.645,-8.892,True
ET_01,other,5.4,0.09392,0.33957,0.95619,-2.333,21.111,-0.943,True
ET_01,other,5.41,0.22071,0.30937,0.99602,11.671,21.234,5.753,True
ET_01,other,5.42,0.29965,0.31242,1.01807,23.39,14.431,11.332,True
ET_01,other,5.43,0.3436,0.24036,1.02966,28.256,4.952,14.352,True
ET_01,other,5.44,0.34209,0.14555,1.01592,30.061,-4.229,14.661,True
ET_01,other,5.45,0.30504,0.1083,1.01838,21.537,-14.509,10.639,True
ET_01,other,5.46,0.2061,0.05358,0.99136,9.924,-20.612,6.339,True
ET_01,other,5.47,0.10485,0.02784,0.95418,-3.398,-20.931,-0.841,True
ET_01,other,5.48,0.0286,0.07545,0.91264,-17.502,-18.729,-9.33,True
ET_01,other,5.49,-0.05268,0.12818,0.87331,-26.464,-10.716,-12.191,True
ET_01,other,5.5,-0.11725,0.1631,0.88387,-30.043,-0.775,-14.897,True
ET_01,other,5.51,-0.04426,0.28591,0.8891,-27.221,9.135,-13.106,True
ET_01,other,5.5200000000000005,0.00528,0.36388,0.89225,-17.87,17.808,-9.549,True
ET_01,other,5.53,0.09445,0.38072,0.95225,-4.239,22.226,-3.302,True
ET_01,other,5.54,0.21604,0.33353,0.96604,9.632,22.231,4.36,True
ET_01,other,5.55,0.29486,0.29959,1.02202,19.734,14.189,9.993,True
ET_01,other,5.5600000000000005,0.33048,0.25902,1.0541,28.283,6.454,14.571,True
ET_01,other,5.57,0.37691,0.14947,1.0761,28.967,-4.545,14.923,True
ET_01,other,5.58,0.32596,0.09677,1.03533,26.053,-12.586,12.623,True
ET_01,other,5.59,0.20916,0.03517,0.97773,12.435,-22.04,5.702,True
ET_01,other,5.6000000000000005,0.15223,0.01413,0.95078,-0.154,-23.215,-0.775,True
ET_01,other,5.61,0.02858,0.04273,0.93078,-13.926,-20.54,-7.043,True
ET_01,other,5.62,-0.04446,0.08809,0.88055,-25.193,-13.319,-12.749,True
ET_01,other,5.63,-0.07101,0.18623,0.87763,-31.464,-2.078,-15.98,True
ET_01,other,5.64,-0.10152,0.24828,0.87823,-29.736,8.677,-13.056,True
ET_01,other,5.65,-0.03296,0.31661,0.86498,-20.857,16.986,-8.634,True
ET_01,other,5.66,0.05652,0.36391,0.91371,-7.71,21.924,-4.202,True
ET_01,other,5.67,0.19685,0.36983,0.98549,7.266,22.899,2.627,True
ET_01,other,5.68,0.28187,0.3039,1.0027,21.109,17.524,9.035,True
ET_01,other,5.69,0.3251,0.25892,1.02882,29.583,8.807,14.939,True
ET_01,other,5.7,0.36414,0.18423,1.06799,31.652,-1.946,15.673,True
ET_01,other,5.71,0.32981,0.1082,1.02418,27.165,-13.363,13.165,True
ET_01,other,5.72,0.24788,0.07865,0.98546,17.098,-20.221,7.15,True
ET_01,other,5.73,0.13375,0.00887,0.96659,2.308,-22.641,0.229,True
ET_01,other,5.74,0.01208,0.06101,0.89859,-13.234,-20.632,-7.216,True
ET_01,other,5.75,-0.06399,0.08574,0.8915,-25.129,-12.619,-11.864,True
ET_01,other,5.76,-0.10426,0.17294,0.88424,-32.688,-4.813,-14.898,True
ET_01,other,5.7700000000000005,-0.08915,0.25899,0.86819,-30.718,6.787,-14.911,True
ET_01,other,5.78,-0.03528,0.2972,0.89278,-22.873,15.55,-11.401,True
ET_01,other,5.79,0.03577,0.36659,0.94899,-10.15,22.334,-7.182,True
ET_01,other,5.8,0.16171,0.36248,0.96058,4.774,23.104,1.297,True
ET_01,other,5.8100000000000005,0.25825,0.314,1.0136,18.831,17.467,9.179,True
ET_01,other,5.82,0.34199,0.27191,1.05305,28.587,11.858,13.771,True
ET_01,other,5.83,0.35129,0.19637,1.04429,31.623,-1.46,15.755,True
ET_01,other,5.84,0.32391,0.10689,1.04964,28.918,-10.521,14.406,True
ET_01,other,5.8500000000000005,0.23056,0.02725,0.99484,17.691,-19.211,9.03,True
ET_01,other,5.86,0.14394,-0.0001,0.97341,3.864,-23.084,3.073,True
ET_01,other,5.87,0.03957,-0.00205,0.93955,-10.352,-22.32,-5.71,True
ET_01,other,5.88,-0.0331,0.07403,0.88637,-24.725,-17.099,-12.664,True
ET_01,other,5.89,-0.09917,0.15609,0.89051,-31.805,-5.651,-15.031,True
ET_01,other,5.9,-0.09001,0.21476,0.85505,-31.751,4.884,-15.775,True
ET_01,other,5.91,-0.06264,0.30576,0.91151,-25.518,12.764,-13.018,True
ET_01,other,5.92,0.01507,0.36125,0.93833,-13.071,21.352,-8.154,True
ET_01,other,5.93,0.13439,0.3592,0.9907,1.17,25.071,0.514,True
ET_01,other,5.94,0.25587,0.33596,0.96893,17.974,21.852,9.602,True
ET_01,other,5.95,0.32395,0.29826,1.04641,26.825,11.643,14.052,True
ET_01,other,5.96,0.39028,0.22286,1.04587,31.591,1.856,15.941,True
ET_01,other,5.97,0.34173,0.14699,1.07383,30.006,-11.199,15.173,True
ET_01,other,5.98,0.26575,0.03192,0.99186,20.503,-16.575,9.561,True
ET_01,other,5.99,0.17367,0.03755,0.99838,7.666,-22.495,3.461,True
ET_01,other,6.0,0.05947,-0.00143,0.95168,-9.334,-21.477,-3.654,True
ET_01,other,6.01,-0.02063,0.04535,0.90753,-22.816,-17.506,-10.406,True
ET_01,other,6.0200000000000005,-0.109,0.14,0.88059,-29.952,-7.718,-13.694,True
ET_01,other,6.03,-0.11884,0.22291,0.89331,-32.765,2.541,-16.095,True
ET_01,other,6.04,-0.08916,0.25171,0.87595,-27.116,13.735,-14.349,True
ET_01,other,6.05,0.01382,0.33658,0.92752,-16.689,21.777,-6.339,True
ET_01,other,6.0600000000000005,0.12006,0.36999,0.98728,0.558,22.821,-0.357,True
ET_01,other,6.07,0.20589,0.34086,1.04989,14.153,22.669,6.723,True
ET_01,other,6.08,0.31873,0.31305,1.03589,26.742,15.461,13.705,True
ET_01,other,6.09,0.36459,0.1843,1.02997,31.804,3.557,17.212,True
ET_01,other,6.1000000000000005,0.3425,0.14088,1.04905,30.715,-6.36,14.925,True
ET_01,other,6.11,0.2926,0.05422,1.00131,23.361,-15.331,11.843,True
ET_01,other,6.12,0.17026,0.00579,0.99601,8.965,-22.71,5.578,True
ET_01,other,6.13,0.05968,0.00338,0.94584,-5.816,-22.837,-1.077,True
ET_01,other,6.140000000000001,-0.03841,0.04771,0.9045,-19.744,-18.945,-10.099,True
ET_01,other,6.15,-0.09883,0.11524,0.90808,-30.166,-9.817,-15.351,True
ET_01,other,6.16,-0.12417,0.21086,0.85451,-33.693,-0.346,-16.55,True
ET_01,other,6.17,-0.09884,0.27048,0.87777,-27.331,10.955,-15.079,True
ET_01,other,6.18,-0.02307,0.3251,0.92489,-18.839,21.225,-9.644,True
ET_01,other,6.19,0.10941,0.35751,0.95631,-4.348,23.498,-1.305,True
ET_01,other,6.2,0.15907,0.37146,1.00138,12.74,22.462,6.813,True
ET_01,other,6.21,0.28835,0.30311,1.0529,25.479,16.605,11.873,True
ET_01,other,6.22,0.33471,0.22601,1.03681,32.221,5.16,15.937,True
ET_01,other,6.23,0.35244,0.13716,1.0264,32.466,-5.256,16.224,True
ET_01,other,6.24,0.3038,0.05357,1.02753,24.811,-15.792,12.258,True
ET_01,other,6.25,0.21655,0.0198,1.00524,12.316,-23.271,4.465,True
ET_01,other,6.26,0.09687,0.01038,0.9346,-3.965,-24.073,-1.876,True
ET_01,other,6.2700000000000005,-0.01818,0.03202,0.89614,-17.022,-20.961,-7.589,True
ET_01,other,6.28,-0.09949,0.10865,0.9145,-28.539,-12.997,-14.883,True
ET_01,other,6.29,-0.10717,0.17495,0.88008,-33.665,-1.986,-16.323,True
ET_01,other,6.3,-0.10508,0.23947,0.90257,-30.359,9.427,-13.706,True
ET_01,other,6.3100000000000005,-0.04127,0.34488,0.91418,-19.948,19.595,-9.852,True
ET_01,other,6.32,0.05726,0.34428,0.94032,-6.285,23.906,-4.31,True
ET_01,other,6.33,0.1644,0.36632,0.99944,9.062,22.519,4.638,True
ET_01,other,6.34,0.28864,0.30169,1.04032,23.893,19.72,11.375,True
ET_01,other,6.3500000000000005,0.35151,0.22013,1.06397,31.267,9.016,15.745,True
ET_01,other,6.36,0.36482,0.14521,1.0546,33.579,-2.244,16.069,True
ET_01,other,6.37,0.31795,0.07819,1.04039,26.105,-14.79,11.475,True
ET_01,other,6.38,0.24069,0.00477,1.04305,15.452,-21.488,6.106,True
ET_01,other,6.390000000000001,0.10814,-0.00147,0.93032,-0.208,-23.697,1.004,True
ET_01,other,6.4,-0.00642,0.04345,0.91436,-13.959,-20.834,-6.792,True
ET_01,other,6.41,-0.0678,0.06413,0.91018,-27.441,-14.714,-13.331,True
ET_01,other,6.42,-0.12698,0.15703,0.90589,-33.037,-3.471,-16.32,True
ET_01,other,6.43,-0.11141,0.22615,0.88668,-31.173,6.505,-16.091,True
ET_01,other,6.44,-0.05212,0.31368,0.87818,-22.135,16.955,-11.75,True
ET_01,other,6.45,0.06906,0.34293,0.95064,-9.51,22.845,-4.186,True
ET_01,other,6.46,0.15925,0.35123,0.99636,7.494,22.839,3.267,True
ET_01,other,6.47,0.2715,0.2977,1.04949,20.567,16.682,10.12,True
ET_01,other,6.48,0.33545,0.27897,1.06018,30.164,7.649,15.079,True
ET_01,other,6.49,0.33888,0.16804,1.03116,30.966,-0.658,16.412,True
ET_01,other,6.5,0.30021,0.08314,1.01868,26.557,-10.913,14.07,True
ET_01,other,6.51,0.2292,0.02233,1.02162,17.214,-20.061,8.14,True
ET_01,other,6.5200000000000005,0.14803,0.01933,0.97991,2.559,-23.54,0.359,True
ET_01,other,6.53,0.01885,0.01353,0.94497,-12.788,-22.853,-5.962,True
ET_01,other,6.54,-0.05881,0.0781,0.86892,-26.221,-15.431,-13.327,True
ET_01,other,6.55,-0.12086,0.15567,0.89366,-30.452,-4.435,-15.339,True
ET_01,other,6.5600000000000005,-0.14392,0.24055,0.88096,-30.912,6.727,-16.545,True
ET_01,other,6.57,-0.05393,0.30414,0.90146,-23.742,16.415,-13.076,True
ET_01,other,6.58,0.02118,0.35281,0.93441,-11.387,23.934,-6.536,True
ET_01,other,6.59,0.14926,0.32916,0.98838,3.643,24.014,2.256,True
ET_01,other,6.6000000000000005,0.27357,0.32368,1.02793,19.573,18.758,8.135,True
ET_01,other,6.61,0.33248,0.24105,1.07122,25.814,10.525,14.195,True
ET_01,other,6.62,0.34477,0.15815,1.03648,31.933,1.17,16.66,True
ET_01,other,6.63,0.33873,0.08971,1.02003,27.12,-10.998,13.972,True
ET_01,other,6.640000000000001,0.24435,0.03995,1.02791,18.823,-18.681,9.704,True
ET_01,other,6.65,0.16176,-0.00623,0.97108,4.153,-23.299,1.387,True
ET_01,other,6.66,0.01172,0.00672,0.9344,-10.153,-22.746,-4.14,True
ET_01,other,6.67,-0.07082,0.05649,0.90858,-22.61,-17.494,-12.734,True
ET_01,other,6.68,-0.10518,0.13115,0.89136,-31.281,-7.992,-15.165,True
ET_01,other,6.69,-0.1007,0.22478,0.87443,-30.796,4.292,-14.218,True
ET_01,other,6.7,-0.08583,0.28679,0.9041,-26.355,13.411,-11.903,True
ET_01,other,6.71,0.03396,0.33235,0.96416,-14.23,21.667,-8.043,True
ET_01,other,6.72,0.11654,0.33048,0.98609,1.547,23.477,-0.497,True
ET_01,other,6.73,0.22757,0.33655,1.02973,16.018,20.301,8.74,True
ET_01,other,6.74,0.30019,0.29729,1.03613,26.01,13.122,13.285,True
ET_01,other,6.75,0.34764,0.20832,1.07125,31.565,2.252,16.164,True
ET_01,other,6.76,0.3077,0.12919,1.05917,30.688,-8.444,15.338,True
ET_01,other,6.7700000000000005,0.26756,0.08643,1.00458,21.212,-18.785,10.026,True
ET_01,other,6.78,0.14267,0.03745,1.00516,7.317,-22.271,3.967,True
ET_01,other,6.79,0.05991,0.00575,0.96169,-7.075,-22.589,-2.944,True
ET_01,other,6.8,-0.0611,0.02534,0.94592,-21.185,-18.375,-10.771,True
ET_01,other,6.8100000000000005,-0.12328,0.09833,0.91994,-29.156,-8.13,-14.404,True
ET_01,other,6.82,-0.15034,0.20515,0.89176,-30.979,1.709,-16.346,True
ET_01,other,6.83,-0.09631,0.25569,0.87344,-25.49,12.768,-12.6,True
ET_01,other,6.84,-0.01307,0.35218,0.9275,-15.959,19.788,-9.083,True
ET_01,other,6.8500000000000005,0.10299,0.35356,0.95406,-2.179,22.926,-1.11,True
ET_01,other,6.86,0.21433,0.32504,1.02758,11.922,21.627,5.903,True
ET_01,other,6.87,0.27881,0.28305,1.05511,23.543,12.858,12.594,True
ET_01,other,6.88,0.33582,0.17969,1.02762,30.491,5.785,14.34,True
ET_01,other,6.890000000000001,0.29763,0.1169,1.07474,29.624,-6.784,14.147,True
ET_01,other,6.9,0.26353,0.09926,1.03212,22.303,-15.92,11.14,True
ET_01,other,6.91,0.15085,0.02977,1.00107,9.501,-22.703,6.675,True
ET_01,other,6.92,0.05265,0.00532,0.94688,-4.674,-22.072,-1.571,True
ET_01,other,6.93,-0.01499,0.07221,0.90777,-17.81,-17.181,-9.399,True
ET_01,other,6.94,-0.10185,0.0983,0.87597,-28.255,-10.787,-13.99,True
ET_01,other,6.95,-0.1253,0.18266,0.91165,-32.06,0.46,-17.227,True
ET_01,other,6.96,-0.09933,0.25269,0.90264,-25.816,10.523,-13.224,True
ET_01,other,6.97,0.0012,0.3004,0.95846,-16.965,20.153,-8.844,True
ET_01,other,6.98,0.06209,0.32391,0.9782,-4.041,22.497,-0.842,True
ET_01,other,6.99,0.19567,0.32299,0.97653,10.077,20.356,4.722,True
ET_01,other,7.0,0.2486,0.27877,1.01952,21.548,16.041,11.063,True
ET_01,other,7.01,0.33957,0.23449,1.0704,28.397,5.907,14.344,True
ET_01,other,7.0200000000000005,0.29332,0.13824,1.04496,30.353,-5.001,16.432,True
ET_01,other,7.03,0.28813,0.08175,1.03659,23.417,-13.334,11.958,True
ET_01,other,7.04,0.20128,0.0157,1.0123,12.613,-19.575,5.849,True
ET_01,other,7.05,0.10649,0.0264,0.96772,-1.618,-21.872,-0.874,True
ET_01,other,7.0600000000000005,-0.0077,0.04287,0.92661,-15.772,-19.32,-8.231,True
ET_01,other,7.07,-0.06455,0.07539,0.92588,-24.58,-10.646,-12.448,True
ET_01,other,7.08,-0.09804,0.16786,0.87722,-29.41,-0.375,-16.677,True
ET_01,other,7.09,-0.11488,0.23712,0.88053,-26.683,8.748,-13.592,True
ET_01,other,7.1000000000000005,-0.03417,0.29735,0.90125,-18.737,16.835,-9.424,True
ET_01,other,7.11,0.05897,0.33425,0.95048,-6.759,21.767,-3.762,True
ET_01,other,7.12,0.17353,0.32805,0.97833,6.316,20.928,3.476,True
ET_01,other,7.13,0.24936,0.29364,1.01084,19.225,16.862,9.967,True
ET_01,other,7.140000000000001,0.30805,0.22704,1.05219,27.544,7.749,13.691,True
ET_01,other,7.15,0.30559,0.16381,1.04308,28.119,-2.995,14.563,True
ET_01,other,7.16,0.25859,0.07953,1.05512,23.446,-11.641,11.651,True
ET_01,other,7.17,0.22528,0.04981,1.01886,15.239,-18.564,7.361,True
ET_01,other,7.18,0.09475,0.02605,0.95555,1.955,-20.892,0.86,True
ET_01,other,7.19,0.02328,0.05441,0.96658,-14.035,-18.492,-5.589,True
ET_01,other,7.2,-0.06876,0.06674,0.89832,-23.324,-12.626,-10.505,True
ET_01,other,7.21,-0.13515,0.12006,0.90584,-28.647,-3.266,-13.829,True
ET_01,other,7.22,-0.08686,0.23396,0.91805,-25.334,6.352,-13.515,True
ET_01,other,7.23,-0.03082,0.32005,0.93589,-19.565,14.249,-10.185,True
ET_01,other,7.24,0.03658,0.30168,0.94957,-8.327,20.666,-4.137,True
ET_01,other,7.25,0.15741,0.3478,0.99291,4.449,21.368,4.217,True
ET_01,other,7.26,0.24415,0.29886,1.00451,17.778,16.72,8.122,True
ET_01,other,7.2700000000000005,0.28149,0.24461,1.08184,25.535,8.507,12.099,True
ET_01,other,7.28,0.28285,0.18374,1.06509,27.775,-0.699,13.412,True
ET_01,other,7.29,0.28167,0.11373,1.06597,23.856,-10.474,12.824,True
ET_01,other,7.3,0.20528,0.07849,0.99509,16.088,-16.993,7.419,True
ET_01,other,7.3100000000000005,0.12723,0.02868,0.95781,1.683,-19.913,0.215,True
ET_01,other,7.32,0.01883,0.04565,0.951,-11.769,-18.154,-5.392,True
ET_01,other,7.33,-0.06861,0.09258,0.9135,-21.472,-13.192,-9.987,True
ET_01,other,7.34,-0.12379,0.15063,0.89399,-25.785,-5.094,-13.699,True
ET_01,other,7.3500000000000005,-0.10131,0.18857,0.90212,-27.814,5.2,-14.369,True
ET_01,other,7.36,-0.04454,0.26887,0.90427,-20.805,12.73,-12.172,True
ET_01,other,7.37,0.0103,0.31687,0.92225,-10.865,17.957,-4.164,True
ET_01,other,7.38,0.13577,0.29155,0.96176,2.104,21.338,1.13,True
ET_01,other,7.390000000000001,0.22056,0.28791,1.02723,16.438,16.837,7.326,True
ET_01,other,7.4,0.31088,0.24134,1.02568,23.943,10.097,10.928,True
ET_01,other,7.41,0.31774,0.18452,1.05617,26.655,1.993,13.426,True
ET_01,other,7.42,0.28053,0.11134,1.05138,25.263,-8.006,12.101,True
ET_01,other,7.43,0.22261,0.05316,1.01933,18.229,-15.109,9.929,True
ET_01,other,7.44,0.1266,0.05177,0.98268,5.066,-17.845,2.461,True
ET_01,other,7.45,0.02946,0.03699,0.96908,-7.282,-18.339,-5.46,True
ET_01,other,7.46,-0.05863,0.07808,0.9227,-18.545,-13.448,-9.338,True
ET_01,other,7.47,-0.07366,0.11071,0.88977,-27.558,-5.877,-12.902,True
ET_01,other,7.48,-0.11373,0.18172,0.91791,-25.88,2.597,-13.836,True
ET_01,other,7.49,-0.04754,0.24455,0.89322,-21.155,12.198,-11.762,True
ET_01,other,7.5,0.01253,0.31018,0.956,-11.617,17.285,-5.595,True
ET_01,other,7.51,0.09648,0.30292,0.98477,0.921,20.603,-0.029,True
ET_01,other,7.5200000000000005,0.1923,0.2992,1.01694,12.018,17.109,6.769,True
ET_01,other,7.53,0.26869,0.25605,1.04393,21.567,12.204,10.527,True
ET_01,other,7.54,0.26932,0.17743,1.06968,24.554,2.728,12.435,True
ET_01,other,7.55,0.27823,0.1397,1.02284,24.903,-6.057,10.742,True
ET_01,other,7.5600000000000005,0.20219,0.06998,1.02538,18.059,-15.583,8.835,True
ET_01,other,7.57,0.1562,0.06609,0.99248,7.653,-18.848,4.208,True
ET_01,other,7.58,0.05757,0.04427,0.96652,-5.182,-19.047,-3.11,True
ET_01,other,7.59,-0.01072,0.07311,0.93684,-15.982,-14.883,-7.795,True
ET_01,other,7.6000000000000005,-0.05874,0.12987,0.90584,-22.015,-6.736,-11.949,True
ET_01,other,7.61,-0.10135,0.18679,0.90104,-25.449,-0.536,-11.796,True
ET_01,other,7.62,-0.05965,0.23021,0.92273,-21.18,8.801,-11.503,True
ET_01,other,7.63,-0.00461,0.31201,0.95369,-13.093,16.423,-7.288,True
ET_01,other,7.640000000000001,0.08634,0.3168,0.93747,-0.252,18.441,-1.569,True
ET_01,other,7.65,0.16801,0.29735,0.993,9.921,17.34,4.56,True
ET_01,other,7.66,0.19294,0.27133,1.03384,17.313,11.994,8.551,True
ET_01,other,7.67,0.25009,0.18744,1.05942,25.113,2.028,13.054,True
ET_01,other,7.68,0.27595,0.13338,1.00158,23.606,-4.764,11.754,True
ET_01,other,7.69,0.22869,0.11121,1.01718,17.988,-11.978,8.788,True
ET_01,other,7.7,0.17951,0.04035,1.01056,7.699,-16.199,4.402,True
ET_01,other,7.71,0.07217,0.05032,0.95642,-2.034,-18.123,-0.943,True
ET_01,other,7.72,-0.00197,0.04459,0.9398,-14.462,-15.127,-7.98,True
ET_01,other,7.73,-0.03963,0.10972,0.89255,-20.271,-8.127,-10.479,True
ET_01,other,7.74,-0.0932,0.16675,0.89749,-23.16,-1.283,-11.887,True
ET_01,other,7.75,-0.06833,0.21034,0.90299,-20.713,6.528,-11.728,True
ET_01,other,7.76,0.00586,0.29127,0.91877,-14.438,13.837,-7.995,True
ET_01,other,7.7700000000000005,0.08472,0.29256,0.97903,-3.3,16.288,-1.899,True
ET_01,other,7.78,0.1413,0.28553,0.97933,8.507,15.74,4.397,True
ET_01,other,7.79,0.22676,0.2721,1.01195,19.02,11.386,8.202,True
ET_01,other,7.8,0.25954,0.21204,1.02202,22.829,3.562,10.925,True
ET_01,other,7.8100000000000005,0.26929,0.12571,1.05898,22.272,-2.599,13.04,True
ET_01,other,7.82,0.24339,0.10875,1.03808,19.088,-10.943,9.624,True
ET_01,other,7.83,0.18281,0.0649,0.98235,10.15,-15.913,4.813,True
ET_01,other,7.84,0.11401,0.04578,0.95642,-1.487,-15.99,-0.234,True
ET_01,other,7.8500000000000005,0.02249,0.06031,0.95833,-10.979,-15.055,-4.978,True
ET_01,other,7.86,-0.05923,0.10767,0.91051,-17.513,-10.488,-8.232,True
ET_01,other,7.87,-0.08158,0.1457,0.93839,-22.965,-1.816,-11.619,True
ET_01,other,7.88,-0.05259,0.23085,0.90444,-21.856,6.242,-10.644,True
ET_01,other,7.890000000000001,0.00022,0.26284,0.92873,-16.152,13.398,-7.304,True
ET_01,other,7.9,0.08059,0.31094,0.94737,-4.74,15.924,-3.528,True
ET_01,other,7.91,0.13101,0.30072,0.98888,5.648,16.813,2.859,True
ET_01,other,7.92,0.2238,0.25885,0.99322,15.242,11.225,6.916,True
ET_01,other,7.930000000000001,0.2586,0.22754,1.04328,21.932,5.749,10.604,True
ET_01,other,7.94,0.27648,0.15402,1.02377,23.976,-0.947,12.801,True
ET_01,other,7.95,0.25823,0.11078,1.01958,19.615,-9.394,10.115,True
ET_01,other,7.96,0.19693,0.0677,1.01628,11.838,-14.4,5.853,True
ET_01,other,7.97,0.11937,0.04259,0.96531,1.617,-17.076,-0.504,True
ET_01,other,7.98,0.02254,0.06748,0.95955,-9.979,-14.384,-4.584,True
ET_01,other,7.99,-0.03636,0.08226,0.9357,-19.4,-10.506,-8.441,True
ET_01,other,8.0,-0.06153,0.13942,0.92852,-21.012,-3.738,-10.625,True
ET_01,other,8.01,-0.05503,0.22138,0.92928,-22.676,5.205,-10.72,True
ET_01,other,8.02,-0.01169,0.25448,0.95477,-15.573,10.402,-8.141,True
ET_01,other,8.03,0.0577,0.28726,0.96775,-8.146,16.137,-3.621,True
ET_01,other,8.040000000000001,0.13904,0.27479,0.96322,2.021,15.884,1.144,True
ET_01,other,8.05,0.20335,0.24989,1.03056,12.887,12.79,6.986,True
ET_01,other,8.06,0.22089,0.20286,1.01334,21.305,7.538,10.545,True
ET_01,other,8.07,0.2616,0.15425,1.01939,21.96,-1.595,11.605,True
ET_01,other,8.08,0.26791,0.11917,1.017,18.549,-6.205,9.327,True
ET_01,other,8.09,0.1952,0.09174,0.99856,11.484,-11.835,5.806,True
ET_01,other,8.1,0.10427,0.05946,1.00165,2.018,-14.479,1.709,True
ET_01,other,8.11,0.04743,0.06867,0.94979,-7.562,-15.029,-2.783,True
ET_01,other,8.120000000000001,-0.00517,0.12844,0.94313,-15.777,-10.323,-8.481,True
ET_01,other,8.13,-0.06093,0.14816,0.92449,-20.646,-3.808,-12.152,True
ET_01,other,8.14,-0.05551,0.18487,0.92781,-20.065,4.628,-10.448,True
ET_01,other,8.15,-0.00293,0.22601,0.92544,-15.701,9.71,-7.339,True
ET_01,other,8.16,0.05713,0.2572,0.95139,-7.738,14.675,-4.254,True
ET_01,other,8.17,0.13169,0.29666,0.99052,0.062,15.284,0.532,True
ET_01,other,8.18,0.18996,0.28836,0.99477,10.192,12.816,5.202,True
ET_01,other,8.19,0.257,0.24697,1.01438,17.915,8.195,9.161,True
ET_01,other,8.2,0.28095,0.18702,1.04266,19.409,-0.592,12.574,True
ET_01,other,8.21,0.23271,0.14728,1.02984,18.577,-6.047,10.264,True
ET_01,other,8.22,0.20926,0.10316,1.02379,13.818,-12.341,6.853,True
ET_01,other,8.23,0.15131,0.04509,0.96352,4.055,-15.19,1.934,True
ET_01,other,8.24,0.08418,0.06156,0.94293,-6.215,-15.568,-2.251,True
ET_01,other,8.25,0.00195,0.08141,0.93537,-14.74,-11.819,-5.384,True
ET_01,other,8.26,-0.03243,0.15862,0.9293,-19.746,-5.77,-9.844,True
ET_01,other,8.27,-0.06486,0.20162,0.90746,-20.898,0.35,-9.744,True
ET_01,other,8.28,-0.02775,0.25566,0.94686,-17.475,7.41,-9.633,True
ET_01,other,8.290000000000001,0.04812,0.2639,0.95131,-9.38,14.118,-5.43,True
ET_01,other,8.3,0.09301,0.30481,0.95715,1.172,15.647,-0.346,True
ET_01,other,8.31,0.18343,0.27496,1.00466,9.425,12.985,4.265,True
ET_01,other,8.32,0.22755,0.24984,1.01888,17.245,9.56,6.752,True
ET_01,other,8.33,0.26794,0.18031,1.01742,20.645,1.58,10.05,True
ET_01,other,8.34,0.2578,0.13525,1.04217,20.658,-6.621,9.939,True
ET_01,other,8.35,0.19317,0.10304,1.03061,13.216,-11.128,6.603,True
ET_01,other,8.36,0.16459,0.08554,0.99364,6.544,-15.095,2.654,True
ET_01,other,8.370000000000001,0.07137,0.05426,0.95418,-3.748,-14.918,-3.269,True
ET_01,other,8.38,0.03242,0.0878,0.91223,-11.935,-11.899,-7.764,True
ET_01,other,8.39,-0.02575,0.14408,0.93455,-19.654,-5.811,-8.546,True
ET_01,other,8.4,-0.03337,0.15801,0.93009,-21.356,0.008,-10.729,True
ET_01,other,8.41,-0.02569,0.22964,0.93092,-17.337,6.588,-7.77,True
ET_01,other,8.42,0.01085,0.25927,0.9539,-10.406,12.483,-6.441,True
ET_01,other,8.43,0.09848,0.27983,0.96365,-1.356,15.297,-0.177,True
ET_01,other,8.44,0.18198,0.31728,0.99306,7.163,12.633,3.578,True
ET_01,other,8.45,0.24407,0.26057,1.00259,15.318,8.846,7.113,True
ET_01,other,8.46,0.26726,0.20788,1.01857,19.294,3.598,10.325,True
ET_01,other,8.47,0.26899,0.17548,1.01453,19.095,-2.901,9.96,True
ET_01,other,8.48,0.21854,0.1355,1.00005,14.834,-12.098,6.929,True
ET_01,other,8.49,0.16099,0.08371,0.98292,6.923,-13.015,4.476,True
ET_01,other,8.5,0.1167,0.07684,0.96513,-1.696,-14.987,-0.335,True
ET_01,other,8.51,0.01717,0.10553,0.95246,-11.581,-13.165,-4.834,True
ET_01,other,8.52,-0.01701,0.12013,0.92034,-17.921,-6.82,-9.37,True
ET_01,other,8.53,-0.03573,0.18069,0.91764,-20.746,-1.034,-10.737,True
ET_01,other,8.540000000000001,-0.02723,0.19901,0.90858,-18.331,4.997,-9.579,True
ET_01,other,8.55,0.00283,0.29193,0.95517,-13.428,12.54,-5.899,True
ET_01,other,8.56,0.08336,0.25714,0.95367,-1.832,14.366,-1.467,True
ET_01,other,8.57,0.16032,0.29108,0.95995,5.603,12.775,3.714,True
ET_01,other,8.58,0.22971,0.25682,1.00138,13.834,10.536,6.549,True
ET_01,other,8.59,0.25123,0.19753,1.02678,19.976,6.028,9.45,True
ET_01,other,8.6,0.25886,0.16627,1.02346,18.949,-3.324,10.147,True
ET_01,other,8.61,0.25149,0.14446,1.01164,16.692,-8.117,8.794,True
ET_01,other,8.620000000000001,0.17128,0.04991,0.98598,8.952,-13.583,5.427,True
ET_01,other,8.63,0.12349,0.07706,0.95816,-0.152,-13.301,-1.275,True
ET_01,other,8.64,-1e-05,0.06786,0.93985,-7.514,-12.472,-3.984,True
ET_01,other,8.65,0.00045,0.13753,0.92258,-16.803,-7.74,-8.294,True
ET_01,other,8.66,-0.02601,0.1563,0.90298,-20.977,-2.725,-8.933,True
ET_01,other,8.67,-0.02233,0.19023,0.92226,-18.847,5.517,-9.302,True
ET_01,other,8.68,0.01917,0.22826,0.92893,-13.25,11.198,-7.378,True
ET_01,other,8.69,0.05844,0.27914,0.96514,-5.989,13.418,-3.697,True
ET_01,other,8.700000000000001,0.1552,0.2878,0.97609,4.321,13.629,0.834,True
ET_01,other,8.71,0.1879,0.27576,1.00572,12.846,12.124,5.203,True
ET_01,other,8.72,0.23609,0.2399,1.04635,19.1,5.787,8.164,True
ET_01,other,8.73,0.27005,0.17591,1.03157,19.807,-0.425,11.015,True
ET_01,other,8.74,0.26419,0.13818,1.02078,18.122,-7.312,8.516,True
ET_01,other,8.75,0.20829,0.09352,0.99755,9.385,-11.244,4.676,True
ET_01,other,8.76,0.1009,0.08529,0.98068,2.195,-14.645,1.177,True
ET_01,other,8.77,0.05995,0.08819,0.94548,-7.407,-12.849,-4.409,True
ET_01,other,8.78,-0.02322,0.11105,0.90789,-16.171,-8.806,-7.411,True
ET_01,other,8.790000000000001,-0.03017,0.12993,0.9261,-18.935,-2.631,-9.494,True
ET_01,other,8.8,-0.0361,0.18459,0.92368,-18.509,3.491,-9.3,True
ET_01,other,8.81,0.01839,0.25855,0.93098,-14.64,9.793,-7.25,True
ET_01,other,8.82,0.04494,0.27464,0.95467,-6.878,13.868,-3.278,True
ET_01,other,8.83,0.13738,0.29941,0.97072,2.706,15.231,1.56,True
ET_01,other,8.84,0.20538,0.27541,0.99255,11.362,11.244,5.609,True
ET_01,other,8.85,0.25731,0.22665,1.01854,17.228,6.789,9.614,True
ET_01,other,8.86,0.27827,0.20822,1.02994,19.055,-0.03,8.694,True
ET_01,other,8.870000000000001,0.23685,0.14717,1.00366,16.732,-7.868,9.028,True
ET_01,other,8.88,0.2207,0.07607,0.99356,11.475,-12.621,6.42,True
ET_01,other,8.89,0.15432,0.07378,0.95352,2.703,-14.214,1.263,True
ET_01,other,8.9,0.06827,0.0777,0.92174,-4.674,-12.602,-3.49,True
ET_01,other,8.91,0.00316,0.12125,0.89668,-15.359,-10.73,-6.315,True
ET_01,other,8.92,-0.03214,0.19669,0.88968,-19.186,-5.246,-9.56,True
ET_01,other,8.93,-0.02639,0.20772,0.90631,-20.058,4.132,-9.606,True
ET_01,other,8.94,0.03811,0.21632,0.92621,-14.712,7.819,-7.966,True
ET_01,other,8.950000000000001,0.05057,0.26625,0.93382,-9.19,12.759,-3.368,True
ET_01,other,8.96,0.11419,0.27837,0.97599,1.576,14.547,-0.199,True
ET_01,other,8.97,0.17642,0.27989,0.98167,9.15,12.476,5.931,True
ET_01,other,8.98,0.26702,0.22464,1.01133,17.654,8.403,7.98,True
ET_01,other,8.99,0.274,0.2052,1.02079,22.376,2.319,9.757,True
ET_01,other,9.0,0.26333,0.16252,0.99595,17.33,-6.885,9.566,True
ET_01,other,9.01,0.22796,0.10927,0.99488,12.485,-11.974,7.213,True
ET_01,other,9.02,0.16708,0.09185,0.97811,4.45,-14.017,3.331,True
ET_01,other,9.03,0.08707,0.0719,0.96353,-3.891,-14.338,-2.638,True
ET_01,other,9.040000000000001,0.01736,0.08892,0.93576,-13.015,-11.86,-5.449,True
ET_01,other,9.05,-0.01759,0.12093,0.90767,-18.577,-4.99,-8.671,True
ET_01,other,9.06,-0.03916,0.19918,0.87858,-19.518,0.996,-10.879,True
ET_01,other,9.07,0.02183,0.25826,0.92025,-16.085,6.713,-7.016,True
ET_01,other,9.08,0.0428,0.28187,0.92944,-10.211,13.631,-4.356,True
ET_01,other,9.09,0.14263,0.31784,0.96114,-1.066,15.143,0.653,True
ET_01,other,9.1,0.16578,0.2657,0.98882,10.442,14.268,4.929,True
ET_01,other,9.11,0.25967,0.25588,1.00063,16.919,9.185,7.293,True
ET_01,other,9.120000000000001,0.26697,0.20806,1.01772,20.191,3.362,10.28,True
ET_01,other,9.13,0.28389,0.16908,1.03999,19.355,-5.551,9.627,True
ET_01,other,9.14,0.22975,0.11121,0.995,14.745,-11.662,8.992,True
ET_01,other,9.15,0.17647,0.09254,0.99167,5.808,-13.859,3.46,True
ET_01,other,9.16,0.08915,0.05461,0.94673,-3.653,-17.347,-0.962,True
ET_01,other,9.17,0.0208,0.06031,0.93965,-10.079,-12.58,-7.322,True
ET_01,other,9.18,-0.03399,0.14795,0.89902,-18.657,-7.521,-10.091,True
ET_01,other,9.19,-0.02536,0.20114,0.90834,-19.731,-0.484,-10.431,True
ET_01,other,9.200000000000001,0.00155,0.2449,0.92253,-18.614,7.643,-8.065,True
ET_01,other,9.21,0.0448,0.26172,0.94613,-11.211,12.972,-6.486,True
ET_01,other,9.22,0.11197,0.2876,0.962,-2.423,14.743,-0.275,True
ET_01,other,9.23,0.19638,0.30153,0.98517,8.651,14.334,3.333,True
ET_01,other,9.24,0.24223,0.26158,0.99411,15.398,9.581,9.235,True
ET_01,other,9.25,0.26315,0.25057,1.01088,21.972,4.792,12.361,True
ET_01,other,9.26,0.26663,0.15617,1.02259,20.126,-2.839,9.783,True
ET_01,other,9.27,0.25589,0.13583,1.01087,16.373,-8.625,7.674,True
ET_01,other,9.28,0.20096,0.10155,0.98087,7.444,-14.416,4.115,True
ET_01,other,9.290000000000001,0.10982,0.0594,0.94822,-2.15,-16.769,-1.249,True
ET_01,other,9.3,0.04511,0.10843,0.92995,-10.317,-13.129,-6.35,True
ET_01,other,9.31,-0.01098,0.13979,0.93137,-18.419,-6.749,-8.22,True
ET_01,other,9.32,-0.01983,0.17731,0.9191,-22.864,-0.79,-10.046,True
ET_01,other,9.33,-0.0139,0.22357,0.92966,-19.58,4.802,-10.451,True
ET_01,other,9.34,0.02767,0.26507,0.93908,-13.846,10.941,-5.311,True
ET_01,other,9.35,0.10897,0.31942,0.93295,-5.118,15.697,-1.629,True
ET_01,other,9.36,0.17904,0.30476,0.97968,5.922,14.622,2.053,True
ET_01,other,9.370000000000001,0.23807,0.28635,0.98739,15.486,11.25,6.866,True
ET_01,other,9.38,0.28753,0.23256,1.02235,20.219,5.326,9.377,True
ET_01,other,9.39,0.29735,0.16929,1.00159,22.229,-1.82,11.688,True
ET_01,other,9.4,0.26236,0.13206,0.98698,17.983,-9.917,8.917,True
ET_01,other,9.41,0.22218,0.08361,0.98729,8.331,-14.72,6.042,True
ET_01,other,9.42,0.12757,0.07985,0.96572,-1.116,-15.264,1.642,True
ET_01,other,9.43,0.067,0.07713,0.95693,-9.513,-15.057,-4.14,True
ET_01,other,9.44,-0.02358,0.10043,0.91424,-16.878,-10.747,-9.111,True
ET_01,other,9.450000000000001,-0.01397,0.16749,0.89135,-20.554,-3.932,-11.536,True
ET_01,other,9.46,-0.02379,0.22743,0.9098,-20.387,5.759,-10.113,True
ET_01,other,9.47,0.02419,0.27049,0.91797,-14.475,12.21,-8.785,True
ET_01,other,9.48,0.08095,0.30742,0.91488,-5.666,16.004,-3.54,True
ET_01,other,9.49,0.1964,0.31935,0.97999,4.993,16.626,2.431,True
ET_01,other,9.5,0.24657,0.3004,1.00792,15.488,12.88,7.684,True
ET_01,other,9.51,0.31195,0.22049,0.9963,19.795,6.682,9.951,True
ET_01,other,9.52,0.29899,0.18722,1.01507,24.046,-2.003,10.994,True
ET_01,other,9.53,0.29003,0.13428,0.99791,20.154,-7.784,8.522,True
ET_01,other,9.540000000000001,0.20047,0.09696,0.97951,12.395,-13.512,7.158,True
ET_01,other,9.55,0.13722,0.07546,0.96279,1.583,-16.267,1.55,True
ET_01,other,9.56,0.05757,0.05198,0.94343,-8.077,-16.63,-3.878,True
ET_01,other,9.57,-0.01854,0.1137,0.89666,-17.736,-11.154,-9.549,True
ET_01,other,9.58,-0.05171,0.14599,0.8899,-23.711,-3.346,-11.972,True
ET_01,other,9.59,-0.01063,0.25274,0.87237,-20.284,4.515,-11.979,True
ET_01,other,9.6,-0.01204,0.27563,0.91428,-17.994,12.509,-9.377,True
ET_01,other,9.61,0.07668,0.29268,0.93226,-8.047,15.844,-4.065,True
ET_01,other,9.620000000000001,0.15421,0.32034,0.94881,2.7,14.724,1.498,True
ET_01,other,9.63,0.22811,0.27402,0.9987,13.632,14.356,6.928,True
ET_01,other,9.64,0.31588,0.27181,1.00106,19.561,9.478,9.994,True
ET_01,other,9.65,0.3203,0.1971,1.00032,24.649,0.378,10.932,True
ET_01,other,9.66,0.31097,0.14155,1.00682,21.227,-7.793,10.948,True
ET_01,other,9.67,0.23561,0.08367,0.999,13.754,-13.877,7.329,True
ET_01,other,9.68,0.1875,0.04483,0.98097,5.788,-17.591,2.42,True
ET_01,other,9.69,0.09891,0.09711,0.93657,-6.677,-17.851,-3.561,True
ET_01,other,9.700000000000001,-0.00452,0.1082,0.9356,-18.029,-12.727,-7.092,True
ET_01,other,9.71,-0.02472,0.13494,0.87933,-21.22,-5.646,-10.63,True
ET_01,other,9.72,-0.05593,0.2037,0.88167,-24.256,0.788,-10.877,True
ET_01,other,9.73,-0.01485,0.25719,0.89207,-19.751,9.502,-9.081,True
ET_01,other,9.74,0.07963,0.31988,0.93862,-10.203,15.283,-5.203,True
ET_01,other,9.75,0.14613,0.32926,0.95041,2.378,17.166,-0.248,True
ET_01,other,9.76,0.20945,0.32265,0.98707,12.292,15.939,6.142,True
ET_01,other,9.77,0.26895,0.2793,1.01819,20.841,10.955,10.034,True
ET_01,other,9.78,0.34003,0.2133,1.02018,23.98,1.793,13.099,True
ET_01,other,9.790000000000001,0.31599,0.16643,0.98881,23.405,-6.757,12.784,True
ET_01,other,9.8,0.25808,0.09911,0.99257,15.853,-13.367,8.624,True
ET_01,other,9.81,0.21423,0.051,0.99042,7.691,-18.493,3.486,True
ET_01,other,9.82,0.09318,0.06105,0.94942,-4.384,-17.801,-2.989,True
ET_01,other,9.83,0.0203,0.10147,0.89167,-16.823,-13.777,-9.222,True
ET_01,other,9.84,-0.01074,0.16103,0.89062,-23.648,-7.213,-10.637,True
ET_01,other,9.85,-0.04669,0.18052,0.90339,-24.617,-0.711,-12.857,True
ET_01,other,9.86,-0.02006,0.26071,0.92202,-20.683,9.521,-10.092,True
ET_01,other,9.870000000000001,0.05213,0.31871,0.95087,-12.257,16.915,-7.09,True
ET_01,other,9.88,0.13747,0.30969,0.94085,-1.792,18.123,-1.255,True
ET_01,other,9.89,0.22032,0.3295,0.99202,11.099,16.847,5.536,True
ET_01,other,9.9,0.32104,0.26923,1.01794,19.885,11.683,9.437,True
ET_01,other,9.91,0.35304,0.198,1.02456,23.987,3.799,13.307,True
ET_01,other,9.92,0.3533,0.1312,1.00763,24.358,-5.936,12.142,True
ET_01,other,9.93,0.28798,0.07836,0.96679,18.229,-11.515,8.273,True
ET_01,other,9.94,0.21506,0.0678,0.97926,9.903,-16.407,4.017,True
ET_01,other,9.950000000000001,0.13849,0.07029,0.94967,-2.364,-18.737,-0.684,True
ET_01,other,9.96,0.00541,0.11874,0.91832,-15.083,-14.753,-8.169,True
ET_01,other,9.97,-0.04426,0.12962,0.8969,-24.0,-9.873,-10.731,True
ET_01,other,9.98,-0.04437,0.17461,0.85416,-25.663,-0.477,-11.517,True
ET_01,other,9.99,-0.03232,0.25849,0.86978,-23.292,9.886,-12.191,True
ET_01,other,10.0,0.05873,0.34013,0.90645,-13.79,14.135,-7.936,True
ET_01,other,10.01,0.13237,0.33947,0.93773,-5.843,20.519,-1.843,True
ET_01,other,10.02,0.23836,0.34336,0.96217,7.738,18.239,3.52,True
ET_01,other,10.03,0.28989,0.29988,0.99984,19.362,14.036,10.161,True
ET_01,other,10.040000000000001,0.36878,0.26189,1.0159,25.801,6.141,13.419,True
ET_01,other,10.05,0.35615,0.16728,1.0346,25.36,-3.613,14.091,True
ET_01,other,10.06,0.30462,0.13291,1.01257,19.799,-12.074,10.921,True
ET_01,other,10.07,0.25066,0.05215,1.0116,10.173,-17.832,5.587,True
ET_01,other,10.08,0.12951,0.04446,0.94931,-0.896,-18.502,0.192,True
ET_01,other,10.09,0.03536,0.05811,0.90807,-13.055,-17.662,-6.634,True
ET_01,other,10.1,-0.02696,0.12767,0.90107,-22.614,-10.992,-10.478,True
ET_01,other,10.11,-0.02478,0.20268,0.88548,-26.993,-2.064,-12.979,True
ET_01,other,10.120000000000001,-0.02681,0.25386,0.88108,-24.927,8.531,-10.795,True
ET_01,other,10.13,0.01904,0.28753,0.87571,-17.157,15.046,-7.946,True
ET_01,other,10.14,0.11349,0.36187,0.93741,-5.835,19.915,-2.782,True
ET_01,other,10.15,0.19787,0.31462,0.94314,6.388,19.123,2.574,True
ET_01,other,10.16,0.27475,0.32724,0.96202,17.626,14.517,9.819,True
ET_01,other,10.17,0.35031,0.27265,1.01558,25.901,8.0,12.69,True
ET_01,other,10.18,0.33943,0.18428,1.02214,27.441,-2.526,12.461,True
ET_01,other,10.19,0.31375,0.13331,1.02402,22.89,-11.412,11.145,True
ET_01,other,10.200000000000001,0.2401,0.07664,0.97528,12.967,-18.091,6.739,True
ET_01,other,10.21,0.12657,0.05915,0.96673,1.885,-20.047,0.691,True
ET_01,other,10.22,0.06453,0.06953,0.90623,-11.956,-18.679,-7.307,True
ET_01,other,10.23,-0.03427,0.10789,0.90704,-22.665,-13.58,-11.448,True
ET_01,other,10.24,-0.04571,0.18038,0.88185,-27.878,-1.572,-14.549,True
ET_01,other,10.25,-0.07438,0.24845,0.88777,-28.482,5.878,-14.295,True
ET_01,other,10.26,0.03355,0.31287,0.90892,-20.667,14.671,-9.82,True
ET_01,other,10.27,0.06786,0.36182,0.91968,-8.107,19.773,-5.25,True
ET_01,other,10.28,0.19321,0.34162,0.98034,4.498,20.464,2.696,True
ET_01,other,10.290000000000001,0.29159,0.33255,0.99139,17.306,17.798,9.454,True
ET_01,other,10.3,0.33372,0.2651,0.9914,25.113,8.634,12.396,True
ET_01,other,10.31,0.3439,0.15755,1.02669,28.015,0.805,14.383,True
ET_01,other,10.32,0.34583,0.14089,1.01987,25.622,-10.549,13.131,True
ET_01,other,10.33,0.28511,0.09328,0.98111,14.959,-18.92,8.72,True
ET_01,other,10.34,0.18031,0.05607,0.9571,3.132,-21.823,2.692,True
ET_01,other,10.35,0.0775,0.03553,0.92347,-10.42,-19.2,-4.205,True
ET_01,other,10.36,0.00418,0.13699,0.8648,-21.72,-14.654,-10.861,True
ET_01,other,10.370000000000001,-0.07232,0.17786,0.85295,-28.659,-6.287,-14.478,True
ET_01,other,10.38,-0.03591,0.2473,0.86254,-28.705,3.618,-14.202,True
ET_01,other,10.39,0.01313,0.29113,0.88648,-21.889,13.891,-11.949,True
ET_01,other,10.4,0.0553,0.34653,0.90286,-12.296,18.077,-6.068,True
ET_01,other,10.41,0.14487,0.37122,0.97941,2.785,21.339,-0.691,True
ET_01,other,10.42,0.26239,0.36019,0.9737,15.587,18.654,7.613,True
ET_01,other,10.43,0.36089,0.29054,1.04545,25.373,12.767,12.768,True
ET_01,other,10.44,0.37475,0.20212,1.03434,29.855,1.774,14.84,True
ET_01,other,10.450000000000001,0.36295,0.12996,1.02992,25.591,-9.167,11.958,True
ET_01,other,10.46,0.31396,0.06592,0.97759,17.467,-16.546,10.286,True
ET_01,other,10.47,0.20351,0.00896,0.95718,5.099,-20.307,3.318,True
ET_01,other,10.48,0.11358,0.05065,0.92142,-8.269,-21.776,-4.126,True
ET_01,other,10.49,-0.00067,0.11407,0.899,-21.069,-16.137,-9.4,True
ET_01,other,10.5,-0.0238,0.17885,0.86576,-27.754,-8.262,-15.55,True
ET_01,other,10.51,-0.04391,0.23157,0.8628,-30.14,3.8,-15.909,True
ET_01,other,10.52,0.00015,0.31848,0.85388,-24.735,12.697,-12.97,True
ET_01,other,10.53,0.06497,0.32435,0.8964,-13.752,21.114,-7.373,True
ET_01,other,10.540000000000001,0.14405,0.37153,0.96641,0.007,21.863,2.047,True
ET_01,other,10.55,0.26713,0.34226,0.96226,15.485,20.038,7.027,True
ET_01,other,10.56,0.3472,0.26958,1.01019,23.756,12.948,13.597,True
ET_01,other,10.57,0.3604,0.21559,1.03245,29.941,1.82,14.827,True
ET_01,other,10.58,0.38765,0.16474,1.01026,29.657,-6.684,15.358,True
ET_01,other,10.59,0.298,0.06777,0.99828,21.67,-16.359,11.044,True
ET_01,other,10.6,0.25202,0.05123,0.95825,9.142,-22.61,3.065,True
ET_01,other,10.61,0.11464,0.03527,0.9107,-5.136,-22.397,-2.316,True
ET_01,other,10.620000000000001,0.02571,0.06421,0.9049,-20.128,-16.288,-9.665,True
ET_01,other,10.63,-0.0374,0.13346,0.86374,-28.242,-9.063,-13.545,True
ET_01,other,10.64,-0.04414,0.24134,0.84521,-31.143,2.112,-15.83,True
ET_01,other,10.65,-0.02119,0.2925,0.87316,-26.963,12.252,-13.275,True
ET_01,other,10.66,0.05219,0.33347,0.88024,-16.906,18.412,-8.049,True
ET_01,other,10.67,0.12754,0.39924,0.93026,-2.927,22.136,-1.71,True
ET_01,other,10.68,0.25566,0.37319,0.94585,13.719,20.785,6.456,True
ET_01,other,10.69,0.32764,0.31178,1.04112,24.863,14.998,11.46,True
ET_01,other,10.700000000000001,0.37329,0.24979,1.02906,31.716,5.048,16.015,True
ET_01,other,10.71,0.40507,0.17132,1.03818,29.779,-6.379,16.123,True
ET_01,other,10.72,0.35186,0.09682,1.00198,23.169,-14.368,12.777,True
ET_01,other,10.73,0.25109,0.03082,0.99625,11.136,-21.808,6.34,True
ET_01,other,10.74,0.16668,0.03415,0.92269,-2.999,-22.911,-2.173,True
ET_01,other,10.75,0.03585,0.03846,0.8709,-17.29,-19.955,-8.457,True
ET_01,other,10.76,-0.01769,0.11534,0.84265,-27.297,-12.077,-14.124,True
ET_01,other,10.77,-0.05648,0.17891,0.85024,-31.088,-0.94,-15.365,True
ET_01,other,10.78,-0.05253,0.29474,0.83967,-28.544,8.09,-13.698,True
ET_01,other,10.790000000000001,0.03775,0.31628,0.89101,-18.073,18.297,-10.471,True
ET_01,other,10.8,0.11993,0.38893,0.94181,-5.286,22.337,-2.542,True
ET_01,other,10.81,0.25486,0.40524,0.9634,10.137,22.528,5.255,True
ET_01,other,10.82,0.32563,0.35145,0.99051,21.97,16.539,10.802,True
ET_01,other,10.83,0.40211,0.27096,1.01484,30.049,6.793,16.462,True
ET_01,other,10.84,0.40734,0.19409,1.01416,32.19,-4.201,15.271,True
ET_01,other,10.85,0.33938,0.11411,1.06699,24.754,-14.42,12.871,True
ET_01,other,10.86,0.2878,0.05714,0.9691,13.809,-20.538,6.798,True
ET_01,other,10.870000000000001,0.17736,0.0226,0.922,-1.04,-23.009,0.222,True
ET_01,other,10.88,0.06196,0.06005,0.87474,-14.829,-21.494,-9.33,True
ET_01,other,10.89,-0.01977,0.11709,0.88054,-27.996,-14.162,-14.071,True
ET_01,other,10.9,-0.03937,0.17638,0.88076,-32.772,-4.112,-16.397,True
ET_01,other,10.91,-0.03824,0.258,0.86371,-30.129,8.283,-17.073,True
ET_01,other,10.92,0.02411,0.34584,0.86819,-21.018,18.464,-11.991,True
ET_01,other,10.93,0.10267,0.34759,0.9203,-7.074,21.93,-4.955,True
ET_01,other,10.94,0.24985,0.38521,0.93358,7.177,23.954,3.059,True
ET_01,other,10.950000000000001,0.31081,0.34659,0.99876,21.076,17.316,10.209,True
ET_01,other,10.96,0.42258,0.28863,0.98096,31.858,7.999,14.471,True
ET_01,other,10.97,0.43067,0.23077,1.00192,31.759,-2.158,16.312,True
ET_01,other,10.98,0.39208,0.11993,1.0081,27.201,-12.142,14.526,True
ET_01,other,10.99,0.31634,0.06616,0.96302,16.208,-19.938,8.47,True
ET_01,other,11.0,0.21548,0.02827,0.94454,3.243,-23.481,-0.691,True
ET_01,other,11.01,0.0827,0.06107,0.9014,-12.159,-22.042,-7.175,True
ET_01,other,11.02,-0.02191,0.10187,0.89099,-26.623,-16.154,-11.685,True
ET_01,other,11.03,-0.05964,0.15311,0.82152,-31.959,-6.175,-16.031,True
ET_01,other,11.040000000000001,-0.04183,0.26092,0.81926,-32.255,8.409,-16.032,True
ET_01,other,11.05,3e-05,0.34306,0.87207,-24.453,16.065,-11.408,True
ET_01,other,11.06,0.11274,0.37252,0.88854,-9.581,24.478,-6.4,True
ET_01,other,11.07,0.20276,0.38953,0.95725,4.741,24.31,1.497,True
ET_01,other,11.08,0.3049,0.37144,0.99702,19.213,19.583,9.135,True
ET_01,other,11.09,0.40616,0.28778,0.98651,28.511,11.149,15.339,True
ET_01,other,11.1,0.40342,0.2239,1.03051,33.825,-1.281,16.718,True
ET_01,other,11.11,0.40612,0.13061,1.02537,29.94,-11.808,14.762,True
ET_01,other,11.120000000000001,0.30044,0.09127,1.01124,17.983,-20.203,9.779,True
ET_01,other,11.13,0.23881,0.02658,0.94096,3.88,-22.874,1.266,True
ET_01,other,11.14,0.08635,0.04553,0.89966,-10.285,-23.768,-5.781,True
ET_01,other,11.15,0.02887,0.11907,0.88864,-24.443,-17.605,-13.106,True
ET_01,other,11.16,-0.01049,0.17897,0.83654,-32.833,-6.341,-15.924,True
ET_01,other,11.17,-0.05698,0.26187,0.85148,-32.855,6.197,-17.043,True
ET_01,other,11.18,-0.00052,0.33915,0.87795,-24.882,16.696,-11.876,True
ET_01,other,11.19,0.08165,0.38482,0.89824,-12.604,21.149,-5.721,True
ET_01,other,11.200000000000001,0.20913,0.39398,0.91383,1.851,25.729,0.961,True
ET_01,other,11.21,0.30838,0.35847,0.98295,15.755,22.663,7.736,True
ET_01,other,11.22,0.40755,0.31024,1.01249,29.022,12.196,13.496,True
ET_01,other,11.23,0.44225,0.24045,1.01881,34.076,2.228,16.081,True
ET_01,other,11.24,0.40373,0.12647,0.99792,29.143,-8.387,16.313,True
ET_01,other,11.25,0.32779,0.08949,0.97496,21.057,-17.813,10.704,True
ET_01,other,11.26,0.25376,0.04123,0.9329,7.351,-24.528,3.408,True
ET_01,other,11.27,0.13814,0.04807,0.8982,-9.081,-24.129,-3.775,True
ET_01,other,11.28,0.01558,0.10496,0.85831,-22.902,-18.666,-9.547,True
ET_01,other,11.290000000000001,-0.04195,0.14493,0.84629,-30.537,-8.228,-15.233,True
ET_01,other,11.3,-0.08481,0.2376,0.8228,-32.762,3.015,-15.177,True
ET_01,other,11.31,-0.01213,0.29129,0.84654,-25.657,13.878,-15.302,True
ET_01,other,11.32,0.06911,0.39041,0.90139,-17.822,21.021,-7.753,True
ET_01,other,11.33,0.16313,0.37537,0.92746,-0.62,26.188,-0.806,True
ET_01,other,11.34,0.29003,0.37565,0.97885,13.708,23.237,8.023,True
ET_01,other,11.35,0.37239,0.31699,0.99669,25.953,12.654,13.136,True
ET_01,other,11.36,0.43028,0.25027,1.02037,31.073,2.968,14.911,True
ET_01,other,11.370000000000001,0.42332,0.164,1.03551,32.166,-5.736,14.335,True
ET_01,other,11.38,0.3447,0.0931,0.98025,23.129,-17.239,11.199,True
ET_01,other,11.39,0.29294,0.05388,0.92795,9.474,-23.889,4.788,True
ET_01,other,11.4,0.16472,0.0423,0.90657,-6.079,-24.293,-3.241,True
ET_01,other,11.41,0.04024,0.08536,0.8803,-20.944,-19.992,-10.533,True
ET_01,other,11.42,-0.05731,0.17064,0.82946,-28.637,-10.364,-15.26,True
ET_01,other,11.43,-0.03719,0.21648,0.83914,-33.771,0.983,-16.642,True
ET_01,other,11.44,-0.01173,0.30335,0.86397,-28.156,11.501,-13.75,True
ET_01,other,11.450000000000001,0.05631,0.38335,0.87794,-18.391,20.557,-7.548,True
ET_01,other,11.46,0.15091,0.39531,0.93169,-3.263,24.034,-2.442,True
ET_01,other,11.47,0.26481,0.40341,0.93906,11.607,23.367,6.614,True
ET_01,other,11.48,0.36068,0.32638,1.00099,25.587,15.956,12.912,True
ET_01,other,11.49,0.41854,0.26444,1.04845,31.938,5.72,16.979,True
ET_01,other,11.5,0.46021,0.1788,1.00003,32.568,-4.294,16.265,True
ET_01,other,11.51,0.37059,0.0967,0.9702,25.815,-14.469,10.766,True
ET_01,other,11.52,0.25617,0.09513,0.97504,12.483,-22.743,5.466,True
ET_01,other,11.53,0.17108,0.02743,0.93427,-2.111,-25.27,-1.938,True
ET_01,other,11.540000000000001,0.0709,0.0735,0.87904,-17.967,-18.946,-8.45,True
ET_01,other,11.55,0.01007,0.14229,0.88041,-28.369,-12.684,-12.672,True
ET_01,other,11.56,-0.03811,0.20028,0.83691,-33.666,-1.566,-15.831,True
ET_01,other,11.57,0.00268,0.28585,0.85409,-30.2,11.332,-15.467,True
ET_01,other,11.58,0.06186,0.37589,0.87448,-19.867,19.017,-9.0,True
ET_01,other,11.59,0.12772,0.40934,0.90469,-5.366,22.397,-2.748,True
ET_01,other,11.6,0.27046,0.36968,0.94799,9.111,21.515,4.412,True
ET_01,other,11.61,0.36234,0.35852,0.98634,21.762,15.423,10.45,True
ET_01,other,11.620000000000001,0.39381,0.30245,1.00602,30.083,8.147,15.767,True
ET_01,other,11.63,0.4147,0.19836,1.01132,32.184,-4.022,16.881,True
ET_01,other,11.64,0.37433,0.12181,0.9936,25.946,-13.943,13.292,True
ET_01,other,11.65,0.31588,0.07548,0.96065,15.513,-19.997,8.371,True
ET_01,other,11.66,0.18574,0.05047,0.92843,0.068,-24.558,0.689,True
ET_01,other,11.67,0.11932,0.07213,0.8813,-15.785,-19.88,-7.044,True
ET_01,other,11.68,0.00651,0.11734,0.85059,-27.496,-13.954,-13.633,True
ET_01,other,11.69,-0.02643,0.21326,0.84217,-32.643,-2.941,-15.511,True
ET_01,other,11.700000000000001,-0.03039,0.27036,0.86336,-30.501,6.254,-14.832,True
ET_01,other,11.71,0.03003,0.33173,0.88712,-21.973,16.903,-10.792,True
ET_01,other,11.72,0.10854,0.37075,0.91905,-7.883,22.313,-4.169,True
ET_01,other,11.73,0.24846,0.40214,0.94251,5.799,23.21,5.13,True
ET_01,other,11.74,0.35706,0.33261,1.01001,19.779,18.234,8.476,True
ET_01,other,11.75,0.40679,0.2936,1.00443,29.086,8.871,14.046,True
ET_01,other,11.76,0.39842,0.20263,1.03693,32.812,0.241,15.347,True
ET_01,other,11.77,0.41239,0.12156,0.99772,24.649,-11.914,14.29,True
ET_01,other,11.78,0.3121,0.08732,0.9801,15.908,-20.566,10.145,True
ET_01,other,11.790000000000001,0.22407,0.07805,0.93368,2.317,-22.737,1.42,True
ET_01,other,11.8,0.10914,0.06729,0.877,-13.623,-22.676,-6.127,True
ET_01,other,11.81,0.01873,0.10508,0.86685,-24.716,-15.474,-11.898,True
ET_01,other,11.82,-0.00364,0.20255,0.82237,-30.152,-4.744,-15.774,True
ET_01,other,11.83,-0.01821,0.25785,0.84547,-30.026,6.521,-14.699,True
ET_01,other,11.84,0.03384,0.34019,0.86857,-23.59,14.558,-11.813,True
ET_01,other,11.85,0.12626,0.37025,0.90037,-12.347,22.205,-4.537,True
ET_01,other,11.86,0.19596,0.38519,0.95563,3.772,23.251,1.458,True
ET_01,other,11.870000000000001,0.33298,0.34066,0.95356,16.418,18.789,8.35,True
ET_01,other,11.88,0.39067,0.34144,1.01871,26.792,11.024,11.76,True
ET_01,other,11.89,0.41098,0.19225,1.02501,30.847,1.574,15.126,True
ET_01,other,11.9,0.40562,0.1428,0.99317,28.48,-9.976,13.853,True
ET_01,other,11.91,0.34187,0.11643,0.97949,19.029,-18.717,8.994,True
ET_01,other,11.92,0.22029,0.0327,0.92708,3.093,-22.202,3.081,True
ET_01,other,11.93,0.11238,0.03707,0.9008,-9.331,-22.161,-4.975,True
ET_01,other,11.94,0.05207,0.11858,0.87791,-22.7,-15.678,-10.899,True
ET_01,other,11.950000000000001,-0.0429,0.15136,0.86585,-29.159,-6.137,-14.182,True
ET_01,other,11.96,-0.05206,0.25349,0.8468,-29.703,4.811,-15.072,True
ET_01,other,11.97,0.03993,0.31068,0.82108,-23.67,12.169,-11.96,True
ET_01,other,11.98,0.08356,0.37442,0.91178,-12.694,20.499,-5.734,True
ET_01,other,11.99,0.20187,0.39702,0.90031,0.554,21.445,-0.479,True
ET_01,other,12.0,0.34008,0.35778,0.97242,14.581,19.443,8.216,True
ET_01,other,12.01,0.39633,0.29009,0.99594,26.455,11.769,13.721,True
ET_01,other,12.02,0.38932,0.23011,1.0336,29.225,2.931,15.594,True
ET_01,other,12.030000000000001,0.41645,0.15811,1.00522,29.917,-8.478,14.761,True
ET_01,other,12.040000000000001,0.3026,0.11242,0.9526,19.61,-16.394,9.829,True
ET_01,other,12.05,0.27091,0.04052,0.93827,6.683,-24.002,3.963,True
ET_01,other,12.06,0.14,0.04613,0.90251,-8.03,-21.122,-2.8,True
ET_01,other,12.07,0.06351,0.12466,0.86697,-20.772,-16.375,-9.198,True
ET_01,other,12.08,0.01221,0.15117,0.84877,-26.62,-7.418,-13.902,True
ET_01,other,12.09,0.00209,0.24869,0.83913,-31.467,1.819,-13.827,True
ET_01,other,12.1,0.00897,0.29653,0.86191,-25.851,11.807,-13.679,True
ET_01,other,12.11,0.09522,0.32719,0.91627,-15.177,19.142,-7.494,True
ET_01,other,12.120000000000001,0.16311,0.37139,0.90863,-1.697,22.426,-0.525,True
ET_01,other,12.13,0.27294,0.35024,0.94674,12.32,20.192,5.054,True
ET_01,other,12.14,0.36194,0.31241,1.0081,23.052,12.67,11.532,True
ET_01,other,12.15,0.39386,0.24453,1.00779,28.622,3.191,14.154,True
ET_01,other,12.16,0.3893,0.19858,0.99206,26.786,-6.601,13.65,True
ET_01,other,12.17,0.3425,0.12506,0.97151,20.462,-14.89,9.333,True
ET_01,other,12.18,0.28008,0.04555,0.99916,9.616,-19.145,3.98,True
ET_01,other,12.19,0.17086,0.06432,0.93055,-3.957,-20.865,-2.965,True
ET_01,other,12.200000000000001,0.0576,0.11014,0.88018,-15.958,-17.577,-8.29,True
ET_01,other,12.21,0.01295,0.16851,0.85989,-25.863,-9.704,-11.577,True
ET_01,other,12.22,0.00335,0.22338,0.83089,-29.017,1.444,-14.836,True
ET_01,other,12.23,-0.00748,0.30762,0.86588,-24.691,9.909,-13.202,True
ET_01,other,12.24,0.08087,0.32968,0.87397,-15.184,17.538,-8.599,True
ET_01,other,12.25,0.18528,0.35064,0.92582,-2.827,21.113,-2.509,True
ET_01,other,12.26,0.26592,0.35456,0.96172,10.373,19.393,5.959,True
ET_01,other,12.27,0.34221,0.372,0.98108,21.242,13.745,9.099,True
ET_01,other,12.280000000000001,0.38124,0.27458,1.00269,26.094,6.885,13.846,True
ET_01,other,12.290000000000001,0.39672,0.18645,0.98566,27.986,-3.547,12.488,True
ET_01,other,12.3,0.39298,0.14546,0.99321,21.967,-13.868,11.34,True
ET_01,other,12.31,0.27412,0.12197,0.96999,12.008,-17.167,5.334,True
ET_01,other,12.32,0.1984,0.08424,0.92057,-3.088,-21.481,-1.111,True
ET_01,other,12.33,0.09985,0.08845,0.89829,-14.533,-17.474,-7.259,True
ET_01,other,12.34,0.03631,0.16564,0.85103,-24.216,-11.355,-11.622,True
ET_01,other,12.35,-0.01337,0.21656,0.86294,-28.018,-2.943,-14.16,True
ET_01,other,12.36,0.0228,0.28665,0.84764,-25.728,8.012,-12.019,True
ET_01,other,12.370000000000001,0.08454,0.3432,0.85075,-17.668,15.127,-7.323,True
ET_01,other,12.38,0.15781,0.34342,0.94837,-5.946,19.191,-3.736,True
ET_01,other,12.39,0.26689,0.36593,0.95573,6.754,20.851,3.672,True
ET_01,other,12.4,0.32469,0.32492,0.96162,18.917,15.98,9.898,True
ET_01,other,12.41,0.39455,0.30197,0.97547,26.406,5.907,13.27,True
ET_01,other,12.42,0.40592,0.24037,0.99865,26.257,-2.15,13.851,True
ET_01,other,12.43,0.36228,0.14874,0.96615,21.502,-11.92,11.424,True
ET_01,other,12.44,0.30908,0.09104,0.95908,12.903,-17.019,3.899,True
ET_01,other,12.450000000000001,0.18656,0.09823,0.93814,-0.221,-20.12,-0.478,True
ET_01,other,12.46,0.11177,0.102,0.88367,-11.22,-17.825,-7.076,True
ET_01,other,12.47,0.01326,0.16954,0.85561,-21.235,-11.138,-10.98,True
ET_01,other,12.48,0.03199,0.20135,0.85338,-26.337,-3.876,-13.24,True
ET_01,other,12.49,0.01794,0.26632,0.83977,-25.157,4.923,-11.263,True
ET_01,other,12.5,0.03391,0.32894,0.8695,-19.001,11.92,-9.613,True
ET_01,other,12.51,0.15936,0.35988,0.92407,-6.178,17.975,-5.01,True
ET_01,other,12.52,0.23992,0.35066,0.97056,3.446,18.153,2.097,True
ET_01,other,12.530000000000001,0.31463,0.34987,0.97147,15.584,14.473,8.137,True
ET_01,other,12.540000000000001,0.38153,0.2754,0.97511,23.301,8.571,11.119,True
ET_01,other,12.55,0.39928,0.24769,0.98535,26.45,-0.447,13.704,True
ET_01,other,12.56,0.40064,0.19031,0.99203,23.024,-9.14,11.73,True
ET_01,other,12.57,0.31948,0.09437,0.97773,15.634,-15.72,6.661,True
ET_01,other,12.58,0.20666,0.07147,0.94537,2.799,-18.101,1.308,True
ET_01,other,12.59,0.13465,0.09328,0.88947,-8.451,-18.4,-4.756,True
ET_01,other,12.6,0.06062,0.13799,0.87315,-19.468,-13.68,-10.318,True
ET_01,other,12.61,-0.00152,0.18486,0.83893,-23.424,-5.226,-14.191,True
ET_01,other,12.620000000000001,0.01652,0.2467,0.85075,-25.621,6.16,-12.161,True
ET_01,other,12.63,0.05808,0.28939,0.87004,-18.047,12.149,-10.084,True
ET_01,other,12.64,0.15402,0.38201,0.90401,-8.475,17.107,-5.112,True
ET_01,other,12.65,0.23023,0.33619,0.90937,1.961,18.821,2.157,True
ET_01,other,12.66,0.30368,0.33731,0.98079,13.563,15.762,8.197,True
ET_01,other,12.67,0.34566,0.2862,0.98648,21.385,9.471,9.974,True
ET_01,other,12.68,0.38225,0.23687,0.98869,24.822,0.306,12.555,True
ET_01,other,12.69,0.36071,0.16655,0.97739,23.25,-7.077,10.865,True
ET_01,other,12.700000000000001,0.31725,0.08341,0.95987,13.967,-13.791,7.487,True
ET_01,other,12.71,0.20087,0.10139,0.94266,5.226,-17.399,1.182,True
ET_01,other,12.72,0.15428,0.12306,0.88182,-6.699,-17.625,-3.952,True
ET_01,other,12.73,0.0787,0.12939,0.87331,-17.09,-13.197,-6.852,True
ET_01,other,12.74,0.00858,0.19725,0.86437,-23.275,-6.098,-10.592,True
ET_01,other,12.75,0.0182,0.21929,0.85481,-24.49,1.28,-11.636,True
ET_01,other,12.76,0.03947,0.30259,0.87546,-19.251,9.846,-10.071,True
ET_01,other,12.77,0.11282,0.32564,0.89366,-11.428,15.036,-5.519,True
ET_01,other,12.780000000000001,0.19002,0.32583,0.93519,-0.062,17.547,1.336,True
ET_01,other,12.790000000000001,0.28111,0.35285,0.96756,11.257,16.371,5.995,True
ET_01,other,12.8,0.33658,0.30182,0.97327,18.733,8.659,10.062,True
ET_01,other,12.81,0.35197,0.23336,0.96743,25.077,2.362,12.877,True
ET_01,other,12.82,0.36448,0.16903,0.96962,21.605,-6.539,10.307,True
ET_01,other,12.83,0.32259,0.12765,0.96909,14.604,-13.749,8.86,True
ET_01,other,12.84,0.26013,0.11565,0.94318,5.49,-18.036,3.227,True
ET_01,other,12.85,0.14415,0.11863,0.9343,-3.806,-16.783,-3.31,True
ET_01,other,12.86,0.09484,0.13589,0.86983,-15.376,-13.143,-7.951,True
ET_01,other,12.870000000000001,0.05593,0.16519,0.87853,-19.171,-6.813,-12.168,True
ET_01,other,12.88,0.02933,0.22879,0.85657,-22.953,1.146,-12.894,True
ET_01,other,12.89,0.05791,0.29699,0.86909,-20.052,6.928,-9.998,True
ET_01,other,12.9,0.10873,0.31826,0.88148,-12.125,14.176,-6.869,True
ET_01,other,12.91,0.17761,0.34742,0.90866,-0.694,15.981,-1.409,True
ET_01,other,12.92,0.24259,0.3429,0.97253,9.322,16.148,3.355,True
ET_01,other,12.93,0.33686,0.30855,0.97185,17.426,10.088,8.739,True
ET_01,other,12.94,0.38131,0.2352,1.00722,22.986,2.809,11.786,True
ET_01,other,12.950000000000001,0.35574,0.19537,0.99427,22.075,-4.209,10.215,True
ET_01,other,12.96,0.3453,0.13318,0.97688,17.846,-12.604,9.686,True
ET_01,other,12.97,0.2742,0.11818,0.9587,8.02,-14.234,4.09,True
ET_01,other,12.98,0.18536,0.08831,0.91186,-3.724,-15.297,-1.357,True
ET_01,other,12.99,0.12025,0.13018,0.90716,-12.835,-13.65,-7.746,True
ET_01,other,13.0,0.04942,0.16758,0.89964,-19.95,-8.446,-11.243,True
ET_01,other,13.01,0.02734,0.22558,0.86533,-22.687,-0.436,-11.172,True
ET_01,other,13.02,0.04959,0.28528,0.87377,-21.719,7.249,-11.412,True
ET_01,other,13.030000000000001,0.08777,0.34286,0.88709,-12.282,13.964,-7.308,True
ET_01,other,13.040000000000001,0.16998,0.32076,0.92246,-3.203,15.52,-2.397,True
ET_01,other,13.05,0.23108,0.33581,0.96272,6.529,15.774,5.116,True
ET_01,other,13.06,0.30198,0.30195,0.96343,15.014,12.446,8.128,True
ET_01,other,13.07,0.34789,0.24598,0.97415,21.623,4.404,11.505,True
ET_01,other,13.08,0.40142,0.21852,0.98396,20.467,-2.875,11.611,True
ET_01,other,13.09,0.31254,0.14866,0.94323,16.52,-9.408,8.468,True
ET_01,other,13.1,0.25931,0.1255,0.94397,10.488,-14.404,4.844,True
ET_01,other,13.11,0.17964,0.09122,0.94355,-0.306,-15.488,-0.379,True
ET_01,other,13.120000000000001,0.11867,0.10698,0.87613,-10.568,-14.977,-5.311,True
ET_01,other,13.13,0.06763,0.17494,0.88948,-18.473,-9.19,-9.328,True
ET_01,other,13.14,0.08714,0.18745,0.88868,-20.676,-1.821,-11.63,True
ET_01,other,13.15,0.05071,0.26517,0.85091,-21.424,5.833,-10.071,True
ET_01,other,13.16,0.08448,0.29049,0.87967,-15.305,11.36,-8.109,True
ET_01,other,13.17,0.16413,0.32721,0.91966,-6.071,15.629,-2.263,True
ET_01,other,13.18,0.25002,0.32656,0.95253,5.275,14.838,1.387,True
ET_01,other,13.19,0.31673,0.33058,0.95597,13.754,13.516,7.272,True
ET_01,other,13.200000000000001,0.31665,0.2595,0.98392,20.043,6.241,9.439,True
ET_01,other,13.21,0.33748,0.1941,0.9892,21.562,-1.529,11.466,True
ET_01,other,13.22,0.31242,0.15824,0.97594,17.551,-7.815,8.778,True
ET_01,other,13.23,0.27127,0.13306,0.9806,10.44,-14.399,5.325,True
ET_01,other,13.24,0.20834,0.11419,0.92758,-0.446,-15.85,0.135,True
ET_01,other,13.25,0.14086,0.14849,0.90895,-9.639,-15.567,-3.85,True
ET_01,other,13.26,0.06309,0.14716,0.87657,-15.096,-9.104,-8.086,True
ET_01,other,13.27,0.03648,0.20592,0.86038,-21.684,-3.824,-11.359,True
ET_01,other,13.280000000000001,0.04184,0.24615,0.86319,-20.51,3.821,-9.754,True
ET_01,other,13.290000000000001,0.10557,0.28387,0.89931,-15.95,10.079,-6.387,True
ET_01,other,13.3,0.14135,0.30084,0.92222,-8.164,14.563,-4.401,True
ET_01,other,13.31,0.21615,0.34543,0.91826,2.067,15.377,1.858,True
ET_01,other,13.32,0.29104,0.29234,0.94176,10.936,13.358,6.247,True
ET_01,other,13.33,0.31543,0.29019,0.96002,18.812,7.24,7.978,True
ET_01,other,13.34,0.34417,0.2321,1.00813,21.282,0.195,9.662,True
ET_01,other,13.35,0.30017,0.20119,0.9821,18.624,-6.577,8.258,True
ET_01,other,13.36,0.26752,0.12504,0.97364,13.116,-12.997,5.453,True
ET_01,other,13.370000000000001,0.21287,0.11806,0.935,2.661,-13.689,1.989,True
ET_01,other,13.38,0.17321,0.08196,0.91606,-6.83,-15.313,-2.69,True
ET_01,other,13.39,0.08382,0.14225,0.88601,-14.804,-9.691,-8.801,True
ET_01,other,13.4,0.04079,0.1899,0.887,-19.064,-4.862,-10.18,True
ET_01,other,13.41,0.03689,0.26893,0.87656,-19.94,2.334,-10.76,True
ET_01,other,13.42,0.07718,0.32188,0.86157,-17.042,10.814,-6.838,True
ET_01,other,13.43,0.13409,0.31028,0.91339,-8.434,14.82,-3.954,True
ET_01,other,13.44,0.21178,0.32907,0.91054,1.33,14.846,1.047,True
ET_01,other,13.450000000000001,0.27064,0.28649,0.91647,12.713,13.454,4.246,True
ET_01,other,13.46,0.27679,0.25922,0.98855,17.518,7.361,7.391,True
ET_01,other,13.47,0.36412,0.21945,0.98373,20.138,0.86,10.547,True
ET_01,other,13.48,0.31305,0.19131,0.97241,18.614,-7.551,11.354,True
ET_01,other,13.49,0.29223,0.14065,0.96732,12.943,-11.813,5.591,True
ET_01,other,13.5,0.25236,0.108,0.94819,3.029,-12.65,1.948,True
ET_01,other,13.51,0.18484,0.10149,0.92467,-6.421,-12.388,-2.279,True
ET_01,other,13.52,0.10788,0.14375,0.91719,-14.066,-11.704,-7.071,True
ET_01,other,13.530000000000001,0.04727,0.17358,0.91254,-19.977,-4.682,-9.168,True
ET_01,other,13.540000000000001,0.04331,0.24555,0.91962,-20.521,0.448,-9.862,True
ET_01,other,13.55,0.09275,0.27729,0.87945,-15.935,9.133,-9.282,True
ET_01,other,13.56,0.13569,0.32385,0.9095,-7.934,12.689,-4.895,True
ET_01,other,13.57,0.16508,0.33655,0.91895,-0.898,14.935,0.601,True
ET_01,other,13.58,0.2554,0.31532,0.92478,8.988,14.192,5.071,True
ET_01,other,13.59,0.32361,0.26656,0.98204,15.383,7.974,7.515,True
ET_01,other,13.6,0.34794,0.23418,0.98105,18.482,2.305,9.822,True
ET_01,other,13.61,0.32315,0.18824,0.98723,17.941,-4.685,10.332,True
ET_01,other,13.620000000000001,0.28155,0.14298,0.95633,14.406,-10.769,7.413,True
ET_01,other,13.63,0.25393,0.10946,0.94894,5.628,-15.116,2.287,True
ET_01,other,13.64,0.12738,0.11322,0.90906,-3.709,-13.31,-1.826,True
ET_01,other,13.65,0.08975,0.12079,0.89791,-13.441,-11.899,-6.42,True
ET_01,other,13.66,0.05818,0.19568,0.87617,-19.359,-6.285,-7.861,True
ET_01,other,13.67,0.02089,0.21578,0.85972,-19.638,1.597,-10.485,True
ET_01,other,13.68,0.07392,0.27021,0.90115,-16.784,7.889,-9.541,True
ET_01,other,13.69,0.0946,0.31312,0.90359,-9.935,13.307,-5.71,True
ET_01,other,13.700000000000001,0.17162,0.29498,0.94387,-1.279,14.359,-1.598,True
ET_01,other,13.71,0.23543,0.3263,0.9642,7.765,14.724,3.857,True
ET_01,other,13.72,0.29988,0.275,0.93979,15.475,9.539,7.726,True
ET_01,other,13.73,0.31943,0.27277,0.98768,19.397,4.173,9.259,True
ET_01,other,13.74,0.32019,0.17877,0.96369,18.527,-3.004,10.76,True
ET_01,other,13.75,0.29517,0.18342,0.96033,14.669,-9.188,8.265,True
ET_01,other,13.76,0.24416,0.1383,0.9212,5.946,-13.482,2.945,True
ET_01,other,13.77,0.19226,0.13228,0.89314,-2.004,-16.253,-0.607,True
ET_01,other,13.780000000000001,0.0985,0.15196,0.90587,-9.575,-9.805,-5.498,True
ET_01,other,13.790000000000001,0.05989,0.15758,0.87982,-17.457,-7.155,-8.295,True
ET_01,other,13.8,0.0377,0.21233,0.86009,-19.774,-0.454,-10.887,True
ET_01,other,13.81,0.02958,0.26293,0.90315,-17.732,6.118,-8.104,True
ET_01,other,13.82,0.09173,0.30497,0.90562,-12.74,10.913,-4.618,True
ET_01,other,13.83,0.15595,0.32699,0.94114,-3.176,13.997,-1.537,True
ET_01,other,13.84,0.21691,0.31286,0.9554,6.78,13.373,1.779,True
ET_01,other,13.85,0.29764,0.28593,0.96963,12.937,11.473,7.597,True
ET_01,other,13.86,0.32352,0.2279,0.98126,18.568,4.594,9.991,True
ET_01,other,13.870000000000001,0.3179,0.18362,1.01676,20.69,-2.308,8.807,True
ET_01,other,13.88,0.3077,0.13416,0.98265,16.764,-8.252,8.087,True
ET_01,other,13.89,0.24051,0.12281,0.9509,8.187,-13.872,4.738,True
ET_01,other,13.9,0.19168,0.12331,0.90119,-0.486,-14.071,-1.083,True
ET_01,other,13.91,0.10413,0.08364,0.9078,-8.626,-12.307,-3.431,True
ET_01,other,13.92,0.04423,0.15448,0.88499,-16.231,-8.116,-9.776,True
ET_01,other,13.93,0.0518,0.2258,0.89983,-18.215,-1.879,-10.252,True
ET_01,other,13.94,0.0386,0.27422,0.88163,-17.94,4.831,-8.347,True
ET_01,other,13.950000000000001,0.08042,0.31131,0.90043,-14.565,10.949,-7.522,True
ET_01,other,13.96,0.12305,0.31389,0.93037,-5.466,13.034,-4.423,True
ET_01,other,13.97,0.21059,0.33145,0.95777,4.044,13.991,1.708,True
ET_01,other,13.98,0.24592,0.286,0.94216,13.251,10.283,7.204,True
ET_01,other,13.99,0.31584,0.26462,1.00078,18.157,5.33,9.059,True
ET_01,other,14.0,0.34082,0.20922,1.00477,21.091,-1.687,10.215,True
ET_01,other,14.01,0.30346,0.16597,0.97327,17.949,-7.394,7.524,True
ET_01,other,14.02,0.24427,0.15816,0.97851,11.026,-13.089,6.334,True
ET_01,other,14.030000000000001,0.19059,0.1175,0.96484,1.412,-15.037,0.065,True
ET_01,other,14.040000000000001,0.11819,0.09336,0.92344,-7.363,-13.66,-2.345,True
ET_01,other,14.05,0.05449,0.14229,0.90175,-14.409,-10.043,-7.813,True
ET_01,other,14.06,0.02569,0.18234,0.88864,-19.233,-2.812,-8.709,True
ET_01,other,14.07,0.03263,0.24408,0.87181,-19.309,4.192,-9.329,True
ET_01,other,14.08,0.09242,0.29005,0.88192,-14.451,10.705,-7.988,True
ET_01,other,14.09,0.11863,0.2991,0.91616,-7.412,13.41,-2.47,True
ET_01,other,14.1,0.19512,0.31882,0.95597,4.423,14.967,0.688,True
ET_01,other,14.11,0.26568,0.31038,0.98777,11.651,12.435,6.333,True
ET_01,other,14.120000000000001,0.29272,0.29722,0.99977,18.918,7.778,9.047,True
ET_01,other,14.13,0.31748,0.21056,0.95458,21.756,-0.746,9.215,True
ET_01,other,14.14,0.31592,0.14859,0.97789,19.225,-6.044,9.927,True
ET_01,other,14.15,0.24103,0.13345,0.97352,11.395,-13.395,5.857,True
ET_01,other,14.16,0.19404,0.09313,0.91717,3.931,-15.033,3.065,True
ET_01,other,14.17,0.13949,0.11679,0.91678,-7.312,-14.564,-2.858,True
ET_01,other,14.18,0.05892,0.14007,0.91271,-14.637,-10.002,-8.283,True
ET_01,other,14.19,0.03121,0.21816,0.90429,-19.736,-3.519,-9.689,True
ET_01,other,14.200000000000001,0.03213,0.2397,0.8845,-21.594,3.408,-11.605,True
ET_01,other,14.21,0.04938,0.28438,0.90452,-16.121,8.685,-9.081,True
ET_01,other,14.22,0.12039,0.29923,0.93127,-7.944,14.028,-4.35,True
ET_01,other,14.23,0.18048,0.33335,0.93409,0.07,15.243,0.032,True
ET_01,other,14.24,0.2491,0.31773,0.98818,8.699,13.556,4.197,True
ET_01,other,14.25,0.31802,0.28469,0.98402,16.77,8.84,8.456,True
ET_01,other,14.26,0.32133,0.23013,1.00053,20.771,-0.599,10.077,True
ET_01,other,14.27,0.3094,0.16035,0.97587,18.658,-5.884,9.601,True
ET_01,other,14.280000000000001,0.27991,0.13469,0.96571,14.578,-11.57,6.604,True
ET_01,other,14.290000000000001,0.21194,0.1093,0.96304,4.723,-16.207,2.059,True
ET_01,other,14.3,0.15138,0.08919,0.90799,-4.421,-16.074,-3.248,True
ET_01,other,14.31,0.06982,0.12436,0.9158,-14.537,-13.099,-7.834,True
ET_01,other,14.32,0.0372,0.17689,0.86878,-17.699,-5.669,-9.938,True
ET_01,other,14.33,0.00058,0.22584,0.87784,-22.259,1.434,-11.467,True
ET_01,other,14.34,0.04412,0.25481,0.89144,-18.922,8.307,-9.151,True
ET_01,other,14.35,0.10223,0.31053,0.90598,-10.743,13.639,-6.337,True
ET_01,other,14.36,0.17067,0.3574,0.94574,-1.871,16.682,-1.101,True
ET_01,other,14.370000000000001,0.2121,0.29749,0.95335,9.363,13.474,5.353,True
ET_01,other,14.38,0.30556,0.28688,1.00057,17.235,9.242,8.362,True
ET_01,other,14.39,0.33493,0.21973,0.99489,21.382,1.908,10.999,True
ET_01,other,14.4,0.31236,0.17625,0.99701,21.032,-5.138,10.725,True
ET_01,other,14.41,0.30301,0.14914,0.96632,16.253,-10.682,6.992,True
ET_01,other,14.42,0.22387,0.10677,0.98194,7.296,-16.164,2.912,True
ET_01,other,14.43,0.15698,0.0753,0.93314,-3.051,-16.429,-1.562,True
ET_01,other,14.44,0.09847,0.09816,0.90918,-14.588,-13.544,-5.964,True
ET_01,other,14.450000000000001,0.03132,0.1511,0.8924,-20.709,-7.21,-9.384,True
ET_01,other,14.46,0.02458,0.21464,0.90265,-22.166,1.318,-10.282,True
ET_01,other,14.47,0.01441,0.28916,0.89071,-20.326,7.287,-8.848,True
ET_01,other,14.48,0.044,0.2803,0.90956,-12.101,13.967,-6.367,True
ET_01,other,14.49,0.18438,0.32433,0.93175,-3.436,15.187,0.332,True
ET_01,other,14.5,0.22338,0.31536,0.98897,8.098,15.542,3.28,True
ET_01,other,14.51,0.28591,0.26962,0.99131,16.64,9.851,7.359,True
ET_01,other,14.52,0.31794,0.23185,0.98663,21.807,5.491,10.695,True
ET_01,other,14.530000000000001,0.34121,0.1656,0.98782,21.907,-3.836,12.359,True
ET_01,other,14.540000000000001,0.30222,0.14479,0.98796,18.157,-10.997,8.567,True
ET_01,other,14.55,0.25058,0.08674,0.93732,9.285,-15.263,4.615,True
ET_01,other,14.56,0.17215,0.04946,0.94584,-1.104,-17.018,-0.972,True
ET_01,other,14.57,0.06154,0.10159,0.91102,-13.381,-14.985,-6.031,True
ET_01,other,14.58,-0.00865,0.13378,0.90488,-19.303,-9.31,-8.85,True
ET_01,other,14.59,-0.02986,0.20227,0.85728,-23.583,-1.604,-13.79,True
ET_01,other,14.6,0.01481,0.26863,0.88699,-22.635,6.28,-11.057,True
ET_01,other,14.61,0.04437,0.30898,0.92288,-13.31,14.554,-6.424,True
ET_01,other,14.620000000000001,0.11049,0.33598,0.92175,-4.519,16.47,-2.3,True
ET_01,other,14.63,0.19615,0.34574,0.96529,6.881,16.814,3.011,True
ET_01,other,14.64,0.25853,0.28925,0.99591,16.823,13.646,8.399,True
ET_01,other,14.65,0.33593,0.2319,1.01173,21.97,5.735,10.981,True
ET_01,other,14.66,0.34715,0.19446,1.00066,23.437,-1.583,11.943,True
ET_01,other,14.67,0.30165,0.13997,1.00495,20.264,-9.826,9.572,True
ET_01,other,14.68,0.2413,0.09112,0.95579,11.475,-16.082,5.256,True
ET_01,other,14.69,0.16335,0.06655,0.92886,-0.864,-17.667,-1.042,True
ET_01,other,14.700000000000001,0.08428,0.10782,0.88753,-10.556,-15.94,-5.502,True
ET_01,other,14.71,0.00168,0.14287,0.89098,-20.241,-10.316,-9.631,True
ET_01,other,14.72,-0.01504,0.20198,0.8819,-24.265,-2.051,-12.927,True
ET_01,other,14.73,-0.00828,0.23152,0.86827,-22.562,6.125,-11.676,True
ET_01,other,14.74,0.04171,0.27235,0.90798,-16.888,12.49,-8.097,True
ET_01,other,14.75,0.11331,0.31953,0.91574,-6.798,17.752,-1.699,True
ET_01,other,14.76,0.17808,0.34924,0.95448,3.797,16.455,3.42,True
ET_01,other,14.77,0.2259,0.3247,1.00805,15.249,14.993,7.898,True
ET_01,other,14.780000000000001,0.29041,0.25583,1.00459,22.956,7.695,11.836,True
ET_01,other,14.790000000000001,0.35454,0.20025,1.02527,23.836,-0.672,12.53,True
ET_01,other,14.8,0.27646,0.12923,1.02495,21.11,-7.923,10.582,True
ET_01,other,14.81,0.26362,0.07704,0.96413,13.886,-15.641,5.38,True
ET_01,other,14.82,0.16267,0.06217,0.97326,3.94,-17.119,0.608,True
ET_01,other,14.83,0.08237,0.09412,0.91247,-9.665,-17.162,-3.721,True
ET_01,other,14.84,0.00132,0.13817,0.87372,-19.446,-11.572,-11.443,True
ET_01,other,14.85,-0.00882,0.18711,0.88701,-25.738,-4.272,-11.643,True
ET_01,other,14.86,-0.03242,0.25393,0.88465,-22.577,5.205,-12.145,True
ET_01,other,14.870000000000001,0.0183,0.27231,0.88903,-18.158,12.634,-9.681,True
ET_01,other,14.88,0.1056,0.35178,0.94128,-8.918,17.84,-4.597,True
ET_01,other,14.89,0.16459,0.35593,0.95797,2.439,19.374,1.495,True
ET_01,other,14.9,0.24557,0.32513,1.00097,15.78,16.187,7.975,True
ET_01,other,14.91,0.31657,0.25317,1.00431,22.184,8.849,11.389,True
ET_01,other,14.92,0.34834,0.17835,1.01716,25.201,1.478,11.789,True
ET_01,other,14.93,0.3065,0.15154,1.01909,24.01,-9.501,10.718,True
ET_01,other,14.94,0.28912,0.10554,1.00212,14.434,-14.349,8.158,True
ET_01,other,14.950000000000001,0.1936,0.10595,0.9769,4.568,-18.834,1.04,True
ET_01,other,14.96,0.09092,0.043,0.93804,-8.716,-17.311,-3.771,True
ET_01,other,14.97,-0.00338,0.1153,0.89378,-18.024,-14.588,-9.157,True
ET_01,other,14.98,-0.01757,0.15563,0.87703,-24.628,-5.802,-14.012,True
ET_01,other,14.99,-0.04578,0.19487,0.90178,-25.912,3.067,-13.224,True
ET_01,other,15.0,0.00196,0.25897,0.86858,-21.653,11.694,-12.514,True
ET_01,other,15.01,0.04842,0.32986,0.91016,-11.484,17.945,-6.53,True
ET_01,other,15.02,0.15143,0.32942,0.95094,0.398,20.345,1.125,True
ET_01,other,15.030000000000001,0.24314,0.33718,0.98977,12.922,17.369,5.11,True
ET_01,other,15.040000000000001,0.34061,0.28443,1.0409,22.374,11.859,9.636,True
ET_01,other,15.05,0.3446,0.21177,1.01858,26.442,3.115,12.808,True
ET_01,other,15.06,0.34521,0.13738,1.04121,26.407,-6.358,13.47,True
ET_01,other,15.07,0.27407,0.09053,0.99784,18.738,-14.733,11.82,True
ET_01,other,15.08,0.19664,0.05596,0.96117,7.668,-19.11,2.439,True
ET_01,other,15.09,0.12473,0.04158,0.93388,-6.606,-18.868,-2.815,True
ET_01,other,15.1,-0.00165,0.0804,0.90807,-19.501,-15.957,-9.079,True
ET_01,other,15.11,-0.02472,0.14499,0.91862,-24.35,-6.6,-12.222,True
ET_01,other,15.120000000000001,-0.02913,0.1992,0.87324,-28.787,0.816,-14.023,True
ET_01,other,15.13,0.00764,0.27158,0.88781,-25.838,10.577,-11.643,True
ET_01,other,15.14,0.05954,0.31092,0.91478,-14.596,18.259,-7.065,True
ET_01,other,15.15,0.10881,0.33553,0.97953,-1.13,21.429,-1.025,True
ET_01,other,15.16,0.25787,0.34536,1.0004,10.84,18.55,5.073,True
ET_01,other,15.17,0.29543,0.30575,1.02537,21.551,12.834,11.721,True
ET_01,other,15.18,0.34286,0.20928,1.02272,28.297,5.079,12.648,True
ET_01,other,15.19,0.33612,0.15568,1.01816,27.196,-5.974,12.594,True
ET_01,other,15.200000000000001,0.29453,0.11598,1.03498,21.797,-14.352,10.094,True
ET_01,other,15.21,0.20679,0.05284,0.98974,8.032,-19.49,4.698,True
ET_01,other,15.22,0.12263,0.05301,0.954,-2.817,-20.33,-1.898,True
ET_01,other,15.23,0.02971,0.08687,0.92664,-17.31,-17.662,-7.917,True
ET_01,other,15.24,-0.0525,0.12009,0.88872,-24.549,-9.324,-11.146,True
ET_01,other,15.25,-0.08923,0.16323,0.89414,-29.078,0.444,-13.604,True
ET_01,other,15.26,-0.04447,0.23997,0.90215,-24.454,8.604,-12.517,True
ET_01,other,15.27,-0.00222,0.3116,0.91218,-15.019,17.39,-7.182,True
ET_01,other,15.280000000000001,0.11328,0.33271,0.91365,-4.87,20.193,-0.819,True
ET_01,other,15.290000000000001,0.21189,0.35468,0.95019,9.724,19.784,5.748,True
ET_01,other,15.3,0.30523,0.30884,1.00848,20.281,14.231,9.949,True
ET_01,other,15.31,0.34665,0.22709,1.03214,28.151,6.35,13.495,True
ET_01,other,15.32,0.3455,0.17672,1.03693,30.506,-4.491,15.075,True
ET_01,other,15.33,0.31045,0.08575,1.00177,22.868,-13.414,11.717,True
ET_01,other,15.34,0.23881,0.05149,0.9942,12.363,-20.027,5.907,True
ET_01,other,15.35,0.12255,0.04665,0.9681,-1.086,-21.343,-0.094,True
ET_01,other,15.36,0.04117,0.04186,0.92981,-14.472,-18.921,-8.571,True
ET_01,other,15.370000000000001,-0.06457,0.13202,0.89587,-24.785,-11.924,-12.745,True
ET_01,other,15.38,-0.09004,0.18157,0.88838,-29.158,-2.403,-14.495,True
ET_01,other,15.39,-0.07329,0.23724,0.87965,-27.135,7.413,-13.297,True
ET_01,other,15.4,0.0148,0.32202,0.8965,-17.43,16.67,-9.068,True
ET_01,other,15.41,0.08444,0.334,0.90836,-6.717,22.005,-2.967,True
ET_01,other,15.42,0.1717,0.33281,0.95016,7.711,21.628,4.162,True
ET_01,other,15.43,0.2587,0.30843,1.02001,20.012,14.587,8.728,True
ET_01,other,15.44,0.35829,0.21197,1.05982,27.446,8.364,12.62,True
ET_01,other,15.450000000000001,0.33986,0.16968,1.02013,30.12,-1.907,16.108,True
ET_01,other,15.46,0.35342,0.10472,1.01893,23.758,-13.29,13.024,True
ET_01,other,15.47,0.23545,0.05051,0.99856,15.315,-19.05,7.073,True
ET_01,other,15.48,0.10276,0.00809,0.93588,1.17,-21.542,1.391,True
ET_01,other,15.49,0.02876,0.02952,0.91254,-13.579,-19.929,-5.969,True
ET_01,other,15.5,-0.04196,0.11694,0.908,-24.579,-13.704,-12.018,True
ET_01,other,15.51,-0.10081,0.17417,0.88884,-29.877,-3.874,-14.669,True
ET_01,other,15.52,-0.07379,0.23545,0.88809,-29.189,6.216,-14.856,True
ET_01,other,15.530000000000001,-0.02685,0.26737,0.8824,-20.925,13.636,-11.312,True
ET_01,other,15.540000000000001,0.04433,0.37068,0.9259,-9.139,20.504,-3.987,True
ET_01,other,15.55,0.19141,0.34926,0.97676,4.823,23.017,2.292,True
ET_01,other,15.56,0.26421,0.32914,1.01395,17.741,17.699,8.974,True
ET_01,other,15.57,0.31135,0.26416,1.03509,27.603,9.275,14.113,True
ET_01,other,15.58,0.36385,0.1748,1.04282,31.145,-1.326,15.601,True
ET_01,other,15.59,0.32382,0.10136,1.05624,27.104,-9.89,13.548,True
ET_01,other,15.6,0.26667,0.04519,0.97065,16.992,-20.749,7.935,True
ET_01,other,15.610000000000001,0.14351,0.01496,0.97792,3.556,-21.163,1.876,True
ET_01,other,15.620000000000001,0.03925,0.05802,0.95657,-11.113,-22.604,-5.459,True
ET_01,other,15.63,-0.06157,0.07116,0.91997,-24.325,-16.262,-11.628,True
ET_01,other,15.64,-0.10419,0.1438,0.88365,-30.265,-5.946,-17.106,True
ET_01,other,15.65,-0.11203,0.24791,0.91308,-30.174,4.818,-14.103,True
ET_01,other,15.66,-0.06159,0.30222,0.90499,-23.284,15.239,-12.654,True
ET_01,other,15.67,0.06133,0.3494,0.93031,-12.681,22.505,-4.956,True
ET_01,other,15.68,0.16452,0.34839,0.93251,3.229,22.507,0.55,True
ET_01,other,15.69,0.2574,0.30852,0.98778,17.809,20.625,8.677,True
ET_01,other,15.700000000000001,0.34437,0.2758,1.01551,27.451,12.42,13.805,True
ET_01,other,15.71,0.34111,0.2098,1.04817,31.564,0.65,15.276,True
ET_01,other,15.72,0.35615,0.1191,1.0544,28.909,-9.758,14.793,True
ET_01,other,15.73,0.24,0.03476,1.03424,18.502,-17.844,8.845,True
ET_01,other,15.74,0.17457,0.00885,0.98984,6.078,-23.697,2.933,True
ET_01,other,15.75,0.05735,0.03859,0.93669,-9.352,-23.4,-5.523,True
ET_01,other,15.76,-0.04621,0.0708,0.91223,-22.373,-16.789,-11.536,True
ET_01,other,15.77,-0.09518,0.11648,0.87074,-30.025,-7.884,-14.656,True
ET_01,other,15.780000000000001,-0.11306,0.20167,0.89474,-31.73,1.57,-16.133,True
ET_01,other,15.790000000000001,-0.03785,0.2853,0.88765,-24.712,14.289,-13.903,True
ET_01,other,15.8,-0.01008,0.34507,0.91,-14.784,19.537,-7.518,True
ET_01,other,15.81,0.08844,0.34345,0.96944,0.558,24.033,0.041,True
ET_01,other,15.82,0.22271,0.36596,1.00062,14.57,19.764,7.91,True
ET_01,other,15.83,0.33353,0.28182,1.05244,26.751,14.477,12.863,True
ET_01,other,15.84,0.39669,0.22802,1.05117,32.114,2.546,15.507,True
ET_01,other,15.85,0.31879,0.12842,1.05292,29.967,-7.764,13.529,True
ET_01,other,15.860000000000001,0.28661,0.03699,1.01501,21.681,-17.808,10.909,True
ET_01,other,15.870000000000001,0.18459,0.05424,0.9757,8.692,-23.399,4.889,True
ET_01,other,15.88,0.08056,0.00528,0.93988,-4.811,-22.983,-4.081,True
ET_01,other,15.89,-0.03113,0.05466,0.88903,-21.224,-17.695,-10.617,True
ET_01,other,15.9,-0.11415,0.10477,0.86461,-30.509,-8.71,-14.317,True
ET_01,other,15.91,-0.1281,0.20687,0.87228,-33.672,1.846,-17.162,True
ET_01,other,15.92,-0.08364,0.28287,0.90667,-28.246,10.73,-13.603,True
ET_01,other,15.93,0.00523,0.3325,0.91554,-17.324,20.813,-8.083,True
ET_01,other,15.94,0.10794,0.35602,0.95857,-3.018,22.193,-1.034,True
ET_01,other,15.950000000000001,0.20364,0.34646,0.99306,12.785,22.975,6.156,True
ET_01,other,15.96,0.32749,0.3175,1.02174,25.619,16.856,12.706,True
ET_01,other,15.97,0.35025,0.21356,1.0398,32.691,5.417,15.59,True
ET_01,other,15.98,0.3155,0.13968,1.05678,32.234,-5.607,16.12,True
ET_01,other,15.99,0.29676,0.07809,0.99925,23.239,-16.133,12.858,True
ET_01,other,16.0,0.21769,0.02798,1.00177,10.672,-22.053,6.845,True
ET_01,other,16.01,0.09296,-0.01071,0.95625,-3.069,-23.867,-2.007,True
ET_01,other,16.02,0.00405,0.04189,0.9383,-18.911,-20.808,-10.667,True
ET_01,other,16.03,-0.07619,0.08815,0.89448,-29.057,-11.547,-13.618,True
ET_01,other,16.04,-0.13093,0.17419,0.87636,-32.274,-1.594,-15.593,True
ET_01,other,16.05,-0.07229,0.26947,0.92277,-29.36,9.8,-15.097,True
ET_01,other,16.06,-0.03486,0.33694,0.89307,-20.218,19.301,-10.164,True
ET_01,other,16.07,0.06888,0.35726,0.95045,-5.958,23.323,-2.402,True
ET_01,other,16.080000000000002,0.17254,0.3432,1.01329,9.29,22.688,4.954,True
ET_01,other,16.09,0.30098,0.32341,1.05835,23.373,16.931,10.785,True
ET_01,other,16.1,0.33956,0.23244,1.05525,32.019,8.636,14.023,True
ET_01,other,16.11,0.36045,0.11973,1.05251,31.847,-4.735,15.596,True
ET_01,other,16.12,0.32313,0.08139,1.0195,26.358,-13.7,12.822,True
ET_01,other,16.13,0.21265,0.02782,0.99881,13.393,-21.521,6.821,True
ET_01,other,16.14,0.11029,0.01269,0.95221,-0.656,-25.034,-0.238,True
ET_01,other,16.15,0.0004,0.03784,0.93942,-17.156,-21.397,-9.129,True
ET_01,other,16.16,-0.08113,0.09037,0.89171,-26.816,-13.63,-14.681,True
ET_01,other,16.17,-0.12276,0.15447,0.86893,-32.76,-2.521,-15.469,True
ET_01,other,16.18,-0.11594,0.24519,0.89773,-30.42,7.242,-14.126,True
ET_01,other,16.19,-0.07217,0.33107,0.90763,-21.536,18.88,-10.578,True
ET_01,other,16.2,0.03317,0.35377,0.92924,-9.728,23.727,-3.931,True
ET_01,other,16.21,0.18916,0.36523,1.01433,7.261,23.516,4.995,True
ET_01,other,16.22,0.27158,0.30562,0.99358,21.205,19.298,10.985,True
ET_01,other,16.23,0.33158,0.25518,1.05878,31.184,8.246,16.159,True
ET_01,other,16.240000000000002,0.35772,0.17334,1.05081,32.5,-1.708,15.964,True
ET_01,other,16.25,0.3083,0.09523,1.04782,28.633,-12.647,12.404,True
ET_01,other,16.26,0.23562,0.01919,1.02999,16.187,-21.797,7.687,True
ET_01,other,16.27,0.12608,0.04798,0.96451,3.452,-22.958,0.631,True
ET_01,other,16.28,0.00931,0.0434,0.9105,-14.351,-20.815,-7.689,True
ET_01,other,16.29,-0.08176,0.07383,0.89381,-26.605,-15.147,-12.905,True
ET_01,other,16.3,-0.13352,0.15515,0.89121,-32.521,-4.789,-18.058,True
ET_01,other,16.31,-0.10582,0.23672,0.87611,-31.682,5.756,-17.042,True
ET_01,other,16.32,-0.05489,0.2835,0.89726,-23.663,15.561,-11.852,True
ET_01,other,16.330000000000002,0.03101,0.35189,0.96726,-11.761,22.825,-8.101,True
ET_01,other,16.34,0.1124,0.33727,1.00786,5.378,23.535,3.622,True
ET_01,other,16.35,0.25954,0.3099,1.03978,19.239,18.586,10.208,True
ET_01,other,16.36,0.30653,0.24164,1.04279,28.059,11.863,12.421,True
ET_01,other,16.37,0.3385,0.1783,1.07908,34.288,-1.064,15.826,True
ET_01,other,16.38,0.33431,0.10954,1.029,28.659,-11.7,14.967,True
ET_01,other,16.39,0.26245,0.04159,1.04044,18.037,-19.636,9.755,True
ET_01,other,16.4,0.14564,0.01176,0.98513,4.121,-23.464,1.469,True
ET_01,other,16.41,0.03707,0.00343,0.94836,-10.947,-22.102,-5.28,True
ET_01,other,16.42,-0.043,0.04873,0.91891,-24.421,-17.466,-11.226,True
ET_01,other,16.43,-0.10967,0.12426,0.89019,-30.449,-6.63,-16.719,True
ET_01,other,16.44,-0.12212,0.2119,0.87621,-32.063,5.382,-16.576,True
ET_01,other,16.45,-0.07339,0.28546,0.89515,-25.342,14.395,-13.365,True
ET_01,other,16.46,-0.01058,0.32668,0.95981,-13.046,21.714,-6.173,True
ET_01,other,16.47,0.09741,0.38135,0.95904,1.565,25.296,1.183,True
ET_01,other,16.48,0.2363,0.33495,1.01896,16.142,21.16,8.013,True
ET_01,other,16.490000000000002,0.32558,0.25746,1.03699,27.979,12.922,13.813,True
ET_01,other,16.5,0.34683,0.21514,1.07609,32.941,3.62,16.86,True
ET_01,other,16.51,0.3225,0.09617,1.03511,31.504,-8.684,15.661,True
ET_01,other,16.52,0.24485,0.05532,1.00636,21.58,-18.658,10.652,True
ET_01,other,16.53,0.13874,0.01734,0.98946,5.89,-22.891,3.664,True
ET_01,other,16.54,0.07121,4e-05,0.95064,-8.042,-22.732,-4.09,True
ET_01,other,16.55,-0.05304,0.05397,0.90709,-22.158,-17.999,-10.176,True
ET_01,other,16.56,-0.12052,0.12853,0.87731,-29.695,-7.638,-14.629,True
ET_01,other,16.57,-0.10369,0.21999,0.89859,-32.163,2.369,-15.913,True
ET_01,other,16.580000000000002,-0.12761,0.26077,0.89601,-26.895,13.637,-14.14,True
ET_01,other,16.59,-0.00271,0.34105,0.94569,-15.576,21.287,-8.462,True
ET_01,other,16.6,0.11365,0.33115,0.95991,-1.295,23.638,0.645,True
ET_01,other,16.61,0.23176,0.34785,1.0121,15.03,19.765,6.173,True
ET_01,other,16.62,0.28457,0.26746,1.03827,25.601,14.587,13.574,True
ET_01,other,16.63,0.3279,0.1846,1.07445,32.391,3.388,15.025,True
ET_01,other,16.64,0.32817,0.11103,1.0698,32.229,-8.432,15.491,True
ET_01,other,16.65,0.26867,0.07383,1.01798,22.373,-16.182,12.771,True
ET_01,other,16.66,0.17384,0.02124,0.98627,10.062,-22.118,3.479,True
ET_01,other,16.67,0.08089,0.01101,0.95912,-4.128,-23.512,-2.993,True
ET_01,other,16.68,-0.01991,0.03253,0.93002,-19.874,-19.057,-8.783,True
ET_01,other,16.69,-0.11549,0.08543,0.91799,-28.71,-10.63,-14.992,True
ET_01,other,16.7,-0.11539,0.20108,0.89948,-33.169,1.151,-14.796,True
ET_01,other,16.71,-0.07607,0.25047,0.90527,-28.028,12.205,-14.477,True
ET_01,other,16.72,-0.01229,0.32223,0.91451,-17.265,19.405,-8.427,True
ET_01,other,16.73,0.06887,0.35737,0.96738,-2.356,22.935,-2.231,True
ET_01,other,16.740000000000002,0.17661,0.32368,1.01191,10.982,21.125,5.542,True
ET_01,other,16.75,0.2693,0.27989,1.02277,24.612,14.709,11.022,True
ET_01,other,16.76,0.33083,0.22811,1.06064,30.371,4.669,15.554,True
ET_01,other,16.77,0.34244,0.14565,1.06063,30.43,-5.309,15.871,True
ET_01,other,16.78,0.26952,0.06323,1.02763,25.155,-15.633,10.964,True
ET_01,other,16.79,0.18769,0.02141,0.99858,11.721,-21.255,6.368,True
ET_01,other,16.8,0.09272,0.01291,0.97622,-4.103,-22.579,-1.491,True
ET_01,other,16.81,-0.02709,0.05374,0.92089,-17.076,-19.662,-8.475,True
ET_01,other,16.82,-0.10954,0.08531,0.89301,-25.949,-11.454,-13.879,True
ET_01,other,16.830000000000002,-0.12836,0.1699,0.88218,-31.28,-1.596,-15.127,True
ET_01,other,16.84,-0.11153,0.25739,0.89452,-30.392,8.75,-14.121,True
ET_01,other,16.85,-0.02959,0.28685,0.932,-18.287,17.479,-9.93,True
ET_01,other,16.86,0.05336,0.33581,1.00411,-7.14,22.838,-2.614,True
ET_01,other,16.87,0.18018,0.33326,1.01492,8.293,21.874,4.559,True
ET_01,other,16.88,0.25384,0.30481,1.03483,20.939,15.81,11.427,True
ET_01,other,16.89,0.29824,0.24149,1.05981,28.292,8.086,14.658,True
ET_01,other,16.9,0.32891,0.16463,1.07,30.412,-3.483,14.903,True
ET_01,other,16.91,0.31148,0.05444,1.00475,25.408,-12.482,12.508,True
ET_01,other,16.92,0.18699,0.02309,0.99591,14.683,-22.241,5.95,True
ET_01,other,16.93,0.1073,-0.00661,0.96069,1.421,-23.252,-0.405,True
ET_01,other,16.94,0.01723,0.02721,0.96788,-15.165,-19.45,-7.823,True
ET_01,other,16.95,-0.08032,0.0858,0.90291,-25.184,-13.053,-13.746,True
ET_01,other,16.96,-0.10819,0.16673,0.88344,-29.962,-3.063,-15.938,True
ET_01,other,16.97,-0.07841,0.23038,0.88806,-27.988,8.577,-13.386,True
ET_01,other,16.98,-0.06432,0.32175,0.90098,-21.337,14.169,-10.729,True
ET_01,other,16.990000000000002,0.02139,0.32023,0.94616,-6.929,21.739,-3.893,True
ET_01,other,17.0,0.12114,0.36577,1.00419,7.548,21.481,2.666,True
ET_01,other,17.01,0.23508,0.31829,1.03644,18.206,17.786,9.766,True
ET_01,other,17.02,0.28478,0.25442,1.01915,27.167,7.346,13.302,True
ET_01,other,17.03,0.3344,0.15537,1.05856,28.848,-1.254,16.267,True
ET_01,other,17.04,0.28475,0.10887,1.04735,24.943,-11.447,13.761,True
ET_01,other,17.05,0.20856,0.06983,1.0042,15.08,-18.038,8.661,True
ET_01,other,17.06,0.10759,0.02534,0.96635,3.083,-21.258,0.366,True
ET_01,other,17.07,0.01686,0.02781,0.92181,-9.974,-19.865,-4.504,True
ET_01,other,17.080000000000002,-0.06578,0.09503,0.91794,-22.991,-13.236,-12.493,True
ET_01,other,17.09,-0.11443,0.13846,0.87925,-29.622,-5.605,-13.262,True
ET_01,other,17.1,-0.10653,0.23217,0.8879,-28.591,5.152,-13.921,True
ET_01,other,17.11,-0.06352,0.27813,0.89483,-21.731,15.343,-10.539,True
ET_01,other,17.12,0.02575,0.31819,0.95068,-10.007,20.121,-6.004,True
ET_01,other,17.13,0.16264,0.32789,1.00202,2.499,20.812,0.97,True
ET_01,other,17.14,0.22008,0.27879,1.02685,16.057,17.515,9.344,True
ET_01,other,17.150000000000002,0.29411,0.23032,1.05515,25.717,11.435,12.359,True
ET_01,other,17.16,0.30535,0.1708,1.04835,30.125,2.098,15.043,True
ET_01,other,17.17,0.28659,0.12229,1.00661,27.226,-9.926,13.138,True
ET_01,other,17.18,0.22388,0.05731,1.02767,17.843,-16.868,9.772,True
ET_01,other,17.19,0.13961,-0.01599,0.96576,4.106,-20.077,0.315,True
ET_01,other,17.2,0.04605,0.02061,0.93071,-8.349,-18.927,-3.608,True
ET_01,other,17.21,-0.06403,0.06111,0.91149,-20.955,-14.976,-9.552,True
ET_01,other,17.22,-0.07297,0.13628,0.89584,-26.525,-6.065,-14.008,True
ET_01,other,17.23,-0.09423,0.22301,0.87409,-27.49,2.924,-12.598,True
ET_01,other,17.240000000000002,-0.06962,0.24607,0.92035,-22.67,12.998,-12.314,True
ET_01,other,17.25,0.00935,0.34806,0.95802,-12.396,18.385,-5.603,True
ET_01,other,17.26,0.11704,0.30922,0.97238,0.098,20.552,-0.537,True
ET_01,other,17.27,0.2065,0.27421,1.02237,14.91,18.139,5.685,True
ET_01,other,17.28,0.28151,0.26765,1.02398,24.055,10.684,12.519,True
ET_01,other,17.29,0.29624,0.16992,1.05613,28.247,2.151,14.033,True
ET_01,other,17.3,0.27771,0.12744,1.04487,25.209,-7.994,14.174,True
ET_01,other,17.31,0.25323,0.05127,1.01679,17.374,-15.7,8.2,True
ET_01,other,17.32,0.17925,0.03805,1.01014,5.929,-20.597,2.495,True
ET_01,other,17.330000000000002,0.04697,0.03926,0.98084,-6.956,-18.451,-3.666,True
ET_01,other,17.34,-0.00956,0.04531,0.9271,-17.487,-17.16,-10.508,True
ET_01,other,17.35,-0.09422,0.09652,0.91833,-27.337,-8.912,-13.195,True
ET_01,other,17.36,-0.08933,0.16862,0.92458,-26.921,2.743,-13.963,True
ET_01,other,17.37,-0.07406,0.24402,0.91094,-23.677,10.861,-10.521,True
ET_01,other,17.38,0.00099,0.29295,0.93,-14.419,18.486,-6.203,True
ET_01,other,17.39,0.08476,0.32612,0.96302,-0.726,19.809,-0.185,True
ET_01,other,17.400000000000002,0.19468,0.29012,0.98393,12.299,18.891,4.836,True
ET_01,other,17.41,0.2236,0.26262,1.02299,21.348,12.397,9.6,True
ET_01,other,17.42,0.2879,0.21365,1.05403,27.082,3.769,13.269,True
ET_01,other,17.43,0.28792,0.13434,1.04519,25.999,-5.443,12.228,True
ET_01,other,17.44,0.26236,0.06418,1.01036,19.676,-12.043,9.241,True
ET_01,other,17.45,0.14753,0.03767,0.99723,9.27,-18.548,3.966,True
ET_01,other,17.46,0.08013,0.03814,0.97418,-3.315,-18.856,-2.407,True
ET_01,other,17.47,0.01361,0.0455,0.95338,-14.901,-15.85,-7.462,True
ET_01,other,17.48,-0.06667,0.11997,0.92805,-22.748,-8.964,-12.255,True
ET_01,other,17.490000000000002,-0.1009,0.1747,0.89883,-26.424,-0.37,-13.042,True
ET_01,other,17.5,-0.06941,0.24673,0.9088,-23.945,8.554,-11.897,True
ET_01,other,17.51,-0.01934,0.28187,0.91385,-14.768,15.202,-7.257,True
ET_01,other,17.52,0.07392,0.31919,0.96462,-1.763,20.046,-1.942,True
ET_01,other,17.53,0.17288,0.29484,1.01048,8.958,17.958,4.183,True
ET_01,other,17.54,0.23586,0.25424,1.02547,19.897,13.184,10.245,True
ET_01,other,17.55,0.25721,0.19784,1.02166,26.512,4.106,11.859,True
ET_01,other,17.56,0.2767,0.12502,1.05942,24.209,-3.86,11.574,True
ET_01,other,17.57,0.23944,0.10948,0.98928,20.062,-12.583,10.011,True
ET_01,other,17.580000000000002,0.19746,0.02106,0.99269,10.05,-17.011,5.862,True
ET_01,other,17.59,0.08049,0.02152,0.934,-1.145,-18.661,-1.683,True
ET_01,other,17.6,0.01894,0.04293,0.91967,-12.394,-15.219,-6.106,True
ET_01,other,17.61,-0.04509,0.07246,0.93216,-22.271,-10.152,-10.524,True
ET_01,other,17.62,-0.11996,0.18174,0.89681,-25.855,-1.154,-12.772,True
ET_01,other,17.63,-0.05883,0.23915,0.91636,-23.609,7.346,-11.783,True
ET_01,other,17.64,-0.05276,0.28994,0.92424,-15.889,14.155,-9.053,True
ET_01,other,17.650000000000002,0.05667,0.31353,0.96589,-5.822,18.44,-2.692,True
ET_01,other,17.66,0.12616,0.31034,1.00214,7.025,16.884,3.211,True
ET_01,other,17.67,0.19961,0.27547,1.03694,17.386,13.4,9.102,True
ET_01,other,17.68,0.30681,0.21781,1.05066,23.325,5.928,11.527,True
ET_01,other,17.69,0.26162,0.17784,1.03246,25.109,-3.782,13.815,True
ET_01,other,17.7,0.26252,0.09363,1.03783,19.883,-10.389,10.409,True
ET_01,other,17.71,0.17456,0.03909,0.99981,11.661,-15.714,6.545,True
ET_01,other,17.72,0.09798,0.05518,0.9501,2.014,-17.147,0.193,True
ET_01,other,17.73,0.05154,0.06624,0.92702,-11.931,-15.435,-6.645,True
ET_01,other,17.740000000000002,-0.05949,0.09026,0.89578,-20.831,-10.167,-10.752,True
ET_01,other,17.75,-0.0636,0.13004,0.91707,-23.358,-1.658,-11.974,True
ET_01,other,17.76,-0.0574,0.22513,0.91172,-22.1,7.43,-11.657,True
ET_01,other,17.77,0.00097,0.24128,0.91617,-16.903,12.922,-7.325,True
ET_01,other,17.78,0.0459,0.31096,0.95864,-6.904,17.337,-2.488,True
ET_01,other,17.79,0.13949,0.28977,0.99642,4.022,17.391,1.293,True
ET_01,other,17.8,0.22182,0.29076,1.00921,15.47,13.446,7.671,True
ET_01,other,17.81,0.24766,0.23384,1.02626,21.016,8.158,10.561,True
ET_01,other,17.82,0.27173,0.18518,1.04747,23.058,-1.14,12.675,True
ET_01,other,17.830000000000002,0.27248,0.11966,1.03592,18.478,-9.253,11.769,True
ET_01,other,17.84,0.21269,0.05991,0.99408,10.857,-13.998,6.956,True
ET_01,other,17.85,0.11985,0.037,0.98258,2.685,-18.402,1.964,True
ET_01,other,17.86,0.03975,0.08763,0.95224,-6.724,-17.684,-3.184,True
ET_01,other,17.87,-0.03726,0.11244,0.90006,-16.561,-10.464,-8.177,True
ET_01,other,17.88,-0.07253,0.17411,0.92289,-22.654,-5.229,-9.764,True
ET_01,other,17.89,-0.05915,0.21714,0.9253,-22.083,4.706,-11.517,True
ET_01,other,17.900000000000002,-0.0068,0.22102,0.92803,-18.26,10.435,-9.096,True
ET_01,other,17.91,0.03858,0.29308,0.95256,-9.122,15.875,-3.87,True
ET_01,other,17.92,0.09676,0.30677,0.98371,2.113,17.445,1.96,True
ET_01,other,17.93,0.1932,0.25685,0.98825,12.509,14.211,5.548,True
ET_01,other,17.94,0.25019,0.24365,1.03338,21.362,7.786,10.194,True
ET_01,other,17.95,0.25849,0.15128,1.04051,22.362,0.884,11.478,True
ET_01,other,17.96,0.25678,0.1261,1.00131,19.457,-8.02,10.998,True
ET_01,other,17.97,0.20087,0.06527,0.9946,12.345,-12.089,7.528,True
ET_01,other,17.98,0.15911,0.02955,0.96453,5.223,-15.924,2.046,True
ET_01,other,17.990000000000002,0.04167,0.05871,0.95776,-5.626,-15.507,-3.094,True
ET_01,other,18.0,-0.03455,0.07396,0.92137,-15.507,-12.144,-8.091,True
ET_01,other,18.01,-0.02308,0.14118,0.92,-21.757,-7.256,-9.499,True
ET_01,other,18.02,-0.06405,0.21112,0.90727,-22.801,3.81,-10.729,True
ET_01,other,18.03,-0.01901,0.23663,0.90977,-18.795,10.054,-8.391,True
ET_01,other,18.04,0.04017,0.30014,0.96137,-10.135,15.723,-5.902,True
ET_01,other,18.05,0.07742,0.3062,0.97861,-0.54,14.21,-0.741,True
ET_01,other,18.06,0.16952,0.30639,1.02856,9.567,14.995,4.288,True
ET_01,other,18.07,0.24312,0.2338,1.02456,17.669,10.037,8.812,True
ET_01,other,18.080000000000002,0.25358,0.19664,1.02115,23.605,0.892,11.098,True
ET_01,other,18.09,0.28617,0.14644,1.02387,20.225,-4.939,9.53,True
ET_01,other,18.1,0.20611,0.08484,1.0042,15.399,-12.361,6.141,True
ET_01,other,18.11,0.12686,0.02335,0.98494,5.97,-14.544,3.751,True
ET_01,other,18.12,0.04937,0.08091,0.95917,-5.696,-16.039,-0.917,True
ET_01,other,18.13,0.00338,0.11651,0.92498,-12.762,-11.434,-8.009,True
ET_01,other,18.14,-0.03963,0.11912,0.9415,-18.841,-7.03,-10.221,True
ET_01,other,18.150000000000002,-0.03933,0.1817,0.90197,-21.57,1.596,-10.632,True
ET_01,other,18.16,-0.00339,0.22421,0.92892,-17.291,7.483,-8.516,True
ET_01,other,18.17,-0.00234,0.3025,0.94097,-9.951,13.762,-5.413,True
ET_01,other,18.18,0.07649,0.29185,0.96908,-2.444,14.393,-0.73,True
ET_01,other,18.19,0.20207,0.27066,1.00462,9.044,14.407,5.69,True
ET_01,other,18.2,0.21975,0.23912,1.02675,17.401,10.178,8.192,True
ET_01,other,18.21,0.26258,0.21159,1.03789,20.89,2.666,9.378,True
ET_01,other,18.22,0.26436,0.13837,1.02669,19.23,-4.186,10.591,True
ET_01,other,18.23,0.20602,0.10446,1.01451,13.912,-9.765,8.152,True
ET_01,other,18.240000000000002,0.17836,0.0824,0.97996,7.676,-14.792,3.263,True
ET_01,other,18.25,0.07674,0.02989,0.94127,-1.784,-14.772,-1.358,True
ET_01,other,18.26,0.01863,0.10035,0.93778,-11.275,-12.024,-5.301,True
ET_01,other,18.27,-0.02368,0.13735,0.92906,-18.247,-6.483,-9.683,True
ET_01,other,18.28,-0.04873,0.19097,0.89993,-21.222,-0.294,-9.502,True
ET_01,other,18.29,-0.03718,0.21511,0.92989,-18.671,6.828,-9.444,True
ET_01,other,18.3,0.01361,0.26312,0.94992,-11.943,11.015,-7.0,True
ET_01,other,18.31,0.07955,0.26545,0.91864,-4.17,13.865,-2.55,True
ET_01,other,18.32,0.14774,0.25122,0.97535,7.314,14.199,4.055,True
ET_01,other,18.330000000000002,0.22672,0.27744,1.01517,16.564,11.324,6.878,True
ET_01,other,18.34,0.2462,0.18641,1.03958,19.458,4.072,10.116,True
ET_01,other,18.35,0.29269,0.15954,1.03325,20.549,-1.335,9.616,True
ET_01,other,18.36,0.25695,0.12321,1.0115,15.992,-8.224,7.994,True
ET_01,other,18.37,0.1729,0.07103,1.00179,8.091,-14.342,3.246,True
ET_01,other,18.38,0.11593,0.05596,0.96126,-1.043,-15.637,-1.369,True
ET_01,other,18.39,0.02016,0.09872,0.96623,-11.238,-11.356,-4.255,True
ET_01,other,18.400000000000002,-0.00263,0.1369,0.93053,-17.848,-8.747,-8.822,True
ET_01,other,18.41,-0.05938,0.17029,0.9081,-19.964,-2.153,-8.659,True
ET_01,other,18.42,-0.02817,0.2172,0.89746,-19.007,4.977,-8.741,True
ET_01,other,18.43,-0.0001,0.25942,0.91774,-13.428,10.407,-5.747,True
ET_01,other,18.44,0.07169,0.28557,0.93865,-3.808,14.383,-0.427,True
ET_01,other,18.45,0.12782,0.25713,0.98343,4.93,15.004,2.4,True
ET_01,other,18.46,0.21211,0.25538,1.01416,13.932,10.263,6.992,True
ET_01,other,18.47,0.23962,0.21855,1.00896,18.981,6.757,8.97,True
ET_01,other,18.48,0.23007,0.18331,1.02522,19.229,-0.693,10.34,True
ET_01,other,18.490000000000002,0.23006,0.1145,1.02477,16.395,-9.294,9.796,True
ET_01,other,18.5,0.16899,0.07747,1.00274,11.231,-12.914,5.228,True
ET_01,other,18.51,0.10363,0.06773,0.96218,1.063,-14.925,-0.729,True
ET_01,other,18.52,0.0671,0.08098,0.92789,-9.737,-13.909,-2.239,True
ET_01,other,18.53,0.00258,0.09852,0.92095,-15.995,-10.827,-8.126,True
ET_01,other,18.54,-0.03549,0.18869,0.90391,-19.739,-2.203,-10.45,True
ET_01,other,18.55,-0.02765,0.24061,0.93765,-20.069,3.695,-9.028,True
ET_01,other,18.56,0.00847,0.26284,0.91194,-15.094,12.335,-6.648,True
ET_01,other,18.57,0.06746,0.27238,0.96365,-6.781,14.039,-2.875,True
ET_01,other,18.580000000000002,0.13057,0.27133,0.96948,0.829,12.952,0.911,True
ET_01,other,18.59,0.19058,0.2586,0.98803,12.801,12.181,7.843,True
ET_01,other,18.6,0.25639,0.24108,1.00415,17.663,6.941,7.737,True
ET_01,other,18.61,0.25094,0.17776,1.02694,19.995,0.134,9.696,True
ET_01,other,18.62,0.23767,0.12904,1.01492,16.99,-7.619,8.335,True
ET_01,other,18.63,0.19978,0.0855,1.01541,10.768,-12.796,6.385,True
ET_01,other,18.64,0.12714,0.08963,0.96214,3.02,-15.527,1.527,True
ET_01,other,18.650000000000002,0.06486,0.0568,0.9478,-6.986,-12.266,-2.273,True
ET_01,other,18.66,-0.01522,0.11838,0.94673,-14.876,-9.225,-7.413,True
ET_01,other,18.67,-0.01514,0.12784,0.92778,-19.058,-4.948,-8.967,True
ET_01,other,18.68,-0.05308,0.22182,0.93714,-18.943,2.328,-9.522,True
ET_01,other,18.69,0.00959,0.25697,0.9353,-15.722,9.476,-6.27,True
ET_01,other,18.7,0.04811,0.2528,0.9226,-8.463,13.668,-2.626,True
ET_01,other,18.71,0.12599,0.27604,0.99373,1.439,15.381,1.003,True
ET_01,other,18.72,0.19631,0.26099,1.00301,10.72,12.211,4.885,True
ET_01,other,18.73,0.22052,0.25913,0.99829,16.143,6.826,9.525,True
ET_01,other,18.740000000000002,0.22642,0.21673,1.01809,19.331,1.622,11.112,True
ET_01,other,18.75,0.22044,0.14785,1.01143,18.13,-5.41,9.138,True
ET_01,other,18.76,0.17807,0.08573,1.01541,12.179,-10.867,5.66,True
ET_01,other,18.77,0.13339,0.09426,0.98514,2.567,-15.888,1.85,True
ET_01,other,18.78,0.07665,0.08799,0.96532,-2.872,-13.773,-2.617,True
ET_01,other,18.79,0.0274,0.08882,0.93184,-12.73,-10.553,-5.83,True
ET_01,other,18.8,-0.0283,0.16761,0.92187,-18.958,-4.763,-8.89,True
ET_01,other,18.81,-0.03563,0.19793,0.89277,-19.044,2.869,-10.336,True
ET_01,other,18.82,0.00278,0.22126,0.91016,-17.458,6.948,-8.003,True
ET_01,other,18.830000000000002,0.04395,0.27988,0.92196,-8.626,11.463,-3.927,True
ET_01,other,18.84,0.1072,0.27833,0.95639,-0.662,15.074,1.233,True
ET_01,other,18.85,0.18072,0.26326,1.00287,9.963,12.849,4.312,True
ET_01,other,18.86,0.2132,0.25349,1.00166,16.165,7.843,7.767,True
ET_01,other,18.87,0.25802,0.19077,0.99337,19.475,3.697,8.419,True
ET_01,other,18.88,0.25423,0.14346,1.04059,17.867,-4.481,9.554,True
ET_01,other,18.89,0.22973,0.11181,0.99895,14.672,-10.08,7.004,True
ET_01,other,18.900000000000002,0.17661,0.07239,0.95377,6.636,-13.066,1.786,True
ET_01,other,18.91,0.0977,0.07013,0.95908,-4.705,-14.652,-1.647,True
ET_01,other,18.92,0.01399,0.11242,0.90339,-13.047,-11.321,-5.958,True
ET_01,other,18.93,-0.01872,0.14168,0.90543,-17.967,-6.496,-7.725,True
ET_01,other,18.94,-0.02338,0.21599,0.90834,-20.806,0.786,-10.256,True
ET_01,other,18.95,0.01655,0.23019,0.93557,-18.601,7.052,-9.876,True
ET_01,other,18.96,0.04396,0.29424,0.9531,-9.986,12.415,-5.722,True
ET_01,other,18.97,0.09637,0.30614,0.97802,-2.319,15.214,0.24,True
ET_01,other,18.98,0.17621,0.27115,0.98641,7.809,14.435,4.089,True
ET_01,other,18.990000000000002,0.23447,0.24497,1.01608,15.345,10.808,6.416,True
ET_01,other,19.0,0.27433,0.20348,1.00441,19.893,2.158,8.555,True
ET_01,other,19.01,0.25826,0.17082,1.02412,19.383,-3.13,9.364,True
ET_01,other,19.02,0.25742,0.13277,1.00266,15.713,-9.208,7.115,True
ET_01,other,19.03,0.19502,0.07458,0.99006,7.223,-13.222,3.486,True
ET_01,other,19.04,0.09277,0.08122,0.95927,-2.974,-14.424,-0.541,True
ET_01,other,19.05,0.04453,0.09724,0.95066,-12.007,-11.345,-3.776,True
ET_01,other,19.06,-0.0201,0.12927,0.90682,-18.882,-8.431,-8.523,True
ET_01,other,19.07,-0.00011,0.18204,0.88831,-20.412,0.428,-10.091,True
ET_01,other,19.080000000000002,-0.00505,0.25514,0.91638,-17.33,7.017,-8.812,True
ET_01,other,19.09,0.04571,0.28455,0.95183,-13.271,11.488,-6.159,True
ET_01,other,19.1,0.08839,0.30115,0.96247,-4.224,14.165,-1.754,True
ET_01,other,19.11,0.16493,0.30618,0.99942,6.853,15.271,3.784,True
ET_01,other,19.12,0.23764,0.26569,0.99902,15.232,10.405,6.744,True
ET_01,other,19.13,0.30513,0.21705,0.99439,19.258,3.748,9.132,True
ET_01,other,19.14,0.26861,0.17993,1.00964,20.972,-3.155,10.947,True
ET_01,other,19.150000000000002,0.23615,0.15151,1.0116,16.117,-7.825,8.096,True
ET_01,other,19.16,0.1854,0.08159,0.98798,9.792,-12.419,5.065,True
ET_01,other,19.17,0.10494,0.07301,0.95378,-0.897,-15.051,-1.894,True
ET_01,other,19.18,0.02916,0.06338,0.90998,-9.304,-13.281,-5.075,True
ET_01,other,19.19,0.00623,0.14222,0.91937,-18.276,-8.898,-8.011,True
ET_01,other,19.2,-0.00014,0.16328,0.92533,-19.008,-2.27,-10.739,True
ET_01,other,19.21,-0.00796,0.22879,0.92502,-20.73,4.286,-10.136,True
ET_01,other,19.22,0.02177,0.2714,0.94644,-13.937,13.221,-6.221,True
ET_01,other,19.23,0.08175,0.31545,0.96372,-4.612,13.437,-1.406,True
ET_01,other,19.240000000000002,0.12161,0.3009,0.99513,4.188,14.695,1.912,True
ET_01,other,19.25,0.248,0.25531,0.99989,14.713,12.09,5.45,True
ET_01,other,19.26,0.243,0.24813,1.02313,18.938,5.613,8.337,True
ET_01,other,19.27,0.28843,0.17624,1.02011,22.841,-1.551,10.72,True
ET_01,other,19.28,0.27665,0.15111,0.99352,18.04,-8.92,8.092,True
ET_01,other,19.29,0.19179,0.07951,0.99016,11.146,-13.223,4.44,True
ET_01,other,19.3,0.13359,0.0973,1.00549,0.628,-14.497,1.216,True
ET_01,other,19.31,0.04421,0.09943,0.94279,-9.302,-15.309,-3.81,True
ET_01,other,19.32,0.0259,0.14173,0.90888,-19.107,-8.807,-8.334,True
ET_01,other,19.330000000000002,-0.04551,0.15954,0.91721,-21.849,-1.191,-9.969,True
ET_01,other,19.34,-0.02512,0.19017,0.89236,-21.256,4.814,-10.265,True
ET_01,other,19.35,0.01945,0.28474,0.91753,-13.621,10.981,-8.161,True
ET_01,other,19.36,0.08955,0.29397,0.94239,-7.498,15.243,-4.538,True
ET_01,other,19.37,0.17367,0.28406,0.97226,2.718,16.374,1.382,True
ET_01,other,19.38,0.21951,0.30956,1.0206,12.318,12.318,5.627,True
ET_01,other,19.39,0.24685,0.23755,1.01425,18.492,7.23,11.049,True
ET_01,other,19.400000000000002,0.28619,0.20699,1.0179,23.329,1.349,9.982,True
ET_01,other,19.41,0.26787,0.14365,1.01253,18.1,-8.017,9.028,True
ET_01,other,19.42,0.22231,0.08853,1.00394,12.446,-13.434,6.603,True
ET_01,other,19.43,0.17007,0.04359,0.97161,4.847,-15.125,1.854,True
ET_01,other,19.44,0.03734,0.08032,0.92035,-6.838,-15.532,-4.415,True
ET_01,other,19.45,0.01108,0.09205,0.95515,-14.825,-11.392,-8.349,True
ET_01,other,19.46,-0.00762,0.16934,0.90625,-21.56,-4.72,-11.606,True
ET_01,other,19.47,-0.04209,0.22192,0.90172,-22.597,2.864,-9.357,True
ET_01,other,19.48,0.00466,0.27356,0.91763,-17.61,10.595,-9.174,True
ET_01,other,19.490000000000002,0.06656,0.35547,0.93888,-10.487,14.999,-4.747,True
ET_01,other,19.5,0.12215,0.31473,0.96162,2.622,17.006,0.623,True
ET_01,other,19.51,0.21057,0.30559,0.99837,11.518,13.835,4.833,True
ET_01,other,19.52,0.28356,0.27185,1.01183,18.349,8.272,9.031,True
ET_01,other,19.53,0.29314,0.20405,1.00909,22.135,0.633,10.805,True
ET_01,other,19.54,0.32191,0.15446,0.99106,22.515,-5.544,11.754,True
ET_01,other,19.55,0.23915,0.10598,0.99365,14.01,-11.837,6.363,True
ET_01,other,19.56,0.18308,0.08768,0.98469,4.947,-15.173,3.288,True
ET_01,other,19.57,0.08725,0.08026,0.93485,-4.721,-16.648,-3.039,True
ET_01,other,19.580000000000002,0.02906,0.07442,0.92483,-14.112,-11.969,-8.071,True
ET_01,other,19.59,-0.04934,0.15585,0.87526,-19.422,-6.385,-10.835,True
ET_01,other,19.6,-0.03986,0.19953,0.88091,-22.836,1.939,-9.759,True
ET_01,other,19.61,0.01348,0.2836,0.87329,-18.458,8.685,-9.31,True
ET_01,other,19.62,0.0442,0.28708,0.90729,-11.996,15.031,-5.928,True
ET_01,other,19.63,0.13697,0.36107,0.95321,-1.329,18.134,-0.855,True
ET_01,other,19.64,0.21802,0.30353,0.95078,10.998,14.811,4.03,True
ET_01,other,19.650000000000002,0.3078,0.24378,1.0018,16.708,10.787,9.322,True
ET_01,other,19.66,0.29649,0.2124,1.0018,22.013,4.554,10.202,True
ET_01,other,19.67,0.31929,0.14445,1.0175,22.32,-4.444,11.546,True
ET_01,other,19.68,0.27876,0.1203,0.99566,17.299,-11.846,7.351,True
ET_01,other,19.69,0.20614,0.08643,0.95473,7.545,-16.756,4.287,True
ET_01,other,19.7,0.11498,0.06132,0.93735,-3.001,-17.871,-2.021,True
ET_01,other,19.71,0.05389,0.11473,0.91603,-12.723,-15.767,-6.836,True
ET_01,other,19.72,-0.01051,0.1477,0.91221,-21.309,-8.058,-10.559,True
ET_01,other,19.73,-0.05845,0.20213,0.87683,-24.899,1.307,-10.903,True
ET_01,other,19.740000000000002,-0.02184,0.24619,0.90226,-20.616,8.076,-9.925,True
ET_01,other,19.75,0.03365,0.29952,0.93531,-12.793,13.347,-5.36,True
ET_01,other,19.76,0.12779,0.32989,0.93335,-2.516,18.866,-2.174,True
ET_01,other,19.77,0.20057,0.29508,0.97208,8.472,15.987,3.338,True
ET_01,other,19.78,0.26917,0.27894,1.00171,19.277,10.219,8.472,True
ET_01,other,19.79,0.3192,0.23776,1.01109,24.214,5.781,11.264,True
ET_01,other,19.8,0.32959,0.18273,1.04496,23.565,-3.904,11.467,True
ET_01,other,19.81,0.27592,0.09087,1.00879,18.715,-11.596,10.285,True
ET_01,other,19.82,0.22299,0.06342,1.00189,9.737,-18.195,6.005,True
ET_01,other,19.830000000000002,0.14752,0.05098,0.97007,-2.286,-17.895,-1.667,True
ET_01,other,19.84,0.06621,0.08698,0.91644,-11.817,-14.564,-7.128,True
ET_01,other,19.85,-0.02551,0.10917,0.90405,-22.29,-10.394,-10.647,True
ET_01,other,19.86,-0.04327,0.2048,0.87465,-24.237,-0.732,-12.386,True
ET_01,other,19.87,-0.02348,0.24051,0.90678,-23.787,8.731,-11.5,True
ET_01,other,19.88,0.02872,0.32981,0.886,-14.589,14.427,-5.808,True
ET_01,other,19.89,0.10423,0.31147,0.94456,-5.663,18.311,-3.37,True
ET_01,other,19.900000000000002,0.20985,0.33812,0.96384,6.851,18.392,4.601,True
ET_01,other,19.91,0.24588,0.27974,0.99236,16.078,13.364,7.983,True
ET_01,other,19.92,0.30864,0.2273,1.02341,24.787,7.555,12.837,True
ET_01,other,19.93,0.35698,0.14826,1.00385,26.082,-2.223,12.165,True
ET_01,other,19.94,0.30114,0.11951,1.00327,21.075,-10.604,10.524,True
ET_01,other,19.95,0.24546,0.11153,0.97594,12.338,-16.381,6.885,True
ET_01,other,19.96,0.14399,0.04396,0.93102,-0.252,-19.003,-1.566,True
ET_01,other,19.97,0.06059,0.085,0.91286,-11.633,-17.363,-5.867,True
ET_01,other,19.98,0.00225,0.12677,0.88769,-20.135,-10.168,-11.895,True
ET_01,other,19.990000000000002,-0.0293,0.20539,0.86356,-25.556,-2.885,-12.655,True
ET_01,other,20.0,-0.05397,0.22611,0.87811,-22.49,6.517,-13.53,True
ET_01,other,20.01,0.01086,0.30892,0.9008,-18.208,13.994,-7.756,True
ET_01,other,20.02,0.11798,0.33286,0.90904,-6.536,17.71,-2.9,True
ET_01,other,20.03,0.19148,0.35737,0.95403,5.076,20.665,3.796,True
ET_01,other,20.04,0.27069,0.31499,0.95998,16.5,14.852,7.637,True
ET_01,other,20.05,0.33065,0.26076,1.0308,24.16,8.351,12.434,True
ET_01,other,20.06,0.3424,0.21691,1.00083,26.536,-1.221,13.917,True
ET_01,other,20.07,0.34557,0.1374,0.99162,24.78,-9.924,11.596,True
ET_01,other,20.080000000000002,0.26983,0.07492,0.97876,13.785,-16.022,7.582,True
ET_01,other,20.09,0.17991,0.04532,0.95349,2.442,-19.183,1.508,True
ET_01,other,20.1,0.09139,0.05193,0.90327,-10.606,-17.883,-6.413,True
ET_01,other,20.11,-0.00966,0.08326,0.89551,-20.706,-12.733,-10.498,True
ET_01,other,20.12,-0.06378,0.17122,0.9016,-27.158,-3.21,-12.817,True
ET_01,other,20.13,-0.01295,0.22946,0.8755,-26.3,4.925,-11.516,True
ET_01,other,20.14,0.00714,0.30637,0.89187,-21.493,12.924,-9.087,True
ET_01,other,20.150000000000002,0.07072,0.3485,0.90434,-10.623,20.451,-6.62,True
ET_01,other,20.16,0.19278,0.359,0.95644,3.408,20.251,1.814,True
ET_01,other,20.17,0.25452,0.32179,0.98651,14.758,16.392,7.933,True
ET_01,other,20.18,0.32954,0.28395,1.02104,25.644,10.405,11.789,True
ET_01,other,20.19,0.37595,0.22944,1.00321,27.465,0.321,15.383,True
ET_01,other,20.2,0.36982,0.16765,0.9979,25.787,-8.736,12.947,True
ET_01,other,20.21,0.28269,0.1012,0.97994,16.324,-15.488,7.822,True
ET_01,other,20.22,0.18598,0.05968,0.96001,4.25,-20.506,1.989,True
ET_01,other,20.23,0.06548,0.04951,0.91058,-8.769,-19.857,-4.133,True
ET_01,other,20.240000000000002,0.01521,0.10378,0.87259,-19.796,-14.453,-8.798,True
ET_01,other,20.25,-0.03491,0.15032,0.85342,-28.083,-8.378,-13.914,True
ET_01,other,20.26,-0.02949,0.2251,0.87352,-28.492,3.148,-14.853,True
ET_01,other,20.27,-0.0168,0.29982,0.8863,-23.21,11.934,-10.564,True
ET_01,other,20.28,0.06184,0.31096,0.91237,-13.437,20.064,-5.378,True
ET_01,other,20.29,0.154,0.3589,0.97347,1.86,22.1,-1.107,True
ET_01,other,20.3,0.25342,0.33688,0.96536,13.17,17.235,6.851,True
ET_01,other,20.31,0.3568,0.30152,0.98899,23.552,11.621,11.571,True
ET_01,other,20.32,0.36199,0.21147,1.03074,29.954,3.23,13.878,True
ET_01,other,20.330000000000002,0.37402,0.14327,1.02646,26.418,-7.267,13.727,True
ET_01,other,20.34,0.30556,0.07129,1.02057,19.253,-16.58,10.029,True
ET_01,other,20.35,0.23549,0.04005,0.95288,8.855,-21.353,4.155,True
ET_01,other,20.36,0.1143,0.04654,0.91288,-5.528,-20.593,-3.156,True
ET_01,other,20.37,0.00584,0.10509,0.89312,-19.619,-16.135,-8.688,True
ET_01,other,20.38,-0.03857,0.15618,0.8857,-26.084,-8.121,-13.012,True
ET_01,other,20.39,-0.05237,0.18508,0.84176,-29.956,1.366,-14.56,True
ET_01,other,20.400000000000002,-0.03207,0.3031,0.90116,-24.393,11.807,-13.116,True
ET_01,other,20.41,0.05686,0.36906,0.892,-16.271,18.528,-9.218,True
ET_01,other,20.42,0.14265,0.39793,0.95086,-1.32,21.93,-0.144,True
ET_01,other,20.43,0.25926,0.34498,0.97783,10.942,19.676,6.481,True
ET_01,other,20.44,0.3377,0.28793,0.99335,24.566,14.431,12.47,True
ET_01,other,20.45,0.37263,0.22193,1.04871,28.467,3.06,14.685,True
ET_01,other,20.46,0.35065,0.17025,1.01598,29.81,-5.99,14.173,True
ET_01,other,20.47,0.32896,0.08623,0.98161,21.38,-15.457,11.045,True
ET_01,other,20.48,0.23921,0.0568,0.97856,10.28,-20.689,5.02,True
ET_01,other,20.490000000000002,0.13591,0.04874,0.8977,-4.963,-21.686,-1.466,True
ET_01,other,20.5,0.04786,0.0546,0.90313,-17.317,-17.206,-8.431,True
ET_01,other,20.51,-0.00196,0.14231,0.8994,-27.191,-9.639,-13.735,True
ET_01,other,20.52,-0.02642,0.20558,0.84712,-31.498,-2.036,-14.528,True
ET_01,other,20.53,-0.05714,0.28008,0.86211,-27.142,8.76,-13.68,True
ET_01,other,20.54,0.03938,0.34508,0.89126,-16.677,17.896,-9.125,True
ET_01,other,20.55,0.14419,0.38114,0.94119,-4.637,22.376,-3.372,True
ET_01,other,20.56,0.25163,0.36756,0.96966,8.348,20.839,5.712,True
ET_01,other,20.57,0.36612,0.33109,1.00944,21.072,16.273,9.772,True
ET_01,other,20.580000000000002,0.41492,0.26395,1.01736,30.079,6.639,13.786,True
ET_01,other,20.59,0.36169,0.17708,1.03817,29.012,-4.656,15.535,True
ET_01,other,20.6,0.36626,0.10152,1.00905,24.626,-14.196,12.005,True
ET_01,other,20.61,0.25052,0.04588,0.96087,12.625,-20.575,6.601,True
ET_01,other,20.62,0.19471,0.0299,0.89721,-1.537,-23.526,-1.523,True
ET_01,other,20.63,0.04749,0.07164,0.88005,-15.225,-18.519,-8.364,True
ET_01,other,20.64,-0.0292,0.12196,0.88343,-26.124,-13.48,-13.008,True
ET_01,other,20.650000000000002,-0.03915,0.18618,0.87435,-32.505,-2.086,-15.831,True
ET_01,other,20.66,-0.0381,0.27204,0.86069,-28.86,8.517,-14.55,True
ET_01,other,20.67,0.02298,0.32078,0.88444,-20.831,16.733,-9.733,True
ET_01,other,20.68,0.12329,0.37507,0.92217,-7.362,20.844,-4.086,True
ET_01,other,20.69,0.20076,0.38007,0.93982,6.758,22.517,5.196,True
ET_01,other,20.7,0.31893,0.32123,0.98512,20.785,17.229,10.495,True
ET_01,other,20.71,0.3805,0.2546,0.99376,29.652,6.9,14.307,True
ET_01,other,20.72,0.37321,0.20182,1.01189,30.089,-1.951,15.183,True
ET_01,other,20.73,0.35545,0.10272,1.01818,26.735,-13.767,12.874,True
ET_01,other,20.740000000000002,0.27133,0.04734,0.99613,16.119,-19.988,6.993,True
ET_01,other,20.75,0.19252,0.02789,0.94585,0.64,-23.055,0.496,True
ET_01,other,20.76,0.05526,0.08036,0.88247,-14.344,-21.953,-8.753,True
ET_01,other,20.77,-0.01889,0.11854,0.88728,-26.033,-15.144,-11.706,True
ET_01,other,20.78,-0.04197,0.15705,0.83997,-32.586,-4.463,-15.629,True
ET_01,other,20.79,-0.08106,0.25398,0.85152,-31.189,7.448,-16.039,True
ET_01,other,20.8,0.00456,0.3521,0.89446,-23.305,16.663,-11.411,True
ET_01,other,20.81,0.13431,0.40457,0.88816,-10.072,21.776,-5.903,True
ET_01,other,20.82,0.23051,0.38939,0.93651,5.594,23.409,3.73,True
ET_01,other,20.830000000000002,0.31235,0.35277,0.98338,20.477,19.122,8.232,True
ET_01,other,20.84,0.38241,0.26428,1.01175,29.789,9.362,14.772,True
ET_01,other,20.85,0.39826,0.22195,1.04013,32.923,-0.303,14.953,True
ET_01,other,20.86,0.38966,0.14329,1.03579,28.474,-12.837,15.107,True
ET_01,other,20.87,0.34291,0.06786,0.97791,19.128,-17.656,8.399,True
ET_01,other,20.88,0.18825,0.02215,0.94357,4.361,-24.834,1.672,True
ET_01,other,20.89,0.09692,0.07924,0.86697,-11.86,-20.844,-4.382,True
ET_01,other,20.900000000000002,0.0108,0.1091,0.89189,-23.118,-16.89,-12.193,True
ET_01,other,20.91,-0.0676,0.18142,0.88118,-31.96,-5.39,-15.17,True
ET_01,other,20.92,-0.04647,0.26104,0.865,-31.216,4.932,-16.451,True
ET_01,other,20.93,-0.00141,0.3313,0.88351,-24.21,16.394,-12.717,True
ET_01,other,20.94,0.11646,0.36027,0.89949,-12.825,21.222,-6.856,True
ET_01,other,20.95,0.18895,0.3994,0.94104,2.776,24.318,1.831,True
ET_01,other,20.96,0.30794,0.36446,0.99258,17.981,20.697,8.15,True
ET_01,other,20.97,0.39051,0.31094,0.99424,27.201,10.806,13.732,True
ET_01,other,20.98,0.41413,0.23127,0.99666,32.211,0.844,17.146,True
ET_01,other,20.990000000000002,0.41633,0.14897,1.00867,30.494,-9.966,14.347,True
ET_01,other,21.0,0.33221,0.09946,0.99211,20.763,-18.649,9.911,True
ET_01,other,21.01,0.22429,0.02706,0.94768,6.931,-23.624,4.381,True
ET_01,other,21.02,0.13509,0.0385,0.9097,-9.125,-23.257,-4.769,True
ET_01,other,21.03,-0.01437,0.10579,0.85731,-22.552,-17.213,-8.548,True
ET_01,other,21.04,-0.04131,0.16083,0.81946,-32.118,-7.351,-16.397,True
ET_01,other,21.05,-0.05995,0.20178,0.84619,-34.124,2.969,-16.205,True
ET_01,other,21.06,-0.01348,0.28403,0.85402,-26.598,13.116,-13.535,True
ET_01,other,21.07,0.07097,0.37165,0.89037,-14.903,20.546,-6.907,True
ET_01,other,21.080000000000002,0.17526,0.39246,0.95712,0.999,23.687,0.806,True
ET_01,other,21.09,0.3028,0.38827,0.97604,13.439,22.976,9.049,True
ET_01,other,21.1,0.36959,0.29473,1.00455,26.21,13.126,13.122,True
ET_01,other,21.11,0.40905,0.26007,1.00334,33.351,4.422,16.086,True
ET_01,other,21.12,0.41892,0.15887,1.00667,31.349,-7.954,15.247,True
ET_01,other,21.13,0.36684,0.07871,0.99243,23.262,-16.457,12.222,True
ET_01,other,21.14,0.22712,0.05375,0.93877,8.481,-22.212,4.265,True
ET_01,other,21.150000000000002,0.1583,0.05056,0.90565,-6.245,-24.726,-2.328,True
ET_01,other,21.16,0.02591,0.07822,0.86361,-20.943,-18.464,-10.448,True
ET_01,other,21.17,-0.03828,0.15101,0.85342,-30.047,-8.917,-14.665,True
ET_01,other,21.18,-0.0872,0.21261,0.86283,-31.999,1.024,-16.223,True
ET_01,other,21.19,-0.02728,0.31249,0.85603,-29.38,11.345,-13.753,True
ET_01,other,21.2,0.06176,0.37615,0.88605,-17.364,20.478,-8.419,True
ET_01,other,21.21,0.15699,0.41393,0.9287,-2.562,22.878,-0.456,True
ET_01,other,21.22,0.30627,0.37594,0.95713,11.623,22.262,6.879,True
ET_01,other,21.23,0.35586,0.33961,1.00382,24.771,16.527,12.76,True
ET_01,other,21.240000000000002,0.45085,0.26773,1.01908,31.363,5.26,16.179,True
ET_01,other,21.25,0.41094,0.18105,1.01259,30.829,-6.713,16.754,True
ET_01,other,21.26,0.36167,0.094,0.99505,26.57,-17.275,11.223,True
ET_01,other,21.27,0.29125,0.05257,0.9515,11.52,-22.923,5.438,True
ET_01,other,21.28,0.14961,0.04874,0.9411,-4.676,-23.263,-1.968,True
ET_01,other,21.29,0.04068,0.08171,0.90186,-17.471,-21.411,-8.973,True
ET_01,other,21.3,-0.03135,0.13316,0.83363,-28.406,-12.028,-15.803,True
ET_01,other,21.31,-0.03323,0.19983,0.83233,-32.783,-0.35,-16.066,True
ET_01,other,21.32,-0.02451,0.27877,0.84063,-27.891,11.242,-14.119,True
ET_01,other,21.330000000000002,0.03515,0.34295,0.8914,-19.3,19.946,-10.027,True
ET_01,other,21.34,0.14196,0.38712,0.9126,-5.043,23.569,-1.679,True
ET_01,other,21.35,0.25361,0.3893,0.96387,9.296,25.232,5.777,True
ET_01,other,21.36,0.37605,0.33147,0.99148,22.787,17.464,12.92,True
ET_01,other,21.37,0.40629,0.28114,1.01283,32.917,6.276,17.032,True
ET_01,other,21.38,0.43864,0.16503,1.00575,32.787,-3.053,15.891,True
ET_01,other,21.39,0.39041,0.12007,1.00884,26.715,-14.285,13.388,True
ET_01,other,21.400000000000002,0.32655,0.05268,0.99004,14.091,-22.617,7.188,True
ET_01,other,21.41,0.17091,0.05902,0.92037,-0.68,-23.227,-1.091,True
ET_01,other,21.42,0.06521,0.06387,0.91738,-16.236,-21.449,-8.19,True
ET_01,other,21.43,-0.00739,0.11515,0.83677,-27.222,-12.176,-13.258,True
ET_01,other,21.44,-0.08245,0.21804,0.84884,-32.888,-2.231,-15.922,True
ET_01,other,21.45,-0.01852,0.2823,0.8731,-31.12,9.217,-15.448,True
ET_01,other,21.46,0.03343,0.34586,0.87991,-21.471,18.204,-10.453,True
ET_01,other,21.47,0.12191,0.38012,0.9102,-8.364,23.787,-2.905,True
ET_01,other,21.48,0.26665,0.39132,0.96855,7.024,23.512,2.861,True
ET_01,other,21.490000000000002,0.3462,0.37123,0.98233,20.2,19.182,9.19,True
ET_01,other,21.5,0.39923,0.26954,0.99448,30.465,8.991,14.77,True
ET_01,other,21.51,0.42748,0.2078,1.01583,33.842,-2.601,17.26,True
ET_01,other,21.52,0.38538,0.12528,1.00862,27.377,-12.71,14.339,True
ET_01,other,21.53,0.28199,0.08045,0.96863,16.354,-21.7,8.312,True
ET_01,other,21.54,0.2214,0.03881,0.94355,2.734,-23.207,1.15,True
ET_01,other,21.55,0.08923,0.05815,0.9163,-13.347,-22.502,-7.081,True
ET_01,other,21.56,0.01981,0.1107,0.90104,-25.611,-15.07,-13.259,True
ET_01,other,21.57,-0.00862,0.21524,0.83369,-32.696,-5.395,-16.783,True
ET_01,other,21.580000000000002,-0.01046,0.2737,0.86893,-30.976,7.189,-14.51,True
ET_01,other,21.59,0.02584,0.37432,0.8715,-23.998,16.556,-11.781,True
ET_01,other,21.6,0.11312,0.41221,0.88872,-10.492,22.772,-5.178,True
ET_01,other,21.61,0.24142,0.38812,0.92623,5.245,22.036,2.454,True
ET_01,other,21.62,0.32444,0.37632,0.97864,17.968,19.422,9.863,True
ET_01,other,21.63,0.39539,0.28163,1.01479,27.249,11.353,14.318,True
ET_01,other,21.64,0.42188,0.24968,1.00382,34.034,-0.706,16.973,True
ET_01,other,21.650000000000002,0.42471,0.16132,0.98794,28.343,-11.919,15.107,True
ET_01,other,21.66,0.326,0.09447,0.96526,18.416,-19.181,9.931,True
ET_01,other,21.67,0.22662,0.04269,0.9386,4.814,-23.355,1.985,True
ET_01,other,21.68,0.1037,0.04927,0.89344,-10.549,-20.964,-6.005,True
ET_01,other,21.69,0.0404,0.10417,0.85041,-21.876,-14.93,-11.514,True
ET_01,other,21.7,-0.06036,0.17044,0.84937,-30.396,-7.547,-15.946,True
ET_01,other,21.71,-0.05474,0.24775,0.86755,-31.29,5.635,-16.158,True
ET_01,other,21.72,0.01646,0.31944,0.86355,-24.309,15.225,-12.41,True
ET_01,other,21.73,0.06981,0.37235,0.88599,-13.471,21.993,-7.288,True
ET_01,other,21.740000000000002,0.2219,0.37299,0.93162,1.807,23.204,0.589,True
ET_01,other,21.75,0.32225,0.36807,0.97539,15.469,20.557,7.133,True
ET_01,other,21.76,0.38849,0.34915,1.01418,26.8,12.071,13.09,True
ET_01,other,21.77,0.44172,0.23763,1.01011,30.585,1.857,14.212,True
ET_01,other,21.78,0.4142,0.1527,1.01061,27.829,-8.095,14.882,True
ET_01,other,21.79,0.36122,0.07747,0.99293,20.006,-17.474,10.886,True
ET_01,other,21.8,0.24982,0.05953,0.91107,6.234,-21.967,3.935,True
ET_01,other,21.81,0.1557,0.06175,0.93299,-9.175,-22.212,-2.539,True
ET_01,other,21.82,0.04915,0.06853,0.88407,-20.534,-17.705,-9.999,True
ET_01,other,21.830000000000002,-0.0407,0.16914,0.83907,-29.858,-8.34,-12.868,True
ET_01,other,21.84,-0.02263,0.23981,0.85352,-30.293,3.116,-15.341,True
ET_01,other,21.85,-0.01697,0.30731,0.83391,-25.826,12.623,-12.249,True
ET_01,other,21.86,0.07343,0.38545,0.87637,-16.144,19.166,-6.189,True
ET_01,other,21.87,0.2048,0.40011,0.91229,-1.281,21.788,-1.645,True
ET_01,other,21.88,0.29992,0.39487,0.94735,13.248,19.883,6.041,True
ET_01,other,21.89,0.37315,0.33873,0.97922,24.655,12.422,10.992,True
ET_01,other,21.900000000000002,0.40427,0.2365,1.02024,30.417,2.958,15.004,True
ET_01,other,21.91,0.42822,0.16593,1.01733,30.247,-6.512,15.25,True
ET_01,other,21.92,0.32942,0.10009,0.98984,22.332,-16.345,9.003,True
ET_01,other,21.93,0.2608,0.04911,0.95696,10.565,-20.597,5.917,True
ET_01,other,21.94,0.12457,0.06861,0.9294,-4.517,-24.005,-2.665,True
ET_01,other,21.95,0.04908,0.04834,0.87767,-18.222,-18.603,-9.041,True
ET_01,other,21.96,-0.01354,0.14755,0.85099,-28.284,-9.823,-14.402,True
ET_01,other,21.97,-0.02279,0.2278,0.85306,-30.167,1.061,-13.047,True
ET_01,other,21.98,-0.00644,0.28555,0.84835,-26.252,11.465,-12.931,True
ET_01,other,21.990000000000002,0.09203,0.35253,0.86678,-15.197,18.357,-9.182,True
ET_01,other,22.0,0.15789,0.3704,0.90409,-2.679,21.012,-2.734,True
ET_01,other,22.01,0.25359,0.38191,0.93612,10.353,20.351,4.759,True
ET_01,other,22.02,0.34072,0.31509,0.96476,22.923,15.816,11.249,True
ET_01,other,22.03,0.41082,0.25577,0.9911,29.068,6.684,12.819,True
ET_01,other,22.04,0.4057,0.22099,1.00476,29.305,-3.222,14.489,True
ET_01,other,22.05,0.36572,0.13481,0.97626,21.548,-13.152,11.003,True
ET_01,other,22.06,0.26559,0.06261,0.97142,11.515,-20.238,5.155,True
ET_01,other,22.07,0.18857,0.06271,0.92104,-3.353,-21.168,-2.034,True
ET_01,other,22.080000000000002,0.09966,0.08696,0.88496,-15.051,-17.85,-8.202,True
ET_01,other,22.09,0.04186,0.13983,0.87383,-25.641,-11.047,-12.502,True
ET_01,other,22.1,-0.00907,0.20068,0.84066,-29.432,-0.162,-15.516,True
ET_01,other,22.11,0.01925,0.2803,0.86458,-27.481,9.257,-12.925,True
ET_01,other,22.12,0.09012,0.3553,0.84627,-17.533,17.122,-7.35,True
ET_01,other,22.13,0.16189,0.37937,0.91205,-5.995,21.794,-3.157,True
ET_01,other,22.14,0.24895,0.37314,0.91136,8.546,20.34,4.906,True
ET_01,other,22.150000000000002,0.33678,0.34884,0.96867,21.265,17.258,10.144,True
ET_01,other,22.16,0.43367,0.27342,0.99781,27.941,6.686,14.616,True
ET_01,other,22.17,0.41381,0.19574,1.01492,28.593,-3.443,14.919,True
ET_01,other,22.18,0.39828,0.13645,0.98922,22.665,-12.375,13.838,True
ET_01,other,22.19,0.28412,0.11781,0.98929,13.338,-20.106,5.928,True
ET_01,other,22.2,0.18427,0.06775,0.93479,-0.067,-20.857,0.165,True
ET_01,other,22.21,0.09975,0.078,0.90629,-12.807,-19.723,-6.933,True
ET_01,other,22.22,0.02357,0.11594,0.87431,-23.342,-10.938,-10.858,True
ET_01,other,22.23,-0.03415,0.2058,0.84902,-28.673,-4.006,-13.847,True
ET_01,other,22.240000000000002,0.00315,0.27796,0.85637,-27.307,7.853,-13.79,True
ET_01,other,22.25,0.07468,0.33299,0.85949,-20.328,14.491,-9.596,True
ET_01,other,22.26,0.13788,0.3516,0.87657,-7.493,20.148,-3.812,True
ET_01,other,22.27,0.21886,0.3745,0.96027,6.108,21.819,4.321,True
ET_01,other,22.28,0.34504,0.34216,0.95632,17.668,16.36,6.951,True
ET_01,other,22.29,0.40549,0.31992,0.98936,25.857,9.025,12.855,True
ET_01,other,22.3,0.4255,0.23074,1.00932,27.475,-1.586,14.28,True
ET_01,other,22.31,0.39138,0.13748,0.97933,23.083,-10.41,12.651,True
ET_01,other,22.32,0.29661,0.07966,0.9614,14.54,-17.068,8.046,True
ET_01,other,22.330000000000002,0.22514,0.08339,0.92667,2.385,-21.313,2.097,True
ET_01,other,22.34,0.13804,0.06986,0.88472,-10.804,-18.434,-4.527,True
ET_01,other,22.35,0.03525,0.10859,0.88467,-21.38,-12.848,-10.438,True
ET_01,other,22.36,0.00758,0.19634,0.85916,-28.23,-4.146,-12.617,True
ET_01,other,22.37,0.00346,0.27241,0.8434,-27.323,4.001,-13.759,True
ET_01,other,22.38,0.0496,0.32827,0.84722,-20.903,13.71,-10.051,True
ET_01,other,22.39,0.12921,0.35796,0.91402,-10.471,20.195,-5.973,True
ET_01,other,22.400000000000002,0.23032,0.35813,0.94461,4.446,17.768,2.137,True
ET_01,other,22.41,0.32763,0.33958,0.96147,16.187,14.694,7.114,True
ET_01,other,22.42,0.37088,0.29748,0.98168,23.642,9.211,11.205,True
ET_01,other,22.43,0.40207,0.21941,0.99518,26.241,0.884,13.87,True
ET_01,other,22.44,0.39372,0.18797,0.99739,23.742,-7.714,11.917,True
ET_01,other,22.45,0.3055,0.09755,0.96632,16.581,-15.372,7.928,True
ET_01,other,22.46,0.22226,0.08871,0.94782,3.998,-19.832,2.737,True
ET_01,other,22.47,0.14347,0.09071,0.88844,-8.15,-18.179,-3.727,True
ET_01,other,22.48,0.0606,0.12984,0.88054,-19.111,-12.635,-8.679,True
ET_01,other,22.490000000000002,0.00872,0.19381,0.84116,-25.155,-6.157,-12.246,True
ET_01,other,22.5,0.00946,0.26421,0.85305,-25.174,3.46,-12.951,True
ET_01,other,22.51,0.06387,0.32499,0.86744,-20.54,11.186,-10.424,True
ET_01,other,22.52,0.10922,0.34025,0.89597,-11.834,16.373,-5.464,True
ET_01,other,22.53,0.20781,0.36787,0.93725,1.367,19.062,0.726,True
ET_01,other,22.54,0.32633,0.33606,0.9595,13.216,17.373,6.077,True
ET_01,other,22.55,0.36375,0.29825,0.97521,20.864,11.483,11.846,True
ET_01,other,22.56,0.40261,0.23937,0.97772,27.232,3.289,12.41,True
ET_01,other,22.57,0.38499,0.16153,0.97403,24.172,-6.784,10.667,True
ET_01,other,22.580000000000002,0.31468,0.11821,0.96981,16.578,-13.679,8.279,True
ET_01,other,22.59,0.23643,0.09942,0.96219,5.066,-18.834,1.857,True
ET_01,other,22.6,0.15733,0.09532,0.90752,-4.524,-17.927,-3.605,True
ET_01,other,22.61,0.06164,0.13531,0.86481,-15.677,-15.709,-6.269,True
ET_01,other,22.62,0.04662,0.18834,0.86581,-23.232,-8.243,-11.969,True
ET_01,other,22.63,0.02108,0.24196,0.8594,-24.033,1.766,-14.175,True
ET_01,other,22.64,0.04897,0.31076,0.85443,-21.881,8.663,-12.201,True
ET_01,other,22.650000000000002,0.09905,0.31614,0.88352,-13.021,16.408,-5.071,True
ET_01,other,22.66,0.21424,0.36796,0.90398,-1.559,17.612,-0.887,True
ET_01,other,22.67,0.2884,0.35849,0.9344,11.098,17.901,5.46,True
ET_01,other,22.68,0.34125,0.29493,0.99953,18.267,10.784,9.616,True
ET_01,other,22.69,0.37154,0.23681,0.98732,24.829,3.744,12.273,True
ET_01,other,22.7,0.36604,0.15734,0.99945,24.797,-6.011,11.348,True
ET_01,other,22.71,0.34339,0.15593,0.95502,17.143,-12.801,9.033,True
ET_01,other,22.72,0.26867,0.0779,0.93227,8.935,-18.362,3.622,True
ET_01,other,22.73,0.19027,0.10374,0.88737,-2.042,-18.418,-3.072,True
ET_01,other,22.740000000000002,0.06131,0.11429,0.88713,-12.749,-16.681,-7.109,True
ET_01,other,22.75,0.05291,0.12912,0.88038,-20.589,-5.735,-9.295,True
ET_01,other,22.76,0.02772,0.23198,0.84066,-23.179,-0.254,-12.33,True
ET_01,other,22.77,0.04087,0.27692,0.84652,-21.228,8.389,-11.422,True
ET_01,other,22.78,0.10048,0.34537,0.90065,-12.788,14.629,-6.853,True
ET_01,other,22.79,0.17982,0.36049,0.92249,-3.433,15.339,-1.652,True
ET_01,other,22.8,0.24563,0.36222,0.95617,6.835,16.465,4.163,True
ET_01,other,22.81,0.34489,0.31403,0.99736,16.956,10.708,8.958,True
ET_01,other,22.82,0.38636,0.23684,0.9829,22.086,5.465,11.395,True
ET_01,other,22.830000000000002,0.37687,0.1737,1.00417,22.474,-2.451,10.366,True
ET_01,other,22.84,0.33483,0.16668,0.99273,17.679,-12.084,8.428,True
ET_01,other,22.85,0.25589,0.1326,0.95844,9.227,-16.131,4.51,True
ET_01,other,22.86,0.19018,0.08138,0.90957,-1.873,-17.629,-0.403,True
ET_01,other,22.87,0.10509,0.12197,0.88763,-12.63,-14.426,-7.01,True
ET_01,other,22.88,0.04536,0.14978,0.86295,-18.983,-8.783,-10.556,True
ET_01,other,22.89,0.02101,0.22486,0.85682,-23.447,-1.671,-9.921,True
ET_01,other,22.900000000000002,0.02692,0.28289,0.86279,-21.881,6.847,-11.029,True
ET_01,other,22.91,0.09523,0.30729,0.85723,-14.419,13.159,-5.762,True
ET_01,other,22.92,0.15207,0.36031,0.9321,-4.594,15.907,-1.789,True
ET_01,other,22.93,0.2881,0.33679,0.9704,6.326,16.561,2.856,True
ET_01,other,22.94,0.3166,0.33122,0.98711,16.255,12.104,8.13,True
ET_01,other,22.95,0.31346,0.28045,0.98331,21.245,5.617,10.388,True
ET_01,other,22.96,0.40128,0.22146,0.97544,22.604,-1.333,11.851,True
ET_01,other,22.97,0.32499,0.16541,0.9831,18.888,-8.863,9.903,True
ET_01,other,22.98,0.27143,0.14318,0.97278,10.492,-15.047,5.569,True
ET_01,other,22.990000000000002,0.19333,0.08309,0.91132,1.109,-17.071,-0.74,True
ET_01,other,23.0,0.10547,0.12473,0.8987,-9.368,-14.818,-4.095,True
ET_01,other,23.01,0.06428,0.15266,0.90065,-19.055,-8.414,-9.437,True
ET_01,other,23.02,0.02034,0.19287,0.88423,-22.874,-4.419,-11.263,True
ET_01,other,23.03,0.05797,0.26424,0.86638,-20.044,4.406,-11.068,True
ET_01,other,23.04,0.06345,0.31517,0.88368,-16.485,12.598,-8.824,True
ET_01,other,23.05,0.15126,0.34499,0.89448,-6.679,16.562,-3.059,True
ET_01,other,23.06,0.20314,0.31695,0.92949,3.35,14.865,1.602,True
ET_01,other,23.07,0.29763,0.31039,0.97371,13.355,13.533,5.722,True
ET_01,other,23.080000000000002,0.34959,0.27394,0.99875,19.776,7.661,10.361,True
ET_01,other,23.09,0.35898,0.23746,1.00972,21.534,-0.025,11.254,True
ET_01,other,23.1,0.31371,0.17617,0.99168,18.95,-7.492,9.445,True
ET_01,other,23.11,0.26875,0.13059,0.97781,11.408,-13.769,4.867,True
ET_01,other,23.12,0.19703,0.11497,0.92586,1.871,-15.152,1.014,True
ET_01,other,23.13,0.14577,0.09066,0.88815,-7.74,-13.601,-3.982,True
ET_01,other,23.14,0.09259,0.15095,0.89329,-15.861,-10.649,-7.015,True
ET_01,other,23.150000000000002,0.06316,0.17689,0.86769,-20.828,-4.4,-9.989,True
ET_01,other,23.16,0.04561,0.24876,0.87277,-20.358,4.448,-11.527,True
ET_01,other,23.17,0.073,0.31709,0.85427,-15.125,10.307,-8.827,True
ET_01,other,23.18,0.13266,0.34207,0.90687,-8.153,14.086,-4.622,True
ET_01,other,23.19,0.22929,0.30852,0.91796,1.731,15.091,2.303,True
ET_01,other,23.2,0.27331,0.31123,0.94919,10.75,13.995,5.057,True
ET_01,other,23.21,0.32757,0.29448,0.98302,18.096,6.371,8.909,True
ET_01,other,23.22,0.3496,0.21629,0.98016,22.176,1.757,10.473,True
ET_01,other,23.23,0.35024,0.18783,1.0074,20.412,-7.412,11.072,True
ET_01,other,23.240000000000002,0.27966,0.15415,0.97456,13.513,-11.843,5.448,True
ET_01,other,23.25,0.22204,0.11693,0.93286,3.511,-16.08,1.717,True
ET_01,other,23.26,0.14186,0.1256,0.90336,-5.319,-15.036,-3.446,True
ET_01,other,23.27,0.09671,0.12687,0.9096,-15.101,-12.169,-6.338,True
ET_01,other,23.28,0.07205,0.20226,0.87343,-20.433,-5.291,-9.561,True
ET_01,other,23.29,0.03075,0.26254,0.88387,-20.396,1.79,-10.243,True
ET_01,other,23.3,0.06606,0.29175,0.90427,-15.658,8.283,-8.389,True
ET_01,other,23.31,0.11929,0.33018,0.88521,-9.838,13.991,-3.282,True
ET_01,other,23.32,0.19723,0.36001,0.94712,2.108,14.892,1.366,True
ET_01,other,23.330000000000002,0.23769,0.31694,0.95803,9.272,12.271,5.924,True
ET_01,other,23.34,0.30204,0.32187,0.95489,17.473,8.22,8.616,True
ET_01,other,23.35,0.31709,0.22698,0.96518,18.985,2.156,10.641,True
ET_01,other,23.36,0.34576,0.20816,0.96139,19.597,-5.722,10.045,True
ET_01,other,23.37,0.33676,0.13211,0.96051,14.139,-10.954,8.202,True
ET_01,other,23.38,0.22662,0.12401,0.95403,4.45,-14.524,1.507,True
ET_01,other,23.39,0.17026,0.14066,0.91412,-4.194,-16.13,-3.143,True
ET_01,other,23.400000000000002,0.09726,0.16926,0.90506,-12.678,-11.931,-6.259,True
ET_01,other,23.41,0.04142,0.18444,0.88091,-19.627,-5.514,-9.079,True
ET_01,other,23.42,0.05518,0.22979,0.8756,-21.131,1.57,-10.472,True
ET_01,other,23.43,0.06448,0.2431,0.91186,-18.808,6.84,-6.744,True
ET_01,other,23.44,0.09583,0.30809,0.89854,-9.432,13.527,-3.882,True
ET_01,other,23.45,0.20991,0.31718,0.93466,-1.753,14.855,-1.058,True
ET_01,other,23.46,0.25086,0.32455,0.96832,7.685,13.691,4.431,True
ET_01,other,23.47,0.26913,0.28603,0.97327,17.245,7.778,7.874,True
ET_01,other,23.48,0.35017,0.25688,0.99146,18.779,2.001,11.236,True
ET_01,other,23.490000000000002,0.31967,0.1791,0.96834,19.725,-5.738,10.047,True
ET_01,other,23.5,0.30138,0.1548,0.99381,15.914,-8.731,7.909,True
ET_01,other,23.51,0.2386,0.11146,0.95382,7.413,-13.653,2.195,True
ET_01,other,23.52,0.18703,0.12214,0.93246,-1.808,-15.02,-0.046,True
ET_01,other,23.53,0.11802,0.13296,0.9116,-12.942,-11.67,-5.533,True
ET_01,other,23.54,0.06253,0.15525,0.89789,-16.654,-8.622,-8.547,True
ET_01,other,23.55,0.05551,0.16852,0.86107,-20.017,1.463,-8.808,True
ET_01,other,23.56,0.05467,0.25032,0.88917,-18.888,6.005,-10.898,True
ET_01,other,23.57,0.0993,0.31262,0.91112,-12.868,12.587,-5.801,True
ET_01,other,23.580000000000002,0.14905,0.33311,0.91133,-3.905,14.084,-0.417,True
ET_01,other,23.59,0.24216,0.32784,0.95776,6.441,13.765,2.995,True
ET_01,other,23.6,0.29406,0.32046,0.98449,15.238,10.608,7.084,True
ET_01,other,23.61,0.3213,0.23394,1.00294,19.503,4.123,8.799,True
ET_01,other,23.62,0.32249,0.18397,0.98363,19.607,-2.795,10.002,True
ET_01,other,23.63,0.32202,0.1469,0.98759,14.97,-9.276,7.76,True
ET_01,other,23.64,0.23873,0.15897,0.94684,8.172,-14.125,4.333,True
ET_01,other,23.650000000000002,0.16189,0.11052,0.94763,0.618,-13.968,-0.994,True
ET_01,other,23.66,0.11022,0.17245,0.88849,-9.538,-12.903,-5.779,True
ET_01,other,23.67,0.05401,0.1565,0.86477,-16.917,-7.981,-9.518,True
ET_01,other,23.68,0.05421,0.21051,0.88373,-19.312,-2.159,-9.697,True
ET_01,other,23.69,0.06586,0.25694,0.89043,-18.362,4.18,-10.147,True
ET_01,other,23.7,0.07976,0.29238,0.89039,-12.61,11.845,-6.281,True
ET_01,other,23.71,0.1451,0.29324,0.91962,-5.307,13.095,-2.503,True
ET_01,other,23.72,0.22318,0.31913,0.93971,5.233,15.997,2.425,True
ET_01,other,23.73,0.28636,0.28373,0.94032,12.18,10.979,6.506,True
ET_01,other,23.740000000000002,0.32392,0.26258,1.00515,18.864,6.602,8.605,True
ET_01,other,23.75,0.30538,0.21181,0.99598,19.371,-0.609,10.176,True
ET_01,other,23.76,0.31267,0.1905,0.97661,16.082,-9.045,8.27,True
ET_01,other,23.77,0.27006,0.12254,0.95918,9.2,-13.543,5.916,True
ET_01,other,23.78,0.19958,0.14018,0.96357,0.744,-15.686,1.415,True
ET_01,other,23.79,0.14346,0.10602,0.91341,-8.344,-13.265,-3.912,True
ET_01,other,23.8,0.08078,0.15079,0.90443,-15.337,-7.989,-7.415,True
ET_01,other,23.81,0.04822,0.17976,0.89779,-20.892,-2.65,-10.176,True
ET_01,other,23.82,0.04797,0.24212,0.8562,-18.821,3.553,-9.962,True
ET_01,other,23.830000000000002,0.08346,0.27526,0.8845,-15.663,10.127,-8.799,True
ET_01,other,23.84,0.12971,0.30065,0.89337,-5.432,13.598,-3.775,True
ET_01,other,23.85,0.19704,0.30565,0.9342,2.199,16.026,2.488,True
ET_01,other,23.86,0.26012,0.28159,0.97103,12.723,10.918,6.353,True
ET_01,other,23.87,0.29099,0.26894,0.9702,16.385,4.607,9.33,True
ET_01,other,23.88,0.33474,0.23492,0.9696,20.456,0.577,10.212,True
ET_01,other,23.89,0.29132,0.16419,0.97474,18.818,-7.552,8.512,True
ET_01,other,23.900000000000002,0.23049,0.12501,0.94092,10.723,-12.687,6.909,True
ET_01,other,23.91,0.22776,0.1079,0.92722,2.074,-14.876,1.32,True
ET_01,other,23.92,0.13543,0.10944,0.94028,-5.933,-13.569,-3.702,True
ET_01,other,23.93,0.06974,0.15145,0.88763,-12.846,-12.099,-8.091,True
ET_01,other,23.94,0.02217,0.19631,0.89639,-20.022,-3.517,-9.629,True
ET_01,other,23.95,0.04647,0.23175,0.87365,-19.118,3.206,-9.254,True
ET_01,other,23.96,0.04825,0.29901,0.87568,-15.901,7.862,-8.545,True
ET_01,other,23.97,0.11306,0.32447,0.89934,-7.579,14.138,-3.835,True
ET_01,other,23.98,0.19298,0.31567,0.93738,0.932,15.192,0.362,True
ET_01,other,23.990000000000002,0.27269,0.29415,0.96947,8.202,12.835,3.97,True
ET_01,other,24.0,0.31588,0.26078,0.96224,15.725,7.338,8.54,True
ET_01,other,24.01,0.3284,0.20378,0.9755,20.936,1.379,9.822,True
ET_01,other,24.02,0.2864,0.17556,0.98871,19.169,-5.882,7.933,True
ET_01,other,24.03,0.28527,0.14408,0.95011,13.573,-11.784,7.202,True
ET_01,other,24.04,0.20696,0.11318,0.93811,3.247,-14.694,3.406,True
ET_01,other,24.05,0.13167,0.10672,0.92813,-4.767,-15.64,-2.226,True
ET_01,other,24.060000000000002,0.1087,0.1484,0.90212,-13.564,-11.629,-7.317,True
ET_01,other,24.07,0.04262,0.18085,0.88632,-19.349,-6.127,-9.366,True
ET_01,other,24.080000000000002,0.04655,0.25303,0.87937,-20.499,2.898,-9.719,True
ET_01,other,24.09,0.06241,0.27127,0.89009,-16.828,6.774,-9.463,True
ET_01,other,24.1,0.08842,0.28324,0.9215,-11.598,13.673,-4.542,True
ET_01,other,24.11,0.16165,0.32261,0.95634,-1.447,15.572,0.697,True
ET_01,other,24.12,0.21839,0.30915,0.95873,9.478,14.569,4.434,True
ET_01,other,24.13,0.29644,0.27141,0.99279,16.372,7.283,8.809,True
ET_01,other,24.14,0.34242,0.2427,0.97882,18.942,2.733,10.355,True
ET_01,other,24.150000000000002,0.33463,0.17341,0.99285,19.475,-1.808,10.815,True
ET_01,other,24.16,0.30615,0.16056,0.98111,14.586,-9.824,6.302,True
ET_01,other,24.17,0.2314,0.11941,0.93662,5.083,-15.793,2.622,True
ET_01,other,24.18,0.14209,0.11966,0.92606,-3.546,-14.778,-0.185,True
ET_01,other,24.19,0.12449,0.12369,0.91008,-11.458,-10.962,-5.957,True
ET_01,other,24.2,0.03369,0.18418,0.89882,-20.137,-6.927,-9.52,True
ET_01,other,24.21,0.04712,0.21242,0.89096,-20.555,0.725,-9.981,True
ET_01,other,24.22,0.03229,0.25885,0.89774,-19.647,8.645,-9.009,True
ET_01,other,24.23,0.09157,0.29539,0.91066,-10.588,12.366,-4.89,True
ET_01,other,24.240000000000002,0.18308,0.33268,0.93052,-2.652,15.345,-0.66,True
ET_01,other,24.25,0.20725,0.30016,0.95775,7.771,14.079,4.321,True
ET_01,other,24.26,0.29259,0.26259,0.97692,17.123,10.345,8.519,True
ET_01,other,24.27,0.31109,0.23637,0.99028,21.28,3.388,11.412,True
ET_01,other,24.28,0.32881,0.16035,1.01359,19.392,-4.938,11.188,True
ET_01,other,24.29,0.28887,0.1628,1.00681,16.315,-11.398,9.023,True
ET_01,other,24.3,0.22502,0.11137,0.96587,8.381,-14.663,3.543,True
ET_01,other,24.310000000000002,0.14366,0.1136,0.90819,-2.149,-14.193,-1.203,True
ET_01,other,24.32,0.08596,0.10189,0.925,-11.173,-13.11,-6.634,True
ET_01,other,24.330000000000002,0.02802,0.13764,0.90081,-19.352,-8.641,-8.743,True
ET_01,other,24.34,0.02071,0.20603,0.85572,-20.503,0.186,-11.375,True
ET_01,other,24.35,0.03394,0.24764,0.86918,-19.655,5.645,-9.44,True
ET_01,other,24.36,0.09049,0.29603,0.90675,-14.034,12.176,-5.995,True
ET_01,other,24.37,0.15031,0.33306,0.94967,-4.142,15.869,-1.888,True
ET_01,other,24.38,0.23452,0.34433,0.96575,4.928,16.003,2.233,True
ET_01,other,24.39,0.27647,0.29441,0.97081,15.445,10.426,7.002,True
ET_01,other,24.400000000000002,0.33606,0.26055,0.98892,20.392,5.61,10.919,True
ET_01,other,24.41,0.3493,0.2045,1.02051,21.636,-0.909,10.345,True
ET_01,other,24.42,0.31379,0.1273,0.99377,17.371,-9.017,8.916,True
ET_01,other,24.43,0.23411,0.10762,0.94304,9.395,-15.398,5.231,True
ET_01,other,24.44,0.20431,0.07283,0.95098,1.06,-15.678,0.022,True
ET_01,other,24.45,0.1068,0.11635,0.9084,-11.154,-13.408,-4.627,True
ET_01,other,24.46,0.04532,0.11967,0.90613,-19.276,-9.339,-8.786,True
ET_01,other,24.47,-0.03066,0.19198,0.88841,-23.396,-2.819,-11.423,True
ET_01,other,24.48,0.00729,0.25296,0.89691,-20.688,5.36,-11.485,True
ET_01,other,24.490000000000002,0.06271,0.29718,0.92849,-14.261,12.002,-6.109,True
ET_01,other,24.5,0.13061,0.32673,0.9334,-6.797,14.747,-3.52,True
ET_01,other,24.51,0.19231,0.33439,0.94103,4.982,17.245,0.686,True
ET_01,other,24.52,0.26726,0.29673,1.00399,14.283,14.338,7.047,True
ET_01,other,24.53,0.3071,0.26924,0.98858,19.291,5.497,11.765,True
ET_01,other,24.54,0.33435,0.19608,1.01185,24.309,-0.702,12.381,True
ET_01,other,24.55,0.31838,0.1258,0.99642,20.314,-7.765,10.253,True
ET_01,other,24.560000000000002,0.25771,0.11188,0.97649,11.759,-15.843,6.586,True
ET_01,other,24.57,0.19313,0.11689,0.93749,1.954,-18.358,0.718,True
ET_01,other,24.580000000000002,0.08092,0.10804,0.92112,-10.922,-15.119,-4.915,True
ET_01,other,24.59,0.02884,0.13542,0.91254,-17.877,-9.988,-8.98,True
ET_01,other,24.6,-0.00125,0.21459,0.87991,-21.247,-3.038,-10.464,True
ET_01,other,24.61,-0.00507,0.2487,0.89185,-22.595,3.433,-10.475,True
ET_01,other,24.62,0.02076,0.24731,0.90431,-16.961,11.05,-9.213,True
ET_01,other,24.63,0.07104,0.30405,0.91339,-7.467,15.583,-3.821,True
ET_01,other,24.64,0.20414,0.36685,0.92996,2.551,17.109,1.915,True
ET_01,other,24.650000000000002,0.2604,0.29546,0.9881,13.676,13.632,7.678,True
ET_01,other,24.66,0.31084,0.28101,0.99755,20.7,9.104,9.988,True
ET_01,other,24.67,0.32342,0.19763,1.02042,23.166,-0.385,11.764,True
ET_01,other,24.68,0.33866,0.15976,1.00706,21.007,-8.415,9.903,True
ET_01,other,24.69,0.24895,0.12548,1.00195,14.251,-13.263,9.4,True
ET_01,other,24.7,0.19022,0.07653,0.94774,3.714,-17.216,3.935,True
ET_01,other,24.71,0.08597,0.07879,0.92087,-6.218,-17.452,-2.678,True
ET_01,other,24.72,0.01267,0.12316,0.92531,-17.54,-12.336,-8.309,True
ET_01,other,24.73,0.00767,0.15517,0.89667,-22.568,-5.959,-11.458,True
ET_01,other,24.740000000000002,-0.03175,0.23137,0.91037,-24.568,3.567,-11.898,True
ET_01,other,24.75,0.01526,0.25471,0.88452,-20.171,10.373,-9.302,True
ET_01,other,24.76,0.0892,0.28818,0.91776,-11.689,16.528,-5.002,True
ET_01,other,24.77,0.18972,0.31341,0.93454,0.224,18.765,-0.904,True
ET_01,other,24.78,0.25027,0.30762,0.97887,11.247,16.91,6.776,True
ET_01,other,24.79,0.27465,0.26399,0.98932,20.98,10.803,10.304,True
ET_01,other,24.8,0.31702,0.20631,0.99341,24.267,1.236,10.896,True
ET_01,other,24.810000000000002,0.32631,0.16028,1.0146,23.359,-5.523,10.958,True
ET_01,other,24.82,0.26253,0.07412,0.99257,16.697,-15.445,7.496,True
ET_01,other,24.830000000000002,0.1827,0.08452,0.96709,6.817,-17.424,3.129,True
ET_01,other,24.84,0.11136,0.09208,0.93582,-7.29,-18.809,-2.926,True
ET_01,other,24.85,0.04591,0.112,0.89305,-14.794,-12.861,-8.441,True
ET_01,other,24.86,-0.01992,0.16696,0.84859,-24.307,-7.967,-12.308,True
ET_01,other,24.87,-0.0569,0.23592,0.87541,-24.411,3.49,-12.276,True
ET_01,other,24.88,-0.00281,0.29165,0.88894,-20.606,11.743,-10.887,True
ET_01,other,24.89,0.0443,0.31276,0.9229,-12.037,16.118,-7.154,True
ET_01,other,24.900000000000002,0.15516,0.31037,0.94745,-2.317,19.714,0.434,True
ET_01,other,24.91,0.24072,0.30349,0.98998,10.35,17.637,3.898,True
ET_01,other,24.92,0.30858,0.30276,1.00286,21.013,10.957,11.268,True
ET_01,other,24.93,0.3447,0.25127,1.03275,26.078,3.989,12.416,True
ET_01,other,24.94,0.32947,0.12357,1.01548,26.722,-5.248,11.892,True
ET_01,other,24.95,0.29105,0.08309,0.99653,17.681,-13.873,9.651,True
ET_01,other,24.96,0.20765,0.06353,0.9399,8.584,-19.024,4.042,True
ET_01,other,24.97,0.10083,0.0645,0.93527,-5.052,-18.133,-2.28,True
ET_01,other,24.98,0.05225,0.09042,0.90584,-15.996,-14.498,-8.024,True
ET_01,other,24.990000000000002,-0.03799,0.12574,0.8713,-23.799,-8.522,-11.808,True
ET_01,other,25.0,-0.06097,0.17397,0.88114,-26.615,0.727,-13.46,True
ET_01,other,25.01,-0.00204,0.26666,0.8837,-24.511,9.656,-10.962,True
ET_01,other,25.02,0.02135,0.33698,0.92196,-15.416,15.683,-7.107,True
ET_01,other,25.03,0.12617,0.33099,0.96536,-4.895,18.088,-0.868,True
ET_01,other,25.04,0.19636,0.33229,0.97878,9.956,19.039,4.594,True
ET_01,other,25.05,0.29982,0.30954,0.99246,18.919,13.503,10.498,True
ET_01,other,25.060000000000002,0.33167,0.20413,1.00103,26.217,7.149,14.419,True
ET_01,other,25.07,0.34959,0.17251,1.01997,25.912,-4.571,11.776,True
ET_01,other,25.080000000000002,0.30421,0.08839,0.99847,20.201,-12.028,9.097,True
ET_01,other,25.09,0.21418,0.0911,0.9745,9.812,-17.226,4.089,True
ET_01,other,25.1,0.10915,0.04164,0.9337,-2.159,-21.17,-1.531,True
ET_01,other,25.11,0.07136,0.07111,0.90474,-15.957,-17.572,-7.601,True
ET_01,other,25.12,-0.02106,0.13441,0.88178,-24.321,-11.299,-12.102,True
ET_01,other,25.13,-0.05803,0.19492,0.89109,-27.872,-1.47,-13.967,True
ET_01,other,25.14,-0.00489,0.26184,0.84332,-23.908,8.383,-12.423,True
ET_01,other,25.150000000000002,0.0234,0.28218,0.90208,-19.17,15.164,-9.244,True
ET_01,other,25.16,0.10586,0.35978,0.93501,-6.37,21.208,-2.078,True
ET_01,other,25.17,0.2095,0.33051,0.96433,7.254,17.611,2.409,True
ET_01,other,25.18,0.3169,0.30937,1.016,19.072,14.267,9.751,True
ET_01,other,25.19,0.31656,0.24456,1.01095,27.292,7.745,13.437,True
ET_01,other,25.2,0.3327,0.17261,1.02184,28.502,-2.487,13.386,True
ET_01,other,25.21,0.33831,0.12131,1.00411,23.318,-10.381,11.934,True
ET_01,other,25.22,0.22799,0.07125,0.9948,12.605,-18.767,7.125,True
ET_01,other,25.23,0.1271,0.0486,0.92544,0.127,-19.518,0.883,True
ET_01,other,25.240000000000002,0.05208,0.04168,0.88254,-12.98,-18.534,-6.684,True
ET_01,other,25.25,-0.01432,0.09957,0.90476,-22.79,-12.409,-10.7,True
ET_01,other,25.26,-0.08987,0.19585,0.8681,-28.575,-4.712,-14.529,True
ET_01,other,25.27,-0.0731,0.23828,0.91664,-27.695,9.238,-12.272,True
ET_01,other,25.28,0.00324,0.29497,0.88938,-20.203,15.759,-11.684,True
ET_01,other,25.29,0.07013,0.32045,0.91307,-9.602,19.581,-3.807,True
ET_01,other,25.3,0.15585,0.34162,0.99279,7.343,20.207,3.008,True
ET_01,other,25.310000000000002,0.29027,0.32203,1.00324,18.525,17.841,8.664,True
ET_01,other,25.32,0.34748,0.2386,1.02304,26.662,8.7,12.317,True
ET_01,other,25.330000000000002,0.36453,0.20546,1.02537,29.027,-0.735,14.702,True
ET_01,other,25.34,0.30762,0.10699,1.02252,25.039,-9.768,12.66,True
ET_01,other,25.35,0.27496,0.05156,1.0152,15.795,-17.425,7.851,True
ET_01,other,25.36,0.13211,0.00696,0.95423,2.452,-20.677,1.408,True
ET_01,other,25.37,0.07951,0.06915,0.90878,-11.242,-20.467,-5.714,True
ET_01,other,25.38,-0.03132,0.07322,0.87587,-21.862,-13.884,-11.086,True
ET_01,other,25.39,-0.04897,0.16138,0.88929,-28.408,-5.575,-14.552,True
ET_01,other,25.400000000000002,-0.06596,0.20924,0.85507,-28.954,4.201,-14.642,True
ET_01,other,25.41,0.01335,0.28999,0.88061,-22.754,13.067,-11.007,True
ET_01,other,25.42,0.04105,0.3374,0.91594,-11.435,20.306,-5.189,True
ET_01,other,25.43,0.14732,0.34268,0.9676,3.591,21.467,0.438,True
ET_01,other,25.44,0.27292,0.33982,0.99237,16.06,18.063,9.026,True
ET_01,other,25.45,0.34573,0.29868,1.05354,26.388,11.169,12.506,True
ET_01,other,25.46,0.32514,0.22574,1.01471,31.104,0.704,14.462,True
ET_01,other,25.47,0.33969,0.14389,1.03486,27.391,-8.986,13.154,True
ET_01,other,25.48,0.26338,0.07443,0.98883,18.259,-18.132,9.108,True
ET_01,other,25.490000000000002,0.17174,0.0373,0.95365,5.465,-21.267,2.291,True
ET_01,other,25.5,0.07089,0.0149,0.96645,-8.941,-20.798,-5.201,True
ET_01,other,25.51,-0.04153,0.06748,0.90185,-21.231,-15.419,-9.984,True
ET_01,other,25.52,-0.08954,0.14101,0.88509,-28.638,-5.867,-14.187,True
ET_01,other,25.53,-0.10976,0.21686,0.89473,-28.302,2.878,-14.774,True
ET_01,other,25.54,-0.02278,0.27411,0.91093,-24.352,13.19,-12.889,True
ET_01,other,25.55,0.03051,0.32576,0.91446,-14.445,19.739,-6.902,True
ET_01,other,25.560000000000002,0.13748,0.34784,0.96618,-1.191,23.236,0.396,True
ET_01,other,25.57,0.24291,0.3266,1.00154,15.054,20.978,8.108,True
ET_01,other,25.580000000000002,0.32736,0.26923,1.03697,24.471,10.646,12.864,True
ET_01,other,25.59,0.33539,0.22486,1.05538,30.475,3.308,14.358,True
ET_01,other,25.6,0.34252,0.12081,1.01791,31.047,-7.289,16.789,True
ET_01,other,25.61,0.28792,0.03727,1.0105,19.977,-17.837,10.871,True
ET_01,other,25.62,0.1933,0.01575,0.99857,6.627,-22.575,3.822,True
ET_01,other,25.63,0.07876,0.05066,0.92952,-6.502,-21.973,-2.631,True
ET_01,other,25.64,-0.0236,0.04288,0.90116,-18.856,-18.692,-9.319,True
ET_01,other,25.650000000000002,-0.08495,0.12258,0.88689,-27.773,-9.877,-14.856,True
ET_01,other,25.66,-0.09246,0.16153,0.8837,-31.561,1.437,-15.881,True
ET_01,other,25.67,-0.06544,0.25398,0.86082,-26.494,12.069,-13.059,True
ET_01,other,25.68,0.01857,0.34428,0.9482,-16.133,19.713,-8.801,True
ET_01,other,25.69,0.09747,0.37049,0.94906,-1.828,22.787,-0.694,True
ET_01,other,25.7,0.23196,0.36373,1.00936,12.384,22.04,6.737,True
ET_01,other,25.71,0.2905,0.29923,1.02787,24.684,15.16,13.688,True
ET_01,other,25.72,0.35022,0.20015,1.03725,30.565,2.448,14.606,True
ET_01,other,25.73,0.36396,0.14918,1.04276,29.122,-5.758,16.376,True
ET_01,other,25.740000000000002,0.28475,0.09557,1.02102,22.963,-16.656,12.259,True
ET_01,other,25.75,0.20252,0.01245,1.00915,10.352,-22.012,7.183,True
ET_01,other,25.76,0.10336,-0.01446,0.95674,-3.261,-24.103,-2.582,True
ET_01,other,25.77,-0.00041,0.04828,0.90142,-19.748,-19.374,-9.097,True
ET_01,other,25.78,-0.06622,0.10951,0.86734,-27.697,-11.103,-13.607,True
ET_01,other,25.79,-0.11387,0.18004,0.85856,-32.404,1.407,-15.6,True
ET_01,other,25.8,-0.07617,0.2721,0.87484,-27.405,11.099,-13.102,True
ET_01,other,25.810000000000002,-0.02089,0.35204,0.91399,-18.387,19.173,-8.879,True
ET_01,other,25.82,0.09528,0.36955,0.95762,-3.241,23.591,-3.934,True
ET_01,other,25.830000000000002,0.20155,0.32836,1.01717,9.832,21.684,6.585,True
ET_01,other,25.84,0.32613,0.28276,1.01739,24.743,16.288,11.17,True
ET_01,other,25.85,0.34853,0.22661,1.04414,32.539,7.626,15.676,True
ET_01,other,25.86,0.35785,0.11494,0.99793,31.713,-5.082,15.308,True
ET_01,other,25.87,0.28723,0.07261,1.04818,26.514,-14.014,13.361,True
ET_01,other,25.88,0.22474,0.04945,1.00203,13.383,-22.135,7.137,True
ET_01,other,25.89,0.11877,0.00789,0.95855,0.177,-23.596,-0.4,True
ET_01,other,25.900000000000002,0.01197,0.06649,0.91979,-16.255,-20.024,-8.06,True
ET_01,other,25.91,-0.07532,0.0919,0.89783,-29.161,-13.405,-12.25,True
ET_01,other,25.92,-0.11759,0.18414,0.88517,-32.26,-2.928,-16.693,True
ET_01,other,25.93,-0.0901,0.24677,0.89776,-28.353,9.465,-14.926,True
ET_01,other,25.94,-0.04264,0.33928,0.92447,-22.287,19.473,-9.657,True
ET_01,other,25.95,0.07888,0.33728,0.94431,-7.702,21.912,-3.529,True
ET_01,other,25.96,0.17831,0.36296,1.00631,8.046,22.619,3.395,True
ET_01,other,25.97,0.28471,0.29884,1.03725,19.562,16.974,9.922,True
ET_01,other,25.98,0.34983,0.22996,1.07207,30.814,9.039,13.994,True
ET_01,other,25.990000000000002,0.34996,0.15969,1.02361,32.916,-2.519,15.86,True
ET_01,other,26.0,0.31994,0.09451,1.02363,26.954,-13.366,13.332,True
ET_01,other,26.01,0.21522,0.00751,1.00989,16.479,-20.409,8.423,True
ET_01,other,26.02,0.11086,0.01175,0.97269,0.532,-24.666,0.436,True
ET_01,other,26.03,0.02069,0.04469,0.91684,-13.857,-22.667,-7.362,True
ET_01,other,26.04,-0.05714,0.09083,0.88705,-25.94,-13.787,-11.896,True
ET_01,other,26.05,-0.08876,0.15962,0.87224,-33.564,-3.759,-16.78,True
ET_01,other,26.060000000000002,-0.1161,0.24128,0.88116,-32.425,5.839,-16.316,True
ET_01,other,26.07,-0.0266,0.32918,0.89129,-22.567,16.292,-11.732,True
ET_01,other,26.080000000000002,0.04109,0.37801,0.93474,-12.268,22.836,-5.749,True
ET_01,other,26.09,0.146,0.34857,0.98617,4.887,23.6,4.926,True
ET_01,other,26.1,0.2769,0.30932,1.04122,18.892,19.996,9.968,True
ET_01,other,26.11,0.34139,0.25866,1.06945,29.962,10.75,13.969,True
ET_01,other,26.12,0.35154,0.16827,1.02335,33.736,-0.395,17.042,True
ET_01,other,26.13,0.34659,0.10659,1.02652,29.52,-11.8,15.02,True
ET_01,other,26.14,0.25683,0.03008,1.02953,17.222,-19.795,10.945,True
ET_01,other,26.150000000000002,0.14937,-0.0032,0.96323,4.318,-23.253,2.218,True
ET_01,other,26.16,0.03966,0.00685,0.93496,-12.342,-23.994,-6.62,True
ET_01,other,26.17,-0.05533,0.099,0.9144,-23.836,-15.896,-11.774,True
ET_01,other,26.18,-0.14519,0.1322,0.90244,-30.429,-5.301,-16.297,True
ET_01,other,26.19,-0.14349,0.22833,0.88912,-30.441,4.483,-16.231,True
ET_01,other,26.2,-0.03714,0.30474,0.90483,-24.621,17.394,-13.106,True
ET_01,other,26.21,0.00111,0.35012,0.93932,-12.872,21.123,-6.914,True
ET_01,other,26.22,0.12036,0.35011,0.97153,3.244,23.348,0.259,True
ET_01,other,26.23,0.22253,0.348,1.00535,18.169,18.512,8.31,True
ET_01,other,26.240000000000002,0.31689,0.28139,1.06535,27.48,11.489,13.035,True
ET_01,other,26.25,0.35856,0.22574,1.05023,33.7,2.096,17.388,True
ET_01,other,26.26,0.32137,0.13238,1.05544,31.467,-9.379,15.493,True
ET_01,other,26.27,0.26209,0.02315,1.03255,20.892,-18.047,11.131,True
ET_01,other,26.28,0.17374,0.01289,0.98144,5.294,-22.364,2.501,True
ET_01,other,26.29,0.04296,0.02023,0.95232,-8.864,-23.765,-4.958,True
ET_01,other,26.3,-0.05587,0.04753,0.91903,-21.676,-18.13,-12.629,True
ET_01,other,26.310000000000002,-0.1171,0.10884,0.88616,-31.799,-8.871,-16.833,True
ET_01,other,26.32,-0.13465,0.21603,0.90413,-33.497,2.888,-16.081,True
ET_01,other,26.330000000000002,-0.10783,0.28839,0.89041,-27.669,13.281,-12.576,True
ET_01,other,26.34,-0.01864,0.33372,0.94011,-15.381,21.468,-7.676,True
ET_01,other,26.35,0.10496,0.3432,0.98514,-1.326,23.864,0.437,True
ET_01,other,26.36,0.21912,0.35947,1.00125,14.668,21.753,6.725,True
ET_01,other,26.37,0.33128,0.27127,1.05449,27.153,14.891,12.193,True
ET_01,other,26.38,0.36645,0.21555,1.05295,31.473,2.226,16.32,True
ET_01,other,26.39,0.34598,0.1248,1.05699,31.393,-7.167,15.4,True
ET_01,other,26.400000000000002,0.30056,0.07332,1.03676,22.662,-17.476,10.684,True
ET_01,other,26.41,0.17388,-0.00212,0.99854,8.892,-23.349,2.631,True
ET_01,other,26.42,0.07948,0.00589,0.95319,-6.196,-24.265,-1.488,True
ET_01,other,26.43,-0.05194,0.03957,0.92,-20.333,-19.712,-9.741,True
ET_01,other,26.44,-0.11873,0.08949,0.87036,-29.656,-9.108,-14.47,True
ET_01,other,26.45,-0.145,0.19857,0.88297,-34.341,0.716,-16.961,True
ET_01,other,26.46,-0.11059,0.259,0.89709,-28.26,11.999,-13.799,True
ET_01,other,26.47,-0.01395,0.33436,0.89932,-17.713,21.322,-7.965,True
ET_01,other,26.48,0.08233,0.34192,0.94976,-2.827,23.282,-1.483,True
ET_01,other,26.490000000000002,0.18219,0.35106,1.03601,11.933,21.13,6.848,True
ET_01,other,26.5,0.28995,0.31026,1.05239,25.087,15.333,11.831,True
ET_01,other,26.51,0.32766,0.24644,1.01981,30.457,5.372,16.185,True
ET_01,other,26.52,0.34607,0.14688,1.03762,31.936,-5.967,16.702,True
ET_01,other,26.53,0.30567,0.06094,1.04474,24.43,-15.396,11.035,True
ET_01,other,26.54,0.17206,0.0338,1.01117,12.932,-22.619,4.633,True
ET_01,other,26.55,0.06384,-0.00475,0.96427,-3.445,-22.925,-0.122,True
ET_01,other,26.560000000000002,-0.00651,0.02984,0.90838,-17.155,-19.719,-9.258,True
ET_01,other,26.57,-0.1033,0.08001,0.89351,-28.007,-10.734,-13.955,True
ET_01,other,26.580000000000002,-0.13543,0.16304,0.88338,-32.348,0.106,-15.801,True
ET_01,other,26.59,-0.08758,0.25462,0.88546,-29.128,10.192,-16.237,True
ET_01,other,26.6,-0.03248,0.31424,0.93913,-19.26,19.154,-9.273,True
ET_01,other,26.61,0.05449,0.35115,0.92612,-4.826,24.727,-2.417,True
ET_01,other,26.62,0.19485,0.33822,1.00581,9.543,22.262,4.707,True
ET_01,other,26.63,0.28712,0.29608,1.01437,24.246,17.619,11.899,True
ET_01,other,26.64,0.33284,0.25385,1.0696,30.708,8.082,15.4,True
ET_01,other,26.650000000000002,0.34133,0.16269,1.04759,31.962,-4.597,16.283,True
ET_01,other,26.66,0.28306,0.07328,1.03667,25.495,-14.341,13.609,True
ET_01,other,26.67,0.20378,0.01297,1.0101,13.349,-22.81,5.957,True
ET_01,other,26.68,0.10583,0.00981,0.9773,-0.039,-22.055,-0.234,True
ET_01,other,26.69,0.00728,0.01455,0.91884,-14.984,-20.259,-6.131,True
ET_01,other,26.7,-0.09407,0.09035,0.93384,-27.771,-12.783,-12.251,True
ET_01,other,26.71,-0.12791,0.16613,0.88334,-33.039,-2.032,-15.366,True
ET_01,other,26.72,-0.08706,0.23397,0.88035,-30.086,8.117,-13.816,True
ET_01,other,26.73,-0.03339,0.31762,0.94232,-20.838,17.331,-10.719,True
ET_01,other,26.740000000000002,0.05523,0.31804,0.95329,-7.202,23.199,-3.805,True
ET_01,other,26.75,0.17448,0.34479,0.96417,7.039,23.552,3.916,True
ET_01,other,26.76,0.27835,0.30837,1.02455,20.808,17.481,9.995,True
ET_01,other,26.77,0.30605,0.23226,1.04234,29.426,8.351,16.047,True
ET_01,other,26.78,0.36111,0.16173,1.03769,32.196,-2.731,15.353,True
ET_01,other,26.79,0.29481,0.0811,1.05976,26.082,-12.64,12.919,True
ET_01,other,26.8,0.21127,0.07436,1.0358,16.254,-17.815,8.202,True
ET_01,other,26.810000000000002,0.12302,0.0201,0.97578,2.695,-24.455,1.265,True
ET_01,other,26.82,0.02413,0.00032,0.88958,-11.364,-21.046,-6.591,True
ET_01,other,26.830000000000002,-0.07707,0.06891,0.89334,-24.256,-13.037,-11.484,True
ET_01,other,26.84,-0.09094,0.15466,0.87686,-31.313,-4.947,-14.568,True
ET_01,other,26.85,-0.1143,0.21161,0.89731,-30.983,6.476,-16.23,True
ET_01,other,26.86,-0.05656,0.30818,0.90825,-23.241,17.096,-11.551,True
ET_01,other,26.87,0.01332,0.31559,0.94337,-10.377,20.926,-4.897,True
ET_01,other,26.88,0.09564,0.36303,0.97089,3.178,22.039,4.043,True
ET_01,other,26.89,0.24902,0.28761,1.03078,16.166,17.46,10.004,True
ET_01,other,26.900000000000002,0.28211,0.25506,1.03658,26.663,10.525,13.593,True
ET_01,other,26.91,0.3205,0.18691,1.06799,30.517,0.394,14.903,True
ET_01,other,26.92,0.27134,0.08799,1.06388,27.648,-10.865,13.508,True
ET_01,other,26.93,0.22753,0.0719,1.04985,18.552,-18.763,7.985,True
ET_01,other,26.94,0.11744,0.00255,1.00979,3.735,-23.145,1.875,True
ET_01,other,26.95,0.01984,0.01908,0.94877,-9.457,-21.457,-4.946,True
ET_01,other,26.96,-0.08665,0.07133,0.94059,-21.677,-14.793,-10.949,True
ET_01,other,26.97,-0.10501,0.14048,0.90032,-30.031,-4.744,-13.122,True
ET_01,other,26.98,-0.13534,0.19793,0.8942,-29.981,4.149,-14.754,True
ET_01,other,26.990000000000002,-0.0914,0.29519,0.90334,-23.852,13.136,-12.234,True
ET_01,other,27.0,-0.00556,0.32025,0.94627,-12.835,20.64,-6.502,True
ET_01,other,27.01,0.11681,0.34428,0.97103,2.962,21.125,0.683,True
ET_01,other,27.02,0.22151,0.31692,1.00845,15.332,18.584,7.273,True
ET_01,other,27.03,0.27451,0.27486,1.06272,25.778,11.094,12.393,True
ET_01,other,27.04,0.31063,0.21529,1.0736,28.603,0.652,13.564,True
ET_01,other,27.05,0.29844,0.13328,1.02568,27.556,-7.447,14.23,True
ET_01,other,27.060000000000002,0.23419,0.06657,1.0243,19.498,-16.003,11.074,True
ET_01,other,27.07,0.16143,0.04571,0.97831,6.625,-21.069,2.905,True
ET_01,other,27.080000000000002,0.03161,0.00204,0.94661,-8.512,-21.226,-4.879,True
ET_01,other,27.09,-0.06581,0.08604,0.91251,-19.38,-15.192,-8.822,True
ET_01,other,27.1,-0.09889,0.11984,0.87974,-27.033,-6.992,-13.157,True
ET_01,other,27.11,-0.10541,0.18923,0.90139,-28.908,2.603,-15.262,True
ET_01,other,27.12,-0.06488,0.2726,0.89359,-23.313,12.561,-11.641,True
ET_01,other,27.13,-0.01168,0.324,0.95371,-14.708,19.298,-7.189,True
ET_01,other,27.14,0.07542,0.31156,0.96886,-0.696,22.19,-0.946,True
ET_01,other,27.150000000000002,0.21006,0.2933,1.0045,11.745,18.653,7.568,True
ET_01,other,27.16,0.26236,0.26526,1.0301,23.578,11.69,11.877,True
ET_01,other,27.17,0.30322,0.20822,1.02949,27.166,5.111,15.132,True
ET_01,other,27.18,0.3017,0.14263,1.04434,26.111,-6.662,13.952,True
ET_01,other,27.19,0.22904,0.04502,1.03805,18.387,-15.618,11.38,True
ET_01,other,27.2,0.16854,0.038,1.00092,8.8,-19.063,4.694,True
ET_01,other,27.21,0.06774,0.03501,0.99251,-5.183,-21.52,-1.53,True
ET_01,other,27.22,-0.01746,0.06824,0.92347,-17.792,-16.672,-7.202,True
ET_01,other,27.23,-0.08768,0.11837,0.91946,-25.861,-10.513,-12.446,True
ET_01,other,27.240000000000002,-0.10282,0.16693,0.90012,-28.316,0.782,-14.405,True
ET_01,other,27.25,-0.08844,0.24677,0.9319,-25.559,10.468,-11.572,True
ET_01,other,27.26,-0.02118,0.30564,0.91437,-14.268,17.707,-9.041,True
ET_01,other,27.27,0.07509,0.32547,0.9705,-3.102,20.582,-0.897,True
ET_01,other,27.28,0.18298,0.31152,0.97909,11.193,19.243,5.274,True
ET_01,other,27.29,0.25124,0.29419,1.04163,20.059,14.221,9.99,True
ET_01,other,27.3,0.32219,0.19967,1.05209,26.757,4.078,14.342,True
ET_01,other,27.310000000000002,0.29443,0.15872,1.07131,28.18,-5.315,13.419,True
ET_01,other,27.32,0.28921,0.09753,1.0204,21.94,-14.035,10.989,True
ET_01,other,27.330000000000002,0.14894,0.04717,1.03169,10.054,-18.898,5.652,True
ET_01,other,27.34,0.08095,0.03791,0.96608,-2.403,-20.657,-1.398,True
ET_01,other,27.35,-0.0044,0.04224,0.92384,-14.466,-17.718,-6.331,True
ET_01,other,27.36,-0.07179,0.09742,0.90071,-23.748,-11.126,-12.404,True
ET_01,other,27.37,-0.09034,0.14926,0.91378,-27.818,-2.246,-13.144,True
ET_01,other,27.38,-0.05733,0.23905,0.92279,-25.693,8.201,-13.362,True
ET_01,other,27.39,-0.02374,0.28561,0.95025,-18.329,15.699,-9.732,True
ET_01,other,27.400000000000002,0.07834,0.30848,0.95973,-6.348,19.817,-1.121,True
ET_01,other,27.41,0.13391,0.32701,0.97599,7.72,19.476,3.726,True
ET_01,other,27.42,0.21309,0.25656,1.02897,19.306,14.684,9.085,True
ET_01,other,27.43,0.33366,0.2289,1.07694,24.825,6.553,12.899,True
ET_01,other,27.44,0.30677,0.17188,1.01858,27.456,-3.612,11.601,True
ET_01,other,27.45,0.25594,0.07057,1.02958,19.442,-11.635,11.407,True
ET_01,other,27.46,0.17502,0.05183,1.03604,13.305,-17.544,5.915,True
ET_01,other,27.47,0.11191,0.0119,0.97307,-1.346,-21.031,-0.329,True
ET_01,other,27.48,0.04317,0.04806,0.95791,-11.632,-17.274,-6.442,True
ET_01,other,27.490000000000002,-0.06093,0.08055,0.92578,-22.222,-12.384,-11.151,True
ET_01,other,27.5,-0.07935,0.16774,0.89818,-25.564,-3.109,-14.259,True
ET_01,other,27.51,-0.08703,0.22171,0.92654,-24.394,6.519,-11.59,True
ET_01,other,27.52,-0.04069,0.28774,0.91492,-19.147,13.58,-9.269,True
ET_01,other,27.53,0.03704,0.31984,0.96887,-7.998,17.571,-2.522,True
ET_01,other,27.54,0.12556,0.32455,0.97544,5.913,19.128,3.321,True
ET_01,other,27.55,0.19887,0.29914,1.02249,16.845,16.74,8.141,True
ET_01,other,27.560000000000002,0.32352,0.23851,1.04409,24.202,7.295,11.606,True
ET_01,other,27.57,0.29806,0.16505,1.04743,25.936,-2.222,12.676,True
ET_01,other,27.580000000000002,0.26774,0.11415,1.02021,21.301,-10.437,10.63,True
ET_01,other,27.59,0.2016,0.04673,1.0229,13.841,-15.691,5.881,True
ET_01,other,27.6,0.11912,0.02036,0.98762,3.759,-19.141,-0.073,True
ET_01,other,27.61,0.05174,0.03635,0.97705,-10.78,-17.448,-3.526,True
ET_01,other,27.62,-0.04583,0.08426,0.94977,-18.204,-11.661,-10.464,True
ET_01,other,27.63,-0.08416,0.11204,0.90733,-25.032,-1.667,-11.426,True
ET_01,other,27.64,-0.09553,0.23619,0.90021,-25.499,5.194,-11.688,True
ET_01,other,27.650000000000002,-0.04961,0.2661,0.93959,-19.198,11.573,-8.464,True
ET_01,other,27.66,0.03233,0.28714,0.92943,-7.946,17.112,-5.4,True
ET_01,other,27.67,0.12887,0.31735,1.00555,2.517,17.741,1.165,True
ET_01,other,27.68,0.20529,0.29328,1.00448,15.001,14.436,6.312,True
ET_01,other,27.69,0.28325,0.24009,1.03536,20.328,8.004,11.533,True
ET_01,other,27.7,0.28687,0.19378,1.06972,25.018,0.096,12.399,True
ET_01,other,27.71,0.24002,0.10862,1.04139,21.979,-7.536,12.229,True
ET_01,other,27.72,0.22851,0.05413,1.00182,15.038,-13.914,8.391,True
ET_01,other,27.73,0.15047,0.0324,0.99501,3.623,-17.195,1.167,True
ET_01,other,27.740000000000002,0.06093,0.05839,0.96426,-8.004,-17.514,-3.153,True
ET_01,other,27.75,-0.03874,0.06891,0.91987,-17.249,-12.021,-8.249,True
ET_01,other,27.76,-0.0705,0.13259,0.91429,-23.074,-4.218,-11.98,True
ET_01,other,27.77,-0.08396,0.19699,0.89772,-24.207,2.196,-11.456,True
ET_01,other,27.78,-0.05817,0.23025,0.93644,-21.503,10.457,-9.056,True
ET_01,other,27.79,0.04481,0.29843,0.9264,-10.399,15.591,-5.573,True
ET_01,other,27.8,0.09806,0.31422,0.99541,1.425,18.715,-0.526,True
ET_01,other,27.810000000000002,0.19226,0.27162,0.98578,11.618,15.463,5.899,True
ET_01,other,27.82,0.24175,0.26144,1.0078,19.553,9.241,9.508,True
ET_01,other,27.830000000000002,0.24577,0.19318,1.03319,23.584,2.195,11.553,True
ET_01,other,27.84,0.25562,0.1023,1.01575,22.341,-5.62,11.466,True
ET_01,other,27.85,0.20761,0.09091,1.01755,15.455,-13.868,8.737,True
ET_01,other,27.86,0.13718,0.05168,0.97066,6.565,-18.321,2.865,True
ET_01,other,27.87,0.02838,0.03243,0.98239,-6.186,-17.172,-3.593,True
ET_01,other,27.88,-0.00375,0.0683,0.9242,-14.27,-13.594,-8.357,True
ET_01,other,27.89,-0.07466,0.11274,0.94743,-20.741,-6.804,-9.169,True
ET_01,other,27.900000000000002,-0.08716,0.19732,0.92516,-22.193,1.727,-11.319,True
ET_01,other,27.91,-0.03561,0.21486,0.90203,-18.909,9.257,-9.121,True
ET_01,other,27.92,0.00587,0.30251,0.94726,-11.999,12.912,-5.488,True
ET_01,other,27.93,0.08806,0.3006,0.97757,-1.369,16.299,0.069,True
ET_01,other,27.94,0.15076,0.30735,1.01801,9.408,15.155,4.865,True
ET_01,other,27.95,0.23604,0.26025,0.99885,17.036,11.666,9.617,True
ET_01,other,27.96,0.27379,0.19904,1.04205,22.682,2.993,11.491,True
ET_01,other,27.97,0.26441,0.14001,1.07064,22.187,-4.766,10.912,True
ET_01,other,27.98,0.21828,0.10565,1.00305,16.982,-11.926,9.512,True
ET_01,other,27.990000000000002,0.14966,0.0678,0.99868,6.845,-15.057,3.228,True
ET_01,other,28.0,0.09053,0.08683,0.96866,-3.082,-16.236,-2.518,True
ET_01,other,28.01,-0.0007,0.08247,0.93063,-12.945,-13.948,-6.532,True
ET_01,other,28.02,-0.03549,0.13461,0.9454,-21.004,-8.476,-11.559,True
ET_01,other,28.03,-0.04937,0.15294,0.91289,-23.622,1.754,-11.04,True
ET_01,other,28.04,-0.05159,0.22832,0.93199,-19.79,8.581,-9.924,True
ET_01,other,28.05,0.01409,0.27676,0.96306,-13.347,13.472,-6.315,True
ET_01,other,28.060000000000002,0.06905,0.30169,0.97107,-2.21,15.524,-2.286,True
ET_01,other,28.07,0.15963,0.29263,0.97092,7.797,14.635,3.891,True
ET_01,other,28.080000000000002,0.21541,0.26313,1.0255,16.76,10.83,7.099,True
ET_01,other,28.09,0.24802,0.1909,1.02,21.382,3.718,11.144,True
ET_01,other,28.1,0.26116,0.18055,1.02791,22.266,-2.636,11.818,True
ET_01,other,28.11,0.22268,0.11983,1.02953,17.464,-10.653,7.843,True
ET_01,other,28.12,0.15912,0.0493,0.98822,8.669,-13.492,5.397,True
ET_01,other,28.13,0.10358,0.04773,0.9958,-1.066,-15.849,-1.067,True
ET_01,other,28.14,0.03986,0.07331,0.94114,-10.046,-14.126,-4.465,True
ET_01,other,28.150000000000002,-0.03174,0.12015,0.91313,-18.248,-8.169,-8.783,True
ET_01,other,28.16,-0.05282,0.1658,0.89682,-21.764,-0.701,-11.098,True
ET_01,other,28.17,-0.06233,0.22087,0.90401,-20.072,6.364,-8.989,True
ET_01,other,28.18,0.00507,0.23964,0.93799,-13.849,12.334,-7.553,True
ET_01,other,28.19,0.07871,0.30907,0.95666,-4.958,16.512,-2.082,True
ET_01,other,28.2,0.14431,0.27508,1.00429,4.875,16.292,2.885,True
ET_01,other,28.21,0.22528,0.29173,1.0205,14.731,10.735,7.972,True
ET_01,other,28.22,0.26006,0.1883,1.03525,20.056,6.306,9.904,True
ET_01,other,28.23,0.27595,0.18022,1.03172,20.312,-1.457,11.011,True
ET_01,other,28.240000000000002,0.21605,0.10831,1.02398,18.308,-8.377,9.29,True
ET_01,other,28.25,0.16051,0.07632,1.01871,9.683,-13.842,5.471,True
ET_01,other,28.26,0.11051,0.06246,0.99358,-0.267,-15.914,0.524,True
ET_01,other,28.27,0.05541,0.05637,0.94832,-9.45,-14.56,-5.629,True
ET_01,other,28.28,-0.00598,0.11163,0.91789,-15.547,-8.132,-8.121,True
ET_01,other,28.29,-0.02588,0.16247,0.91745,-20.206,-3.085,-11.043,True
ET_01,other,28.3,-0.04983,0.21301,0.90595,-19.263,4.888,-10.166,True
ET_01,other,28.310000000000002,-0.01462,0.24515,0.95783,-13.785,12.806,-7.132,True
ET_01,other,28.32,0.07026,0.27725,0.93422,-6.659,13.718,-2.949,True
ET_01,other,28.330000000000002,0.1332,0.30844,0.95485,3.55,14.118,-0.099,True
ET_01,other,28.34,0.19382,0.26562,0.98771,12.108,10.999,4.914,True
ET_01,other,28.35,0.23472,0.23822,1.01334,18.682,5.976,9.145,True
ET_01,other,28.36,0.25723,0.1577,1.02368,20.601,-1.667,8.808,True
ET_01,other,28.37,0.25042,0.11141,1.01321,17.322,-8.618,8.742,True
ET_01,other,28.38,0.20753,0.0895,1.01883,9.243,-11.818,5.136,True
ET_01,other,28.39,0.12235,0.06507,1.0082,0.47,-14.341,1.273,True
ET_01,other,28.400000000000002,0.05339,0.08345,0.94041,-7.245,-13.887,-3.66,True
ET_01,other,28.41,-0.01919,0.09437,0.93147,-14.928,-8.512,-8.25,True
ET_01,other,28.42,-0.04598,0.14761,0.91338,-19.148,-3.989,-7.647,True
ET_01,other,28.43,-0.02997,0.19697,0.92234,-21.412,4.886,-10.355,True
ET_01,other,28.44,-0.00311,0.26175,0.95474,-15.927,10.002,-6.699,True
ET_01,other,28.45,0.03488,0.27509,0.97644,-6.81,13.213,-3.922,True
ET_01,other,28.46,0.1137,0.27825,0.9488,2.041,14.703,0.974,True
ET_01,other,28.47,0.17853,0.26804,1.02679,11.077,13.266,5.179,True
ET_01,other,28.48,0.23427,0.25303,1.02907,17.081,8.024,8.375,True
ET_01,other,28.490000000000002,0.2761,0.20055,1.02673,19.299,1.842,8.342,True
ET_01,other,28.5,0.22162,0.1284,0.99887,18.702,-5.066,8.666,True
ET_01,other,28.51,0.21223,0.09568,1.00035,12.925,-11.705,5.583,True
ET_01,other,28.52,0.09864,0.06799,0.97883,3.305,-13.328,3.071,True
ET_01,other,28.53,0.08624,0.06794,0.94834,-4.363,-14.617,-2.13,True
ET_01,other,28.54,0.02514,0.08683,0.9202,-14.596,-10.803,-6.999,True
ET_01,other,28.55,-0.02623,0.16677,0.93142,-18.389,-5.492,-8.146,True
ET_01,other,28.560000000000002,-0.03335,0.17465,0.92174,-19.867,1.736,-9.68,True
ET_01,other,28.57,-0.03324,0.21886,0.90696,-15.916,10.078,-6.27,True
ET_01,other,28.580000000000002,0.04216,0.2827,0.94488,-9.061,13.343,-4.257,True
ET_01,other,28.59,0.11097,0.29078,0.94961,1.667,15.546,0.694,True
ET_01,other,28.6,0.19248,0.28109,0.99089,9.554,12.349,4.764,True
ET_01,other,28.61,0.24064,0.24112,0.99336,16.305,8.624,8.318,True
ET_01,other,28.62,0.25412,0.1984,1.02721,19.52,3.063,10.013,True
ET_01,other,28.63,0.26727,0.14231,1.01336,19.098,-4.962,8.849,True
ET_01,other,28.64,0.18342,0.11785,0.98246,13.395,-10.411,6.621,True
ET_01,other,28.650000000000002,0.14856,0.07789,0.98993,5.896,-13.163,2.831,True
ET_01,other,28.66,0.09812,0.08444,0.9487,-2.665,-14.046,-2.371,True
ET_01,other,28.67,0.00284,0.1198,0.93045,-10.831,-11.283,-5.782,True
ET_01,other,28.68,0.0034,0.1489,0.94209,-18.743,-7.196,-9.549,True
ET_01,other,28.69,-0.05314,0.19299,0.92748,-19.523,0.533,-9.188,True
ET_01,other,28.7,-0.02014,0.24526,0.93197,-16.168,7.117,-9.277,True
ET_01,other,28.71,0.019,0.25594,0.97405,-8.598,12.559,-4.032,True
ET_01,other,28.72,0.12092,0.29547,0.97135,-2.725,14.04,-0.431,True
ET_01,other,28.73,0.14885,0.29364,0.96368,7.904,12.31,3.229,True
ET_01,other,28.740000000000002,0.21921,0.27806,1.00329,14.097,9.01,8.187,True
ET_01,other,28.75,0.26864,0.20492,1.02561,19.655,1.996,9.703,True
ET_01,other,28.76,0.24093,0.16482,1.00419,18.529,-2.871,9.934,True
ET_01,other,28.77,0.21185,0.10697,1.00406,13.712,-8.542,7.892,True
ET_01,other,28.78,0.16232,0.08694,0.97959,6.809,-13.678,2.94,True
ET_01,other,28.79,0.10177,0.06756,0.96605,-1.649,-14.429,-1.22,True
ET_01,other,28.8,0.02722,0.08634,0.94291,-11.743,-11.48,-5.326,True
ET_01,other,28.810000000000002,0.0003,0.14388,0.94245,-17.548,-6.838,-8.751,True
ET_01,other,28.82,-0.05728,0.21972,0.89258,-19.634,0.063,-10.345,True
ET_01,other,28.830000000000002,-0.01206,0.2435,0.9278,-18.184,6.183,-7.594,True
ET_01,other,28.84,0.0086,0.2654,0.90969,-12.149,11.651,-6.328,True
ET_01,other,28.85,0.08258,0.30689,0.95453,-3.521,14.58,-3.121,True
ET_01,other,28.86,0.18577,0.30177,0.97443,6.574,14.896,2.105,True
ET_01,other,28.87,0.20366,0.25533,0.98677,14.087,10.852,7.588,True
ET_01,other,28.88,0.23951,0.24199,1.01318,17.483,4.194,9.511,True
ET_01,other,28.89,0.23942,0.13939,1.02797,20.187,-4.315,10.467,True
ET_01,other,28.900000000000002,0.25195,0.11545,1.02072,15.397,-8.563,7.5,True
ET_01,other,28.91,0.21863,0.10052,1.00701,8.922,-11.897,3.698,True
ET_01,other,28.92,0.11218,0.07491,0.95677,-1.115,-14.609,-1.293,True
ET_01,other,28.93,0.05571,0.0932,0.9516,-8.895,-13.284,-4.678,True
ET_01,other,28.94,-0.02308,0.10288,0.90991,-16.199,-8.658,-7.489,True
ET_01,other,28.95,-0.0239,0.19261,0.91137,-19.791,-1.739,-10.994,True
ET_01,other,28.96,-0.01949,0.2486,0.92759,-19.608,5.53,-9.162,True
ET_01,other,28.97,0.03702,0.29182,0.94007,-12.941,10.978,-6.222,True
ET_01,other,28.98,0.07419,0.2901,0.95237,-4.709,13.355,-2.917,True
ET_01,other,28.990000000000002,0.10918,0.30648,0.97368,3.93,13.273,3.594,True
ET_01,other,29.0,0.2028,0.2622,1.01408,12.573,10.586,6.6,True
ET_01,other,29.01,0.27359,0.22046,0.99895,18.902,5.922,8.361,True
ET_01,other,29.02,0.273,0.16032,1.01173,19.604,-1.902,10.602,True
ET_01,other,29.03,0.26579,0.11856,0.99241,16.723,-8.359,9.608,True
ET_01,other,29.04,0.17278,0.10366,0.98836,9.201,-12.16,5.838,True
ET_01,other,29.05,0.14429,0.0436,0.96782,-0.076,-15.779,0.915,True
ET_01,other,29.060000000000002,0.06459,0.08114,0.95558,-9.148,-13.813,-6.307,True
ET_01,other,29.07,0.02797,0.15358,0.92887,-16.238,-9.398,-8.796,True
ET_01,other,29.080000000000002,-0.04504,0.15452,0.89681,-20.029,-2.534,-9.359,True
ET_01,other,29.09,-0.02755,0.23927,0.9138,-20.006,4.41,-10.082,True
ET_01,other,29.1,0.03727,0.2556,0.89895,-13.532,11.788,-6.481,True
ET_01,other,29.11,0.09498,0.30636,0.9533,-6.325,13.678,-1.789,True
ET_01,other,29.12,0.14169,0.28484,0.96437,2.108,14.727,2.844,True
ET_01,other,29.13,0.21598,0.23937,0.99552,10.465,12.224,6.046,True
ET_01,other,29.14,0.23403,0.23246,1.03774,17.931,7.275,9.141,True
ET_01,other,29.150000000000002,0.26536,0.18993,1.0013,20.173,-1.691,10.68,True
ET_01,other,29.16,0.27068,0.12636,0.98651,19.282,-6.746,9.441,True
ET_01,other,29.17,0.18905,0.10246,0.98282,11.787,-12.773,6.34,True
ET_01,other,29.18,0.13722,0.07735,0.98777,2.124,-14.816,-0.106,True
ET_01,other,29.19,0.0744,0.08134,0.9382,-7.591,-13.313,-3.098,True
ET_01,other,29.2,0.01658,0.1092,0.91908,-14.791,-11.295,-7.965,True
ET_01,other,29.21,-0.01456,0.17984,0.88603,-20.616,-4.183,-10.218,True
ET_01,other,29.22,-0.03821,0.19932,0.89422,-20.05,2.507,-8.533,True
ET_01,other,29.23,0.00013,0.24482,0.9216,-16.118,10.459,-7.862,True
ET_01,other,29.240000000000002,0.07176,0.29868,0.95753,-8.031,14.703,-2.332,True
ET_01,other,29.25,0.16518,0.31156,0.97304,1.592,15.152,-0.677,True
ET_01,other,29.26,0.19856,0.28066,0.99438,9.975,12.288,5.66,True
ET_01,other,29.27,0.26129,0.27676,1.01162,18.231,8.489,8.483,True
ET_01,other,29.28,0.31334,0.19684,1.00686,22.301,1.422,11.704,True
ET_01,other,29.29,0.27858,0.15676,0.99943,19.786,-7.174,8.589,True
ET_01,other,29.3,0.20921,0.09544,1.00806,14.692,-12.444,6.533,True
ET_01,other,29.310000000000002,0.1552,0.08635,0.9645,4.759,-15.554,2.773,True
ET_01,other,29.32,0.07188,0.08863,0.94361,-6.115,-15.518,-3.499,True
ET_01,other,29.330000000000002,0.03048,0.10899,0.92707,-15.731,-11.797,-6.923,True
ET_01,other,29.34,-0.00118,0.14311,0.91185,-20.853,-7.145,-10.861,True
ET_01,other,29.35,-0.02486,0.24475,0.90294,-22.73,1.051,-9.136,True
ET_01,other,29.36,-0.02106,0.22946,0.92662,-17.016,9.727,-8.924,True
ET_01,other,29.37,0.05772,0.29484,0.96037,-10.668,13.969,-5.572,True
ET_01,other,29.38,0.13543,0.29579,0.95684,-0.205,16.131,0.576,True
ET_01,other,29.39,0.20452,0.28929,0.9716,12.015,14.668,4.837,True
ET_01,other,29.400000000000002,0.26512,0.26241,1.01377,17.527,9.74,8.436,True
ET_01,other,29.41,0.27676,0.19656,1.01839,20.824,2.679,11.008,True
ET_01,other,29.42,0.28416,0.15363,1.01184,20.989,-6.069,9.142,True
ET_01,other,29.43,0.24878,0.12842,0.98979,15.619,-11.939,7.115,True
ET_01,other,29.44,0.2031,0.08225,1.00049,6.995,-15.754,4.374,True
ET_01,other,29.45,0.10691,0.09173,0.96672,-3.877,-16.264,0.167,True
ET_01,other,29.46,0.03359,0.12082,0.94066,-13.595,-13.354,-8.081,True
ET_01,other,29.47,0.0121,0.0989,0.9098,-20.569,-7.706,-9.531,True
ET_01,other,29.48,-0.02947,0.18846,0.91777,-21.112,0.4,-10.039,True
ET_01,other,29.490000000000002,0.00819,0.2445,0.90864,-20.017,9.039,-9.858,True
ET_01,other,29.5,0.0295,0.29215,0.93325,-11.556,13.955,-6.728,True
ET_01,other,29.51,0.14073,0.30708,0.93622,-2.679,16.726,-2.085,True
ET_01,other,29.52,0.197,0.3101,0.98875,8.423,14.015,3.832,True
ET_01,other,29.53,0.24155,0.26875,0.98983,16.584,9.683,8.295,True
ET_01,other,29.54,0.28908,0.22359,1.02715,21.933,1.814,10.854,True
ET_01,other,29.55,0.29012,0.18842,1.0173,22.426,-2.719,10.189,True
ET_01,other,29.560000000000002,0.26056,0.11896,0.99434,16.31,-11.405,8.884,True
ET_01,other,29.57,0.21437,0.11954,0.99112,9.214,-15.101,5.665,True
ET_01,other,29.580000000000002,0.13543,0.05438,0.93022,-1.083,-16.227,-0.329,True
ET_01,other,29.59,0.05609,0.07875,0.9321,-12.451,-14.743,-4.815,True
ET_01,other,29.6,-0.0235,0.12273,0.90545,-20.66,-8.235,-9.48,True
ET_01,other,29.61,-0.00547,0.20085,0.91186,-22.843,-0.755,-12.253,True
ET_01,other,29.62,-0.03667,0.25132,0.87194,-19.749,7.364,-10.533,True
ET_01,other,29.63,0.04156,0.30284,0.91073,-14.717,14.01,-6.903,True
ET_01,other,29.64,0.08755,0.30692,0.91555,-4.239,17.174,-1.209,True
ET_01,other,29.650000000000002,0.18404,0.29594,0.96364,7.263,18.282,3.145,True
ET_01,other,29.66,0.25513,0.28211,0.98323,16.444,13.495,6.551,True
ET_01,other,29.67,0.33035,0.24409,1.02956,21.902,4.846,10.518,True
ET_01,other,29.68,0.29506,0.16813,0.99189,21.541,-3.644,11.469,True
ET_01,other,29.69,0.27879,0.13916,0.99696,18.322,-9.728,9.845,True
ET_01,other,29.7,0.21744,0.07571,0.97477,11.112,-15.895,5.305,True
ET_01,other,29.71,0.13365,0.04168,0.96836,-0.988,-17.328,0.546,True
ET_01,other,29.72,0.04481,0.07984,0.91809,-12.17,-14.556,-6.405,True
ET_01,other,29.73,-0.03787,0.14327,0.90424,-18.874,-10.357,-8.73,True
ET_01,other,29.740000000000002,-0.03735,0.164,0.925,-22.373,-0.911,-11.641,True
ET_01,other,29.75,0.00481,0.23881,0.90503,-23.966,5.852,-10.014,True
ET_01,other,29.76,0.01601,0.31241,0.90983,-17.821,11.514,-7.69,True
ET_01,other,29.77,0.08633,0.32646,0.91222,-6.56,17.037,-3.703,True
ET_01,other,29.78,0.21756,0.33431,0.96619,4.947,17.894,2.111,True
ET_01,other,29.79,0.27183,0.27345,1.02117,16.743,14.734,8.454,True
ET_01,other,29.8,0.31371,0.24903,1.01819,22.839,7.56,11.832,True
ET_01,other,29.810000000000002,0.3216,0.17762,1.02283,24.35,-2.174,12.264,True
ET_01,other,29.82,0.31342,0.13526,1.02943,19.913,-8.554,11.16,True
ET_01,other,29.830000000000002,0.22876,0.07009,0.97064,13.253,-14.207,6.218,True
ET_01,other,29.84,0.16776,0.07565,0.98674,1.839,-17.85,0.386,True
ET_01,other,29.85,0.07244,0.06964,0.92368,-10.501,-16.468,-4.31,True
ET_01,other,29.86,-0.01464,0.11441,0.92663,-19.103,-11.754,-10.99,True
ET_01,other,29.87,-0.04767,0.16689,0.87011,-24.659,-4.726,-12.694,True
ET_01,other,29.88,-0.04343,0.2448,0.88378,-24.649,7.559,-12.228,True
ET_01,other,29.89,0.0151,0.30203,0.88901,-19.704,13.94,-9.567,True
ET_01,other,29.900000000000002,0.0983,0.3472,0.91419,-8.919,17.891,-4.392,True
ET_01,other,29.91,0.18919,0.32833,0.9335,2.977,18.399,0.868,True
ET_01,other,29.92,0.27222,0.3038,0.95476,15.623,17.671,6.797,True
ET_01,other,29.93,0.31729,0.25406,1.01036,22.649,8.038,11.08,True
ET_01,other,29.94,0.36299,0.18881,1.01986,25.643,0.608,13.126,True
ET_01,other,29.95,0.31781,0.1167,1.0264,23.884,-8.425,12.7,True
ET_01,other,29.96,0.27452,0.06424,0.97873,14.474,-16.591,8.024,True
ET_01,other,29.97,0.17125,0.06557,0.95131,4.22,-18.913,1.502,True
ET_01,other,29.98,0.0897,0.058,0.91386,-9.547,-17.127,-2.939,True
ET_01,other,29.990000000000002,-0.01396,0.08893,0.8803,-18.897,-12.081,-10.812,True
ET_01,other,30.0,-0.02902,0.15441,0.90057,-24.17,-4.398,-12.088,True
ET_01,other,30.01,-0.03855,0.22763,0.88844,-25.32,4.034,-13.147,True
ET_01,other,30.02,-0.0075,0.29874,0.87503,-21.682,12.407,-10.283,True
ET_01,other,30.03,0.0861,0.36019,0.91578,-10.184,19.198,-4.284,True
ET_01,other,30.04,0.18358,0.34102,0.95377,0.97,18.653,0.785,True
ET_01,other,30.05,0.25534,0.35114,0.98866,13.723,16.841,5.515,True
ET_01,other,30.060000000000002,0.31805,0.25689,0.98235,21.962,10.615,11.279,True
ET_01,other,30.07,0.35382,0.23794,1.00892,27.762,3.669,12.49,True
ET_01,other,30.080000000000002,0.33082,0.14255,1.04464,25.895,-8.273,13.714,True
ET_01,other,30.09,0.27742,0.10005,0.99472,18.789,-13.898,9.418,True
ET_01,other,30.1,0.2,0.07036,0.98224,5.455,-19.192,3.559,True
ET_01,other,30.11,0.11436,0.06839,0.93215,-5.913,-19.911,-2.448,True
ET_01,other,30.12,0.02483,0.09772,0.90858,-18.531,-15.274,-8.973,True
ET_01,other,30.13,-0.05075,0.16022,0.87688,-24.698,-6.237,-13.577,True
ET_01,other,30.14,-0.02119,0.2375,0.87633,-26.899,1.917,-13.977,True
ET_01,other,30.150000000000002,-0.01315,0.27578,0.89739,-22.361,11.307,-11.96,True
ET_01,other,30.16,0.05728,0.34757,0.93473,-12.272,16.747,-7.27,True
ET_01,other,30.17,0.152,0.32982,0.9395,-1.381,19.569,-0.117,True
ET_01,other,30.18,0.24531,0.34928,0.97453,11.726,16.833,6.886,True
ET_01,other,30.19,0.33721,0.25399,0.9984,23.327,13.043,11.324,True
ET_01,other,30.2,0.38067,0.23512,1.03916,27.079,5.056,13.994,True
ET_01,other,30.21,0.3482,0.13097,1.04194,26.003,-6.429,13.659,True
ET_01,other,30.22,0.29835,0.08718,1.02643,18.647,-12.993,11.051,True
ET_01,other,30.23,0.22315,0.07191,0.96679,9.144,-20.348,5.354,True
ET_01,other,30.240000000000002,0.11211,0.05371,0.95932,-5.447,-19.877,-1.743,True
ET_01,other,30.25,0.04379,0.06576,0.88281,-16.124,-17.525,-8.021,True
ET_01,other,30.26,-0.02366,0.12327,0.86746,-25.72,-10.537,-12.063,True
ET_01,other,30.27,-0.02813,0.21232,0.86471,-27.93,1.481,-12.722,True
ET_01,other,30.28,0.00132,0.2899,0.88661,-24.316,11.028,-11.596,True
ET_01,other,30.29,0.04634,0.32646,0.90015,-17.057,17.342,-6.893,True
ET_01,other,30.3,0.13082,0.35723,0.94847,-3.191,20.615,-2.205,True
ET_01,other,30.310000000000002,0.2174,0.35995,0.96667,9.97,19.821,4.812,True
ET_01,other,30.32,0.30279,0.2768,1.00355,21.782,13.553,10.817,True
ET_01,other,30.330000000000002,0.32717,0.23064,1.01045,27.835,6.195,12.583,True
ET_01,other,30.34,0.39882,0.18267,1.00169,27.377,-3.551,13.638,True
ET_01,other,30.35,0.31247,0.12062,1.00439,22.365,-12.758,11.785,True
ET_01,other,30.36,0.21543,0.07337,0.97282,11.305,-18.232,6.749,True
ET_01,other,30.37,0.17142,0.05721,0.92123,-1.563,-22.698,0.296,True
ET_01,other,30.38,0.06084,0.05568,0.90846,-15.77,-17.842,-8.37,True
ET_01,other,30.39,-0.02925,0.11436,0.85058,-25.629,-10.387,-13.173,True
ET_01,other,30.400000000000002,-0.06256,0.20509,0.8661,-28.814,-1.952,-14.409,True
ET_01,other,30.41,-0.03191,0.26377,0.86401,-27.165,8.021,-14.148,True
ET_01,other,30.42,-0.01182,0.32885,0.8861,-18.718,16.341,-11.099,True
ET_01,other,30.43,0.13507,0.35206,0.9426,-7.485,21.896,-3.096,True
ET_01,other,30.44,0.26293,0.35019,0.94367,7.696,21.023,4.932,True
ET_01,other,30.45,0.30161,0.30971,0.99061,19.805,17.039,10.405,True
ET_01,other,30.46,0.37547,0.28023,1.04085,27.128,9.464,14.514,True
ET_01,other,30.47,0.38929,0.21888,1.01696,29.216,-2.303,15.168,True
ET_01,other,30.48,0.35289,0.07558,1.04849,24.853,-12.478,11.737,True
ET_01,other,30.490000000000002,0.25775,0.07558,0.97524,13.692,-19.153,8.896,True
ET_01,other,30.5,0.16961,0.02313,0.9785,1.926,-21.506,1.101,True
ET_01,other,30.51,0.08383,0.06583,0.90942,-12.14,-19.935,-7.039,True
ET_01,other,30.52,-0.02308,0.10597,0.91564,-24.997,-12.59,-11.452,True
ET_01,other,30.53,-0.06137,0.21247,0.88541,-28.864,-3.258,-13.945,True
ET_01,other,30.54,-0.06155,0.25173,0.84226,-27.198,6.956,-13.565,True
ET_01,other,30.55,0.04691,0.31978,0.8914,-19.207,15.829,-12.169,True
ET_01,other,30.560000000000002,0.10539,0.35885,0.89458,-10.331,20.484,-4.534,True
ET_01,other,30.57,0.24437,0.37671,0.97209,5.623,21.696,2.2,True
ET_01,other,30.580000000000002,0.33363,0.34809,0.989,18.371,16.87,9.192,True
ET_01,other,30.59,0.37223,0.26304,1.02182,28.384,9.365,13.836,True
ET_01,other,30.6,0.38127,0.19285,1.00754,29.821,-0.342,15.887,True
ET_01,other,30.61,0.3782,0.11203,1.00818,25.988,-12.579,13.625,True
ET_01,other,30.62,0.29551,0.06156,1.00703,16.576,-18.498,7.476,True
ET_01,other,30.63,0.2114,0.02507,0.93392,1.222,-23.946,-0.325,True
ET_01,other,30.64,0.08597,0.0298,0.89043,-12.024,-21.211,-6.603,True
ET_01,other,30.650000000000002,-0.00868,0.12196,0.90096,-24.116,-15.003,-11.555,True
ET_01,other,30.66,-0.05945,0.17755,0.85217,-29.598,-5.714,-13.932,True
ET_01,other,30.67,-0.06995,0.23732,0.83115,-30.464,5.492,-15.272,True
ET_01,other,30.68,0.0082,0.3234,0.85747,-23.231,15.59,-13.093,True
ET_01,other,30.69,0.07859,0.33511,0.90754,-11.5,22.011,-4.989,True
ET_01,other,30.7,0.1912,0.36865,0.91718,3.303,23.597,2.043,True
ET_01,other,30.71,0.29575,0.34875,0.99947,18.042,19.605,8.814,True
ET_01,other,30.72,0.3905,0.28676,1.02115,26.291,12.229,14.747,True
ET_01,other,30.73,0.3982,0.20953,1.03255,30.597,0.662,16.802,True
ET_01,other,30.740000000000002,0.39415,0.13372,1.02097,29.606,-9.266,13.893,True
ET_01,other,30.75,0.31451,0.0657,0.97537,19.927,-17.601,10.567,True
ET_01,other,30.76,0.18714,0.04029,0.97472,5.552,-22.625,2.725,True
ET_01,other,30.77,0.10627,0.04284,0.909,-8.314,-21.656,-4.197,True
ET_01,other,30.78,0.00401,0.09034,0.88411,-20.612,-16.781,-11.726,True
ET_01,other,30.79,-0.0269,0.14329,0.83834,-31.071,-7.624,-15.278,True
ET_01,other,30.8,-0.03086,0.24974,0.846,-30.95,3.457,-15.664,True
ET_01,other,30.810000000000002,-0.02587,0.30339,0.85511,-25.142,13.917,-12.539,True
ET_01,other,30.82,0.06234,0.37221,0.87877,-15.016,19.676,-6.836,True
ET_01,other,30.830000000000002,0.18764,0.38078,0.94692,0.071,23.525,1.466,True
ET_01,other,30.84,0.32162,0.33995,0.97715,14.952,21.584,6.478,True
ET_01,other,30.85,0.36875,0.32578,1.03211,26.268,13.449,13.314,True
ET_01,other,30.86,0.40758,0.2515,1.03602,30.417,2.942,16.424,True
ET_01,other,30.87,0.40999,0.17263,1.01698,30.048,-6.971,15.372,True
ET_01,other,30.88,0.32855,0.06858,0.9877,22.397,-18.144,12.149,True
ET_01,other,30.89,0.22692,0.05092,0.94648,7.616,-24.417,4.993,True
ET_01,other,30.900000000000002,0.11777,0.08888,0.90995,-6.719,-23.172,-2.243,True
ET_01,other,30.91,0.02827,0.06959,0.87373,-21.104,-17.992,-9.969,True
ET_01,other,30.92,-0.05188,0.14751,0.87659,-29.97,-10.311,-14.288,True
ET_01,other,30.93,-0.04533,0.22271,0.86491,-31.108,3.009,-16.108,True
ET_01,other,30.94,-0.04061,0.28443,0.88452,-28.99,12.684,-14.037,True
ET_01,other,30.95,0.05271,0.33699,0.89306,-16.729,20.874,-8.666,True
ET_01,other,30.96,0.1713,0.36031,0.9462,-3.0,24.441,-0.867,True
ET_01,other,30.970000000000002,0.25852,0.36952,0.97618,12.279,20.936,6.815,True
ET_01,other,30.98,0.37282,0.30006,0.99486,25.953,15.984,12.01,True
ET_01,other,30.990000000000002,0.40189,0.26082,1.05032,31.516,3.601,16.437,True
ET_01,other,31.0,0.39435,0.1564,1.05687,31.347,-6.48,16.057,True
ET_01,other,31.01,0.34881,0.09144,0.99866,24.209,-15.469,11.037,True
ET_01,other,31.02,0.26478,0.04178,0.98629,12.121,-21.89,5.126,True
ET_01,other,31.03,0.14778,0.04571,0.90647,-4.291,-23.557,-2.976,True
ET_01,other,31.04,0.05828,0.06914,0.89208,-17.811,-19.15,-9.217,True
ET_01,other,31.05,-0.04103,0.0993,0.86438,-29.468,-10.407,-15.445,True
ET_01,other,31.060000000000002,-0.06207,0.22491,0.82191,-34.047,-0.304,-15.394,True
ET_01,other,31.07,0.00754,0.29788,0.86904,-28.094,9.525,-14.167,True
ET_01,other,31.080000000000002,0.05894,0.34671,0.88609,-20.18,18.84,-9.665,True
ET_01,other,31.09,0.14144,0.38943,0.91513,-6.317,24.563,-3.944,True
ET_01,other,31.1,0.22316,0.36926,0.96298,11.43,23.33,5.382,True
ET_01,other,31.11,0.3661,0.34242,0.99649,23.905,18.192,12.993,True
ET_01,other,31.12,0.41832,0.27908,1.02725,32.156,6.932,15.828,True
ET_01,other,31.13,0.42494,0.20562,1.04235,32.684,-3.804,16.881,True
ET_01,other,31.14,0.37965,0.11505,1.02762,26.198,-16.689,13.356,True
ET_01,other,31.150000000000002,0.27348,0.0533,0.97213,13.788,-22.711,6.247,True
ET_01,other,31.16,0.18011,0.0366,0.93075,-3.289,-23.082,-1.724,True
ET_01,other,31.17,0.06601,0.04393,0.89893,-16.172,-22.796,-8.732,True
ET_01,other,31.18,-0.02085,0.13978,0.86962,-27.701,-13.629,-14.898,True
ET_01,other,31.19,-0.03967,0.19065,0.83858,-33.492,-2.113,-16.971,True
ET_01,other,31.2,-0.05019,0.29312,0.83618,-30.212,10.523,-14.865,True
ET_01,other,31.21,0.02948,0.34593,0.86688,-22.275,18.501,-9.727,True
ET_01,other,31.220000000000002,0.13834,0.38246,0.88818,-7.679,23.135,-3.458,True
ET_01,other,31.23,0.24997,0.39798,0.98055,9.277,23.422,4.119,True
ET_01,other,31.240000000000002,0.34732,0.33464,0.98739,21.976,18.38,10.055,True
ET_01,other,31.25,0.40495,0.26658,1.00635,29.899,7.544,14.748,True
ET_01,other,31.26,0.4174,0.21794,0.99936,32.359,-2.037,14.969,True
ET_01,other,31.27,0.39382,0.1115,1.03378,28.495,-13.613,14.061,True
ET_01,other,31.28,0.30018,0.04852,0.99114,15.684,-19.878,9.375,True
ET_01,other,31.29,0.20262,0.04799,0.94425,0.437,-23.952,0.152,True
ET_01,other,31.3,0.11017,0.07549,0.91221,-14.07,-20.89,-6.803,True
ET_01,other,31.310000000000002,-0.02351,0.11786,0.87776,-24.979,-14.501,-13.819,True
ET_01,other,31.32,-0.08373,0.17179,0.84776,-32.307,-4.648,-16.579,True
ET_01,other,31.330000000000002,-0.05719,0.2763,0.8444,-32.451,6.632,-15.589,True
ET_01,other,31.34,0.02569,0.32337,0.86639,-24.449,17.754,-10.738,True
ET_01,other,31.35,0.11875,0.40461,0.90895,-9.838,22.581,-4.216,True
ET_01,other,31.36,0.22106,0.39866,0.95369,4.142,24.649,2.649,True
ET_01,other,31.37,0.34588,0.34981,0.98767,20.572,18.864,9.028,True
ET_01,other,31.38,0.38032,0.30717,1.02626,29.876,10.779,13.856,True
ET_01,other,31.39,0.43081,0.19067,1.00125,33.508,0.116,18.224,True
ET_01,other,31.400000000000002,0.37774,0.14545,1.01804,29.72,-9.95,14.337,True
ET_01,other,31.41,0.31052,0.08034,0.97954,18.2,-20.995,9.216,True
ET_01,other,31.42,0.22138,0.03978,0.92147,2.682,-23.701,2.098,True
ET_01,other,31.43,0.12509,0.03474,0.90951,-11.771,-22.608,-5.806,True
ET_01,other,31.44,0.00074,0.09532,0.88242,-24.721,-15.698,-12.551,True
ET_01,other,31.45,-0.05046,0.15719,0.82299,-30.774,-6.889,-15.394,True
ET_01,other,31.46,-0.0461,0.27267,0.8242,-33.152,3.923,-16.686,True
ET_01,other,31.470000000000002,0.02164,0.33394,0.8654,-25.316,15.896,-13.025,True
ET_01,other,31.48,0.08428,0.39145,0.90581,-12.249,21.796,-6.797,True
ET_01,other,31.490000000000002,0.18917,0.40321,0.92697,2.999,24.059,1.828,True
ET_01,other,31.5,0.30357,0.37898,0.98373,15.88,20.078,8.391,True
ET_01,other,31.51,0.41814,0.30427,1.02509,27.981,12.356,12.486,True
ET_01,other,31.52,0.40035,0.25227,1.02208,32.115,-0.014,17.355,True
ET_01,other,31.53,0.39937,0.15308,1.02612,30.503,-8.715,14.976,True
ET_01,other,31.54,0.33639,0.10409,0.97334,21.626,-19.042,9.503,True
ET_01,other,31.55,0.23495,0.03122,0.94069,6.012,-22.355,2.814,True
ET_01,other,31.560000000000002,0.12031,0.04496,0.92448,-9.1,-23.675,-4.227,True
ET_01,other,31.57,0.02278,0.10198,0.85972,-21.887,-18.246,-10.125,True
ET_01,other,31.580000000000002,-0.03116,0.17224,0.85373,-31.652,-9.088,-14.955,True
ET_01,other,31.59,-0.03036,0.24392,0.84608,-30.587,2.81,-17.357,True
ET_01,other,31.6,-0.01638,0.30368,0.85529,-26.669,13.371,-13.219,True
ET_01,other,31.61,0.07588,0.38584,0.88169,-14.215,21.692,-7.883,True
ET_01,other,31.62,0.19537,0.38938,0.90574,1.39,24.921,0.383,True
ET_01,other,31.63,0.26936,0.37036,0.96664,15.08,22.083,8.331,True
ET_01,other,31.64,0.41155,0.29475,0.97759,25.143,13.914,13.093,True
ET_01,other,31.650000000000002,0.39777,0.23935,1.03326,29.974,4.206,15.73,True
ET_01,other,31.66,0.4088,0.1647,0.98984,30.706,-7.877,14.637,True
ET_01,other,31.67,0.34437,0.0519,0.97292,22.777,-17.368,9.837,True
ET_01,other,31.68,0.25638,0.06949,0.98066,9.057,-22.404,3.732,True
ET_01,other,31.69,0.15609,0.04641,0.92058,-7.535,-22.115,-2.086,True
ET_01,other,31.7,0.04561,0.11307,0.89796,-20.392,-19.535,-9.957,True
ET_01,other,31.71,-0.00283,0.17587,0.86328,-29.166,-9.792,-15.47,True
ET_01,other,31.720000000000002,-0.06027,0.24308,0.8374,-30.84,0.647,-15.769,True
ET_01,other,31.73,-0.0113,0.32661,0.83904,-29.527,12.345,-12.994,True
ET_01,other,31.740000000000002,0.05181,0.34687,0.87477,-17.354,20.489,-9.542,True
ET_01,other,31.75,0.19577,0.38529,0.90528,-2.186,23.294,-1.644,True
ET_01,other,31.76,0.2953,0.34415,0.9831,11.956,21.369,6.191,True
ET_01,other,31.77,0.40142,0.33873,0.96732,24.753,13.983,12.699,True
ET_01,other,31.78,0.41855,0.2617,1.03337,29.657,5.918,13.644,True
ET_01,other,31.79,0.41627,0.1695,0.98885,30.851,-6.443,14.806,True
ET_01,other,31.8,0.35723,0.09854,0.99413,24.283,-13.914,11.852,True
ET_01,other,31.810000000000002,0.26872,0.07474,0.95163,11.616,-22.095,6.482,True
ET_01,other,31.82,0.16103,0.04964,0.92886,-4.215,-22.716,-2.131,True
ET_01,other,31.830000000000002,0.06941,0.07243,0.86318,-17.399,-18.502,-8.684,True
ET_01,other,31.84,0.01294,0.12718,0.83993,-27.937,-11.454,-13.401,True
ET_01,other,31.85,-0.02594,0.21822,0.84535,-29.921,0.334,-16.613,True
ET_01,other,31.86,-0.02366,0.33506,0.87839,-27.409,10.451,-13.788,True
ET_01,other,31.87,0.08201,0.33566,0.85772,-18.565,19.472,-10.0,True
ET_01,other,31.88,0.16103,0.37246,0.88528,-5.8,22.364,-4.368,True
ET_01,other,31.89,0.25753,0.38095,0.95644,8.832,20.512,4.263,True
ET_01,other,31.900000000000002,0.36185,0.33413,0.96886,21.676,17.95,10.821,True
ET_01,other,31.91,0.39517,0.25173,1.00692,31.223,6.169,14.569,True
ET_01,other,31.92,0.40469,0.18467,0.99385,29.467,-2.902,16.023,True
ET_01,other,31.93,0.36289,0.12493,1.00869,24.398,-12.958,10.969,True
ET_01,other,31.94,0.28502,0.05314,0.97355,15.214,-19.226,5.867,True
ET_01,other,31.95,0.1846,0.06325,0.9018,-1.708,-22.79,-0.983,True
ET_01,other,31.96,0.06539,0.05697,0.89119,-13.751,-18.217,-8.005,True
ET_01,other,31.970000000000002,0.04348,0.12174,0.85722,-24.85,-12.532,-13.091,True
ET_01,other,31.98,-0.0541,0.21708,0.83877,-29.7,-2.639,-17.059,True
ET_01,other,31.990000000000002,-0.01354,0.29214,0.85155,-28.138,6.724,-13.918,True
ET_01,other,32.0,0.05044,0.38506,0.88152,-19.711,16.668,-9.507,True
ET_01,other,32.01,0.16124,0.39085,0.91328,-8.33,22.391,-3.438,True
ET_01,other,32.02,0.21263,0.38592,0.94737,5.619,22.235,2.407,True
ET_01,other,32.03,0.33785,0.35283,0.97648,19.162,16.316,9.692,True
ET_01,other,32.04,0.39554,0.2732,1.00389,27.348,8.253,15.325,True
ET_01,other,32.05,0.41552,0.20463,0.99594,30.253,-2.393,15.455,True
ET_01,other,32.06,0.36473,0.1573,1.02536,24.263,-11.047,12.707,True
ET_01,other,32.07,0.29449,0.10907,0.95387,15.27,-18.665,7.866,True
ET_01,other,32.08,0.21145,0.04119,0.92862,2.642,-21.916,1.573,True
ET_01,other,32.09,0.08848,0.08061,0.89376,-12.878,-19.951,-7.634,True
ET_01,other,32.1,0.03757,0.10735,0.86898,-22.601,-12.739,-11.426,True
ET_01,other,32.11,-0.01877,0.21183,0.85115,-29.597,-3.161,-14.023,True
ET_01,other,32.12,-0.00368,0.26192,0.84406,-28.18,5.527,-14.168,True
ET_01,other,32.13,0.0624,0.31342,0.85199,-19.94,16.992,-11.19,True
ET_01,other,32.14,0.13513,0.38101,0.89299,-9.762,20.921,-3.195,True
ET_01,other,32.15,0.2334,0.3599,0.95268,4.475,22.282,2.061,True
ET_01,other,32.160000000000004,0.3208,0.34418,0.96567,15.001,17.238,9.091,True
ET_01,other,32.17,0.38484,0.29143,1.00393,24.263,10.983,12.835,True
ET_01,other,32.18,0.40571,0.21245,0.96269,28.664,0.073,14.991,True
ET_01,other,32.19,0.3813,0.16251,1.01101,25.2,-9.377,12.924,True
ET_01,other,32.2,0.29427,0.11037,0.97947,15.916,-16.269,6.935,True
ET_01,other,32.21,0.25866,0.07226,0.95051,4.785,-21.206,1.729,True
ET_01,other,32.22,0.16973,0.05273,0.87377,-9.964,-20.562,-5.745,True
ET_01,other,32.230000000000004,0.0352,0.13759,0.89355,-21.41,-13.173,-9.737,True
ET_01,other,32.24,-0.01811,0.18038,0.82023,-27.024,-5.941,-14.354,True
ET_01,other,32.25,0.00078,0.25698,0.84342,-27.797,4.347,-12.912,True
ET_01,other,32.26,0.03878,0.32795,0.87068,-22.046,14.212,-9.059,True
ET_01,other,32.27,0.11688,0.35618,0.88133,-12.308,18.912,-4.373,True
ET_01,other,32.28,0.21406,0.38245,0.90974,1.127,20.113,0.428,True
ET_01,other,32.29,0.30744,0.34193,0.96136,16.212,18.707,9.934,True
ET_01,other,32.3,0.3561,0.2892,0.9754,24.474,11.1,11.387,True
ET_01,other,32.31,0.40442,0.24185,1.02413,27.223,1.894,12.793,True
ET_01,other,32.32,0.38302,0.16494,1.002,25.61,-8.032,13.019,True
ET_01,other,32.33,0.30398,0.11498,0.97193,18.304,-15.601,9.219,True
ET_01,other,32.34,0.23032,0.06709,0.93956,6.575,-19.242,1.9,True
ET_01,other,32.35,0.15126,0.06487,0.90831,-5.482,-19.119,-2.999,True
ET_01,other,32.36,0.06277,0.14099,0.88311,-17.54,-15.007,-8.371,True
ET_01,other,32.37,0.01419,0.17486,0.84319,-24.954,-8.857,-13.852,True
ET_01,other,32.38,0.0212,0.24143,0.84584,-27.912,2.481,-13.397,True
ET_01,other,32.39,0.02733,0.30121,0.83921,-22.488,11.427,-11.692,True
ET_01,other,32.4,0.10471,0.35631,0.893,-13.311,18.554,-6.553,True
ET_01,other,32.410000000000004,0.19395,0.35188,0.912,-1.538,20.727,-0.705,True
ET_01,other,32.42,0.28333,0.35381,0.96008,10.885,17.599,5.874,True
ET_01,other,32.43,0.37157,0.3409,0.99233,22.041,11.213,11.015,True
ET_01,other,32.44,0.39456,0.24588,1.00907,26.042,3.348,12.902,True
ET_01,other,32.45,0.3904,0.17515,0.96311,24.978,-7.041,12.928,True
ET_01,other,32.46,0.33475,0.09635,0.97559,19.196,-14.393,7.738,True
ET_01,other,32.47,0.26276,0.08437,0.94091,6.982,-18.438,4.521,True
ET_01,other,32.480000000000004,0.15123,0.0995,0.91849,-5.374,-19.527,-1.834,True
ET_01,other,32.49,0.07417,0.13256,0.86357,-17.523,-14.759,-8.857,True
ET_01,other,32.5,0.02671,0.15544,0.84855,-23.754,-7.899,-12.205,True
ET_01,other,32.51,-0.00238,0.22778,0.86686,-26.993,-0.796,-12.446,True
ET_01,other,32.52,0.05151,0.29119,0.85979,-22.83,9.935,-11.618,True
ET_01,other,32.53,0.08625,0.34784,0.88835,-12.701,17.462,-8.277,True
ET_01,other,32.54,0.18006,0.36039,0.91897,-2.672,19.493,-2.167,True
ET_01,other,32.55,0.28112,0.36027,0.95306,7.847,19.435,5.474,True
ET_01,other,32.56,0.34033,0.30831,0.97456,19.433,14.124,8.362,True
ET_01,other,32.57,0.36614,0.25297,0.98609,25.647,3.862,12.939,True
ET_01,other,32.58,0.38545,0.19944,0.99333,23.82,-4.311,11.318,True
ET_01,other,32.59,0.36988,0.15949,0.99468,20.689,-11.058,7.944,True
ET_01,other,32.6,0.27466,0.07815,0.96229,11.84,-17.845,4.998,True
ET_01,other,32.61,0.19196,0.0661,0.90845,-1.6,-19.199,-0.888,True
ET_01,other,32.62,0.10411,0.10493,0.88081,-13.497,-15.587,-6.243,True
ET_01,other,32.63,0.05,0.16947,0.88142,-22.102,-9.986,-10.578,True
ET_01,other,32.64,0.03533,0.21784,0.85946,-22.563,-0.202,-13.222,True
ET_01,other,32.65,0.00597,0.30325,0.86065,-24.393,8.546,-11.029,True
ET_01,other,32.660000000000004,0.08582,0.34096,0.86401,-14.639,15.323,-8.971,True
ET_01,other,32.67,0.16292,0.37726,0.91553,-5.628,18.368,-2.032,True
ET_01,other,32.68,0.25604,0.35054,0.94913,6.552,17.824,2.679,True
ET_01,other,32.69,0.33537,0.35477,0.95978,16.644,14.115,9.111,True
ET_01,other,32.7,0.36441,0.26296,1.00929,22.515,6.741,13.157,True
ET_01,other,32.71,0.38575,0.21991,0.98151,23.633,-2.221,13.149,True
ET_01,other,32.72,0.32191,0.11231,0.97364,20.351,-10.922,10.893,True
ET_01,other,32.730000000000004,0.28826,0.09082,0.95114,11.367,-15.98,7.018,True
ET_01,other,32.74,0.20073,0.11039,0.92121,-0.393,-16.8,1.26,True
ET_01,other,32.75,0.10999,0.1232,0.92479,-10.632,-15.349,-4.695,True
ET_01,other,32.76,0.02949,0.13393,0.87712,-19.665,-11.709,-9.723,True
ET_01,other,32.77,0.00469,0.20199,0.87386,-25.11,-0.48,-13.516,True
ET_01,other,32.78,0.03805,0.26634,0.87302,-22.301,5.421,-11.285,True
ET_01,other,32.79,0.07293,0.31988,0.90696,-16.818,12.655,-8.841,True
ET_01,other,32.8,0.15653,0.35114,0.91182,-6.718,17.139,-3.123,True
ET_01,other,32.81,0.24082,0.35588,0.93496,5.36,19.343,2.233,True
ET_01,other,32.82,0.30947,0.31999,0.95628,12.479,13.498,7.528,True
ET_01,other,32.83,0.37214,0.24683,0.96781,21.875,6.923,11.589,True
ET_01,other,32.84,0.36304,0.20661,0.99055,24.319,-1.497,11.68,True
ET_01,other,32.85,0.33329,0.14078,0.98065,20.765,-8.195,9.795,True
ET_01,other,32.86,0.30973,0.08409,0.95316,13.467,-15.742,6.58,True
ET_01,other,32.87,0.21424,0.08666,0.94473,1.08,-18.166,1.188,True
ET_01,other,32.88,0.12217,0.12666,0.88311,-8.68,-16.401,-3.968,True
ET_01,other,32.89,0.06126,0.13708,0.86876,-16.676,-11.51,-9.143,True
ET_01,other,32.9,0.01852,0.18682,0.88395,-22.336,-2.466,-11.28,True
ET_01,other,32.910000000000004,0.04442,0.2343,0.88191,-22.74,5.706,-11.145,True
ET_01,other,32.92,0.10115,0.3249,0.89952,-17.48,11.591,-8.409,True
ET_01,other,32.93,0.11681,0.34009,0.87588,-8.835,16.101,-4.196,True
ET_01,other,32.94,0.21236,0.32578,0.9427,2.737,17.621,1.691,True
ET_01,other,32.95,0.28454,0.31765,0.96165,12.756,13.893,7.022,True
ET_01,other,32.96,0.35,0.28294,0.98978,19.494,8.127,10.196,True
ET_01,other,32.97,0.39005,0.25756,0.97521,22.71,-0.697,11.304,True
ET_01,other,32.980000000000004,0.35545,0.18373,1.0008,19.648,-6.944,9.556,True
ET_01,other,32.99,0.28968,0.14192,0.95365,13.023,-11.881,6.346,True
ET_01,other,33.0,0.2314,0.1035,0.90896,4.02,-16.301,1.795,True
ET_01,other,33.01,0.149,0.0999,0.93311,-8.031,-15.501,-2.436,True
ET_01,other,33.02,0.08881,0.14011,0.9139,-15.198,-12.197,-8.285,True
ET_01,other,33.03,0.03563,0.22611,0.88316,-19.951,-4.753,-11.647,True
ET_01,other,33.04,0.04589,0.24549,0.8496,-20.433,4.632,-10.722,True
ET_01,other,33.05,0.05974,0.28446,0.89404,-18.297,9.368,-8.894,True
ET_01,other,33.06,0.11487,0.32347,0.90142,-9.826,14.038,-4.862,True
ET_01,other,33.07,0.16854,0.36381,0.94172,1.26,15.86,0.688,True
ET_01,other,33.08,0.27555,0.31979,0.97642,11.107,15.274,5.154,True
ET_01,other,33.09,0.32957,0.27618,0.97367,17.309,9.589,9.253,True
ET_01,other,33.1,0.3685,0.19916,0.97088,22.06,1.023,10.688,True
ET_01,other,33.11,0.3441,0.19298,1.00022,20.43,-4.351,10.659,True
ET_01,other,33.12,0.27461,0.14612,0.99156,13.886,-12.23,7.315,True
ET_01,other,33.13,0.23119,0.13222,0.94836,4.587,-16.839,3.085,True
ET_01,other,33.14,0.16386,0.11575,0.91801,-4.296,-15.997,-2.2,True
ET_01,other,33.15,0.08997,0.15539,0.89958,-14.491,-12.513,-6.438,True
ET_01,other,33.160000000000004,0.04937,0.18559,0.85537,-20.008,-5.826,-8.774,True
ET_01,other,33.17,0.03198,0.22073,0.87385,-21.831,0.735,-10.653,True
ET_01,other,33.18,0.05242,0.30545,0.87051,-17.475,9.898,-7.813,True
ET_01,other,33.19,0.12277,0.32462,0.89267,-10.968,13.229,-5.665,True
ET_01,other,33.2,0.1993,0.32104,0.94835,-1.222,15.647,-1.405,True
ET_01,other,33.21,0.27898,0.3553,0.92106,9.678,14.134,4.552,True
ET_01,other,33.22,0.29916,0.30175,0.96616,16.938,10.212,9.45,True
ET_01,other,33.230000000000004,0.35458,0.23478,0.98095,20.513,1.345,8.471,True
ET_01,other,33.24,0.37612,0.16331,0.96698,19.474,-3.283,9.159,True
ET_01,other,33.25,0.31,0.14285,0.96074,16.698,-10.729,7.27,True
ET_01,other,33.26,0.24516,0.11391,0.95714,7.693,-15.268,3.38,True
ET_01,other,33.27,0.16982,0.12576,0.91884,-2.823,-15.822,-2.843,True
ET_01,other,33.28,0.11403,0.13938,0.88744,-12.985,-11.627,-6.699,True
ET_01,other,33.29,0.03503,0.15839,0.90389,-18.121,-6.542,-10.161,True
ET_01,other,33.3,0.04634,0.21159,0.85168,-19.839,0.926,-10.043,True
ET_01,other,33.31,0.06296,0.2687,0.88504,-16.624,6.661,-9.39,True
ET_01,other,33.32,0.09401,0.29349,0.90989,-11.762,12.188,-5.866,True
ET_01,other,33.33,0.16852,0.33918,0.91431,-2.159,15.988,0.375,True
ET_01,other,33.34,0.23592,0.32681,0.96057,6.807,13.515,3.037,True
ET_01,other,33.35,0.315,0.25427,0.9752,13.661,9.881,7.276,True
ET_01,other,33.36,0.33464,0.24862,0.96887,20.245,4.235,9.752,True
ET_01,other,33.37,0.3179,0.17925,0.98146,20.091,-2.58,9.891,True
ET_01,other,33.38,0.30656,0.15313,0.9894,16.251,-9.566,8.766,True
ET_01,other,33.39,0.23623,0.11719,0.97638,7.41,-13.603,3.547,True
ET_01,other,33.4,0.17545,0.10331,0.92412,-1.105,-16.876,-1.121,True
ET_01,other,33.410000000000004,0.1229,0.12381,0.89031,-10.373,-12.627,-4.004,True
ET_01,other,33.42,0.04037,0.15547,0.90748,-19.18,-7.405,-9.443,True
ET_01,other,33.43,0.0631,0.19489,0.86505,-19.438,-0.118,-9.792,True
ET_01,other,33.44,0.04583,0.24825,0.87377,-19.444,5.186,-10.226,True
ET_01,other,33.45,0.08011,0.29373,0.89262,-13.386,12.105,-6.661,True
ET_01,other,33.46,0.14839,0.31805,0.90464,-3.035,14.937,-1.577,True
ET_01,other,33.47,0.23491,0.33776,0.9503,5.09,14.336,2.746,True
ET_01,other,33.480000000000004,0.29597,0.27885,0.94805,14.107,10.813,6.136,True
ET_01,other,33.49,0.33553,0.26386,0.9617,19.029,6.055,9.855,True
ET_01,other,33.5,0.32629,0.21069,0.98858,19.84,-2.251,10.409,True
ET_01,other,33.51,0.29621,0.1538,0.96632,16.816,-7.008,9.296,True
ET_01,other,33.52,0.2461,0.11185,0.93941,9.613,-12.644,3.78,True
ET_01,other,33.53,0.17972,0.10046,0.94661,0.857,-14.297,1.067,True
ET_01,other,33.54,0.11761,0.12953,0.93461,-9.698,-12.937,-4.067,True
ET_01,other,33.55,0.06711,0.16605,0.89004,-16.201,-7.411,-8.362,True
ET_01,other,33.56,0.04104,0.204,0.86681,-19.671,-1.509,-9.938,True
ET_01,other,33.57,0.06947,0.29378,0.87841,-18.209,4.474,-8.735,True
ET_01,other,33.58,0.06759,0.289,0.91033,-15.023,10.115,-6.728,True
ET_01,other,33.59,0.1537,0.32941,0.91551,-5.749,13.192,-2.778,True
ET_01,other,33.6,0.21105,0.31184,0.91442,2.414,15.975,1.492,True
ET_01,other,33.61,0.27534,0.29998,0.98306,11.732,9.42,5.123,True
ET_01,other,33.62,0.30324,0.25964,0.98466,19.305,6.631,9.617,True
ET_01,other,33.63,0.35905,0.21526,0.99117,19.055,-0.607,10.107,True
ET_01,other,33.64,0.30771,0.1618,0.97426,16.82,-6.648,9.744,True
ET_01,other,33.65,0.24502,0.13219,0.96127,11.314,-11.763,5.308,True
ET_01,other,33.660000000000004,0.22337,0.11614,0.92799,0.883,-13.597,0.311,True
ET_01,other,33.67,0.14191,0.13348,0.90835,-6.789,-14.396,-1.435,True
ET_01,other,33.68,0.08501,0.13574,0.88451,-14.87,-9.596,-6.211,True
ET_01,other,33.69,0.04143,0.18203,0.88253,-19.87,-3.029,-10.95,True
ET_01,other,33.7,0.04936,0.22462,0.89475,-18.568,3.124,-8.501,True
ET_01,other,33.71,0.06315,0.29004,0.87772,-16.71,11.096,-6.079,True
ET_01,other,33.72,0.10816,0.30497,0.89895,-8.448,13.233,-4.085,True
ET_01,other,33.730000000000004,0.21111,0.30356,0.95858,1.006,14.8,0.105,True
ET_01,other,33.74,0.23868,0.32638,0.96323,9.847,11.882,3.114,True
ET_01,other,33.75,0.32572,0.25515,0.97887,17.824,7.153,8.567,True
ET_01,other,33.76,0.33812,0.21198,0.98413,20.907,0.658,10.84,True
ET_01,other,33.77,0.30805,0.17464,0.98349,19.6,-5.568,8.629,True
ET_01,other,33.78,0.27606,0.12594,0.97033,12.738,-11.568,6.036,True
ET_01,other,33.79,0.21596,0.12214,0.97885,3.983,-14.016,1.658,True
ET_01,other,33.8,0.18669,0.12605,0.91875,-4.986,-14.361,-3.627,True
ET_01,other,33.81,0.10036,0.15726,0.86839,-15.13,-10.35,-6.76,True
ET_01,other,33.82,0.03714,0.1677,0.85514,-18.416,-6.171,-9.879,True
ET_01,other,33.83,0.05946,0.24309,0.88686,-20.074,2.198,-9.911,True
ET_01,other,33.84,0.05752,0.27421,0.89676,-15.155,8.623,-7.957,True
ET_01,other,33.85,0.12273,0.27032,0.92866,-9.398,13.42,-4.297,True
ET_01,other,33.86,0.18911,0.31816,0.93426,0.918,12.863,0.187,True
ET_01,other,33.87,0.23977,0.30252,0.96341,8.233,11.183,5.718,True
ET_01,other,33.88,0.29445,0.29541,0.98506,15.473,9.306,7.875,True
ET_01,other,33.89,0.33911,0.25125,0.99393,19.835,3.078,9.946,True
ET_01,other,33.9,0.34375,0.19435,1.007,18.783,-5.347,8.773,True
ET_01,other,33.910000000000004,0.25908,0.14568,0.9728,12.618,-9.844,8.383,True
ET_01,other,33.92,0.2101,0.12095,0.97025,4.358,-13.528,1.275,True
ET_01,other,33.93,0.13122,0.13155,0.91305,-3.904,-14.385,-0.605,True
ET_01,other,33.94,0.06568,0.12487,0.91793,-11.495,-11.845,-7.167,True
ET_01,other,33.95,0.05453,0.1758,0.86663,-18.211,-5.327,-10.247,True
ET_01,other,33.96,0.05267,0.19207,0.86402,-18.797,-0.771,-9.562,True
ET_01,other,33.97,0.07623,0.26317,0.896,-18.375,7.419,-7.127,True
ET_01,other,33.980000000000004,0.10685,0.3103,0.89226,-9.816,13.637,-6.411,True
ET_01,other,33.99,0.1746,0.33426,0.94164,-0.092,15.105,-1.199,True
ET_01,other,34.0,0.22293,0.33343,0.95504,7.427,13.12,4.451,True
ET_01,other,34.01,0.31182,0.25496,1.00379,15.237,8.681,7.947,True
ET_01,other,34.02,0.33589,0.24856,0.96536,17.519,3.599,9.931,True
ET_01,other,34.03,0.34975,0.1763,0.96483,19.262,-3.456,9.633,True
ET_01,other,34.04,0.27034,0.1701,0.98044,15.377,-11.43,6.826,True
ET_01,other,34.05,0.23483,0.10767,0.94338,6.673,-14.189,3.288,True
ET_01,other,34.06,0.16525,0.09168,0.92294,-1.649,-14.378,-1.824,True
ET_01,other,34.07,0.10557,0.15389,0.90436,-11.197,-12.663,-5.962,True
ET_01,other,34.08,0.03965,0.16893,0.8946,-16.471,-7.352,-9.345,True
ET_01,other,34.09,0.0365,0.21098,0.86584,-20.741,-1.324,-8.551,True
ET_01,other,34.1,0.03835,0.26345,0.88598,-19.036,7.997,-8.407,True
ET_01,other,34.11,0.08481,0.2984,0.88874,-13.422,12.623,-6.277,True
ET_01,other,34.12,0.13113,0.35191,0.90205,-3.618,15.368,-1.445,True
ET_01,other,34.13,0.2256,0.31447,0.96141,6.588,12.849,2.382,True
ET_01,other,34.14,0.2796,0.27203,0.96994,12.898,11.201,6.636,True
ET_01,other,34.15,0.33994,0.26029,0.98183,18.712,4.719,8.892,True
ET_01,other,34.160000000000004,0.32702,0.17433,0.99957,20.468,-2.293,10.591,True
ET_01,other,34.17,0.28523,0.15225,0.98527,15.965,-8.219,8.533,True
ET_01,other,34.18,0.22064,0.11693,0.97681,8.462,-14.097,3.024,True
ET_01,other,34.19,0.16175,0.08776,0.95288,1.191,-14.923,-0.055,True
ET_01,other,34.2,0.11607,0.12703,0.93076,-10.54,-13.241,-4.965,True
ET_01,other,34.21,0.04254,0.1555,0.90469,-17.343,-8.639,-9.437,True
ET_01,other,34.22,0.01634,0.20667,0.89046,-22.557,-2.538,-10.487,True
ET_01,other,34.230000000000004,0.01231,0.26275,0.86961,-19.704,5.323,-10.67,True
ET_01,other,34.24,0.0451,0.27878,0.92236,-12.748,10.54,-6.268,True
ET_01,other,34.25,0.13565,0.33667,0.93213,-4.889,14.017,-3.442,True
ET_01,other,34.26,0.19904,0.29764,0.96805,4.737,14.593,2.006,True
ET_01,other,34.27,0.25258,0.28868,0.98659,14.094,12.538,7.144,True
ET_01,other,34.28,0.31994,0.25816,0.99894,18.462,4.699,10.138,True
ET_01,other,34.29,0.32695,0.21937,1.00414,21.198,0.822,10.273,True
ET_01,other,34.300000000000004,0.29384,0.16618,0.98367,18.199,-8.539,8.703,True
ET_01,other,34.31,0.26567,0.11084,0.96111,10.884,-13.479,6.285,True
ET_01,other,34.32,0.16609,0.11641,0.93687,0.528,-15.65,0.968,True
ET_01,other,34.33,0.09536,0.09907,0.91409,-11.071,-15.219,-3.885,True
ET_01,other,34.34,0.05417,0.11714,0.9013,-16.963,-10.639,-7.494,True
ET_01,other,34.35,0.00186,0.19311,0.8901,-20.801,-3.884,-10.854,True
ET_01,other,34.36,0.00801,0.2569,0.86309,-20.321,3.936,-10.877,True
ET_01,other,34.37,0.0745,0.29912,0.90861,-14.933,11.061,-7.295,True
ET_01,other,34.38,0.10758,0.31661,0.95378,-6.646,14.718,-3.597,True
ET_01,other,34.39,0.17671,0.31475,0.91889,3.792,16.564,2.427,True
ET_01,other,34.4,0.28205,0.28984,0.98046,13.752,13.987,6.85,True
ET_01,other,34.410000000000004,0.30885,0.27705,0.98435,20.202,7.243,9.309,True
ET_01,other,34.42,0.33988,0.19726,0.98903,23.246,0.046,11.779,True
ET_01,other,34.43,0.33357,0.13412,0.97984,18.532,-7.078,9.013,True
ET_01,other,34.44,0.2607,0.11771,0.9906,14.207,-12.895,6.227,True
ET_01,other,34.45,0.17119,0.11428,0.94999,2.883,-15.498,0.77,True
ET_01,other,34.46,0.11242,0.09706,0.91847,-8.777,-14.684,-3.278,True
ET_01,other,34.47,0.04578,0.11538,0.8883,-16.526,-11.873,-8.304,True
ET_01,other,34.480000000000004,0.01606,0.17742,0.89124,-22.161,-2.948,-11.405,True
ET_01,other,34.49,-0.00828,0.22555,0.89038,-21.358,3.129,-11.352,True
ET_01,other,34.5,0.01485,0.2909,0.91579,-17.036,9.157,-7.889,True
ET_01,other,34.51,0.09765,0.3225,0.91911,-9.873,15.025,-6.523,True
ET_01,other,34.52,0.15702,0.32667,0.92586,1.196,15.541,0.706,True
ET_01,other,34.53,0.26326,0.33433,0.96842,10.601,13.497,5.948,True
ET_01,other,34.54,0.32478,0.24645,0.99316,19.93,8.896,9.458,True
ET_01,other,34.550000000000004,0.35826,0.22966,1.0003,22.814,-1.093,10.626,True
ET_01,other,34.56,0.31473,0.16565,0.98537,19.721,-7.487,9.849,True
ET_01,other,34.57,0.26871,0.07688,0.95574,14.325,-12.25,7.422,True
ET_01,other,34.58,0.18923,0.10415,0.95248,4.021,-17.087,1.284,True
ET_01,other,34.59,0.12016,0.07813,0.93644,-5.508,-14.706,-3.371,True
ET_01,other,34.6,0.0738,0.11362,0.89981,-16.544,-13.221,-8.057,True
ET_01,other,34.61,0.00888,0.18943,0.88388,-21.528,-6.16,-11.447,True
ET_01,other,34.62,-0.01925,0.23527,0.91542,-22.968,3.236,-12.694,True
ET_01,other,34.63,0.0187,0.28481,0.88691,-18.148,8.712,-9.947,True
ET_01,other,34.64,0.07916,0.29903,0.90852,-9.557,14.406,-5.81,True
ET_01,other,34.65,0.13021,0.34184,0.92332,0.966,16.384,0.55,True
ET_01,other,34.660000000000004,0.26425,0.32639,0.97322,10.691,16.241,5.639,True
ET_01,other,34.67,0.28922,0.27793,1.00309,19.927,9.968,9.858,True
ET_01,other,34.68,0.31623,0.20523,1.00409,22.567,4.934,11.232,True
ET_01,other,34.69,0.31885,0.1745,0.99458,21.607,-5.037,11.168,True
ET_01,other,34.7,0.28356,0.10998,1.01191,18.255,-12.212,7.843,True
ET_01,other,34.71,0.2127,0.07112,0.95651,7.556,-16.009,4.993,True
ET_01,other,34.72,0.13379,0.09274,0.92496,-4.245,-16.771,-3.504,True
ET_01,other,34.730000000000004,0.05235,0.08379,0.92775,-14.979,-14.502,-6.821,True
ET_01,other,34.74,0.01639,0.14951,0.91771,-24.054,-8.146,-11.152,True
ET_01,other,34.75,-0.01861,0.21045,0.87694,-24.523,0.769,-11.28,True
ET_01,other,34.76,0.01285,0.27135,0.88055,-20.95,8.384,-11.646,True
ET_01,other,34.77,0.08692,0.30116,0.9018,-13.959,14.353,-6.388,True
ET_01,other,34.78,0.12519,0.31881,0.94509,-2.898,17.054,-2.846,True
ET_01,other,34.79,0.22806,0.30032,0.99777,8.41,16.137,5.568,True
ET_01,other,34.800000000000004,0.28182,0.30136,1.01689,18.502,12.497,9.063,True
ET_01,other,34.81,0.3225,0.23564,0.99628,25.262,3.3,12.629,True
ET_01,other,34.82,0.35686,0.16834,0.99837,24.728,-4.947,12.482,True
ET_01,other,34.83,0.30092,0.10176,0.98884,19.527,-12.789,10.026,True
ET_01,other,34.84,0.22711,0.06749,0.97715,10.334,-16.074,3.996,True
ET_01,other,34.85,0.1223,0.07956,0.94257,-3.065,-17.802,0.299,True
ET_01,other,34.86,0.07672,0.11763,0.90707,-12.951,-14.31,-6.98,True
ET_01,other,34.87,-0.03219,0.13653,0.89793,-22.777,-7.96,-10.211,True
ET_01,other,34.88,-0.04179,0.21085,0.90173,-25.684,-0.355,-13.968,True
ET_01,other,34.89,-0.0331,0.26298,0.87813,-21.751,9.077,-11.532,True
ET_01,other,34.9,0.0431,0.31895,0.89286,-15.757,15.821,-7.463,True
ET_01,other,34.910000000000004,0.12382,0.32578,0.91131,-4.786,18.138,-2.81,True
ET_01,other,34.92,0.19901,0.31518,0.93922,8.998,19.47,3.877,True
ET_01,other,34.93,0.28256,0.32763,1.02067,18.49,12.923,7.623,True
ET_01,other,34.94,0.34201,0.23269,0.99957,24.948,4.833,13.379,True
ET_01,other,34.95,0.32471,0.16284,1.00827,26.406,-3.188,13.965,True
ET_01,other,34.96,0.30892,0.11869,1.01819,22.339,-10.701,11.148,True
ET_01,other,34.97,0.24654,0.05799,0.97241,11.479,-17.909,6.215,True
ET_01,other,34.980000000000004,0.12299,0.06013,0.94723,-0.807,-18.95,-0.375,True
ET_01,other,34.99,0.05233,0.06062,0.90857,-12.832,-16.048,-6.426,True
ET_01,other,35.0,-0.02664,0.11165,0.91129,-21.956,-13.007,-10.891,True
ET_01,other,35.01,-0.04073,0.17977,0.87998,-25.494,-2.609,-11.624,True
ET_01,other,35.02,-0.0217,0.25093,0.87531,-24.745,6.131,-13.521,True
ET_01,other,35.03,0.00381,0.31609,0.91032,-17.56,13.476,-9.226,True
ET_01,other,35.04,0.08034,0.35916,0.9433,-8.109,17.859,-3.45,True
ET_01,other,35.050000000000004,0.19056,0.34541,0.95307,5.726,20.309,3.546,True
ET_01,other,35.06,0.27729,0.31518,0.99372,16.62,15.067,8.703,True
ET_01,other,35.07,0.33641,0.26671,1.0355,23.942,7.99,11.166,True
ET_01,other,35.08,0.36696,0.20107,0.97105,25.881,-0.451,13.977,True
ET_01,other,35.09,0.32824,0.13737,1.008,22.772,-10.96,10.984,True
ET_01,other,35.1,0.24696,0.08438,0.98588,14.199,-16.013,6.44,True
ET_01,other,35.11,0.14171,0.06868,0.93675,1.772,-20.887,1.85,True
ET_01,other,35.12,0.06671,0.09484,0.93443,-10.43,-18.092,-5.449,True
ET_01,other,35.13,-0.0215,0.08282,0.89722,-22.635,-10.89,-8.779,True
ET_01,other,35.14,-0.07066,0.15713,0.88627,-26.003,-3.668,-13.86,True
ET_01,other,35.15,-0.03117,0.24944,0.90625,-27.141,4.899,-13.331,True
ET_01,other,35.160000000000004,-0.01552,0.30576,0.90879,-21.881,10.931,-10.041,True
ET_01,other,35.17,0.05013,0.32685,0.94646,-7.916,19.315,-3.303,True
ET_01,other,35.18,0.16261,0.33663,0.96456,3.321,21.733,0.555,True
ET_01,other,35.19,0.2682,0.32388,1.00909,14.749,15.888,7.52,True
ET_01,other,35.2,0.29568,0.24079,0.98933,24.052,9.65,12.417,True
ET_01,other,35.21,0.34266,0.19639,1.03448,27.106,0.32,14.583,True
ET_01,other,35.22,0.32743,0.12966,0.99209,25.329,-8.453,11.991,True
ET_01,other,35.230000000000004,0.25983,0.09106,0.99528,15.453,-16.679,7.65,True
ET_01,other,35.24,0.17906,0.05084,0.95994,3.937,-21.183,2.352,True
ET_01,other,35.25,0.07762,0.0502,0.93175,-10.072,-19.438,-4.861,True
ET_01,other,35.26,-0.00929,0.09739,0.91471,-19.027,-16.06,-10.373,True
ET_01,other,35.27,-0.06001,0.15442,0.86011,-27.391,-6.631,-14.527,True
ET_01,other,35.28,-0.04834,0.23883,0.87534,-29.327,2.68,-13.462,True
ET_01,other,35.29,-0.05386,0.31462,0.92285,-23.615,13.395,-10.613,True
ET_01,other,35.300000000000004,0.06558,0.32699,0.92071,-10.917,18.954,-5.224,True
ET_01,other,35.31,0.16818,0.37451,0.94893,1.452,19.75,0.09,True
ET_01,other,35.32,0.23915,0.30368,0.99082,15.28,18.011,7.873,True
ET_01,other,35.33,0.32791,0.28757,1.01617,22.934,11.044,12.678,True
ET_01,other,35.34,0.34871,0.21129,1.03042,28.863,2.027,15.18,True
ET_01,other,35.35,0.32609,0.15566,1.03406,27.129,-7.233,12.627,True
ET_01,other,35.36,0.29222,0.0827,1.01448,19.811,-15.608,8.793,True
ET_01,other,35.37,0.16975,0.04709,0.99274,6.331,-20.116,3.673,True
ET_01,other,35.38,0.08642,0.06874,0.91792,-7.477,-20.604,-3.176,True
ET_01,other,35.39,-0.01404,0.05172,0.91106,-18.109,-17.121,-8.423,True
ET_01,other,35.4,-0.08735,0.12293,0.89792,-27.36,-8.116,-13.205,True
ET_01,other,35.410000000000004,-0.0873,0.20176,0.8841,-29.092,1.978,-13.884,True
ET_01,other,35.42,-0.00786,0.30199,0.88624,-24.836,11.904,-12.094,True
ET_01,other,35.43,0.05569,0.35968,0.87864,-13.43,19.425,-7.983,True
ET_01,other,35.44,0.14301,0.34482,0.95683,-1.781,21.861,-1.128,True
ET_01,other,35.45,0.23333,0.32249,0.98118,12.209,20.368,5.394,True
ET_01,other,35.46,0.33776,0.30376,1.01094,23.874,12.436,12.567,True
ET_01,other,35.47,0.37318,0.22918,1.04448,29.748,5.421,15.278,True
ET_01,other,35.480000000000004,0.35571,0.14147,1.03988,29.803,-7.459,14.653,True
ET_01,other,35.49,0.29147,0.07939,1.01492,20.934,-16.099,10.871,True
ET_01,other,35.5,0.22208,0.02967,0.97286,9.404,-21.541,4.434,True
ET_01,other,35.51,0.09016,0.03702,0.95369,-4.471,-23.5,-2.81,True
ET_01,other,35.52,-0.0059,0.08395,0.91249,-18.011,-19.395,-9.34,True
ET_01,other,35.53,-0.06524,0.106,0.89071,-26.382,-11.158,-12.965,True
ET_01,other,35.54,-0.09861,0.19097,0.86766,-30.897,0.715,-14.415,True
ET_01,other,35.550000000000004,-0.07832,0.27597,0.8852,-27.922,9.853,-14.108,True
ET_01,other,35.56,0.01331,0.332,0.9092,-17.13,19.0,-7.575,True
ET_01,other,35.57,0.11716,0.33882,0.9433,-3.808,21.559,-1.909,True
ET_01,other,35.58,0.17087,0.34301,1.00159,10.827,21.929,4.665,True
ET_01,other,35.59,0.282,0.30469,1.0191,21.294,14.377,10.92,True
ET_01,other,35.6,0.34801,0.21223,1.03037,30.302,6.161,15.065,True
ET_01,other,35.61,0.33975,0.16487,1.05162,31.086,-3.695,15.668,True
ET_01,other,35.62,0.29194,0.12487,1.01471,24.422,-15.796,12.41,True
ET_01,other,35.63,0.2267,0.04079,0.99108,11.775,-18.669,7.416,True
ET_01,other,35.64,0.09687,-0.00555,0.96131,-1.916,-23.337,-2.957,True
ET_01,other,35.65,0.01862,0.07667,0.89512,-15.6,-19.53,-9.616,True
ET_01,other,35.660000000000004,-0.05867,0.09435,0.90713,-26.78,-12.002,-13.537,True
ET_01,other,35.67,-0.11054,0.16647,0.87439,-31.81,-2.736,-16.061,True
ET_01,other,35.68,-0.07341,0.26033,0.91288,-29.713,9.244,-13.68,True
ET_01,other,35.69,-0.02264,0.3229,0.89282,-19.365,16.79,-10.712,True
ET_01,other,35.7,0.08804,0.33358,0.95514,-7.412,23.735,-4.344,True
ET_01,other,35.71,0.18732,0.34035,0.96608,8.734,23.52,3.517,True
ET_01,other,35.72,0.25066,0.30902,1.01629,20.086,16.182,9.904,True
ET_01,other,35.730000000000004,0.33395,0.22665,1.04302,29.334,8.129,15.173,True
ET_01,other,35.74,0.36174,0.19017,1.04577,29.761,-2.306,15.01,True
ET_01,other,35.75,0.31151,0.08429,1.02893,26.427,-11.803,12.594,True
ET_01,other,35.76,0.2402,0.02502,0.97826,13.857,-20.669,7.611,True
ET_01,other,35.77,0.16358,0.03087,0.94171,0.181,-24.177,-0.405,True
ET_01,other,35.78,0.03425,0.05754,0.94552,-13.819,-20.316,-6.458,True
ET_01,other,35.79,-0.0665,0.09795,0.89628,-28.069,-14.568,-12.33,True
ET_01,other,35.800000000000004,-0.10804,0.1475,0.8845,-31.111,-3.181,-17.213,True
ET_01,other,35.81,-0.11928,0.22789,0.87485,-30.169,6.95,-13.821,True
ET_01,other,35.82,-0.07285,0.30212,0.88909,-22.371,16.722,-11.057,True
ET_01,other,35.83,0.05173,0.38158,0.95473,-8.858,22.311,-4.946,True
ET_01,other,35.84,0.14316,0.37764,0.97899,5.543,23.777,1.956,True
ET_01,other,35.85,0.27065,0.33763,1.01481,19.969,18.121,10.727,True
ET_01,other,35.86,0.3416,0.25805,1.03032,28.823,11.009,14.174,True
ET_01,other,35.87,0.37005,0.18608,1.04856,33.277,-0.763,16.387,True
ET_01,other,35.88,0.35102,0.08441,1.04514,27.36,-12.216,13.628,True
ET_01,other,35.89,0.25778,0.02097,1.02109,17.454,-18.82,8.96,True
ET_01,other,35.9,0.12671,-0.0068,0.95396,1.436,-23.827,1.591,True
ET_01,other,35.910000000000004,0.01385,0.02894,0.94823,-10.864,-21.453,-5.383,True
ET_01,other,35.92,-0.07643,0.09074,0.8996,-23.596,-16.23,-12.436,True
ET_01,other,35.93,-0.09297,0.12997,0.86899,-32.842,-3.587,-14.69,True
ET_01,other,35.94,-0.08604,0.25888,0.86694,-30.353,6.147,-16.9,True
ET_01,other,35.95,-0.06023,0.32775,0.87676,-24.562,15.85,-10.199,True
ET_01,other,35.96,0.04823,0.32069,0.95006,-12.94,22.157,-5.542,True
ET_01,other,35.97,0.1675,0.37833,0.95783,2.996,23.227,0.955,True
ET_01,other,35.980000000000004,0.23414,0.33006,1.03914,18.518,19.089,9.966,True
ET_01,other,35.99,0.33545,0.25969,1.03524,28.412,10.801,13.847,True
ET_01,other,36.0,0.35237,0.209,1.04875,33.006,1.76,17.11,True
ET_01,other,36.01,0.34678,0.10398,1.05839,30.214,-10.11,14.106,True
ET_01,other,36.02,0.25844,0.06028,1.00646,20.354,-18.419,8.881,True
ET_01,other,36.03,0.15424,0.02454,1.01401,5.628,-22.848,3.954,True
ET_01,other,36.04,0.05726,0.0275,0.95117,-8.853,-22.462,-5.726,True
ET_01,other,36.050000000000004,-0.06775,0.04547,0.90194,-22.636,-18.398,-10.863,True
ET_01,other,36.06,-0.10762,0.1165,0.89437,-31.155,-8.513,-16.113,True
ET_01,other,36.07,-0.08773,0.21791,0.89097,-33.362,4.605,-15.237,True
ET_01,other,36.08,-0.07112,0.29007,0.88205,-27.617,13.803,-14.424,True
ET_01,other,36.09,0.00121,0.34122,0.92347,-14.415,22.923,-6.157,True
ET_01,other,36.1,0.11408,0.35449,0.99612,1.829,23.409,-0.386,True
ET_01,other,36.11,0.22859,0.34529,1.0016,15.816,21.518,8.587,True
ET_01,other,36.12,0.3526,0.27525,1.04976,28.005,13.236,13.756,True
ET_01,other,36.13,0.37583,0.20822,1.05794,31.639,3.052,17.036,True
ET_01,other,36.14,0.36023,0.12858,1.05975,30.397,-9.006,14.677,True
ET_01,other,36.15,0.23455,0.06184,1.0233,23.014,-19.02,10.078,True
ET_01,other,36.160000000000004,0.16322,-0.00715,1.00307,8.779,-24.919,2.821,True
ET_01,other,36.17,0.04776,0.00106,0.9362,-7.483,-24.511,-2.54,True
ET_01,other,36.18,-0.04519,0.04407,0.9157,-22.3,-18.599,-9.602,True
ET_01,other,36.19,-0.09676,0.09134,0.88204,-29.392,-8.504,-15.226,True
ET_01,other,36.2,-0.12913,0.22493,0.89409,-32.299,1.602,-15.916,True
ET_01,other,36.21,-0.09579,0.26554,0.88608,-28.33,12.8,-14.138,True
ET_01,other,36.22,-0.01917,0.33394,0.90605,-16.822,20.714,-9.426,True
ET_01,other,36.230000000000004,0.08363,0.38101,0.96745,-1.352,22.743,-0.476,True
ET_01,other,36.24,0.23066,0.33965,0.97605,12.156,22.363,5.498,True
ET_01,other,36.25,0.28315,0.29838,1.02865,26.374,15.158,13.269,True
ET_01,other,36.26,0.34461,0.2076,1.05041,32.922,4.435,16.288,True
ET_01,other,36.27,0.34995,0.14807,1.04686,32.91,-6.263,15.848,True
ET_01,other,36.28,0.28915,0.02942,1.03338,25.54,-17.142,11.389,True
ET_01,other,36.29,0.16251,0.02365,0.99111,12.112,-22.927,6.67,True
ET_01,other,36.300000000000004,0.09858,0.00179,0.93239,-4.17,-22.589,-2.433,True
ET_01,other,36.31,-0.04094,0.03257,0.90632,-18.958,-19.551,-9.494,True
ET_01,other,36.32,-0.08683,0.10012,0.88229,-28.577,-11.633,-15.421,True
ET_01,other,36.33,-0.12482,0.16733,0.8961,-31.045,-0.168,-16.439,True
ET_01,other,36.34,-0.09665,0.29454,0.87997,-30.183,10.657,-14.989,True
ET_01,other,36.35,-0.02804,0.34634,0.91352,-20.02,18.977,-9.7,True
ET_01,other,36.36,0.07191,0.33,0.96167,-6.444,24.148,-2.507,True
ET_01,other,36.37,0.19304,0.35482,1.04001,11.768,22.514,5.565,True
ET_01,other,36.38,0.29474,0.32784,1.05381,24.188,16.325,12.264,True
ET_01,other,36.39,0.35479,0.23232,1.0645,33.455,7.318,15.179,True
ET_01,other,36.4,0.33616,0.20877,1.05811,31.915,-2.999,16.659,True
ET_01,other,36.410000000000004,0.29995,0.07803,1.0447,25.655,-14.345,13.168,True
ET_01,other,36.42,0.22202,0.0146,0.99878,14.28,-21.577,6.3,True
ET_01,other,36.43,0.09468,0.00847,0.95624,-0.22,-24.994,-2.506,True
ET_01,other,36.44,-0.01077,0.00557,0.91819,-17.145,-21.357,-7.536,True
ET_01,other,36.45,-0.12022,0.0742,0.89985,-27.469,-12.509,-13.204,True
ET_01,other,36.46,-0.14027,0.14709,0.87741,-34.298,-2.814,-17.578,True
ET_01,other,36.47,-0.11661,0.26383,0.91047,-29.746,10.034,-15.051,True
ET_01,other,36.480000000000004,-0.09015,0.31046,0.92338,-21.24,18.029,-10.563,True
ET_01,other,36.49,0.05242,0.3563,0.94684,-6.326,23.761,-2.847,True
ET_01,other,36.5,0.14199,0.343,0.99041,6.865,22.373,4.673,True
ET_01,other,36.51,0.28454,0.29859,1.03225,21.428,19.225,10.997,True
ET_01,other,36.52,0.32045,0.25375,1.07048,30.189,9.359,14.237,True
ET_01,other,36.53,0.37305,0.16407,1.06696,33.046,-2.171,15.908,True
ET_01,other,36.54,0.32485,0.07486,1.02695,26.763,-13.769,14.857,True
ET_01,other,36.550000000000004,0.24219,0.03134,0.99213,16.665,-21.052,6.647,True
ET_01,other,36.56,0.13452,-0.00517,0.98942,1.102,-24.009,1.519,True
ET_01,other,36.57,0.0085,0.03365,0.95794,-14.918,-22.579,-7.236,True
ET_01,other,36.58,-0.07733,0.06311,0.90647,-27.115,-15.366,-11.26,True
ET_01,other,36.59,-0.1377,0.12894,0.88509,-31.736,-4.987,-16.339,True
ET_01,other,36.6,-0.12062,0.21968,0.89999,-29.934,7.503,-15.721,True
ET_01,other,36.61,-0.06377,0.28561,0.91539,-22.756,14.807,-10.695,True
ET_01,other,36.62,0.02282,0.32921,0.95948,-11.433,21.94,-3.849,True
ET_01,other,36.63,0.14355,0.3564,0.99583,5.623,21.98,2.825,True
ET_01,other,36.64,0.2259,0.30341,1.03062,19.714,18.463,9.911,True
ET_01,other,36.65,0.29937,0.24183,1.05567,27.268,10.267,14.56,True
ET_01,other,36.660000000000004,0.33733,0.18858,1.08034,32.695,-1.05,15.912,True
ET_01,other,36.67,0.31296,0.09106,1.059,28.624,-11.881,14.158,True
ET_01,other,36.68,0.23431,0.01417,1.01661,18.552,-19.672,9.382,True
ET_01,other,36.69,0.10901,-0.01902,1.00942,4.126,-24.117,2.412,True
ET_01,other,36.7,0.02366,0.02003,0.96251,-12.439,-21.316,-4.244,True
ET_01,other,36.71,-0.05913,0.06862,0.90417,-22.76,-14.662,-11.079,True
ET_01,other,36.72,-0.11964,0.10658,0.88898,-31.026,-6.597,-15.611,True
ET_01,other,36.730000000000004,-0.14462,0.22544,0.87458,-31.525,5.267,-14.312,True
ET_01,other,36.74,-0.03463,0.30316,0.88564,-26.901,16.079,-10.748,True
ET_01,other,36.75,0.047,0.36346,0.93013,-11.896,22.373,-5.776,True
ET_01,other,36.76,0.10826,0.34417,0.97882,3.198,22.575,-0.054,True
ET_01,other,36.77,0.1876,0.30833,0.99049,16.372,19.614,9.383,True
ET_01,other,36.78,0.30697,0.24372,1.03232,26.699,11.978,14.11,True
ET_01,other,36.79,0.32037,0.18611,1.04392,31.469,0.169,14.964,True
ET_01,other,36.800000000000004,0.31697,0.13151,1.04928,29.947,-8.507,13.821,True
ET_01,other,36.81,0.25536,0.04737,1.01148,19.736,-18.015,9.436,True
ET_01,other,36.82,0.15864,-0.01141,0.98849,5.776,-22.391,3.66,True
ET_01,other,36.83,0.02303,0.0202,0.97314,-9.039,-23.193,-3.785,True
ET_01,other,36.84,-0.04785,0.06231,0.9279,-21.818,-16.023,-9.495,True
ET_01,other,36.85,-0.11991,0.09182,0.90369,-28.652,-7.748,-15.095,True
ET_01,other,36.86,-0.10228,0.19777,0.90633,-31.472,1.696,-15.053,True
ET_01,other,36.87,-0.09133,0.25885,0.89291,-25.26,12.483,-11.969,True
ET_01,other,36.88,0.01223,0.34006,0.95652,-14.592,19.956,-6.871,True
ET_01,other,36.89,0.10008,0.33812,0.99204,0.872,22.573,-1.386,True
ET_01,other,36.9,0.19407,0.3419,1.03727,14.795,19.586,6.259,True
ET_01,other,36.910000000000004,0.27816,0.25185,1.02998,27.044,13.976,12.463,True
ET_01,other,36.92,0.34089,0.20108,1.03711,30.142,2.944,14.919,True
ET_01,other,36.93,0.30221,0.10769,1.04567,27.901,-6.999,14.044,True
ET_01,other,36.94,0.25239,0.04184,1.03498,20.504,-16.632,10.3,True
ET_01,other,36.95,0.17922,0.01725,0.98275,8.557,-22.172,4.808,True
ET_01,other,36.96,0.05973,0.02468,0.96506,-5.325,-21.665,-2.851,True
ET_01,other,36.97,-0.04169,0.0227,0.93797,-18.282,-17.567,-9.794,True
ET_01,other,36.980000000000004,-0.09923,0.10431,0.92559,-28.054,-10.019,-13.847,True
ET_01,other,36.99,-0.13044,0.19361,0.87408,-30.923,1.38,-14.361,True
ET_01,other,37.0,-0.07509,0.2642,0.9003,-27.184,11.646,-11.921,True
ET_01,other,37.01,0.01203,0.29753,0.91421,-15.283,18.63,-8.067,True
ET_01,other,37.02,0.06721,0.30641,0.97354,-2.603,22.218,-1.572,True
ET_01,other,37.03,0.2014,0.31902,0.98387,12.606,20.722,6.087,True
ET_01,other,37.04,0.26034,0.26723,1.04157,23.108,13.996,11.399,True
ET_01,other,37.050000000000004,0.31207,0.20436,1.03655,29.455,4.995,15.229,True
ET_01,other,37.06,0.30977,0.13278,1.06454,28.636,-5.402,13.732,True
ET_01,other,37.07,0.24709,0.08316,1.0342,22.914,-14.056,11.353,True
ET_01,other,37.08,0.17976,0.04284,0.98319,12.185,-20.567,5.115,True
ET_01,other,37.09,0.08005,0.00392,0.9719,-4.416,-21.3,-1.365,True
ET_01,other,37.1,-0.02633,0.06858,0.94095,-16.091,-18.052,-7.936,True
ET_01,other,37.11,-0.0889,0.12074,0.91828,-24.497,-10.311,-11.914,True
ET_01,other,37.12,-0.12504,0.17487,0.89259,-27.884,0.447,-14.419,True
ET_01,other,37.13,-0.1114,0.26925,0.8937,-26.885,9.521,-12.282,True
ET_01,other,37.14,-0.02774,0.30415,0.91633,-17.519,16.817,-8.207,True
ET_01,other,37.15,0.03925,0.3167,0.96798,-5.465,20.739,-1.611,True
ET_01,other,37.160000000000004,0.16735,0.31905,0.99723,7.655,20.596,5.438,True
ET_01,other,37.17,0.24429,0.2642,1.0215,20.802,15.429,10.391,True
ET_01,other,37.18,0.31878,0.19441,1.07097,26.946,7.607,14.394,True
ET_01,other,37.19,0.30716,0.1415,1.05074,29.039,-4.075,14.074,True
ET_01,other,37.2,0.29752,0.08598,1.04542,22.804,-12.097,11.484,True
ET_01,other,37.21,0.1971,0.03986,1.04892,13.923,-18.291,7.771,True
ET_01,other,37.22,0.09122,0.01481,0.98373,-0.654,-22.508,-0.108,True
ET_01,other,37.230000000000004,-0.00523,0.04745,0.92708,-13.442,-17.869,-6.58,True
ET_01,other,37.24,-0.05627,0.09955,0.90926,-22.108,-11.816,-11.681,True
ET_01,other,37.25,-0.10155,0.15481,0.87398,-28.236,-0.932,-12.746,True
ET_01,other,37.26,-0.08536,0.24827,0.88227,-27.585,7.604,-12.134,True
ET_01,other,37.27,-0.03206,0.29033,0.91829,-16.89,16.799,-10.153,True
ET_01,other,37.28,0.06774,0.31995,0.92666,-7.738,19.873,-3.018,True
ET_01,other,37.29,0.12998,0.32569,0.97086,5.848,21.244,3.514,True
ET_01,other,37.300000000000004,0.22692,0.2907,1.01702,17.974,15.42,9.733,True
ET_01,other,37.31,0.26299,0.24659,1.02686,25.993,9.026,10.905,True
ET_01,other,37.32,0.31711,0.15558,1.07195,28.859,-1.915,13.39,True
ET_01,other,37.33,0.25442,0.0921,1.04084,22.396,-11.117,10.593,True
ET_01,other,37.34,0.22718,0.02759,0.98645,14.944,-17.959,6.65,True
ET_01,other,37.35,0.10615,0.0181,0.96753,2.412,-20.049,0.209,True
ET_01,other,37.36,0.03512,0.0676,0.93589,-11.419,-18.224,-5.29,True
ET_01,other,37.37,-0.0821,0.07632,0.92045,-21.473,-10.748,-10.209,True
ET_01,other,37.38,-0.10017,0.15006,0.88754,-27.829,-4.872,-13.165,True
ET_01,other,37.39,-0.10401,0.22036,0.92579,-26.295,7.305,-13.566,True
ET_01,other,37.4,-0.04314,0.28172,0.92284,-20.816,13.443,-9.277,True
ET_01,other,37.410000000000004,0.07037,0.3055,0.93753,-8.272,19.597,-4.256,True
ET_01,other,37.42,0.13012,0.31749,0.97982,4.207,19.334,2.273,True
ET_01,other,37.43,0.20314,0.29468,1.04745,16.031,15.185,7.749,True
ET_01,other,37.44,0.28241,0.23655,1.01067,22.762,10.596,11.259,True
ET_01,other,37.45,0.3064,0.15726,1.03692,27.652,-0.368,12.115,True
ET_01,other,37.46,0.25492,0.10619,1.01811,24.278,-8.548,10.948,True
ET_01,other,37.47,0.21535,0.0641,1.01318,14.373,-16.232,7.287,True
ET_01,other,37.480000000000004,0.14235,0.07064,0.97866,3.455,-19.023,1.587,True
ET_01,other,37.49,-0.0102,0.05328,0.95048,-8.955,-18.334,-4.35,True
ET_01,other,37.5,-0.05627,0.07198,0.92146,-18.845,-13.538,-10.4,True
ET_01,other,37.51,-0.05845,0.14361,0.9214,-25.018,-5.364,-13.065,True
ET_01,other,37.52,-0.08688,0.20929,0.89225,-26.036,3.489,-13.545,True
ET_01,other,37.53,-0.02762,0.27554,0.93011,-20.305,13.121,-9.107,True
ET_01,other,37.54,-0.00867,0.30998,0.96699,-9.959,16.71,-5.256,True
ET_01,other,37.550000000000004,0.10073,0.32288,0.97995,1.284,18.561,1.215,True
ET_01,other,37.56,0.19675,0.26487,1.01738,12.269,17.608,7.595,True
ET_01,other,37.57,0.25267,0.27378,1.03087,21.371,11.572,12.583,True
ET_01,other,37.58,0.27131,0.15933,1.05375,24.65,1.34,11.461,True
ET_01,other,37.59,0.26348,0.12728,1.03738,22.795,-7.065,12.254,True
ET_01,other,37.6,0.20201,0.06106,1.01632,15.813,-13.667,8.356,True
ET_01,other,37.61,0.12446,0.03661,0.97299,5.535,-18.842,2.746,True
ET_01,other,37.62,0.07515,0.04382,0.95899,-7.045,-17.738,-3.647,True
ET_01,other,37.63,-0.0258,0.08827,0.93501,-17.172,-13.685,-8.49,True
ET_01,other,37.64,-0.08515,0.10109,0.92309,-23.365,-6.85,-11.307,True
ET_01,other,37.65,-0.11207,0.21061,0.92907,-25.047,2.759,-12.863,True
ET_01,other,37.660000000000004,-0.06136,0.23145,0.94214,-21.838,9.028,-9.787,True
ET_01,other,37.67,0.02084,0.29892,0.95119,-12.482,16.498,-6.718,True
ET_01,other,37.68,0.11423,0.30288,0.96385,-1.814,17.77,-0.052,True
ET_01,other,37.69,0.18126,0.28064,0.9844,11.631,15.731,5.035,True
ET_01,other,37.7,0.2541,0.25419,1.03665,19.445,10.423,10.106,True
ET_01,other,37.71,0.29021,0.2094,1.04129,23.405,4.062,11.49,True
ET_01,other,37.72,0.29961,0.12984,1.04909,22.751,-6.157,11.247,True
ET_01,other,37.730000000000004,0.22416,0.06461,1.03351,17.287,-12.083,8.556,True
ET_01,other,37.74,0.15904,0.03743,1.00591,7.22,-18.155,3.299,True
ET_01,other,37.75,0.07723,0.05439,0.94316,-4.055,-17.788,-0.722,True
ET_01,other,37.76,0.00861,0.04614,0.93047,-14.715,-13.904,-6.884,True
ET_01,other,37.77,-0.05178,0.10166,0.93962,-23.668,-7.64,-11.62,True
ET_01,other,37.78,-0.11721,0.19609,0.88373,-24.58,1.47,-13.142,True
ET_01,other,37.79,-0.05604,0.24523,0.93782,-20.705,8.008,-9.27,True
ET_01,other,37.800000000000004,-0.02742,0.26283,0.94635,-13.607,14.691,-7.198,True
ET_01,other,37.81,0.08708,0.33638,0.95906,-2.979,17.777,-1.873,True
ET_01,other,37.82,0.14213,0.27129,0.98382,9.444,17.078,4.7,True
ET_01,other,37.83,0.22362,0.25409,1.04187,17.414,11.997,8.185,True
ET_01,other,37.84,0.27171,0.21102,1.05149,21.799,5.014,12.445,True
ET_01,other,37.85,0.28844,0.18395,1.05098,24.295,-3.975,12.138,True
ET_01,other,37.86,0.21477,0.08855,1.01856,15.601,-10.974,8.855,True
ET_01,other,37.87,0.17405,0.06182,1.01245,8.347,-15.927,4.622,True
ET_01,other,37.88,0.07975,0.05715,0.97769,-2.129,-17.991,-1.0,True
ET_01,other,37.89,0.01516,0.07673,0.96956,-12.957,-14.977,-6.333,True
ET_01,other,37.9,-0.04427,0.10242,0.90598,-19.527,-9.377,-9.587,True
ET_01,other,37.910000000000004,-0.07209,0.1572,0.89972,-23.227,-0.798,-11.557,True
ET_01,other,37.92,-0.04732,0.22634,0.93815,-21.033,7.816,-9.626,True
ET_01,other,37.93,-0.00191,0.24406,0.91645,-13.996,14.165,-7.597,True
ET_01,other,37.94,0.0615,0.31047,0.96461,-3.937,16.127,-1.848,True
ET_01,other,37.95,0.17088,0.27309,1.01582,5.409,14.98,2.327,True
ET_01,other,37.96,0.20861,0.24331,1.00175,17.071,11.096,7.785,True
ET_01,other,37.97,0.25123,0.21865,1.02811,19.682,4.399,10.011,True
ET_01,other,37.980000000000004,0.25688,0.17029,1.03506,23.415,-1.403,11.661,True
ET_01,other,37.99,0.25421,0.09322,1.01645,19.101,-9.684,9.245,True
ET_01,other,38.0,0.16163,0.07709,0.98723,9.854,-14.082,7.847,True
ET_01,other,38.01,0.12435,0.04837,0.99899,0.479,-16.208,0.677,True
ET_01,other,38.02,0.01745,0.07624,0.95856,-10.221,-14.516,-5.021,True
ET_01,other,38.03,-0.01502,0.10139,0.92619,-18.198,-9.335,-8.253,True
ET_01,other,38.04,-0.06381,0.1725,0.91882,-23.23,-2.397,-9.655,True
ET_01,other,38.050000000000004,-0.03747,0.23405,0.90784,-20.529,5.942,-10.076,True
ET_01,other,38.06,0.00081,0.26321,0.94058,-15.052,10.856,-8.243,True
ET_01,other,38.07,0.06101,0.30438,0.95661,-5.056,14.638,-2.032,True
ET_01,other,38.08,0.12159,0.29225,0.98449,3.271,15.948,1.831,True
ET_01,other,38.09,0.19466,0.28268,1.01453,13.439,12.978,7.341,True
ET_01,other,38.1,0.27328,0.21275,1.0129,21.112,5.526,10.927,True
ET_01,other,38.11,0.28311,0.16714,1.01555,22.443,-0.224,11.151,True
ET_01,other,38.12,0.20251,0.12762,1.04635,18.362,-7.123,9.738,True
ET_01,other,38.13,0.20669,0.08178,0.97888,11.857,-13.918,6.256,True
ET_01,other,38.14,0.09617,0.0599,0.97723,1.901,-15.938,0.836,True
ET_01,other,38.15,0.04096,0.09043,0.96357,-7.477,-14.181,-4.008,True
ET_01,other,38.160000000000004,-0.00753,0.09749,0.95124,-14.856,-10.302,-8.444,True
ET_01,other,38.17,-0.03712,0.15922,0.90681,-21.36,-3.317,-10.786,True
ET_01,other,38.18,-0.03858,0.19638,0.93429,-20.624,4.522,-11.057,True
ET_01,other,38.19,-0.00161,0.24654,0.95091,-15.288,9.873,-7.931,True
ET_01,other,38.2,0.02551,0.28231,0.96898,-7.174,13.467,-5.234,True
ET_01,other,38.21,0.1172,0.30291,0.99797,3.27,16.542,0.491,True
ET_01,other,38.22,0.20966,0.27904,1.00509,13.992,11.911,7.115,True
ET_01,other,38.230000000000004,0.22025,0.23973,1.01694,17.625,7.772,9.384,True
ET_01,other,38.24,0.2699,0.18621,1.0371,21.151,0.611,10.417,True
ET_01,other,38.25,0.23229,0.14782,1.01565,18.936,-6.979,10.212,True
ET_01,other,38.26,0.17368,0.06705,1.00645,12.012,-11.984,6.066,True
ET_01,other,38.27,0.12357,0.05851,0.96037,4.539,-13.46,1.789,True
ET_01,other,38.28,0.04938,0.0679,0.9372,-6.248,-14.277,-2.834,True
ET_01,other,38.29,-0.00528,0.08532,0.93647,-13.885,-10.015,-6.287,True
ET_01,other,38.300000000000004,-0.01684,0.16109,0.92369,-19.094,-5.28,-8.956,True
ET_01,other,38.31,-0.04806,0.20294,0.93278,-19.99,2.549,-10.094,True
ET_01,other,38.32,-0.02892,0.24071,0.9156,-16.558,8.615,-9.176,True
ET_01,other,38.33,0.05015,0.28645,0.95015,-8.566,13.895,-4.711,True
ET_01,other,38.34,0.11435,0.28932,0.99612,0.99,13.879,0.101,True
ET_01,other,38.35,0.17727,0.27788,0.96776,10.508,11.911,4.266,True
ET_01,other,38.36,0.21548,0.23692,0.99887,16.759,8.336,9.334,True
ET_01,other,38.37,0.25277,0.16917,1.02064,20.999,2.947,10.319,True
ET_01,other,38.38,0.2441,0.13483,1.008,19.717,-5.581,9.36,True
ET_01,other,38.39,0.21863,0.07687,1.03104,12.78,-11.067,6.721,True
ET_01,other,38.4,0.13394,0.07845,0.97417,4.151,-14.75,2.932,True
ET_01,other,38.410000000000004,0.06317,0.06691,0.97329,-4.152,-12.825,-3.639,True
ET_01,other,38.42,-0.02312,0.10881,0.94519,-12.201,-10.565,-5.754,True
ET_01,other,38.43,-0.03267,0.14451,0.90598,-17.824,-5.901,-9.366,True
ET_01,other,38.44,-0.06204,0.19327,0.90106,-19.692,0.823,-10.452,True
ET_01,other,38.45,0.01062,0.20473,0.91482,-17.005,8.894,-7.467,True
ET_01,other,38.46,0.07173,0.29222,0.94086,-10.909,13.635,-4.88,True
ET_01,other,38.47,0.09104,0.27644,0.97477,-1.17,14.901,0.091,True
ET_01,other,38.480000000000004,0.18977,0.27265,1.00396,8.528,13.786,5.265,True
ET_01,other,38.49,0.20938,0.23862,1.01641,15.849,9.866,8.429,True
ET_01,other,38.5,0.28776,0.17728,1.00396,19.91,3.293,11.184,True
ET_01,other,38.51,0.24537,0.14172,1.02672,20.236,-3.798,9.488,True
ET_01,other,38.52,0.2109,0.09473,1.0112,14.829,-8.944,7.462,True
ET_01,other,38.53,0.13406,0.06501,0.99747,6.905,-13.233,3.328,True
ET_01,other,38.54,0.10227,0.07675,0.95706,-2.296,-15.401,-1.009,True
ET_01,other,38.550000000000004,0.03408,0.10876,0.93882,-11.86,-12.648,-6.153,True
ET_01,other,38.56,-0.01543,0.13396,0.95749,-19.842,-6.533,-7.563,True
ET_01,other,38.57,-0.04105,0.17427,0.898,-20.846,-0.188,-8.89,True
ET_01,other,38.58,-0.02745,0.21657,0.92723,-17.876,7.275,-10.066,True
ET_01,other,38.59,0.01349,0.26821,0.93437,-11.648,12.362,-5.44,True
ET_01,other,38.6,0.08938,0.26897,0.95999,-2.67,15.025,-0.692,True
ET_01,other,38.61,0.15353,0.28023,0.9927,7.892,13.823,2.95,True
ET_01,other,38.62,0.22739,0.24613,0.99487,14.543,10.596,7.536,True
ET_01,other,38.63,0.25204,0.23038,1.0256,18.274,4.949,10.652,True
ET_01,other,38.64,0.25986,0.15812,1.02541,20.091,-3.526,8.69,True
ET_01,other,38.65,0.22085,0.12819,1.02537,15.889,-9.994,8.093,True
ET_01,other,38.660000000000004,0.18568,0.07413,1.00091,7.612,-13.573,4.981,True
ET_01,other,38.67,0.08938,0.06993,0.96912,-2.13,-14.372,-1.681,True
ET_01,other,38.68,0.07876,0.10233,0.93211,-11.267,-11.276,-4.37,True
ET_01,other,38.69,0.01004,0.11025,0.92331,-17.724,-8.272,-8.337,True
ET_01,other,38.7,-0.02141,0.16007,0.91281,-18.977,-1.707,-10.879,True
ET_01,other,38.71,-0.01713,0.21346,0.92002,-17.701,7.016,-9.884,True
ET_01,other,38.72,0.00471,0.26711,0.91122,-12.888,12.415,-6.834,True
ET_01,other,38.730000000000004,0.06138,0.29108,0.94796,-4.319,13.867,-2.669,True
ET_01,other,38.74,0.14563,0.28513,0.99625,4.465,13.113,1.97,True
ET_01,other,38.75,0.18994,0.25259,1.02765,11.909,12.376,6.483,True
ET_01,other,38.76,0.26177,0.22189,1.0364,19.391,5.112,10.52,True
ET_01,other,38.77,0.25954,0.1958,1.01911,19.019,-1.455,9.632,True
ET_01,other,38.78,0.22046,0.10338,1.03378,16.205,-7.47,6.867,True
ET_01,other,38.79,0.18276,0.08308,1.00253,9.243,-13.757,3.351,True
ET_01,other,38.800000000000004,0.12075,0.09393,0.93561,0.054,-16.229,1.361,True
ET_01,other,38.81,0.05467,0.12916,0.96323,-9.717,-12.123,-5.482,True
ET_01,other,38.82,-0.01309,0.12902,0.91093,-16.18,-8.279,-7.152,True
ET_01,other,38.83,-0.00728,0.15795,0.91749,-18.795,-2.182,-8.817,True
ET_01,other,38.84,-0.01747,0.1998,0.93114,-19.891,2.859,-9.554,True
ET_01,other,38.85,0.03007,0.25968,0.92624,-13.748,11.343,-7.087,True
ET_01,other,38.86,0.07655,0.29048,0.95109,-5.7,14.46,-2.63,True
ET_01,other,38.87,0.13526,0.30637,0.97238,4.152,15.003,0.465,True
ET_01,other,38.88,0.21405,0.28521,1.00554,12.131,10.847,5.576,True
ET_01,other,38.89,0.26474,0.20841,1.04005,18.361,6.927,10.467,True
ET_01,other,38.9,0.28872,0.17903,1.01811,19.082,-0.335,10.667,True
ET_01,other,38.910000000000004,0.25034,0.1507,1.04256,17.897,-7.24,10.09,True
ET_01,other,38.92,0.21616,0.09498,0.97585,11.596,-11.51,4.61,True
ET_01,other,38.93,0.13606,0.07263,0.97441,0.496,-15.285,2.309,True
ET_01,other,38.94,0.0766,0.08169,0.95666,-7.419,-12.405,-4.428,True
ET_01,other,38.95,-0.0089,0.12397,0.92422,-14.441,-8.805,-8.343,True
ET_01,other,38.96,-0.02019,0.13922,0.9031,-19.732,-2.375,-10.676,True
ET_01,other,38.97,-0.02686,0.22878,0.91867,-20.714,3.888,-10.327,True
ET_01,other,38.980000000000004,0.03695,0.2594,0.89879,-16.501,8.616,-7.301,True
ET_01,other,38.99,0.07897,0.28144,0.95469,-7.641,13.304,-3.132,True
ET_01,other,39.0,0.15217,0.31193,0.97259,2.967,14.326,-0.218,True
ET_01,other,39.01,0.19193,0.27481,1.03491,9.384,13.408,5.612,True
ET_01,other,39.02,0.228,0.24194,1.00232,17.958,7.628,9.662,True
ET_01,other,39.03,0.2498,0.19625,0.99939,20.545,1.471,10.204,True
ET_01,other,39.04,0.24006,0.13769,1.01865,18.245,-6.882,9.826,True
ET_01,other,39.050000000000004,0.21096,0.10076,0.96533,11.739,-12.126,6.203,True
ET_01,other,39.06,0.14698,0.09373,0.99108,3.421,-16.328,1.183,True
ET_01,other,39.07,0.10303,0.0896,0.96559,-5.634,-15.152,-1.397,True
ET_01,other,39.08,0.03803,0.12647,0.91563,-14.125,-11.549,-7.279,True
ET_01,other,39.09,-0.0366,0.12899,0.89939,-20.309,-3.267,-9.358,True
ET_01,other,39.1,-0.06007,0.2089,0.91664,-21.057,1.742,-10.503,True
ET_01,other,39.11,-0.00163,0.25206,0.8948,-17.011,9.269,-8.117,True
ET_01,other,39.12,0.05968,0.28088,0.93409,-9.572,14.089,-5.465,True
ET_01,other,39.13,0.12408,0.30767,0.96827,-1.587,14.824,-0.487,True
ET_01,other,39.14,0.17051,0.31762,0.96811,10.229,12.902,5.087,True
ET_01,other,39.15,0.26773,0.266,1.00511,17.535,8.272,7.609,True
ET_01,other,39.160000000000004,0.29008,0.19506,1.02867,20.448,1.993,9.318,True
ET_01,other,39.17,0.22342,0.17289,1.01353,18.437,-3.368,8.243,True
ET_01,other,39.18,0.20739,0.1042,0.99309,12.772,-10.856,7.11,True
ET_01,other,39.19,0.17254,0.08792,0.97625,5.466,-13.139,2.86,True
ET_01,other,39.2,0.07803,0.07654,0.94562,-4.61,-14.154,-1.835,True
ET_01,other,39.21,0.0392,0.10058,0.92917,-12.819,-12.659,-7.28,True
ET_01,other,39.22,-0.02325,0.15404,0.88812,-18.982,-6.282,-9.555,True
ET_01,other,39.230000000000004,-0.03359,0.20966,0.92041,-18.89,-0.693,-9.437,True
ET_01,other,39.24,-0.02109,0.23848,0.91952,-18.387,6.296,-9.001,True
ET_01,other,39.25,0.02813,0.27792,0.92824,-9.795,13.472,-5.476,True
ET_01,other,39.26,0.13087,0.27868,0.96037,-1.233,15.608,-0.015,True
ET_01,other,39.27,0.18216,0.27376,0.95858,8.734,13.319,3.282,True
ET_01,other,39.28,0.23586,0.26347,1.00625,15.924,8.73,7.033,True
ET_01,other,39.29,0.26743,0.20818,1.01404,21.468,2.868,9.143,True
ET_01,other,39.300000000000004,0.27595,0.16279,1.02369,20.804,-2.833,8.501,True
ET_01,other,39.31,0.24953,0.14009,1.01187,15.511,-9.464,9.054,True
ET_01,other,39.32,0.21255,0.08773,0.98095,5.935,-14.246,4.977,True
ET_01,other,39.33,0.11682,0.05619,0.94994,-2.097,-15.703,-0.846,True
ET_01,other,39.34,0.02393,0.06143,0.89461,-10.759,-13.577,-5.393,True
ET_01,other,39.35,-0.01221,0.12221,0.92206,-18.752,-7.362,-8.732,True
ET_01,other,39.36,-0.03297,0.16085,0.89848,-21.85,-2.312,-12.933,True
ET_01,other,39.37,-0.02229,0.22265,0.90055,-18.738,7.795,-8.476,True
ET_01,other,39.38,0.02121,0.27061,0.92978,-13.459,11.554,-6.757,True
ET_01,other,39.39,0.12674,0.30346,0.96134,-3.048,15.671,-1.686,True
ET_01,other,39.4,0.16828,0.30138,0.97653,7.482,15.752,4.513,True
ET_01,other,39.410000000000004,0.24431,0.26729,1.0356,15.935,12.678,8.808,True
ET_01,other,39.42,0.29501,0.21065,1.05594,20.52,4.698,9.941,True
ET_01,other,39.43,0.29509,0.15052,1.00879,22.901,-3.212,11.127,True
ET_01,other,39.44,0.25011,0.13974,1.02127,17.894,-10.328,9.005,True
ET_01,other,39.45,0.21434,0.0653,0.95648,9.608,-15.312,4.479,True
ET_01,other,39.46,0.11898,0.05793,0.95809,-0.54,-16.741,-0.166,True
ET_01,other,39.47,0.05446,0.08915,0.91357,-11.26,-14.021,-5.257,True
ET_01,other,39.480000000000004,-0.01156,0.13042,0.8996,-18.288,-9.809,-8.331,True
ET_01,other,39.49,0.00694,0.19371,0.89884,-22.698,-3.213,-11.223,True
ET_01,other,39.5,-0.00122,0.25083,0.91478,-20.353,4.917,-9.866,True
ET_01,other,39.51,0.02625,0.27313,0.93687,-14.205,12.741,-7.783,True
ET_01,other,39.52,0.11613,0.32959,0.97016,-6.114,15.84,-3.986,True
ET_01,other,39.53,0.18714,0.30431,0.95897,5.437,15.865,2.863,True
ET_01,other,39.54,0.27002,0.31353,0.98778,14.956,12.21,6.955,True
ET_01,other,39.550000000000004,0.27769,0.2672,1.02286,20.533,5.15,10.146,True
ET_01,other,39.56,0.29217,0.17225,1.00511,22.238,-0.26,12.07,True
ET_01,other,39.57,0.27068,0.12806,0.98679,18.888,-9.364,10.388,True
ET_01,other,39.58,0.22748,0.10502,0.97562,11.698,-14.344,6.245,True
ET_01,other,39.59,0.1547,0.07866,0.94264,1.775,-15.778,0.107,True
ET_01,other,39.6,0.05507,0.04583,0.93134,-10.254,-15.233,-5.567,True
ET_01,other,39.61,-0.00542,0.09808,0.9215,-19.238,-10.285,-9.621,True
ET_01,other,39.62,-0.02348,0.19806,0.90007,-21.581,-3.704,-11.102,True
ET_01,other,39.63,-0.01998,0.21412,0.90551,-22.263,4.223,-10.012,True
ET_01,other,39.64,0.01758,0.27806,0.8791,-16.969,13.14,-7.298,True
ET_01,other,39.65,0.07661,0.33126,0.94031,-8.545,17.211,-3.321,True
ET_01,other,39.660000000000004,0.13243,0.32143,0.96068,3.068,17.862,2.525,True
ET_01,other,39.67,0.22189,0.30231,0.97521,12.465,13.772,7.387,True
ET_01,other,39.68,0.30701,0.25639,0.98822,21.159,8.669,11.962,True
ET_01,other,39.69,0.30856,0.17786,1.01391,24.167,0.512,11.168,True
ET_01,other,39.7,0.29129,0.12934,1.0053,20.844,-6.751,11.79,True
ET_01,other,39.71,0.23966,0.11259,0.99335,13.632,-13.2,6.342,True
ET_01,other,39.72,0.16068,0.07255,0.96645,3.846,-16.513,1.853,True
ET_01,other,39.730000000000004,0.09184,0.08351,0.92494,-7.647,-15.425,-3.602,True
ET_01,other,39.74,-0.00515,0.11452,0.90989,-18.066,-12.936,-9.524,True
ET_01,other,39.75,-0.04273,0.17146,0.90979,-23.068,-6.077,-10.675,True
ET_01,other,39.76,-0.0318,0.21696,0.8913,-24.332,3.194,-11.036,True
ET_01,other,39.77,0.01044,0.2934,0.90392,-17.833,11.554,-9.162,True
ET_01,other,39.78,0.06244,0.33482,0.9139,-9.899,16.364,-5.656,True
ET_01,other,39.79,0.13074,0.31277,0.96373,0.822,19.294,-1.017,True
ET_01,other,39.800000000000004,0.23292,0.32177,0.99745,12.99,16.003,6.257,True
ET_01,other,39.81,0.29313,0.27942,1.01558,22.027,9.308,9.48,True
ET_01,other,39.82,0.32162,0.20931,1.00074,23.979,2.736,12.719,True
ET_01,other,39.83,0.31487,0.16776,1.00391,23.273,-6.846,11.28,True
ET_01,other,39.84,0.28979,0.09018,1.01279,14.92,-14.643,8.716,True
ET_01,other,39.85,0.18725,0.05959,0.97508,5.778,-18.157,3.412,True
ET_01,other,39.86,0.09354,0.06526,0.94033,-5.465,-17.817,-3.023,True
ET_01,other,39.87,0.00768,0.08525,0.90724,-16.637,-12.317,-8.537,True
ET_01,other,39.88,-0.0175,0.16068,0.88428,-24.62,-6.866,-12.593,True
ET_01,other,39.89,-0.05714,0.2417,0.87132,-24.641,3.128,-12.118,True
ET_01,other,39.9,-0.00747,0.26498,0.87558,-21.505,11.773,-9.516,True
ET_01,other,39.910000000000004,0.05965,0.3032,0.93714,-11.618,14.519,-7.066,True
ET_01,other,39.92,0.15819,0.3644,0.95999,-1.809,19.972,-0.348,True
ET_01,other,39.93,0.24901,0.32758,0.94248,11.757,15.821,5.531,True
ET_01,other,39.94,0.29467,0.27002,1.00029,20.085,10.057,10.066,True
ET_01,other,39.95,0.3435,0.24528,0.99585,26.977,3.202,11.671,True
ET_01,other,39.96,0.3177,0.1655,1.02269,24.719,-5.991,12.528,True
ET_01,other,39.97,0.29833,0.11563,0.99386,18.637,-13.463,9.946,True
ET_01,other,39.980000000000004,0.198,0.0525,0.96714,8.37,-18.171,3.502,True
ET_01,other,39.99,0.11842,0.04844,0.97029,-5.244,-19.528,-1.346,True
ET_01,other,40.0,0.03046,0.08335,0.89524,-15.889,-16.544,-8.495,True
ET_01,other,40.01,-0.02857,0.15414,0.88902,-23.699,-8.946,-12.818,True
ET_01,other,40.02,-0.03994,0.19183,0.88758,-25.128,0.021,-13.416,True
ET_01,other,40.03,0.00221,0.27017,0.89655,-22.557,9.273,-12.251,True
ET_01,other,40.04,0.0186,0.32565,0.91581,-14.879,16.133,-6.784,True
ET_01,other,40.050000000000004,0.15392,0.38523,0.96653,-2.793,20.623,-1.022,True
ET_01,other,40.06,0.23172,0.31279,0.97605,8.564,18.945,4.813,True
ET_01,other,40.07,0.30586,0.29019,1.01998,20.705,12.362,9.569,True
ET_01,other,40.08,0.34919,0.22314,1.01638,26.22,5.365,13.666,True
ET_01,other,40.09,0.33398,0.18251,1.00401,26.517,-4.777,13.585,True
ET_01,other,40.1,0.31973,0.10587,0.9958,20.74,-13.453,10.147,True
ET_01,other,40.11,0.21311,0.09254,0.9552,10.2,-19.046,5.638,True
ET_01,other,40.12,0.13843,0.08255,0.91591,-2.616,-16.914,1.029,True
ET_01,other,40.13,0.03361,0.07296,0.90278,-14.162,-17.805,-7.693,True
ET_01,other,40.14,-0.01294,0.13495,0.8664,-24.337,-10.762,-12.068,True
ET_01,other,40.15,-0.04661,0.2192,0.85962,-27.462,-0.878,-14.178,True
ET_01,other,40.160000000000004,-0.02733,0.25171,0.86466,-25.394,9.159,-12.76,True
ET_01,other,40.17,0.02455,0.31338,0.91103,-16.808,15.131,-8.825,True
ET_01,other,40.18,0.10357,0.38043,0.92426,-5.398,19.448,-3.484,True
ET_01,other,40.19,0.21906,0.35159,0.96088,7.556,18.861,4.687,True
ET_01,other,40.2,0.31077,0.31991,0.98431,19.636,13.873,10.158,True
ET_01,other,40.21,0.35927,0.25514,1.03495,28.232,5.94,13.325,True
ET_01,other,40.22,0.36964,0.15377,1.02935,26.509,-3.78,13.958,True
ET_01,other,40.230000000000004,0.32462,0.10026,0.98689,23.967,-12.452,12.406,True
ET_01,other,40.24,0.26449,0.05224,0.96669,12.266,-18.03,6.682,True
ET_01,other,40.25,0.18767,0.05535,0.93487,-1.213,-19.99,1.132,True
ET_01,other,40.26,0.07038,0.10806,0.91227,-15.197,-19.083,-5.53,True
ET_01,other,40.27,-0.01096,0.111,0.89455,-23.199,-13.386,-12.266,True
ET_01,other,40.28,-0.04963,0.19812,0.83418,-28.623,-1.319,-16.293,True
ET_01,other,40.29,-0.02447,0.26617,0.91451,-25.623,7.874,-12.932,True
ET_01,other,40.300000000000004,0.01982,0.30149,0.90478,-18.758,16.269,-10.515,True
ET_01,other,40.31,0.11541,0.34933,0.93478,-9.05,20.051,-3.345,True
ET_01,other,40.32,0.22352,0.37431,0.95976,4.855,20.539,2.147,True
ET_01,other,40.33,0.28476,0.31243,1.02095,18.57,15.566,9.069,True
ET_01,other,40.34,0.35675,0.26469,1.02962,25.257,9.3,13.377,True
ET_01,other,40.35,0.35195,0.21237,1.02454,28.189,-1.819,14.995,True
ET_01,other,40.36,0.3349,0.12366,1.01291,25.67,-11.729,12.754,True
ET_01,other,40.37,0.27331,0.05787,0.98229,15.75,-18.951,8.037,True
ET_01,other,40.38,0.16388,0.03083,0.94858,1.666,-20.813,0.737,True
ET_01,other,40.39,0.05521,0.03012,0.92915,-12.19,-19.899,-6.121,True
ET_01,other,40.4,-0.0179,0.09927,0.90073,-22.052,-13.25,-11.3,True
ET_01,other,40.410000000000004,-0.05059,0.15285,0.87033,-29.184,-5.584,-15.058,True
ET_01,other,40.42,-0.05521,0.23644,0.86563,-29.327,5.286,-15.246,True
ET_01,other,40.43,-0.02171,0.32424,0.8911,-21.481,14.824,-11.455,True
ET_01,other,40.44,0.08141,0.36714,0.89431,-10.733,20.53,-3.678,True
ET_01,other,40.45,0.17003,0.3739,0.98193,4.653,21.337,0.657,True
ET_01,other,40.46,0.31853,0.3457,0.95898,16.429,17.208,9.072,True
ET_01,other,40.47,0.3448,0.24517,1.0116,26.058,10.203,12.698,True
ET_01,other,40.480000000000004,0.35887,0.24187,1.00127,30.739,0.29,16.532,True
ET_01,other,40.49,0.35869,0.12134,0.99537,25.239,-10.733,14.507,True
ET_01,other,40.5,0.30433,0.10166,0.98511,18.484,-16.155,9.974,True
ET_01,other,40.51,0.22272,0.06188,0.9672,4.053,-22.05,2.487,True
ET_01,other,40.52,0.09108,0.06997,0.93669,-8.722,-21.998,-5.387,True
ET_01,other,40.53,-0.00734,0.09695,0.86554,-21.734,-15.144,-11.746,True
ET_01,other,40.54,-0.05945,0.1758,0.86128,-28.408,-5.029,-14.318,True
ET_01,other,40.550000000000004,-0.05962,0.2361,0.86875,-30.311,3.296,-15.96,True
ET_01,other,40.56,-0.03139,0.30729,0.83827,-22.839,14.559,-11.134,True
ET_01,other,40.57,0.06335,0.3691,0.90839,-12.804,20.471,-6.12,True
ET_01,other,40.58,0.16379,0.38059,0.93077,0.343,22.817,0.342,True
ET_01,other,40.59,0.28336,0.3417,1.00215,14.628,20.998,7.978,True
ET_01,other,40.6,0.35017,0.2974,1.00577,26.697,12.392,13.6,True
ET_01,other,40.61,0.37708,0.23019,0.99401,31.143,2.201,15.843,True
ET_01,other,40.62,0.40315,0.14825,1.01981,27.995,-9.493,14.665,True
ET_01,other,40.63,0.30526,0.09707,0.97477,20.696,-17.889,9.721,True
ET_01,other,40.64,0.2161,0.04708,0.93569,7.945,-22.257,2.928,True
ET_01,other,40.65,0.12308,0.0445,0.93194,-9.081,-21.413,-3.053,True
ET_01,other,40.660000000000004,0.01503,0.09069,0.90264,-20.659,-17.197,-9.878,True
ET_01,other,40.67,-0.01498,0.16377,0.86596,-29.101,-7.275,-16.091,True
ET_01,other,40.68,-0.04678,0.20547,0.86778,-29.886,1.501,-16.024,True
ET_01,other,40.69,-0.03061,0.29633,0.86827,-25.386,12.642,-12.53,True
ET_01,other,40.7,0.03452,0.35693,0.89744,-15.974,21.001,-7.697,True
ET_01,other,40.71,0.14865,0.38429,0.93162,-0.614,23.454,-1.232,True
ET_01,other,40.72,0.28669,0.35345,0.96209,11.447,21.426,6.141,True
ET_01,other,40.730000000000004,0.34367,0.28881,1.02357,24.695,14.217,11.299,True
ET_01,other,40.74,0.41379,0.23433,1.00543,30.578,3.1,16.459,True
ET_01,other,40.75,0.41576,0.15761,1.01828,30.955,-6.286,16.148,True
ET_01,other,40.76,0.34761,0.08449,0.97884,23.507,-15.574,10.104,True
ET_01,other,40.77,0.24871,0.05795,0.96172,9.643,-22.997,5.278,True
ET_01,other,40.78,0.13772,0.04489,0.93439,-6.185,-23.586,-2.006,True
ET_01,other,40.79,0.0303,0.0689,0.87822,-18.867,-18.67,-8.874,True
ET_01,other,40.800000000000004,-0.03268,0.14148,0.86646,-29.716,-11.273,-14.517,True
ET_01,other,40.81,-0.05102,0.21353,0.86277,-31.664,1.523,-17.205,True
ET_01,other,40.82,-0.03304,0.29339,0.86549,-28.655,10.556,-12.624,True
ET_01,other,40.83,0.05378,0.32459,0.88705,-17.716,19.886,-9.289,True
ET_01,other,40.84,0.15003,0.39538,0.90639,-2.633,22.362,-1.712,True
ET_01,other,40.85,0.23771,0.37747,0.98058,11.894,21.215,5.857,True
ET_01,other,40.86,0.34863,0.34489,1.00916,24.099,17.094,10.612,True
ET_01,other,40.87,0.38317,0.26749,1.01927,31.158,6.847,16.191,True
ET_01,other,40.88,0.41411,0.15323,1.03237,32.127,-3.979,16.307,True
ET_01,other,40.89,0.35486,0.12077,1.01348,25.121,-14.896,13.609,True
ET_01,other,40.9,0.28669,0.06527,0.96235,13.218,-23.307,6.021,True
ET_01,other,40.910000000000004,0.18644,0.02992,0.90643,-2.415,-22.816,-0.544,True
ET_01,other,40.92,0.06257,0.08102,0.86566,-17.411,-20.844,-6.915,True
ET_01,other,40.93,-0.02396,0.13388,0.86443,-27.398,-11.307,-13.367,True
ET_01,other,40.94,-0.07641,0.21808,0.85957,-31.283,-2.469,-15.454,True
ET_01,other,40.95,-0.02876,0.27676,0.85906,-29.387,9.54,-14.447,True
ET_01,other,40.96,0.02259,0.33851,0.87362,-20.354,19.36,-10.003,True
ET_01,other,40.97,0.1584,0.39832,0.92496,-6.168,24.019,-2.658,True
ET_01,other,40.980000000000004,0.24473,0.39086,0.94647,8.345,23.921,4.383,True
ET_01,other,40.99,0.35408,0.34361,0.99843,21.779,17.414,10.687,True
ET_01,other,41.0,0.4033,0.26958,1.01493,30.711,9.422,15.051,True
ET_01,other,41.01,0.4039,0.16961,1.00224,32.611,-3.405,16.179,True
ET_01,other,41.02,0.38023,0.09871,1.0131,26.044,-13.561,13.556,True
ET_01,other,41.03,0.30309,0.04108,0.9899,14.623,-20.237,6.644,True
ET_01,other,41.04,0.18382,0.0396,0.96242,-0.356,-24.741,0.715,True
ET_01,other,41.050000000000004,0.07232,0.06093,0.90822,-15.445,-21.346,-7.326,True
ET_01,other,41.06,-0.01861,0.09885,0.88107,-26.188,-13.617,-13.46,True
ET_01,other,41.07,-0.07311,0.18337,0.84841,-32.432,-2.584,-16.695,True
ET_01,other,41.08,-0.06037,0.24648,0.86815,-30.158,7.263,-14.875,True
ET_01,other,41.09,-0.00646,0.31886,0.86116,-23.091,16.65,-11.004,True
ET_01,other,41.1,0.10444,0.35924,0.88776,-9.351,22.442,-4.567,True
ET_01,other,41.11,0.22369,0.39068,0.93932,7.006,22.742,2.256,True
ET_01,other,41.12,0.34655,0.34004,0.99975,18.745,19.303,10.228,True
ET_01,other,41.13,0.42634,0.26537,1.02073,30.574,10.051,13.93,True
ET_01,other,41.14,0.40951,0.20298,1.01824,33.243,-0.328,16.352,True
ET_01,other,41.15,0.41255,0.11923,1.03427,28.99,-12.662,13.71,True
ET_01,other,41.160000000000004,0.30137,0.0606,1.00011,17.442,-20.189,9.838,True
ET_01,other,41.17,0.22619,0.03193,0.93387,2.621,-25.413,1.063,True
ET_01,other,41.18,0.087,0.056,0.8923,-12.219,-22.113,-5.654,True
ET_01,other,41.19,0.00982,0.08553,0.83917,-25.973,-14.905,-12.176,True
ET_01,other,41.2,-0.04317,0.18216,0.86117,-32.714,-6.326,-16.93,True
ET_01,other,41.21,-0.05052,0.25741,0.86064,-31.4,5.806,-17.338,True
ET_01,other,41.22,-0.00049,0.31415,0.89372,-25.496,15.447,-12.152,True
ET_01,other,41.230000000000004,0.07152,0.40438,0.90561,-11.997,22.584,-5.287,True
ET_01,other,41.24,0.20567,0.37882,0.95655,1.749,23.39,1.778,True
ET_01,other,41.25,0.31312,0.36822,0.99818,16.676,20.361,10.218,True
ET_01,other,41.26,0.41751,0.29637,1.00541,28.189,12.538,15.217,True
ET_01,other,41.27,0.43363,0.24732,1.03233,33.059,-0.437,14.804,True
ET_01,other,41.28,0.39799,0.13516,1.01971,27.941,-10.533,14.829,True
ET_01,other,41.29,0.31484,0.06137,0.9904,20.608,-19.354,10.787,True
ET_01,other,41.300000000000004,0.25643,0.04425,0.92783,5.973,-24.179,2.817,True
ET_01,other,41.31,0.09774,0.06877,0.9121,-9.637,-23.179,-3.991,True
ET_01,other,41.32,0.00451,0.09428,0.88453,-23.524,-18.646,-10.812,True
ET_01,other,41.33,-0.0281,0.17039,0.81712,-31.254,-7.288,-15.491,True
ET_01,other,41.34,-0.03501,0.25824,0.83433,-33.999,3.581,-16.435,True
ET_01,other,41.35,-0.00856,0.31487,0.86527,-25.926,14.849,-13.452,True
ET_01,other,41.36,0.0705,0.39333,0.87413,-14.885,21.767,-6.684,True
ET_01,other,41.37,0.18255,0.39766,0.94769,0.351,23.757,0.444,True
ET_01,other,41.38,0.31244,0.36252,0.95587,15.954,20.72,7.62,True
ET_01,other,41.39,0.39765,0.33922,1.0113,26.735,15.028,12.367,True
ET_01,other,41.4,0.42108,0.26269,0.99551,31.85,3.167,15.659,True
ET_01,other,41.410000000000004,0.41514,0.19112,1.00337,32.092,-9.437,15.745,True
ET_01,other,41.42,0.34931,0.07883,1.00303,20.993,-16.957,9.573,True
ET_01,other,41.43,0.25504,0.04974,0.93445,7.69,-24.206,3.445,True
ET_01,other,41.44,0.12881,0.06049,0.91115,-6.997,-22.913,-4.73,True
ET_01,other,41.45,0.04999,0.08229,0.88398,-20.614,-17.993,-10.693,True
ET_01,other,41.46,-0.04524,0.15645,0.85705,-30.608,-8.936,-14.019,True
ET_01,other,41.47,-0.07065,0.2409,0.84262,-32.144,1.629,-16.188,True
ET_01,other,41.480000000000004,0.00308,0.30382,0.85258,-27.536,13.736,-13.864,True
ET_01,other,41.49,0.04532,0.37839,0.88474,-17.507,20.672,-8.529,True
ET_01,other,41.5,0.18692,0.39412,0.91131,-1.904,22.905,-1.519,True
ET_01,other,41.51,0.30676,0.36651,0.93434,13.029,22.034,7.438,True
ET_01,other,41.52,0.38914,0.35996,1.01933,26.162,15.576,13.086,True
ET_01,other,41.53,0.41649,0.25803,1.0101,31.921,5.051,15.176,True
ET_01,other,41.54,0.41285,0.20443,0.97785,30.828,-6.829,16.523,True
ET_01,other,41.550000000000004,0.36703,0.10103,0.99841,23.584,-16.738,11.838,True
ET_01,other,41.56,0.24234,0.04116,0.92754,10.984,-22.913,5.63,True
ET_01,other,41.57,0.1773,0.02512,0.94646,-5.147,-23.75,-2.337,True
ET_01,other,41.58,0.05887,0.05745,0.86059,-19.166,-18.549,-9.168,True
ET_01,other,41.59,-0.0106,0.13282,0.84787,-29.027,-11.591,-13.576,True
ET_01,other,41.6,-0.04837,0.21932,0.82741,-33.171,-0.977,-14.587,True
ET_01,other,41.61,-0.01417,0.28174,0.84944,-28.302,10.161,-14.158,True
ET_01,other,41.62,0.06019,0.35864,0.8894,-19.327,18.455,-10.934,True
ET_01,other,41.63,0.16613,0.41188,0.91637,-4.072,24.051,-2.884,True
ET_01,other,41.64,0.27887,0.37059,0.97434,9.124,22.966,4.88,True
ET_01,other,41.65,0.36746,0.33102,1.00663,22.81,16.285,11.613,True
ET_01,other,41.660000000000004,0.41894,0.26324,1.01482,31.684,6.526,15.484,True
ET_01,other,41.67,0.42009,0.20194,1.03416,32.205,-3.292,15.949,True
ET_01,other,41.68,0.36151,0.1297,1.00063,25.077,-14.067,12.49,True
ET_01,other,41.69,0.30443,0.07268,0.96088,13.39,-20.669,6.896,True
ET_01,other,41.7,0.1658,0.05604,0.91607,-1.139,-23.952,-1.359,True
ET_01,other,41.71,0.11341,0.08342,0.91115,-15.123,-18.722,-6.959,True
ET_01,other,41.72,0.00322,0.14758,0.86379,-27.15,-13.345,-13.33,True
ET_01,other,41.730000000000004,-0.04866,0.22025,0.83384,-30.85,-2.662,-16.326,True
ET_01,other,41.74,-0.03151,0.27305,0.86333,-30.86,8.424,-13.866,True
ET_01,other,41.75,0.03878,0.3418,0.88952,-20.765,17.999,-9.82,True
ET_01,other,41.76,0.14633,0.38022,0.92965,-5.87,24.199,-3.049,True
ET_01,other,41.77,0.23677,0.37545,0.92794,8.563,23.004,4.199,True
ET_01,other,41.78,0.33104,0.36039,0.97542,20.104,17.721,11.726,True
ET_01,other,41.79,0.40404,0.28161,1.01972,30.103,8.212,15.394,True
ET_01,other,41.800000000000004,0.4155,0.19523,0.98582,30.822,-1.71,15.009,True
ET_01,other,41.81,0.35505,0.11266,0.99976,26.53,-11.322,14.634,True
ET_01,other,41.82,0.28582,0.10857,0.9796,14.739,-20.76,7.155,True
ET_01,other,41.83,0.20207,0.05274,0.94266,-0.222,-21.725,0.742,True
ET_01,other,41.84,0.09631,0.06737,0.87614,-14.185,-20.535,-7.686,True
ET_01,other,41.85,0.00127,0.11241,0.8521,-24.062,-13.076,-11.112,True
ET_01,other,41.86,-0.01712,0.16768,0.84929,-30.714,-4.94,-15.829,True
ET_01,other,41.87,-0.02554,0.25366,0.83867,-28.67,6.781,-15.494,True
ET_01,other,41.88,0.00821,0.35344,0.88077,-21.95,15.819,-9.399,True
ET_01,other,41.89,0.12063,0.36626,0.93572,-9.212,22.465,-4.773,True
ET_01,other,41.9,0.2248,0.37325,0.95084,5.954,21.403,2.869,True
ET_01,other,41.910000000000004,0.34304,0.34929,0.95448,19.056,17.309,9.737,True
ET_01,other,41.92,0.38777,0.28005,0.99349,27.439,9.232,14.194,True
ET_01,other,41.93,0.41926,0.23104,0.99409,30.64,0.094,16.419,True
ET_01,other,41.94,0.41565,0.13772,1.01959,27.05,-10.421,14.627,True
ET_01,other,41.95,0.33161,0.06676,0.97722,16.627,-18.342,8.1,True
ET_01,other,41.96,0.2028,0.07986,0.95456,4.867,-21.954,1.362,True
ET_01,other,41.97,0.11855,0.08562,0.91995,-11.242,-21.633,-4.89,True
ET_01,other,41.980000000000004,0.03061,0.10078,0.85088,-22.482,-14.997,-11.826,True
ET_01,other,41.99,-0.00637,0.20318,0.81634,-29.602,-4.976,-15.747,True
ET_01,other,42.0,-0.02942,0.25474,0.83464,-29.418,4.586,-15.129,True
ET_01,other,42.01,0.03516,0.34118,0.85552,-23.582,14.477,-12.519,True
ET_01,other,42.02,0.12093,0.3608,0.87849,-10.321,20.611,-6.251,True
ET_01,other,42.03,0.22365,0.40971,0.90984,1.598,21.686,1.026,True
ET_01,other,42.04,0.32774,0.36231,0.97078,15.248,18.519,7.336,True
ET_01,other,42.050000000000004,0.4033,0.31838,0.96828,25.877,12.722,14.352,True
ET_01,other,42.06,0.41074,0.22638,0.99706,29.184,1.657,15.122,True
ET_01,other,42.07,0.41305,0.14133,0.99967,27.469,-9.476,14.7,True
ET_01,other,42.08,0.34253,0.09541,0.98395,16.589,-15.217,9.407,True
ET_01,other,42.09,0.20314,0.07611,0.95792,5.329,-20.68,3.272,True
ET_01,other,42.1,0.13656,0.08026,0.9124,-8.042,-20.816,-3.742,True
ET_01,other,42.11,0.11331,0.11915,0.85839,-20.439,-15.371,-10.34,True
ET_01,other,42.12,-0.02002,0.17839,0.83221,-27.31,-7.474,-15.136,True
ET_01,other,42.13,-0.00975,0.24983,0.86167,-29.234,1.889,-13.744,True
ET_01,other,42.14,0.02356,0.2857,0.84608,-23.813,12.418,-12.282,True
ET_01,other,42.15,0.0916,0.35445,0.87979,-12.792,18.611,-6.701,True
ET_01,other,42.160000000000004,0.21024,0.38042,0.93205,-0.319,21.841,-0.983,True
ET_01,other,42.17,0.30036,0.35942,0.95191,14.056,19.923,5.863,True
ET_01,other,42.18,0.36331,0.31014,0.98932,24.212,12.858,11.193,True
ET_01,other,42.19,0.41057,0.24413,1.01265,27.782,5.263,15.854,True
ET_01,other,42.2,0.38104,0.17324,1.01671,27.007,-8.072,15.314,True
ET_01,other,42.21,0.34691,0.13594,0.96397,19.748,-14.799,10.182,True
ET_01,other,42.22,0.23155,0.07175,0.94802,10.034,-20.617,4.467,True
ET_01,other,42.230000000000004,0.16157,0.09298,0.90923,-4.827,-20.43,-3.296,True
ET_01,other,42.24,0.06023,0.08853,0.89208,-18.273,-16.916,-8.826,True
ET_01,other,42.25,-0.0151,0.14784,0.85754,-25.553,-8.088,-13.192,True
ET_01,other,42.26,0.00327,0.21151,0.87787,-27.414,1.269,-13.268,True
ET_01,other,42.27,0.00944,0.2804,0.87299,-23.235,11.362,-11.687,True
ET_01,other,42.28,0.08575,0.347,0.89236,-16.439,18.132,-6.932,True
ET_01,other,42.29,0.19371,0.39788,0.89409,-3.36,19.934,-0.65,True
ET_01,other,42.300000000000004,0.258,0.35742,0.95521,11.043,18.994,5.608,True
ET_01,other,42.31,0.354,0.30926,0.96637,21.054,12.947,10.889,True
ET_01,other,42.32,0.38737,0.24316,0.99251,26.518,4.931,14.817,True
ET_01,other,42.33,0.40098,0.18861,0.97558,25.795,-5.761,12.626,True
ET_01,other,42.34,0.3331,0.11917,0.99545,20.419,-13.125,10.986,True
ET_01,other,42.35,0.28458,0.08984,0.93673,10.598,-18.756,6.357,True
ET_01,other,42.36,0.16508,0.08296,0.90106,-1.628,-22.239,0.141,True
ET_01,other,42.37,0.12473,0.07715,0.8762,-14.276,-17.099,-6.278,True
ET_01,other,42.38,-0.00329,0.17083,0.85145,-22.598,-9.729,-11.965,True
ET_01,other,42.39,0.01265,0.22537,0.84941,-26.574,-0.832,-12.767,True
ET_01,other,42.4,0.03687,0.25631,0.86201,-24.695,8.972,-12.26,True
ET_01,other,42.410000000000004,0.08299,0.33635,0.8962,-15.599,16.549,-7.764,True
ET_01,other,42.42,0.17731,0.36132,0.88719,-4.333,20.011,-0.648,True
ET_01,other,42.43,0.25056,0.37878,0.94044,8.025,18.779,3.934,True
ET_01,other,42.44,0.33201,0.30106,0.98639,17.951,13.434,10.551,True
ET_01,other,42.45,0.39712,0.25403,0.98307,25.878,6.563,13.581,True
ET_01,other,42.46,0.37218,0.21401,0.99633,26.909,-3.302,13.597,True
ET_01,other,42.47,0.35544,0.12281,0.97257,20.336,-12.646,10.942,True
ET_01,other,42.480000000000004,0.27925,0.08184,0.96629,11.334,-17.071,4.911,True
ET_01,other,42.49,0.18433,0.10079,0.93532,0.49,-18.82,0.184,True
ET_01,other,42.5,0.09691,0.0871,0.86977,-12.183,-17.145,-7.472,True
ET_01,other,42.51,0.01682,0.11409,0.8398,-22.667,-10.93,-10.511,True
ET_01,other,42.52,-0.01841,0.21599,0.85425,-25.992,-2.103,-14.208,True
ET_01,other,42.53,0.03752,0.27853,0.82915,-24.024,6.07,-12.582,True
ET_01,other,42.54,0.05374,0.32499,0.87278,-15.65,12.563,-7.787,True
ET_01,other,42.550000000000004,0.14846,0.37644,0.89434,-5.808,19.058,-2.409,True
ET_01,other,42.56,0.23288,0.36394,0.9546,6.472,19.059,2.38,True
ET_01,other,42.57,0.32675,0.35409,0.99805,17.121,15.388,8.666,True
ET_01,other,42.58,0.35995,0.27973,0.99889,23.72,5.982,12.126,True
ET_01,other,42.59,0.38621,0.21061,1.00017,26.469,-0.833,12.546,True
ET_01,other,42.6,0.34756,0.16342,0.98867,21.628,-9.47,9.305,True
ET_01,other,42.61,0.28962,0.12221,0.95496,12.673,-16.88,7.633,True
ET_01,other,42.62,0.22807,0.08757,0.92691,2.251,-18.806,1.273,True
ET_01,other,42.63,0.10772,0.10754,0.9017,-10.643,-16.502,-5.367,True
ET_01,other,42.64,0.05958,0.14684,0.87086,-18.94,-12.268,-10.615,True
ET_01,other,42.65,-0.0085,0.21535,0.86157,-25.197,-3.609,-11.564,True
ET_01,other,42.660000000000004,0.01003,0.25085,0.84469,-22.254,6.777,-11.62,True
ET_01,other,42.67,0.07524,0.31366,0.87626,-18.094,11.687,-9.371,True
ET_01,other,42.68,0.11093,0.32531,0.91607,-7.624,16.521,-3.199,True
ET_01,other,42.69,0.25056,0.33652,0.92364,2.5,17.078,2.248,True
ET_01,other,42.7,0.27252,0.35571,0.96705,15.09,15.057,7.631,True
ET_01,other,42.71,0.37626,0.27119,0.97355,20.366,9.29,9.722,True
ET_01,other,42.72,0.38046,0.20748,0.98956,24.748,0.498,12.51,True
ET_01,other,42.730000000000004,0.34633,0.16614,0.98172,21.731,-7.538,10.216,True
ET_01,other,42.74,0.31574,0.10427,0.99843,13.879,-15.239,7.322,True
ET_01,other,42.75,0.21212,0.09188,0.95744,4.017,-18.326,1.902,True
ET_01,other,42.76,0.13632,0.09959,0.92566,-8.328,-17.252,-3.401,True
ET_01,other,42.77,0.05695,0.12001,0.85462,-18.214,-12.374,-8.707,True
ET_01,other,42.78,0.02034,0.19182,0.88086,-23.591,-4.265,-11.162,True
ET_01,other,42.79,0.01595,0.23718,0.87462,-23.436,2.691,-12.243,True
ET_01,other,42.800000000000004,0.06462,0.33061,0.87011,-19.562,9.686,-10.06,True
ET_01,other,42.81,0.12871,0.33701,0.90891,-10.501,14.581,-5.168,True
ET_01,other,42.82,0.19637,0.35913,0.92036,1.835,17.407,0.607,True
ET_01,other,42.83,0.27911,0.34156,0.95654,11.522,14.979,6.262,True
ET_01,other,42.84,0.32357,0.29732,0.97736,19.144,9.903,8.714,True
ET_01,other,42.85,0.36364,0.22858,1.00146,25.045,2.95,11.931,True
ET_01,other,42.86,0.3468,0.17877,0.97764,21.675,-6.29,10.658,True
ET_01,other,42.87,0.32948,0.11703,0.93432,13.763,-14.001,6.843,True
ET_01,other,42.88,0.22071,0.09908,0.92179,5.737,-15.439,1.152,True
ET_01,other,42.89,0.15966,0.10503,0.95252,-5.312,-16.573,-2.964,True
ET_01,other,42.9,0.10575,0.14319,0.88595,-15.031,-12.794,-9.424,True
ET_01,other,42.910000000000004,0.04438,0.17516,0.88368,-21.646,-7.365,-10.046,True
ET_01,other,42.92,0.03962,0.24661,0.8342,-23.007,-0.038,-12.369,True
ET_01,other,42.93,0.0555,0.29035,0.87549,-19.747,8.07,-9.507,True
ET_01,other,42.94,0.12224,0.32567,0.8935,-11.242,15.321,-7.434,True
ET_01,other,42.95,0.19197,0.36747,0.9596,-1.216,17.07,0.367,True
ET_01,other,42.96,0.27515,0.34297,0.94329,10.676,16.991,5.051,True
ET_01,other,42.97,0.32036,0.30729,0.98022,18.67,9.347,10.463,True
ET_01,other,42.980000000000004,0.37777,0.27025,1.00777,21.82,3.31,11.359,True
ET_01,other,42.99,0.35852,0.17889,0.97047,21.282,-5.856,11.036,True
ET_01,other,43.0,0.32021,0.12719,0.97306,15.65,-11.945,8.841,True
ET_01,other,43.01,0.25965,0.10232,0.92626,7.009,-14.872,3.73,True
ET_01,other,43.02,0.16945,0.12169,0.92421,-3.263,-15.635,-1.937,True
ET_01,other,43.03,0.08356,0.11328,0.89604,-12.686,-14.232,-7.637,True
ET_01,other,43.04,0.04468,0.16474,0.83146,-19.427,-6.807,-9.829,True
ET_01,other,43.050000000000004,0.03502,0.25733,0.8535,-21.43,0.03,-10.93,True
ET_01,other,43.06,0.0558,0.30859,0.89128,-18.787,8.973,-9.318,True
ET_01,other,43.07,0.09652,0.31976,0.87928,-12.273,13.031,-5.412,True
ET_01,other,43.08,0.19172,0.32077,0.93018,-3.078,14.571,-0.841,True
ET_01,other,43.09,0.24603,0.3383,0.94583,7.26,14.314,2.598,True
ET_01,other,43.1,0.33336,0.3154,0.98772,17.227,10.198,8.678,True
ET_01,other,43.11,0.36023,0.24053,0.97401,21.723,4.551,10.034,True
ET_01,other,43.12,0.36496,0.19157,0.99357,23.157,-3.231,9.433,True
ET_01,other,43.13,0.34521,0.15371,0.94838,17.253,-7.897,9.496,True
ET_01,other,43.14,0.2574,0.10226,0.95112,9.531,-14.249,5.003,True
ET_01,other,43.15,0.17789,0.11819,0.90821,-1.893,-16.908,-1.346,True
ET_01,other,43.160000000000004,0.12783,0.11634,0.89317,-11.875,-13.937,-5.214,True
ET_01,other,43.17,0.06317,0.15511,0.87948,-18.366,-7.795,-9.862,True
ET_01,other,43.18,0.03073,0.2084,0.85717,-21.498,-0.086,-11.01,True
ET_01,other,43.19,0.0626,0.25893,0.8764,-20.033,6.685,-10.535,True
ET_01,other,43.2,0.10672,0.30916,0.90324,-13.561,11.082,-5.146,True
ET_01,other,43.21,0.17806,0.31147,0.93177,-3.765,17.116,-4.272,True
ET_01,other,43.22,0.21975,0.3469,0.93029,5.68,14.593,2.151,True
ET_01,other,43.230000000000004,0.28279,0.31422,0.96192,15.459,12.891,9.215,True
ET_01,other,43.24,0.32884,0.27961,0.9745,19.673,4.754,9.539,True
ET_01,other,43.25,0.33813,0.20964,0.97455,20.992,-3.15,10.342,True
ET_01,other,43.26,0.31197,0.15947,0.99032,17.245,-8.578,7.25,True
ET_01,other,43.27,0.29271,0.13332,0.95234,8.874,-13.508,4.225,True
ET_01,other,43.28,0.15867,0.09727,0.93218,0.016,-15.763,0.925,True
ET_01,other,43.29,0.12999,0.1404,0.89003,-9.715,-12.427,-5.77,True
ET_01,other,43.300000000000004,0.06291,0.16677,0.86797,-16.687,-9.13,-8.593,True
ET_01,other,43.31,0.04036,0.20806,0.87777,-20.475,-3.324,-9.418,True
ET_01,other,43.32,0.03458,0.25159,0.87658,-17.925,5.059,-9.692,True
ET_01,other,43.33,0.12307,0.29456,0.90556,-13.207,11.528,-7.08,True
ET_01,other,43.34,0.16463,0.32257,0.90559,-7.925,14.446,-1.963,True
ET_01,other,43.35,0.21919,0.33145,0.93553,3.524,15.117,2.262,True
ET_01,other,43.36,0.29412,0.29871,0.96554,12.48,12.425,6.397,True
ET_01,other,43.37,0.30839,0.26599,0.95757,19.316,6.138,9.585,True
ET_01,other,43.38,0.35544,0.23925,0.99274,19.327,-2.455,9.555,True
ET_01,other,43.39,0.31695,0.13464,0.97634,17.659,-6.757,8.604,True
ET_01,other,43.4,0.27909,0.12955,0.94685,11.125,-12.488,5.834,True
ET_01,other,43.410000000000004,0.20408,0.10636,0.95231,1.85,-13.864,0.848,True
ET_01,other,43.42,0.11181,0.09785,0.89255,-9.348,-12.851,-4.702,True
ET_01,other,43.43,0.05731,0.16753,0.88289,-15.292,-9.373,-7.854,True
ET_01,other,43.44,0.03862,0.20362,0.87044,-20.079,-2.974,-9.361,True
ET_01,other,43.45,0.05472,0.23339,0.88719,-19.288,4.491,-10.233,True
ET_01,other,43.46,0.07291,0.29687,0.85992,-14.375,11.385,-7.341,True
ET_01,other,43.47,0.13057,0.31339,0.92549,-5.994,14.058,-3.619,True
ET_01,other,43.480000000000004,0.22285,0.34464,0.94615,1.731,14.402,0.841,True
ET_01,other,43.49,0.25572,0.30077,0.96721,11.119,11.796,5.12,True
ET_01,other,43.5,0.29757,0.25869,0.94939,17.302,6.287,9.641,True
ET_01,other,43.51,0.32859,0.22497,0.99709,19.688,0.733,9.149,True
ET_01,other,43.52,0.35598,0.1693,0.99259,17.776,-5.812,9.408,True
ET_01,other,43.53,0.29008,0.13472,0.96768,12.522,-11.857,4.649,True
ET_01,other,43.54,0.21594,0.13381,0.95601,4.873,-15.587,1.528,True
ET_01,other,43.550000000000004,0.14649,0.12254,0.91665,-6.181,-12.921,-2.854,True
ET_01,other,43.56,0.10563,0.1514,0.92313,-13.392,-9.5,-7.03,True
ET_01,other,43.57,0.03334,0.16442,0.87805,-18.623,-4.656,-9.324,True
ET_01,other,43.58,0.01988,0.2425,0.85502,-20.889,3.139,-9.606,True
ET_01,other,43.59,0.06564,0.29229,0.90412,-15.851,9.114,-8.112,True
ET_01,other,43.6,0.13234,0.33486,0.94848,-7.913,11.672,-2.991,True
ET_01,other,43.61,0.19636,0.31036,0.94733,0.301,13.503,-1.207,True
ET_01,other,43.62,0.22405,0.29934,0.93781,10.17,11.516,5.431,True
ET_01,other,43.63,0.31947,0.26847,0.96251,16.946,7.227,7.079,True
ET_01,other,43.64,0.37115,0.24468,0.99481,19.101,2.936,9.522,True
ET_01,other,43.65,0.30691,0.20008,0.98205,19.495,-4.18,8.175,True
ET_01,other,43.660000000000004,0.26582,0.13976,0.98203,13.184,-10.443,5.783,True
ET_01,other,43.67,0.22715,0.11663,0.93999,5.466,-13.19,2.158,True
ET_01,other,43.68,0.14634,0.10959,0.92397,-4.176,-13.579,-4.161,True
ET_01,other,43.69,0.11327,0.1497,0.88532,-12.013,-11.786,-6.739,True
ET_01,other,43.7,0.04125,0.1749,0.87747,-17.451,-5.97,-9.995,True
ET_01,other,43.71,0.05779,0.2249,0.87362,-20.572,1.659,-9.917,True
ET_01,other,43.72,0.06484,0.27247,0.86374,-17.84,7.342,-8.191,True
ET_01,other,43.730000000000004,0.10892,0.30579,0.89366,-9.587,13.047,-5.342,True
ET_01,other,43.74,0.19726,0.31098,0.94016,-0.213,12.509,0.532,True
ET_01,other,43.75,0.23708,0.31051,0.95838,8.008,14.302,3.664,True
ET_01,other,43.76,0.2854,0.26843,0.97606,16.862,10.244,8.755,True
ET_01,other,43.77,0.32607,0.23528,1.00478,19.271,2.015,8.315,True
ET_01,other,43.78,0.30508,0.20692,0.99765,18.38,-4.733,8.652,True
ET_01,other,43.79,0.28887,0.10763,0.9587,14.475,-10.079,7.048,True
ET_01,other,43.800000000000004,0.22955,0.09852,0.95433,7.515,-15.944,2.563,True
ET_01,other,43.81,0.16598,0.13225,0.92463,-2.068,-14.048,-1.966,True
ET_01,other,43.82,0.12835,0.13374,0.87925,-13.065,-12.558,-5.566,True
ET_01,other,43.83,0.04848,0.16288,0.89363,-17.922,-5.792,-8.215,True
ET_01,other,43.84,0.04726,0.22813,0.91057,-21.095,-1.102,-11.406,True
ET_01,other,43.85,0.08118,0.2513,0.91116,-17.472,7.452,-9.488,True
ET_01,other,43.86,0.10252,0.29343,0.88639,-10.539,11.929,-5.65,True
ET_01,other,43.87,0.1595,0.33483,0.91555,-2.661,14.217,-0.737,True
ET_01,other,43.88,0.21799,0.31023,0.92275,7.343,11.987,2.943,True
ET_01,other,43.89,0.28837,0.29375,0.96991,15.058,9.925,6.847,True
ET_01,other,43.9,0.30668,0.26604,0.9879,19.052,4.789,10.42,True
ET_01,other,43.910000000000004,0.31052,0.20545,0.99003,20.007,-3.872,9.173,True
ET_01,other,43.92,0.29613,0.1581,1.01043,14.456,-9.043,7.969,True
ET_01,other,43.93,0.2179,0.11251,0.94877,7.782,-12.33,3.343,True
ET_01,other,43.94,0.1781,0.09447,0.9295,-1.091,-15.299,-0.118,True
ET_01,other,43.95,0.11098,0.12585,0.91017,-10.707,-12.938,-5.794,True
ET_01,other,43.96,0.06168,0.17756,0.8791,-17.894,-8.132,-8.8,True
ET_01,other,43.97,0.05817,0.21814,0.88763,-19.067,-1.904,-10.61,True
ET_01,other,43.980000000000004,0.06658,0.25546,0.86429,-18.72,5.324,-9.905,True
ET_01,other,43.99,0.06344,0.316,0.89937,-12.618,10.835,-6.236,True
ET_01,other,44.0,0.14269,0.30348,0.91824,-3.738,14.015,-2.127,True
ET_01,other,44.01,0.19778,0.30709,0.92581,4.867,14.852,2.419,True
ET_01,other,44.02,0.28271,0.29574,0.96964,12.62,12.308,6.273,True
ET_01,other,44.03,0.31107,0.23896,1.02564,20.133,4.847,9.537,True
ET_01,other,44.04,0.33695,0.2053,0.99587,20.595,-2.0,10.632,True
ET_01,other,44.050000000000004,0.31576,0.16764,0.99126,16.32,-7.587,7.434,True
ET_01,other,44.06,0.28877,0.15526,0.97491,10.783,-13.023,5.89,True
ET_01,other,44.07,0.18146,0.09403,0.92705,0.985,-14.027,-0.479,True
ET_01,other,44.08,0.09246,0.09301,0.90279,-7.673,-13.924,-4.338,True
ET_01,other,44.09,0.03752,0.12896,0.88235,-15.486,-8.129,-8.066,True
ET_01,other,44.1,0.02206,0.18743,0.88463,-20.096,-2.096,-11.261,True
ET_01,other,44.11,0.02809,0.26737,0.88048,-18.751,4.663,-10.896,True
ET_01,other,44.12,0.08028,0.28684,0.90516,-14.464,9.962,-8.802,True
ET_01,other,44.13,0.12452,0.32507,0.90566,-6.045,15.988,-2.388,True
ET_01,other,44.14,0.18869,0.32281,0.92927,4.319,14.553,0.091,True
ET_01,other,44.15,0.25509,0.32747,0.96479,12.208,11.498,7.534,True
ET_01,other,44.160000000000004,0.28452,0.25358,0.98961,18.505,6.034,10.468,True
ET_01,other,44.17,0.33513,0.20855,1.00479,23.496,0.623,11.199,True
ET_01,other,44.18,0.30794,0.15938,0.98473,16.865,-7.703,10.309,True
ET_01,other,44.19,0.26205,0.10754,0.98116,10.709,-12.495,5.244,True
ET_01,other,44.2,0.19875,0.09576,0.93854,1.231,-15.616,2.371,True
ET_01,other,44.21,0.12386,0.10513,0.94614,-6.046,-15.494,-3.092,True
ET_01,other,44.22,0.04481,0.11383,0.89768,-15.192,-11.173,-7.982,True
ET_01,other,44.230000000000004,0.01889,0.19178,0.88155,-21.066,-3.517,-12.216,True
ET_01,other,44.24,0.02108,0.23439,0.86908,-21.674,4.61,-9.926,True
ET_01,other,44.25,0.05018,0.27792,0.89146,-16.192,11.697,-6.642,True
ET_01,other,44.26,0.13201,0.32669,0.91517,-8.2,14.716,-3.858,True
ET_01,other,44.27,0.18803,0.33582,0.93191,1.43,14.379,-0.492,True
ET_01,other,44.28,0.25017,0.30928,0.96578,11.544,13.545,5.18,True
ET_01,other,44.29,0.32727,0.24164,0.97388,18.607,7.814,8.621,True
ET_01,other,44.300000000000004,0.33029,0.23393,1.00631,21.596,0.465,11.225,True
ET_01,other,44.31,0.30636,0.16331,0.99033,19.518,-7.926,9.266,True
ET_01,other,44.32,0.24616,0.12568,0.97865,12.267,-14.023,6.32,True
ET_01,other,44.33,0.18915,0.09947,0.93909,3.446,-15.634,0.884,True
ET_01,other,44.34,0.1384,0.09348,0.90645,-6.181,-14.757,-1.754,True
ET_01,other,44.35,0.03169,0.13347,0.91187,-15.216,-12.722,-7.502,True
ET_01,other,44.36,0.03832,0.18732,0.86989,-20.432,-5.34,-8.928,True
ET_01,other,44.37,0.00943,0.1827,0.90933,-22.045,2.354,-11.201,True
ET_01,other,44.38,0.08715,0.26169,0.90223,-18.107,9.062,-8.966,True
ET_01,other,44.39,0.11189,0.29215,0.90989,-9.923,13.737,-5.394,True
ET_01,other,44.4,0.15438,0.33014,0.96773,1.984,16.091,-0.441,True
ET_01,other,44.410000000000004,0.24571,0.2925,0.9703,8.859,14.958,6.105,True
ET_01,other,44.42,0.29026,0.30098,0.99108,17.866,9.36,7.757,True
ET_01,other,44.43,0.3111,0.22915,1.00967,22.246,1.642,11.71,True
ET_01,other,44.44,0.29574,0.1616,1.00004,20.224,-6.217,10.326,True
ET_01,other,44.45,0.3014,0.09002,0.97755,13.815,-12.158,7.653,True
ET_01,other,44.46,0.23573,0.09483,0.95868,5.88,-15.509,3.304,True
ET_01,other,44.47,0.14754,0.06617,0.9256,-4.579,-16.295,-1.759,True
ET_01,other,44.480000000000004,0.06353,0.10229,0.89681,-12.571,-12.452,-7.155,True
ET_01,other,44.49,0.00217,0.15147,0.89292,-21.114,-5.643,-10.205,True
ET_01,other,44.5,2e-05,0.21871,0.88354,-22.314,0.056,-11.815,True
ET_01,other,44.51,0.0449,0.24629,0.87463,-19.013,7.733,-10.649,True
ET_01,other,44.52,0.06446,0.32778,0.87089,-12.748,14.195,-6.617,True
ET_01,other,44.53,0.13276,0.3515,0.90933,-2.41,15.499,-0.775,True
ET_01,other,44.54,0.21609,0.29175,0.95383,8.31,16.078,4.526,True
ET_01,other,44.550000000000004,0.28201,0.28235,0.99077,17.531,9.011,10.259,True
ET_01,other,44.56,0.32423,0.23081,1.03046,20.653,4.386,10.454,True
ET_01,other,44.57,0.34858,0.17927,1.00294,22.827,-4.233,10.564,True
ET_01,other,44.58,0.2939,0.10846,0.9881,18.147,-11.177,8.768,True
ET_01,other,44.59,0.22891,0.09591,0.95049,9.407,-16.785,4.641,True
ET_01,other,44.6,0.15923,0.08044,0.9378,-0.519,-15.906,-1.07,True
ET_01,other,44.61,0.04998,0.13658,0.91199,-13.555,-14.278,-7.924,True
ET_01,other,44.62,0.00656,0.15387,0.91497,-20.006,-6.252,-10.928,True
ET_01,other,44.63,-0.00671,0.2017,0.89371,-23.121,-0.841,-12.593,True
ET_01,other,44.64,-0.00559,0.26819,0.89707,-21.343,5.925,-10.867,True
ET_01,other,44.65,0.07351,0.31617,0.89355,-12.459,13.571,-6.961,True
ET_01,other,44.660000000000004,0.14618,0.31829,0.954,-2.916,17.756,-2.656,True
ET_01,other,44.67,0.22192,0.35244,0.95277,6.296,16.418,3.931,True
ET_01,other,44.68,0.26958,0.32288,1.00205,17.13,13.535,9.323,True
ET_01,other,44.69,0.34225,0.24859,0.99904,23.149,4.812,11.43,True
ET_01,other,44.7,0.34145,0.17536,1.01588,23.704,-2.515,13.435,True
ET_01,other,44.71,0.30826,0.16427,0.97823,18.62,-11.039,8.774,True
ET_01,other,44.72,0.22838,0.08301,0.97465,11.536,-15.165,4.585,True
ET_01,other,44.730000000000004,0.14408,0.06595,0.92889,0.944,-17.49,-1.109,True
ET_01,other,44.74,0.0831,0.09092,0.90889,-12.953,-14.972,-6.559,True
ET_01,other,44.75,0.00915,0.13574,0.86589,-20.127,-10.862,-10.309,True
ET_01,other,44.76,-0.01958,0.19988,0.89503,-24.448,-1.355,-13.625,True
ET_01,other,44.77,-0.01737,0.26404,0.90684,-22.971,5.685,-12.083,True
ET_01,other,44.78,0.01883,0.29421,0.91836,-15.971,14.044,-7.947,True
ET_01,other,44.79,0.11351,0.33692,0.92153,-5.705,16.445,-2.048,True
ET_01,other,44.800000000000004,0.17994,0.33135,0.96254,4.89,18.119,3.6,True
ET_01,other,44.81,0.27967,0.28814,0.98577,15.026,13.328,8.005,True
ET_01,other,44.82,0.31156,0.24802,1.00387,23.8,7.976,12.288,True
ET_01,other,44.83,0.32873,0.20533,1.0066,25.008,-2.461,12.479,True
ET_01,other,44.84,0.30264,0.11944,1.00187,21.533,-9.826,11.12,True
ET_01,other,44.85,0.25012,0.0937,0.98171,11.375,-15.525,7.073,True
ET_01,other,44.86,0.17169,0.05133,0.96399,0.744,-19.303,-0.456,True
ET_01,other,44.87,0.08925,0.06559,0.96183,-10.562,-17.14,-4.511,True
ET_01,other,44.88,-2e-05,0.13227,0.89706,-20.524,-12.606,-9.471,True
ET_01,other,44.89,-0.02757,0.18954,0.88733,-25.266,-4.72,-12.733,True
ET_01,other,44.9,-0.03926,0.25327,0.84961,-24.991,4.713,-12.918,True
ET_01,other,44.910000000000004,0.01009,0.30874,0.88895,-18.045,12.426,-10.556,True
ET_01,other,44.92,0.0477,0.3209,0.9239,-6.917,17.986,-5.368,True
ET_01,other,44.93,0.17685,0.33034,0.98236,4.496,17.496,1.336,True
ET_01,other,44.94,0.26847,0.30651,0.98775,14.326,16.272,8.676,True
ET_01,other,44.95,0.3371,0.26785,1.00887,23.033,9.715,11.939,True
ET_01,other,44.96,0.35292,0.18667,1.03124,26.584,-0.717,13.977,True
ET_01,other,44.97,0.32442,0.14856,1.02459,22.622,-10.652,12.434,True
ET_01,other,44.980000000000004,0.26846,0.08786,1.01796,16.489,-16.645,8.168,True
ET_01,other,44.99,0.14343,0.06309,0.98364,3.68,-17.343,1.386,True
