subject_id,label,timestamp,accel_x,accel_y,accel_z,gyro_x,gyro_y,gyro_z,is_synthetic
ET_03,other,0.0,0.16636,0.34766,0.96863,-0.406,18.073,0.698,True
ET_03,other,0.01,0.23954,0.35706,0.96046,15.747,16.129,7.409,True
ET_03,other,0.02,0.30803,0.26656,1.00582,23.523,9.826,11.126,True
ET_03,other,0.03,0.33575,0.18114,1.01929,25.756,0.201,12.845,True
ET_03,other,0.04,0.31934,0.1244,1.00885,21.425,-9.607,10.666,True
ET_03,other,0.05,0.19847,0.05747,0.97068,10.878,-18.357,6.102,True
ET_03,other,0.06,0.08054,0.05777,0.94482,-3.51,-18.599,-0.773,True
ET_03,other,0.07,-0.00488,0.10451,0.88316,-17.225,-14.85,-7.861,True
ET_03,other,0.08,-0.04574,0.14132,0.89138,-27.198,-6.286,-12.508,True
ET_03,other,0.09,-0.05251,0.23197,0.88481,-26.488,4.509,-13.879,True
ET_03,other,0.1,0.02325,0.29958,0.88775,-18.241,13.907,-9.425,True
ET_03,other,0.11,0.06901,0.33789,0.93387,-6.062,18.021,-2.122,True
ET_03,other,0.12,0.20276,0.33284,0.96443,7.455,18.569,4.882,True
ET_03,other,0.13,0.31463,0.30008,1.02569,21.64,13.407,11.705,True
ET_03,other,0.14,0.35353,0.22438,1.00958,27.326,3.867,13.707,True
ET_03,other,0.15,0.35429,0.11639,1.0434,24.953,-8.717,13.957,True
ET_03,other,0.16,0.27309,0.07966,0.97624,15.976,-15.523,7.387,True
ET_03,other,0.17,0.18766,0.04589,0.94169,1.34,-20.545,0.444,True
ET_03,other,0.18,0.03182,0.05829,0.90235,-12.126,-18.111,-6.908,True
ET_03,other,0.19,-0.04741,0.13457,0.88603,-24.095,-10.648,-12.02,True
ET_03,other,0.2,-0.05507,0.2056,0.91147,-27.912,-0.346,-13.829,True
ET_03,other,0.21,-0.0084,0.27293,0.88468,-23.701,9.969,-10.601,True
ET_03,other,0.22,0.08102,0.34446,0.91582,-12.595,18.349,-6.879,True
ET_03,other,0.23,0.16592,0.34479,0.95863,1.825,20.674,0.838,True
ET_03,other,0.24,0.29254,0.32739,0.99141,17.329,17.716,7.638,True
ET_03,other,0.25,0.36799,0.28864,1.0193,26.466,7.318,12.969,True
ET_03,other,0.26,0.33997,0.19415,0.98581,29.258,-3.142,13.178,True
ET_03,other,0.27,0.32437,0.11982,0.99293,21.785,-14.168,10.106,True
ET_03,other,0.28,0.2278,0.06789,0.98867,9.645,-20.583,4.813,True
ET_03,other,0.29,0.12642,0.06788,0.90782,-6.387,-20.281,-4.404,True
ET_03,other,0.3,0.00538,0.10317,0.85112,-20.217,-14.671,-11.3,True
ET_03,other,0.31,-0.04387,0.18353,0.84959,-28.443,-4.59,-14.994,True
ET_03,other,0.32,-0.03757,0.24791,0.8703,-27.544,7.268,-14.918,True
ET_03,other,0.33,0.02608,0.32065,0.89424,-18.448,16.178,-9.69,True
ET_03,other,0.34,0.12702,0.35532,0.95516,-3.761,23.295,-2.462,True
ET_03,other,0.35000000000000003,0.25192,0.33582,0.99734,12.953,19.141,7.31,True
ET_03,other,0.36,0.32729,0.31641,1.00218,23.308,11.698,12.21,True
ET_03,other,0.37,0.36987,0.19251,1.02177,29.067,0.414,14.779,True
ET_03,other,0.38,0.34161,0.13648,0.99906,26.199,-11.329,12.276,True
ET_03,other,0.39,0.27235,0.05754,0.98851,13.861,-20.01,7.841,True
ET_03,other,0.4,0.14219,0.06924,0.9404,-0.324,-22.11,0.013,True
ET_03,other,0.41000000000000003,0.01485,0.06646,0.91117,-16.854,-19.056,-7.238,True
ET_03,other,0.42,-0.03061,0.12893,0.83317,-27.107,-8.434,-14.07,True
ET_03,other,0.43,-0.02895,0.24889,0.87873,-29.417,1.0,-15.388,True
ET_03,other,0.44,-0.01936,0.31981,0.85852,-23.718,13.155,-11.588,True
ET_03,other,0.45,0.07883,0.3674,0.92646,-10.879,19.656,-3.807,True
ET_03,other,0.46,0.20047,0.36459,0.93176,6.284,21.457,2.479,True
ET_03,other,0.47000000000000003,0.29455,0.31617,0.97646,19.401,15.692,8.595,True
ET_03,other,0.48,0.38794,0.24496,1.01964,27.698,6.308,13.936,True
ET_03,other,0.49,0.36557,0.17543,1.04105,28.294,-4.838,15.858,True
ET_03,other,0.5,0.31121,0.11086,0.9785,19.347,-15.739,11.687,True
ET_03,other,0.51,0.21865,0.02814,0.97725,7.551,-21.657,4.934,True
ET_03,other,0.52,0.12479,0.06981,0.91441,-10.867,-22.239,-4.588,True
ET_03,other,0.53,-0.01376,0.10257,0.86932,-24.147,-14.695,-12.748,True
ET_03,other,0.54,-0.04761,0.15768,0.85063,-29.973,-2.66,-14.168,True
ET_03,other,0.55,-0.04026,0.26954,0.87564,-27.7,7.907,-14.463,True
ET_03,other,0.56,0.00069,0.3453,0.89535,-17.682,18.587,-8.968,True
ET_03,other,0.5700000000000001,0.15906,0.36274,0.92816,-1.74,22.17,-2.143,True
ET_03,other,0.58,0.25012,0.36265,0.9795,14.192,19.94,6.111,True
ET_03,other,0.59,0.35373,0.30785,1.02573,26.944,12.408,12.369,True
ET_03,other,0.6,0.38776,0.20262,1.0227,31.12,-1.641,15.655,True
ET_03,other,0.61,0.36772,0.11951,1.02261,25.701,-12.299,13.355,True
ET_03,other,0.62,0.28943,0.06244,0.94627,11.972,-20.971,6.848,True
ET_03,other,0.63,0.15719,0.02971,0.94154,-3.571,-23.438,-2.768,True
ET_03,other,0.64,0.03358,0.06598,0.90818,-18.831,-17.617,-10.774,True
ET_03,other,0.65,-0.04538,0.13541,0.84353,-29.167,-8.234,-15.119,True
ET_03,other,0.66,-0.04997,0.232,0.8539,-30.378,2.127,-14.288,True
ET_03,other,0.67,0.00619,0.30417,0.88186,-23.199,14.567,-11.832,True
ET_03,other,0.68,0.1114,0.3655,0.90586,-9.287,21.587,-5.155,True
ET_03,other,0.6900000000000001,0.23315,0.36201,0.95731,6.983,21.175,4.092,True
ET_03,other,0.7000000000000001,0.35406,0.31574,1.01454,22.928,16.183,11.752,True
ET_03,other,0.71,0.41076,0.26058,1.03234,31.271,4.137,15.223,True
ET_03,other,0.72,0.41542,0.1492,1.02136,30.178,-7.544,14.414,True
ET_03,other,0.73,0.32379,0.0585,0.99446,19.052,-18.276,9.885,True
ET_03,other,0.74,0.20627,0.03916,0.97054,3.711,-22.649,3.047,True
ET_03,other,0.75,0.04884,0.05637,0.93455,-13.158,-20.341,-5.329,True
ET_03,other,0.76,-0.0361,0.11538,0.85314,-25.951,-14.213,-11.19,True
ET_03,other,0.77,-0.06348,0.21449,0.85421,-33.707,-1.99,-14.442,True
ET_03,other,0.78,-0.04033,0.2942,0.87156,-27.65,11.554,-13.487,True
ET_03,other,0.79,0.0229,0.34371,0.90215,-15.731,20.251,-7.306,True
ET_03,other,0.8,0.21318,0.37929,0.92784,0.571,23.448,-0.008,True
ET_03,other,0.81,0.30911,0.35598,0.975,16.225,17.572,7.864,True
ET_03,other,0.8200000000000001,0.39685,0.29702,0.99523,27.105,10.751,13.513,True
ET_03,other,0.8300000000000001,0.40334,0.16508,1.01575,30.978,-1.521,16.234,True
ET_03,other,0.84,0.3703,0.10171,0.98198,23.592,-14.234,12.148,True
ET_03,other,0.85,0.28268,0.04688,0.93832,11.859,-22.132,6.709,True
ET_03,other,0.86,0.13616,0.03419,0.91855,-5.88,-22.875,-3.732,True
ET_03,other,0.87,-0.00991,0.08258,0.90087,-23.097,-17.287,-10.615,True
ET_03,other,0.88,-0.07164,0.14362,0.83832,-30.844,-6.836,-15.347,True
ET_03,other,0.89,-0.0481,0.26905,0.87125,-29.811,4.381,-15.466,True
ET_03,other,0.9,0.02077,0.32361,0.87593,-20.011,17.283,-10.653,True
ET_03,other,0.91,0.1465,0.38766,0.92508,-6.418,23.266,-5.618,True
ET_03,other,0.92,0.29038,0.36821,0.96046,11.981,22.481,5.165,True
ET_03,other,0.93,0.37588,0.31442,1.01295,24.219,15.425,12.258,True
ET_03,other,0.9400000000000001,0.4151,0.23627,1.02503,32.4,2.648,17.541,True
ET_03,other,0.9500000000000001,0.42527,0.12866,0.99291,29.841,-9.388,15.715,True
ET_03,other,0.96,0.32054,0.02951,0.96629,18.301,-21.452,9.157,True
ET_03,other,0.97,0.21532,0.01423,0.92293,1.86,-23.359,2.827,True
ET_03,other,0.98,0.08893,0.06346,0.89795,-16.218,-20.375,-7.25,True
ET_03,other,0.99,-0.02062,0.11554,0.83747,-27.434,-12.191,-14.912,True
ET_03,other,1.0,-0.05679,0.22154,0.84635,-32.195,0.802,-15.394,True
ET_03,other,1.01,-0.03307,0.30911,0.8572,-26.632,12.096,-13.137,True
ET_03,other,1.02,0.10256,0.36583,0.89038,-12.24,21.284,-6.373,True
ET_03,other,1.03,0.21477,0.38525,0.92982,4.152,23.195,1.484,True
ET_03,other,1.04,0.32433,0.33377,0.96722,19.702,19.327,9.466,True
ET_03,other,1.05,0.34944,0.24785,1.02607,29.397,9.342,16.082,True
ET_03,other,1.06,0.39636,0.19368,1.03566,32.122,-4.066,17.281,True
ET_03,other,1.07,0.37846,0.10221,0.99743,24.218,-16.592,13.237,True
ET_03,other,1.08,0.24423,0.06076,0.96754,8.432,-22.379,4.465,True
ET_03,other,1.09,0.10888,0.03959,0.92288,-10.068,-23.156,-4.475,True
ET_03,other,1.1,0.02227,0.09102,0.86728,-23.405,-15.928,-12.779,True
ET_03,other,1.11,-0.05365,0.16149,0.85459,-32.531,-4.64,-15.285,True
ET_03,other,1.12,-0.03077,0.26518,0.86267,-32.034,8.345,-16.018,True
ET_03,other,1.1300000000000001,0.01975,0.32727,0.86866,-21.432,18.239,-11.687,True
ET_03,other,1.1400000000000001,0.17915,0.40355,0.89626,-4.766,23.82,-0.941,True
ET_03,other,1.1500000000000001,0.28216,0.39789,0.97614,13.562,21.902,6.713,True
ET_03,other,1.16,0.38624,0.31031,1.01269,26.326,13.294,13.866,True
ET_03,other,1.17,0.45448,0.22074,1.04798,33.296,1.484,15.485,True
ET_03,other,1.18,0.36527,0.13586,0.98413,28.649,-12.265,14.815,True
ET_03,other,1.19,0.27714,0.05532,0.94203,15.051,-22.86,7.372,True
ET_03,other,1.2,0.16599,0.03895,0.91229,-2.02,-23.732,-0.292,True
ET_03,other,1.21,0.05655,0.08123,0.91053,-18.848,-20.299,-9.252,True
ET_03,other,1.22,-0.04941,0.17944,0.84708,-29.579,-10.085,-15.66,True
ET_03,other,1.23,-0.07997,0.2608,0.81638,-33.932,3.231,-16.151,True
ET_03,other,1.24,0.00524,0.35597,0.87352,-25.392,14.961,-13.21,True
ET_03,other,1.25,0.10038,0.39441,0.9015,-10.83,23.386,-4.726,True
ET_03,other,1.26,0.20995,0.38345,0.9527,6.86,23.503,3.737,True
ET_03,other,1.27,0.35744,0.33315,0.98451,21.807,17.994,12.129,True
ET_03,other,1.28,0.40914,0.26845,1.03573,31.375,6.494,14.125,True
ET_03,other,1.29,0.4428,0.18567,1.00024,32.817,-7.296,15.361,True
ET_03,other,1.3,0.36339,0.0667,0.98472,22.67,-17.973,10.337,True
ET_03,other,1.31,0.25866,0.04818,0.96873,6.152,-23.672,2.687,True
ET_03,other,1.32,0.13138,0.04587,0.8607,-12.995,-21.675,-4.593,True
ET_03,other,1.33,-0.00826,0.11151,0.83087,-26.199,-17.174,-12.925,True
ET_03,other,1.34,-0.04667,0.18964,0.86899,-32.275,-2.081,-15.84,True
ET_03,other,1.35,-0.01321,0.31437,0.86339,-29.468,11.079,-14.404,True
ET_03,other,1.36,0.05656,0.34166,0.89465,-17.35,19.944,-8.565,True
ET_03,other,1.37,0.16857,0.41165,0.92628,-0.695,25.472,-1.082,True
ET_03,other,1.3800000000000001,0.2876,0.35979,1.01256,16.808,20.308,8.328,True
ET_03,other,1.3900000000000001,0.42309,0.30717,1.00245,29.628,12.252,13.998,True
ET_03,other,1.4000000000000001,0.40244,0.19849,1.03596,33.908,-1.508,15.921,True
ET_03,other,1.41,0.38851,0.09848,1.00121,27.724,-13.41,12.913,True
ET_03,other,1.42,0.29504,0.05924,0.9685,15.121,-21.561,7.191,True
ET_03,other,1.43,0.15188,0.03023,0.90682,-4.177,-23.749,-3.072,True
ET_03,other,1.44,0.0576,0.0905,0.8731,-22.151,-18.857,-9.61,True
ET_03,other,1.45,-0.05751,0.17059,0.83021,-30.165,-8.026,-16.018,True
ET_03,other,1.46,-0.01943,0.22979,0.83782,-31.971,3.089,-15.329,True
ET_03,other,1.47,0.02302,0.31461,0.88202,-23.783,17.517,-11.634,True
ET_03,other,1.48,0.11581,0.36684,0.90317,-7.296,23.805,-3.241,True
ET_03,other,1.49,0.25952,0.42514,0.96473,9.716,22.792,4.048,True
ET_03,other,1.5,0.35344,0.32211,0.98511,24.627,16.094,12.56,True
ET_03,other,1.51,0.40167,0.26062,1.02082,32.029,3.146,16.208,True
ET_03,other,1.52,0.42001,0.14333,1.01822,30.752,-8.248,15.939,True
ET_03,other,1.53,0.32518,0.10516,0.99037,19.16,-19.034,10.329,True
ET_03,other,1.54,0.21978,0.02988,0.96313,2.618,-23.98,2.028,True
ET_03,other,1.55,0.06231,0.0822,0.88784,-15.721,-21.58,-6.777,True
ET_03,other,1.56,-0.03799,0.10855,0.85198,-27.176,-12.98,-14.242,True
ET_03,other,1.57,-0.04842,0.21399,0.89181,-32.196,0.119,-15.803,True
ET_03,other,1.58,-0.0297,0.28856,0.8382,-26.706,11.312,-14.086,True
ET_03,other,1.59,0.07622,0.37552,0.88734,-15.759,21.72,-9.732,True
ET_03,other,1.6,0.2182,0.36769,0.94799,0.863,23.008,0.949,True
ET_03,other,1.61,0.33597,0.3677,0.95714,19.765,19.822,9.241,True
ET_03,other,1.62,0.39213,0.30409,1.00237,29.857,8.878,15.477,True
ET_03,other,1.6300000000000001,0.44054,0.23453,1.0215,32.853,-1.434,15.026,True
ET_03,other,1.6400000000000001,0.36962,0.12278,1.00266,25.514,-14.668,13.129,True
ET_03,other,1.6500000000000001,0.27581,0.07924,0.94583,10.648,-22.894,6.489,True
ET_03,other,1.6600000000000001,0.15874,0.03426,0.90538,-7.433,-22.817,-4.093,True
ET_03,other,1.67,0.02851,0.09605,0.89222,-21.836,-18.097,-11.465,True
ET_03,other,1.68,-0.05025,0.18734,0.83839,-31.953,-5.895,-15.974,True
ET_03,other,1.69,-0.02841,0.27378,0.84316,-30.84,8.218,-15.816,True
ET_03,other,1.7,0.01239,0.34757,0.8896,-22.165,16.627,-9.664,True
ET_03,other,1.71,0.15405,0.40473,0.9087,-5.877,21.419,-3.025,True
ET_03,other,1.72,0.29097,0.379,0.93828,12.229,20.854,5.622,True
ET_03,other,1.73,0.38706,0.31201,0.99651,23.466,13.462,12.386,True
ET_03,other,1.74,0.39893,0.24981,1.03838,31.261,4.187,16.059,True
ET_03,other,1.75,0.40785,0.15386,1.03626,27.212,-9.744,13.771,True
ET_03,other,1.76,0.33294,0.08635,0.99491,15.844,-20.206,7.919,True
ET_03,other,1.77,0.19174,0.03728,0.92389,0.749,-24.416,0.562,True
ET_03,other,1.78,0.09416,0.07376,0.89987,-16.612,-19.643,-8.59,True
ET_03,other,1.79,-0.01773,0.14591,0.85762,-28.939,-11.681,-12.694,True
ET_03,other,1.8,-0.02936,0.2113,0.82561,-30.766,2.394,-15.463,True
ET_03,other,1.81,0.0127,0.31864,0.85832,-24.464,12.477,-14.46,True
ET_03,other,1.82,0.11322,0.37381,0.87216,-12.931,21.906,-5.56,True
ET_03,other,1.83,0.21845,0.3889,0.91147,4.567,22.731,2.989,True
ET_03,other,1.84,0.36085,0.36445,0.95066,20.357,15.937,10.504,True
ET_03,other,1.85,0.40106,0.26536,1.01313,29.788,6.572,15.01,True
ET_03,other,1.86,0.41292,0.17865,0.99423,29.701,-5.316,15.248,True
ET_03,other,1.87,0.38065,0.0979,0.96784,23.711,-16.324,10.565,True
ET_03,other,1.8800000000000001,0.28028,0.05456,0.95075,8.485,-19.814,3.346,True
ET_03,other,1.8900000000000001,0.18285,0.04977,0.90515,-9.633,-20.74,-4.031,True
ET_03,other,1.9000000000000001,0.01743,0.10713,0.86211,-24.405,-14.489,-12.486,True
ET_03,other,1.9100000000000001,-0.0084,0.20488,0.8425,-32.011,-3.734,-15.19,True
ET_03,other,1.92,0.00334,0.27928,0.86461,-27.359,8.298,-12.929,True
ET_03,other,1.93,0.06237,0.3852,0.87444,-19.715,19.257,-9.596,True
ET_03,other,1.94,0.17811,0.39271,0.91357,-3.378,21.434,-1.141,True
ET_03,other,1.95,0.30118,0.37041,0.94083,12.97,21.502,5.378,True
ET_03,other,1.96,0.39346,0.33104,1.00022,25.757,11.286,13.669,True
ET_03,other,1.97,0.42627,0.22126,1.00716,30.404,-0.045,15.871,True
ET_03,other,1.98,0.40968,0.14501,0.98409,27.578,-10.612,14.098,True
ET_03,other,1.99,0.28217,0.06228,0.97006,15.235,-19.655,7.435,True
ET_03,other,2.0,0.19441,0.05802,0.90758,-1.783,-23.768,-0.909,True
ET_03,other,2.0100000000000002,0.04322,0.08574,0.86075,-17.508,-18.215,-8.831,True
ET_03,other,2.02,0.01316,0.14685,0.86756,-27.213,-7.413,-13.867,True
ET_03,other,2.0300000000000002,-0.04368,0.24287,0.86095,-29.716,4.342,-14.475,True
ET_03,other,2.04,0.03395,0.30223,0.87972,-23.478,15.394,-10.913,True
ET_03,other,2.05,0.13485,0.40042,0.898,-9.273,20.406,-4.63,True
ET_03,other,2.06,0.26327,0.39399,0.93067,6.909,21.697,2.678,True
ET_03,other,2.07,0.35397,0.34203,0.98679,20.06,16.476,11.377,True
ET_03,other,2.08,0.41307,0.23159,1.00271,31.261,3.102,13.533,True
ET_03,other,2.09,0.38305,0.19551,0.99846,29.28,-5.409,14.065,True
ET_03,other,2.1,0.31576,0.08614,1.00663,18.289,-15.991,9.75,True
ET_03,other,2.11,0.22789,0.05584,0.93584,3.72,-20.999,0.196,True
ET_03,other,2.12,0.13774,0.09124,0.91031,-10.391,-18.248,-5.988,True
ET_03,other,2.13,0.04155,0.14865,0.87732,-23.534,-11.054,-11.915,True
ET_03,other,2.14,-0.01366,0.21141,0.86999,-29.886,0.542,-13.579,True
ET_03,other,2.15,-0.004,0.27621,0.87494,-25.594,8.147,-13.289,True
ET_03,other,2.16,0.0892,0.37424,0.88964,-14.33,17.865,-8.839,True
ET_03,other,2.17,0.17202,0.38632,0.91673,0.035,21.993,1.037,True
ET_03,other,2.18,0.31127,0.36881,0.96709,17.302,18.165,8.016,True
ET_03,other,2.19,0.38791,0.29092,0.9972,26.152,10.518,13.124,True
ET_03,other,2.2,0.40667,0.21674,1.01331,28.616,-2.075,15.384,True
ET_03,other,2.21,0.35568,0.10921,0.98952,23.933,-13.766,12.112,True
ET_03,other,2.22,0.28247,0.06944,0.93019,10.871,-19.695,5.661,True
ET_03,other,2.23,0.16811,0.06722,0.90493,-3.496,-21.397,-1.834,True
ET_03,other,2.24,0.04962,0.10986,0.87663,-18.321,-15.171,-8.937,True
ET_03,other,2.25,0.00423,0.17116,0.85444,-27.819,-5.762,-14.597,True
ET_03,other,2.2600000000000002,0.00589,0.26642,0.84134,-27.232,3.732,-13.753,True
ET_03,other,2.27,0.02301,0.31607,0.87612,-20.536,14.861,-10.337,True
ET_03,other,2.2800000000000002,0.15187,0.35854,0.90694,-5.723,21.438,-2.321,True
ET_03,other,2.29,0.28041,0.367,0.97168,10.182,20.847,4.411,True
ET_03,other,2.3000000000000003,0.36042,0.33815,1.00422,21.553,13.269,10.831,True
ET_03,other,2.31,0.40766,0.25647,0.99601,27.647,3.125,13.725,True
ET_03,other,2.32,0.35666,0.15543,1.00521,24.966,-10.025,13.172,True
ET_03,other,2.33,0.32199,0.08546,0.96178,16.394,-15.992,8.508,True
ET_03,other,2.34,0.21613,0.08329,0.92938,1.952,-21.487,1.258,True
ET_03,other,2.35,0.13086,0.0737,0.89864,-12.713,-18.551,-6.436,True
ET_03,other,2.36,0.03169,0.15613,0.84872,-23.716,-10.857,-11.268,True
ET_03,other,2.37,-0.00736,0.23426,0.88204,-26.48,-0.466,-11.766,True
ET_03,other,2.38,0.02166,0.28853,0.85469,-23.64,10.312,-10.813,True
ET_03,other,2.39,0.14201,0.35258,0.89109,-14.0,17.232,-6.056,True
ET_03,other,2.4,0.21654,0.392,0.94882,1.716,20.112,1.288,True
ET_03,other,2.41,0.33783,0.35605,0.98693,16.005,15.492,7.056,True
ET_03,other,2.42,0.40087,0.26584,0.98617,25.012,6.733,12.39,True
ET_03,other,2.43,0.38926,0.20504,0.98277,25.262,-3.639,13.118,True
ET_03,other,2.44,0.34522,0.13489,0.97671,21.112,-12.747,11.266,True
ET_03,other,2.45,0.27275,0.08487,0.95745,7.607,-19.57,3.607,True
ET_03,other,2.46,0.15132,0.0789,0.91161,-7.043,-19.366,-5.023,True
ET_03,other,2.47,0.06484,0.13727,0.87801,-19.267,-14.619,-9.0,True
ET_03,other,2.48,0.01262,0.19545,0.87005,-25.252,-4.194,-13.082,True
ET_03,other,2.49,0.01501,0.27097,0.86055,-24.489,5.402,-15.27,True
ET_03,other,2.5,0.07869,0.34916,0.89977,-17.883,14.54,-8.41,True
ET_03,other,2.5100000000000002,0.16984,0.38765,0.90695,-3.616,20.327,-2.326,True
ET_03,other,2.52,0.26796,0.36591,0.97974,11.225,17.356,4.289,True
ET_03,other,2.5300000000000002,0.36927,0.30081,1.00305,21.715,12.305,11.018,True
ET_03,other,2.54,0.39614,0.2318,0.98598,25.69,0.862,12.286,True
ET_03,other,2.5500000000000003,0.35896,0.17436,1.00583,23.075,-9.16,10.858,True
ET_03,other,2.56,0.2952,0.08305,0.96726,13.641,-16.586,6.932,True
ET_03,other,2.57,0.21368,0.06881,0.94264,0.547,-17.789,-0.012,True
ET_03,other,2.58,0.07128,0.1141,0.89287,-14.459,-17.854,-6.986,True
ET_03,other,2.59,0.01371,0.16181,0.87242,-22.572,-8.758,-11.776,True
ET_03,other,2.6,-0.00817,0.23114,0.8592,-26.42,1.677,-12.489,True
ET_03,other,2.61,0.03853,0.31582,0.8696,-20.626,10.495,-9.878,True
ET_03,other,2.62,0.12707,0.38727,0.8979,-9.122,16.493,-4.198,True
ET_03,other,2.63,0.22249,0.36176,0.93772,3.976,18.187,4.039,True
ET_03,other,2.64,0.33562,0.31747,0.96487,17.575,15.024,9.656,True
ET_03,other,2.65,0.39892,0.2671,0.99058,23.63,5.371,12.01,True
ET_03,other,2.66,0.37551,0.17195,0.98535,23.721,-5.774,12.697,True
ET_03,other,2.67,0.33204,0.13879,0.99078,16.936,-14.269,8.798,True
ET_03,other,2.68,0.27158,0.13294,0.93743,5.492,-18.55,2.925,True
ET_03,other,2.69,0.13191,0.08824,0.9029,-8.502,-17.218,-4.029,True
ET_03,other,2.7,0.06515,0.1488,0.88506,-20.666,-12.567,-10.112,True
ET_03,other,2.71,0.00819,0.18351,0.88213,-23.467,-3.398,-11.077,True
ET_03,other,2.72,0.02042,0.26564,0.86008,-24.112,7.687,-11.207,True
ET_03,other,2.73,0.10923,0.32683,0.88336,-12.987,15.742,-6.433,True
ET_03,other,2.74,0.18625,0.35091,0.92458,-3.837,17.619,-1.462,True
ET_03,other,2.75,0.28529,0.35209,0.9519,11.945,16.28,6.738,True
ET_03,other,2.7600000000000002,0.36132,0.28181,0.95816,21.323,9.298,12.375,True
ET_03,other,2.77,0.3634,0.23187,0.99931,23.854,0.421,12.0,True
ET_03,other,2.7800000000000002,0.32066,0.16108,0.97302,20.715,-8.793,10.2,True
ET_03,other,2.79,0.27696,0.11591,0.94888,11.64,-16.188,3.683,True
ET_03,other,2.8000000000000003,0.18052,0.08535,0.92601,-1.754,-16.286,-1.501,True
ET_03,other,2.81,0.08488,0.09339,0.86862,-15.979,-15.081,-6.504,True
ET_03,other,2.82,0.02553,0.20104,0.85769,-22.614,-6.805,-12.07,True
ET_03,other,2.83,0.0331,0.25484,0.88215,-22.455,3.763,-11.727,True
ET_03,other,2.84,0.07749,0.32755,0.87922,-18.675,12.109,-9.432,True
ET_03,other,2.85,0.16318,0.35734,0.88952,-6.741,15.934,-2.917,True
ET_03,other,2.86,0.26518,0.33538,0.90238,6.083,17.087,2.605,True
ET_03,other,2.87,0.31829,0.31035,0.958,16.763,11.267,9.549,True
ET_03,other,2.88,0.3526,0.24587,1.00779,22.989,4.443,11.332,True
ET_03,other,2.89,0.34761,0.20149,0.99794,22.836,-5.799,9.019,True
ET_03,other,2.9,0.27179,0.13082,0.92701,14.553,-13.159,5.827,True
ET_03,other,2.91,0.20599,0.08496,0.94943,3.407,-16.54,0.929,True
ET_03,other,2.92,0.15013,0.10763,0.90316,-9.032,-14.536,-5.707,True
ET_03,other,2.93,0.0515,0.13738,0.85019,-19.319,-9.077,-9.445,True
ET_03,other,2.94,0.0036,0.24463,0.86234,-23.631,1.319,-12.58,True
ET_03,other,2.95,0.03698,0.2863,0.88079,-19.458,9.595,-10.062,True
ET_03,other,2.96,0.12319,0.34012,0.90436,-11.129,13.348,-5.731,True
ET_03,other,2.97,0.22971,0.32271,0.92204,0.415,15.336,1.804,True
ET_03,other,2.98,0.30945,0.331,0.94644,13.243,12.896,5.604,True
ET_03,other,2.99,0.34223,0.24883,0.97828,21.624,5.719,11.815,True
ET_03,other,3.0,0.3851,0.23289,1.00802,21.908,-2.244,12.446,True
ET_03,other,3.0100000000000002,0.35352,0.12636,0.98422,18.289,-10.813,9.697,True
ET_03,other,3.02,0.25106,0.12986,0.93005,7.456,-16.163,4.819,True
ET_03,other,3.0300000000000002,0.1978,0.10175,0.90882,-3.956,-16.322,-3.683,True
ET_03,other,3.04,0.10057,0.13324,0.87531,-14.953,-12.205,-7.481,True
ET_03,other,3.0500000000000003,0.02602,0.17959,0.88324,-21.623,-3.177,-8.867,True
ET_03,other,3.06,0.03608,0.23496,0.85644,-20.261,4.805,-10.598,True
ET_03,other,3.0700000000000003,0.09589,0.30674,0.88849,-15.105,10.544,-7.898,True
ET_03,other,3.08,0.16612,0.36114,0.90261,-4.0,16.359,-2.128,True
ET_03,other,3.09,0.24262,0.37455,0.94243,8.356,15.497,3.475,True
ET_03,other,3.1,0.32013,0.29869,0.96996,17.16,11.111,10.053,True
ET_03,other,3.11,0.37975,0.24972,0.99067,21.278,2.172,9.72,True
ET_03,other,3.12,0.35434,0.1947,0.99409,19.719,-6.001,9.211,True
ET_03,other,3.13,0.27029,0.10449,0.96334,12.027,-11.681,5.846,True
ET_03,other,3.14,0.22751,0.08327,0.92863,0.569,-15.82,-0.017,True
ET_03,other,3.15,0.10808,0.14808,0.90958,-10.458,-15.7,-6.016,True
ET_03,other,3.16,0.06038,0.1378,0.89342,-18.039,-7.509,-8.645,True
ET_03,other,3.17,0.02864,0.23844,0.8754,-21.135,1.394,-11.711,True
ET_03,other,3.18,0.05134,0.28176,0.90535,-17.36,10.232,-9.253,True
ET_03,other,3.19,0.11712,0.34587,0.90969,-9.866,13.325,-5.295,True
ET_03,other,3.2,0.19982,0.33012,0.93997,2.117,16.383,1.013,True
ET_03,other,3.21,0.3144,0.34885,0.96487,14.122,12.664,5.177,True
ET_03,other,3.22,0.35364,0.26748,1.0067,20.521,5.118,8.941,True
ET_03,other,3.23,0.37128,0.20335,0.99179,21.428,-3.318,9.018,True
ET_03,other,3.24,0.32576,0.12345,0.95423,15.511,-11.418,7.802,True
ET_03,other,3.25,0.23429,0.08686,0.93395,5.677,-14.868,3.604,True
ET_03,other,3.2600000000000002,0.16315,0.11681,0.91306,-5.409,-14.613,-1.287,True
ET_03,other,3.27,0.076,0.14521,0.87587,-15.509,-10.106,-6.423,True
ET_03,other,3.2800000000000002,0.06792,0.19929,0.85641,-19.077,-2.034,-11.288,True
ET_03,other,3.29,0.06209,0.27195,0.85543,-20.508,5.739,-9.669,True
ET_03,other,3.3000000000000003,0.09713,0.28967,0.89973,-11.592,12.109,-5.064,True
ET_03,other,3.31,0.18124,0.32221,0.91549,-2.071,15.905,-1.534,True
ET_03,other,3.3200000000000003,0.29136,0.29726,0.96427,9.254,14.448,4.357,True
ET_03,other,3.33,0.33086,0.31633,0.97968,17.835,8.927,9.303,True
ET_03,other,3.34,0.35434,0.18809,1.01616,21.684,0.604,11.046,True
ET_03,other,3.35,0.30071,0.1471,0.99023,17.571,-7.801,10.323,True
ET_03,other,3.36,0.2582,0.14337,0.9556,9.991,-14.385,5.713,True
ET_03,other,3.37,0.18968,0.10026,0.93225,0.878,-13.751,-2.171,True
ET_03,other,3.38,0.09948,0.12971,0.86653,-11.788,-12.118,-4.582,True
ET_03,other,3.39,0.0815,0.17798,0.88146,-18.632,-5.382,-9.648,True
ET_03,other,3.4,0.05259,0.23038,0.86474,-20.527,1.657,-10.19,True
ET_03,other,3.41,0.06915,0.28061,0.85466,-15.341,9.397,-7.58,True
ET_03,other,3.42,0.12315,0.35158,0.91149,-6.642,13.081,-4.58,True
ET_03,other,3.43,0.2179,0.31876,0.94307,2.87,13.95,1.632,True
ET_03,other,3.44,0.28052,0.31769,0.96106,14.203,9.368,8.341,True
ET_03,other,3.45,0.36131,0.22555,0.97728,20.678,3.589,9.816,True
ET_03,other,3.46,0.30672,0.18705,0.9843,19.745,-5.936,9.519,True
ET_03,other,3.47,0.28215,0.14694,0.94743,12.069,-11.741,6.683,True
ET_03,other,3.48,0.19391,0.11215,0.93749,3.565,-13.869,1.218,True
ET_03,other,3.49,0.131,0.10547,0.92227,-8.243,-12.602,-3.743,True
ET_03,other,3.5,0.08025,0.1321,0.88686,-16.343,-8.579,-7.612,True
ET_03,other,3.5100000000000002,0.05943,0.21487,0.88019,-21.038,-1.52,-11.375,True
ET_03,other,3.52,0.05842,0.26307,0.89533,-19.282,8.601,-9.259,True
ET_03,other,3.5300000000000002,0.12004,0.31761,0.92449,-11.383,13.872,-4.727,True
ET_03,other,3.54,0.1847,0.3089,0.92759,-1.159,14.401,0.155,True
ET_03,other,3.5500000000000003,0.24911,0.33336,0.98734,8.352,13.986,6.543,True
ET_03,other,3.56,0.31869,0.28169,0.97857,17.524,6.911,9.071,True
ET_03,other,3.5700000000000003,0.33076,0.22492,0.97765,19.29,0.241,10.231,True
ET_03,other,3.58,0.30592,0.16757,0.94192,16.329,-8.167,8.676,True
ET_03,other,3.59,0.24529,0.10357,0.94785,8.076,-14.492,3.032,True
ET_03,other,3.6,0.19265,0.10787,0.94506,-1.413,-15.469,-1.277,True
ET_03,other,3.61,0.1019,0.13818,0.9104,-12.007,-11.514,-6.708,True
ET_03,other,3.62,0.04558,0.18071,0.88045,-18.161,-5.655,-8.361,True
ET_03,other,3.63,0.05512,0.22236,0.87107,-19.919,3.164,-9.372,True
ET_03,other,3.64,0.05388,0.29298,0.8933,-13.143,8.843,-6.047,True
ET_03,other,3.65,0.16167,0.31151,0.92416,-4.529,13.863,-3.832,True
ET_03,other,3.66,0.22172,0.31779,0.98199,5.896,12.521,2.192,True
ET_03,other,3.67,0.29414,0.28804,0.95933,16.263,8.78,7.045,True
ET_03,other,3.68,0.33412,0.24474,0.95089,20.679,2.567,10.429,True
ET_03,other,3.69,0.33169,0.1847,0.97972,18.907,-6.448,10.019,True
ET_03,other,3.7,0.29295,0.14598,0.95112,12.079,-11.008,6.529,True
ET_03,other,3.71,0.2058,0.11748,0.94338,1.7,-15.268,1.078,True
ET_03,other,3.72,0.13417,0.11007,0.90923,-8.106,-12.442,-4.137,True
ET_03,other,3.73,0.07202,0.13751,0.89315,-18.07,-9.069,-7.886,True
ET_03,other,3.74,0.03814,0.23337,0.88685,-18.85,-2.876,-8.961,True
ET_03,other,3.75,0.07085,0.27192,0.8838,-17.589,7.594,-8.741,True
ET_03,other,3.7600000000000002,0.13357,0.34704,0.88099,-8.572,12.481,-5.226,True
ET_03,other,3.77,0.20116,0.30758,0.95607,1.346,16.776,1.36,True
ET_03,other,3.7800000000000002,0.27014,0.29367,0.95714,10.748,12.781,5.379,True
ET_03,other,3.79,0.30965,0.28732,0.96328,18.286,5.964,9.347,True
ET_03,other,3.8000000000000003,0.33383,0.18678,0.9872,19.081,-3.239,9.447,True
ET_03,other,3.81,0.30938,0.15629,0.97831,13.058,-10.843,7.444,True
ET_03,other,3.8200000000000003,0.24369,0.09019,0.93862,4.998,-13.043,3.25,True
ET_03,other,3.83,0.15742,0.11287,0.89697,-5.203,-14.772,-1.116,True
ET_03,other,3.84,0.06882,0.1424,0.87979,-15.751,-9.741,-8.232,True
ET_03,other,3.85,0.05364,0.18079,0.87887,-19.045,-3.7,-9.854,True
ET_03,other,3.86,0.04112,0.24516,0.88927,-19.317,4.029,-10.291,True
ET_03,other,3.87,0.09942,0.28887,0.88613,-12.744,9.43,-6.232,True
ET_03,other,3.88,0.15381,0.32137,0.93638,-2.108,12.808,-2.433,True
ET_03,other,3.89,0.22377,0.30988,0.942,6.834,12.248,3.208,True
ET_03,other,3.9,0.30391,0.26529,0.97666,15.377,8.631,7.52,True
ET_03,other,3.91,0.33347,0.23087,0.99369,20.176,1.714,10.507,True
ET_03,other,3.92,0.31495,0.19296,1.00013,18.266,-6.934,8.031,True
ET_03,other,3.93,0.25696,0.12832,0.9808,8.032,-11.297,5.347,True
ET_03,other,3.94,0.19284,0.11391,0.95624,0.139,-14.402,0.306,True
ET_03,other,3.95,0.11591,0.11168,0.91958,-10.634,-12.617,-5.112,True
ET_03,other,3.96,0.03923,0.16737,0.86331,-17.863,-6.231,-8.564,True
ET_03,other,3.97,0.01674,0.20789,0.88981,-19.365,1.503,-11.007,True
ET_03,other,3.98,0.05972,0.29054,0.88971,-16.235,7.87,-9.309,True
ET_03,other,3.99,0.1023,0.30253,0.91496,-7.046,13.923,-3.841,True
ET_03,other,4.0,0.19531,0.31559,0.93414,1.608,15.048,1.277,True
ET_03,other,4.01,0.24945,0.30621,0.95485,11.534,9.641,7.824,True
ET_03,other,4.0200000000000005,0.32749,0.27561,1.0038,19.182,5.263,9.6,True
ET_03,other,4.03,0.31171,0.18786,0.98636,19.589,-3.895,8.521,True
ET_03,other,4.04,0.30941,0.13252,0.96343,14.747,-9.814,8.031,True
ET_03,other,4.05,0.22571,0.12208,0.95671,5.574,-15.075,2.784,True
ET_03,other,4.0600000000000005,0.14521,0.12166,0.92321,-6.962,-13.573,-2.699,True
ET_03,other,4.07,0.05831,0.13275,0.87487,-15.265,-10.181,-7.654,True
ET_03,other,4.08,0.00756,0.18966,0.88311,-19.956,-3.602,-9.065,True
ET_03,other,4.09,0.03376,0.23721,0.89353,-20.327,6.137,-7.649,True
ET_03,other,4.1,0.09115,0.29086,0.8962,-12.103,12.621,-5.39,True
ET_03,other,4.11,0.1789,0.32093,0.90978,-1.726,14.267,-2.229,True
ET_03,other,4.12,0.25085,0.3001,0.93008,9.505,13.112,4.405,True
ET_03,other,4.13,0.30385,0.26731,0.97548,18.107,8.013,10.514,True
ET_03,other,4.14,0.31531,0.21615,0.9699,20.642,-0.53,9.562,True
ET_03,other,4.15,0.31634,0.15751,1.00809,17.081,-7.193,9.126,True
ET_03,other,4.16,0.24219,0.08269,0.97514,8.143,-12.077,5.005,True
ET_03,other,4.17,0.14254,0.1242,0.94088,-3.26,-14.301,-1.269,True
ET_03,other,4.18,0.09002,0.11185,0.88513,-12.316,-13.746,-4.807,True
ET_03,other,4.19,0.02723,0.16015,0.90931,-19.335,-3.915,-8.832,True
ET_03,other,4.2,0.03615,0.21874,0.87907,-21.097,3.366,-10.84,True
ET_03,other,4.21,0.08388,0.27464,0.91617,-16.028,9.415,-8.173,True
ET_03,other,4.22,0.1307,0.31865,0.94706,-8.354,15.053,-2.881,True
ET_03,other,4.23,0.16976,0.30211,0.92945,4.863,15.366,1.748,True
ET_03,other,4.24,0.29604,0.29319,0.95791,13.899,11.03,9.817,True
ET_03,other,4.25,0.30184,0.22683,1.00491,19.719,3.019,10.366,True
ET_03,other,4.26,0.33069,0.17232,1.01254,19.903,-5.396,10.84,True
ET_03,other,4.2700000000000005,0.25645,0.08911,0.97444,14.316,-11.834,6.768,True
ET_03,other,4.28,0.20578,0.0753,0.94923,2.415,-14.772,0.862,True
ET_03,other,4.29,0.0928,0.13724,0.94579,-7.736,-13.261,-4.495,True
ET_03,other,4.3,0.04922,0.17468,0.91886,-17.015,-8.497,-8.23,True
ET_03,other,4.3100000000000005,0.00819,0.19374,0.87017,-20.679,-0.783,-11.532,True
ET_03,other,4.32,0.0582,0.25472,0.88472,-18.241,7.505,-10.275,True
ET_03,other,4.33,0.07965,0.29973,0.919,-12.091,13.348,-6.851,True
ET_03,other,4.34,0.15262,0.3294,0.94494,-0.865,16.421,0.063,True
ET_03,other,4.3500000000000005,0.25859,0.31261,0.9778,10.625,12.548,6.752,True
ET_03,other,4.36,0.31396,0.26057,0.9695,18.964,6.139,9.333,True
ET_03,other,4.37,0.32118,0.2047,1.00455,22.901,-3.142,11.427,True
ET_03,other,4.38,0.2954,0.13102,0.99206,17.285,-10.069,8.177,True
ET_03,other,4.39,0.2203,0.10013,0.96116,9.148,-15.125,4.265,True
ET_03,other,4.4,0.14217,0.08022,0.92211,-4.25,-16.813,-1.267,True
ET_03,other,4.41,0.05848,0.12159,0.91979,-14.116,-11.803,-7.04,True
ET_03,other,4.42,0.02088,0.16916,0.8793,-20.403,-4.658,-11.558,True
ET_03,other,4.43,0.00475,0.22393,0.88584,-21.662,3.789,-10.03,True
ET_03,other,4.44,0.06184,0.27358,0.9137,-15.506,11.483,-6.057,True
ET_03,other,4.45,0.13249,0.33336,0.91191,-4.684,16.694,-4.191,True
ET_03,other,4.46,0.21731,0.32018,0.95676,6.266,16.349,2.626,True
ET_03,other,4.47,0.27402,0.26145,0.99894,18.488,9.635,8.02,True
ET_03,other,4.48,0.33475,0.22303,0.98582,21.705,2.588,11.512,True
ET_03,other,4.49,0.30955,0.15932,0.97784,20.64,-6.928,10.628,True
ET_03,other,4.5,0.27267,0.10936,1.00507,13.701,-13.033,5.144,True
ET_03,other,4.51,0.183,0.10985,0.94146,2.019,-17.429,1.962,True
ET_03,other,4.5200000000000005,0.0847,0.12013,0.92753,-11.612,-13.828,-4.888,True
ET_03,other,4.53,0.02887,0.14192,0.91787,-20.298,-9.073,-9.986,True
ET_03,other,4.54,0.0061,0.21579,0.8745,-23.717,0.339,-10.165,True
ET_03,other,4.55,0.02183,0.25267,0.90525,-19.89,9.16,-10.145,True
ET_03,other,4.5600000000000005,0.09514,0.31575,0.925,-10.814,14.738,-4.847,True
ET_03,other,4.57,0.17769,0.30887,0.94367,3.58,16.009,0.903,True
ET_03,other,4.58,0.26047,0.28677,0.99171,13.241,12.843,7.914,True
ET_03,other,4.59,0.32304,0.24849,1.01821,20.6,6.621,10.521,True
ET_03,other,4.6000000000000005,0.36035,0.19907,1.01087,23.665,-2.334,12.977,True
ET_03,other,4.61,0.28989,0.09361,0.98459,18.343,-10.098,10.014,True
ET_03,other,4.62,0.21088,0.07317,0.97451,6.731,-15.797,4.33,True
ET_03,other,4.63,0.12828,0.09637,0.92549,-7.406,-15.907,-2.466,True
ET_03,other,4.64,0.00563,0.11377,0.92952,-18.187,-12.814,-9.074,True
ET_03,other,4.65,0.00252,0.16276,0.85348,-22.024,-4.512,-10.698,True
ET_03,other,4.66,-0.05145,0.25822,0.8924,-20.502,4.702,-10.593,True
ET_03,other,4.67,0.0502,0.29411,0.90345,-15.587,14.516,-6.983,True
ET_03,other,4.68,0.13591,0.33883,0.92971,-2.498,15.425,-1.516,True
ET_03,other,4.69,0.23291,0.29111,0.98937,9.764,16.564,4.231,True
ET_03,other,4.7,0.30937,0.28734,1.00534,20.132,10.517,10.424,True
ET_03,other,4.71,0.33173,0.20277,1.00094,22.921,0.374,13.599,True
ET_03,other,4.72,0.33086,0.12177,0.9919,20.002,-8.467,9.904,True
ET_03,other,4.73,0.26014,0.10277,0.9807,13.309,-15.957,8.085,True
ET_03,other,4.74,0.14707,0.0703,0.91892,-1.498,-18.579,-0.765,True
ET_03,other,4.75,0.04533,0.06821,0.90643,-12.034,-16.204,-5.766,True
ET_03,other,4.76,-0.01091,0.12136,0.85245,-22.284,-9.899,-10.511,True
ET_03,other,4.7700000000000005,-0.02375,0.21634,0.88469,-24.472,3.156,-11.601,True
ET_03,other,4.78,-0.0022,0.27788,0.92588,-19.952,11.29,-10.478,True
ET_03,other,4.79,0.08613,0.33739,0.9505,-9.54,17.486,-4.609,True
ET_03,other,4.8,0.19585,0.34941,0.96167,5.553,18.726,1.66,True
ET_03,other,4.8100000000000005,0.27756,0.28247,0.99088,17.04,13.705,8.226,True
ET_03,other,4.82,0.30133,0.22901,1.01741,22.62,5.827,12.729,True
ET_03,other,4.83,0.30893,0.16521,1.00878,24.486,-3.431,11.134,True
ET_03,other,4.84,0.26807,0.11265,0.98537,18.368,-14.328,8.124,True
ET_03,other,4.8500000000000005,0.21654,0.0902,0.96765,4.92,-18.143,3.739,True
ET_03,other,4.86,0.09351,0.04047,0.9374,-8.229,-17.264,-3.291,True
ET_03,other,4.87,-0.02253,0.11078,0.88729,-19.275,-10.856,-10.492,True
ET_03,other,4.88,-0.03813,0.16547,0.90974,-24.265,-1.753,-11.912,True
ET_03,other,4.89,-0.0243,0.26245,0.88326,-22.757,8.086,-10.906,True
ET_03,other,4.9,0.04046,0.31257,0.91857,-14.45,15.588,-7.141,True
ET_03,other,4.91,0.14152,0.34252,0.9475,-2.065,20.227,-0.474,True
ET_03,other,4.92,0.21489,0.31041,0.96283,11.571,17.331,6.375,True
ET_03,other,4.93,0.31354,0.27841,1.00148,22.467,9.943,10.704,True
ET_03,other,4.94,0.34297,0.20659,1.02432,26.087,0.328,13.297,True
ET_03,other,4.95,0.29045,0.14115,1.01543,21.728,-10.73,9.821,True
ET_03,other,4.96,0.23407,0.08587,1.01662,11.203,-17.955,5.973,True
ET_03,other,4.97,0.1453,0.06083,0.94125,-2.93,-19.063,-2.13,True
ET_03,other,4.98,0.02783,0.11074,0.89108,-16.09,-16.999,-7.738,True
ET_03,other,4.99,-0.03404,0.15441,0.90628,-25.846,-7.652,-12.821,True
ET_03,other,5.0,-0.04648,0.24026,0.88765,-25.52,4.321,-12.641,True
ET_03,other,5.01,-0.01678,0.30197,0.89282,-21.255,12.966,-8.773,True
ET_03,other,5.0200000000000005,0.10656,0.3146,0.94779,-6.851,18.935,-4.006,True
ET_03,other,5.03,0.19422,0.32497,0.98774,8.829,18.349,3.156,True
ET_03,other,5.04,0.28129,0.28848,0.99322,19.528,12.757,9.86,True
ET_03,other,5.05,0.33723,0.22989,1.02472,26.015,4.484,13.427,True
ET_03,other,5.0600000000000005,0.31127,0.15023,1.02691,23.639,-6.992,13.959,True
ET_03,other,5.07,0.23893,0.11297,1.01023,16.627,-13.87,6.658,True
ET_03,other,5.08,0.17282,0.02663,0.96912,3.318,-20.235,1.659,True
ET_03,other,5.09,0.06749,0.0985,0.93377,-12.175,-18.597,-7.01,True
ET_03,other,5.1000000000000005,-0.02285,0.12482,0.90664,-23.538,-11.031,-11.678,True
ET_03,other,5.11,-0.05693,0.19127,0.86822,-27.401,-0.9,-14.632,True
ET_03,other,5.12,-0.01547,0.27921,0.89605,-24.209,10.195,-12.4,True
ET_03,other,5.13,0.0581,0.31841,0.91015,-11.786,17.818,-8.66,True
ET_03,other,5.14,0.16819,0.32467,0.95157,0.998,19.674,-0.436,True
ET_03,other,5.15,0.2551,0.31921,0.98021,14.598,18.588,8.191,True
ET_03,other,5.16,0.33147,0.25642,1.006,23.229,8.86,11.957,True
ET_03,other,5.17,0.36433,0.16864,1.03256,26.602,-1.721,14.032,True
ET_03,other,5.18,0.32623,0.101,0.98584,21.26,-12.05,10.903,True
ET_03,other,5.19,0.23543,0.03276,0.98157,9.363,-17.922,4.919,True
ET_03,other,5.2,0.08905,0.03966,0.95801,-7.325,-19.505,-2.29,True
ET_03,other,5.21,0.0154,0.10131,0.87159,-18.488,-15.743,-11.055,True
ET_03,other,5.22,-0.0587,0.15904,0.83912,-26.833,-5.591,-13.076,True
ET_03,other,5.23,-0.03773,0.24777,0.88658,-27.695,5.686,-14.929,True
ET_03,other,5.24,0.01043,0.33207,0.89278,-18.415,15.101,-9.799,True
ET_03,other,5.25,0.1068,0.33735,0.931,-5.364,20.106,-3.991,True
ET_03,other,5.26,0.21494,0.35312,0.96642,10.493,17.958,5.136,True
ET_03,other,5.2700000000000005,0.30786,0.28047,0.99491,22.362,12.672,12.273,True
ET_03,other,5.28,0.35449,0.20746,1.02855,30.26,1.862,14.053,True
ET_03,other,5.29,0.33142,0.15087,1.03528,25.203,-9.13,12.594,True
ET_03,other,5.3,0.25694,0.09596,0.99783,15.726,-18.135,8.559,True
ET_03,other,5.3100000000000005,0.13805,0.02522,0.94888,-0.659,-21.144,0.475,True
ET_03,other,5.32,0.04884,0.04931,0.89352,-14.238,-17.399,-7.419,True
ET_03,other,5.33,-0.05921,0.09509,0.91141,-25.187,-7.765,-11.786,True
ET_03,other,5.34,-0.07778,0.18028,0.88864,-28.462,-0.418,-15.491,True
ET_03,other,5.3500000000000005,-0.01857,0.29988,0.89955,-24.329,11.795,-10.606,True
ET_03,other,5.36,0.03936,0.33872,0.93835,-11.71,18.407,-4.898,True
ET_03,other,5.37,0.18825,0.35195,0.948,3.906,21.358,2.381,True
ET_03,other,5.38,0.28544,0.29244,1.01282,18.14,17.051,9.485,True
ET_03,other,5.39,0.33485,0.26383,1.03611,27.786,6.061,13.483,True
ET_03,other,5.4,0.35047,0.16968,1.03155,29.556,-3.68,15.482,True
ET_03,other,5.41,0.29651,0.08232,1.005,22.202,-14.976,10.357,True
ET_03,other,5.42,0.19,0.04048,0.97581,7.798,-20.929,5.062,True
ET_03,other,5.43,0.04241,0.04242,0.93052,-8.781,-20.098,-3.49,True
ET_03,other,5.44,-0.02588,0.09962,0.89419,-24.103,-15.051,-10.209,True
ET_03,other,5.45,-0.07218,0.15975,0.85079,-29.079,-2.21,-13.63,True
ET_03,other,5.46,-0.0821,0.24828,0.89858,-26.988,8.632,-14.19,True
ET_03,other,5.47,-0.00914,0.32097,0.89821,-17.925,18.323,-9.261,True
ET_03,other,5.48,0.07663,0.37204,0.96106,-4.139,22.256,-2.244,True
ET_03,other,5.49,0.24342,0.37193,0.96978,12.791,20.872,6.638,True
ET_03,other,5.5,0.31679,0.28937,1.01413,24.555,12.423,13.219,True
ET_03,other,5.51,0.35565,0.20311,1.03708,30.363,-0.385,15.637,True
ET_03,other,5.5200000000000005,0.35611,0.14057,1.01817,25.7,-10.848,12.711,True
ET_03,other,5.53,0.25864,0.01431,0.988,15.273,-19.257,6.595,True
ET_03,other,5.54,0.12647,0.03679,0.97885,-0.884,-22.039,-1.217,True
ET_03,other,5.55,-0.01167,0.05899,0.88844,-17.631,-19.032,-7.861,True
ET_03,other,5.5600000000000005,-0.05637,0.16214,0.85984,-27.842,-9.435,-15.38,True
ET_03,other,5.57,-0.10706,0.22388,0.85376,-30.962,4.402,-16.483,True
ET_03,other,5.58,-0.03468,0.26774,0.90111,-24.621,13.485,-11.05,True
ET_03,other,5.59,0.06662,0.31285,0.91161,-11.539,21.501,-5.129,True
ET_03,other,5.6000000000000005,0.1511,0.37198,0.98496,6.846,21.252,2.325,True
ET_03,other,5.61,0.30265,0.32772,1.02043,21.239,16.085,10.583,True
ET_03,other,5.62,0.36713,0.23325,1.06646,29.857,4.71,15.846,True
ET_03,other,5.63,0.35129,0.13418,1.02627,30.23,-6.985,14.374,True
ET_03,other,5.64,0.2797,0.0589,1.01192,20.447,-17.33,8.846,True
ET_03,other,5.65,0.1667,0.01575,0.9852,5.805,-24.001,1.863,True
ET_03,other,5.66,0.03252,0.03951,0.93262,-11.82,-22.513,-5.317,True
ET_03,other,5.67,-0.04053,0.08486,0.89048,-24.145,-14.578,-12.978,True
ET_03,other,5.68,-0.09652,0.17334,0.88335,-31.683,-2.179,-15.851,True
ET_03,other,5.69,-0.07833,0.28629,0.88378,-26.944,10.13,-14.139,True
ET_03,other,5.7,0.00688,0.3241,0.91601,-19.266,19.563,-9.496,True
ET_03,other,5.71,0.12091,0.36716,0.93204,-2.14,23.233,0.452,True
ET_03,other,5.72,0.24094,0.31635,0.99967,16.077,17.762,7.947,True
ET_03,other,5.73,0.34181,0.2671,1.02207,28.73,10.851,13.83,True
ET_03,other,5.74,0.35491,0.18048,1.04197,31.801,-1.072,15.778,True
ET_03,other,5.75,0.33959,0.08077,1.01558,27.348,-13.518,14.474,True
ET_03,other,5.76,0.20448,0.02893,1.01159,12.666,-21.305,7.056,True
ET_03,other,5.7700000000000005,0.1013,0.02813,0.95968,-4.366,-21.877,-2.768,True
ET_03,other,5.78,-0.0262,0.07258,0.90617,-19.993,-19.451,-10.086,True
ET_03,other,5.79,-0.09167,0.14756,0.89209,-30.886,-6.373,-15.776,True
ET_03,other,5.8,-0.09852,0.20149,0.87468,-31.863,4.884,-16.111,True
ET_03,other,5.8100000000000005,-0.0384,0.31482,0.88774,-25.375,17.257,-10.376,True
ET_03,other,5.82,0.08734,0.37836,0.91682,-7.686,23.318,-4.708,True
ET_03,other,5.83,0.20463,0.35269,0.98327,9.201,21.13,4.721,True
ET_03,other,5.84,0.28787,0.30959,1.03692,25.02,16.248,11.86,True
ET_03,other,5.8500000000000005,0.35844,0.19009,1.02914,32.988,3.128,15.548,True
ET_03,other,5.86,0.30958,0.12769,1.03848,30.02,-8.956,15.775,True
ET_03,other,5.87,0.26687,0.0751,1.01897,20.253,-19.052,8.277,True
ET_03,other,5.88,0.13916,0.03261,0.98276,1.559,-23.741,2.275,True
ET_03,other,5.89,0.04175,0.02774,0.89433,-13.871,-21.773,-7.518,True
ET_03,other,5.9,-0.06671,0.0988,0.89782,-28.27,-12.58,-14.188,True
ET_03,other,5.91,-0.09944,0.18721,0.86577,-31.007,-1.474,-16.796,True
ET_03,other,5.92,-0.05979,0.26855,0.86449,-28.141,12.325,-14.751,True
ET_03,other,5.93,0.03808,0.31912,0.93423,-14.433,20.406,-6.33,True
ET_03,other,5.94,0.10371,0.37511,0.9637,1.683,24.289,1.76,True
ET_03,other,5.95,0.24665,0.29743,0.99127,19.677,19.52,9.1,True
ET_03,other,5.96,0.32359,0.26132,1.02451,30.626,9.842,13.979,True
ET_03,other,5.97,0.36212,0.16747,1.07764,33.028,-1.596,16.01,True
ET_03,other,5.98,0.30298,0.07457,1.02891,23.671,-16.065,12.079,True
ET_03,other,5.99,0.15665,0.02188,0.99028,10.32,-21.957,6.012,True
ET_03,other,6.0,0.07801,0.02385,0.94584,-8.188,-24.241,-5.105,True
ET_03,other,6.01,-0.06375,0.06826,0.90276,-21.979,-18.057,-11.207,True
ET_03,other,6.0200000000000005,-0.13385,0.13396,0.84685,-31.084,-4.861,-16.268,True
ET_03,other,6.03,-0.12691,0.23493,0.87749,-31.622,8.156,-15.579,True
ET_03,other,6.04,-0.04318,0.32705,0.89864,-23.283,17.714,-10.526,True
ET_03,other,6.05,0.08056,0.35276,0.95942,-4.123,23.826,-2.517,True
ET_03,other,6.0600000000000005,0.21732,0.36335,0.99715,11.938,21.87,5.9,True
ET_03,other,6.07,0.29682,0.29204,1.06209,26.426,16.099,12.974,True
ET_03,other,6.08,0.35038,0.19451,1.06172,33.458,1.947,15.4,True
ET_03,other,6.09,0.32509,0.09921,1.04821,29.671,-10.113,15.915,True
ET_03,other,6.1000000000000005,0.24075,0.05012,1.01887,17.608,-20.275,8.553,True
ET_03,other,6.11,0.13492,0.01421,0.95165,0.204,-24.127,-1.818,True
ET_03,other,6.12,0.0039,0.04459,0.95202,-15.584,-19.132,-8.939,True
ET_03,other,6.13,-0.10277,0.07727,0.90195,-28.855,-12.475,-15.314,True
ET_03,other,6.140000000000001,-0.10772,0.16159,0.88363,-32.218,3.158,-14.896,True
ET_03,other,6.15,-0.07037,0.31095,0.88956,-27.165,14.473,-13.32,True
ET_03,other,6.16,0.01585,0.33226,0.94569,-13.312,22.533,-5.631,True
ET_03,other,6.17,0.15291,0.34201,0.98617,5.17,23.771,2.796,True
ET_03,other,6.18,0.28689,0.32006,1.01577,22.68,16.473,10.251,True
ET_03,other,6.19,0.34387,0.27478,1.03936,31.939,8.518,14.929,True
ET_03,other,6.2,0.34053,0.14459,1.0653,32.215,-4.568,15.558,True
ET_03,other,6.21,0.3044,0.05568,1.04204,23.892,-18.12,13.077,True
ET_03,other,6.22,0.17259,0.01721,0.99182,8.263,-21.855,5.603,True
ET_03,other,6.23,0.03928,0.0353,0.93756,-9.616,-22.112,-4.224,True
ET_03,other,6.24,-0.04382,0.05418,0.90547,-27.15,-15.456,-12.486,True
ET_03,other,6.25,-0.10662,0.14975,0.8994,-33.676,-4.064,-16.302,True
ET_03,other,6.26,-0.07175,0.25271,0.85872,-30.588,9.876,-16.133,True
ET_03,other,6.2700000000000005,-0.02397,0.32155,0.93694,-19.261,18.486,-10.331,True
ET_03,other,6.28,0.10702,0.35798,0.96804,-3.085,25.196,0.022,True
ET_03,other,6.29,0.22153,0.36538,0.97884,14.417,22.058,9.162,True
ET_03,other,6.3,0.34198,0.27423,1.04519,27.56,13.694,12.586,True
ET_03,other,6.3100000000000005,0.34415,0.18772,1.06538,33.138,0.278,16.836,True
ET_03,other,6.32,0.35393,0.06898,1.05049,27.865,-14.026,13.942,True
ET_03,other,6.33,0.20781,0.03394,1.00952,16.427,-21.815,8.709,True
ET_03,other,6.34,0.08236,0.02814,0.94803,-2.86,-23.814,-2.576,True
ET_03,other,6.3500000000000005,-0.03925,0.04096,0.9132,-18.254,-19.11,-9.27,True
ET_03,other,6.36,-0.11579,0.13165,0.88173,-30.271,-9.046,-15.407,True
ET_03,other,6.37,-0.15832,0.22432,0.88183,-34.296,3.43,-16.414,True
ET_03,other,6.38,-0.07014,0.26953,0.92398,-24.165,15.056,-10.319,True
ET_03,other,6.390000000000001,0.04114,0.36255,0.95121,-10.134,22.437,-4.534,True
ET_03,other,6.4,0.16385,0.35654,0.98417,7.516,23.718,3.549,True
ET_03,other,6.41,0.26869,0.29027,1.03343,25.115,16.049,11.963,True
ET_03,other,6.42,0.36129,0.22713,1.04748,32.373,5.505,15.064,True
ET_03,other,6.43,0.35089,0.11327,1.04193,30.31,-7.24,15.664,True
ET_03,other,6.44,0.27731,0.03042,1.0429,20.269,-18.436,11.697,True
ET_03,other,6.45,0.15637,0.02619,0.96351,5.197,-24.964,2.998,True
ET_03,other,6.46,0.03185,0.0333,0.94958,-12.033,-22.516,-5.377,True
ET_03,other,6.47,-0.08105,0.09006,0.91098,-26.824,-14.038,-13.512,True
ET_03,other,6.48,-0.12959,0.1687,0.87036,-33.122,-1.651,-17.339,True
ET_03,other,6.49,-0.09412,0.27748,0.87814,-30.585,10.235,-16.076,True
ET_03,other,6.5,-0.01315,0.31592,0.94235,-18.0,20.668,-9.191,True
ET_03,other,6.51,0.12203,0.35892,0.96751,0.658,24.024,-0.279,True
ET_03,other,6.5200000000000005,0.25371,0.30095,1.02304,17.277,18.996,9.598,True
ET_03,other,6.53,0.3202,0.23469,1.02458,28.398,9.877,15.916,True
ET_03,other,6.54,0.37369,0.15769,1.04373,31.817,-2.346,15.82,True
ET_03,other,6.55,0.29527,0.05511,1.05638,26.601,-15.76,12.763,True
ET_03,other,6.5600000000000005,0.20907,0.00934,0.99863,12.122,-21.482,6.019,True
ET_03,other,6.57,0.08558,-0.00334,0.97044,-6.582,-23.002,-3.283,True
ET_03,other,6.58,-0.03166,0.05744,0.90339,-19.693,-18.364,-10.382,True
ET_03,other,6.59,-0.12494,0.11704,0.91131,-30.711,-7.397,-15.991,True
ET_03,other,6.6000000000000005,-0.10304,0.1879,0.88909,-31.505,5.82,-14.542,True
ET_03,other,6.61,-0.06576,0.29374,0.92113,-23.435,17.724,-10.474,True
ET_03,other,6.62,0.04741,0.36157,0.95378,-8.005,23.169,-3.497,True
ET_03,other,6.63,0.21007,0.35537,0.99474,10.017,21.926,5.075,True
ET_03,other,6.640000000000001,0.26673,0.28417,1.00036,25.331,14.775,12.605,True
ET_03,other,6.65,0.35429,0.22117,1.03942,31.157,1.061,15.383,True
ET_03,other,6.66,0.33343,0.12784,1.0559,29.832,-9.472,13.29,True
ET_03,other,6.67,0.25138,0.0386,1.02075,19.52,-19.657,9.711,True
ET_03,other,6.68,0.10807,0.00974,0.97097,1.458,-23.161,2.753,True
ET_03,other,6.69,-0.00474,0.04153,0.92932,-14.93,-21.407,-7.613,True
ET_03,other,6.7,-0.08689,0.07566,0.91399,-28.541,-13.33,-13.628,True
ET_03,other,6.71,-0.11417,0.18282,0.8789,-31.023,-0.177,-15.984,True
ET_03,other,6.72,-0.09852,0.25906,0.89691,-27.849,11.95,-12.914,True
ET_03,other,6.73,0.01468,0.37688,0.93582,-14.171,20.637,-7.262,True
ET_03,other,6.74,0.13639,0.36476,0.94986,2.228,22.663,1.319,True
ET_03,other,6.75,0.2523,0.31061,1.01263,18.991,18.422,9.831,True
ET_03,other,6.76,0.31494,0.24209,1.06206,29.464,8.249,15.968,True
ET_03,other,6.7700000000000005,0.32014,0.12524,1.04251,32.268,-2.673,14.456,True
ET_03,other,6.78,0.26458,0.07929,1.03098,24.883,-17.509,12.196,True
ET_03,other,6.79,0.17066,0.02803,1.01737,8.896,-23.013,4.843,True
ET_03,other,6.8,0.04796,0.01185,0.94861,-7.763,-21.634,-4.674,True
ET_03,other,6.8100000000000005,-0.06079,0.0749,0.90171,-22.398,-17.216,-10.886,True
ET_03,other,6.82,-0.15349,0.15961,0.90096,-31.164,-4.463,-15.324,True
ET_03,other,6.83,-0.09883,0.23115,0.88291,-29.299,6.18,-15.534,True
ET_03,other,6.84,-0.04168,0.32318,0.91153,-18.737,17.425,-9.952,True
ET_03,other,6.8500000000000005,0.08611,0.32336,0.98327,-2.458,22.173,-2.19,True
ET_03,other,6.86,0.21464,0.34982,1.0013,12.436,21.606,5.531,True
ET_03,other,6.87,0.30001,0.2777,1.03073,23.866,13.399,12.519,True
ET_03,other,6.88,0.32585,0.17092,1.0617,29.724,2.406,16.113,True
ET_03,other,6.890000000000001,0.2773,0.11056,1.03864,27.422,-9.768,13.976,True
ET_03,other,6.9,0.21231,0.05122,1.02492,15.415,-20.765,7.921,True
ET_03,other,6.91,0.07001,0.03951,0.95979,-0.984,-22.161,-0.797,True
ET_03,other,6.92,-0.0368,0.04528,0.9493,-16.462,-18.222,-7.594,True
ET_03,other,6.93,-0.09714,0.11709,0.8941,-26.739,-9.858,-13.506,True
ET_03,other,6.94,-0.10057,0.16995,0.90645,-30.598,3.351,-14.449,True
ET_03,other,6.95,-0.08057,0.26637,0.9028,-23.846,13.101,-12.185,True
ET_03,other,6.96,0.03018,0.32915,0.95525,-11.286,21.594,-6.676,True
ET_03,other,6.97,0.11677,0.3411,0.98339,5.241,20.84,3.363,True
ET_03,other,6.98,0.23322,0.29494,1.03675,18.997,15.648,10.351,True
ET_03,other,6.99,0.29789,0.19997,1.0423,29.02,5.638,14.243,True
ET_03,other,7.0,0.33004,0.13765,1.06536,29.635,-5.172,13.133,True
ET_03,other,7.01,0.24415,0.07329,1.06194,22.094,-14.933,10.822,True
ET_03,other,7.0200000000000005,0.15264,0.03878,0.99637,5.81,-21.94,2.777,True
ET_03,other,7.03,0.02417,0.03855,0.96516,-10.45,-20.985,-7.151,True
ET_03,other,7.04,-0.08756,0.05857,0.90563,-23.368,-14.175,-11.783,True
ET_03,other,7.05,-0.13303,0.13661,0.92137,-29.556,-3.111,-14.377,True
ET_03,other,7.0600000000000005,-0.07732,0.24172,0.88175,-27.239,9.944,-13.406,True
ET_03,other,7.07,-0.00224,0.32705,0.88711,-16.636,17.005,-8.923,True
ET_03,other,7.08,0.08232,0.33804,0.97041,-0.997,21.123,-0.734,True
ET_03,other,7.09,0.18435,0.31992,1.01699,14.785,18.837,6.682,True
ET_03,other,7.1000000000000005,0.27207,0.26994,1.04029,26.253,10.611,13.683,True
ET_03,other,7.11,0.32377,0.14157,1.05926,29.595,-0.643,14.044,True
ET_03,other,7.12,0.30315,0.08632,1.07256,25.286,-12.258,12.684,True
ET_03,other,7.13,0.17037,0.0577,0.99503,12.243,-20.173,5.539,True
ET_03,other,7.140000000000001,0.08249,-0.01372,0.96,-1.907,-21.902,-1.63,True
ET_03,other,7.15,-0.05041,0.06867,0.92385,-18.523,-16.859,-9.528,True
ET_03,other,7.16,-0.10153,0.12487,0.91046,-28.286,-7.463,-15.116,True
ET_03,other,7.17,-0.12965,0.19789,0.88547,-28.341,3.339,-15.331,True
ET_03,other,7.18,-0.07874,0.27047,0.92209,-21.601,15.828,-11.25,True
ET_03,other,7.19,0.05519,0.31009,0.93062,-8.233,19.339,-5.31,True
ET_03,other,7.2,0.13391,0.29882,1.00304,7.648,19.83,2.477,True
ET_03,other,7.21,0.26278,0.27749,1.04593,19.833,15.562,11.078,True
ET_03,other,7.22,0.31971,0.20766,1.06166,28.994,5.123,13.407,True
ET_03,other,7.23,0.30453,0.11145,1.05572,26.311,-7.375,14.379,True
ET_03,other,7.24,0.23002,0.07038,1.01969,17.6,-15.043,6.759,True
ET_03,other,7.25,0.12494,0.03286,0.99513,3.029,-20.433,1.804,True
ET_03,other,7.26,0.02799,0.03148,0.93653,-12.616,-19.414,-7.165,True
ET_03,other,7.2700000000000005,-0.06872,0.08141,0.90948,-22.803,-11.406,-12.266,True
ET_03,other,7.28,-0.14628,0.16792,0.87827,-27.383,0.115,-13.298,True
ET_03,other,7.29,-0.05124,0.25597,0.89199,-24.727,9.861,-13.37,True
ET_03,other,7.3,0.02198,0.29444,0.92743,-13.275,18.768,-8.246,True
ET_03,other,7.3100000000000005,0.09236,0.32991,0.97879,1.522,19.778,0.882,True
ET_03,other,7.32,0.24188,0.27807,1.02484,16.341,17.05,8.032,True
ET_03,other,7.33,0.27197,0.25347,1.03567,24.304,8.563,12.228,True
ET_03,other,7.34,0.27664,0.16543,1.047,28.288,-2.873,13.301,True
ET_03,other,7.3500000000000005,0.25005,0.08055,1.00926,21.236,-13.719,11.198,True
ET_03,other,7.36,0.14989,0.0238,0.98828,9.411,-18.092,4.818,True
ET_03,other,7.37,0.05175,0.02701,0.9653,-4.639,-20.055,-3.653,True
ET_03,other,7.38,-0.06725,0.05497,0.93733,-18.166,-14.297,-8.81,True
ET_03,other,7.390000000000001,-0.09507,0.09704,0.89639,-26.173,-4.654,-13.042,True
ET_03,other,7.4,-0.1148,0.19137,0.91859,-26.175,6.095,-13.292,True
ET_03,other,7.41,-0.06233,0.26543,0.91817,-17.831,14.858,-8.76,True
ET_03,other,7.42,0.05394,0.33094,0.96598,-5.153,18.65,-3.36,True
ET_03,other,7.43,0.18547,0.31126,0.97353,9.687,18.06,5.098,True
ET_03,other,7.44,0.2484,0.28598,1.0594,20.239,12.635,10.62,True
ET_03,other,7.45,0.29582,0.19842,1.00818,26.741,1.486,10.574,True
ET_03,other,7.46,0.27255,0.14362,1.0669,25.132,-8.45,11.707,True
ET_03,other,7.47,0.19306,0.06908,0.98996,14.443,-17.666,6.898,True
ET_03,other,7.48,0.11792,0.04619,0.97052,2.086,-19.777,1.01,True
ET_03,other,7.49,0.02027,0.04823,0.94306,-13.036,-15.717,-6.84,True
ET_03,other,7.5,-0.06851,0.11569,0.91076,-22.998,-8.68,-12.46,True
ET_03,other,7.51,-0.09662,0.19206,0.90736,-26.074,1.98,-13.228,True
ET_03,other,7.5200000000000005,-0.0681,0.26138,0.91608,-22.658,10.496,-12.087,True
ET_03,other,7.53,0.0053,0.27969,0.94598,-11.947,17.078,-4.759,True
ET_03,other,7.54,0.12348,0.2949,0.99507,2.352,17.912,1.401,True
ET_03,other,7.55,0.19261,0.29241,1.00937,17.392,13.075,8.855,True
ET_03,other,7.5600000000000005,0.26619,0.20999,1.03601,24.022,6.755,11.836,True
ET_03,other,7.57,0.29219,0.14141,1.041,24.966,-3.591,12.454,True
ET_03,other,7.58,0.2038,0.07519,1.03748,18.923,-13.676,8.978,True
ET_03,other,7.59,0.13728,0.05376,0.99447,6.855,-17.791,3.229,True
ET_03,other,7.6000000000000005,0.05879,0.05148,0.94349,-6.365,-18.099,-3.963,True
ET_03,other,7.61,-0.02245,0.1088,0.91451,-18.179,-13.185,-8.55,True
ET_03,other,7.62,-0.08538,0.14378,0.9025,-24.76,-4.319,-13.13,True
ET_03,other,7.63,-0.10732,0.2175,0.90235,-24.183,6.255,-11.83,True
ET_03,other,7.640000000000001,-0.0121,0.26299,0.9332,-14.047,14.715,-6.765,True
ET_03,other,7.65,0.06488,0.30535,0.9825,-2.684,18.638,-1.165,True
ET_03,other,7.66,0.19112,0.27554,1.01122,10.006,16.987,4.989,True
ET_03,other,7.67,0.26258,0.26006,1.03499,19.075,9.526,11.459,True
ET_03,other,7.68,0.28148,0.20043,1.06109,23.985,1.838,13.06,True
ET_03,other,7.69,0.25946,0.13699,1.06462,22.658,-9.852,10.798,True
ET_03,other,7.7,0.1913,0.05682,0.99579,10.552,-15.574,5.024,True
ET_03,other,7.71,0.11391,0.03689,0.9573,-0.586,-17.645,-2.724,True
ET_03,other,7.72,0.02287,0.0933,0.9475,-13.501,-14.406,-7.982,True
ET_03,other,7.73,-0.06527,0.10844,0.91517,-23.262,-7.485,-11.377,True
ET_03,other,7.74,-0.10791,0.18908,0.90799,-24.259,2.209,-11.444,True
ET_03,other,7.75,-0.01337,0.26403,0.91432,-18.906,11.986,-8.83,True
ET_03,other,7.76,0.04008,0.30303,0.91047,-9.384,16.435,-4.087,True
ET_03,other,7.7700000000000005,0.14487,0.30357,1.00324,4.417,16.387,2.262,True
ET_03,other,7.78,0.21293,0.26498,1.0215,15.459,13.683,7.408,True
ET_03,other,7.79,0.26155,0.22158,1.01768,23.589,4.891,11.337,True
ET_03,other,7.8,0.27003,0.15768,1.05206,23.287,-6.024,10.822,True
ET_03,other,7.8100000000000005,0.24512,0.08472,0.99522,14.475,-12.314,6.786,True
ET_03,other,7.82,0.13177,0.07934,0.98938,3.64,-15.404,2.652,True
ET_03,other,7.83,0.04079,0.05894,0.94716,-6.599,-16.906,-2.512,True
ET_03,other,7.84,-0.04976,0.10427,0.93398,-18.746,-10.425,-8.711,True
ET_03,other,7.8500000000000005,-0.08679,0.17216,0.91781,-23.745,-1.555,-11.98,True
ET_03,other,7.86,-0.04834,0.24163,0.91064,-21.64,8.17,-10.143,True
ET_03,other,7.87,0.01969,0.28489,0.92979,-11.753,13.433,-6.745,True
ET_03,other,7.88,0.0765,0.29826,0.99344,-1.041,17.173,-0.546,True
ET_03,other,7.890000000000001,0.14343,0.26648,1.02197,13.339,14.401,6.011,True
ET_03,other,7.9,0.25043,0.23365,1.02241,20.421,8.976,10.925,True
ET_03,other,7.91,0.27391,0.16819,1.05759,22.975,-0.671,11.0,True
ET_03,other,7.92,0.25083,0.10452,1.01571,19.085,-9.505,9.137,True
ET_03,other,7.930000000000001,0.16661,0.04541,0.98928,9.312,-15.123,3.725,True
ET_03,other,7.94,0.06365,0.08544,0.96557,-4.656,-17.247,-1.582,True
ET_03,other,7.95,-0.0015,0.10864,0.95709,-15.255,-13.107,-7.633,True
ET_03,other,7.96,-0.07853,0.12377,0.90612,-21.49,-4.975,-11.119,True
ET_03,other,7.97,-0.05987,0.18691,0.89414,-22.259,4.457,-12.405,True
ET_03,other,7.98,-0.0211,0.28008,0.93448,-15.742,11.975,-7.923,True
ET_03,other,7.99,0.07241,0.30159,0.98313,-6.66,16.732,-1.628,True
ET_03,other,8.0,0.15569,0.27418,1.02004,7.257,15.149,2.985,True
ET_03,other,8.01,0.21914,0.25626,1.01288,17.439,12.452,9.623,True
ET_03,other,8.02,0.26622,0.23167,1.04307,23.227,1.964,12.094,True
ET_03,other,8.03,0.26851,0.12205,1.04383,20.877,-4.646,8.882,True
ET_03,other,8.040000000000001,0.17966,0.07348,1.00193,14.046,-13.178,7.499,True
ET_03,other,8.05,0.13653,0.03941,0.99727,1.404,-15.871,1.448,True
ET_03,other,8.06,0.00305,0.07275,0.95769,-9.522,-14.853,-5.476,True
ET_03,other,8.07,-0.0313,0.13922,0.93303,-17.482,-8.995,-10.896,True
ET_03,other,8.08,-0.06926,0.19816,0.90258,-22.146,0.634,-9.973,True
ET_03,other,8.09,-0.04776,0.25536,0.8893,-18.759,8.256,-10.44,True
ET_03,other,8.1,0.02858,0.29292,0.95743,-10.327,15.195,-3.711,True
ET_03,other,8.11,0.10018,0.31339,0.98076,-0.31,15.548,1.214,True
ET_03,other,8.120000000000001,0.20481,0.29295,0.98434,12.049,15.56,5.561,True
ET_03,other,8.13,0.2629,0.22256,1.02025,20.76,4.938,9.2,True
ET_03,other,8.14,0.28097,0.17036,1.03253,23.219,-3.219,11.555,True
ET_03,other,8.15,0.25158,0.12348,1.02391,15.788,-9.247,7.77,True
ET_03,other,8.16,0.15161,0.07639,1.00589,8.307,-15.033,4.238,True
ET_03,other,8.17,0.07513,0.055,0.95914,-4.443,-15.718,-1.561,True
ET_03,other,8.18,0.02129,0.08043,0.93035,-16.196,-12.126,-7.724,True
ET_03,other,8.19,-0.04539,0.1681,0.90394,-21.495,-1.452,-11.394,True
ET_03,other,8.2,-0.05429,0.21424,0.92436,-21.156,4.371,-9.845,True
ET_03,other,8.21,0.00854,0.27446,0.9295,-14.279,11.704,-5.83,True
ET_03,other,8.22,0.0648,0.29211,0.97385,-4.43,16.245,-2.914,True
ET_03,other,8.23,0.1767,0.27644,0.95984,9.553,12.797,3.613,True
ET_03,other,8.24,0.21264,0.25976,1.03722,16.261,9.196,8.977,True
ET_03,other,8.25,0.27895,0.21812,1.03449,19.404,1.164,10.457,True
ET_03,other,8.26,0.23651,0.12461,1.04702,19.145,-5.796,10.133,True
ET_03,other,8.27,0.1746,0.07191,0.99298,11.932,-14.148,4.467,True
ET_03,other,8.28,0.11593,0.047,0.9731,1.349,-14.668,0.092,True
ET_03,other,8.290000000000001,0.01645,0.07585,0.94286,-10.524,-11.067,-5.426,True
ET_03,other,8.3,-0.02841,0.12755,0.96129,-19.045,-6.313,-9.306,True
ET_03,other,8.31,-0.04778,0.19518,0.92728,-21.173,1.491,-11.622,True
ET_03,other,8.32,-0.02948,0.25574,0.92197,-16.058,9.272,-7.684,True
ET_03,other,8.33,0.03863,0.28369,0.94558,-7.796,13.937,-4.883,True
ET_03,other,8.34,0.13319,0.29592,0.97946,3.012,15.064,2.413,True
ET_03,other,8.35,0.19366,0.27447,0.99834,12.499,11.178,7.276,True
ET_03,other,8.36,0.25286,0.21138,1.0155,19.778,4.347,10.881,True
ET_03,other,8.370000000000001,0.26378,0.15705,0.98895,19.204,-3.701,9.208,True
ET_03,other,8.38,0.22826,0.08394,1.00633,14.408,-10.156,7.074,True
ET_03,other,8.39,0.12707,0.05247,0.9889,4.783,-16.385,1.96,True
ET_03,other,8.4,0.06403,0.07444,0.94394,-6.598,-15.362,-3.561,True
ET_03,other,8.41,0.01515,0.11001,0.94908,-14.599,-9.258,-8.881,True
ET_03,other,8.42,-0.03565,0.15933,0.94526,-19.573,-2.841,-10.882,True
ET_03,other,8.43,-0.03064,0.24582,0.91536,-18.879,5.066,-8.84,True
ET_03,other,8.44,0.02369,0.25105,0.95768,-11.14,11.416,-6.063,True
ET_03,other,8.45,0.06853,0.28284,0.98424,-1.042,15.103,-0.812,True
ET_03,other,8.46,0.19422,0.29931,0.96959,8.444,13.461,4.567,True
ET_03,other,8.47,0.2207,0.24281,1.02685,17.016,8.109,8.818,True
ET_03,other,8.48,0.24867,0.17739,1.01881,19.778,1.117,10.178,True
ET_03,other,8.49,0.26471,0.11785,1.00701,18.042,-8.927,9.285,True
ET_03,other,8.5,0.17636,0.08513,0.98948,9.456,-12.33,4.955,True
ET_03,other,8.51,0.11383,0.08954,0.96937,-0.521,-14.701,-0.694,True
ET_03,other,8.52,0.02477,0.09364,0.94548,-12.751,-11.888,-6.863,True
ET_03,other,8.53,-0.02184,0.14659,0.92137,-17.271,-5.081,-8.181,True
ET_03,other,8.540000000000001,-0.05573,0.20471,0.89944,-18.04,2.051,-10.727,True
ET_03,other,8.55,0.02093,0.24284,0.91614,-15.635,8.213,-5.693,True
ET_03,other,8.56,0.05921,0.29077,0.9528,-5.047,14.333,-1.274,True
ET_03,other,8.57,0.12577,0.26806,0.99166,5.722,14.438,2.305,True
ET_03,other,8.58,0.22684,0.23054,1.01675,15.204,10.883,6.78,True
ET_03,other,8.59,0.2677,0.20167,1.02494,19.462,2.996,10.477,True
ET_03,other,8.6,0.23278,0.13454,1.01119,18.011,-5.09,8.767,True
ET_03,other,8.61,0.21563,0.08456,1.00977,12.693,-10.084,5.351,True
ET_03,other,8.620000000000001,0.14308,0.07256,0.95819,1.754,-15.594,1.774,True
ET_03,other,8.63,0.05741,0.07977,0.93526,-7.302,-13.142,-3.846,True
ET_03,other,8.64,0.02094,0.11618,0.93309,-16.478,-8.501,-6.103,True
ET_03,other,8.65,-0.07481,0.17937,0.96559,-20.534,-2.098,-8.584,True
ET_03,other,8.66,-0.00057,0.23408,0.91415,-18.841,6.246,-8.124,True
ET_03,other,8.67,0.02755,0.28289,0.95556,-10.232,10.857,-5.898,True
ET_03,other,8.68,0.12743,0.28286,0.95978,0.905,16.232,-0.781,True
ET_03,other,8.69,0.17658,0.28877,1.00542,10.396,12.075,5.489,True
ET_03,other,8.700000000000001,0.2293,0.259,1.02453,17.095,7.797,9.073,True
ET_03,other,8.71,0.28023,0.15173,1.0332,20.408,-2.256,9.042,True
ET_03,other,8.72,0.19916,0.11221,1.00677,15.405,-10.227,8.198,True
ET_03,other,8.73,0.14483,0.10211,0.97121,7.314,-13.898,4.021,True
ET_03,other,8.74,0.07506,0.08673,0.9356,-2.668,-13.886,-1.545,True
ET_03,other,8.75,0.01657,0.09247,0.92861,-14.041,-10.143,-7.059,True
ET_03,other,8.76,-0.02386,0.15061,0.91175,-17.98,-3.256,-9.962,True
ET_03,other,8.77,-0.02164,0.20584,0.92275,-20.522,4.094,-10.635,True
ET_03,other,8.78,0.00911,0.27654,0.92836,-14.686,11.568,-6.448,True
ET_03,other,8.790000000000001,0.04524,0.28441,0.94408,-4.028,14.349,-2.102,True
ET_03,other,8.8,0.14147,0.28942,0.99623,6.475,12.564,3.284,True
ET_03,other,8.81,0.23074,0.26595,1.00012,14.456,8.852,7.637,True
ET_03,other,8.82,0.2748,0.20955,1.0152,20.059,3.67,9.815,True
ET_03,other,8.83,0.23545,0.14631,0.99764,17.852,-6.587,10.161,True
ET_03,other,8.84,0.20638,0.06878,0.97911,11.852,-11.994,6.291,True
ET_03,other,8.85,0.11144,0.06395,0.95553,1.532,-15.49,-0.338,True
ET_03,other,8.86,0.03302,0.08513,0.94088,-7.937,-12.652,-3.474,True
ET_03,other,8.870000000000001,-0.04249,0.11602,0.92514,-17.8,-7.738,-9.508,True
ET_03,other,8.88,-0.0244,0.18275,0.884,-20.638,0.023,-11.989,True
ET_03,other,8.89,-0.00888,0.2618,0.90801,-17.227,8.187,-6.906,True
ET_03,other,8.9,0.04768,0.29819,0.94513,-10.436,12.989,-3.421,True
ET_03,other,8.91,0.12892,0.27937,0.96746,2.632,14.919,-0.4,True
ET_03,other,8.92,0.20558,0.24027,1.00129,10.859,11.199,4.953,True
ET_03,other,8.93,0.24573,0.21258,1.00703,17.47,4.959,10.154,True
ET_03,other,8.94,0.28375,0.18438,1.01329,20.1,-3.697,10.829,True
ET_03,other,8.950000000000001,0.24582,0.1143,1.02353,13.812,-9.292,7.625,True
ET_03,other,8.96,0.19749,0.06313,0.9574,5.645,-13.34,2.601,True
ET_03,other,8.97,0.09301,0.0866,0.93904,-6.583,-15.51,-1.843,True
ET_03,other,8.98,0.00611,0.1074,0.94206,-13.371,-9.353,-6.199,True
ET_03,other,8.99,-0.01532,0.14861,0.93055,-19.537,-3.662,-9.565,True
ET_03,other,9.0,-0.0402,0.19368,0.91669,-18.444,5.1,-10.366,True
ET_03,other,9.01,0.00298,0.27643,0.92976,-13.242,9.948,-8.834,True
ET_03,other,9.02,0.08069,0.27616,0.958,-2.118,14.049,-1.897,True
ET_03,other,9.03,0.19264,0.2931,0.99475,6.965,13.39,3.169,True
ET_03,other,9.040000000000001,0.25961,0.24271,1.01286,16.465,8.623,7.965,True
ET_03,other,9.05,0.28119,0.22212,1.01944,20.239,1.185,10.024,True
ET_03,other,9.06,0.25715,0.14217,1.02707,18.44,-6.095,8.975,True
ET_03,other,9.07,0.18351,0.10754,1.01408,10.039,-13.019,3.03,True
ET_03,other,9.08,0.12205,0.05845,0.95635,-1.117,-15.087,1.086,True
ET_03,other,9.09,0.05755,0.10517,0.94482,-11.262,-11.594,-5.326,True
ET_03,other,9.1,-0.00756,0.14731,0.8889,-18.834,-6.038,-9.161,True
ET_03,other,9.11,-0.05076,0.2098,0.92052,-20.736,0.91,-9.26,True
ET_03,other,9.120000000000001,0.00452,0.26498,0.93624,-17.911,11.586,-9.033,True
ET_03,other,9.13,0.06638,0.29745,0.93209,-6.971,14.175,-4.709,True
ET_03,other,9.14,0.1579,0.29813,0.97953,4.891,15.905,2.202,True
ET_03,other,9.15,0.24177,0.30466,1.00775,13.158,9.45,7.559,True
ET_03,other,9.16,0.27743,0.19362,0.99683,19.737,4.011,8.861,True
ET_03,other,9.17,0.2884,0.16584,1.01862,19.161,-3.58,9.309,True
ET_03,other,9.18,0.22233,0.09544,0.9857,13.395,-10.039,8.277,True
ET_03,other,9.19,0.16506,0.04818,0.97935,3.632,-14.807,2.748,True
ET_03,other,9.200000000000001,0.05595,0.09062,0.91198,-7.957,-14.583,-1.855,True
ET_03,other,9.21,0.01293,0.13017,0.94609,-15.44,-9.259,-8.448,True
ET_03,other,9.22,-0.01179,0.18627,0.90079,-20.492,-1.081,-9.769,True
ET_03,other,9.23,-0.02111,0.24521,0.89561,-19.815,5.551,-10.198,True
ET_03,other,9.24,0.01461,0.28196,0.90898,-10.949,14.261,-5.341,True
ET_03,other,9.25,0.12338,0.31298,0.96744,-1.238,15.106,-0.897,True
ET_03,other,9.26,0.21631,0.30576,0.98265,10.544,12.628,5.978,True
ET_03,other,9.27,0.25193,0.24505,1.00092,16.483,8.361,9.987,True
ET_03,other,9.28,0.28313,0.18418,1.00097,20.481,-0.325,10.951,True
ET_03,other,9.290000000000001,0.2679,0.11261,1.00274,16.829,-8.37,9.173,True
ET_03,other,9.3,0.18155,0.07908,0.9883,9.472,-13.48,4.603,True
ET_03,other,9.31,0.08903,0.06076,0.95185,-2.482,-15.345,-1.333,True
ET_03,other,9.32,0.05208,0.1369,0.93274,-14.286,-14.234,-6.662,True
ET_03,other,9.33,-0.02911,0.1694,0.90032,-18.983,-6.329,-10.806,True
ET_03,other,9.34,-0.00932,0.18463,0.89795,-21.008,4.075,-11.505,True
ET_03,other,9.35,0.0229,0.27349,0.90045,-16.0,12.362,-8.384,True
ET_03,other,9.36,0.07909,0.3061,0.96607,-6.055,14.685,-2.111,True
ET_03,other,9.370000000000001,0.17655,0.3206,0.9853,5.536,14.925,3.177,True
ET_03,other,9.38,0.25298,0.27385,0.9956,15.801,10.778,8.647,True
ET_03,other,9.39,0.31457,0.21402,1.00962,19.502,2.3,8.672,True
ET_03,other,9.4,0.27397,0.15794,1.01379,20.853,-5.521,9.993,True
ET_03,other,9.41,0.24918,0.1319,1.00211,14.019,-13.615,6.418,True
ET_03,other,9.42,0.1487,0.06911,1.0012,3.397,-14.902,0.734,True
ET_03,other,9.43,0.09221,0.07087,0.93424,-10.579,-13.588,-4.834,True
ET_03,other,9.44,0.00704,0.15407,0.89219,-18.689,-8.514,-9.086,True
ET_03,other,9.450000000000001,-0.03715,0.18166,0.8796,-21.785,-0.225,-11.692,True
ET_03,other,9.46,-0.01943,0.24895,0.88601,-18.327,8.128,-9.857,True
ET_03,other,9.47,0.05848,0.31053,0.92632,-10.995,13.887,-4.796,True
ET_03,other,9.48,0.1232,0.32264,0.93757,-1.482,16.97,1.572,True
ET_03,other,9.49,0.24097,0.30325,0.99433,12.936,13.234,7.702,True
ET_03,other,9.5,0.31594,0.26317,1.00158,20.57,6.515,9.509,True
ET_03,other,9.51,0.33076,0.17866,1.02219,23.998,-1.791,10.5,True
ET_03,other,9.52,0.28139,0.14226,1.04069,18.792,-12.262,10.187,True
ET_03,other,9.53,0.17133,0.07615,1.0051,8.264,-16.627,3.506,True
ET_03,other,9.540000000000001,0.07545,0.04796,0.94854,-3.319,-17.988,-1.185,True
ET_03,other,9.55,0.03914,0.1136,0.92386,-15.081,-12.348,-7.246,True
ET_03,other,9.56,-0.02718,0.18612,0.88374,-21.559,-3.404,-11.437,True
ET_03,other,9.57,-0.0297,0.21315,0.88037,-22.995,3.679,-11.932,True
ET_03,other,9.58,4e-05,0.29414,0.90931,-13.81,12.012,-8.434,True
ET_03,other,9.59,0.13446,0.33002,0.93996,-4.365,16.64,-2.565,True
ET_03,other,9.6,0.18336,0.29194,0.9499,8.507,14.69,4.765,True
ET_03,other,9.61,0.25147,0.27788,1.00996,18.892,10.777,9.861,True
ET_03,other,9.620000000000001,0.28264,0.21384,1.00977,23.834,2.325,12.583,True
ET_03,other,9.63,0.26923,0.1278,0.99391,21.828,-8.058,10.2,True
ET_03,other,9.64,0.21592,0.09328,0.97669,13.732,-12.908,7.698,True
ET_03,other,9.65,0.13169,0.06775,0.93482,2.319,-19.741,1.426,True
ET_03,other,9.66,0.06111,0.10346,0.92963,-12.276,-14.998,-5.523,True
ET_03,other,9.67,0.01262,0.12665,0.89381,-20.172,-9.208,-10.462,True
ET_03,other,9.68,-0.04047,0.22799,0.88045,-23.64,1.493,-10.538,True
ET_03,other,9.69,-0.00063,0.27617,0.91166,-20.746,10.483,-9.416,True
ET_03,other,9.700000000000001,0.03408,0.31541,0.94525,-9.761,17.127,-4.175,True
ET_03,other,9.71,0.18341,0.33079,0.98247,2.989,17.718,1.682,True
ET_03,other,9.72,0.26724,0.30305,1.00594,13.195,13.279,6.707,True
ET_03,other,9.73,0.29898,0.21326,1.03278,23.362,7.191,12.086,True
ET_03,other,9.74,0.31056,0.16696,1.00123,23.832,-4.157,12.117,True
ET_03,other,9.75,0.27457,0.11344,1.00145,17.228,-13.426,9.298,True
ET_03,other,9.76,0.19473,0.06315,0.95035,5.59,-16.298,4.265,True
ET_03,other,9.77,0.10588,0.08891,0.92474,-6.68,-17.923,-3.166,True
ET_03,other,9.78,0.00563,0.11752,0.9026,-18.275,-11.129,-8.005,True
ET_03,other,9.790000000000001,-0.02696,0.166,0.88428,-22.632,-3.038,-12.902,True
ET_03,other,9.8,-0.03344,0.25348,0.89328,-23.265,6.12,-11.69,True
ET_03,other,9.81,0.02712,0.30033,0.90671,-15.565,13.353,-8.658,True
ET_03,other,9.82,0.1147,0.33155,0.93593,-3.308,18.515,-1.067,True
ET_03,other,9.83,0.22643,0.30974,0.96958,10.63,16.631,5.701,True
ET_03,other,9.84,0.30719,0.26868,1.01097,20.065,9.717,10.207,True
ET_03,other,9.85,0.34567,0.2032,1.0232,24.502,-0.562,14.291,True
ET_03,other,9.86,0.2928,0.15031,1.01318,23.081,-8.612,11.543,True
ET_03,other,9.870000000000001,0.23226,0.0725,0.98338,12.394,-14.965,4.691,True
ET_03,other,9.88,0.14557,0.05329,0.95393,-0.935,-18.852,-0.494,True
ET_03,other,9.89,0.04084,0.10067,0.90532,-16.041,-15.136,-5.256,True
ET_03,other,9.9,0.0033,0.14148,0.89295,-23.929,-7.956,-11.193,True
ET_03,other,9.91,-0.06655,0.19613,0.86584,-23.746,2.046,-12.925,True
ET_03,other,9.92,-0.00582,0.26025,0.87031,-20.035,12.2,-9.676,True
ET_03,other,9.93,0.08968,0.29863,0.91232,-7.676,17.415,-2.909,True
ET_03,other,9.94,0.20113,0.33293,0.98922,5.906,19.762,2.837,True
ET_03,other,9.950000000000001,0.27162,0.29286,1.01147,17.615,14.281,9.073,True
ET_03,other,9.96,0.3155,0.21413,1.00211,26.265,3.429,13.966,True
ET_03,other,9.97,0.31876,0.14932,1.00769,24.744,-6.165,12.687,True
ET_03,other,9.98,0.26634,0.09591,0.99822,16.388,-15.305,7.529,True
ET_03,other,9.99,0.21092,0.04138,0.97706,5.22,-18.335,2.244,True
ET_03,other,10.0,0.08345,0.07357,0.94412,-9.858,-19.109,-4.507,True
ET_03,other,10.01,-0.00236,0.09872,0.89737,-22.874,-11.549,-11.42,True
ET_03,other,10.02,-0.05773,0.17365,0.87359,-26.025,-2.097,-13.954,True
ET_03,other,10.03,-0.04375,0.26523,0.89207,-23.525,9.643,-10.924,True
ET_03,other,10.040000000000001,0.05079,0.32928,0.91977,-15.019,16.219,-8.579,True
ET_03,other,10.05,0.13792,0.34191,0.92272,-0.477,19.247,-0.841,True
ET_03,other,10.06,0.23236,0.3098,0.99693,14.736,16.889,6.589,True
ET_03,other,10.07,0.33759,0.26677,1.02458,24.107,11.324,13.139,True
ET_03,other,10.08,0.36132,0.18546,1.0211,26.867,-2.532,13.649,True
ET_03,other,10.09,0.34599,0.12927,1.03354,21.546,-12.583,10.623,True
ET_03,other,10.1,0.21114,0.07956,0.95981,10.889,-18.01,5.144,True
ET_03,other,10.11,0.12474,0.07599,0.9336,-2.87,-19.83,-2.822,True
ET_03,other,10.120000000000001,0.00605,0.11836,0.89903,-17.672,-15.659,-9.405,True
ET_03,other,10.13,-0.02429,0.13799,0.88535,-25.691,-6.869,-13.589,True
ET_03,other,10.14,-0.03306,0.2316,0.85509,-27.942,5.314,-14.766,True
ET_03,other,10.15,0.00489,0.30701,0.86561,-19.18,14.804,-9.4,True
ET_03,other,10.16,0.1026,0.34384,0.93187,-8.08,20.496,-4.467,True
ET_03,other,10.17,0.2433,0.36013,0.97744,8.577,19.323,3.823,True
ET_03,other,10.18,0.28658,0.28229,1.00218,21.81,14.244,10.319,True
ET_03,other,10.19,0.33862,0.23496,1.04406,26.761,4.081,15.243,True
ET_03,other,10.200000000000001,0.32817,0.13155,0.98438,25.612,-8.507,12.838,True
ET_03,other,10.21,0.27625,0.08818,0.99765,16.023,-15.481,9.327,True
ET_03,other,10.22,0.18616,0.0562,0.94507,3.33,-19.911,1.909,True
ET_03,other,10.23,0.06837,0.06501,0.93636,-13.107,-17.762,-6.861,True
ET_03,other,10.24,-0.02936,0.11083,0.84857,-24.173,-10.428,-11.954,True
ET_03,other,10.25,-0.03489,0.21399,0.85461,-26.885,-0.215,-14.394,True
ET_03,other,10.26,-0.01268,0.30743,0.88069,-23.366,9.372,-12.116,True
ET_03,other,10.27,0.07684,0.3155,0.93669,-13.091,17.528,-7.126,True
ET_03,other,10.28,0.14856,0.30832,0.94066,2.778,20.179,0.923,True
ET_03,other,10.290000000000001,0.27816,0.32789,0.988,15.49,18.174,9.328,True
ET_03,other,10.3,0.36497,0.24264,1.00969,26.953,7.898,11.634,True
ET_03,other,10.31,0.3642,0.1806,1.01866,29.063,-4.242,13.996,True
ET_03,other,10.32,0.31183,0.10875,1.01401,22.495,-13.049,11.005,True
ET_03,other,10.33,0.21866,0.02441,0.96434,9.382,-20.541,6.649,True
ET_03,other,10.34,0.11387,0.04272,0.92581,-6.069,-21.704,-3.393,True
ET_03,other,10.35,0.00751,0.08699,0.89729,-21.942,-14.79,-11.453,True
ET_03,other,10.36,-0.05018,0.18191,0.85784,-28.82,-3.153,-13.819,True
ET_03,other,10.370000000000001,-0.05733,0.24267,0.8647,-28.373,7.417,-12.909,True
ET_03,other,10.38,0.02182,0.32572,0.88789,-19.836,17.155,-9.598,True
ET_03,other,10.39,0.15418,0.35042,0.94099,-5.448,20.872,-3.217,True
ET_03,other,10.4,0.2657,0.33899,0.95893,11.642,20.422,5.961,True
ET_03,other,10.41,0.34956,0.31165,0.99232,23.913,13.022,11.892,True
ET_03,other,10.42,0.37852,0.21483,0.99334,28.697,1.464,14.355,True
ET_03,other,10.43,0.37153,0.14695,1.00494,27.344,-9.92,12.599,True
ET_03,other,10.44,0.28351,0.08201,0.95494,15.984,-18.717,7.925,True
ET_03,other,10.450000000000001,0.17068,0.06598,0.949,-0.713,-22.22,0.439,True
ET_03,other,10.46,0.0368,0.05374,0.89084,-17.311,-19.707,-9.149,True
ET_03,other,10.47,-0.02169,0.1393,0.88191,-27.801,-10.221,-13.534,True
ET_03,other,10.48,-0.05851,0.2014,0.87799,-30.567,2.736,-13.816,True
ET_03,other,10.49,0.00378,0.29992,0.87939,-23.458,12.798,-11.622,True
ET_03,other,10.5,0.08139,0.34102,0.88754,-13.115,20.167,-6.106,True
ET_03,other,10.51,0.20164,0.3691,0.95481,4.019,23.576,2.342,True
ET_03,other,10.52,0.28763,0.31224,1.00194,19.646,18.134,10.83,True
ET_03,other,10.53,0.38741,0.25962,1.01195,28.254,7.603,13.804,True
ET_03,other,10.540000000000001,0.38188,0.18993,1.00448,28.265,-7.108,14.486,True
ET_03,other,10.55,0.32259,0.08416,0.98632,21.679,-14.224,10.807,True
ET_03,other,10.56,0.2225,0.04171,0.95989,8.589,-20.392,3.309,True
ET_03,other,10.57,0.0979,0.04353,0.90974,-8.845,-21.713,-3.959,True
ET_03,other,10.58,0.00484,0.07622,0.88687,-23.26,-15.252,-11.434,True
ET_03,other,10.59,-0.05006,0.22763,0.85441,-29.847,-2.762,-14.585,True
ET_03,other,10.6,-0.02634,0.2697,0.8713,-30.066,9.015,-13.13,True
ET_03,other,10.61,0.02904,0.32383,0.9086,-17.839,18.229,-10.267,True
ET_03,other,10.620000000000001,0.12355,0.37079,0.92558,-1.713,22.151,-1.282,True
ET_03,other,10.63,0.25616,0.36074,0.99779,13.67,21.454,7.058,True
ET_03,other,10.64,0.37589,0.29129,1.0048,27.127,10.162,13.954,True
ET_03,other,10.65,0.41454,0.21211,1.02429,32.116,-1.269,17.291,True
ET_03,other,10.66,0.34872,0.10486,1.04518,26.309,-11.89,13.076,True
ET_03,other,10.67,0.25762,0.05202,0.97383,13.807,-19.808,5.897,True
ET_03,other,10.68,0.15432,0.03414,0.91554,-1.846,-22.809,-1.217,True
ET_03,other,10.69,0.0249,0.10035,0.91097,-17.644,-19.158,-9.997,True
ET_03,other,10.700000000000001,-0.03987,0.14779,0.84874,-29.446,-8.522,-14.405,True
ET_03,other,10.71,-0.04988,0.23808,0.85676,-30.295,4.888,-15.945,True
ET_03,other,10.72,-0.01022,0.31505,0.87279,-23.378,15.607,-11.294,True
ET_03,other,10.73,0.07512,0.3527,0.91913,-8.775,22.119,-5.421,True
ET_03,other,10.74,0.21066,0.40537,0.96533,6.278,23.936,6.102,True
ET_03,other,10.75,0.34605,0.34441,1.01455,22.075,16.259,11.471,True
ET_03,other,10.76,0.39858,0.25789,1.02848,29.828,6.033,15.387,True
ET_03,other,10.77,0.39588,0.16055,1.01437,29.996,-7.293,15.564,True
ET_03,other,10.78,0.33007,0.06714,1.01541,20.839,-18.465,9.47,True
ET_03,other,10.790000000000001,0.18792,0.0701,0.95186,5.087,-23.292,2.98,True
ET_03,other,10.8,0.0912,0.07299,0.91442,-11.397,-23.046,-6.517,True
ET_03,other,10.81,-0.00828,0.11436,0.84399,-25.937,-13.317,-13.469,True
ET_03,other,10.82,-0.0359,0.17018,0.85108,-32.262,-2.361,-15.582,True
ET_03,other,10.83,-0.03593,0.27507,0.87676,-26.96,11.158,-14.018,True
ET_03,other,10.84,0.03217,0.36901,0.88411,-16.484,20.707,-7.18,True
ET_03,other,10.85,0.16276,0.37238,0.94098,1.27,22.723,-0.062,True
ET_03,other,10.86,0.2963,0.35092,1.00571,17.805,19.165,9.095,True
ET_03,other,10.870000000000001,0.38838,0.28292,1.0098,29.307,10.039,15.047,True
ET_03,other,10.88,0.41003,0.19917,1.07215,32.364,-2.677,16.794,True
ET_03,other,10.89,0.36622,0.11365,0.99793,25.397,-14.741,12.157,True
ET_03,other,10.9,0.26118,0.06752,0.97466,10.975,-22.719,5.52,True
ET_03,other,10.91,0.1209,0.02588,0.92975,-4.997,-23.618,-3.529,True
ET_03,other,10.92,0.0172,0.09541,0.89027,-20.789,-18.534,-11.072,True
ET_03,other,10.93,-0.05231,0.17083,0.86657,-30.021,-7.199,-14.823,True
ET_03,other,10.94,-0.05722,0.24168,0.83035,-30.925,5.47,-14.818,True
ET_03,other,10.950000000000001,0.01648,0.35972,0.87371,-22.718,15.987,-11.221,True
ET_03,other,10.96,0.13377,0.38969,0.92053,-7.647,23.772,-3.997,True
ET_03,other,10.97,0.25098,0.40157,0.96572,9.619,23.5,5.278,True
ET_03,other,10.98,0.35994,0.3135,0.98494,26.52,17.471,12.585,True
ET_03,other,10.99,0.4391,0.23424,1.03262,31.419,3.945,15.79,True
ET_03,other,11.0,0.39177,0.11277,1.03724,30.693,-9.795,15.457,True
ET_03,other,11.01,0.32771,0.05521,0.96606,18.939,-19.879,8.798,True
ET_03,other,11.02,0.19243,0.05414,0.94361,2.275,-23.552,0.494,True
ET_03,other,11.03,0.07363,0.04635,0.87177,-16.131,-21.395,-8.792,True
ET_03,other,11.040000000000001,-0.03489,0.13703,0.85525,-28.049,-12.198,-13.006,True
ET_03,other,11.05,-0.05734,0.20303,0.85458,-35.027,-0.139,-16.743,True
ET_03,other,11.06,-0.00991,0.29262,0.86937,-27.653,13.655,-13.411,True
ET_03,other,11.07,0.09565,0.3632,0.88743,-15.71,22.292,-7.55,True
ET_03,other,11.08,0.18338,0.37854,0.94585,2.821,24.488,2.063,True
ET_03,other,11.09,0.32649,0.31348,0.98132,21.089,18.145,9.752,True
ET_03,other,11.1,0.41239,0.28579,1.04466,31.272,8.271,16.529,True
ET_03,other,11.11,0.39698,0.19707,1.00193,32.435,-4.236,16.57,True
ET_03,other,11.120000000000001,0.35975,0.08316,1.01479,24.394,-16.147,13.668,True
ET_03,other,11.13,0.24891,0.06614,0.96176,9.786,-23.227,4.493,True
ET_03,other,11.14,0.11108,0.04671,0.8912,-8.573,-22.83,-5.288,True
ET_03,other,11.15,0.00347,0.09592,0.86816,-25.039,-16.73,-11.923,True
ET_03,other,11.16,-0.05894,0.18195,0.83892,-32.986,-4.083,-15.661,True
ET_03,other,11.17,-0.01475,0.30849,0.83281,-31.2,8.136,-15.617,True
ET_03,other,11.18,0.03936,0.36098,0.89695,-19.944,17.369,-10.695,True
ET_03,other,11.19,0.15667,0.41384,0.93032,-4.828,24.596,-1.447,True
ET_03,other,11.200000000000001,0.30121,0.3962,0.9724,13.047,20.675,6.176,True
ET_03,other,11.21,0.36728,0.33091,1.02501,26.826,13.108,14.661,True
ET_03,other,11.22,0.41459,0.23035,1.02937,32.702,0.936,16.216,True
ET_03,other,11.23,0.41733,0.14704,1.01421,28.039,-11.684,15.765,True
ET_03,other,11.24,0.30827,0.06674,0.97341,15.701,-21.148,8.412,True
ET_03,other,11.25,0.1521,0.03019,0.89671,-0.575,-23.918,-0.22,True
ET_03,other,11.26,0.05562,0.07768,0.8956,-18.066,-21.4,-8.187,True
ET_03,other,11.27,-0.0504,0.13628,0.84589,-30.048,-9.843,-14.211,True
ET_03,other,11.28,-0.05055,0.24356,0.83159,-32.947,2.585,-16.199,True
ET_03,other,11.290000000000001,0.01444,0.35077,0.86398,-25.274,14.998,-13.371,True
ET_03,other,11.3,0.09079,0.35369,0.86837,-10.194,22.258,-5.098,True
ET_03,other,11.31,0.23578,0.40236,0.9401,4.166,23.056,2.764,True
ET_03,other,11.32,0.3473,0.32148,1.01622,22.71,17.793,11.784,True
ET_03,other,11.33,0.45107,0.26535,1.02214,32.614,6.447,16.733,True
ET_03,other,11.34,0.43188,0.1611,1.03211,29.647,-5.541,15.349,True
ET_03,other,11.35,0.34116,0.0828,1.00112,22.908,-18.725,10.59,True
ET_03,other,11.36,0.23985,0.08011,0.95806,6.089,-23.756,4.308,True
ET_03,other,11.370000000000001,0.11072,0.05427,0.89849,-11.205,-21.569,-6.309,True
ET_03,other,11.38,-0.03285,0.10702,0.88483,-25.672,-15.004,-12.617,True
ET_03,other,11.39,-0.05607,0.20899,0.83813,-33.008,-2.993,-15.692,True
ET_03,other,11.4,-0.05744,0.30024,0.86607,-30.346,8.603,-14.143,True
ET_03,other,11.41,0.04236,0.36595,0.8713,-19.584,19.278,-8.673,True
ET_03,other,11.42,0.20095,0.37084,0.91522,-1.466,24.172,-1.148,True
ET_03,other,11.43,0.28341,0.36495,0.96262,15.71,20.198,7.837,True
ET_03,other,11.44,0.39762,0.32499,1.01771,29.062,11.331,13.422,True
ET_03,other,11.450000000000001,0.43617,0.20296,1.0065,34.263,-0.167,16.061,True
ET_03,other,11.46,0.38315,0.10999,0.98094,25.93,-11.816,12.6,True
ET_03,other,11.47,0.30604,0.07326,0.96665,14.614,-21.991,7.376,True
ET_03,other,11.48,0.15367,0.04841,0.9344,-4.748,-23.879,-1.785,True
ET_03,other,11.49,0.03169,0.1011,0.91078,-20.28,-19.266,-9.957,True
ET_03,other,11.5,-0.03856,0.18299,0.84702,-31.459,-8.068,-15.351,True
ET_03,other,11.51,-0.04754,0.2531,0.81937,-32.776,4.648,-16.721,True
ET_03,other,11.52,-0.02423,0.37673,0.85088,-23.598,15.596,-13.172,True
ET_03,other,11.53,0.11061,0.3961,0.92431,-9.102,22.232,-4.428,True
ET_03,other,11.540000000000001,0.2292,0.38836,0.97612,9.217,24.121,4.557,True
ET_03,other,11.55,0.34471,0.35244,1.00052,23.449,15.215,12.107,True
ET_03,other,11.56,0.40495,0.22945,1.02257,30.817,5.171,15.245,True
ET_03,other,11.57,0.41761,0.14725,1.00617,30.548,-9.12,14.115,True
ET_03,other,11.58,0.32716,0.10553,0.98755,19.778,-18.796,10.409,True
ET_03,other,11.59,0.21373,0.06085,0.94038,3.223,-23.356,1.929,True
ET_03,other,11.6,0.07707,0.04275,0.87966,-14.111,-21.319,-7.143,True
ET_03,other,11.61,-0.01816,0.13644,0.83746,-26.265,-12.581,-13.969,True
ET_03,other,11.620000000000001,-0.04346,0.2437,0.85279,-32.586,-0.33,-16.758,True
ET_03,other,11.63,-0.01386,0.33929,0.83927,-28.548,11.52,-14.594,True
ET_03,other,11.64,0.08956,0.35895,0.87896,-16.209,19.708,-8.739,True
ET_03,other,11.65,0.22034,0.40901,0.91813,1.962,24.003,1.028,True
ET_03,other,11.66,0.3387,0.34052,0.97769,17.906,19.711,8.674,True
ET_03,other,11.67,0.39441,0.28572,1.01197,28.988,11.689,14.632,True
ET_03,other,11.68,0.41618,0.18782,1.01844,32.215,-2.446,16.087,True
ET_03,other,11.69,0.36478,0.1028,0.97798,24.924,-13.684,11.95,True
ET_03,other,11.700000000000001,0.2513,0.0672,0.99211,11.59,-21.533,5.817,True
ET_03,other,11.71,0.14727,0.07485,0.93323,-6.29,-23.04,-1.397,True
ET_03,other,11.72,0.03866,0.09548,0.88582,-21.864,-15.697,-10.736,True
ET_03,other,11.73,-0.04375,0.18999,0.84097,-30.748,-8.191,-16.205,True
ET_03,other,11.74,-0.00783,0.28562,0.83488,-31.545,8.282,-15.517,True
ET_03,other,11.75,0.04376,0.33104,0.87521,-19.232,16.525,-9.844,True
ET_03,other,11.76,0.15004,0.38897,0.92234,-5.655,21.504,-4.586,True
ET_03,other,11.77,0.25641,0.3789,0.97303,11.971,21.94,7.188,True
ET_03,other,11.78,0.39642,0.33418,0.99929,25.29,15.752,11.655,True
ET_03,other,11.790000000000001,0.42069,0.26362,0.99616,32.56,2.683,16.5,True
ET_03,other,11.8,0.42953,0.1367,1.00315,27.616,-11.696,14.945,True
ET_03,other,11.81,0.33576,0.09889,0.96305,15.706,-19.275,8.993,True
ET_03,other,11.82,0.21645,0.05448,0.90511,0.759,-22.85,-0.645,True
ET_03,other,11.83,0.08064,0.08283,0.9133,-16.166,-20.061,-7.701,True
ET_03,other,11.84,-0.03328,0.14909,0.87494,-27.368,-10.529,-14.233,True
ET_03,other,11.85,-0.05791,0.21625,0.83852,-32.418,0.649,-15.291,True
ET_03,other,11.86,0.01208,0.29166,0.87664,-25.214,11.47,-13.033,True
ET_03,other,11.870000000000001,0.09709,0.37436,0.87559,-11.758,21.88,-4.955,True
ET_03,other,11.88,0.22514,0.40261,0.94154,4.726,21.754,2.446,True
ET_03,other,11.89,0.37152,0.35164,0.98297,20.522,17.759,10.319,True
ET_03,other,11.9,0.41854,0.27306,1.03673,29.11,8.042,15.282,True
ET_03,other,11.91,0.39514,0.1939,1.04821,30.046,-4.605,15.198,True
ET_03,other,11.92,0.34941,0.09909,0.9848,24.155,-16.464,10.772,True
ET_03,other,11.93,0.24703,0.06798,0.93185,7.977,-19.596,4.246,True
ET_03,other,11.94,0.11598,0.06798,0.91401,-9.974,-22.542,-2.869,True
ET_03,other,11.950000000000001,0.03973,0.12982,0.86299,-22.73,-15.086,-10.274,True
ET_03,other,11.96,-0.02601,0.194,0.85925,-30.08,-4.76,-15.455,True
ET_03,other,11.97,0.00554,0.2946,0.86805,-27.743,8.261,-14.594,True
ET_03,other,11.98,0.08479,0.34471,0.88938,-18.138,16.727,-9.202,True
ET_03,other,11.99,0.16729,0.40664,0.93114,-3.864,22.119,-1.531,True
ET_03,other,12.0,0.31154,0.38859,0.9569,15.236,19.27,6.138,True
ET_03,other,12.01,0.39915,0.33091,0.98217,25.777,11.672,13.351,True
ET_03,other,12.02,0.41922,0.23213,1.0187,29.703,-0.593,13.834,True
ET_03,other,12.030000000000001,0.40581,0.1535,0.98442,26.99,-10.541,13.664,True
ET_03,other,12.040000000000001,0.29162,0.06347,0.97025,12.885,-19.996,7.67,True
ET_03,other,12.05,0.15589,0.04741,0.89882,-2.706,-21.051,-0.84,True
ET_03,other,12.06,0.07499,0.09374,0.85547,-15.929,-17.96,-8.813,True
ET_03,other,12.07,-0.01976,0.14776,0.85489,-28.571,-8.477,-13.74,True
ET_03,other,12.08,0.00391,0.23875,0.84814,-29.322,3.015,-14.821,True
ET_03,other,12.09,0.01591,0.32674,0.88505,-23.675,12.457,-11.878,True
ET_03,other,12.1,0.14454,0.37155,0.89928,-8.422,21.315,-4.609,True
ET_03,other,12.11,0.25795,0.38541,0.95358,6.996,21.29,2.709,True
ET_03,other,12.120000000000001,0.36482,0.31073,0.95966,20.122,14.446,10.885,True
ET_03,other,12.13,0.40499,0.2653,0.97695,28.46,5.756,14.937,True
ET_03,other,12.14,0.413,0.17501,0.96656,27.264,-6.176,13.443,True
ET_03,other,12.15,0.33175,0.10525,0.92858,18.279,-16.033,9.786,True
ET_03,other,12.16,0.2325,0.07354,0.96482,5.802,-21.447,3.352,True
ET_03,other,12.17,0.13673,0.09155,0.89907,-10.43,-19.641,-4.569,True
ET_03,other,12.18,0.02677,0.13996,0.88987,-23.673,-12.562,-12.129,True
ET_03,other,12.19,-0.03861,0.19768,0.8368,-29.25,-2.106,-14.827,True
ET_03,other,12.200000000000001,0.03063,0.29619,0.86857,-25.776,8.876,-13.511,True
ET_03,other,12.21,0.10098,0.36653,0.88315,-17.024,17.755,-5.455,True
ET_03,other,12.22,0.17809,0.38211,0.91292,-0.031,21.575,-1.129,True
ET_03,other,12.23,0.31178,0.30985,0.97,15.513,18.423,7.365,True
ET_03,other,12.24,0.36218,0.29245,0.98896,25.644,10.375,13.622,True
ET_03,other,12.25,0.3914,0.19328,0.9948,29.197,-0.143,13.219,True
ET_03,other,12.26,0.36423,0.10913,0.99905,23.216,-12.171,11.485,True
ET_03,other,12.27,0.30112,0.0681,0.92718,10.112,-18.094,5.683,True
ET_03,other,12.280000000000001,0.17019,0.08332,0.91456,-4.843,-19.269,-0.752,True
ET_03,other,12.290000000000001,0.08202,0.10933,0.86863,-16.116,-16.064,-10.451,True
ET_03,other,12.3,0.00498,0.16602,0.84759,-27.085,-7.066,-14.162,True
ET_03,other,12.31,-0.01672,0.2453,0.83993,-27.541,5.14,-13.021,True
ET_03,other,12.32,0.0507,0.33121,0.87575,-20.626,13.924,-9.675,True
ET_03,other,12.33,0.12403,0.36252,0.9104,-6.343,19.88,-3.528,True
ET_03,other,12.34,0.29131,0.35204,0.94246,7.412,20.572,5.155,True
ET_03,other,12.35,0.35523,0.31763,0.97896,20.235,12.901,11.083,True
ET_03,other,12.36,0.3863,0.22579,0.988,28.294,4.285,12.685,True
ET_03,other,12.370000000000001,0.39727,0.16562,1.00287,24.353,-7.42,11.625,True
ET_03,other,12.38,0.31077,0.08851,0.98745,16.465,-16.12,8.06,True
ET_03,other,12.39,0.21467,0.07978,0.91933,1.496,-18.928,1.388,True
ET_03,other,12.4,0.10694,0.09646,0.89115,-12.024,-17.481,-5.311,True
ET_03,other,12.41,0.04279,0.15588,0.8733,-22.954,-9.887,-11.483,True
ET_03,other,12.42,-0.02383,0.23494,0.85844,-27.048,1.442,-13.218,True
ET_03,other,12.43,0.03671,0.336,0.84352,-23.913,10.006,-11.194,True
ET_03,other,12.44,0.09721,0.36157,0.89083,-12.066,17.405,-5.535,True
ET_03,other,12.450000000000001,0.22731,0.37843,0.96033,2.238,18.727,0.297,True
ET_03,other,12.46,0.31766,0.35361,0.97644,16.198,15.639,6.544,True
ET_03,other,12.47,0.37401,0.2946,0.98502,24.985,8.282,10.943,True
ET_03,other,12.48,0.39963,0.18955,1.03084,25.961,-2.861,12.1,True
ET_03,other,12.49,0.37444,0.1222,0.99254,20.13,-13.611,8.967,True
ET_03,other,12.5,0.26455,0.08986,0.94829,7.177,-17.54,3.822,True
ET_03,other,12.51,0.14244,0.09092,0.9121,-6.406,-18.271,-4.276,True
ET_03,other,12.52,0.05254,0.12501,0.8861,-18.4,-14.464,-8.781,True
ET_03,other,12.530000000000001,0.00659,0.21233,0.84938,-24.759,-5.071,-13.658,True
ET_03,other,12.540000000000001,0.03097,0.25408,0.82532,-22.096,6.078,-13.107,True
ET_03,other,12.55,0.10882,0.33218,0.88251,-16.518,14.822,-8.388,True
ET_03,other,12.56,0.18291,0.33274,0.93828,-3.95,17.969,-2.534,True
ET_03,other,12.57,0.24476,0.36302,0.93093,10.301,17.595,5.792,True
ET_03,other,12.58,0.34091,0.31227,0.96585,20.916,10.335,12.013,True
ET_03,other,12.59,0.40238,0.22905,0.99137,25.888,0.612,12.859,True
ET_03,other,12.6,0.36562,0.16276,0.99415,22.372,-9.291,11.094,True
ET_03,other,12.61,0.29944,0.11112,0.9798,12.364,-16.358,5.915,True
ET_03,other,12.620000000000001,0.20071,0.10283,0.93439,-0.297,-18.993,-1.41,True
ET_03,other,12.63,0.12078,0.11279,0.88687,-13.762,-14.078,-6.914,True
ET_03,other,12.64,0.03768,0.17838,0.86504,-21.941,-8.459,-9.55,True
ET_03,other,12.65,-0.01043,0.23951,0.85266,-25.286,0.267,-11.233,True
ET_03,other,12.66,0.03859,0.2895,0.8761,-19.433,11.374,-10.006,True
ET_03,other,12.67,0.12446,0.33397,0.90424,-8.699,17.251,-3.88,True
ET_03,other,12.68,0.21373,0.35703,0.93209,4.057,18.649,2.421,True
ET_03,other,12.69,0.32686,0.3085,0.95049,15.406,14.797,8.312,True
ET_03,other,12.700000000000001,0.35289,0.26381,1.00439,24.457,6.311,12.024,True
ET_03,other,12.71,0.41481,0.20025,1.00204,23.193,-4.286,10.535,True
ET_03,other,12.72,0.32264,0.11415,0.94798,16.836,-12.677,9.553,True
ET_03,other,12.73,0.20639,0.10404,0.92938,6.791,-17.506,3.6,True
ET_03,other,12.74,0.12262,0.10132,0.8812,-6.859,-17.21,-4.891,True
ET_03,other,12.75,0.06224,0.15466,0.88027,-17.873,-11.256,-9.978,True
ET_03,other,12.76,0.01511,0.20821,0.87332,-23.972,-2.945,-11.981,True
ET_03,other,12.77,0.05265,0.28347,0.85879,-22.714,7.321,-11.289,True
ET_03,other,12.780000000000001,0.1133,0.33169,0.88585,-12.754,14.857,-6.518,True
ET_03,other,12.790000000000001,0.19707,0.37533,0.9193,-0.533,18.227,-1.724,True
ET_03,other,12.8,0.27679,0.31684,0.97105,11.167,15.219,5.589,True
ET_03,other,12.81,0.33714,0.29325,0.97928,20.346,9.513,10.075,True
ET_03,other,12.82,0.35805,0.23484,0.97966,23.944,0.889,10.747,True
ET_03,other,12.83,0.34584,0.18771,0.98829,19.597,-9.218,8.791,True
ET_03,other,12.84,0.29761,0.10275,0.95338,9.817,-12.925,5.139,True
ET_03,other,12.85,0.17046,0.08595,0.90531,-2.304,-18.164,-2.392,True
ET_03,other,12.86,0.04029,0.14877,0.88469,-15.33,-14.819,-6.863,True
ET_03,other,12.870000000000001,0.05635,0.17483,0.85763,-22.14,-6.492,-9.794,True
ET_03,other,12.88,-0.00493,0.24466,0.85738,-22.739,2.36,-10.982,True
ET_03,other,12.89,0.06566,0.30459,0.9041,-18.546,11.187,-9.987,True
ET_03,other,12.9,0.13188,0.34092,0.90061,-6.593,16.256,-3.582,True
ET_03,other,12.91,0.22749,0.33355,0.92645,6.0,16.559,2.678,True
ET_03,other,12.92,0.30353,0.32331,0.96362,16.733,11.277,6.674,True
ET_03,other,12.93,0.37421,0.29141,0.99209,22.112,4.166,10.824,True
ET_03,other,12.94,0.35952,0.18887,0.97842,21.669,-4.628,12.316,True
ET_03,other,12.950000000000001,0.31797,0.16009,0.9794,14.152,-12.443,6.696,True
ET_03,other,12.96,0.21617,0.11902,0.93956,3.894,-17.305,0.88,True
ET_03,other,12.97,0.13778,0.11093,0.9307,-7.785,-17.644,-3.556,True
ET_03,other,12.98,0.03626,0.16482,0.90462,-19.85,-9.227,-9.313,True
ET_03,other,12.99,0.00703,0.22179,0.85071,-23.54,-1.523,-11.578,True
ET_03,other,13.0,0.06389,0.28084,0.86209,-20.037,7.991,-9.148,True
ET_03,other,13.01,0.10272,0.30894,0.88619,-11.411,14.23,-4.511,True
ET_03,other,13.02,0.22844,0.35475,0.90941,0.996,15.638,-0.294,True
ET_03,other,13.030000000000001,0.28997,0.331,0.96461,11.574,15.203,6.218,True
ET_03,other,13.040000000000001,0.34586,0.26544,0.94813,19.962,6.376,9.66,True
ET_03,other,13.05,0.35658,0.20335,0.98907,21.366,-1.312,11.02,True
ET_03,other,13.06,0.31918,0.14023,0.96792,16.616,-11.071,9.652,True
ET_03,other,13.07,0.22078,0.12455,0.9365,7.536,-16.032,4.194,True
ET_03,other,13.08,0.19583,0.12785,0.92207,-5.27,-14.727,-0.92,True
ET_03,other,13.09,0.09981,0.13508,0.87968,-13.483,-11.898,-7.194,True
ET_03,other,13.1,0.05154,0.18394,0.83858,-19.939,-2.736,-10.331,True
ET_03,other,13.11,0.04613,0.25473,0.8427,-21.196,4.261,-10.426,True
ET_03,other,13.120000000000001,0.08654,0.32566,0.90293,-14.735,11.864,-5.95,True
ET_03,other,13.13,0.19067,0.32939,0.88834,-4.076,15.748,-2.121,True
ET_03,other,13.14,0.26697,0.32926,0.95718,6.792,14.908,2.64,True
ET_03,other,13.15,0.3259,0.28217,0.97668,17.003,10.989,8.495,True
ET_03,other,13.16,0.36828,0.22603,0.96228,21.151,2.457,11.083,True
ET_03,other,13.17,0.31798,0.18057,0.9699,19.758,-6.855,10.379,True
ET_03,other,13.18,0.2602,0.12016,0.95529,11.189,-13.567,5.581,True
ET_03,other,13.19,0.19847,0.12825,0.94733,1.715,-14.226,-0.756,True
ET_03,other,13.200000000000001,0.14406,0.11847,0.89839,-9.117,-13.92,-4.061,True
ET_03,other,13.21,0.05921,0.15856,0.88421,-17.64,-8.416,-8.816,True
ET_03,other,13.22,0.02432,0.20028,0.8714,-21.156,0.788,-9.744,True
ET_03,other,13.23,0.05873,0.29525,0.89226,-17.129,8.254,-10.173,True
ET_03,other,13.24,0.13628,0.33022,0.91033,-9.242,13.566,-4.35,True
ET_03,other,13.25,0.21461,0.33175,0.93838,2.54,16.234,1.442,True
ET_03,other,13.26,0.28431,0.32107,0.94493,13.312,11.889,5.718,True
ET_03,other,13.27,0.35177,0.26444,0.98144,20.537,4.676,9.19,True
ET_03,other,13.280000000000001,0.347,0.20331,0.96528,20.63,-4.178,9.883,True
ET_03,other,13.290000000000001,0.29153,0.17338,0.98188,15.787,-10.414,6.727,True
ET_03,other,13.3,0.23825,0.09606,0.97625,7.027,-14.313,2.947,True
ET_03,other,13.31,0.15088,0.0921,0.88721,-6.334,-14.032,-3.817,True
ET_03,other,13.32,0.08639,0.13464,0.91289,-16.601,-11.905,-7.684,True
ET_03,other,13.33,0.05832,0.21472,0.88276,-19.788,-2.017,-9.477,True
ET_03,other,13.34,0.03388,0.22861,0.88393,-19.616,5.586,-8.999,True
ET_03,other,13.35,0.091,0.289,0.89179,-13.432,12.604,-7.106,True
ET_03,other,13.36,0.16963,0.32232,0.94878,-2.299,15.571,-0.242,True
ET_03,other,13.370000000000001,0.28139,0.34333,0.97148,9.073,13.075,4.544,True
ET_03,other,13.38,0.31126,0.29009,0.9596,17.575,8.698,9.892,True
ET_03,other,13.39,0.36341,0.22744,0.99248,19.028,-0.091,11.355,True
ET_03,other,13.4,0.34017,0.20381,0.98494,18.266,-6.593,7.705,True
ET_03,other,13.41,0.27585,0.11975,0.96097,9.791,-11.416,7.811,True
ET_03,other,13.42,0.1965,0.13546,0.9417,-0.861,-14.774,-1.45,True
ET_03,other,13.43,0.11033,0.11492,0.86252,-11.033,-12.923,-4.526,True
ET_03,other,13.44,0.0353,0.20548,0.86458,-18.221,-7.45,-10.78,True
ET_03,other,13.450000000000001,0.04914,0.24699,0.87963,-20.297,-0.67,-9.618,True
ET_03,other,13.46,0.0637,0.27863,0.89868,-16.593,10.504,-6.01,True
ET_03,other,13.47,0.12564,0.32981,0.90608,-6.318,13.988,-3.875,True
ET_03,other,13.48,0.20141,0.32128,0.95527,3.783,13.903,3.279,True
ET_03,other,13.49,0.26684,0.32446,0.97495,13.053,10.041,6.367,True
ET_03,other,13.5,0.3315,0.24589,0.99786,18.418,3.021,10.275,True
ET_03,other,13.51,0.34171,0.19711,0.98775,18.246,-4.546,9.104,True
ET_03,other,13.52,0.26523,0.14241,0.97683,14.942,-9.538,6.92,True
ET_03,other,13.530000000000001,0.18865,0.13084,0.96735,4.555,-15.577,2.238,True
ET_03,other,13.540000000000001,0.11878,0.1333,0.92286,-6.706,-14.109,-3.455,True
ET_03,other,13.55,0.10361,0.17342,0.88778,-14.7,-9.801,-7.637,True
ET_03,other,13.56,0.06602,0.21195,0.87134,-20.684,-0.565,-10.634,True
ET_03,other,13.57,0.06095,0.26807,0.89257,-18.183,7.301,-8.512,True
ET_03,other,13.58,0.08242,0.30596,0.89758,-10.947,12.242,-4.919,True
ET_03,other,13.59,0.20534,0.32648,0.93398,-1.87,13.328,-0.634,True
ET_03,other,13.6,0.24897,0.33565,0.96587,9.519,12.404,5.39,True
ET_03,other,13.61,0.35508,0.27125,0.98395,17.28,5.916,8.33,True
ET_03,other,13.620000000000001,0.35262,0.22211,1.01699,18.623,-0.307,10.761,True
ET_03,other,13.63,0.33451,0.13929,0.96516,16.022,-7.428,8.216,True
ET_03,other,13.64,0.27203,0.1616,0.98472,8.05,-12.534,3.983,True
ET_03,other,13.65,0.17613,0.09644,0.91859,-2.401,-14.348,-0.533,True
ET_03,other,13.66,0.09619,0.1364,0.90755,-12.831,-12.023,-5.832,True
ET_03,other,13.67,0.06729,0.17493,0.88282,-18.307,-4.277,-11.517,True
ET_03,other,13.68,0.01558,0.26956,0.87077,-19.876,1.328,-10.166,True
ET_03,other,13.69,0.09185,0.26559,0.89737,-15.473,9.413,-8.544,True
ET_03,other,13.700000000000001,0.1459,0.32281,0.92319,-5.114,11.607,-3.153,True
ET_03,other,13.71,0.24682,0.31694,0.93857,5.228,16.923,1.435,True
ET_03,other,13.72,0.29127,0.29038,0.95613,15.318,10.408,6.748,True
ET_03,other,13.73,0.32142,0.22144,0.9807,20.27,2.694,9.93,True
ET_03,other,13.74,0.30993,0.1845,0.99002,18.792,-5.091,8.933,True
ET_03,other,13.75,0.28325,0.13552,0.95759,13.447,-10.806,6.483,True
ET_03,other,13.76,0.20315,0.11681,0.93199,2.376,-14.452,1.547,True
ET_03,other,13.77,0.13533,0.13667,0.92152,-8.771,-14.616,-4.216,True
ET_03,other,13.780000000000001,0.05932,0.16251,0.90202,-16.45,-7.476,-8.797,True
ET_03,other,13.790000000000001,0.07895,0.23773,0.85023,-20.116,-1.245,-10.388,True
ET_03,other,13.8,0.05158,0.28455,0.87412,-18.24,7.469,-9.009,True
ET_03,other,13.81,0.12627,0.27754,0.93689,-9.353,12.957,-4.338,True
ET_03,other,13.82,0.17475,0.33681,0.93605,2.505,14.803,-0.136,True
ET_03,other,13.83,0.25785,0.30261,0.94483,9.184,11.686,5.727,True
ET_03,other,13.84,0.31018,0.26243,0.98493,18.046,6.23,9.725,True
ET_03,other,13.85,0.32583,0.21665,1.01251,20.302,-0.65,9.098,True
ET_03,other,13.86,0.29644,0.13824,0.95653,15.774,-9.648,6.691,True
ET_03,other,13.870000000000001,0.2458,0.12835,0.93765,8.076,-12.741,3.737,True
ET_03,other,13.88,0.16147,0.11118,0.9218,-4.886,-13.063,-0.927,True
ET_03,other,13.89,0.09457,0.12929,0.8975,-13.313,-10.99,-7.121,True
ET_03,other,13.9,0.03008,0.16698,0.87017,-19.03,-4.33,-10.634,True
ET_03,other,13.91,0.02304,0.25835,0.88076,-19.047,4.797,-10.167,True
ET_03,other,13.92,0.08891,0.28419,0.91951,-14.135,11.079,-6.297,True
ET_03,other,13.93,0.1541,0.33851,0.92376,-4.002,14.747,-2.284,True
ET_03,other,13.94,0.24929,0.30532,0.94703,6.928,12.985,2.663,True
ET_03,other,13.950000000000001,0.30261,0.28231,0.95736,16.218,9.522,8.835,True
ET_03,other,13.96,0.31206,0.22157,0.9767,18.646,1.324,9.328,True
ET_03,other,13.97,0.31003,0.16039,0.97489,18.466,-6.704,9.467,True
ET_03,other,13.98,0.2611,0.12523,0.94038,10.266,-12.295,5.615,True
ET_03,other,13.99,0.17154,0.12632,0.9458,1.089,-15.577,0.411,True
ET_03,other,14.0,0.06907,0.12208,0.89861,-10.711,-11.91,-4.697,True
ET_03,other,14.01,0.06475,0.15555,0.85745,-18.508,-6.599,-7.989,True
ET_03,other,14.02,0.01226,0.21283,0.88404,-20.405,1.175,-10.797,True
ET_03,other,14.030000000000001,0.08194,0.28942,0.88366,-15.562,7.82,-7.383,True
ET_03,other,14.040000000000001,0.11857,0.33321,0.91961,-7.051,13.586,-3.859,True
ET_03,other,14.05,0.16883,0.32989,0.92999,2.79,15.294,1.146,True
ET_03,other,14.06,0.26006,0.2969,0.96714,13.541,12.31,6.258,True
ET_03,other,14.07,0.32755,0.25557,0.98997,18.319,3.746,9.84,True
ET_03,other,14.08,0.31002,0.21222,0.96322,19.094,-2.996,10.66,True
ET_03,other,14.09,0.31358,0.15172,0.96873,15.755,-9.883,6.845,True
ET_03,other,14.1,0.22725,0.11238,0.95321,6.246,-14.604,3.632,True
ET_03,other,14.11,0.12023,0.10177,0.93958,-7.702,-13.757,-4.572,True
ET_03,other,14.120000000000001,0.06093,0.12626,0.90632,-13.922,-9.342,-7.111,True
ET_03,other,14.13,0.03175,0.22933,0.86696,-19.696,-2.309,-9.689,True
ET_03,other,14.14,0.03715,0.26327,0.8742,-17.794,6.225,-9.224,True
ET_03,other,14.15,0.05013,0.29424,0.91292,-12.211,11.272,-6.121,True
ET_03,other,14.16,0.16867,0.3286,0.93861,-2.849,15.334,-0.588,True
ET_03,other,14.17,0.2196,0.32444,0.9688,8.77,13.843,3.576,True
ET_03,other,14.18,0.29437,0.29747,0.95793,17.976,9.354,10.292,True
ET_03,other,14.19,0.35895,0.23887,0.94862,21.883,1.065,10.526,True
ET_03,other,14.200000000000001,0.29237,0.15128,0.96243,16.457,-6.832,8.694,True
ET_03,other,14.21,0.2482,0.15355,0.98584,9.728,-14.577,4.8,True
ET_03,other,14.22,0.13533,0.07116,0.92414,-1.331,-15.082,-1.823,True
ET_03,other,14.23,0.10718,0.10739,0.9153,-10.959,-12.713,-7.168,True
ET_03,other,14.24,0.04062,0.16032,0.86874,-18.944,-5.873,-8.292,True
ET_03,other,14.25,0.02235,0.23383,0.87794,-20.548,4.419,-11.333,True
ET_03,other,14.26,0.06013,0.27506,0.91833,-16.984,9.222,-7.562,True
ET_03,other,14.27,0.14134,0.32505,0.90199,-6.544,14.528,-3.302,True
ET_03,other,14.280000000000001,0.19432,0.34798,0.96091,4.587,16.172,1.679,True
ET_03,other,14.290000000000001,0.28384,0.3053,0.96746,15.486,11.624,7.118,True
ET_03,other,14.3,0.31492,0.24665,0.97838,20.902,4.166,12.035,True
ET_03,other,14.31,0.31447,0.1749,1.01647,19.351,-3.973,11.266,True
ET_03,other,14.32,0.25741,0.13604,0.95777,13.052,-12.511,7.573,True
ET_03,other,14.33,0.19371,0.07209,0.94969,2.726,-16.459,1.082,True
ET_03,other,14.34,0.08948,0.1343,0.95635,-8.396,-15.252,-3.578,True
ET_03,other,14.35,0.02116,0.15129,0.90424,-18.47,-9.894,-7.983,True
ET_03,other,14.36,0.02929,0.2126,0.89653,-22.107,-0.701,-10.04,True
ET_03,other,14.370000000000001,0.04816,0.27437,0.8834,-18.087,6.688,-9.33,True
ET_03,other,14.38,0.10604,0.30636,0.92419,-12.169,13.269,-4.4,True
ET_03,other,14.39,0.16769,0.31814,0.94782,0.183,15.752,0.347,True
ET_03,other,14.4,0.26563,0.31283,0.95865,10.95,13.326,6.681,True
ET_03,other,14.41,0.29731,0.27564,1.02161,18.817,8.348,8.87,True
ET_03,other,14.42,0.3006,0.1747,1.00176,21.133,-1.111,10.168,True
ET_03,other,14.43,0.30328,0.13673,0.98425,17.656,-8.553,9.817,True
ET_03,other,14.44,0.22582,0.09521,0.99197,7.544,-14.323,3.623,True
ET_03,other,14.450000000000001,0.13995,0.08473,0.95596,-4.621,-16.723,-0.904,True
ET_03,other,14.46,0.05961,0.12254,0.89037,-14.624,-11.94,-6.569,True
ET_03,other,14.47,-0.01417,0.17701,0.89279,-21.92,-5.838,-9.871,True
ET_03,other,14.48,0.01143,0.23882,0.89956,-20.792,3.456,-10.633,True
ET_03,other,14.49,0.05477,0.2985,0.89257,-16.008,11.761,-7.128,True
ET_03,other,14.5,0.10625,0.35216,0.93294,-5.29,17.1,-3.551,True
ET_03,other,14.51,0.22646,0.34191,0.95454,6.589,13.713,4.108,True
ET_03,other,14.52,0.28704,0.29064,0.97723,18.481,10.965,9.011,True
ET_03,other,14.530000000000001,0.35992,0.21191,0.97744,22.918,2.082,10.72,True
ET_03,other,14.540000000000001,0.3314,0.14373,1.00941,21.558,-8.755,11.889,True
ET_03,other,14.55,0.24951,0.12031,1.00183,14.479,-14.246,5.329,True
ET_03,other,14.56,0.18595,0.06566,0.94338,1.678,-17.3,0.429,True
ET_03,other,14.57,0.08035,0.05021,0.91753,-10.074,-15.01,-6.641,True
ET_03,other,14.58,0.00571,0.16999,0.89318,-20.514,-9.273,-10.948,True
ET_03,other,14.59,-0.04018,0.20076,0.86672,-22.831,-0.002,-10.868,True
ET_03,other,14.6,0.01107,0.27057,0.8796,-19.246,9.934,-9.737,True
ET_03,other,14.61,0.10274,0.3008,0.9257,-10.863,16.422,-4.673,True
ET_03,other,14.620000000000001,0.16016,0.35382,0.95427,0.966,16.1,0.976,True
ET_03,other,14.63,0.2716,0.31487,0.98508,13.343,14.273,6.011,True
ET_03,other,14.64,0.33424,0.24478,0.99211,22.464,6.878,11.117,True
ET_03,other,14.65,0.33468,0.19591,0.99907,22.0,-3.084,11.552,True
ET_03,other,14.66,0.2678,0.15235,0.98633,16.619,-12.215,8.055,True
ET_03,other,14.67,0.21844,0.09185,0.99189,8.087,-15.861,2.238,True
ET_03,other,14.68,0.13558,0.0853,0.91236,-6.012,-16.863,-1.849,True
ET_03,other,14.69,0.05478,0.11909,0.90016,-16.69,-11.643,-7.265,True
ET_03,other,14.700000000000001,-0.0017,0.20482,0.8764,-22.364,-4.877,-11.092,True
ET_03,other,14.71,0.0164,0.23588,0.89222,-23.113,5.363,-10.316,True
ET_03,other,14.72,0.05805,0.27539,0.91023,-14.374,13.796,-7.275,True
ET_03,other,14.73,0.13893,0.33455,0.92064,-4.798,17.465,-2.396,True
ET_03,other,14.74,0.21568,0.30685,0.98998,9.561,16.337,4.792,True
ET_03,other,14.75,0.29214,0.2924,1.00246,19.063,9.696,9.361,True
ET_03,other,14.76,0.33087,0.21761,0.99307,24.6,1.588,13.026,True
ET_03,other,14.77,0.30845,0.15202,1.01796,22.921,-9.365,10.406,True
ET_03,other,14.780000000000001,0.2501,0.09819,0.98265,11.564,-15.127,7.354,True
ET_03,other,14.790000000000001,0.1527,0.0698,0.95919,-1.382,-17.928,-0.202,True
ET_03,other,14.8,0.0622,0.10191,0.90121,-12.718,-14.258,-6.126,True
ET_03,other,14.81,0.00178,0.12984,0.8871,-22.132,-8.546,-11.922,True
ET_03,other,14.82,-0.02934,0.22685,0.89619,-24.493,0.786,-13.802,True
ET_03,other,14.83,0.01582,0.28505,0.89711,-21.545,11.832,-9.374,True
ET_03,other,14.84,0.12823,0.31094,0.89168,-10.22,18.228,-4.049,True
ET_03,other,14.85,0.1817,0.36527,0.95847,3.521,18.994,1.246,True
ET_03,other,14.86,0.27581,0.31747,0.98768,16.278,14.63,9.207,True
ET_03,other,14.870000000000001,0.31337,0.23399,1.02899,25.528,4.59,11.547,True
ET_03,other,14.88,0.31381,0.16151,1.0006,24.313,-4.364,11.176,True
ET_03,other,14.89,0.28443,0.09562,0.96603,16.006,-14.524,7.891,True
ET_03,other,14.9,0.20088,0.08976,0.97108,5.835,-18.642,2.405,True
ET_03,other,14.91,0.08501,0.0802,0.94433,-8.134,-17.729,-3.935,True
ET_03,other,14.92,0.02902,0.09208,0.87332,-19.912,-11.422,-11.058,True
ET_03,other,14.93,-0.02371,0.18196,0.89919,-25.031,-3.827,-14.188,True
ET_03,other,14.94,-0.01566,0.25988,0.86476,-23.564,7.942,-11.983,True
ET_03,other,14.950000000000001,0.02362,0.3049,0.91331,-14.949,15.217,-8.842,True
ET_03,other,14.96,0.15713,0.35693,0.90934,-1.282,18.75,-2.201,True
ET_03,other,14.97,0.23261,0.31163,0.96971,12.6,18.896,5.527,True
ET_03,other,14.98,0.28824,0.27788,1.00953,23.174,8.672,11.748,True
ET_03,other,14.99,0.37057,0.19939,0.99287,26.936,0.596,12.773,True
ET_03,other,15.0,0.31398,0.11002,1.04425,21.955,-11.091,11.245,True
ET_03,other,15.01,0.22518,0.05491,1.00991,10.312,-16.274,6.189,True
ET_03,other,15.02,0.14623,0.0456,0.94433,-2.682,-20.171,-1.394,True
ET_03,other,15.030000000000001,0.0122,0.10004,0.91652,-16.875,-16.903,-7.824,True
ET_03,other,15.040000000000001,-0.03708,0.14287,0.86374,-24.347,-6.799,-13.223,True
ET_03,other,15.05,-0.02043,0.21815,0.87286,-25.652,3.159,-12.404,True
ET_03,other,15.06,0.00068,0.28689,0.88933,-19.88,13.519,-9.752,True
ET_03,other,15.07,0.09097,0.33449,0.92141,-7.794,19.598,-3.169,True
ET_03,other,15.08,0.20436,0.35541,0.96383,8.381,19.923,2.725,True
ET_03,other,15.09,0.27019,0.30408,1.03621,18.664,14.083,9.589,True
ET_03,other,15.1,0.33868,0.22791,1.03302,25.225,3.344,13.443,True
ET_03,other,15.11,0.32655,0.13782,1.04211,26.731,-6.815,14.178,True
ET_03,other,15.120000000000001,0.26838,0.08267,0.98958,18.531,-14.817,8.324,True
ET_03,other,15.13,0.17299,0.04672,0.95914,4.802,-20.538,2.301,True
ET_03,other,15.14,0.07344,0.09345,0.91606,-11.156,-17.951,-5.65,True
ET_03,other,15.15,-0.02668,0.10601,0.89818,-22.348,-11.483,-11.903,True
ET_03,other,15.16,-0.05695,0.16696,0.88378,-26.721,-1.296,-12.309,True
ET_03,other,15.17,-0.00905,0.28136,0.89255,-23.969,9.563,-12.415,True
ET_03,other,15.18,0.03782,0.33887,0.89623,-15.102,18.106,-6.167,True
ET_03,other,15.19,0.15738,0.33441,0.91414,1.774,20.581,0.091,True
ET_03,other,15.200000000000001,0.2596,0.32055,0.9686,14.421,17.203,8.027,True
ET_03,other,15.21,0.34964,0.23669,1.00367,25.165,9.497,13.266,True
ET_03,other,15.22,0.34493,0.17627,0.99169,29.109,-2.164,14.616,True
ET_03,other,15.23,0.30483,0.12206,1.0346,22.941,-11.988,10.674,True
ET_03,other,15.24,0.20157,0.04584,0.99001,10.129,-19.766,4.492,True
ET_03,other,15.25,0.10671,0.03652,0.93498,-4.398,-19.887,-2.726,True
ET_03,other,15.26,0.01424,0.07524,0.90411,-17.089,-15.386,-9.284,True
ET_03,other,15.27,-0.07101,0.14708,0.88764,-25.924,-6.489,-13.26,True
ET_03,other,15.280000000000001,-0.0625,0.22882,0.89708,-27.686,5.293,-14.434,True
ET_03,other,15.290000000000001,-0.0095,0.30515,0.89801,-18.222,15.054,-9.362,True
ET_03,other,15.3,0.10257,0.36033,0.90977,-5.92,21.237,-2.005,True
ET_03,other,15.31,0.23294,0.33341,0.96399,10.89,19.263,4.551,True
ET_03,other,15.32,0.3133,0.28834,1.00866,22.442,12.751,11.708,True
ET_03,other,15.33,0.34366,0.18398,1.03976,28.266,3.175,14.632,True
ET_03,other,15.34,0.33235,0.13695,0.99955,27.435,-10.438,12.082,True
ET_03,other,15.35,0.26766,0.06518,1.00077,17.214,-17.445,8.607,True
ET_03,other,15.36,0.1363,0.03775,0.94673,1.536,-21.02,1.852,True
ET_03,other,15.370000000000001,0.03559,0.03196,0.90484,-14.154,-18.695,-7.775,True
ET_03,other,15.38,-0.02466,0.12272,0.87468,-26.466,-11.139,-12.234,True
ET_03,other,15.39,-0.05533,0.21141,0.88484,-29.971,0.041,-14.289,True
ET_03,other,15.4,-0.04306,0.26724,0.88997,-24.014,12.364,-11.704,True
ET_03,other,15.41,0.05437,0.32434,0.90804,-13.034,18.854,-7.487,True
ET_03,other,15.42,0.1552,0.34387,0.97029,3.613,21.675,0.911,True
ET_03,other,15.43,0.26254,0.30211,0.99921,18.713,17.93,8.344,True
ET_03,other,15.44,0.36997,0.22386,1.0475,28.524,7.356,14.309,True
ET_03,other,15.450000000000001,0.35604,0.1885,1.04792,30.397,-4.307,15.208,True
ET_03,other,15.46,0.29572,0.09906,1.01744,22.152,-15.026,10.136,True
ET_03,other,15.47,0.19304,0.05279,1.00511,8.013,-22.307,3.928,True
ET_03,other,15.48,0.06113,0.03528,0.93923,-7.712,-20.667,-4.807,True
ET_03,other,15.49,-0.04279,0.06697,0.88213,-21.374,-14.656,-10.492,True
ET_03,other,15.5,-0.11455,0.17006,0.85993,-29.297,-4.009,-15.948,True
ET_03,other,15.51,-0.06664,0.22015,0.89368,-28.056,7.497,-13.528,True
ET_03,other,15.52,-0.00569,0.34618,0.91025,-18.857,16.337,-8.929,True
ET_03,other,15.530000000000001,0.11659,0.35238,0.98085,-3.394,22.553,-2.787,True
ET_03,other,15.540000000000001,0.20226,0.37132,1.00609,12.221,20.768,6.822,True
ET_03,other,15.55,0.29812,0.31623,1.02942,25.578,12.763,12.676,True
ET_03,other,15.56,0.37079,0.195,1.05964,31.579,2.836,16.919,True
ET_03,other,15.57,0.34036,0.07844,1.02192,27.918,-10.896,12.981,True
ET_03,other,15.58,0.20543,0.07367,1.01009,15.834,-19.73,6.217,True
ET_03,other,15.59,0.13014,0.03211,0.98162,-2.391,-22.264,-1.301,True
ET_03,other,15.6,0.01415,0.0472,0.91437,-16.399,-18.615,-8.91,True
ET_03,other,15.610000000000001,-0.07351,0.14049,0.89822,-29.063,-10.142,-13.307,True
ET_03,other,15.620000000000001,-0.08937,0.19572,0.88834,-31.664,2.553,-14.824,True
ET_03,other,15.63,-0.05021,0.30554,0.91317,-25.012,13.719,-12.321,True
ET_03,other,15.64,0.04245,0.35363,0.92353,-11.331,19.337,-6.085,True
ET_03,other,15.65,0.19026,0.37771,0.99711,6.77,23.34,3.901,True
ET_03,other,15.66,0.30738,0.31355,1.01109,22.512,16.298,8.193,True
ET_03,other,15.67,0.36104,0.26169,1.04752,31.24,6.338,15.174,True
ET_03,other,15.68,0.35413,0.13042,1.04792,30.103,-4.843,13.927,True
ET_03,other,15.69,0.26692,0.07128,1.02748,23.196,-16.397,10.986,True
ET_03,other,15.700000000000001,0.17574,0.01471,0.96317,6.26,-23.682,2.56,True
ET_03,other,15.71,0.04677,0.03389,0.95813,-10.907,-20.59,-4.799,True
ET_03,other,15.72,-0.03328,0.06683,0.90468,-26.155,-13.307,-13.313,True
ET_03,other,15.73,-0.12134,0.18006,0.88341,-32.263,-2.526,-15.497,True
ET_03,other,15.74,-0.06905,0.26708,0.88745,-27.788,10.043,-13.235,True
ET_03,other,15.75,0.00528,0.33156,0.91731,-16.073,19.99,-9.116,True
ET_03,other,15.76,0.12279,0.36401,0.96531,-0.632,22.758,-1.014,True
ET_03,other,15.77,0.24386,0.32981,0.99634,14.515,20.691,7.435,True
ET_03,other,15.780000000000001,0.33019,0.26897,1.0148,26.606,11.225,12.819,True
ET_03,other,15.790000000000001,0.35591,0.18593,1.03414,32.472,-2.051,16.708,True
ET_03,other,15.8,0.32474,0.07947,1.02771,27.05,-13.273,12.851,True
ET_03,other,15.81,0.23678,0.03998,1.02684,13.399,-21.995,6.4,True
ET_03,other,15.82,0.10334,0.02201,0.94601,-3.184,-23.333,-1.666,True
ET_03,other,15.83,0.00307,0.05015,0.91106,-19.403,-18.507,-10.184,True
ET_03,other,15.84,-0.10754,0.10677,0.88888,-28.819,-8.501,-15.446,True
ET_03,other,15.85,-0.08509,0.20702,0.88243,-30.812,4.732,-15.611,True
ET_03,other,15.860000000000001,-0.04878,0.3023,0.92489,-24.211,16.125,-11.509,True
ET_03,other,15.870000000000001,0.07878,0.34781,0.95913,-10.004,22.322,-3.868,True
ET_03,other,15.88,0.19565,0.34667,0.98399,9.098,22.139,3.692,True
ET_03,other,15.89,0.26769,0.29517,1.0338,24.413,16.697,13.032,True
ET_03,other,15.9,0.34577,0.21165,1.02789,32.486,3.845,16.144,True
ET_03,other,15.91,0.34803,0.11777,1.0665,29.244,-7.995,15.848,True
ET_03,other,15.92,0.28536,0.03933,1.02153,20.88,-19.408,10.271,True
ET_03,other,15.93,0.14427,0.01691,0.97384,3.238,-24.402,1.503,True
ET_03,other,15.94,0.01418,0.02533,0.93983,-14.349,-19.737,-7.456,True
ET_03,other,15.950000000000001,-0.08056,0.06945,0.89246,-28.992,-14.023,-13.019,True
ET_03,other,15.96,-0.12125,0.17591,0.86487,-32.531,-1.153,-16.746,True
ET_03,other,15.97,-0.08267,0.25939,0.87475,-27.268,11.323,-14.586,True
ET_03,other,15.98,0.00275,0.35002,0.92494,-16.094,22.787,-6.445,True
ET_03,other,15.99,0.13692,0.34648,0.99515,1.576,23.306,1.518,True
ET_03,other,16.0,0.26954,0.32233,0.96539,17.027,19.903,9.251,True
ET_03,other,16.01,0.35683,0.27202,1.03803,30.935,9.37,15.369,True
ET_03,other,16.02,0.37072,0.18378,1.07723,31.79,-3.436,15.364,True
ET_03,other,16.03,0.30526,0.09642,1.02566,23.652,-16.85,13.278,True
ET_03,other,16.04,0.1892,0.02081,1.00502,10.913,-21.264,5.231,True
ET_03,other,16.05,0.07825,0.01616,0.93169,-6.399,-24.371,-3.997,True
ET_03,other,16.06,-0.08217,0.0596,0.92256,-22.897,-18.606,-11.13,True
ET_03,other,16.07,-0.10959,0.12129,0.87642,-30.472,-7.152,-14.43,True
ET_03,other,16.080000000000002,-0.09492,0.23153,0.90181,-31.342,6.208,-16.46,True
ET_03,other,16.09,-0.03425,0.32431,0.89303,-21.957,18.27,-10.798,True
ET_03,other,16.1,0.05108,0.35378,0.97658,-3.556,24.788,-2.257,True
ET_03,other,16.11,0.21415,0.34274,0.97072,12.05,22.623,6.244,True
ET_03,other,16.12,0.32896,0.29124,1.015,25.958,14.845,12.717,True
ET_03,other,16.13,0.35914,0.19647,1.06584,33.142,2.532,15.832,True
ET_03,other,16.14,0.33986,0.10431,1.01811,29.724,-10.956,15.943,True
ET_03,other,16.15,0.25315,0.04015,1.01536,17.963,-19.872,8.93,True
ET_03,other,16.16,0.09358,-0.00449,0.97458,0.722,-23.853,-0.991,True
ET_03,other,16.17,0.0126,0.03153,0.9196,-16.913,-20.552,-7.9,True
ET_03,other,16.18,-0.08903,0.1047,0.87495,-28.701,-11.124,-14.713,True
ET_03,other,16.19,-0.15756,0.19007,0.84728,-33.9,1.424,-16.336,True
ET_03,other,16.2,-0.073,0.28461,0.89542,-27.192,13.498,-14.05,True
ET_03,other,16.21,0.01666,0.34488,0.93329,-12.468,21.632,-8.069,True
ET_03,other,16.22,0.12737,0.38526,0.96183,4.164,24.018,4.03,True
ET_03,other,16.23,0.25942,0.30875,1.05064,20.493,18.457,9.964,True
ET_03,other,16.240000000000002,0.33621,0.25216,1.0537,31.703,6.639,14.81,True
ET_03,other,16.25,0.33302,0.14969,1.02715,32.074,-4.98,17.185,True
ET_03,other,16.26,0.26012,0.06836,1.0186,22.52,-17.328,12.258,True
ET_03,other,16.27,0.15963,0.01223,0.99346,8.983,-23.49,5.333,True
ET_03,other,16.28,0.03682,0.01959,0.92295,-10.965,-23.622,-5.785,True
ET_03,other,16.29,-0.05976,0.04745,0.90153,-25.378,-17.671,-11.872,True
ET_03,other,16.3,-0.14143,0.1554,0.86808,-32.22,-3.571,-16.832,True
ET_03,other,16.31,-0.12572,0.24259,0.89198,-31.44,9.687,-15.839,True
ET_03,other,16.32,-0.01862,0.32871,0.91725,-20.218,19.129,-9.762,True
ET_03,other,16.330000000000002,0.09716,0.33959,0.96106,-2.906,22.819,-1.3,True
ET_03,other,16.34,0.21403,0.31335,0.97732,14.197,21.049,7.981,True
ET_03,other,16.35,0.30387,0.29495,1.0337,26.891,14.123,12.488,True
ET_03,other,16.36,0.37237,0.19562,1.06119,32.001,-0.239,16.411,True
ET_03,other,16.37,0.31695,0.09047,1.04665,28.532,-12.1,14.345,True
ET_03,other,16.38,0.20448,0.02983,1.02545,16.028,-21.591,8.89,True
ET_03,other,16.39,0.0811,0.01105,0.97091,-1.846,-24.768,-1.38,True
ET_03,other,16.4,-0.02225,0.05473,0.9053,-19.305,-18.61,-10.899,True
ET_03,other,16.41,-0.10947,0.08623,0.90454,-29.068,-9.675,-15.642,True
ET_03,other,16.42,-0.13657,0.20527,0.90923,-32.926,2.723,-16.367,True
ET_03,other,16.43,-0.06083,0.30091,0.90397,-24.31,14.591,-11.814,True
ET_03,other,16.44,0.04599,0.34402,0.93468,-9.396,23.438,-5.185,True
ET_03,other,16.45,0.15375,0.3419,0.99538,8.192,23.794,4.257,True
ET_03,other,16.46,0.30713,0.3334,1.04128,21.991,15.44,10.791,True
ET_03,other,16.47,0.33446,0.2218,1.05577,32.139,6.109,15.709,True
ET_03,other,16.48,0.34849,0.10927,1.0476,31.467,-7.357,14.08,True
ET_03,other,16.490000000000002,0.24436,0.03809,1.01163,22.204,-18.092,10.298,True
ET_03,other,16.5,0.15204,-0.00019,0.98013,5.151,-23.83,2.21,True
ET_03,other,16.51,0.01101,0.01442,0.94684,-11.58,-22.116,-5.771,True
ET_03,other,16.52,-0.06531,0.09868,0.88963,-25.839,-13.255,-14.083,True
ET_03,other,16.53,-0.14627,0.17316,0.84641,-32.089,-2.855,-17.148,True
ET_03,other,16.54,-0.12847,0.23599,0.87434,-29.012,10.659,-15.31,True
ET_03,other,16.55,-0.01026,0.34188,0.92473,-17.257,20.21,-8.47,True
ET_03,other,16.56,0.10751,0.3491,0.96555,-1.651,23.748,-0.691,True
ET_03,other,16.57,0.24627,0.30947,0.99432,17.192,19.333,8.113,True
ET_03,other,16.580000000000002,0.35025,0.26412,1.04274,27.814,11.741,13.547,True
ET_03,other,16.59,0.34046,0.14436,1.0728,31.703,-1.41,17.197,True
ET_03,other,16.6,0.29409,0.06797,1.0598,27.109,-12.499,13.241,True
ET_03,other,16.61,0.20045,0.02552,1.00787,12.717,-22.102,7.046,True
ET_03,other,16.62,0.0574,0.007,0.9832,-6.035,-23.906,-3.522,True
ET_03,other,16.63,-0.02848,0.07201,0.90056,-19.436,-17.015,-9.422,True
ET_03,other,16.64,-0.09648,0.13292,0.88864,-31.365,-6.604,-15.428,True
ET_03,other,16.65,-0.11996,0.21955,0.90246,-31.619,4.751,-16.294,True
ET_03,other,16.66,-0.05681,0.26092,0.91001,-22.221,16.766,-10.093,True
ET_03,other,16.67,0.02817,0.33291,0.93407,-8.66,23.62,-5.157,True
ET_03,other,16.68,0.18225,0.35327,0.97958,11.022,21.918,4.789,True
ET_03,other,16.69,0.28286,0.30069,1.0442,24.36,15.809,11.72,True
ET_03,other,16.7,0.32575,0.19423,1.04593,31.989,3.123,16.724,True
ET_03,other,16.71,0.32056,0.11086,1.03161,27.619,-8.176,14.631,True
ET_03,other,16.72,0.23897,0.04971,1.02935,16.877,-18.008,9.401,True
ET_03,other,16.73,0.10281,-0.00294,0.97506,3.276,-22.513,0.812,True
ET_03,other,16.740000000000002,-0.02033,0.04401,0.92563,-15.693,-21.736,-8.393,True
ET_03,other,16.75,-0.08867,0.11605,0.89131,-27.82,-11.457,-14.056,True
ET_03,other,16.76,-0.12685,0.15501,0.91934,-30.907,0.694,-18.285,True
ET_03,other,16.77,-0.09927,0.24716,0.88914,-28.205,13.334,-12.946,True
ET_03,other,16.78,-0.00312,0.31301,0.94712,-14.786,20.778,-6.483,True
ET_03,other,16.79,0.11782,0.36566,0.96121,1.896,21.931,0.949,True
ET_03,other,16.8,0.22916,0.35072,1.01383,19.455,19.163,9.341,True
ET_03,other,16.81,0.3189,0.22434,1.04907,28.363,8.122,15.163,True
ET_03,other,16.82,0.33005,0.13653,1.05199,31.324,-4.302,15.63,True
ET_03,other,16.830000000000002,0.30329,0.05114,1.02259,23.846,-13.949,11.216,True
ET_03,other,16.84,0.19051,0.02243,1.02287,10.945,-21.062,5.632,True
ET_03,other,16.85,0.0525,0.02627,0.96952,-8.138,-21.619,-4.281,True
ET_03,other,16.86,-0.03256,0.06497,0.91509,-22.082,-15.122,-12.093,True
ET_03,other,16.87,-0.12141,0.13468,0.87323,-30.227,-6.219,-15.364,True
ET_03,other,16.88,-0.11615,0.23369,0.89818,-29.117,6.32,-14.808,True
ET_03,other,16.89,-0.05557,0.30057,0.94612,-19.038,18.644,-9.744,True
ET_03,other,16.9,0.0842,0.36691,0.98594,-5.372,22.739,-2.074,True
ET_03,other,16.91,0.20708,0.33059,0.98362,13.611,20.03,5.504,True
ET_03,other,16.92,0.26118,0.26945,1.0578,25.041,13.36,12.837,True
ET_03,other,16.93,0.32579,0.18348,1.05525,31.872,3.652,14.515,True
ET_03,other,16.94,0.30496,0.11363,1.06354,28.243,-10.139,12.823,True
ET_03,other,16.95,0.21177,0.02703,1.0413,14.355,-19.078,7.802,True
ET_03,other,16.96,0.10495,0.00441,0.9514,1.074,-22.206,0.975,True
ET_03,other,16.97,-0.00908,0.028,0.91076,-16.506,-18.79,-7.497,True
ET_03,other,16.98,-0.10511,0.09375,0.89732,-27.987,-9.721,-12.459,True
ET_03,other,16.990000000000002,-0.11603,0.18489,0.90643,-31.101,2.128,-14.136,True
ET_03,other,17.0,-0.07927,0.27977,0.90758,-25.144,13.148,-11.864,True
ET_03,other,17.01,-0.00751,0.34834,0.9366,-11.194,22.566,-6.106,True
ET_03,other,17.02,0.16329,0.30721,0.9798,5.165,21.459,3.624,True
ET_03,other,17.03,0.24069,0.28597,1.05535,18.532,18.135,9.322,True
ET_03,other,17.04,0.3037,0.22104,1.0745,29.524,6.924,14.089,True
ET_03,other,17.05,0.31319,0.14546,1.09745,30.033,-5.884,15.509,True
ET_03,other,17.06,0.27013,0.05308,1.01915,19.916,-15.053,11.244,True
ET_03,other,17.07,0.13818,0.05,0.97964,6.999,-20.907,3.642,True
ET_03,other,17.080000000000002,0.04675,0.052,0.94449,-8.609,-21.1,-4.58,True
ET_03,other,17.09,-0.09104,0.0772,0.91277,-21.716,-13.09,-11.147,True
ET_03,other,17.1,-0.10842,0.13192,0.87863,-28.883,-3.008,-14.797,True
ET_03,other,17.11,-0.07798,0.24002,0.89496,-27.755,7.635,-13.045,True
ET_03,other,17.12,-0.00744,0.31682,0.94039,-17.686,15.709,-7.865,True
ET_03,other,17.13,0.09047,0.3192,0.98774,-2.002,22.147,-0.839,True
ET_03,other,17.14,0.20523,0.31239,1.00261,13.634,20.726,6.639,True
ET_03,other,17.150000000000002,0.25442,0.25996,1.03907,26.006,10.001,12.99,True
ET_03,other,17.16,0.34988,0.18508,1.04759,28.134,0.698,13.379,True
ET_03,other,17.17,0.2703,0.08339,1.05738,24.575,-10.179,13.512,True
ET_03,other,17.18,0.21438,0.02996,0.99307,11.474,-19.489,6.333,True
ET_03,other,17.19,0.09416,0.01708,0.95368,-1.979,-21.306,-1.868,True
ET_03,other,17.2,-0.02033,0.04136,0.90462,-17.002,-17.241,-8.552,True
ET_03,other,17.21,-0.08071,0.12023,0.909,-27.485,-7.492,-12.306,True
ET_03,other,17.22,-0.12653,0.20713,0.88907,-28.027,3.732,-13.118,True
ET_03,other,17.23,-0.09401,0.2953,0.92597,-20.765,15.204,-12.318,True
ET_03,other,17.240000000000002,0.02703,0.35359,0.96903,-8.287,20.189,-4.504,True
ET_03,other,17.25,0.16764,0.34557,0.99318,7.871,19.877,3.045,True
ET_03,other,17.26,0.23812,0.30029,1.02557,20.992,14.443,10.897,True
ET_03,other,17.27,0.27827,0.21388,1.04179,27.131,5.453,13.531,True
ET_03,other,17.28,0.26997,0.13045,1.02445,26.159,-6.146,13.224,True
ET_03,other,17.29,0.23357,0.07698,1.03214,19.386,-16.985,8.783,True
ET_03,other,17.3,0.13487,0.01876,0.99546,3.77,-22.029,1.721,True
ET_03,other,17.31,0.0058,0.05432,0.9457,-10.91,-18.186,-6.624,True
ET_03,other,17.32,-0.06834,0.10152,0.90885,-24.006,-11.992,-10.802,True
ET_03,other,17.330000000000002,-0.12646,0.1574,0.91479,-27.343,-1.741,-14.046,True
ET_03,other,17.34,-0.08936,0.21969,0.92834,-25.641,8.861,-11.495,True
ET_03,other,17.35,0.01807,0.30304,0.93791,-13.045,18.429,-5.915,True
ET_03,other,17.36,0.12095,0.33122,0.99263,0.279,19.323,-0.043,True
ET_03,other,17.37,0.24148,0.30082,1.00566,15.028,18.856,9.523,True
ET_03,other,17.38,0.29394,0.23966,1.06384,24.505,7.851,13.308,True
ET_03,other,17.39,0.29877,0.13137,1.06874,27.053,-3.503,13.443,True
ET_03,other,17.400000000000002,0.27487,0.0813,1.0362,20.021,-12.732,9.999,True
ET_03,other,17.41,0.16057,0.03617,0.99413,10.546,-20.098,6.679,True
ET_03,other,17.42,0.06751,0.03037,0.98087,-4.967,-20.802,-2.961,True
ET_03,other,17.43,-0.02302,0.04038,0.94028,-18.482,-16.253,-8.494,True
ET_03,other,17.44,-0.10381,0.15141,0.89495,-25.944,-5.164,-11.959,True
ET_03,other,17.45,-0.09528,0.22129,0.87894,-26.182,5.121,-11.881,True
ET_03,other,17.46,-0.04563,0.295,0.92879,-19.321,14.112,-8.584,True
ET_03,other,17.47,0.0527,0.31557,0.95754,-4.049,17.758,-3.879,True
ET_03,other,17.48,0.16457,0.32651,1.00787,10.258,18.195,4.488,True
ET_03,other,17.490000000000002,0.23666,0.25163,1.02095,20.64,11.679,10.083,True
ET_03,other,17.5,0.26273,0.2302,1.05525,24.281,3.284,13.683,True
ET_03,other,17.51,0.25354,0.08831,1.03649,23.826,-8.361,11.229,True
ET_03,other,17.52,0.199,0.07703,1.01562,13.108,-14.765,7.66,True
ET_03,other,17.53,0.11452,0.03277,0.96732,1.732,-18.897,-0.675,True
ET_03,other,17.54,-0.00642,0.05219,0.92027,-12.958,-16.312,-6.929,True
ET_03,other,17.55,-0.03916,0.12115,0.91555,-22.12,-7.78,-13.302,True
ET_03,other,17.56,-0.0936,0.1869,0.91053,-26.967,1.695,-13.513,True
ET_03,other,17.57,-0.06407,0.24684,0.9255,-20.363,10.236,-10.402,True
ET_03,other,17.580000000000002,-0.00569,0.2941,0.93256,-10.214,15.325,-5.123,True
ET_03,other,17.59,0.09173,0.30013,0.9792,2.473,18.388,1.314,True
ET_03,other,17.6,0.23725,0.29866,1.04449,14.536,14.373,9.114,True
ET_03,other,17.61,0.25426,0.19386,1.02129,25.285,7.136,12.657,True
ET_03,other,17.62,0.28696,0.16404,1.05093,25.546,-2.149,12.405,True
ET_03,other,17.63,0.19978,0.05854,1.00445,18.748,-11.713,8.226,True
ET_03,other,17.64,0.1524,0.06082,0.99659,6.401,-17.258,4.349,True
ET_03,other,17.650000000000002,0.058,0.03874,0.96864,-7.436,-17.864,-2.98,True
ET_03,other,17.66,0.004,0.08892,0.95129,-18.116,-13.344,-9.113,True
ET_03,other,17.67,-0.08193,0.12088,0.90725,-25.834,-4.486,-10.707,True
ET_03,other,17.68,-0.09101,0.243,0.91343,-23.583,7.765,-11.857,True
ET_03,other,17.69,-0.01936,0.28167,0.93344,-16.263,15.01,-6.646,True
ET_03,other,17.7,0.06535,0.27212,0.94564,-4.5,17.818,-2.696,True
ET_03,other,17.71,0.17064,0.28978,1.00857,10.72,16.487,5.158,True
ET_03,other,17.72,0.25497,0.26469,1.02216,19.878,10.921,9.996,True
ET_03,other,17.73,0.27879,0.18094,1.0263,25.423,0.925,12.379,True
ET_03,other,17.740000000000002,0.27553,0.10171,1.01757,22.14,-8.751,10.156,True
ET_03,other,17.75,0.1918,0.06334,1.02997,13.164,-16.63,5.157,True
ET_03,other,17.76,0.09187,0.05503,0.97257,0.132,-18.726,-0.668,True
ET_03,other,17.77,0.00734,0.05752,0.95017,-13.149,-14.945,-7.124,True
ET_03,other,17.78,-0.03512,0.1194,0.91397,-21.895,-6.96,-10.639,True
ET_03,other,17.79,-0.07463,0.19137,0.90469,-25.195,1.442,-12.59,True
ET_03,other,17.8,-0.03712,0.27843,0.94606,-18.307,10.547,-11.138,True
ET_03,other,17.81,0.08051,0.30664,0.92965,-9.601,16.257,-3.848,True
ET_03,other,17.82,0.14149,0.29811,1.0072,3.643,16.725,2.104,True
ET_03,other,17.830000000000002,0.23874,0.25689,1.01535,16.521,11.696,9.348,True
ET_03,other,17.84,0.26307,0.19492,1.03538,22.307,2.972,11.821,True
ET_03,other,17.85,0.28859,0.13475,1.03528,21.579,-4.32,11.453,True
ET_03,other,17.86,0.21866,0.08443,1.03106,16.682,-13.328,6.637,True
ET_03,other,17.87,0.13578,0.05656,1.00898,4.324,-17.554,2.211,True
ET_03,other,17.88,0.00845,0.06505,0.9273,-9.432,-15.02,-4.071,True
ET_03,other,17.89,-0.0377,0.09713,0.92507,-17.546,-11.19,-8.2,True
ET_03,other,17.900000000000002,-0.02151,0.13326,0.89342,-22.587,-2.71,-11.811,True
ET_03,other,17.91,-0.06159,0.23889,0.90228,-21.692,5.622,-11.847,True
ET_03,other,17.92,0.00896,0.27167,0.93413,-12.757,13.125,-4.904,True
ET_03,other,17.93,0.12229,0.28084,0.94912,-0.108,16.366,0.072,True
ET_03,other,17.94,0.19034,0.28674,0.9924,11.932,14.378,5.512,True
ET_03,other,17.95,0.22557,0.22558,1.03124,20.601,5.822,10.008,True
ET_03,other,17.96,0.25781,0.15848,1.03618,22.492,-0.634,13.208,True
ET_03,other,17.97,0.24095,0.09946,1.02823,18.444,-9.725,10.976,True
ET_03,other,17.98,0.18866,0.06841,0.99353,9.159,-14.601,5.3,True
ET_03,other,17.990000000000002,0.08931,0.06252,0.98627,-2.413,-15.684,-1.741,True
ET_03,other,18.0,0.01698,0.09671,0.93802,-14.511,-13.203,-6.68,True
ET_03,other,18.01,-0.04313,0.1281,0.896,-20.388,-7.657,-11.172,True
ET_03,other,18.02,-0.05392,0.21149,0.89912,-22.819,3.117,-10.012,True
ET_03,other,18.03,-0.02511,0.25473,0.93641,-15.964,10.979,-7.154,True
ET_03,other,18.04,0.07022,0.3065,0.94423,-6.473,14.708,-4.44,True
ET_03,other,18.05,0.1278,0.28884,1.02264,6.424,15.898,3.473,True
ET_03,other,18.06,0.22644,0.26729,1.023,14.889,10.339,9.139,True
ET_03,other,18.07,0.26468,0.20233,1.05161,21.615,3.002,10.693,True
ET_03,other,18.080000000000002,0.25984,0.13409,1.03656,19.364,-5.302,11.336,True
ET_03,other,18.09,0.19582,0.07838,1.00921,14.031,-13.638,6.137,True
ET_03,other,18.1,0.12133,0.07692,0.97729,2.762,-17.137,0.846,True
ET_03,other,18.11,0.05288,0.06251,0.94223,-8.779,-13.837,-2.824,True
ET_03,other,18.12,-0.05829,0.1294,0.9221,-17.677,-8.981,-8.852,True
ET_03,other,18.13,-0.03225,0.15765,0.90559,-20.476,-0.622,-10.494,True
ET_03,other,18.14,-0.02911,0.22406,0.92301,-18.032,8.783,-8.516,True
ET_03,other,18.150000000000002,0.02548,0.28206,0.9439,-9.219,12.789,-5.773,True
ET_03,other,18.16,0.11259,0.30035,0.9758,0.579,15.555,2.962,True
ET_03,other,18.17,0.1775,0.26497,1.00882,12.021,14.634,5.521,True
ET_03,other,18.18,0.25391,0.21266,1.04632,20.022,6.148,8.91,True
ET_03,other,18.19,0.22999,0.11945,1.05197,23.77,-2.186,10.556,True
ET_03,other,18.2,0.25169,0.10067,1.03686,16.197,-10.27,9.005,True
ET_03,other,18.21,0.15733,0.08074,0.97875,7.027,-15.544,3.775,True
ET_03,other,18.22,0.04719,0.07112,0.95098,-4.468,-14.967,-0.588,True
ET_03,other,18.23,-0.01565,0.0821,0.89245,-14.012,-11.013,-7.602,True
ET_03,other,18.240000000000002,-0.03998,0.16527,0.91276,-20.151,-3.306,-9.676,True
ET_03,other,18.25,-0.04105,0.20479,0.90037,-21.67,5.168,-9.51,True
ET_03,other,18.26,0.00196,0.24602,0.93174,-15.031,11.338,-7.75,True
ET_03,other,18.27,0.07076,0.28032,0.95701,-3.408,15.438,-2.411,True
ET_03,other,18.28,0.14665,0.2817,0.98269,8.58,14.266,2.88,True
ET_03,other,18.29,0.22637,0.27422,1.03719,17.201,10.691,9.464,True
ET_03,other,18.3,0.25942,0.20183,1.04753,20.197,1.367,10.566,True
ET_03,other,18.31,0.24187,0.13949,1.01801,19.858,-6.547,9.418,True
ET_03,other,18.32,0.1686,0.0655,0.98904,10.535,-12.347,5.773,True
ET_03,other,18.330000000000002,0.10326,0.09818,0.97978,1.135,-14.382,-0.605,True
ET_03,other,18.34,0.01885,0.07109,0.95456,-10.354,-13.206,-5.643,True
ET_03,other,18.35,-0.02158,0.13325,0.89788,-18.836,-7.199,-7.812,True
ET_03,other,18.36,-0.013,0.16842,0.8895,-21.445,0.822,-9.167,True
ET_03,other,18.37,-0.01909,0.23825,0.93749,-16.763,8.958,-8.617,True
ET_03,other,18.38,0.05592,0.29366,0.96061,-8.047,12.891,-4.999,True
ET_03,other,18.39,0.12044,0.29461,0.93569,3.132,15.237,1.878,True
ET_03,other,18.400000000000002,0.19942,0.25378,1.02597,14.112,11.108,6.068,True
ET_03,other,18.41,0.2605,0.22639,1.00132,20.153,5.211,10.313,True
ET_03,other,18.42,0.25135,0.14157,1.04168,19.75,-3.876,10.458,True
ET_03,other,18.43,0.204,0.11652,1.00329,14.324,-9.831,8.205,True
ET_03,other,18.44,0.15197,0.07279,0.99833,4.978,-13.006,4.095,True
ET_03,other,18.45,0.10494,0.07221,0.9547,-6.314,-14.769,-3.22,True
ET_03,other,18.46,0.01236,0.11596,0.91779,-15.856,-9.119,-7.309,True
ET_03,other,18.47,-0.03445,0.14896,0.90301,-19.082,-2.951,-9.987,True
ET_03,other,18.48,-0.02389,0.23685,0.91808,-18.765,4.921,-9.209,True
ET_03,other,18.490000000000002,0.00263,0.25603,0.92163,-10.121,10.738,-7.536,True
ET_03,other,18.5,0.10423,0.26473,0.96299,-2.327,14.497,-0.925,True
ET_03,other,18.51,0.15368,0.30154,0.99437,8.354,12.658,4.689,True
ET_03,other,18.52,0.2333,0.22746,1.00463,16.86,6.782,10.231,True
ET_03,other,18.53,0.24559,0.17593,1.01846,20.169,0.582,10.401,True
ET_03,other,18.54,0.25687,0.13001,1.03679,16.904,-8.26,8.988,True
ET_03,other,18.55,0.16691,0.08669,0.97645,9.125,-12.286,4.182,True
ET_03,other,18.56,0.11186,0.09382,0.93443,-2.445,-14.31,-0.652,True
ET_03,other,18.57,0.02737,0.11741,0.94424,-11.771,-11.314,-4.327,True
ET_03,other,18.580000000000002,-0.00463,0.14532,0.91787,-18.795,-5.725,-8.0,True
ET_03,other,18.59,-0.02408,0.22398,0.88494,-19.825,0.277,-8.354,True
ET_03,other,18.6,-0.02475,0.23902,0.93208,-15.737,10.075,-7.337,True
ET_03,other,18.61,0.06256,0.28176,0.94535,-6.635,14.73,-3.237,True
ET_03,other,18.62,0.17296,0.28056,0.99318,4.588,13.797,2.563,True
ET_03,other,18.63,0.21315,0.26722,1.0095,15.414,9.775,7.477,True
ET_03,other,18.64,0.23538,0.20381,1.03023,18.6,3.404,10.06,True
ET_03,other,18.650000000000002,0.24391,0.14094,1.00544,18.211,-3.091,10.445,True
ET_03,other,18.66,0.19878,0.09246,0.97085,12.336,-11.219,5.307,True
ET_03,other,18.67,0.14312,0.06499,0.9779,4.362,-14.173,1.574,True
ET_03,other,18.68,0.06337,0.09255,0.96568,-6.64,-15.296,-3.73,True
ET_03,other,18.69,0.03094,0.11433,0.90086,-15.669,-9.933,-8.451,True
ET_03,other,18.7,-0.02722,0.17228,0.92076,-21.931,-0.112,-10.356,True
ET_03,other,18.71,-0.00095,0.22092,0.92221,-17.287,6.39,-10.7,True
ET_03,other,18.72,0.05649,0.27453,0.92693,-10.466,12.926,-7.72,True
ET_03,other,18.73,0.10874,0.28867,0.94777,0.885,14.757,0.62,True
ET_03,other,18.740000000000002,0.20093,0.26184,0.98279,10.967,11.223,4.485,True
ET_03,other,18.75,0.27167,0.22083,1.0122,18.76,7.821,7.972,True
ET_03,other,18.76,0.26688,0.1817,1.01714,19.725,-0.605,10.084,True
ET_03,other,18.77,0.23539,0.1377,1.00428,17.308,-8.68,8.378,True
ET_03,other,18.78,0.16011,0.09629,0.98922,6.942,-13.625,3.262,True
ET_03,other,18.79,0.10455,0.1011,0.96289,-3.455,-14.309,-2.006,True
ET_03,other,18.8,0.01404,0.10464,0.93073,-13.068,-12.026,-6.711,True
ET_03,other,18.81,-0.02581,0.16579,0.92012,-17.254,-4.307,-10.051,True
ET_03,other,18.82,-0.02856,0.21874,0.94853,-18.808,2.95,-9.158,True
ET_03,other,18.830000000000002,0.02497,0.26603,0.92721,-13.88,10.498,-6.593,True
ET_03,other,18.84,0.07065,0.28668,0.93764,-5.725,13.334,-3.254,True
ET_03,other,18.85,0.15498,0.26726,0.98401,7.33,14.442,2.508,True
ET_03,other,18.86,0.2419,0.26331,0.99626,15.356,8.213,6.8,True
ET_03,other,18.87,0.23463,0.18672,1.02667,19.455,2.588,10.303,True
ET_03,other,18.88,0.27602,0.13395,1.0186,17.121,-4.824,9.498,True
ET_03,other,18.89,0.18804,0.11297,0.98064,11.319,-11.319,6.145,True
ET_03,other,18.900000000000002,0.14462,0.07325,0.9553,1.401,-14.554,0.761,True
ET_03,other,18.91,0.03941,0.10185,0.97299,-9.051,-12.328,-4.055,True
ET_03,other,18.92,-0.00756,0.1212,0.95378,-16.099,-8.066,-8.851,True
ET_03,other,18.93,-0.00646,0.19967,0.9386,-20.761,0.634,-9.179,True
ET_03,other,18.94,0.01617,0.22596,0.91938,-16.997,8.04,-8.002,True
ET_03,other,18.95,0.03551,0.29984,0.92511,-8.984,14.14,-4.266,True
ET_03,other,18.96,0.13661,0.27443,0.96251,1.809,14.665,0.939,True
ET_03,other,18.97,0.18791,0.29063,1.00186,11.489,12.79,6.751,True
ET_03,other,18.98,0.27787,0.22129,1.01919,19.411,6.387,10.239,True
ET_03,other,18.990000000000002,0.28214,0.1639,1.00162,20.188,-1.727,9.457,True
ET_03,other,19.0,0.22718,0.12505,1.01461,16.627,-9.026,6.442,True
ET_03,other,19.01,0.15655,0.1021,0.98452,4.851,-13.677,0.636,True
ET_03,other,19.02,0.10427,0.07535,0.97413,-4.974,-13.785,-2.471,True
ET_03,other,19.03,0.0295,0.08162,0.9155,-15.469,-10.71,-6.434,True
ET_03,other,19.04,-0.01989,0.16388,0.88489,-19.277,-2.637,-9.744,True
ET_03,other,19.05,0.00171,0.19151,0.90856,-20.007,5.562,-9.737,True
ET_03,other,19.06,0.01099,0.26199,0.93563,-13.981,9.902,-6.701,True
ET_03,other,19.07,0.10359,0.32141,0.93401,-2.237,14.586,-0.503,True
ET_03,other,19.080000000000002,0.19609,0.26739,0.98179,8.857,14.026,4.45,True
ET_03,other,19.09,0.20875,0.24621,1.02781,17.447,8.817,8.368,True
ET_03,other,19.1,0.28676,0.18966,1.02475,21.154,1.468,10.281,True
ET_03,other,19.11,0.26588,0.11251,1.01322,18.679,-7.307,10.122,True
ET_03,other,19.12,0.21458,0.12041,0.98493,10.45,-14.062,4.538,True
ET_03,other,19.13,0.12104,0.05119,0.94039,-1.206,-13.657,0.941,True
ET_03,other,19.14,0.05292,0.0868,0.94742,-9.915,-13.076,-6.059,True
ET_03,other,19.150000000000002,-0.00458,0.12199,0.91011,-19.424,-6.692,-8.739,True
ET_03,other,19.16,-0.02421,0.19983,0.91379,-20.496,2.887,-10.202,True
ET_03,other,19.17,-0.00389,0.26694,0.93282,-16.541,7.692,-8.034,True
ET_03,other,19.18,0.05955,0.30413,0.93376,-7.538,13.776,-3.815,True
ET_03,other,19.19,0.14194,0.28311,0.98559,4.16,14.96,2.273,True
ET_03,other,19.2,0.21527,0.2835,0.98345,12.98,10.353,7.136,True
ET_03,other,19.21,0.29504,0.20784,0.9921,18.94,4.305,9.552,True
ET_03,other,19.22,0.28545,0.17021,1.02429,20.271,-5.092,9.447,True
ET_03,other,19.23,0.26898,0.10104,0.9932,15.286,-10.574,8.003,True
ET_03,other,19.240000000000002,0.13717,0.06682,0.97414,5.192,-14.985,3.579,True
ET_03,other,19.25,0.06923,0.08367,0.94579,-6.506,-15.332,-3.963,True
ET_03,other,19.26,-0.00472,0.15068,0.91667,-16.097,-10.73,-8.091,True
ET_03,other,19.27,-0.03836,0.17305,0.92959,-21.276,-2.988,-12.409,True
ET_03,other,19.28,-0.01255,0.22712,0.90528,-18.223,6.369,-11.455,True
ET_03,other,19.29,0.05375,0.28916,0.90898,-12.105,12.013,-6.148,True
ET_03,other,19.3,0.11959,0.2912,0.97865,-0.127,16.211,-1.473,True
ET_03,other,19.31,0.19357,0.27841,0.98408,9.39,14.386,6.346,True
ET_03,other,19.32,0.24818,0.24054,0.98045,19.627,8.077,8.711,True
ET_03,other,19.330000000000002,0.27968,0.18057,1.00177,22.267,-0.799,10.605,True
ET_03,other,19.34,0.24582,0.11777,1.0136,18.457,-9.111,9.007,True
ET_03,other,19.35,0.19984,0.06972,0.9862,9.606,-13.782,4.087,True
ET_03,other,19.36,0.08731,0.08583,0.96105,-2.29,-15.975,-1.629,True
ET_03,other,19.37,0.04352,0.11628,0.93569,-11.401,-11.878,-5.387,True
ET_03,other,19.38,0.0008,0.13131,0.90493,-19.948,-6.983,-9.881,True
ET_03,other,19.39,-0.02783,0.17603,0.92527,-21.765,4.762,-9.602,True
ET_03,other,19.400000000000002,0.01398,0.28581,0.92217,-17.854,10.973,-8.334,True
ET_03,other,19.41,0.08921,0.29623,0.95336,-6.719,15.268,-3.285,True
ET_03,other,19.42,0.19199,0.30491,0.96476,4.953,15.647,2.385,True
ET_03,other,19.43,0.26442,0.27305,0.99055,16.89,10.938,7.894,True
ET_03,other,19.44,0.27999,0.22158,1.00968,21.909,3.539,10.243,True
ET_03,other,19.45,0.28156,0.12894,0.99535,20.673,-6.41,10.414,True
ET_03,other,19.46,0.19605,0.0832,0.97549,12.482,-13.185,7.829,True
ET_03,other,19.47,0.13377,0.08929,0.96254,4.223,-16.191,2.51,True
ET_03,other,19.48,0.05993,0.07442,0.95416,-11.164,-16.138,-3.909,True
ET_03,other,19.490000000000002,-0.00048,0.1378,0.89813,-17.671,-8.291,-9.588,True
ET_03,other,19.5,-0.02116,0.18467,0.90639,-23.035,-0.258,-10.482,True
ET_03,other,19.51,-0.01027,0.25005,0.90918,-19.116,7.657,-9.444,True
ET_03,other,19.52,0.04623,0.3158,0.93786,-10.545,15.629,-5.353,True
ET_03,other,19.53,0.15113,0.31151,0.93121,0.546,17.463,0.167,True
ET_03,other,19.54,0.23203,0.30207,0.9892,12.183,14.206,7.104,True
ET_03,other,19.55,0.2757,0.26098,1.02953,21.802,7.097,9.596,True
ET_03,other,19.56,0.31391,0.18021,1.00241,22.014,-1.464,13.016,True
ET_03,other,19.57,0.25063,0.12596,1.00757,18.263,-11.102,6.573,True
ET_03,other,19.580000000000002,0.18091,0.0642,0.97515,7.749,-15.201,4.14,True
ET_03,other,19.59,0.09394,0.07121,0.93053,-5.036,-16.227,-2.43,True
ET_03,other,19.6,0.02696,0.08698,0.90431,-14.477,-12.581,-7.353,True
ET_03,other,19.61,-0.02973,0.16508,0.8807,-22.612,-5.392,-11.118,True
ET_03,other,19.62,-0.02779,0.20962,0.89921,-22.719,4.6,-11.505,True
ET_03,other,19.63,0.04076,0.26675,0.90774,-16.795,11.266,-7.236,True
ET_03,other,19.64,0.11489,0.33541,0.95566,-4.603,17.316,-3.006,True
ET_03,other,19.650000000000002,0.17675,0.34132,0.98547,8.352,16.424,3.232,True
ET_03,other,19.66,0.24993,0.26888,1.0273,19.421,10.375,10.415,True
ET_03,other,19.67,0.31392,0.19256,1.01281,24.131,2.262,10.254,True
ET_03,other,19.68,0.29873,0.13153,1.02465,22.057,-8.356,10.682,True
ET_03,other,19.69,0.25156,0.11437,1.00701,11.592,-14.123,7.715,True
ET_03,other,19.7,0.12248,0.07965,0.957,2.331,-17.142,1.236,True
ET_03,other,19.71,0.05849,0.06342,0.87613,-11.797,-15.922,-5.135,True
ET_03,other,19.72,-0.0286,0.12918,0.9004,-20.224,-8.557,-11.284,True
ET_03,other,19.73,-0.05163,0.19464,0.89494,-24.353,0.341,-13.446,True
ET_03,other,19.740000000000002,0.0019,0.26401,0.9008,-19.783,10.428,-9.506,True
ET_03,other,19.75,0.07871,0.31709,0.89582,-11.85,14.457,-5.754,True
ET_03,other,19.76,0.16693,0.31406,0.94923,1.386,18.073,0.764,True
ET_03,other,19.77,0.25009,0.29852,0.97879,14.489,13.219,8.086,True
ET_03,other,19.78,0.31829,0.26419,0.99417,23.78,7.522,11.806,True
ET_03,other,19.79,0.30863,0.19721,1.03547,25.173,-2.643,11.501,True
ET_03,other,19.8,0.3046,0.11799,0.99771,18.053,-13.217,8.609,True
ET_03,other,19.81,0.21662,0.04832,0.94573,7.478,-19.513,3.018,True
ET_03,other,19.82,0.11173,0.06291,0.93011,-6.88,-18.471,-4.026,True
ET_03,other,19.830000000000002,0.00248,0.10683,0.92008,-18.307,-12.252,-8.945,True
ET_03,other,19.84,-0.04471,0.17931,0.87121,-23.419,-3.656,-12.075,True
ET_03,other,19.85,-0.03797,0.2629,0.88879,-23.087,7.298,-12.792,True
ET_03,other,19.86,0.04352,0.29401,0.91263,-16.904,16.114,-8.848,True
ET_03,other,19.87,0.12007,0.31063,0.91478,-2.304,18.012,-1.719,True
ET_03,other,19.88,0.23964,0.31122,0.98422,11.335,16.166,4.391,True
ET_03,other,19.89,0.29868,0.27898,1.0167,19.978,10.646,10.819,True
ET_03,other,19.900000000000002,0.31887,0.2062,1.06746,26.287,1.243,12.467,True
ET_03,other,19.91,0.316,0.12077,1.01002,22.349,-8.042,11.631,True
ET_03,other,19.92,0.25558,0.09516,0.95,13.303,-15.822,5.205,True
ET_03,other,19.93,0.14234,0.04112,0.96948,-1.279,-18.957,-0.107,True
ET_03,other,19.94,0.03317,0.05579,0.90779,-13.639,-18.139,-7.4,True
ET_03,other,19.95,-0.03067,0.15038,0.90821,-22.493,-8.589,-11.642,True
ET_03,other,19.96,-0.0329,0.20756,0.88461,-25.738,1.711,-12.861,True
ET_03,other,19.97,-0.01061,0.26246,0.90635,-19.828,12.075,-10.418,True
ET_03,other,19.98,0.09623,0.36253,0.93544,-8.419,17.859,-5.708,True
ET_03,other,19.990000000000002,0.19497,0.31537,0.97885,5.522,20.097,1.557,True
ET_03,other,20.0,0.29931,0.28044,0.98831,18.459,13.804,9.197,True
ET_03,other,20.01,0.35533,0.25307,1.0311,26.02,5.263,12.691,True
ET_03,other,20.02,0.31125,0.15036,0.9986,24.585,-6.151,11.726,True
ET_03,other,20.03,0.29568,0.12069,0.99677,18.391,-14.511,9.199,True
ET_03,other,20.04,0.17589,0.05711,0.94677,6.596,-18.865,1.651,True
ET_03,other,20.05,0.0763,0.08301,0.90962,-10.217,-18.137,-5.294,True
ET_03,other,20.06,-0.02341,0.11948,0.92613,-20.899,-12.357,-11.653,True
ET_03,other,20.07,-0.0524,0.18014,0.87136,-27.583,-2.849,-12.989,True
ET_03,other,20.080000000000002,-0.04258,0.2681,0.89265,-23.53,8.418,-12.135,True
ET_03,other,20.09,0.03186,0.33955,0.88857,-14.47,15.971,-7.386,True
ET_03,other,20.1,0.12088,0.33242,0.94942,0.761,19.188,-0.118,True
ET_03,other,20.11,0.26706,0.34354,0.96985,13.086,17.258,6.848,True
ET_03,other,20.12,0.33268,0.28088,1.02939,23.295,10.175,11.173,True
ET_03,other,20.13,0.38021,0.21882,1.03171,27.144,0.167,14.158,True
ET_03,other,20.14,0.33562,0.14625,1.01096,22.955,-11.006,11.437,True
ET_03,other,20.150000000000002,0.24266,0.04993,0.95343,12.77,-17.576,5.347,True
ET_03,other,20.16,0.12545,0.06412,0.91446,-3.845,-20.633,-1.825,True
ET_03,other,20.17,0.06178,0.1063,0.90215,-17.911,-16.488,-8.738,True
ET_03,other,20.18,-0.04711,0.17904,0.85722,-25.71,-6.322,-12.83,True
ET_03,other,20.19,-0.02875,0.20135,0.88334,-26.153,4.981,-13.635,True
ET_03,other,20.2,0.01295,0.30697,0.89171,-21.801,14.283,-7.99,True
ET_03,other,20.21,0.11461,0.35264,0.91489,-7.077,19.701,-3.062,True
ET_03,other,20.22,0.22347,0.32351,0.97144,5.746,20.674,3.881,True
ET_03,other,20.23,0.33765,0.30801,1.00299,20.308,14.107,10.457,True
ET_03,other,20.240000000000002,0.34941,0.25236,1.03789,27.071,3.842,14.203,True
ET_03,other,20.25,0.33869,0.14918,1.02464,25.729,-8.898,13.762,True
ET_03,other,20.26,0.27405,0.09329,0.99351,18.498,-15.331,7.834,True
ET_03,other,20.27,0.15818,0.03867,0.95449,2.08,-20.467,1.624,True
ET_03,other,20.28,0.04646,0.06695,0.88391,-12.128,-18.746,-6.493,True
ET_03,other,20.29,-0.0366,0.13083,0.89789,-24.512,-10.661,-12.191,True
ET_03,other,20.3,-0.06105,0.20298,0.84199,-28.898,-1.008,-15.238,True
ET_03,other,20.31,-0.01779,0.27465,0.9017,-25.901,11.283,-12.029,True
ET_03,other,20.32,0.04995,0.34377,0.92241,-15.044,18.616,-8.152,True
ET_03,other,20.330000000000002,0.15536,0.34546,0.95243,0.462,21.098,1.36,True
ET_03,other,20.34,0.28902,0.31844,0.99006,15.878,17.392,6.326,True
ET_03,other,20.35,0.36384,0.25468,0.99327,26.612,7.476,13.946,True
ET_03,other,20.36,0.38306,0.18367,1.03106,28.876,-2.986,15.009,True
ET_03,other,20.37,0.32519,0.07727,0.99988,21.503,-14.069,13.054,True
ET_03,other,20.38,0.237,0.06403,0.94759,10.435,-21.185,4.669,True
ET_03,other,20.39,0.09927,0.04343,0.92205,-7.481,-23.043,-2.501,True
ET_03,other,20.400000000000002,-0.01355,0.09099,0.88982,-21.538,-16.123,-12.397,True
ET_03,other,20.41,-0.04345,0.1602,0.85377,-28.045,-4.862,-13.911,True
ET_03,other,20.42,-0.0355,0.2799,0.88225,-28.732,6.457,-13.686,True
ET_03,other,20.43,0.01498,0.32508,0.87034,-18.258,16.408,-9.494,True
ET_03,other,20.44,0.11821,0.35395,0.91823,-5.351,22.029,-3.245,True
ET_03,other,20.45,0.22801,0.36944,0.9998,9.561,19.918,4.201,True
ET_03,other,20.46,0.34551,0.28955,0.99679,24.873,13.672,10.997,True
ET_03,other,20.47,0.39055,0.2258,1.0333,29.858,2.101,14.029,True
ET_03,other,20.48,0.38466,0.12002,1.02194,26.133,-8.862,13.888,True
ET_03,other,20.490000000000002,0.2963,0.07202,1.00641,15.902,-18.856,7.224,True
ET_03,other,20.5,0.15284,0.05685,0.93352,1.607,-22.171,-0.414,True
ET_03,other,20.51,0.07194,0.07062,0.90111,-14.798,-19.891,-8.148,True
ET_03,other,20.52,-0.04641,0.11996,0.85006,-25.619,-12.139,-12.34,True
ET_03,other,20.53,-0.02501,0.23141,0.85475,-29.433,1.689,-15.074,True
ET_03,other,20.54,0.00192,0.29689,0.86598,-25.277,11.867,-12.841,True
ET_03,other,20.55,0.0908,0.36381,0.8897,-11.301,21.489,-5.636,True
ET_03,other,20.56,0.22347,0.3742,0.97659,4.383,22.712,1.913,True
ET_03,other,20.57,0.3196,0.33215,0.99031,20.567,19.077,9.186,True
ET_03,other,20.580000000000002,0.40769,0.26629,1.00826,29.68,7.504,14.189,True
ET_03,other,20.59,0.40237,0.1749,1.00557,29.794,-4.778,15.562,True
ET_03,other,20.6,0.33445,0.09469,0.99652,22.087,-16.742,11.205,True
ET_03,other,20.61,0.21702,0.02679,0.95291,8.082,-22.487,3.874,True
ET_03,other,20.62,0.10024,0.05208,0.90336,-10.586,-21.527,-4.328,True
ET_03,other,20.63,0.00498,0.09859,0.89687,-24.565,-14.157,-12.409,True
ET_03,other,20.64,-0.04839,0.18494,0.8721,-29.102,-2.542,-15.198,True
ET_03,other,20.650000000000002,-0.04748,0.27072,0.82684,-29.962,8.928,-14.883,True
ET_03,other,20.66,0.03848,0.37038,0.88696,-17.157,18.395,-9.561,True
ET_03,other,20.67,0.1315,0.40858,0.93405,-2.894,24.841,-0.971,True
ET_03,other,20.68,0.27891,0.34127,0.98431,12.692,20.948,7.842,True
ET_03,other,20.69,0.35084,0.27568,1.00758,26.348,12.753,13.387,True
ET_03,other,20.7,0.41286,0.21704,1.03916,31.852,-0.761,15.601,True
ET_03,other,20.71,0.36561,0.15241,1.02377,27.038,-12.32,15.292,True
ET_03,other,20.72,0.28008,0.05453,0.98289,14.621,-21.144,6.873,True
ET_03,other,20.73,0.14819,0.04883,0.93063,-4.3,-22.202,0.939,True
ET_03,other,20.740000000000002,0.00591,0.0564,0.86544,-17.165,-18.656,-8.949,True
ET_03,other,20.75,-0.02443,0.13993,0.88447,-28.883,-9.69,-15.43,True
ET_03,other,20.76,-0.05449,0.24428,0.83861,-30.539,4.057,-15.604,True
ET_03,other,20.77,-0.02083,0.32021,0.86814,-22.865,15.704,-11.794,True
ET_03,other,20.78,0.08349,0.38844,0.90762,-9.33,21.824,-5.589,True
ET_03,other,20.79,0.23869,0.36228,0.95376,7.941,22.109,3.171,True
ET_03,other,20.8,0.32934,0.35423,0.99291,21.917,16.18,11.8,True
ET_03,other,20.81,0.42111,0.2805,0.99135,31.036,4.822,15.822,True
ET_03,other,20.82,0.38014,0.17113,1.02027,28.958,-5.666,14.051,True
ET_03,other,20.830000000000002,0.31419,0.0684,0.97187,20.281,-17.339,10.529,True
ET_03,other,20.84,0.25683,0.04499,0.97214,6.357,-23.89,1.262,True
ET_03,other,20.85,0.07889,0.06315,0.9138,-12.308,-21.601,-5.758,True
ET_03,other,20.86,-0.01172,0.11121,0.86699,-27.157,-14.143,-12.68,True
ET_03,other,20.87,-0.07739,0.19855,0.85459,-33.939,-2.402,-16.653,True
ET_03,other,20.88,-0.02644,0.3076,0.86426,-28.923,10.151,-14.082,True
ET_03,other,20.89,0.06031,0.37138,0.88963,-17.824,21.065,-7.975,True
ET_03,other,20.900000000000002,0.18965,0.38891,0.9384,0.271,22.722,-0.068,True
ET_03,other,20.91,0.28561,0.32952,0.99481,16.362,19.309,9.594,True
ET_03,other,20.92,0.40114,0.29634,1.0044,28.548,12.041,14.548,True
ET_03,other,20.93,0.44282,0.22596,1.03701,31.695,-1.188,15.618,True
ET_03,other,20.94,0.37466,0.10266,1.01929,26.447,-13.863,11.966,True
ET_03,other,20.95,0.26452,0.07554,0.97696,11.772,-21.812,6.51,True
ET_03,other,20.96,0.12787,0.04988,0.93942,-4.64,-22.481,-2.424,True
ET_03,other,20.97,0.01514,0.07291,0.87722,-21.007,-17.537,-11.709,True
ET_03,other,20.98,-0.04575,0.18719,0.83127,-30.708,-6.016,-15.361,True
ET_03,other,20.990000000000002,-0.02411,0.25579,0.84854,-31.182,4.625,-16.776,True
ET_03,other,21.0,0.0092,0.35286,0.8809,-23.397,17.041,-12.313,True
ET_03,other,21.01,0.12611,0.38002,0.92047,-7.198,24.896,-1.372,True
ET_03,other,21.02,0.2649,0.39817,0.97949,9.908,23.285,3.727,True
ET_03,other,21.03,0.35228,0.3058,1.00451,25.869,16.603,11.845,True
ET_03,other,21.04,0.39314,0.24284,1.03952,31.687,5.514,16.193,True
ET_03,other,21.05,0.42042,0.12958,1.01948,30.696,-8.308,15.115,True
ET_03,other,21.06,0.34689,0.08838,0.98694,19.261,-19.855,10.095,True
ET_03,other,21.07,0.1868,0.02733,0.94375,2.058,-23.832,1.794,True
ET_03,other,21.080000000000002,0.08388,0.04809,0.90186,-15.506,-21.307,-6.104,True
ET_03,other,21.09,-0.03694,0.13187,0.84692,-29.251,-12.846,-13.524,True
ET_03,other,21.1,-0.04099,0.22692,0.84767,-32.175,-0.69,-16.396,True
ET_03,other,21.11,-0.02619,0.31196,0.85481,-26.733,13.8,-14.103,True
ET_03,other,21.12,0.05663,0.37634,0.90941,-13.853,21.17,-8.525,True
ET_03,other,21.13,0.22972,0.37864,0.97154,2.826,24.844,2.006,True
ET_03,other,21.14,0.34813,0.34068,0.98463,20.674,19.481,10.092,True
ET_03,other,21.150000000000002,0.39153,0.30804,1.03759,31.344,9.615,14.626,True
ET_03,other,21.16,0.39858,0.17829,1.01429,33.603,-3.936,16.354,True
ET_03,other,21.17,0.37765,0.09742,1.00035,23.928,-15.986,11.841,True
ET_03,other,21.18,0.2624,0.03921,0.952,9.795,-21.795,4.745,True
ET_03,other,21.19,0.0993,0.02889,0.90242,-8.069,-22.768,-3.347,True
ET_03,other,21.2,-0.00136,0.10473,0.8745,-23.29,-17.711,-11.306,True
ET_03,other,21.21,-0.05434,0.18384,0.83709,-29.974,-4.953,-15.566,True
ET_03,other,21.22,-0.03204,0.27928,0.82157,-31.212,6.703,-15.921,True
ET_03,other,21.23,0.01275,0.3589,0.85249,-20.42,19.179,-10.656,True
ET_03,other,21.240000000000002,0.16061,0.39623,0.91629,-5.133,24.791,-2.14,True
ET_03,other,21.25,0.27361,0.3985,0.93338,12.153,22.048,6.26,True
ET_03,other,21.26,0.39747,0.31893,1.01502,26.408,14.358,12.593,True
ET_03,other,21.27,0.43192,0.23886,1.01007,33.154,1.336,17.18,True
ET_03,other,21.28,0.38418,0.11902,1.00226,28.899,-11.321,14.423,True
ET_03,other,21.29,0.29192,0.06205,0.99241,16.487,-20.825,8.366,True
ET_03,other,21.3,0.17785,0.02884,0.92563,-1.551,-23.059,-0.698,True
ET_03,other,21.31,0.06069,0.10097,0.89752,-19.123,-21.031,-8.416,True
ET_03,other,21.32,-0.00976,0.1695,0.89362,-29.718,-11.655,-12.93,True
ET_03,other,21.330000000000002,-0.07576,0.25396,0.8505,-32.994,1.953,-16.973,True
ET_03,other,21.34,0.01461,0.31862,0.86309,-25.021,14.554,-13.209,True
ET_03,other,21.35,0.09161,0.38201,0.88186,-12.642,22.466,-6.741,True
ET_03,other,21.36,0.21791,0.41317,0.96709,5.494,23.712,2.742,True
ET_03,other,21.37,0.34584,0.33245,0.99163,21.127,18.517,10.763,True
ET_03,other,21.38,0.42608,0.28787,1.05157,32.144,7.363,16.874,True
ET_03,other,21.39,0.41194,0.16377,1.01032,31.613,-6.291,16.272,True
ET_03,other,21.400000000000002,0.36415,0.07941,1.01153,23.784,-15.792,11.111,True
ET_03,other,21.41,0.27777,0.04106,0.93525,6.04,-23.669,5.729,True
ET_03,other,21.42,0.12516,0.06286,0.9049,-10.946,-24.321,-4.812,True
ET_03,other,21.43,0.03788,0.1251,0.83773,-24.851,-13.935,-12.145,True
ET_03,other,21.44,-0.07489,0.20109,0.82101,-31.867,-3.825,-16.793,True
ET_03,other,21.45,-0.07565,0.28638,0.85556,-29.768,10.277,-15.477,True
ET_03,other,21.46,0.04589,0.38598,0.88573,-18.297,18.872,-9.042,True
ET_03,other,21.47,0.19682,0.40915,0.93371,-1.494,24.425,-1.684,True
ET_03,other,21.48,0.27828,0.35375,0.98463,16.59,20.741,8.765,True
ET_03,other,21.490000000000002,0.40517,0.30022,0.98685,28.305,12.894,13.376,True
ET_03,other,21.5,0.44681,0.18987,1.04356,32.189,-0.376,16.517,True
ET_03,other,21.51,0.40557,0.15174,1.01076,27.931,-12.734,13.734,True
ET_03,other,21.52,0.30711,0.06349,0.9763,14.356,-21.769,6.75,True
ET_03,other,21.53,0.14147,0.07141,0.9276,-3.852,-25.15,-1.386,True
ET_03,other,21.54,0.07043,0.09622,0.86525,-18.888,-19.987,-10.652,True
ET_03,other,21.55,-0.00203,0.16472,0.83534,-29.878,-8.122,-14.764,True
ET_03,other,21.56,-0.02855,0.25355,0.86334,-31.59,4.524,-17.044,True
ET_03,other,21.57,0.00577,0.32463,0.87077,-25.094,16.979,-12.784,True
ET_03,other,21.580000000000002,0.14033,0.3915,0.91439,-9.055,22.048,-3.501,True
ET_03,other,21.59,0.27579,0.39109,0.95533,7.825,20.941,4.341,True
ET_03,other,21.6,0.34802,0.35629,1.0131,23.156,16.994,11.474,True
ET_03,other,21.61,0.4206,0.23483,1.02796,30.338,4.916,15.417,True
ET_03,other,21.62,0.42115,0.15899,1.01282,30.72,-7.309,14.595,True
ET_03,other,21.63,0.32477,0.09721,0.99946,19.77,-20.157,9.673,True
ET_03,other,21.64,0.23957,0.04082,0.93396,4.194,-23.597,4.015,True
ET_03,other,21.650000000000002,0.11722,0.04598,0.88418,-13.623,-21.493,-4.882,True
ET_03,other,21.66,-0.00506,0.12851,0.84844,-28.132,-12.691,-14.242,True
ET_03,other,21.67,-0.044,0.2209,0.85851,-31.815,-1.188,-16.391,True
ET_03,other,21.68,0.00387,0.2993,0.84266,-28.85,10.497,-13.749,True
ET_03,other,21.69,0.07506,0.38769,0.87962,-15.752,20.67,-8.567,True
ET_03,other,21.7,0.21158,0.37004,0.9218,0.472,23.36,-0.686,True
ET_03,other,21.71,0.3095,0.35459,0.96922,17.626,19.429,8.728,True
ET_03,other,21.72,0.41,0.29834,0.99927,29.551,9.775,15.255,True
ET_03,other,21.73,0.43175,0.19965,0.9994,31.689,-2.84,17.734,True
ET_03,other,21.740000000000002,0.38996,0.10595,0.98544,25.088,-13.978,10.835,True
ET_03,other,21.75,0.25556,0.08638,0.97105,11.058,-20.566,5.18,True
ET_03,other,21.76,0.16234,0.03298,0.9131,-6.908,-21.791,-2.741,True
ET_03,other,21.77,0.03559,0.09387,0.87767,-20.232,-16.613,-10.606,True
ET_03,other,21.78,-0.0143,0.17773,0.86379,-29.791,-7.212,-16.206,True
ET_03,other,21.79,-0.01918,0.26911,0.85575,-31.007,5.644,-14.012,True
ET_03,other,21.8,0.02931,0.33529,0.88057,-20.187,16.361,-10.479,True
ET_03,other,21.81,0.15455,0.38701,0.90436,-6.897,24.106,-2.419,True
ET_03,other,21.82,0.27027,0.40025,0.96951,10.354,22.196,5.463,True
ET_03,other,21.830000000000002,0.38943,0.33028,1.00651,24.506,14.929,10.584,True
ET_03,other,21.84,0.39968,0.25263,0.98401,30.018,4.107,15.646,True
ET_03,other,21.85,0.38066,0.17206,1.00465,27.92,-9.686,13.76,True
ET_03,other,21.86,0.31459,0.09275,0.98828,18.674,-19.146,6.701,True
ET_03,other,21.87,0.21153,0.05283,0.91907,1.891,-22.723,1.859,True
ET_03,other,21.88,0.09924,0.08068,0.87107,-14.648,-19.48,-6.735,True
ET_03,other,21.89,0.0106,0.1345,0.82862,-27.005,-9.404,-14.674,True
ET_03,other,21.900000000000002,-0.04005,0.2422,0.80595,-32.941,1.327,-15.928,True
ET_03,other,21.91,0.00399,0.31686,0.86739,-26.381,11.906,-12.211,True
ET_03,other,21.92,0.10217,0.34226,0.89491,-13.406,20.928,-5.816,True
ET_03,other,21.93,0.22103,0.39754,0.94263,3.621,22.446,3.235,True
ET_03,other,21.94,0.35544,0.34712,0.96728,18.393,18.199,8.335,True
ET_03,other,21.95,0.44219,0.25114,1.03104,28.714,8.297,14.982,True
ET_03,other,21.96,0.42232,0.18869,1.01375,29.629,-3.569,14.649,True
ET_03,other,21.97,0.34884,0.09435,0.97519,22.485,-15.766,10.945,True
ET_03,other,21.98,0.25304,0.07116,0.93835,8.889,-21.367,3.772,True
ET_03,other,21.990000000000002,0.14603,0.05169,0.91768,-9.349,-22.532,-3.283,True
ET_03,other,22.0,0.0633,0.11816,0.89559,-22.632,-14.452,-8.969,True
ET_03,other,22.01,-0.01907,0.19161,0.83038,-29.186,-4.271,-14.803,True
ET_03,other,22.02,0.01857,0.26882,0.87237,-27.504,7.738,-12.037,True
ET_03,other,22.03,0.04019,0.33419,0.87182,-18.538,18.062,-9.208,True
ET_03,other,22.04,0.16622,0.38618,0.90801,-3.206,20.868,-1.293,True
ET_03,other,22.05,0.29473,0.37617,0.9646,13.096,19.887,6.551,True
ET_03,other,22.06,0.38536,0.30812,0.99078,23.716,11.677,12.869,True
ET_03,other,22.07,0.4289,0.23884,1.02339,30.222,1.637,15.388,True
ET_03,other,22.080000000000002,0.4037,0.14019,0.96666,25.36,-10.239,12.733,True
ET_03,other,22.09,0.32878,0.08841,0.95593,13.614,-19.731,6.791,True
ET_03,other,22.1,0.19693,0.03434,0.90936,-1.839,-21.687,-1.92,True
ET_03,other,22.11,0.0572,0.07663,0.87672,-16.875,-18.099,-8.039,True
ET_03,other,22.12,-0.03112,0.19828,0.85788,-26.258,-9.461,-14.137,True
ET_03,other,22.13,-0.00718,0.22253,0.82527,-29.127,2.475,-14.4,True
ET_03,other,22.14,0.02843,0.31055,0.8519,-22.902,14.9,-10.03,True
ET_03,other,22.150000000000002,0.1302,0.36528,0.90965,-9.398,20.71,-4.816,True
ET_03,other,22.16,0.2349,0.3775,0.90676,7.068,22.147,3.83,True
ET_03,other,22.17,0.34738,0.34657,0.98085,19.096,15.259,10.157,True
ET_03,other,22.18,0.39011,0.25519,1.0239,25.548,5.337,14.166,True
ET_03,other,22.19,0.39445,0.18815,1.00385,27.17,-5.509,12.513,True
ET_03,other,22.2,0.35306,0.12052,0.98649,20.382,-14.976,8.121,True
ET_03,other,22.21,0.25942,0.06527,0.97495,6.8,-21.765,2.774,True
ET_03,other,22.22,0.11784,0.06363,0.89205,-9.544,-19.852,-3.419,True
ET_03,other,22.23,0.00916,0.12775,0.86325,-24.379,-13.599,-10.022,True
ET_03,other,22.240000000000002,-0.02287,0.19002,0.85223,-29.522,-1.706,-15.51,True
ET_03,other,22.25,0.01695,0.29713,0.87689,-26.1,8.601,-13.067,True
ET_03,other,22.26,0.09068,0.35139,0.88673,-15.372,18.007,-8.594,True
ET_03,other,22.27,0.19382,0.36929,0.91683,-0.58,19.877,-0.83,True
ET_03,other,22.28,0.28579,0.3482,0.96911,15.77,18.548,8.002,True
ET_03,other,22.29,0.40443,0.31223,0.9615,24.66,9.707,14.053,True
ET_03,other,22.3,0.41197,0.21284,0.99522,28.318,-1.304,13.89,True
ET_03,other,22.31,0.38976,0.14537,1.00077,22.922,-10.049,11.5,True
ET_03,other,22.32,0.28103,0.0793,0.96441,11.638,-16.73,4.791,True
ET_03,other,22.330000000000002,0.19213,0.05712,0.91272,-2.776,-20.316,-2.441,True
ET_03,other,22.34,0.07013,0.12036,0.87902,-16.49,-16.379,-8.813,True
ET_03,other,22.35,0.01759,0.17464,0.85044,-26.544,-6.243,-14.08,True
ET_03,other,22.36,0.02419,0.23307,0.84653,-27.874,1.909,-14.022,True
ET_03,other,22.37,0.02073,0.30552,0.86684,-19.866,13.989,-9.392,True
ET_03,other,22.38,0.14073,0.38034,0.92119,-6.545,18.396,-6.069,True
ET_03,other,22.39,0.23322,0.3579,0.94209,7.668,18.226,4.139,True
ET_03,other,22.400000000000002,0.33483,0.31075,0.99536,21.769,14.367,8.732,True
ET_03,other,22.41,0.41354,0.22638,1.01275,26.121,3.097,12.77,True
ET_03,other,22.42,0.37732,0.16176,0.99449,25.479,-6.397,11.681,True
ET_03,other,22.43,0.30487,0.12601,0.98016,16.003,-14.487,7.965,True
ET_03,other,22.44,0.24449,0.0863,0.92286,1.861,-19.641,2.958,True
ET_03,other,22.45,0.12528,0.09718,0.88371,-11.19,-18.62,-5.173,True
ET_03,other,22.46,0.01368,0.15123,0.84072,-22.716,-10.782,-12.355,True
ET_03,other,22.47,-0.00619,0.25939,0.8498,-25.575,-1.055,-14.347,True
ET_03,other,22.48,0.02822,0.30019,0.86915,-22.12,10.034,-11.275,True
ET_03,other,22.490000000000002,0.09383,0.36443,0.87731,-12.365,15.832,-5.462,True
ET_03,other,22.5,0.22302,0.38584,0.93708,2.198,20.992,1.705,True
ET_03,other,22.51,0.3106,0.3537,0.99236,14.213,16.669,7.715,True
ET_03,other,22.52,0.38778,0.28014,0.98336,22.634,8.102,11.733,True
ET_03,other,22.53,0.3879,0.20885,0.99276,26.22,-2.999,12.749,True
ET_03,other,22.54,0.33828,0.1276,0.95295,18.49,-11.807,10.531,True
ET_03,other,22.55,0.28018,0.05967,0.95224,6.81,-17.87,2.859,True
ET_03,other,22.56,0.17263,0.08629,0.88011,-7.229,-18.712,-2.318,True
ET_03,other,22.57,0.07763,0.129,0.85473,-17.536,-15.721,-8.781,True
ET_03,other,22.580000000000002,0.02885,0.19729,0.87034,-24.782,-4.995,-12.761,True
ET_03,other,22.59,0.03322,0.29313,0.86585,-25.336,5.367,-12.053,True
ET_03,other,22.6,0.08759,0.34893,0.87467,-16.679,14.516,-7.904,True
ET_03,other,22.61,0.17253,0.37082,0.904,-4.911,17.563,-2.773,True
ET_03,other,22.62,0.2775,0.35809,0.93795,9.953,16.919,4.993,True
ET_03,other,22.63,0.36075,0.31499,0.96576,20.718,11.863,9.894,True
ET_03,other,22.64,0.35587,0.26177,1.00988,25.866,1.834,12.499,True
ET_03,other,22.650000000000002,0.35101,0.16384,0.96512,22.44,-7.724,11.309,True
ET_03,other,22.66,0.30791,0.11202,0.97358,12.827,-14.993,5.991,True
ET_03,other,22.67,0.20836,0.10795,0.93583,-0.347,-17.392,0.05,True
ET_03,other,22.68,0.12393,0.10087,0.88393,-12.265,-15.696,-7.848,True
ET_03,other,22.69,0.05089,0.18031,0.86775,-23.908,-9.582,-11.692,True
ET_03,other,22.7,0.02237,0.22671,0.87301,-24.325,2.169,-11.91,True
ET_03,other,22.71,0.05095,0.29719,0.86861,-20.294,8.889,-10.543,True
ET_03,other,22.72,0.13685,0.36821,0.90542,-9.582,17.95,-3.738,True
ET_03,other,22.73,0.23755,0.36157,0.92563,3.283,16.98,1.878,True
ET_03,other,22.740000000000002,0.31407,0.3413,0.95172,17.691,13.776,6.796,True
ET_03,other,22.75,0.34971,0.24529,1.01596,23.573,4.457,11.365,True
ET_03,other,22.76,0.38055,0.18858,1.00674,23.276,-4.466,12.258,True
ET_03,other,22.77,0.35756,0.13189,0.97354,18.135,-12.543,7.899,True
ET_03,other,22.78,0.26918,0.09695,0.95332,5.495,-17.298,3.688,True
ET_03,other,22.79,0.14067,0.1045,0.91207,-6.689,-17.405,-3.207,True
ET_03,other,22.8,0.09428,0.15695,0.87979,-17.845,-10.396,-9.012,True
ET_03,other,22.81,0.02562,0.18987,0.86173,-24.172,-2.605,-11.839,True
ET_03,other,22.82,0.04566,0.28078,0.85716,-22.789,6.926,-11.349,True
ET_03,other,22.830000000000002,0.11261,0.2991,0.87336,-14.439,12.715,-6.828,True
ET_03,other,22.84,0.20521,0.38948,0.92364,-1.917,16.762,-1.595,True
ET_03,other,22.85,0.29467,0.34399,0.93965,10.243,15.537,5.478,True
ET_03,other,22.86,0.34679,0.29341,0.9771,21.187,9.717,9.767,True
ET_03,other,22.87,0.35581,0.19454,1.00281,22.761,-0.224,10.804,True
ET_03,other,22.88,0.34849,0.15084,0.97577,20.317,-8.897,10.136,True
ET_03,other,22.89,0.27754,0.10047,0.94837,12.151,-15.37,6.648,True
ET_03,other,22.900000000000002,0.16859,0.1016,0.90242,-2.216,-17.37,-0.201,True
ET_03,other,22.91,0.10733,0.12185,0.85341,-14.116,-13.145,-7.631,True
ET_03,other,22.92,0.04828,0.173,0.86562,-21.648,-7.702,-11.548,True
ET_03,other,22.93,0.02352,0.26424,0.87201,-23.943,2.293,-11.604,True
ET_03,other,22.94,0.06033,0.31346,0.87652,-17.101,10.442,-8.744,True
ET_03,other,22.95,0.14307,0.33627,0.8934,-6.915,15.477,-3.749,True
ET_03,other,22.96,0.23143,0.31667,0.92192,5.416,15.899,3.053,True
ET_03,other,22.97,0.32396,0.30384,0.95643,15.464,11.836,8.365,True
ET_03,other,22.98,0.35225,0.24805,0.9792,21.068,3.495,10.373,True
ET_03,other,22.990000000000002,0.34517,0.15453,0.99002,20.281,-5.449,9.27,True
ET_03,other,23.0,0.30907,0.1235,0.94913,13.011,-12.068,6.929,True
ET_03,other,23.01,0.23243,0.0909,0.94559,3.219,-15.823,1.902,True
ET_03,other,23.02,0.13361,0.14299,0.91037,-8.967,-16.065,-4.377,True
ET_03,other,23.03,0.0531,0.1402,0.88208,-18.455,-9.568,-10.458,True
ET_03,other,23.04,0.03808,0.24464,0.84607,-21.852,-0.718,-11.94,True
ET_03,other,23.05,0.04569,0.29288,0.87995,-19.814,7.516,-9.192,True
ET_03,other,23.06,0.1138,0.32063,0.8614,-11.233,14.997,-6.992,True
ET_03,other,23.07,0.20285,0.35547,0.92382,1.646,16.031,0.681,True
ET_03,other,23.080000000000002,0.28546,0.30933,0.94395,12.361,15.315,5.184,True
ET_03,other,23.09,0.3549,0.27034,1.02016,19.092,6.421,10.188,True
ET_03,other,23.1,0.34688,0.22878,0.99337,22.587,-0.286,9.622,True
ET_03,other,23.11,0.34388,0.12094,0.95395,16.594,-10.019,8.332,True
ET_03,other,23.12,0.24248,0.11384,0.94013,8.038,-13.752,3.087,True
ET_03,other,23.13,0.1429,0.10175,0.91617,-1.786,-16.639,-1.602,True
ET_03,other,23.14,0.10713,0.14624,0.87163,-15.58,-11.283,-7.362,True
ET_03,other,23.150000000000002,0.06221,0.17571,0.89393,-20.289,-4.09,-9.882,True
ET_03,other,23.16,0.05044,0.26269,0.90827,-20.957,2.909,-9.862,True
ET_03,other,23.17,0.11679,0.30243,0.89325,-15.005,10.698,-7.338,True
ET_03,other,23.18,0.17595,0.32382,0.91997,-5.82,15.327,-3.303,True
ET_03,other,23.19,0.22507,0.32324,0.94565,7.082,14.951,3.667,True
ET_03,other,23.2,0.28756,0.29133,0.97823,16.741,9.916,7.384,True
ET_03,other,23.21,0.35804,0.24178,1.01237,20.474,2.631,10.536,True
ET_03,other,23.22,0.35284,0.20045,0.98259,18.604,-5.693,9.953,True
ET_03,other,23.23,0.26066,0.107,0.96582,11.016,-12.95,6.268,True
ET_03,other,23.240000000000002,0.19096,0.1425,0.93048,1.463,-16.495,-0.48,True
ET_03,other,23.25,0.10516,0.1325,0.8819,-9.715,-12.544,-4.446,True
ET_03,other,23.26,0.04621,0.16145,0.86151,-18.764,-9.085,-9.145,True
ET_03,other,23.27,0.0307,0.21922,0.88756,-21.454,1.754,-10.507,True
ET_03,other,23.28,0.03792,0.29761,0.90119,-18.031,8.676,-9.148,True
ET_03,other,23.29,0.12982,0.32619,0.88962,-8.756,13.944,-5.369,True
ET_03,other,23.3,0.17519,0.35947,0.96014,1.671,14.88,1.11,True
ET_03,other,23.31,0.31098,0.31022,0.95668,12.441,11.895,6.125,True
ET_03,other,23.32,0.3437,0.24835,0.96145,19.459,5.07,9.8,True
ET_03,other,23.330000000000002,0.34465,0.18793,0.98344,19.562,-3.039,9.51,True
ET_03,other,23.34,0.30309,0.14334,0.96554,15.268,-10.091,8.068,True
ET_03,other,23.35,0.2586,0.0963,0.94993,5.744,-13.716,2.957,True
ET_03,other,23.36,0.13293,0.08898,0.92877,-4.963,-14.298,-3.159,True
ET_03,other,23.37,0.06936,0.14063,0.88661,-14.372,-9.912,-7.593,True
ET_03,other,23.38,0.0363,0.23635,0.88552,-19.861,-2.13,-9.445,True
ET_03,other,23.39,0.02984,0.24762,0.87523,-17.801,3.805,-11.793,True
ET_03,other,23.400000000000002,0.10403,0.27495,0.90129,-12.456,11.147,-7.242,True
ET_03,other,23.41,0.15297,0.32758,0.91371,-2.662,14.311,-2.568,True
ET_03,other,23.42,0.24505,0.33252,0.93088,8.798,13.299,3.939,True
ET_03,other,23.43,0.30347,0.2891,0.96339,17.058,8.225,6.488,True
ET_03,other,23.44,0.32242,0.20621,0.9954,20.523,1.266,9.962,True
ET_03,other,23.45,0.33386,0.14691,0.97188,18.19,-6.15,10.795,True
ET_03,other,23.46,0.27155,0.14014,0.95599,9.72,-13.21,5.459,True
ET_03,other,23.47,0.19113,0.10826,0.92675,-0.112,-15.047,1.2,True
ET_03,other,23.48,0.13564,0.13674,0.91144,-9.753,-11.871,-6.616,True
ET_03,other,23.490000000000002,0.06774,0.16592,0.86369,-19.3,-8.126,-9.245,True
ET_03,other,23.5,0.043,0.23214,0.87387,-20.197,0.707,-8.83,True
ET_03,other,23.51,0.05872,0.29896,0.88546,-14.98,11.049,-7.233,True
ET_03,other,23.52,0.13112,0.34256,0.8859,-7.469,13.25,-2.048,True
ET_03,other,23.53,0.24364,0.3332,0.9395,3.69,14.645,0.863,True
ET_03,other,23.54,0.274,0.28606,0.97459,12.077,9.689,6.377,True
ET_03,other,23.55,0.3317,0.25938,0.99461,20.438,3.127,9.686,True
ET_03,other,23.56,0.33875,0.20585,1.00893,17.994,-4.693,10.283,True
ET_03,other,23.57,0.30471,0.12613,0.96618,15.27,-11.564,6.032,True
ET_03,other,23.580000000000002,0.21512,0.13175,0.9575,4.285,-13.203,2.177,True
ET_03,other,23.59,0.18325,0.11542,0.92217,-5.745,-13.082,-4.558,True
ET_03,other,23.6,0.06611,0.13791,0.89495,-14.8,-7.155,-6.992,True
ET_03,other,23.61,0.02897,0.19552,0.85182,-19.964,-2.655,-9.273,True
ET_03,other,23.62,0.032,0.28723,0.87014,-17.112,6.754,-9.457,True
ET_03,other,23.63,0.09739,0.29894,0.90513,-11.518,12.584,-7.577,True
ET_03,other,23.64,0.1752,0.33856,0.93784,-1.148,15.409,-0.784,True
ET_03,other,23.650000000000002,0.27647,0.32289,0.94018,10.778,12.591,3.908,True
ET_03,other,23.66,0.29799,0.25214,1.00291,18.015,5.504,9.518,True
ET_03,other,23.67,0.30601,0.2146,0.99057,17.815,0.572,10.435,True
ET_03,other,23.68,0.3232,0.18426,0.98112,16.99,-7.596,8.643,True
ET_03,other,23.69,0.25782,0.13287,0.92686,7.835,-13.024,4.182,True
ET_03,other,23.7,0.1702,0.12334,0.93625,-3.227,-12.968,-2.089,True
ET_03,other,23.71,0.109,0.12916,0.90079,-11.688,-11.774,-5.77,True
ET_03,other,23.72,0.06043,0.14712,0.86043,-19.019,-4.013,-8.211,True
ET_03,other,23.73,0.0525,0.2288,0.87645,-18.872,3.785,-9.423,True
ET_03,other,23.740000000000002,0.08585,0.28724,0.9102,-15.477,10.319,-6.067,True
ET_03,other,23.75,0.15809,0.30537,0.92845,-6.749,11.86,-2.199,True
ET_03,other,23.76,0.22851,0.32777,0.95809,6.093,14.867,3.719,True
ET_03,other,23.77,0.28634,0.26851,0.94384,14.092,10.178,8.105,True
ET_03,other,23.78,0.33873,0.22004,0.98704,20.102,3.041,9.97,True
ET_03,other,23.79,0.31415,0.18377,0.95798,18.343,-4.417,9.804,True
ET_03,other,23.8,0.29469,0.1073,0.97422,12.132,-10.64,5.979,True
ET_03,other,23.81,0.20361,0.10596,0.95223,2.78,-14.192,0.785,True
ET_03,other,23.82,0.13478,0.11652,0.91772,-7.705,-13.143,-3.621,True
ET_03,other,23.830000000000002,0.05273,0.15644,0.92339,-16.402,-7.202,-8.08,True
ET_03,other,23.84,0.03628,0.20934,0.87333,-19.886,-1.387,-9.743,True
ET_03,other,23.85,0.08062,0.25978,0.89743,-18.758,6.838,-8.924,True
ET_03,other,23.86,0.10631,0.29229,0.92561,-10.218,13.574,-5.57,True
ET_03,other,23.87,0.18906,0.32196,0.93331,0.578,13.756,0.512,True
ET_03,other,23.88,0.27296,0.30108,0.93785,11.014,12.004,6.005,True
ET_03,other,23.89,0.30827,0.26798,0.98015,18.701,6.862,9.064,True
ET_03,other,23.900000000000002,0.33543,0.20947,1.00881,20.846,-1.552,9.692,True
ET_03,other,23.91,0.29639,0.12615,0.98445,15.425,-9.545,7.527,True
ET_03,other,23.92,0.24,0.10769,0.93773,7.251,-13.771,2.05,True
ET_03,other,23.93,0.13628,0.10693,0.90131,-2.158,-14.152,-1.003,True
ET_03,other,23.94,0.09492,0.14163,0.91207,-13.766,-11.457,-7.108,True
ET_03,other,23.95,0.0457,0.1555,0.88981,-18.85,-3.492,-9.807,True
ET_03,other,23.96,0.05434,0.25492,0.88671,-19.162,4.268,-8.56,True
ET_03,other,23.97,0.07707,0.32156,0.89854,-14.115,11.086,-6.266,True
ET_03,other,23.98,0.14709,0.31104,0.94242,-3.319,13.378,-1.733,True
ET_03,other,23.990000000000002,0.22884,0.30119,0.96661,7.273,13.906,4.729,True
ET_03,other,24.0,0.31669,0.27198,0.98068,16.605,9.724,7.53,True
ET_03,other,24.01,0.35685,0.23788,0.96874,20.113,2.309,11.11,True
ET_03,other,24.02,0.31386,0.17012,0.92679,18.988,-6.244,8.748,True
ET_03,other,24.03,0.25859,0.12806,0.97256,11.462,-12.471,5.51,True
ET_03,other,24.04,0.20798,0.09134,0.95399,1.643,-16.505,1.256,True
ET_03,other,24.05,0.09381,0.09599,0.92171,-9.873,-14.151,-4.328,True
ET_03,other,24.060000000000002,0.06228,0.17005,0.88023,-17.194,-7.479,-9.349,True
ET_03,other,24.07,0.01266,0.21517,0.86851,-21.423,1.251,-9.428,True
ET_03,other,24.080000000000002,0.02586,0.27308,0.90704,-18.179,8.817,-7.858,True
ET_03,other,24.09,0.11439,0.31455,0.90627,-8.209,14.095,-4.084,True
ET_03,other,24.1,0.20064,0.32864,0.94854,2.397,14.834,1.756,True
ET_03,other,24.11,0.26707,0.30046,0.96018,12.748,12.946,5.724,True
ET_03,other,24.12,0.30736,0.23315,0.99151,19.535,5.81,9.377,True
ET_03,other,24.13,0.3195,0.15637,0.97391,20.538,-2.298,9.518,True
ET_03,other,24.14,0.29165,0.13147,0.98373,14.57,-10.2,8.138,True
ET_03,other,24.150000000000002,0.2055,0.13314,0.95401,6.27,-15.374,2.759,True
ET_03,other,24.16,0.14855,0.10889,0.89305,-6.53,-13.533,-1.285,True
ET_03,other,24.17,0.06857,0.1456,0.88684,-15.089,-8.058,-7.991,True
ET_03,other,24.18,0.01674,0.20023,0.87371,-19.841,-2.536,-10.207,True
ET_03,other,24.19,0.0357,0.24712,0.89682,-19.973,5.517,-10.506,True
ET_03,other,24.2,0.07471,0.27334,0.92271,-13.095,11.394,-5.361,True
ET_03,other,24.21,0.13605,0.32503,0.93743,-3.053,15.612,-0.647,True
ET_03,other,24.22,0.23578,0.32,0.95161,10.174,14.476,4.738,True
ET_03,other,24.23,0.28015,0.30533,0.98335,16.557,8.387,9.234,True
ET_03,other,24.240000000000002,0.33067,0.22893,0.97266,20.495,1.591,9.917,True
ET_03,other,24.25,0.31645,0.17133,1.00153,18.246,-5.875,9.971,True
ET_03,other,24.26,0.23748,0.12218,0.95038,10.158,-12.903,6.191,True
ET_03,other,24.27,0.15365,0.09583,0.95725,-1.25,-15.739,0.4,True
ET_03,other,24.28,0.1172,0.13546,0.9311,-12.725,-12.491,-6.1,True
ET_03,other,24.29,0.05402,0.1607,0.88355,-18.048,-6.292,-9.76,True
ET_03,other,24.3,0.01028,0.226,0.88327,-21.814,2.161,-10.146,True
ET_03,other,24.310000000000002,0.05136,0.28588,0.91786,-15.043,10.319,-9.121,True
ET_03,other,24.32,0.1487,0.31435,0.92184,-7.432,16.403,-4.494,True
ET_03,other,24.330000000000002,0.19077,0.30762,0.95572,4.526,15.174,2.221,True
ET_03,other,24.34,0.28117,0.2926,0.98995,14.624,11.385,7.739,True
ET_03,other,24.35,0.34206,0.2344,0.97656,21.672,3.895,10.162,True
ET_03,other,24.36,0.32334,0.17457,0.97119,21.415,-5.852,8.985,True
ET_03,other,24.37,0.25214,0.11672,0.97427,12.976,-12.562,6.814,True
ET_03,other,24.38,0.18221,0.09445,0.95386,5.316,-14.073,0.969,True
ET_03,other,24.39,0.10731,0.0955,0.92274,-9.554,-15.325,-4.675,True
ET_03,other,24.400000000000002,0.04108,0.14816,0.89104,-16.694,-9.536,-9.53,True
ET_03,other,24.41,0.01241,0.21719,0.88344,-22.064,-2.336,-11.241,True
ET_03,other,24.42,0.01117,0.2789,0.87928,-19.548,7.257,-8.112,True
ET_03,other,24.43,0.07106,0.30506,0.87709,-11.534,11.947,-5.026,True
ET_03,other,24.44,0.15548,0.32809,0.9379,-0.931,16.197,0.292,True
ET_03,other,24.45,0.24456,0.31383,0.95801,11.933,13.09,6.405,True
ET_03,other,24.46,0.30457,0.27292,0.97656,19.136,6.755,10.139,True
ET_03,other,24.47,0.3298,0.18277,0.9984,22.187,-0.459,11.116,True
ET_03,other,24.48,0.32126,0.14892,1.02374,19.142,-9.556,10.167,True
ET_03,other,24.490000000000002,0.24552,0.08752,0.96464,9.201,-13.601,3.957,True
ET_03,other,24.5,0.1423,0.08237,0.93475,-2.117,-15.863,-2.978,True
ET_03,other,24.51,0.06111,0.09249,0.91218,-12.998,-12.909,-6.884,True
ET_03,other,24.52,-0.00505,0.16728,0.85947,-20.573,-5.218,-9.16,True
ET_03,other,24.53,0.00876,0.23763,0.88144,-22.406,1.914,-10.352,True
ET_03,other,24.54,0.03033,0.26701,0.9099,-17.6,11.639,-8.76,True
ET_03,other,24.55,0.11278,0.33099,0.93476,-5.983,17.396,-2.878,True
ET_03,other,24.560000000000002,0.19903,0.3155,0.9697,5.923,16.466,2.149,True
ET_03,other,24.57,0.30063,0.25997,0.95943,16.529,10.396,9.695,True
ET_03,other,24.580000000000002,0.31447,0.22774,1.02643,23.359,2.195,10.114,True
ET_03,other,24.59,0.31908,0.16961,0.98415,20.759,-6.344,10.852,True
ET_03,other,24.6,0.23226,0.11125,0.99676,14.931,-13.59,8.365,True
ET_03,other,24.61,0.16944,0.0849,0.96141,1.792,-17.717,2.024,True
ET_03,other,24.62,0.06565,0.11735,0.95304,-9.715,-15.344,-5.301,True
ET_03,other,24.63,0.01993,0.13231,0.89416,-19.843,-9.352,-9.256,True
ET_03,other,24.64,-0.00964,0.21201,0.90938,-23.813,0.721,-13.103,True
ET_03,other,24.650000000000002,0.01712,0.28254,0.89571,-20.087,9.507,-10.711,True
ET_03,other,24.66,0.05887,0.29565,0.91672,-10.868,14.823,-5.472,True
ET_03,other,24.67,0.15638,0.31553,0.95425,2.203,16.934,0.699,True
ET_03,other,24.68,0.2717,0.32685,0.98253,12.969,14.901,6.673,True
ET_03,other,24.69,0.31313,0.27077,0.9883,20.994,5.774,10.771,True
ET_03,other,24.7,0.3245,0.17249,1.01056,23.143,-1.754,13.511,True
ET_03,other,24.71,0.30192,0.16339,0.99998,18.776,-12.363,9.345,True
ET_03,other,24.72,0.21355,0.05912,0.95063,7.0,-15.574,4.859,True
ET_03,other,24.73,0.11639,0.03508,0.92698,-4.964,-17.315,-1.802,True
ET_03,other,24.740000000000002,0.05078,0.12424,0.89558,-17.57,-13.694,-7.745,True
ET_03,other,24.75,-0.01992,0.17976,0.87956,-25.041,-3.451,-12.723,True
ET_03,other,24.76,-0.01385,0.26608,0.88912,-23.867,4.728,-12.479,True
ET_03,other,24.77,0.01152,0.26108,0.89419,-15.687,13.251,-8.552,True
ET_03,other,24.78,0.11458,0.32073,0.95243,-4.281,17.614,-3.35,True
ET_03,other,24.79,0.22027,0.32826,0.96394,9.297,15.27,4.387,True
ET_03,other,24.8,0.31041,0.2831,1.00116,21.059,11.659,9.848,True
ET_03,other,24.810000000000002,0.33035,0.20685,1.02209,27.118,1.332,13.929,True
ET_03,other,24.82,0.32116,0.13144,1.02569,23.242,-8.882,10.966,True
ET_03,other,24.830000000000002,0.27895,0.11296,0.98858,14.629,-15.729,7.357,True
ET_03,other,24.84,0.14145,0.07173,0.91909,1.018,-17.621,0.555,True
ET_03,other,24.85,0.05274,0.09767,0.92632,-13.234,-15.446,-6.314,True
ET_03,other,24.86,-0.00597,0.134,0.88219,-21.688,-8.13,-11.024,True
ET_03,other,24.87,-0.01504,0.20726,0.87512,-25.295,0.242,-11.836,True
ET_03,other,24.88,-0.00209,0.27522,0.8955,-22.217,10.375,-11.163,True
ET_03,other,24.89,0.09957,0.34698,0.94283,-9.397,17.057,-4.952,True
ET_03,other,24.900000000000002,0.1958,0.28448,0.96319,4.206,18.868,2.78,True
ET_03,other,24.91,0.29941,0.30708,0.98855,17.885,13.09,7.672,True
ET_03,other,24.92,0.30743,0.24073,1.02285,25.741,5.707,11.388,True
ET_03,other,24.93,0.34211,0.17674,0.98927,24.451,-2.881,13.224,True
ET_03,other,24.94,0.29346,0.09663,0.99534,18.425,-14.488,8.603,True
ET_03,other,24.95,0.20615,0.06135,0.98301,4.796,-19.454,2.652,True
ET_03,other,24.96,0.08652,0.0472,0.93371,-8.989,-18.6,-4.848,True
ET_03,other,24.97,0.00374,0.09855,0.87962,-20.174,-12.107,-8.552,True
ET_03,other,24.98,-0.04471,0.16713,0.87568,-25.885,-3.342,-11.121,True
ET_03,other,24.990000000000002,-0.04035,0.25706,0.87851,-24.647,7.399,-12.216,True
ET_03,other,25.0,0.04344,0.33638,0.89391,-14.804,16.07,-7.766,True
ET_03,other,25.01,0.16491,0.34878,0.93802,-2.485,18.308,-1.958,True
ET_03,other,25.02,0.2389,0.30395,0.97547,12.634,18.367,5.46,True
ET_03,other,25.03,0.30186,0.25546,1.03198,21.768,9.51,10.342,True
ET_03,other,25.04,0.35775,0.20957,1.04794,27.893,-0.751,14.465,True
ET_03,other,25.05,0.32073,0.13422,1.01804,20.94,-9.989,11.57,True
ET_03,other,25.060000000000002,0.2667,0.07337,0.98137,13.076,-18.646,5.398,True
ET_03,other,25.07,0.10986,0.05321,0.96161,-1.745,-21.476,-0.299,True
ET_03,other,25.080000000000002,0.00213,0.09982,0.90329,-15.56,-16.242,-9.277,True
ET_03,other,25.09,-0.02235,0.14437,0.88626,-26.256,-7.269,-12.783,True
ET_03,other,25.1,-0.0622,0.21398,0.87883,-28.644,3.344,-13.475,True
ET_03,other,25.11,0.00973,0.29293,0.89182,-20.952,12.068,-10.224,True
ET_03,other,25.12,0.07528,0.34517,0.9332,-9.512,20.049,-5.468,True
ET_03,other,25.13,0.2016,0.34195,0.97176,6.785,19.769,3.696,True
ET_03,other,25.14,0.29147,0.2911,0.99822,19.301,14.121,10.62,True
ET_03,other,25.150000000000002,0.34631,0.24088,1.04664,26.196,3.404,12.688,True
ET_03,other,25.16,0.33847,0.1637,1.02688,26.574,-6.358,13.14,True
ET_03,other,25.17,0.29148,0.09648,1.0104,17.616,-15.192,9.883,True
ET_03,other,25.18,0.19122,0.04707,0.96142,5.626,-21.109,3.756,True
ET_03,other,25.19,0.07335,0.05928,0.93464,-10.571,-19.127,-5.525,True
ET_03,other,25.2,-0.05661,0.09697,0.89812,-22.266,-12.39,-11.702,True
ET_03,other,25.21,-0.08856,0.18721,0.87449,-28.708,-0.727,-14.172,True
ET_03,other,25.22,-0.01633,0.26546,0.89392,-25.431,10.16,-12.869,True
ET_03,other,25.23,0.03837,0.33827,0.92503,-15.915,17.85,-7.099,True
ET_03,other,25.240000000000002,0.13875,0.33753,0.95814,-0.312,20.076,-0.96,True
ET_03,other,25.25,0.26211,0.35503,1.0209,14.071,18.452,7.656,True
ET_03,other,25.26,0.33397,0.26978,1.03421,25.287,7.5,12.275,True
ET_03,other,25.27,0.32083,0.18621,1.03303,28.859,-0.709,14.779,True
ET_03,other,25.28,0.32167,0.08015,1.00495,23.348,-11.79,11.03,True
ET_03,other,25.29,0.21117,0.05481,0.94646,12.003,-18.879,4.401,True
ET_03,other,25.3,0.09782,0.06331,0.95336,-4.403,-21.446,-1.849,True
ET_03,other,25.310000000000002,0.00677,0.08978,0.92526,-19.334,-17.331,-10.549,True
ET_03,other,25.32,-0.07218,0.12399,0.89701,-27.939,-6.987,-14.096,True
ET_03,other,25.330000000000002,-0.06009,0.24434,0.86429,-28.036,3.526,-13.256,True
ET_03,other,25.34,-0.02022,0.3176,0.91818,-20.502,14.741,-10.437,True
ET_03,other,25.35,0.08728,0.33871,0.92717,-5.174,20.867,-2.273,True
ET_03,other,25.36,0.20059,0.37366,0.98884,9.42,21.435,4.869,True
ET_03,other,25.37,0.29005,0.29584,1.01976,23.367,13.409,11.798,True
ET_03,other,25.38,0.36734,0.22065,1.04822,29.069,2.454,14.691,True
ET_03,other,25.39,0.34037,0.12472,1.01879,26.402,-9.137,14.377,True
ET_03,other,25.400000000000002,0.28388,0.07269,0.99787,17.285,-16.347,6.965,True
ET_03,other,25.41,0.17304,0.03998,0.94201,2.869,-22.209,0.425,True
ET_03,other,25.42,0.02165,0.05216,0.92594,-13.777,-18.331,-5.798,True
ET_03,other,25.43,-0.05306,0.09423,0.88392,-26.019,-10.957,-14.581,True
ET_03,other,25.44,-0.06382,0.19862,0.88105,-29.745,0.591,-15.391,True
ET_03,other,25.45,-0.07079,0.29422,0.90237,-25.657,12.02,-13.174,True
ET_03,other,25.46,0.03439,0.32585,0.94345,-12.756,19.275,-6.822,True
ET_03,other,25.47,0.1537,0.3608,0.95689,3.273,23.03,1.723,True
ET_03,other,25.48,0.25962,0.34489,1.00055,18.334,17.747,9.275,True
ET_03,other,25.490000000000002,0.35312,0.2416,1.04551,29.112,7.545,13.549,True
ET_03,other,25.5,0.37356,0.14772,1.03286,28.064,-2.89,15.857,True
ET_03,other,25.51,0.29072,0.09675,1.0187,22.329,-16.075,11.684,True
ET_03,other,25.52,0.20789,0.04847,0.95692,8.768,-21.923,4.94,True
ET_03,other,25.53,0.10152,0.04077,0.96707,-7.268,-22.234,-3.235,True
ET_03,other,25.54,-0.02538,0.08403,0.89999,-21.586,-16.37,-11.444,True
ET_03,other,25.55,-0.07676,0.16898,0.86101,-29.385,-3.512,-15.31,True
ET_03,other,25.560000000000002,-0.08001,0.21996,0.88606,-28.873,7.215,-15.799,True
ET_03,other,25.57,-0.01047,0.32696,0.88556,-19.359,17.198,-8.916,True
ET_03,other,25.580000000000002,0.09415,0.3339,0.98053,-4.597,23.32,-3.185,True
ET_03,other,25.59,0.24507,0.33764,1.00428,11.744,19.374,6.713,True
ET_03,other,25.6,0.30087,0.24756,1.0111,25.197,12.714,13.298,True
ET_03,other,25.61,0.33883,0.18839,1.04794,31.027,2.704,16.676,True
ET_03,other,25.62,0.33748,0.12408,1.0468,27.363,-11.807,13.64,True
ET_03,other,25.63,0.24161,0.04989,0.97975,15.75,-20.332,7.913,True
ET_03,other,25.64,0.12043,0.01493,0.95835,-2.141,-22.846,-1.638,True
ET_03,other,25.650000000000002,0.00839,0.05093,0.93394,-16.562,-18.161,-9.695,True
ET_03,other,25.66,-0.07864,0.12077,0.87733,-29.148,-10.53,-15.188,True
ET_03,other,25.67,-0.11433,0.20642,0.86855,-30.559,1.146,-15.714,True
ET_03,other,25.68,-0.06808,0.29937,0.88306,-24.428,14.284,-11.362,True
ET_03,other,25.69,0.04404,0.32654,0.93019,-11.403,21.463,-4.508,True
ET_03,other,25.7,0.17413,0.37395,0.97704,4.189,22.553,2.368,True
ET_03,other,25.71,0.29096,0.31311,1.00908,20.852,16.805,10.848,True
ET_03,other,25.72,0.32621,0.23359,1.03467,31.557,5.488,16.754,True
ET_03,other,25.73,0.35496,0.16304,1.03908,28.986,-3.618,14.699,True
ET_03,other,25.740000000000002,0.25171,0.08366,1.00272,22.019,-17.359,11.82,True
ET_03,other,25.75,0.1838,0.05002,0.98178,7.371,-22.787,2.835,True
ET_03,other,25.76,0.0848,0.00435,0.94242,-10.277,-22.594,-3.873,True
ET_03,other,25.77,-0.03176,0.02409,0.90128,-25.237,-14.103,-12.762,True
ET_03,other,25.78,-0.12397,0.16859,0.90861,-32.356,-2.477,-16.489,True
ET_03,other,25.79,-0.09311,0.26273,0.89356,-28.484,10.817,-14.096,True
ET_03,other,25.8,0.00236,0.33087,0.92944,-18.062,18.244,-8.395,True
ET_03,other,25.810000000000002,0.12431,0.35678,0.92728,-2.361,23.304,-1.156,True
ET_03,other,25.82,0.22756,0.33506,1.01726,15.73,19.264,7.383,True
ET_03,other,25.830000000000002,0.3354,0.27919,1.03601,29.053,11.544,13.651,True
ET_03,other,25.84,0.3535,0.15736,1.0939,31.991,-2.15,16.409,True
ET_03,other,25.85,0.30651,0.10238,1.03579,26.699,-13.657,12.376,True
ET_03,other,25.86,0.24811,0.03783,0.96267,14.889,-20.9,8.092,True
ET_03,other,25.87,0.09622,0.00808,0.99075,-3.353,-23.827,-1.121,True
ET_03,other,25.88,-0.02078,0.06858,0.91822,-19.632,-17.63,-9.332,True
ET_03,other,25.89,-0.09243,0.11606,0.88361,-29.798,-7.841,-14.679,True
ET_03,other,25.900000000000002,-0.11637,0.2197,0.85667,-30.173,4.658,-16.173,True
ET_03,other,25.91,-0.04577,0.31873,0.8942,-24.865,14.655,-11.422,True
ET_03,other,25.92,0.01294,0.34596,0.93355,-10.364,23.012,-5.164,True
ET_03,other,25.93,0.1823,0.3787,0.96321,8.072,21.441,4.737,True
ET_03,other,25.94,0.28513,0.30901,1.01745,23.084,16.178,10.964,True
ET_03,other,25.95,0.3335,0.22412,1.06657,31.546,5.007,17.625,True
ET_03,other,25.96,0.33433,0.12489,1.0333,29.493,-8.356,13.809,True
ET_03,other,25.97,0.30003,0.04746,1.01006,20.035,-19.899,10.395,True
ET_03,other,25.98,0.17251,0.00161,0.97667,3.065,-23.539,1.3,True
ET_03,other,25.990000000000002,0.01291,-0.0094,0.90485,-14.292,-19.732,-6.492,True
ET_03,other,26.0,-0.06975,0.07761,0.86959,-27.368,-12.406,-12.833,True
ET_03,other,26.01,-0.13063,0.15418,0.87642,-32.664,-0.532,-16.282,True
ET_03,other,26.02,-0.08221,0.26478,0.88271,-28.903,12.324,-14.609,True
ET_03,other,26.03,-0.01225,0.32146,0.93996,-15.281,20.229,-8.016,True
ET_03,other,26.04,0.13723,0.34546,0.96019,1.354,24.446,-0.034,True
ET_03,other,26.05,0.25453,0.3376,1.01753,18.083,19.362,10.399,True
ET_03,other,26.060000000000002,0.33116,0.26429,1.04359,29.891,11.71,13.926,True
ET_03,other,26.07,0.3427,0.20225,1.06629,32.033,-3.993,15.876,True
ET_03,other,26.080000000000002,0.32926,0.07538,1.02838,26.325,-14.741,12.765,True
ET_03,other,26.09,0.19789,0.01983,0.98198,11.238,-23.444,4.263,True
ET_03,other,26.1,0.10432,0.01784,0.92166,-5.663,-23.343,-3.246,True
ET_03,other,26.11,-0.04316,0.047,0.91542,-22.01,-16.364,-11.529,True
ET_03,other,26.12,-0.12481,0.12297,0.872,-32.776,-6.007,-16.312,True
ET_03,other,26.13,-0.10866,0.22712,0.87848,-32.623,4.387,-17.284,True
ET_03,other,26.14,-0.07703,0.30028,0.90464,-22.732,18.61,-10.925,True
ET_03,other,26.150000000000002,0.04923,0.35886,0.95341,-7.854,23.022,-3.193,True
ET_03,other,26.16,0.20536,0.32376,1.00857,11.555,23.334,4.796,True
ET_03,other,26.17,0.32876,0.28545,1.03596,26.631,15.234,11.956,True
ET_03,other,26.18,0.35153,0.206,1.04954,32.528,2.627,16.065,True
ET_03,other,26.19,0.32304,0.11907,1.06412,30.909,-11.255,15.407,True
ET_03,other,26.2,0.26495,0.0077,1.01338,17.876,-19.969,8.527,True
ET_03,other,26.21,0.14829,0.01849,0.93163,1.136,-25.382,2.5,True
ET_03,other,26.22,-0.0153,0.06082,0.92575,-15.13,-20.247,-8.707,True
ET_03,other,26.23,-0.12603,0.11445,0.88071,-28.09,-10.743,-14.212,True
ET_03,other,26.240000000000002,-0.12772,0.1806,0.86992,-32.186,2.164,-16.189,True
ET_03,other,26.25,-0.10599,0.27494,0.87908,-27.355,13.384,-13.947,True
ET_03,other,26.26,0.00463,0.34247,0.93943,-14.311,23.008,-5.257,True
ET_03,other,26.27,0.16163,0.34163,0.96956,2.883,23.733,1.867,True
ET_03,other,26.28,0.25571,0.30481,1.02323,19.997,19.061,10.711,True
ET_03,other,26.29,0.32941,0.22043,1.04376,30.832,8.501,16.136,True
ET_03,other,26.3,0.37063,0.14756,1.05356,32.938,-3.86,17.456,True
ET_03,other,26.310000000000002,0.29654,0.08065,1.02662,23.039,-17.874,12.301,True
ET_03,other,26.32,0.20646,0.03107,0.97595,6.39,-23.013,6.083,True
ET_03,other,26.330000000000002,0.03226,0.02413,0.93083,-9.349,-22.988,-4.957,True
ET_03,other,26.34,-0.03367,0.06538,0.92188,-24.31,-17.234,-12.121,True
ET_03,other,26.35,-0.10732,0.15961,0.8724,-31.321,-5.579,-15.784,True
ET_03,other,26.36,-0.14602,0.23229,0.8861,-31.048,8.398,-15.223,True
ET_03,other,26.37,-0.03136,0.29736,0.92156,-20.073,18.88,-10.73,True
ET_03,other,26.38,0.0809,0.36723,0.98787,-3.415,22.965,-0.845,True
ET_03,other,26.39,0.21059,0.3431,0.98562,13.958,21.213,6.547,True
ET_03,other,26.400000000000002,0.31457,0.26172,1.02944,27.001,13.861,13.612,True
ET_03,other,26.41,0.34445,0.19304,1.05322,33.41,2.216,16.871,True
ET_03,other,26.42,0.32756,0.09948,1.04899,29.226,-14.329,13.705,True
ET_03,other,26.43,0.21677,0.03331,1.01348,15.893,-21.596,9.961,True
ET_03,other,26.44,0.07931,0.00681,0.98981,-2.806,-25.173,0.038,True
ET_03,other,26.45,-0.01938,0.04064,0.89636,-18.518,-19.731,-10.645,True
ET_03,other,26.46,-0.10024,0.09948,0.87617,-29.47,-11.164,-14.984,True
ET_03,other,26.47,-0.13999,0.19176,0.86853,-32.049,3.469,-15.712,True
ET_03,other,26.48,-0.07955,0.29626,0.89732,-25.465,14.768,-11.347,True
ET_03,other,26.490000000000002,0.01793,0.34391,0.96391,-9.252,22.383,-5.64,True
ET_03,other,26.5,0.15018,0.36872,0.97339,6.226,23.939,3.974,True
ET_03,other,26.51,0.2815,0.31896,1.02956,22.612,17.326,11.488,True
ET_03,other,26.52,0.33116,0.24057,1.03621,33.018,5.939,15.318,True
ET_03,other,26.53,0.32481,0.12741,1.06497,29.854,-7.607,15.548,True
ET_03,other,26.54,0.26757,0.05059,1.05456,21.58,-18.074,10.725,True
ET_03,other,26.55,0.14795,-0.00067,1.00377,3.483,-22.147,3.486,True
ET_03,other,26.560000000000002,0.02311,0.02744,0.92897,-12.03,-22.846,-6.383,True
ET_03,other,26.57,-0.09736,0.08994,0.87116,-26.891,-14.983,-11.671,True
ET_03,other,26.580000000000002,-0.11297,0.16916,0.89291,-32.598,-2.379,-15.063,True
ET_03,other,26.59,-0.10095,0.25763,0.91191,-29.465,11.044,-12.986,True
ET_03,other,26.6,-0.01912,0.32213,0.92309,-16.572,19.865,-9.414,True
ET_03,other,26.61,0.11075,0.33545,0.95967,0.585,24.942,0.93,True
ET_03,other,26.62,0.2299,0.31616,1.02104,16.353,20.984,8.497,True
ET_03,other,26.63,0.3274,0.27888,1.04482,28.167,10.452,13.599,True
ET_03,other,26.64,0.33745,0.17701,1.04774,32.041,-1.403,15.992,True
ET_03,other,26.650000000000002,0.30103,0.08208,1.06434,25.472,-12.549,12.857,True
ET_03,other,26.66,0.20698,0.00247,1.00958,14.163,-22.753,7.028,True
ET_03,other,26.67,0.08512,0.02281,0.97784,-3.569,-24.279,-1.896,True
ET_03,other,26.68,-0.02036,0.06002,0.89032,-19.438,-17.174,-9.856,True
ET_03,other,26.69,-0.14,0.11277,0.89338,-31.085,-6.66,-15.748,True
ET_03,other,26.7,-0.13076,0.20843,0.8753,-31.914,4.762,-15.706,True
ET_03,other,26.71,-0.0617,0.30425,0.89972,-23.044,16.648,-11.274,True
ET_03,other,26.72,0.05047,0.3328,0.94682,-6.818,23.667,-2.776,True
ET_03,other,26.73,0.17221,0.33966,0.99212,8.593,22.41,3.724,True
ET_03,other,26.740000000000002,0.28328,0.2885,1.03928,23.943,14.398,11.585,True
ET_03,other,26.75,0.32672,0.19492,1.05626,31.92,3.653,14.096,True
ET_03,other,26.76,0.30634,0.12943,1.05608,30.233,-8.163,14.315,True
ET_03,other,26.77,0.21172,0.04349,1.03116,19.692,-18.32,8.603,True
ET_03,other,26.78,0.14915,-0.00308,0.97214,3.082,-22.125,1.517,True
ET_03,other,26.79,0.01554,0.05152,0.9451,-14.81,-20.97,-6.139,True
ET_03,other,26.8,-0.12363,0.09721,0.88368,-25.839,-12.725,-13.102,True
ET_03,other,26.810000000000002,-0.09871,0.17731,0.88591,-31.808,0.573,-15.912,True
ET_03,other,26.82,-0.08422,0.28095,0.87841,-27.695,11.871,-13.282,True
ET_03,other,26.830000000000002,-0.0085,0.3088,0.92023,-14.893,20.829,-6.819,True
ET_03,other,26.84,0.13924,0.3452,0.9747,0.228,23.876,2.027,True
ET_03,other,26.85,0.23341,0.30313,1.01719,19.226,19.277,9.584,True
ET_03,other,26.86,0.31761,0.22649,1.04551,29.072,8.955,14.525,True
ET_03,other,26.87,0.31763,0.16109,1.05229,30.535,-3.228,15.234,True
ET_03,other,26.88,0.28834,0.07428,1.0358,24.188,-13.865,11.96,True
ET_03,other,26.89,0.17721,0.00637,0.99241,9.771,-22.694,5.726,True
ET_03,other,26.900000000000002,0.05422,0.01608,0.92718,-7.647,-21.866,-4.341,True
ET_03,other,26.91,-0.03355,0.07147,0.90309,-21.733,-14.99,-11.636,True
ET_03,other,26.92,-0.11017,0.12623,0.90415,-29.355,-5.031,-14.748,True
ET_03,other,26.93,-0.09874,0.21938,0.88918,-28.789,7.367,-14.415,True
ET_03,other,26.94,-0.01848,0.29726,0.91401,-20.449,16.733,-10.103,True
ET_03,other,26.95,0.0665,0.35803,0.9517,-4.439,22.456,-2.427,True
ET_03,other,26.96,0.19478,0.32253,1.0039,11.287,20.99,6.742,True
ET_03,other,26.97,0.25921,0.27151,1.04228,22.545,14.204,11.877,True
ET_03,other,26.98,0.31679,0.18193,1.06777,29.834,2.741,16.303,True
ET_03,other,26.990000000000002,0.2901,0.07494,1.03056,27.757,-11.001,13.046,True
ET_03,other,27.0,0.23675,0.02385,1.01008,16.801,-19.239,8.287,True
ET_03,other,27.01,0.09882,0.01494,0.97737,0.471,-22.603,-0.21,True
ET_03,other,27.02,-0.01721,0.04238,0.94593,-16.183,-17.552,-7.113,True
ET_03,other,27.03,-0.1246,0.10793,0.90335,-27.324,-7.267,-12.353,True
ET_03,other,27.04,-0.09954,0.18508,0.90272,-29.519,1.896,-14.94,True
ET_03,other,27.05,-0.08359,0.28177,0.90478,-23.749,13.202,-13.348,True
ET_03,other,27.060000000000002,0.01512,0.28747,0.96249,-10.874,19.774,-5.043,True
ET_03,other,27.07,0.12213,0.33165,0.99081,5.098,21.977,1.237,True
ET_03,other,27.080000000000002,0.24575,0.31788,1.01998,20.047,17.418,9.42,True
ET_03,other,27.09,0.29056,0.22405,1.04229,26.767,7.438,14.459,True
ET_03,other,27.1,0.27069,0.12649,1.02081,29.335,-3.693,15.371,True
ET_03,other,27.11,0.23165,0.07499,1.02112,21.981,-14.204,10.075,True
ET_03,other,27.12,0.13665,0.03248,0.96742,6.546,-20.576,3.383,True
ET_03,other,27.13,-0.00746,0.04254,0.94562,-9.418,-20.051,-3.919,True
ET_03,other,27.14,-0.0516,0.04694,0.90958,-22.636,-13.509,-11.267,True
ET_03,other,27.150000000000002,-0.088,0.15432,0.92175,-28.776,-4.377,-13.654,True
ET_03,other,27.16,-0.08423,0.24067,0.89739,-28.423,7.064,-12.258,True
ET_03,other,27.17,-0.02966,0.3295,0.92214,-17.27,17.399,-7.637,True
ET_03,other,27.18,0.09767,0.31171,0.98415,-2.619,21.958,-1.438,True
ET_03,other,27.19,0.16181,0.31769,1.00748,12.334,19.264,5.919,True
ET_03,other,27.2,0.28772,0.24949,1.04823,24.496,10.699,12.364,True
ET_03,other,27.21,0.31049,0.18152,1.06728,27.401,1.223,14.023,True
ET_03,other,27.22,0.26656,0.09026,1.03103,23.724,-11.505,12.888,True
ET_03,other,27.23,0.17606,0.05067,1.04073,13.925,-18.898,7.848,True
ET_03,other,27.240000000000002,0.10359,0.02379,0.9609,-2.05,-20.624,-1.515,True
ET_03,other,27.25,-0.02926,0.06365,0.92053,-17.864,-16.474,-8.389,True
ET_03,other,27.26,-0.05532,0.1094,0.92743,-25.386,-7.659,-12.239,True
ET_03,other,27.27,-0.11763,0.20136,0.87078,-28.254,4.175,-14.372,True
ET_03,other,27.28,-0.05095,0.2734,0.91286,-21.715,13.178,-11.952,True
ET_03,other,27.29,0.04867,0.31456,0.97098,-8.849,18.701,-3.163,True
ET_03,other,27.3,0.14573,0.32666,0.97949,5.7,20.962,3.834,True
ET_03,other,27.310000000000002,0.23595,0.30856,1.00259,18.81,14.647,10.011,True
ET_03,other,27.32,0.30338,0.24293,1.04111,28.016,3.689,13.916,True
ET_03,other,27.330000000000002,0.30452,0.12602,1.03893,25.79,-7.422,13.105,True
ET_03,other,27.34,0.23819,0.06754,1.03315,17.455,-15.316,7.87,True
ET_03,other,27.35,0.13417,0.00867,0.9864,4.169,-19.891,2.912,True
ET_03,other,27.36,-0.00483,0.02753,0.91238,-11.014,-18.572,-4.288,True
ET_03,other,27.37,-0.03171,0.09713,0.90532,-21.966,-11.324,-11.805,True
ET_03,other,27.38,-0.1354,0.17421,0.92303,-28.196,-1.162,-14.066,True
ET_03,other,27.39,-0.0645,0.255,0.90366,-23.209,7.546,-12.905,True
ET_03,other,27.400000000000002,0.03373,0.27478,0.95214,-13.166,16.654,-5.724,True
ET_03,other,27.41,0.10179,0.29699,0.96047,0.748,19.683,0.928,True
ET_03,other,27.42,0.20076,0.30187,1.02301,14.223,17.8,7.133,True
ET_03,other,27.43,0.28361,0.22214,1.03768,24.916,9.821,11.854,True
ET_03,other,27.44,0.30315,0.15137,1.05628,26.518,-2.418,13.711,True
ET_03,other,27.45,0.25796,0.0912,1.02307,20.993,-12.327,9.704,True
ET_03,other,27.46,0.17597,0.01589,1.00331,11.028,-18.672,4.614,True
ET_03,other,27.47,0.04327,0.07336,0.98552,-4.858,-18.562,-1.662,True
ET_03,other,27.48,-0.04585,0.06933,0.95151,-17.991,-14.279,-8.91,True
ET_03,other,27.490000000000002,-0.08258,0.11716,0.91973,-24.725,-5.543,-10.192,True
ET_03,other,27.5,-0.07727,0.23342,0.89107,-25.352,3.86,-12.89,True
ET_03,other,27.51,-0.04921,0.28091,0.93951,-17.47,14.32,-9.109,True
ET_03,other,27.52,0.06457,0.322,0.9563,-5.36,17.884,-2.035,True
ET_03,other,27.53,0.14056,0.31316,0.98067,9.387,16.85,4.477,True
ET_03,other,27.54,0.26482,0.2557,0.98856,18.662,12.608,9.433,True
ET_03,other,27.55,0.27665,0.19227,1.02758,27.272,3.091,13.61,True
ET_03,other,27.560000000000002,0.27945,0.11503,1.03923,23.876,-7.279,12.899,True
ET_03,other,27.57,0.19608,0.03812,1.00385,14.259,-14.689,6.673,True
ET_03,other,27.580000000000002,0.12487,0.04052,0.97005,0.952,-19.525,1.413,True
ET_03,other,27.59,0.03726,0.07741,0.91394,-11.828,-16.653,-7.025,True
ET_03,other,27.6,-0.07662,0.10671,0.92606,-22.284,-10.155,-10.219,True
ET_03,other,27.61,-0.07816,0.18107,0.9279,-25.524,-0.578,-11.489,True
ET_03,other,27.62,-0.05023,0.25665,0.91766,-20.252,10.733,-9.741,True
ET_03,other,27.63,0.02578,0.30082,0.95806,-10.72,15.967,-5.77,True
ET_03,other,27.64,0.1225,0.30026,0.99728,2.228,18.763,1.184,True
ET_03,other,27.650000000000002,0.18765,0.2712,1.01384,15.109,14.523,7.255,True
ET_03,other,27.66,0.27233,0.21625,1.03123,23.213,7.445,11.956,True
ET_03,other,27.67,0.25424,0.16107,1.03906,25.822,-3.26,12.79,True
ET_03,other,27.68,0.25729,0.0915,1.0007,19.587,-11.855,8.522,True
ET_03,other,27.69,0.13967,0.02516,1.02079,7.707,-15.934,4.681,True
ET_03,other,27.7,0.05832,0.02531,0.94676,-4.904,-17.622,-2.604,True
ET_03,other,27.71,-0.02629,0.0797,0.92788,-17.3,-12.681,-9.153,True
ET_03,other,27.72,-0.0811,0.16427,0.92175,-24.639,-3.311,-11.867,True
ET_03,other,27.73,-0.04963,0.21728,0.90219,-23.732,5.795,-12.384,True
ET_03,other,27.740000000000002,-0.00405,0.27171,0.92965,-16.421,14.397,-6.66,True
ET_03,other,27.75,0.08444,0.31031,0.98826,-3.291,16.811,-1.86,True
ET_03,other,27.76,0.19201,0.29685,0.99104,10.236,16.668,6.572,True
ET_03,other,27.77,0.22804,0.25072,1.00601,20.575,10.124,9.155,True
ET_03,other,27.78,0.27381,0.17981,1.02094,23.108,1.264,12.152,True
ET_03,other,27.79,0.25632,0.11997,1.02535,21.371,-7.608,10.776,True
ET_03,other,27.8,0.19287,0.04267,0.99517,12.456,-15.645,7.488,True
ET_03,other,27.810000000000002,0.10973,0.05945,0.97781,0.311,-17.19,-1.21,True
ET_03,other,27.82,-0.00061,0.07332,0.92259,-12.603,-14.376,-5.038,True
ET_03,other,27.830000000000002,-0.03855,0.14489,0.90948,-22.009,-8.841,-11.091,True
ET_03,other,27.84,-0.05605,0.20434,0.90467,-24.256,1.678,-12.087,True
ET_03,other,27.85,-0.03987,0.24493,0.91153,-19.244,9.906,-9.85,True
ET_03,other,27.86,0.04194,0.29414,0.96727,-7.652,15.882,-4.538,True
ET_03,other,27.87,0.127,0.29451,0.99732,4.595,17.233,2.014,True
ET_03,other,27.88,0.20222,0.28659,1.04048,16.886,13.508,8.16,True
ET_03,other,27.89,0.27607,0.22002,1.03685,22.242,4.864,10.663,True
ET_03,other,27.900000000000002,0.23751,0.15018,1.04515,23.296,-5.874,10.345,True
ET_03,other,27.91,0.18294,0.08241,1.02408,16.204,-12.483,8.519,True
ET_03,other,27.92,0.14016,0.03983,1.01794,3.421,-16.574,3.87,True
ET_03,other,27.93,0.0302,0.04047,0.95886,-7.862,-14.772,-3.652,True
ET_03,other,27.94,-0.00777,0.08916,0.92869,-17.853,-11.513,-8.192,True
ET_03,other,27.95,-0.07897,0.18949,0.9218,-21.845,-0.912,-11.084,True
ET_03,other,27.96,-0.06297,0.2003,0.92292,-20.956,8.149,-9.196,True
ET_03,other,27.97,0.04245,0.28279,0.91789,-12.248,13.123,-7.11,True
ET_03,other,27.98,0.08844,0.29655,0.99796,-1.617,16.524,-0.695,True
ET_03,other,27.990000000000002,0.19253,0.26177,0.9741,11.49,14.131,5.321,True
ET_03,other,28.0,0.23865,0.26075,1.00343,20.946,8.125,9.686,True
ET_03,other,28.01,0.25648,0.17642,1.03046,22.955,0.519,11.178,True
ET_03,other,28.02,0.2606,0.11536,1.05363,19.158,-9.405,8.793,True
ET_03,other,28.03,0.18737,0.05033,1.00803,9.872,-14.582,5.357,True
ET_03,other,28.04,0.07104,0.06114,0.95469,-2.725,-17.125,-2.146,True
ET_03,other,28.05,0.01324,0.07059,0.9482,-14.04,-12.558,-6.693,True
ET_03,other,28.060000000000002,-0.0722,0.1372,0.92175,-20.516,-6.22,-11.645,True
ET_03,other,28.07,-0.0451,0.20668,0.92196,-21.688,2.563,-9.909,True
ET_03,other,28.080000000000002,-0.02821,0.25097,0.92202,-16.605,10.541,-7.527,True
ET_03,other,28.09,0.0377,0.28106,0.96933,-4.522,14.064,-3.483,True
ET_03,other,28.1,0.15523,0.28262,0.97105,6.222,14.811,2.444,True
ET_03,other,28.11,0.21374,0.2462,1.03879,16.001,11.149,8.796,True
ET_03,other,28.12,0.24184,0.19061,1.01459,19.715,3.827,10.633,True
ET_03,other,28.13,0.27177,0.108,1.0182,19.51,-4.109,9.158,True
ET_03,other,28.14,0.21216,0.08613,1.01736,13.502,-12.06,6.829,True
ET_03,other,28.150000000000002,0.11174,0.04995,0.99338,2.557,-15.42,1.674,True
ET_03,other,28.16,0.06111,0.08999,0.95729,-9.698,-12.984,-3.907,True
ET_03,other,28.17,0.00391,0.10459,0.91247,-17.06,-8.104,-8.241,True
ET_03,other,28.18,-0.08183,0.18132,0.90228,-20.689,-0.843,-11.21,True
ET_03,other,28.19,-0.03969,0.23433,0.90933,-17.759,9.183,-8.884,True
ET_03,other,28.2,0.04934,0.26575,0.92488,-11.201,14.523,-5.39,True
ET_03,other,28.21,0.12537,0.29535,0.97705,1.331,15.037,0.511,True
ET_03,other,28.22,0.17383,0.2897,1.00643,11.163,13.785,6.577,True
ET_03,other,28.23,0.25632,0.2336,1.06008,18.355,6.552,10.472,True
ET_03,other,28.240000000000002,0.26101,0.1454,1.0313,21.104,-2.126,10.535,True
ET_03,other,28.25,0.2377,0.11354,1.01154,15.995,-10.36,7.572,True
ET_03,other,28.26,0.16425,0.07598,1.00103,6.701,-13.554,4.475,True
ET_03,other,28.27,0.06337,0.07792,0.96335,-5.407,-13.279,-2.212,True
ET_03,other,28.28,0.00682,0.12572,0.95308,-14.624,-11.029,-7.72,True
ET_03,other,28.29,-0.04494,0.15151,0.91315,-19.768,-5.553,-11.151,True
ET_03,other,28.3,-0.02585,0.20238,0.89566,-19.86,3.723,-9.93,True
ET_03,other,28.310000000000002,0.01743,0.27968,0.94011,-15.395,9.405,-6.93,True
ET_03,other,28.32,0.07543,0.30675,0.94334,-4.052,14.855,-1.929,True
ET_03,other,28.330000000000002,0.17039,0.27656,0.99557,6.452,13.904,4.172,True
ET_03,other,28.34,0.23829,0.24578,1.00313,16.267,8.478,8.841,True
ET_03,other,28.35,0.23905,0.21112,1.02613,21.151,2.226,10.348,True
ET_03,other,28.36,0.25975,0.12853,1.01813,19.565,-5.381,8.939,True
ET_03,other,28.37,0.17813,0.08866,1.02629,11.218,-12.087,5.442,True
ET_03,other,28.38,0.1195,0.06939,0.95192,0.04,-13.379,1.275,True
ET_03,other,28.39,0.0243,0.079,0.95341,-10.155,-12.865,-3.792,True
ET_03,other,28.400000000000002,-0.00787,0.12094,0.93232,-17.584,-7.347,-8.296,True
ET_03,other,28.41,-0.03411,0.1726,0.91403,-20.612,0.311,-10.781,True
ET_03,other,28.42,-0.00195,0.24832,0.93007,-17.707,9.058,-7.618,True
ET_03,other,28.43,0.0478,0.26945,0.94046,-7.684,13.677,-2.91,True
ET_03,other,28.44,0.14046,0.25478,0.96103,3.009,15.102,0.698,True
ET_03,other,28.45,0.18471,0.2553,1.00188,11.867,12.476,6.071,True
ET_03,other,28.46,0.26291,0.22981,1.03505,18.75,4.42,8.946,True
ET_03,other,28.47,0.24447,0.15426,1.02982,19.044,-3.401,9.926,True
ET_03,other,28.48,0.20906,0.09408,0.97513,14.541,-9.994,5.56,True
ET_03,other,28.490000000000002,0.14024,0.08384,0.96595,4.496,-14.251,1.38,True
ET_03,other,28.5,0.04723,0.05839,0.96165,-5.381,-14.666,-1.845,True
ET_03,other,28.51,0.02074,0.09918,0.92615,-15.187,-11.858,-7.516,True
ET_03,other,28.52,-0.06392,0.1523,0.94358,-20.557,-4.188,-10.809,True
ET_03,other,28.53,-0.01345,0.26291,0.9072,-18.835,5.286,-9.589,True
ET_03,other,28.54,0.00814,0.29583,0.93158,-11.71,12.198,-5.679,True
ET_03,other,28.55,0.11339,0.29233,0.96985,-2.437,14.33,-0.654,True
ET_03,other,28.560000000000002,0.17878,0.27804,0.97818,9.63,13.236,3.39,True
ET_03,other,28.57,0.22516,0.22036,0.98807,16.346,7.895,6.452,True
ET_03,other,28.580000000000002,0.26116,0.18648,1.0319,19.216,0.41,10.913,True
ET_03,other,28.59,0.20786,0.11617,1.02446,18.538,-7.51,9.265,True
ET_03,other,28.6,0.16819,0.0953,0.99509,10.307,-13.192,5.151,True
ET_03,other,28.61,0.09073,0.09734,0.94731,-1.522,-14.055,-0.701,True
ET_03,other,28.62,0.04111,0.07418,0.94206,-9.411,-11.771,-6.229,True
ET_03,other,28.63,-0.00452,0.09885,0.92006,-17.751,-6.777,-9.758,True
ET_03,other,28.64,-0.01474,0.16989,0.92732,-19.094,3.224,-9.677,True
ET_03,other,28.650000000000002,0.01547,0.24834,0.91247,-15.022,9.564,-7.2,True
ET_03,other,28.66,0.08226,0.26362,0.96206,-6.938,12.451,-3.067,True
ET_03,other,28.67,0.14594,0.31686,0.99684,4.777,14.702,1.814,True
ET_03,other,28.68,0.20991,0.27741,1.01405,13.94,10.233,5.285,True
ET_03,other,28.69,0.24991,0.19396,1.02497,18.654,3.491,10.312,True
ET_03,other,28.7,0.23717,0.12648,1.02688,19.536,-2.979,9.127,True
ET_03,other,28.71,0.20369,0.10382,1.03617,12.442,-11.605,6.813,True
ET_03,other,28.72,0.1319,0.07191,0.9607,4.237,-15.187,2.784,True
ET_03,other,28.73,0.08001,0.0715,0.94063,-7.383,-12.745,-3.292,True
ET_03,other,28.740000000000002,0.00225,0.12753,0.92999,-15.967,-8.19,-8.703,True
ET_03,other,28.75,-0.05435,0.15174,0.92763,-20.199,-0.462,-9.1,True
ET_03,other,28.76,-0.0199,0.20837,0.91415,-18.095,6.76,-7.428,True
ET_03,other,28.77,0.07039,0.25965,0.91747,-9.371,12.662,-4.717,True
ET_03,other,28.78,0.10278,0.28617,0.97608,2.152,15.347,-0.552,True
ET_03,other,28.79,0.19363,0.28263,1.00583,9.039,12.615,5.738,True
ET_03,other,28.8,0.2778,0.24011,1.01553,17.282,6.488,8.395,True
ET_03,other,28.810000000000002,0.2727,0.1623,1.01142,19.234,-1.481,10.173,True
ET_03,other,28.82,0.22829,0.13098,1.01974,15.759,-9.293,8.031,True
ET_03,other,28.830000000000002,0.17459,0.05044,0.99037,7.563,-14.708,5.246,True
ET_03,other,28.84,0.11083,0.07247,0.97069,-3.445,-15.69,-2.387,True
ET_03,other,28.85,0.03221,0.1239,0.92154,-12.431,-11.411,-7.073,True
ET_03,other,28.86,-0.01744,0.15724,0.88983,-20.563,-5.884,-9.126,True
ET_03,other,28.87,-0.04542,0.18709,0.90437,-19.101,4.785,-9.987,True
ET_03,other,28.88,0.02139,0.24586,0.94672,-14.072,9.756,-5.167,True
ET_03,other,28.89,0.11916,0.28677,0.93877,-2.785,13.901,-3.824,True
ET_03,other,28.900000000000002,0.1672,0.29879,0.95981,4.428,14.734,4.297,True
ET_03,other,28.91,0.22872,0.25427,0.99442,16.23,10.343,5.658,True
ET_03,other,28.92,0.25678,0.20066,1.01117,19.791,3.021,8.354,True
ET_03,other,28.93,0.21603,0.14083,1.0076,16.701,-4.842,9.046,True
ET_03,other,28.94,0.21711,0.11216,1.01747,11.192,-13.218,4.786,True
ET_03,other,28.95,0.12637,0.07046,0.96733,3.375,-14.753,2.41,True
ET_03,other,28.96,0.06228,0.10511,0.95852,-8.257,-14.312,-4.886,True
ET_03,other,28.97,0.00259,0.15479,0.92391,-17.159,-8.856,-8.046,True
ET_03,other,28.98,-0.02372,0.19842,0.91198,-19.983,-1.073,-12.328,True
ET_03,other,28.990000000000002,-0.0106,0.23807,0.90599,-16.4,8.635,-9.745,True
ET_03,other,29.0,0.02689,0.2748,0.95363,-9.965,13.59,-3.476,True
ET_03,other,29.01,0.12299,0.29259,0.95235,1.355,14.456,0.243,True
ET_03,other,29.02,0.19527,0.3127,1.00589,12.208,11.806,5.694,True
ET_03,other,29.03,0.26085,0.2188,1.02412,19.229,5.93,10.449,True
ET_03,other,29.04,0.27312,0.15448,1.02357,21.019,-2.569,9.121,True
ET_03,other,29.05,0.25952,0.09524,0.99682,15.592,-10.196,7.363,True
ET_03,other,29.060000000000002,0.16026,0.10486,0.99711,4.442,-14.209,2.851,True
ET_03,other,29.07,0.09114,0.06876,0.96876,-4.638,-14.171,-1.81,True
ET_03,other,29.080000000000002,0.02033,0.1151,0.96997,-15.256,-11.487,-7.002,True
ET_03,other,29.09,-0.00925,0.17437,0.90353,-20.067,-3.235,-10.426,True
ET_03,other,29.1,-0.02554,0.23022,0.90108,-17.752,5.047,-9.679,True
ET_03,other,29.11,0.01249,0.28421,0.90158,-14.136,12.178,-8.178,True
ET_03,other,29.12,0.10867,0.29938,0.97067,-2.547,14.524,-2.05,True
ET_03,other,29.13,0.18334,0.27559,0.96146,9.936,14.199,4.175,True
ET_03,other,29.14,0.24506,0.27065,1.0324,17.364,9.001,9.164,True
ET_03,other,29.150000000000002,0.27691,0.21004,1.03207,20.693,0.245,10.87,True
ET_03,other,29.16,0.25415,0.13344,1.01164,19.487,-7.12,8.085,True
ET_03,other,29.17,0.18173,0.08835,1.0071,8.282,-12.016,5.657,True
ET_03,other,29.18,0.13032,0.09864,0.96248,0.017,-16.666,1.653,True
ET_03,other,29.19,0.03992,0.08894,0.93821,-10.136,-11.868,-6.725,True
ET_03,other,29.2,-0.0128,0.15592,0.90574,-19.553,-8.192,-8.813,True
ET_03,other,29.21,0.01235,0.17416,0.90299,-20.562,1.183,-10.346,True
ET_03,other,29.22,-0.00154,0.25148,0.92232,-16.598,8.423,-8.748,True
ET_03,other,29.23,0.06945,0.3047,0.93131,-9.077,13.631,-4.136,True
ET_03,other,29.240000000000002,0.14002,0.29172,0.97636,3.161,12.745,1.335,True
ET_03,other,29.25,0.23062,0.23758,1.01544,14.476,13.328,6.594,True
ET_03,other,29.26,0.28283,0.24252,1.02495,19.565,5.79,11.394,True
ET_03,other,29.27,0.27104,0.1689,1.01531,21.23,-2.359,10.832,True
ET_03,other,29.28,0.26503,0.11906,1.00739,14.797,-10.791,7.153,True
ET_03,other,29.29,0.18757,0.08456,0.97545,6.034,-15.947,2.098,True
ET_03,other,29.3,0.05662,0.07688,0.93302,-6.445,-15.67,-2.47,True
ET_03,other,29.310000000000002,0.0153,0.11358,0.88114,-15.807,-8.829,-9.083,True
ET_03,other,29.32,-0.03428,0.18671,0.88323,-20.71,-1.644,-10.637,True
ET_03,other,29.330000000000002,-0.00447,0.22579,0.91053,-19.182,6.419,-10.94,True
ET_03,other,29.34,0.02215,0.27711,0.91737,-13.603,13.336,-6.451,True
ET_03,other,29.35,0.13191,0.29563,0.93773,-3.379,16.193,0.478,True
ET_03,other,29.36,0.18648,0.28654,0.98776,10.026,14.831,5.61,True
ET_03,other,29.37,0.27937,0.24154,1.01762,18.744,8.842,8.365,True
ET_03,other,29.38,0.26834,0.19703,0.99315,21.443,0.049,11.813,True
ET_03,other,29.39,0.27298,0.12679,1.00739,19.161,-8.536,8.862,True
ET_03,other,29.400000000000002,0.18207,0.08324,0.98561,10.211,-15.576,5.323,True
ET_03,other,29.41,0.10664,0.08974,0.94273,-1.108,-15.89,-0.797,True
ET_03,other,29.42,0.03771,0.08234,0.93159,-13.557,-13.787,-6.032,True
ET_03,other,29.43,-0.03689,0.11906,0.89533,-20.695,-5.297,-10.682,True
ET_03,other,29.44,-0.02132,0.21099,0.91698,-21.674,3.542,-11.275,True
ET_03,other,29.45,0.01337,0.24817,0.91958,-15.2,9.868,-8.723,True
ET_03,other,29.46,0.08298,0.3253,0.94747,-6.115,14.756,-4.216,True
ET_03,other,29.47,0.16193,0.31604,0.9848,5.407,16.699,1.421,True
ET_03,other,29.48,0.22691,0.27091,0.98928,17.014,11.197,8.032,True
ET_03,other,29.490000000000002,0.28959,0.23579,1.01227,21.888,3.574,11.721,True
ET_03,other,29.5,0.28666,0.15609,1.03843,20.198,-5.691,11.054,True
ET_03,other,29.51,0.25556,0.10297,1.00449,13.597,-13.18,7.533,True
ET_03,other,29.52,0.16441,0.11335,0.97819,3.481,-15.87,2.117,True
ET_03,other,29.53,0.10048,0.06132,0.90037,-7.739,-16.009,-5.371,True
ET_03,other,29.54,-0.01472,0.11352,0.89555,-19.051,-9.938,-9.401,True
ET_03,other,29.55,-0.00888,0.1768,0.88584,-22.733,-0.539,-12.268,True
ET_03,other,29.560000000000002,-0.00823,0.24665,0.92985,-20.016,8.532,-10.723,True
ET_03,other,29.57,0.04525,0.30664,0.93595,-12.065,13.481,-5.998,True
ET_03,other,29.580000000000002,0.1419,0.28017,0.94925,-0.159,15.643,-0.114,True
ET_03,other,29.59,0.21081,0.29493,1.00019,11.515,12.977,4.993,True
ET_03,other,29.6,0.27629,0.24661,1.02267,21.582,8.636,9.14,True
ET_03,other,29.61,0.30438,0.15473,1.0283,22.918,-1.605,12.37,True
ET_03,other,29.62,0.2977,0.11613,0.97927,19.302,-9.614,9.218,True
ET_03,other,29.63,0.20251,0.07317,0.98269,7.828,-15.518,6.359,True
ET_03,other,29.64,0.09895,0.08746,0.96547,-2.61,-15.792,-3.541,True
ET_03,other,29.650000000000002,0.01578,0.11481,0.91382,-16.937,-14.033,-7.831,True
ET_03,other,29.66,-0.04354,0.14526,0.88467,-23.46,-4.737,-11.716,True
ET_03,other,29.67,-0.02733,0.21537,0.89529,-22.597,3.864,-11.066,True
ET_03,other,29.68,0.01499,0.28787,0.89155,-16.403,10.891,-7.607,True
ET_03,other,29.69,0.11553,0.33239,0.91106,-5.385,17.496,-2.031,True
ET_03,other,29.7,0.21577,0.32086,0.97783,8.277,17.18,4.713,True
ET_03,other,29.71,0.24362,0.26774,1.00105,18.481,11.43,10.171,True
ET_03,other,29.72,0.33682,0.2273,1.03153,23.448,2.887,10.659,True
ET_03,other,29.73,0.29567,0.14619,0.99996,22.15,-7.707,10.405,True
ET_03,other,29.740000000000002,0.23793,0.13279,1.00537,14.404,-15.161,7.134,True
ET_03,other,29.75,0.15125,0.08071,0.9402,2.109,-18.691,1.753,True
ET_03,other,29.76,0.0325,0.08491,0.91898,-10.966,-15.76,-5.174,True
ET_03,other,29.77,-0.0065,0.13752,0.86606,-21.231,-10.358,-10.298,True
ET_03,other,29.78,-0.04461,0.2042,0.88175,-24.727,-0.112,-12.492,True
ET_03,other,29.79,-0.02108,0.26057,0.92814,-21.849,9.771,-9.769,True
ET_03,other,29.8,0.06892,0.28967,0.94073,-11.411,16.398,-5.309,True
ET_03,other,29.810000000000002,0.17594,0.30424,0.96161,2.34,19.268,1.613,True
ET_03,other,29.82,0.25244,0.3156,0.99416,15.065,14.586,8.824,True
ET_03,other,29.830000000000002,0.3277,0.24503,1.0151,23.017,7.153,12.094,True
ET_03,other,29.84,0.35373,0.16823,1.0269,24.865,-2.868,11.383,True
ET_03,other,29.85,0.29488,0.12699,1.00545,19.622,-12.598,9.57,True
ET_03,other,29.86,0.20583,0.0814,0.98023,7.193,-18.189,2.992,True
ET_03,other,29.87,0.08766,0.06308,0.9288,-6.695,-19.3,-3.482,True
ET_03,other,29.88,0.02061,0.10966,0.89985,-18.057,-14.039,-9.029,True
ET_03,other,29.89,-0.01631,0.14341,0.89707,-25.192,-3.691,-12.752,True
ET_03,other,29.900000000000002,-0.04025,0.27028,0.87096,-24.174,5.721,-11.057,True
ET_03,other,29.91,0.04004,0.31427,0.89816,-17.293,15.44,-8.063,True
ET_03,other,29.92,0.11785,0.31568,0.93766,-2.217,19.288,-2.355,True
ET_03,other,29.93,0.21015,0.33867,0.96285,8.964,17.527,6.495,True
ET_03,other,29.94,0.29966,0.27413,1.02661,21.177,13.032,11.381,True
ET_03,other,29.95,0.34559,0.22755,1.03166,26.106,-0.703,13.565,True
ET_03,other,29.96,0.2975,0.10325,1.04308,21.142,-10.035,8.967,True
ET_03,other,29.97,0.24637,0.08779,0.97106,13.413,-16.874,5.181,True
ET_03,other,29.98,0.14046,0.07569,0.95092,-1.335,-19.571,-0.204,True
ET_03,other,29.990000000000002,0.04309,0.10928,0.89862,-13.903,-16.774,-5.92,True
ET_03,other,30.0,-0.03511,0.14723,0.91125,-22.917,-7.482,-12.299,True
ET_03,other,30.01,-0.0388,0.20146,0.85926,-27.514,1.966,-13.755,True
ET_03,other,30.02,0.02631,0.27445,0.90626,-20.157,12.251,-11.096,True
ET_03,other,30.03,0.06924,0.34713,0.92232,-9.797,17.552,-4.46,True
ET_03,other,30.04,0.20862,0.3259,0.93467,5.408,19.273,2.871,True
ET_03,other,30.05,0.2673,0.30875,1.00326,18.728,13.866,9.105,True
ET_03,other,30.060000000000002,0.32118,0.23319,1.03334,27.108,5.272,11.829,True
ET_03,other,30.07,0.34394,0.17059,1.03616,25.842,-4.298,13.66,True
ET_03,other,30.080000000000002,0.26536,0.07476,0.99833,19.106,-16.107,10.002,True
ET_03,other,30.09,0.19543,0.08641,0.98465,6.325,-20.56,3.274,True
ET_03,other,30.1,0.08027,0.10231,0.93386,-9.967,-19.483,-3.386,True
ET_03,other,30.11,-0.00532,0.12406,0.89592,-21.066,-12.0,-11.054,True
ET_03,other,30.12,-0.05347,0.19305,0.88616,-26.393,-3.167,-14.002,True
ET_03,other,30.13,-0.04718,0.25855,0.85835,-24.142,8.76,-12.803,True
ET_03,other,30.14,0.02946,0.3297,0.91441,-15.77,18.103,-7.391,True
ET_03,other,30.150000000000002,0.14557,0.37598,0.95795,-0.726,21.412,-1.242,True
ET_03,other,30.16,0.26566,0.34541,0.96436,12.508,17.039,7.904,True
ET_03,other,30.17,0.34431,0.28201,1.0177,23.033,10.262,13.335,True
ET_03,other,30.18,0.34331,0.22506,1.00853,28.444,-3.048,13.73,True
ET_03,other,30.19,0.33246,0.12427,1.0109,24.31,-10.846,11.142,True
ET_03,other,30.2,0.22088,0.06509,0.96506,13.744,-17.094,5.755,True
ET_03,other,30.21,0.12289,0.0484,0.91016,-3.273,-19.773,-2.589,True
ET_03,other,30.22,0.03868,0.08879,0.86898,-17.522,-16.742,-8.779,True
ET_03,other,30.23,-0.01787,0.14747,0.89514,-25.985,-7.943,-14.852,True
ET_03,other,30.240000000000002,-0.05451,0.23944,0.86894,-26.635,4.704,-14.185,True
ET_03,other,30.25,0.00999,0.30341,0.88747,-21.742,14.227,-11.1,True
ET_03,other,30.26,0.07044,0.35754,0.93697,-6.973,19.391,-5.587,True
ET_03,other,30.27,0.18119,0.33766,0.96863,7.888,20.464,4.38,True
ET_03,other,30.28,0.32828,0.32477,1.0177,20.505,13.404,10.3,True
ET_03,other,30.29,0.3727,0.19312,1.00305,27.867,4.461,14.71,True
ET_03,other,30.3,0.34787,0.17067,1.02015,26.941,-6.988,13.642,True
ET_03,other,30.310000000000002,0.29964,0.09891,0.98378,16.192,-17.048,8.696,True
ET_03,other,30.32,0.17172,0.04868,0.97004,2.324,-21.302,2.156,True
ET_03,other,30.330000000000002,0.04694,0.06162,0.90283,-12.476,-18.391,-5.158,True
ET_03,other,30.34,-0.00488,0.11849,0.90888,-25.396,-12.094,-10.663,True
ET_03,other,30.35,-0.04895,0.22213,0.84217,-28.112,-0.582,-14.32,True
ET_03,other,30.36,-0.03276,0.26137,0.84763,-25.211,11.082,-12.298,True
ET_03,other,30.37,0.0295,0.36931,0.92627,-14.181,19.597,-8.928,True
ET_03,other,30.38,0.18814,0.36095,0.93205,0.431,23.569,2.943,True
ET_03,other,30.39,0.27302,0.34754,1.00366,15.997,19.012,9.244,True
ET_03,other,30.400000000000002,0.3328,0.26993,1.02693,26.586,8.436,14.387,True
ET_03,other,30.41,0.39291,0.19628,0.98204,29.115,-3.494,14.12,True
ET_03,other,30.42,0.34623,0.11808,0.98682,23.314,-13.458,10.685,True
ET_03,other,30.43,0.2535,0.06753,0.97999,11.494,-19.816,5.117,True
ET_03,other,30.44,0.125,0.05493,0.91951,-5.311,-20.294,-2.76,True
ET_03,other,30.45,-0.01638,0.10349,0.89654,-20.464,-16.649,-10.059,True
ET_03,other,30.46,-0.05617,0.16314,0.89094,-29.12,-6.23,-14.178,True
ET_03,other,30.47,-0.04728,0.2516,0.85521,-29.199,6.51,-14.574,True
ET_03,other,30.48,0.01229,0.32632,0.89838,-19.228,15.641,-8.833,True
ET_03,other,30.490000000000002,0.12525,0.366,0.94514,-6.605,21.745,-4.059,True
ET_03,other,30.5,0.22377,0.36298,0.97099,10.141,20.885,5.788,True
ET_03,other,30.51,0.33804,0.30778,1.00038,23.68,13.873,12.465,True
ET_03,other,30.52,0.39486,0.21384,1.03379,31.349,1.46,15.111,True
ET_03,other,30.53,0.3851,0.185,0.98072,28.294,-9.47,14.038,True
ET_03,other,30.54,0.30028,0.08385,0.96596,15.698,-19.253,8.384,True
ET_03,other,30.55,0.17745,0.02597,0.94271,1.923,-22.964,0.105,True
ET_03,other,30.560000000000002,0.06757,0.09654,0.89709,-16.529,-20.866,-8.082,True
ET_03,other,30.57,-0.027,0.12974,0.84956,-27.207,-9.857,-12.766,True
ET_03,other,30.580000000000002,-0.0382,0.24078,0.84517,-30.883,0.549,-14.767,True
ET_03,other,30.59,-0.02178,0.32609,0.8815,-25.535,12.85,-11.701,True
ET_03,other,30.6,0.06061,0.3712,0.92045,-12.578,20.625,-6.546,True
ET_03,other,30.61,0.21526,0.36421,0.93556,4.571,23.485,0.655,True
ET_03,other,30.62,0.31812,0.33477,1.01073,20.17,17.655,10.554,True
ET_03,other,30.63,0.39031,0.28564,0.98446,29.129,7.704,13.54,True
ET_03,other,30.64,0.37559,0.16629,1.00768,31.215,-3.809,14.477,True
ET_03,other,30.650000000000002,0.32802,0.08584,0.97274,22.871,-15.898,11.605,True
ET_03,other,30.66,0.22578,0.05639,0.96771,7.734,-20.929,4.67,True
ET_03,other,30.67,0.085,0.05908,0.92651,-8.192,-20.654,-3.579,True
ET_03,other,30.68,-0.00763,0.09104,0.88801,-21.745,-13.65,-13.982,True
ET_03,other,30.69,-0.04943,0.19292,0.84302,-29.784,-3.603,-16.774,True
ET_03,other,30.7,-0.02851,0.24475,0.85127,-28.532,9.084,-14.104,True
ET_03,other,30.71,0.05821,0.32459,0.88538,-19.062,17.897,-9.13,True
ET_03,other,30.72,0.14346,0.38601,0.91093,-2.487,24.861,-1.526,True
ET_03,other,30.73,0.29072,0.36291,0.98449,13.318,19.851,6.586,True
ET_03,other,30.740000000000002,0.35494,0.31514,1.00039,26.285,13.594,12.372,True
ET_03,other,30.75,0.41567,0.21774,1.04134,31.509,-0.031,15.523,True
ET_03,other,30.76,0.37479,0.11673,0.99409,27.672,-11.521,12.727,True
ET_03,other,30.77,0.31491,0.04984,0.99632,14.063,-20.509,7.923,True
ET_03,other,30.78,0.16501,0.05631,0.91931,-2.496,-22.681,1.047,True
ET_03,other,30.79,0.03351,0.06577,0.91527,-17.502,-21.233,-8.049,True
ET_03,other,30.8,-0.04537,0.14635,0.8687,-28.936,-9.665,-14.075,True
ET_03,other,30.810000000000002,-0.02487,0.21034,0.83579,-32.857,3.511,-17.041,True
ET_03,other,30.82,0.00562,0.33745,0.87909,-25.83,15.388,-11.333,True
ET_03,other,30.830000000000002,0.09194,0.38251,0.91492,-11.026,22.061,-5.474,True
ET_03,other,30.84,0.21716,0.40686,0.95285,6.582,23.869,4.591,True
ET_03,other,30.85,0.33689,0.34592,1.00464,23.099,18.006,10.315,True
ET_03,other,30.86,0.40945,0.25869,1.014,30.637,4.704,15.637,True
ET_03,other,30.87,0.38915,0.17407,0.99325,31.33,-6.43,16.456,True
ET_03,other,30.88,0.32962,0.0846,0.99165,21.875,-18.116,10.162,True
ET_03,other,30.89,0.24094,0.04168,0.94839,5.726,-22.644,3.175,True
ET_03,other,30.900000000000002,0.09289,0.03122,0.92196,-12.66,-20.431,-7.053,True
ET_03,other,30.91,-0.02184,0.10738,0.8678,-26.195,-14.055,-13.14,True
ET_03,other,30.92,-0.06051,0.19473,0.85278,-33.473,-2.205,-15.797,True
ET_03,other,30.93,-0.0281,0.28946,0.88909,-28.94,10.183,-14.698,True
ET_03,other,30.94,0.02866,0.36702,0.90372,-16.513,19.851,-7.181,True
ET_03,other,30.95,0.18302,0.40481,0.96906,-0.242,25.795,0.87,True
ET_03,other,30.96,0.3228,0.37752,0.95784,15.9,21.0,8.169,True
ET_03,other,30.970000000000002,0.39459,0.28318,0.98912,29.194,11.199,14.132,True
ET_03,other,30.98,0.43555,0.2133,1.03698,32.606,-1.181,17.1,True
ET_03,other,30.990000000000002,0.36585,0.11859,1.01784,26.378,-14.158,13.432,True
ET_03,other,31.0,0.29062,0.04327,0.96527,12.973,-23.014,6.086,True
ET_03,other,31.01,0.14043,0.05395,0.90468,-4.445,-25.941,-3.258,True
ET_03,other,31.02,0.00206,0.05049,0.87135,-21.925,-16.909,-9.877,True
ET_03,other,31.03,-0.07289,0.16617,0.86666,-31.604,-8.166,-16.169,True
ET_03,other,31.04,-0.08438,0.26011,0.86455,-32.54,5.486,-15.437,True
ET_03,other,31.05,0.03579,0.3518,0.87967,-23.008,17.414,-11.608,True
ET_03,other,31.060000000000002,0.13323,0.39329,0.89365,-7.306,23.847,-3.7,True
ET_03,other,31.07,0.26245,0.37657,0.96213,9.489,23.023,4.462,True
ET_03,other,31.080000000000002,0.37038,0.33285,0.99677,24.473,16.407,13.121,True
ET_03,other,31.09,0.42515,0.26106,1.01489,31.844,3.433,16.859,True
ET_03,other,31.1,0.39469,0.15602,1.00239,31.217,-8.737,15.55,True
ET_03,other,31.11,0.36203,0.04505,0.98125,19.556,-19.004,9.815,True
ET_03,other,31.12,0.20633,0.0376,0.944,3.159,-22.545,1.096,True
ET_03,other,31.13,0.07433,0.0836,0.87105,-15.131,-21.545,-6.911,True
ET_03,other,31.14,-0.02006,0.09785,0.86114,-28.594,-14.306,-14.023,True
ET_03,other,31.150000000000002,-0.05219,0.23635,0.83561,-34.273,0.061,-16.367,True
ET_03,other,31.16,-0.0304,0.30159,0.84864,-29.086,13.169,-13.922,True
ET_03,other,31.17,0.07224,0.38731,0.91712,-15.896,21.018,-7.862,True
ET_03,other,31.18,0.20866,0.35616,0.9594,2.212,24.579,0.757,True
ET_03,other,31.19,0.30598,0.3937,0.9798,18.775,19.292,9.582,True
ET_03,other,31.2,0.4009,0.28738,1.01854,30.295,9.158,15.073,True
ET_03,other,31.21,0.42579,0.19111,1.03238,34.064,-3.269,16.93,True
ET_03,other,31.220000000000002,0.3863,0.11995,1.00955,25.007,-15.83,12.564,True
ET_03,other,31.23,0.28267,0.06645,0.95403,9.709,-22.502,4.316,True
ET_03,other,31.240000000000002,0.14575,0.05209,0.92152,-6.828,-24.248,-3.545,True
ET_03,other,31.25,0.02966,0.05039,0.86518,-22.639,-18.34,-11.298,True
ET_03,other,31.26,-0.02463,0.17519,0.83317,-31.962,-7.352,-15.793,True
ET_03,other,31.27,-0.02139,0.2611,0.85058,-33.013,6.602,-14.745,True
ET_03,other,31.28,0.02293,0.33892,0.87918,-20.391,19.179,-10.21,True
ET_03,other,31.29,0.16286,0.37478,0.90668,-5.527,23.72,-3.121,True
ET_03,other,31.3,0.28112,0.37416,0.98449,12.168,21.384,4.297,True
ET_03,other,31.310000000000002,0.38569,0.31668,1.00372,25.494,13.343,15.174,True
ET_03,other,31.32,0.43464,0.2108,1.00252,34.319,1.081,15.818,True
ET_03,other,31.330000000000002,0.39001,0.12309,0.99614,29.896,-8.949,14.747,True
ET_03,other,31.34,0.29786,0.08758,0.98332,18.176,-20.687,8.585,True
ET_03,other,31.35,0.18953,0.01548,0.93998,0.165,-24.286,0.293,True
ET_03,other,31.36,0.067,0.04847,0.90171,-17.47,-19.478,-8.728,True
ET_03,other,31.37,-0.03128,0.15772,0.8504,-29.939,-10.618,-14.723,True
ET_03,other,31.38,-0.07048,0.23984,0.84711,-32.918,2.721,-17.43,True
ET_03,other,31.39,0.00397,0.35178,0.86552,-25.878,14.277,-13.026,True
ET_03,other,31.400000000000002,0.08172,0.36736,0.88614,-12.774,22.001,-5.614,True
ET_03,other,31.41,0.23739,0.3878,0.92403,5.595,24.624,2.016,True
ET_03,other,31.42,0.34268,0.34145,0.97814,20.707,19.252,11.052,True
ET_03,other,31.43,0.39228,0.2738,0.99337,32.283,6.973,15.896,True
ET_03,other,31.44,0.43936,0.1804,1.02358,32.088,-4.495,16.433,True
ET_03,other,31.45,0.36417,0.0949,0.99476,22.687,-17.803,12.748,True
ET_03,other,31.46,0.25564,0.05196,0.95218,6.899,-24.212,2.97,True
ET_03,other,31.470000000000002,0.13678,0.05146,0.91305,-9.904,-23.032,-4.567,True
ET_03,other,31.48,-0.00835,0.13025,0.85903,-24.624,-16.178,-12.998,True
ET_03,other,31.490000000000002,-0.07976,0.21823,0.82379,-33.195,-3.552,-17.046,True
ET_03,other,31.5,-0.02924,0.28581,0.85741,-31.464,10.498,-14.963,True
ET_03,other,31.51,0.07235,0.36201,0.88562,-18.288,18.221,-10.25,True
ET_03,other,31.52,0.18236,0.39283,0.90099,-1.932,23.487,-1.324,True
ET_03,other,31.53,0.27545,0.37678,0.96045,14.27,21.04,5.872,True
ET_03,other,31.54,0.39238,0.31994,1.00703,27.189,12.954,13.875,True
ET_03,other,31.55,0.40473,0.21816,1.019,33.142,-0.279,15.13,True
ET_03,other,31.560000000000002,0.38669,0.13343,1.01195,27.761,-13.04,14.872,True
ET_03,other,31.57,0.32094,0.05587,0.98045,14.099,-20.934,7.553,True
ET_03,other,31.580000000000002,0.18406,0.06072,0.91581,-2.054,-24.381,-0.989,True
ET_03,other,31.59,0.04114,0.09108,0.86386,-19.298,-18.156,-9.009,True
ET_03,other,31.6,-0.04903,0.12541,0.87033,-30.943,-7.869,-14.253,True
ET_03,other,31.61,-0.04483,0.24006,0.85014,-31.026,3.327,-16.059,True
ET_03,other,31.62,-0.007,0.29412,0.84699,-23.115,16.885,-13.175,True
ET_03,other,31.63,0.14744,0.38197,0.91572,-10.326,21.385,-7.465,True
ET_03,other,31.64,0.23924,0.38066,0.94979,8.074,22.725,3.799,True
ET_03,other,31.650000000000002,0.37308,0.32704,0.98984,22.254,16.724,12.231,True
ET_03,other,31.66,0.4245,0.28619,1.04324,31.37,5.885,15.301,True
ET_03,other,31.67,0.40665,0.17916,1.01669,31.38,-7.727,15.577,True
ET_03,other,31.68,0.3533,0.07577,0.96049,20.751,-17.554,10.612,True
ET_03,other,31.69,0.19431,0.04346,0.95012,3.872,-22.779,2.174,True
ET_03,other,31.7,0.0857,0.07015,0.91445,-11.498,-21.094,-7.495,True
ET_03,other,31.71,0.01129,0.1489,0.85848,-25.435,-12.963,-12.587,True
ET_03,other,31.720000000000002,-0.06304,0.19877,0.82,-30.944,-2.131,-16.466,True
ET_03,other,31.73,-0.02375,0.30793,0.85358,-27.269,12.243,-14.078,True
ET_03,other,31.740000000000002,0.07623,0.37266,0.8735,-16.046,21.458,-8.509,True
ET_03,other,31.75,0.2099,0.35498,0.91029,0.7,23.96,-0.854,True
ET_03,other,31.76,0.30733,0.36741,0.98598,16.578,19.979,7.886,True
ET_03,other,31.77,0.37508,0.28347,0.99913,27.795,10.115,14.24,True
ET_03,other,31.78,0.41788,0.20519,1.00799,31.325,-3.628,15.849,True
ET_03,other,31.79,0.3579,0.14292,0.98229,25.298,-13.603,12.6,True
ET_03,other,31.8,0.27136,0.04864,0.97318,11.453,-21.844,5.142,True
ET_03,other,31.810000000000002,0.17156,0.05571,0.88745,-4.784,-22.817,-3.273,True
ET_03,other,31.82,0.03514,0.11237,0.88405,-20.958,-17.103,-10.058,True
ET_03,other,31.830000000000002,-0.01414,0.18115,0.8607,-29.676,-6.855,-14.837,True
ET_03,other,31.84,-0.01561,0.25903,0.85997,-31.067,5.397,-16.752,True
ET_03,other,31.85,0.02892,0.32839,0.89144,-22.457,16.466,-9.823,True
ET_03,other,31.86,0.14532,0.3703,0.89173,-6.338,22.393,-2.931,True
ET_03,other,31.87,0.29268,0.38453,0.94242,9.148,21.223,4.218,True
ET_03,other,31.88,0.35139,0.32302,0.98749,24.405,13.279,11.054,True
ET_03,other,31.89,0.4177,0.24482,1.02314,30.503,3.158,14.922,True
ET_03,other,31.900000000000002,0.40344,0.16177,0.99629,26.666,-8.385,14.668,True
ET_03,other,31.91,0.33906,0.10521,0.98031,17.856,-19.287,8.164,True
ET_03,other,31.92,0.23425,0.07473,0.92908,2.84,-22.531,1.738,True
ET_03,other,31.93,0.09934,0.0781,0.89179,-13.512,-19.544,-7.126,True
ET_03,other,31.94,0.03283,0.14887,0.90293,-27.479,-11.777,-12.211,True
ET_03,other,31.95,-0.05686,0.22989,0.82134,-31.428,0.424,-15.257,True
ET_03,other,31.96,0.01443,0.31581,0.85627,-25.998,11.709,-13.471,True
ET_03,other,31.970000000000002,0.07138,0.37987,0.90808,-12.963,21.606,-8.131,True
ET_03,other,31.98,0.24539,0.37363,0.92491,2.849,22.697,1.524,True
ET_03,other,31.990000000000002,0.30963,0.37198,0.97579,18.261,18.427,9.442,True
ET_03,other,32.0,0.39521,0.26617,1.00784,28.947,8.538,14.05,True
ET_03,other,32.01,0.4371,0.19054,1.00471,27.804,-3.257,15.878,True
ET_03,other,32.02,0.3504,0.11364,0.98054,22.343,-14.275,10.694,True
ET_03,other,32.03,0.24698,0.10009,0.93592,9.778,-21.343,4.346,True
ET_03,other,32.04,0.1568,0.08136,0.89019,-8.37,-23.328,-5.041,True
ET_03,other,32.05,0.03994,0.10493,0.85766,-21.64,-14.352,-10.483,True
ET_03,other,32.06,0.00403,0.20204,0.86075,-28.429,-4.412,-15.183,True
ET_03,other,32.07,-0.01931,0.27815,0.86219,-28.554,7.816,-13.737,True
ET_03,other,32.08,0.05874,0.33525,0.86687,-19.568,16.557,-9.51,True
ET_03,other,32.09,0.15289,0.38825,0.91203,-3.89,21.825,-2.044,True
ET_03,other,32.1,0.25645,0.35556,0.95663,13.395,19.494,6.873,True
ET_03,other,32.11,0.35534,0.31859,1.00177,25.422,12.614,11.887,True
ET_03,other,32.12,0.4016,0.24576,1.02338,28.395,0.078,14.307,True
ET_03,other,32.13,0.37071,0.15236,1.00153,25.805,-10.444,12.474,True
ET_03,other,32.14,0.31602,0.08137,0.93642,14.159,-18.066,5.984,True
ET_03,other,32.15,0.20135,0.05546,0.94227,-1.391,-19.877,-1.305,True
ET_03,other,32.160000000000004,0.09497,0.12475,0.88163,-15.887,-18.493,-7.683,True
ET_03,other,32.17,0.00828,0.18898,0.86753,-25.649,-8.48,-13.955,True
ET_03,other,32.18,-0.03941,0.24847,0.85261,-29.447,3.221,-14.133,True
ET_03,other,32.19,0.01637,0.33762,0.8542,-22.277,12.318,-11.873,True
ET_03,other,32.2,0.1133,0.36574,0.90882,-10.364,19.8,-6.377,True
ET_03,other,32.21,0.24883,0.38712,0.93074,5.29,20.341,1.955,True
ET_03,other,32.22,0.33188,0.34079,0.98744,19.145,15.385,9.54,True
ET_03,other,32.230000000000004,0.40902,0.26876,1.00448,26.921,6.893,13.584,True
ET_03,other,32.24,0.4087,0.16912,0.97645,27.381,-5.146,13.612,True
ET_03,other,32.25,0.34011,0.10958,0.98518,18.589,-16.328,10.783,True
ET_03,other,32.26,0.25718,0.09552,0.93999,5.314,-20.668,1.944,True
ET_03,other,32.27,0.12232,0.0888,0.90699,-9.748,-18.769,-4.924,True
ET_03,other,32.28,0.0599,0.15433,0.8321,-22.558,-11.247,-11.962,True
ET_03,other,32.29,0.00627,0.18794,0.8533,-28.227,-2.705,-13.75,True
ET_03,other,32.3,0.031,0.29542,0.86035,-25.401,9.223,-12.93,True
ET_03,other,32.31,0.07424,0.33411,0.881,-15.388,16.076,-8.829,True
ET_03,other,32.32,0.18841,0.41017,0.92173,-1.159,19.148,-0.727,True
ET_03,other,32.33,0.31044,0.34359,0.93524,13.323,16.864,5.261,True
ET_03,other,32.34,0.35704,0.30005,1.00099,24.157,10.242,13.134,True
ET_03,other,32.35,0.40993,0.22348,1.00586,28.001,-0.183,13.638,True
ET_03,other,32.36,0.35651,0.16038,0.98035,24.263,-11.932,9.968,True
ET_03,other,32.37,0.26715,0.08517,0.94044,10.74,-16.83,6.096,True
ET_03,other,32.38,0.17154,0.07667,0.92245,-3.639,-18.287,-1.275,True
ET_03,other,32.39,0.07227,0.11499,0.89166,-17.838,-15.948,-8.906,True
ET_03,other,32.4,-0.00053,0.16992,0.86336,-25.371,-6.815,-12.83,True
ET_03,other,32.410000000000004,0.00194,0.25184,0.85275,-26.776,3.742,-14.624,True
ET_03,other,32.42,0.0606,0.32906,0.84394,-19.329,13.116,-10.822,True
ET_03,other,32.43,0.16774,0.34322,0.88525,-6.78,17.866,-4.648,True
ET_03,other,32.44,0.25674,0.36551,0.96046,7.236,19.669,4.587,True
ET_03,other,32.45,0.35889,0.31391,0.9934,18.929,13.135,11.111,True
ET_03,other,32.46,0.38171,0.25435,0.97594,26.625,5.704,12.452,True
ET_03,other,32.47,0.37877,0.16775,1.00274,25.876,-7.102,12.516,True
ET_03,other,32.480000000000004,0.29942,0.11906,0.97768,17.341,-16.006,6.176,True
ET_03,other,32.49,0.21673,0.07868,0.91867,3.771,-18.841,0.246,True
ET_03,other,32.5,0.10484,0.06974,0.89491,-12.294,-18.033,-5.972,True
ET_03,other,32.51,0.06157,0.15728,0.89411,-22.872,-11.371,-10.127,True
ET_03,other,32.52,0.01257,0.22973,0.85556,-26.359,-1.471,-12.446,True
ET_03,other,32.53,0.0354,0.27402,0.85811,-23.806,9.113,-11.98,True
ET_03,other,32.54,0.10961,0.34124,0.87393,-12.436,16.377,-6.048,True
ET_03,other,32.55,0.20233,0.35645,0.94604,1.513,18.563,-1.378,True
ET_03,other,32.56,0.31101,0.34551,0.95542,13.661,15.76,8.394,True
ET_03,other,32.57,0.39287,0.27666,1.00765,23.496,7.132,11.401,True
ET_03,other,32.58,0.39042,0.18626,0.98645,24.103,-2.125,13.513,True
ET_03,other,32.59,0.34819,0.13606,0.97749,20.181,-11.56,10.341,True
ET_03,other,32.6,0.24743,0.09031,0.97578,9.135,-18.124,3.769,True
ET_03,other,32.61,0.13821,0.10523,0.92231,-5.961,-18.544,-1.786,True
ET_03,other,32.62,0.04068,0.128,0.88243,-16.626,-11.481,-8.467,True
ET_03,other,32.63,0.04058,0.17521,0.84616,-25.385,-6.438,-11.322,True
ET_03,other,32.64,0.01365,0.27002,0.87064,-23.08,6.349,-13.275,True
ET_03,other,32.65,0.07519,0.3269,0.88322,-16.536,14.579,-7.39,True
ET_03,other,32.660000000000004,0.14618,0.38724,0.92688,-4.686,17.524,-2.825,True
ET_03,other,32.67,0.24641,0.33996,0.93218,8.625,17.916,4.147,True
ET_03,other,32.68,0.3388,0.32029,0.95654,19.355,9.572,8.919,True
ET_03,other,32.69,0.40111,0.24608,0.99665,24.068,1.218,12.022,True
ET_03,other,32.7,0.34645,0.16269,1.00498,22.931,-7.687,9.718,True
ET_03,other,32.71,0.3179,0.09725,0.96459,13.382,-16.926,7.224,True
ET_03,other,32.72,0.20475,0.1098,0.93789,0.725,-17.336,-0.267,True
ET_03,other,32.730000000000004,0.1086,0.11103,0.8707,-13.51,-16.213,-3.509,True
ET_03,other,32.74,0.05381,0.18889,0.85338,-21.952,-8.855,-10.786,True
ET_03,other,32.75,0.04822,0.23544,0.87539,-24.818,0.962,-14.082,True
ET_03,other,32.76,0.07082,0.30498,0.89531,-20.983,10.167,-9.068,True
ET_03,other,32.77,0.11948,0.32252,0.87517,-11.384,15.568,-6.67,True
ET_03,other,32.78,0.22803,0.36971,0.94872,2.099,17.009,1.385,True
ET_03,other,32.79,0.32896,0.32207,0.94952,15.227,14.907,7.579,True
ET_03,other,32.8,0.36745,0.28701,0.95787,22.254,5.784,11.655,True
ET_03,other,32.81,0.38612,0.2033,0.98195,24.136,-3.76,13.215,True
ET_03,other,32.82,0.3545,0.13274,0.98901,17.577,-12.158,6.788,True
ET_03,other,32.83,0.23023,0.11381,0.95255,5.979,-16.519,2.029,True
ET_03,other,32.84,0.16152,0.14728,0.92724,-5.746,-16.332,-3.385,True
ET_03,other,32.85,0.07371,0.15723,0.8809,-17.446,-11.191,-8.657,True
ET_03,other,32.86,-0.0034,0.17918,0.85187,-23.0,-2.828,-12.322,True
ET_03,other,32.87,0.04426,0.28423,0.85882,-22.599,7.488,-11.224,True
ET_03,other,32.88,0.10374,0.32494,0.87469,-14.118,14.199,-6.77,True
ET_03,other,32.89,0.18367,0.35265,0.93046,-3.753,17.074,-0.317,True
ET_03,other,32.9,0.2644,0.32479,0.92937,10.266,14.614,6.086,True
ET_03,other,32.910000000000004,0.3223,0.26417,0.97748,18.764,8.973,8.134,True
ET_03,other,32.92,0.35507,0.22069,0.98088,22.863,0.59,11.857,True
ET_03,other,32.93,0.38659,0.1662,0.97588,19.531,-8.897,10.474,True
ET_03,other,32.94,0.30299,0.13522,0.929,10.402,-13.532,5.314,True
ET_03,other,32.95,0.20588,0.08021,0.93371,-0.894,-17.184,-0.828,True
ET_03,other,32.96,0.10458,0.13323,0.90394,-12.079,-12.14,-7.196,True
ET_03,other,32.97,0.04406,0.18924,0.87958,-20.711,-6.966,-9.346,True
ET_03,other,32.980000000000004,0.02644,0.21279,0.8667,-21.817,2.078,-10.422,True
ET_03,other,32.99,0.07198,0.2832,0.85713,-16.948,10.912,-7.503,True
ET_03,other,33.0,0.14219,0.36824,0.89411,-7.959,15.168,-4.662,True
ET_03,other,33.01,0.25029,0.31355,0.94155,4.696,15.796,2.573,True
ET_03,other,33.02,0.31138,0.3107,0.96323,14.464,11.451,7.911,True
ET_03,other,33.03,0.32895,0.2324,0.96576,21.037,5.055,10.949,True
ET_03,other,33.04,0.36489,0.19269,0.99001,21.509,-5.08,10.345,True
ET_03,other,33.05,0.29611,0.12105,0.96065,13.992,-12.792,7.464,True
ET_03,other,33.06,0.24729,0.11191,0.92614,3.258,-16.05,0.819,True
ET_03,other,33.07,0.14043,0.09118,0.91927,-7.999,-13.37,-4.555,True
ET_03,other,33.08,0.07155,0.16377,0.88669,-17.623,-9.979,-8.726,True
ET_03,other,33.09,0.03775,0.22962,0.8847,-22.13,-1.834,-11.255,True
ET_03,other,33.1,0.07263,0.279,0.88726,-20.046,7.858,-9.508,True
ET_03,other,33.11,0.1058,0.29678,0.88685,-12.816,12.945,-6.541,True
ET_03,other,33.12,0.18734,0.33252,0.92767,0.261,16.312,-0.423,True
ET_03,other,33.13,0.27336,0.30466,0.93207,11.728,13.989,5.117,True
ET_03,other,33.14,0.3302,0.26416,0.99066,19.269,8.265,11.229,True
ET_03,other,33.15,0.36979,0.22991,0.96173,22.067,-1.652,10.462,True
ET_03,other,33.160000000000004,0.3399,0.15815,0.98839,17.966,-8.951,9.026,True
ET_03,other,33.17,0.25838,0.09311,0.96832,8.582,-14.88,3.986,True
ET_03,other,33.18,0.15835,0.11618,0.92066,-2.822,-16.923,-0.511,True
ET_03,other,33.19,0.10505,0.14356,0.88208,-13.627,-11.553,-5.458,True
ET_03,other,33.2,0.043,0.17224,0.90676,-21.286,-3.824,-9.899,True
ET_03,other,33.21,0.05482,0.23088,0.88663,-22.113,3.112,-9.817,True
ET_03,other,33.22,0.07148,0.27728,0.883,-15.046,10.605,-7.727,True
ET_03,other,33.230000000000004,0.16583,0.32807,0.92499,-6.009,14.114,-2.647,True
ET_03,other,33.24,0.23241,0.32975,0.96106,6.714,13.277,3.424,True
ET_03,other,33.25,0.31619,0.28097,0.97205,16.346,10.343,7.93,True
ET_03,other,33.26,0.35629,0.24793,1.02691,20.921,2.631,10.246,True
ET_03,other,33.27,0.33596,0.16306,0.9817,17.847,-7.36,10.316,True
ET_03,other,33.28,0.28223,0.12659,0.95981,12.752,-12.823,5.415,True
ET_03,other,33.29,0.18263,0.12613,0.92816,0.501,-15.262,1.037,True
ET_03,other,33.3,0.15588,0.11151,0.91063,-8.666,-14.198,-4.717,True
ET_03,other,33.31,0.05457,0.17285,0.86552,-17.349,-8.659,-8.748,True
ET_03,other,33.32,0.05133,0.21118,0.88612,-20.872,-1.794,-11.12,True
ET_03,other,33.33,0.07672,0.26493,0.8998,-18.827,6.943,-10.189,True
ET_03,other,33.34,0.13573,0.33422,0.86331,-10.113,11.915,-5.436,True
ET_03,other,33.35,0.21431,0.34207,0.9337,0.818,15.049,1.255,True
ET_03,other,33.36,0.30418,0.30613,0.98096,13.495,12.292,6.156,True
ET_03,other,33.37,0.31619,0.2738,0.98844,19.36,5.554,8.351,True
ET_03,other,33.38,0.32684,0.20535,0.98086,20.283,-1.522,9.386,True
ET_03,other,33.39,0.3288,0.13266,0.98441,15.879,-10.189,7.839,True
ET_03,other,33.4,0.24602,0.12886,0.95722,6.156,-14.942,3.489,True
ET_03,other,33.410000000000004,0.15706,0.08561,0.89416,-5.219,-14.581,-1.316,True
ET_03,other,33.42,0.071,0.14796,0.89498,-14.084,-9.762,-6.879,True
ET_03,other,33.43,0.07561,0.20166,0.88088,-18.902,-3.619,-9.095,True
ET_03,other,33.44,0.05189,0.22143,0.8652,-19.563,5.755,-9.081,True
ET_03,other,33.45,0.08349,0.27829,0.9021,-12.616,11.155,-7.168,True
ET_03,other,33.46,0.17781,0.31886,0.94166,-4.384,13.601,-2.863,True
ET_03,other,33.47,0.21846,0.31887,0.92954,6.989,14.355,3.879,True
ET_03,other,33.480000000000004,0.30833,0.29576,0.98203,16.787,7.96,6.779,True
ET_03,other,33.49,0.34129,0.25574,0.96737,19.341,0.784,9.866,True
ET_03,other,33.5,0.32242,0.16309,0.9968,16.211,-7.424,9.496,True
ET_03,other,33.51,0.27335,0.12646,0.94225,10.35,-12.112,3.944,True
ET_03,other,33.52,0.18483,0.12718,0.93829,-1.323,-14.97,-0.926,True
ET_03,other,33.53,0.11311,0.11389,0.87632,-10.347,-12.491,-4.705,True
ET_03,other,33.54,0.05762,0.1699,0.89666,-17.903,-6.805,-8.761,True
ET_03,other,33.55,0.03566,0.19947,0.88122,-20.05,0.725,-10.248,True
ET_03,other,33.56,0.06929,0.29275,0.88625,-15.522,10.302,-7.047,True
ET_03,other,33.57,0.15322,0.31732,0.9333,-6.304,12.677,-2.924,True
ET_03,other,33.58,0.21075,0.3438,0.96723,2.432,14.191,1.695,True
ET_03,other,33.59,0.27701,0.32401,0.93714,12.432,10.89,6.629,True
ET_03,other,33.6,0.34032,0.25864,0.96649,18.117,6.54,9.713,True
ET_03,other,33.61,0.32133,0.18212,0.99109,18.585,-3.018,9.837,True
ET_03,other,33.62,0.2966,0.14299,0.97412,13.267,-9.611,7.315,True
ET_03,other,33.63,0.22326,0.10632,0.93098,3.659,-14.387,2.685,True
ET_03,other,33.64,0.12167,0.1218,0.91354,-4.599,-14.435,-2.181,True
ET_03,other,33.65,0.07487,0.1645,0.88976,-15.643,-9.407,-8.764,True
ET_03,other,33.660000000000004,0.02992,0.18829,0.89125,-20.073,-2.395,-9.421,True
ET_03,other,33.67,0.05612,0.24753,0.88497,-17.788,5.655,-9.914,True
ET_03,other,33.68,0.11008,0.31052,0.91335,-12.274,11.523,-5.362,True
ET_03,other,33.69,0.18364,0.33535,0.90361,-2.596,15.048,-0.428,True
ET_03,other,33.7,0.27277,0.31198,0.95289,8.201,12.422,3.973,True
ET_03,other,33.71,0.31962,0.25979,1.00941,16.012,7.944,8.021,True
ET_03,other,33.72,0.34863,0.20459,0.97679,19.943,-0.674,10.43,True
ET_03,other,33.730000000000004,0.31167,0.19598,0.97143,15.361,-8.798,7.363,True
ET_03,other,33.74,0.25687,0.11819,0.9364,7.473,-13.689,5.062,True
ET_03,other,33.75,0.14894,0.10297,0.93126,-2.413,-14.717,-1.106,True
ET_03,other,33.76,0.08979,0.13447,0.89693,-12.453,-12.222,-5.412,True
ET_03,other,33.77,0.03783,0.17608,0.88764,-19.171,-5.085,-7.661,True
ET_03,other,33.78,0.02013,0.23154,0.89445,-19.706,1.935,-9.908,True
ET_03,other,33.79,0.08442,0.28094,0.9249,-14.911,8.233,-6.522,True
ET_03,other,33.8,0.15664,0.30871,0.90863,-5.826,12.265,-3.313,True
ET_03,other,33.81,0.24684,0.33482,0.93506,5.644,14.188,1.826,True
ET_03,other,33.82,0.27996,0.27457,0.96845,14.522,8.853,7.182,True
ET_03,other,33.83,0.32956,0.23949,0.97754,20.162,3.222,10.298,True
ET_03,other,33.84,0.30061,0.17863,0.9851,18.605,-4.153,11.185,True
ET_03,other,33.85,0.2599,0.13922,0.97178,12.219,-11.714,6.987,True
ET_03,other,33.86,0.20637,0.10235,0.94905,2.727,-15.269,1.138,True
ET_03,other,33.87,0.12257,0.12096,0.90283,-8.409,-13.453,-4.205,True
ET_03,other,33.88,0.09207,0.15819,0.87718,-15.179,-8.551,-8.673,True
ET_03,other,33.89,0.01793,0.18161,0.86872,-18.808,-0.553,-9.847,True
ET_03,other,33.9,0.05734,0.26907,0.87985,-17.885,5.053,-7.784,True
ET_03,other,33.910000000000004,0.10603,0.30387,0.89784,-11.175,12.947,-5.249,True
ET_03,other,33.92,0.19489,0.29986,0.94326,-0.287,14.234,-0.091,True
ET_03,other,33.93,0.26468,0.29379,0.96524,12.087,11.072,4.69,True
ET_03,other,33.94,0.32627,0.25329,0.99862,19.393,6.39,8.942,True
ET_03,other,33.95,0.34105,0.21793,0.98145,21.016,-1.049,10.377,True
ET_03,other,33.96,0.31371,0.14018,0.98874,15.52,-8.849,8.563,True
ET_03,other,33.97,0.2202,0.11589,0.96765,6.859,-12.362,4.133,True
ET_03,other,33.980000000000004,0.13109,0.1032,0.93165,-3.526,-15.862,-2.777,True
ET_03,other,33.99,0.06981,0.13947,0.90841,-13.945,-10.562,-8.279,True
ET_03,other,34.0,0.03063,0.18004,0.90345,-21.811,-4.026,-9.703,True
ET_03,other,34.01,0.03609,0.23956,0.87716,-19.455,3.078,-9.612,True
ET_03,other,34.02,0.07358,0.29522,0.8809,-12.39,11.674,-7.549,True
ET_03,other,34.03,0.14239,0.32688,0.92619,-4.534,15.89,-2.089,True
ET_03,other,34.04,0.21855,0.30834,0.95395,7.527,14.648,2.029,True
ET_03,other,34.05,0.28909,0.28098,0.9945,15.342,9.583,7.367,True
ET_03,other,34.06,0.3257,0.22825,0.98183,21.092,0.683,11.036,True
ET_03,other,34.07,0.31044,0.17586,0.97336,20.218,-5.99,8.664,True
ET_03,other,34.08,0.24769,0.14885,0.97946,11.42,-12.551,6.483,True
ET_03,other,34.09,0.19837,0.11387,0.97074,0.904,-15.409,0.602,True
ET_03,other,34.1,0.09263,0.10929,0.90213,-10.575,-12.338,-5.013,True
ET_03,other,34.11,0.06686,0.14521,0.86407,-16.095,-7.028,-7.949,True
ET_03,other,34.12,0.04344,0.2362,0.86788,-19.782,0.607,-9.918,True
ET_03,other,34.13,0.03514,0.30344,0.89276,-16.091,9.026,-7.621,True
ET_03,other,34.14,0.12618,0.28355,0.89119,-9.84,12.024,-3.635,True
ET_03,other,34.15,0.19511,0.32512,0.94367,1.51,15.483,-0.059,True
ET_03,other,34.160000000000004,0.26654,0.3028,0.96682,11.451,13.291,4.278,True
ET_03,other,34.17,0.33178,0.24238,0.99084,19.24,5.829,10.022,True
ET_03,other,34.18,0.32893,0.20196,0.98479,20.34,-2.903,9.977,True
ET_03,other,34.19,0.32813,0.11962,0.97272,14.944,-9.551,7.809,True
ET_03,other,34.2,0.21891,0.09774,0.95324,6.008,-14.727,3.443,True
ET_03,other,34.21,0.13875,0.13788,0.89205,-5.296,-14.17,-2.494,True
ET_03,other,34.22,0.07602,0.13438,0.88182,-15.893,-10.817,-8.062,True
ET_03,other,34.230000000000004,0.03089,0.21637,0.87121,-19.639,-1.674,-10.88,True
ET_03,other,34.24,0.02347,0.25468,0.90678,-19.907,5.588,-10.087,True
ET_03,other,34.25,0.03866,0.30483,0.90746,-14.476,12.405,-5.69,True
ET_03,other,34.26,0.13554,0.32663,0.93473,-1.644,15.311,0.883,True
ET_03,other,34.27,0.2328,0.31266,0.9841,8.507,14.984,5.354,True
ET_03,other,34.28,0.30092,0.2569,1.0051,16.982,9.873,6.892,True
ET_03,other,34.29,0.30727,0.21848,0.99755,21.489,0.425,10.58,True
ET_03,other,34.300000000000004,0.32462,0.16478,1.00907,19.823,-9.707,9.511,True
ET_03,other,34.31,0.2466,0.08458,0.95094,10.6,-13.848,6.13,True
ET_03,other,34.32,0.14509,0.08491,0.93279,-0.997,-15.406,-0.595,True
ET_03,other,34.33,0.08674,0.10887,0.9411,-12.092,-13.495,-6.438,True
ET_03,other,34.34,0.03157,0.13709,0.8731,-20.084,-7.174,-9.596,True
ET_03,other,34.35,-0.00318,0.23629,0.88575,-22.431,2.404,-11.539,True
ET_03,other,34.36,0.0631,0.2927,0.91001,-16.797,9.133,-7.747,True
ET_03,other,34.37,0.10729,0.32198,0.91101,-8.537,14.449,-2.398,True
ET_03,other,34.38,0.17906,0.33215,0.94605,3.024,14.875,2.618,True
ET_03,other,34.39,0.27279,0.29251,0.94303,14.39,11.45,6.742,True
ET_03,other,34.4,0.33724,0.21913,0.96939,21.973,3.973,11.629,True
ET_03,other,34.410000000000004,0.31972,0.17096,0.96551,21.178,-4.001,9.339,True
ET_03,other,34.42,0.29612,0.13917,0.98051,15.301,-11.567,8.215,True
ET_03,other,34.43,0.20789,0.09024,0.96198,3.869,-16.753,2.199,True
ET_03,other,34.44,0.09715,0.11153,0.92766,-8.396,-14.04,-2.715,True
ET_03,other,34.45,0.03495,0.14288,0.88582,-16.754,-8.566,-9.287,True
ET_03,other,34.46,0.00949,0.18866,0.8818,-21.819,-1.854,-12.836,True
ET_03,other,34.47,-0.01266,0.24997,0.92636,-21.001,7.587,-10.884,True
ET_03,other,34.480000000000004,0.06901,0.30333,0.90224,-12.797,13.407,-6.014,True
ET_03,other,34.49,0.16659,0.33544,0.95581,-0.462,15.277,-0.606,True
ET_03,other,34.5,0.19537,0.32874,0.96152,10.57,13.566,6.03,True
ET_03,other,34.51,0.31931,0.24375,1.02507,20.572,8.12,9.704,True
ET_03,other,34.52,0.33273,0.18725,0.98674,22.849,-1.885,11.325,True
ET_03,other,34.53,0.31994,0.11847,1.00056,19.929,-9.625,9.851,True
ET_03,other,34.54,0.23756,0.06281,0.9829,9.278,-13.947,4.936,True
ET_03,other,34.550000000000004,0.16751,0.07932,0.93492,-2.906,-18.324,-0.977,True
ET_03,other,34.56,0.07394,0.13353,0.93362,-15.817,-13.436,-6.007,True
ET_03,other,34.57,-0.0055,0.14767,0.87411,-23.072,-5.452,-10.456,True
ET_03,other,34.58,-0.00771,0.23985,0.87302,-21.197,3.875,-12.094,True
ET_03,other,34.59,0.03922,0.31167,0.90367,-18.418,11.709,-8.901,True
ET_03,other,34.6,0.10196,0.35619,0.949,-6.057,15.187,-4.299,True
ET_03,other,34.61,0.21867,0.33214,0.95812,7.049,16.892,3.11,True
ET_03,other,34.62,0.2854,0.29108,0.96132,17.435,12.163,7.11,True
ET_03,other,34.63,0.33853,0.22789,1.00529,22.774,2.597,11.701,True
ET_03,other,34.64,0.30622,0.1589,0.99551,22.171,-5.86,11.441,True
ET_03,other,34.65,0.25984,0.12251,0.96694,14.287,-14.505,6.561,True
ET_03,other,34.660000000000004,0.18351,0.04886,0.9449,2.661,-18.757,0.074,True
ET_03,other,34.67,0.10432,0.06934,0.9336,-10.936,-15.354,-5.782,True
ET_03,other,34.68,0.02223,0.13083,0.86314,-19.234,-9.788,-9.732,True
ET_03,other,34.69,-0.00619,0.19668,0.89079,-22.911,-0.353,-11.13,True
ET_03,other,34.7,-0.00179,0.26868,0.87303,-22.147,8.396,-10.802,True
ET_03,other,34.71,0.06982,0.30678,0.92063,-12.296,16.446,-5.471,True
ET_03,other,34.72,0.18564,0.34278,0.96154,1.011,19.534,0.219,True
ET_03,other,34.730000000000004,0.26295,0.32868,0.98838,13.474,14.343,5.887,True
ET_03,other,34.74,0.32164,0.25736,1.01349,23.088,7.707,10.976,True
ET_03,other,34.75,0.35792,0.18358,1.0125,23.847,-1.36,12.164,True
ET_03,other,34.76,0.30013,0.10644,0.98431,19.405,-11.303,10.117,True
ET_03,other,34.77,0.21416,0.09182,0.95186,8.385,-17.04,4.927,True
ET_03,other,34.78,0.14009,0.07472,0.93894,-5.965,-17.355,-2.248,True
ET_03,other,34.79,0.02894,0.09974,0.90003,-16.75,-14.42,-7.674,True
ET_03,other,34.800000000000004,-0.01009,0.15399,0.90199,-23.608,-5.043,-12.607,True
ET_03,other,34.81,-0.00445,0.23497,0.87824,-23.683,4.382,-12.275,True
ET_03,other,34.82,0.01243,0.2872,0.88232,-16.468,12.588,-8.668,True
ET_03,other,34.83,0.12089,0.30418,0.90409,-4.074,17.855,-2.159,True
ET_03,other,34.84,0.22797,0.31603,0.95779,8.216,17.313,4.568,True
ET_03,other,34.85,0.29981,0.29843,0.992,17.382,10.321,9.869,True
ET_03,other,34.86,0.35195,0.25565,1.01564,26.028,0.895,12.968,True
ET_03,other,34.87,0.3134,0.14695,1.02386,22.987,-6.79,12.907,True
ET_03,other,34.88,0.25677,0.08403,0.98891,13.758,-15.034,6.014,True
ET_03,other,34.89,0.18962,0.06272,0.94475,0.55,-18.884,-0.023,True
ET_03,other,34.9,0.04337,0.10543,0.90695,-13.078,-16.161,-6.267,True
ET_03,other,34.910000000000004,-0.03296,0.12693,0.87161,-22.825,-9.592,-11.398,True
ET_03,other,34.92,-0.04187,0.21185,0.88257,-24.522,-0.312,-12.22,True
ET_03,other,34.93,-0.00553,0.28506,0.88512,-19.943,12.578,-11.673,True
ET_03,other,34.94,0.07123,0.33243,0.92274,-11.462,16.136,-4.748,True
ET_03,other,34.95,0.19682,0.34935,0.9444,1.645,17.435,1.791,True
ET_03,other,34.96,0.26304,0.27829,0.99703,17.428,14.395,6.903,True
ET_03,other,34.97,0.31458,0.24537,1.01038,23.356,6.661,11.326,True
ET_03,other,34.980000000000004,0.31506,0.17276,1.01556,24.812,-3.349,13.063,True
ET_03,other,34.99,0.30578,0.12122,1.01174,17.896,-12.665,8.414,True
ET_03,other,35.0,0.19685,0.05871,0.96955,7.126,-18.438,1.814,True
ET_03,other,35.01,0.12247,0.06882,0.93222,-8.222,-18.247,-2.803,True
ET_03,other,35.02,-0.00729,0.09896,0.89813,-20.142,-13.862,-11.023,True
ET_03,other,35.03,-0.06265,0.1584,0.91049,-26.336,-4.929,-13.532,True
ET_03,other,35.04,-0.02734,0.25154,0.87139,-24.446,6.281,-12.841,True
ET_03,other,35.050000000000004,0.0316,0.32027,0.90473,-16.458,16.651,-7.484,True
ET_03,other,35.06,0.11125,0.32843,0.93363,-2.548,20.106,-1.097,True
ET_03,other,35.07,0.22509,0.32337,0.97868,12.146,18.609,5.619,True
ET_03,other,35.08,0.32708,0.28408,0.98884,20.929,10.146,10.814,True
ET_03,other,35.09,0.34968,0.22234,1.03407,28.889,0.687,13.209,True
ET_03,other,35.1,0.32535,0.16748,1.01408,23.293,-12.036,11.243,True
ET_03,other,35.11,0.23332,0.05153,0.96631,12.724,-18.637,7.207,True
ET_03,other,35.12,0.14545,0.03117,0.95115,-1.974,-19.512,-0.443,True
ET_03,other,35.13,0.05396,0.0612,0.91223,-16.76,-15.995,-9.702,True
ET_03,other,35.14,-0.03836,0.14279,0.87818,-24.617,-9.069,-12.666,True
ET_03,other,35.15,-0.03844,0.2166,0.86176,-27.371,3.139,-12.338,True
ET_03,other,35.160000000000004,0.00042,0.27942,0.88059,-22.007,13.474,-10.296,True
ET_03,other,35.17,0.06406,0.36031,0.93579,-10.179,21.165,-4.579,True
ET_03,other,35.18,0.18762,0.35939,0.94813,6.059,20.094,2.753,True
ET_03,other,35.19,0.30095,0.28771,0.99408,19.09,14.625,8.992,True
ET_03,other,35.2,0.35907,0.20984,1.03789,26.551,5.391,12.829,True
ET_03,other,35.21,0.32968,0.16585,1.02586,27.322,-5.923,12.152,True
ET_03,other,35.22,0.26743,0.07363,1.01553,18.1,-16.252,8.761,True
ET_03,other,35.230000000000004,0.16839,0.05532,0.96246,3.129,-19.94,2.511,True
ET_03,other,35.24,0.05823,0.05,0.89836,-10.696,-18.418,-4.725,True
ET_03,other,35.25,-0.01256,0.09849,0.89574,-22.201,-13.197,-10.962,True
ET_03,other,35.26,-0.06817,0.16434,0.86416,-27.44,-2.559,-15.487,True
ET_03,other,35.27,-0.05208,0.27138,0.86041,-26.138,10.553,-12.713,True
ET_03,other,35.28,0.00798,0.31452,0.89215,-15.927,17.845,-8.21,True
ET_03,other,35.29,0.13508,0.32723,0.94662,1.094,21.029,0.589,True
ET_03,other,35.300000000000004,0.22262,0.30769,0.97707,15.296,18.669,8.117,True
ET_03,other,35.31,0.32211,0.25069,1.02071,24.753,9.644,12.107,True
ET_03,other,35.32,0.34107,0.19222,1.0268,28.756,-1.549,14.662,True
ET_03,other,35.33,0.32491,0.09271,1.03475,23.59,-12.534,12.237,True
ET_03,other,35.34,0.22407,0.06898,0.98694,11.586,-20.399,6.803,True
ET_03,other,35.35,0.10506,0.04356,0.94031,-5.022,-20.712,-1.046,True
ET_03,other,35.36,-0.00307,0.07288,0.93649,-19.232,-16.565,-11.109,True
ET_03,other,35.37,-0.0611,0.12922,0.8838,-27.128,-6.805,-14.375,True
ET_03,other,35.38,-0.079,0.22108,0.87092,-28.547,5.6,-14.861,True
ET_03,other,35.39,-0.03705,0.28628,0.88228,-22.419,14.779,-9.926,True
ET_03,other,35.4,0.06866,0.36324,0.9592,-7.44,21.404,-4.379,True
ET_03,other,35.410000000000004,0.2066,0.32589,0.98131,10.028,20.861,4.909,True
ET_03,other,35.42,0.32251,0.28018,1.01897,21.958,13.148,11.616,True
ET_03,other,35.43,0.34566,0.22308,1.04919,30.395,2.649,13.768,True
ET_03,other,35.44,0.35409,0.1335,1.0214,28.654,-8.047,13.969,True
ET_03,other,35.45,0.27039,0.05992,1.00877,17.76,-18.2,8.473,True
ET_03,other,35.46,0.14744,0.01566,0.97379,2.375,-22.299,1.452,True
ET_03,other,35.47,0.03492,0.04739,0.93026,-13.771,-19.647,-7.326,True
ET_03,other,35.480000000000004,-0.0636,0.14725,0.86886,-26.584,-11.791,-12.73,True
ET_03,other,35.49,-0.09097,0.19993,0.87044,-30.358,0.725,-14.951,True
ET_03,other,35.5,-0.05878,0.26851,0.89609,-25.229,11.292,-12.415,True
ET_03,other,35.51,0.01867,0.30686,0.89969,-13.687,19.953,-6.489,True
ET_03,other,35.52,0.15319,0.3819,0.9727,1.697,22.895,0.424,True
ET_03,other,35.53,0.23202,0.33621,1.02357,18.7,18.432,10.096,True
ET_03,other,35.54,0.33266,0.26475,1.02357,27.921,8.862,14.112,True
ET_03,other,35.550000000000004,0.33378,0.1657,1.06614,29.62,-3.518,13.018,True
ET_03,other,35.56,0.2844,0.102,1.01862,23.039,-13.759,12.526,True
ET_03,other,35.57,0.20609,0.0247,1.00649,9.386,-20.851,4.755,True
ET_03,other,35.58,0.06463,0.03167,0.94673,-7.424,-21.645,-2.95,True
ET_03,other,35.59,-0.0078,0.08153,0.88909,-21.857,-14.862,-11.072,True
ET_03,other,35.6,-0.09032,0.13907,0.86112,-31.052,-6.699,-15.664,True
ET_03,other,35.61,-0.09967,0.23469,0.89422,-29.42,7.23,-13.686,True
ET_03,other,35.62,-0.00813,0.32502,0.90131,-18.79,17.105,-10.448,True
ET_03,other,35.63,0.11542,0.34238,0.94734,-4.098,22.548,-2.613,True
ET_03,other,35.64,0.20875,0.34949,0.99023,13.344,21.259,5.861,True
ET_03,other,35.65,0.30398,0.29066,1.02498,25.172,13.211,12.263,True
ET_03,other,35.660000000000004,0.38359,0.16322,1.0446,31.009,1.064,16.691,True
ET_03,other,35.67,0.32885,0.13554,1.03321,27.427,-11.582,15.063,True
ET_03,other,35.68,0.26005,0.03702,0.98621,15.382,-20.447,8.847,True
ET_03,other,35.69,0.12237,0.0189,0.9724,-0.57,-22.247,-0.34,True
ET_03,other,35.7,-0.01264,0.05435,0.91451,-16.747,-20.337,-8.068,True
ET_03,other,35.71,-0.08422,0.11278,0.87303,-28.012,-10.858,-14.214,True
ET_03,other,35.72,-0.12616,0.20434,0.85754,-31.545,2.574,-15.94,True
ET_03,other,35.730000000000004,-0.08142,0.27453,0.8847,-24.935,12.972,-13.259,True
ET_03,other,35.74,0.00123,0.36227,0.90981,-11.36,20.602,-5.424,True
ET_03,other,35.75,0.20361,0.3487,0.98921,4.636,21.235,2.904,True
ET_03,other,35.76,0.30211,0.32428,1.02616,20.717,18.019,10.55,True
ET_03,other,35.77,0.3213,0.26962,1.04523,31.483,7.053,13.286,True
ET_03,other,35.78,0.35164,0.17154,1.05344,31.252,-5.876,15.691,True
ET_03,other,35.79,0.29765,0.04925,1.00252,21.223,-15.688,12.512,True
ET_03,other,35.800000000000004,0.16347,0.02679,0.98371,6.941,-23.925,3.967,True
ET_03,other,35.81,0.0746,0.0144,0.90589,-9.206,-20.841,-6.402,True
ET_03,other,35.82,-0.05962,0.07809,0.91067,-24.644,-14.991,-11.302,True
ET_03,other,35.83,-0.12958,0.17598,0.87438,-31.905,-2.333,-16.608,True
ET_03,other,35.84,-0.0838,0.26473,0.87978,-28.684,8.65,-13.509,True
ET_03,other,35.85,-0.00985,0.29259,0.90874,-20.346,20.218,-9.015,True
ET_03,other,35.86,0.11365,0.36949,0.92681,-1.48,24.072,-0.871,True
ET_03,other,35.87,0.23314,0.35185,0.99785,14.992,21.172,7.478,True
ET_03,other,35.88,0.33905,0.28991,1.05199,27.397,11.829,13.69,True
ET_03,other,35.89,0.35627,0.22272,1.02206,31.13,-0.579,15.488,True
ET_03,other,35.9,0.31682,0.09687,1.02381,27.897,-12.159,14.293,True
ET_03,other,35.910000000000004,0.21001,0.0335,0.99907,14.6,-22.214,8.179,True
ET_03,other,35.92,0.08992,0.01408,0.94266,-3.608,-21.867,-2.556,True
ET_03,other,35.93,-0.01025,0.05348,0.91343,-17.775,-20.203,-9.379,True
ET_03,other,35.94,-0.0714,0.13609,0.9028,-31.862,-9.06,-14.618,True
ET_03,other,35.95,-0.12704,0.2101,0.8858,-31.803,2.442,-15.969,True
ET_03,other,35.96,-0.01572,0.30062,0.88125,-24.38,15.246,-11.068,True
ET_03,other,35.97,0.0513,0.36818,0.93896,-8.481,23.883,-5.212,True
ET_03,other,35.980000000000004,0.18639,0.34544,0.97054,7.468,23.705,6.41,True
ET_03,other,35.99,0.29223,0.30039,1.03838,23.475,16.775,11.724,True
ET_03,other,36.0,0.31922,0.24121,1.04632,30.929,6.68,16.579,True
ET_03,other,36.01,0.33327,0.12158,1.04307,29.948,-8.431,16.621,True
ET_03,other,36.02,0.28707,0.07636,1.01841,20.747,-17.344,11.407,True
ET_03,other,36.03,0.15185,0.01454,0.96842,5.245,-25.099,3.016,True
ET_03,other,36.04,0.0273,0.03288,0.94508,-12.669,-21.188,-5.962,True
ET_03,other,36.050000000000004,-0.0744,0.08598,0.86493,-26.938,-14.665,-13.213,True
ET_03,other,36.06,-0.12161,0.18224,0.88967,-34.041,0.276,-15.841,True
ET_03,other,36.07,-0.10874,0.283,0.88753,-29.397,11.443,-14.661,True
ET_03,other,36.08,-0.02871,0.32071,0.90306,-17.075,20.18,-8.478,True
ET_03,other,36.09,0.12485,0.36286,0.98097,1.183,23.553,-0.657,True
ET_03,other,36.1,0.28874,0.32163,1.0369,17.155,19.516,8.703,True
ET_03,other,36.11,0.32458,0.26693,1.03478,29.851,11.602,14.488,True
ET_03,other,36.12,0.33952,0.16186,1.06488,32.702,-1.594,17.217,True
ET_03,other,36.13,0.30192,0.06764,1.0321,28.463,-14.414,14.855,True
ET_03,other,36.14,0.20611,0.02457,0.98277,11.397,-21.818,6.123,True
ET_03,other,36.15,0.07399,0.03492,0.9748,-6.437,-24.999,-2.55,True
ET_03,other,36.160000000000004,-0.03359,0.03847,0.92202,-22.138,-16.567,-10.999,True
ET_03,other,36.17,-0.11326,0.0985,0.86715,-30.439,-6.413,-14.227,True
ET_03,other,36.18,-0.10657,0.22986,0.89255,-31.523,6.618,-16.256,True
ET_03,other,36.19,-0.04367,0.27981,0.92622,-23.426,16.833,-10.711,True
ET_03,other,36.2,0.06058,0.35618,0.96658,-6.891,24.529,-2.355,True
ET_03,other,36.21,0.19942,0.34498,1.00425,12.418,22.013,6.429,True
ET_03,other,36.22,0.2911,0.25965,1.0137,26.221,17.072,13.891,True
ET_03,other,36.230000000000004,0.34459,0.21804,1.06956,33.434,3.117,16.566,True
ET_03,other,36.24,0.34267,0.10283,1.07013,31.857,-10.321,16.247,True
ET_03,other,36.25,0.23913,0.03247,1.01299,19.24,-20.854,9.42,True
ET_03,other,36.26,0.09173,0.04531,0.95854,0.731,-23.342,-0.148,True
ET_03,other,36.27,-0.0167,0.02038,0.93012,-15.785,-20.597,-7.431,True
ET_03,other,36.28,-0.10858,0.0854,0.86875,-28.225,-13.136,-13.692,True
ET_03,other,36.29,-0.13566,0.20346,0.8709,-33.143,1.414,-16.778,True
ET_03,other,36.300000000000004,-0.07729,0.26234,0.91868,-27.807,11.968,-13.733,True
ET_03,other,36.31,0.01723,0.33624,0.91542,-13.789,19.803,-7.125,True
ET_03,other,36.32,0.15492,0.37298,0.96782,2.317,23.772,1.397,True
ET_03,other,36.33,0.26713,0.30372,1.02611,20.349,18.401,11.073,True
ET_03,other,36.34,0.34577,0.23883,1.05722,31.694,9.006,15.096,True
ET_03,other,36.35,0.36272,0.18425,1.03065,31.718,-5.466,15.778,True
ET_03,other,36.36,0.279,0.06652,1.02377,24.02,-15.415,10.286,True
ET_03,other,36.37,0.18677,0.00155,1.00578,9.747,-23.345,4.365,True
ET_03,other,36.38,0.03235,-0.00701,0.95468,-6.856,-23.379,-4.257,True
ET_03,other,36.39,-0.08346,0.05361,0.89486,-25.079,-18.275,-12.075,True
ET_03,other,36.4,-0.13851,0.16088,0.88137,-32.128,-6.242,-15.871,True
ET_03,other,36.410000000000004,-0.1273,0.24651,0.87924,-31.873,8.824,-15.423,True
ET_03,other,36.42,-0.0575,0.31934,0.92657,-20.042,17.64,-10.02,True
ET_03,other,36.43,0.08019,0.34619,0.95029,-5.799,24.698,-1.502,True
ET_03,other,36.44,0.19587,0.33862,1.00042,13.447,21.329,7.109,True
ET_03,other,36.45,0.29474,0.30491,1.0312,27.468,13.739,14.233,True
ET_03,other,36.46,0.33532,0.20622,1.04856,32.61,1.885,15.96,True
ET_03,other,36.47,0.32981,0.07701,1.05532,27.221,-11.569,12.477,True
ET_03,other,36.480000000000004,0.22797,-0.00347,1.02213,15.964,-19.112,8.877,True
ET_03,other,36.49,0.09785,-0.01071,0.95768,-0.186,-24.567,-0.253,True
ET_03,other,36.5,-0.0212,0.04888,0.90103,-17.379,-20.238,-8.061,True
ET_03,other,36.51,-0.10444,0.10416,0.90788,-29.374,-9.403,-14.624,True
ET_03,other,36.52,-0.12301,0.20343,0.87295,-32.83,2.702,-14.782,True
ET_03,other,36.53,-0.05823,0.28002,0.92436,-24.436,15.084,-12.367,True
ET_03,other,36.54,0.0551,0.34211,0.93315,-10.992,21.343,-7.077,True
ET_03,other,36.550000000000004,0.17571,0.34256,1.00802,7.587,22.384,1.629,True
ET_03,other,36.56,0.28375,0.30726,1.01563,21.981,17.093,11.202,True
ET_03,other,36.57,0.34503,0.24639,1.04329,29.555,6.868,16.085,True
ET_03,other,36.58,0.33759,0.12553,1.05383,31.312,-6.416,16.076,True
ET_03,other,36.59,0.26182,0.06374,1.05198,21.795,-17.688,10.083,True
ET_03,other,36.6,0.15684,0.00261,0.9575,5.834,-22.696,3.077,True
ET_03,other,36.61,0.05801,0.01392,0.92003,-10.724,-22.645,-6.103,True
ET_03,other,36.62,-0.06859,0.06954,0.88388,-27.037,-15.184,-12.291,True
ET_03,other,36.63,-0.14236,0.12207,0.89399,-31.092,-4.114,-15.27,True
ET_03,other,36.64,-0.09336,0.26778,0.91664,-29.651,9.839,-16.106,True
ET_03,other,36.65,-0.0446,0.31705,0.91107,-18.338,19.892,-9.76,True
ET_03,other,36.660000000000004,0.09571,0.33778,0.99667,-0.505,24.972,-1.643,True
ET_03,other,36.67,0.21232,0.3235,1.02729,17.164,20.297,7.628,True
ET_03,other,36.68,0.29295,0.25786,1.05355,29.251,11.59,15.896,True
ET_03,other,36.69,0.33294,0.14868,1.06789,31.69,-1.598,15.85,True
ET_03,other,36.7,0.30269,0.06909,1.0309,26.472,-12.235,13.677,True
ET_03,other,36.71,0.2083,0.01972,0.99912,13.368,-21.122,6.405,True
ET_03,other,36.72,0.07357,0.01651,0.98318,-4.08,-23.768,-2.672,True
ET_03,other,36.730000000000004,-0.02861,0.03985,0.92117,-20.574,-17.815,-10.418,True
ET_03,other,36.74,-0.12724,0.0972,0.8951,-28.787,-6.873,-13.839,True
ET_03,other,36.75,-0.10906,0.21322,0.90811,-33.396,3.268,-15.122,True
ET_03,other,36.76,-0.0607,0.2952,0.90595,-24.031,15.305,-13.443,True
ET_03,other,36.77,0.01856,0.34927,0.95054,-8.173,22.397,-4.545,True
ET_03,other,36.78,0.16838,0.35215,1.00653,9.058,22.412,3.978,True
ET_03,other,36.79,0.28678,0.3084,1.0196,22.652,14.5,12.97,True
ET_03,other,36.800000000000004,0.34985,0.22545,1.02763,30.988,3.66,16.034,True
ET_03,other,36.81,0.30874,0.13117,1.05493,29.831,-8.69,15.005,True
ET_03,other,36.82,0.23785,0.06303,1.04482,17.505,-18.212,9.901,True
ET_03,other,36.83,0.13887,0.01115,0.98995,2.309,-22.201,0.796,True
ET_03,other,36.84,0.00538,0.02106,0.93083,-13.68,-21.591,-7.186,True
ET_03,other,36.85,-0.10565,0.08005,0.92043,-27.024,-12.839,-12.421,True
ET_03,other,36.86,-0.12616,0.15338,0.89505,-29.987,-0.62,-16.059,True
ET_03,other,36.87,-0.08798,0.27053,0.88152,-27.578,12.755,-14.343,True
ET_03,other,36.88,-0.02824,0.32459,0.94414,-14.413,20.847,-6.829,True
ET_03,other,36.89,0.09745,0.33342,0.95819,0.991,22.412,1.807,True
ET_03,other,36.9,0.23453,0.31303,1.03044,18.406,18.444,7.624,True
ET_03,other,36.910000000000004,0.34256,0.23468,1.04161,29.151,9.376,12.898,True
ET_03,other,36.92,0.32583,0.1639,1.05066,28.987,-2.758,16.71,True
ET_03,other,36.93,0.24432,0.07812,1.04667,23.564,-12.825,12.386,True
ET_03,other,36.94,0.14297,0.0038,0.98761,10.184,-20.038,5.144,True
ET_03,other,36.95,0.04538,0.02097,0.9805,-6.595,-21.646,-2.214,True
ET_03,other,36.96,-0.04286,0.05032,0.90503,-20.915,-15.247,-9.801,True
ET_03,other,36.97,-0.1054,0.14739,0.87006,-28.367,-5.613,-14.022,True
ET_03,other,36.980000000000004,-0.11732,0.24456,0.89012,-29.227,5.669,-14.341,True
ET_03,other,36.99,-0.02742,0.27328,0.92238,-20.722,16.932,-11.378,True
ET_03,other,37.0,0.08693,0.33625,0.97204,-4.812,21.828,-1.491,True
ET_03,other,37.01,0.16861,0.32304,1.01438,11.318,20.274,5.672,True
ET_03,other,37.02,0.26678,0.30123,1.05186,23.882,14.044,12.036,True
ET_03,other,37.03,0.3309,0.17436,1.06428,29.661,2.887,14.86,True
ET_03,other,37.04,0.316,0.10717,1.04127,26.683,-8.962,14.89,True
ET_03,other,37.050000000000004,0.21566,0.02304,0.99696,16.708,-19.743,6.516,True
ET_03,other,37.06,0.11375,0.02879,0.94213,0.896,-20.253,0.648,True
ET_03,other,37.07,0.00191,0.04324,0.95472,-14.837,-19.166,-7.522,True
ET_03,other,37.08,-0.07028,0.08316,0.88316,-27.443,-11.374,-11.765,True
ET_03,other,37.09,-0.09973,0.19239,0.90892,-29.659,1.09,-15.572,True
ET_03,other,37.1,-0.08919,0.28458,0.89726,-24.71,11.643,-12.21,True
ET_03,other,37.11,0.04383,0.31568,0.95453,-10.954,21.406,-6.673,True
ET_03,other,37.12,0.10313,0.32277,0.96731,5.12,20.527,2.066,True
ET_03,other,37.13,0.21253,0.31236,1.03591,17.695,17.266,9.392,True
ET_03,other,37.14,0.28991,0.21689,1.05218,27.019,7.5,13.819,True
ET_03,other,37.15,0.31751,0.16371,1.04117,29.261,-4.261,14.668,True
ET_03,other,37.160000000000004,0.26756,0.04085,1.03024,22.565,-13.562,11.416,True
ET_03,other,37.17,0.17038,0.02861,1.02342,6.379,-21.695,3.939,True
ET_03,other,37.18,0.02929,0.03981,0.94041,-8.171,-20.417,-4.294,True
ET_03,other,37.19,-0.06095,0.05082,0.92097,-22.644,-14.61,-10.768,True
ET_03,other,37.2,-0.07118,0.14785,0.91401,-28.123,-3.064,-13.863,True
ET_03,other,37.21,-0.08363,0.23194,0.93311,-26.889,8.084,-12.71,True
ET_03,other,37.22,-0.01124,0.28409,0.90212,-17.373,16.509,-8.355,True
ET_03,other,37.230000000000004,0.07554,0.3317,0.93429,-3.18,22.06,-0.828,True
ET_03,other,37.24,0.2097,0.30261,1.02666,12.641,18.988,7.253,True
ET_03,other,37.25,0.26096,0.24912,1.05485,24.454,10.658,11.58,True
ET_03,other,37.26,0.28719,0.18418,1.03197,28.678,0.752,14.868,True
ET_03,other,37.27,0.2473,0.10026,1.09505,23.806,-11.301,12.403,True
ET_03,other,37.28,0.17744,0.0345,1.01485,11.078,-17.752,5.892,True
ET_03,other,37.29,0.09111,0.03573,0.98973,-1.556,-20.495,-1.604,True
ET_03,other,37.300000000000004,-0.04396,0.0272,0.95871,-15.95,-16.14,-8.069,True
ET_03,other,37.31,-0.08066,0.13418,0.91815,-25.897,-7.011,-12.921,True
ET_03,other,37.32,-0.09134,0.21565,0.89205,-28.025,2.827,-13.117,True
ET_03,other,37.33,-0.04952,0.26125,0.93016,-22.254,11.594,-9.837,True
ET_03,other,37.34,0.01207,0.31282,0.95547,-8.092,19.122,-4.913,True
ET_03,other,37.35,0.10859,0.30662,0.95684,5.753,21.574,2.674,True
ET_03,other,37.36,0.24783,0.2722,1.00815,19.806,13.361,10.46,True
ET_03,other,37.37,0.28157,0.19437,1.06207,26.348,6.243,13.218,True
ET_03,other,37.38,0.30234,0.13069,1.04694,26.49,-7.584,11.908,True
ET_03,other,37.39,0.22974,0.06352,1.01385,18.305,-15.059,8.876,True
ET_03,other,37.4,0.11491,0.01429,0.9866,5.284,-19.974,2.137,True
ET_03,other,37.410000000000004,0.00812,0.08081,0.97633,-11.139,-18.712,-4.381,True
ET_03,other,37.42,-0.05673,0.08896,0.90122,-20.008,-11.789,-10.608,True
ET_03,other,37.43,-0.07155,0.15542,0.88775,-27.597,-1.734,-13.668,True
ET_03,other,37.44,-0.0812,0.22546,0.9092,-24.872,8.135,-12.103,True
ET_03,other,37.45,-0.00473,0.27776,0.91307,-13.783,15.404,-6.073,True
ET_03,other,37.46,0.1072,0.34947,0.97893,-1.547,18.604,2.694,True
ET_03,other,37.47,0.20265,0.29976,1.01162,12.116,17.138,7.189,True
ET_03,other,37.480000000000004,0.30309,0.22593,1.04328,23.948,8.512,11.567,True
ET_03,other,37.49,0.27781,0.16821,1.01873,26.47,-1.498,13.461,True
ET_03,other,37.5,0.26401,0.10016,1.05462,20.384,-9.822,11.001,True
ET_03,other,37.51,0.17625,0.04846,0.99791,10.306,-18.63,5.277,True
ET_03,other,37.52,0.07279,0.05029,0.95425,-3.257,-18.825,-0.713,True
ET_03,other,37.53,-0.00941,0.06636,0.92225,-17.297,-13.9,-8.005,True
ET_03,other,37.54,-0.07115,0.14111,0.90868,-24.846,-6.749,-13.346,True
ET_03,other,37.550000000000004,-0.07549,0.21771,0.89982,-25.17,3.903,-12.552,True
ET_03,other,37.56,-0.0299,0.26393,0.92654,-18.514,13.39,-9.085,True
ET_03,other,37.57,0.05901,0.29704,0.94022,-6.683,19.37,-2.552,True
ET_03,other,37.58,0.14713,0.30908,0.99473,7.293,17.032,3.196,True
ET_03,other,37.59,0.24219,0.278,1.01448,19.273,11.677,11.405,True
ET_03,other,37.6,0.28131,0.19171,1.01691,25.691,3.643,12.079,True
ET_03,other,37.61,0.25307,0.13625,1.05854,22.373,-7.768,11.101,True
ET_03,other,37.62,0.22252,0.07744,1.03863,13.607,-14.247,7.771,True
ET_03,other,37.63,0.11237,0.03842,0.98755,0.49,-18.294,0.949,True
ET_03,other,37.64,0.00507,0.02153,0.91823,-10.827,-18.236,-5.137,True
ET_03,other,37.65,-0.07188,0.08066,0.91606,-21.612,-10.973,-10.877,True
ET_03,other,37.660000000000004,-0.08962,0.19148,0.90534,-25.348,0.371,-12.66,True
ET_03,other,37.67,-0.05453,0.25679,0.91883,-21.504,10.341,-9.408,True
ET_03,other,37.68,-0.00714,0.31766,0.93981,-12.047,15.455,-6.137,True
ET_03,other,37.69,0.10818,0.2978,1.0055,0.765,18.699,1.385,True
ET_03,other,37.7,0.22431,0.26601,1.00706,14.664,14.477,5.962,True
ET_03,other,37.71,0.262,0.22251,1.01311,22.139,7.629,12.24,True
ET_03,other,37.72,0.24945,0.14381,1.02582,22.906,-1.904,11.982,True
ET_03,other,37.730000000000004,0.23308,0.10115,1.01697,18.32,-13.11,9.047,True
ET_03,other,37.74,0.16702,0.05393,1.00459,8.378,-17.389,3.568,True
ET_03,other,37.75,0.06842,0.05233,0.94815,-6.661,-17.821,-4.105,True
ET_03,other,37.76,0.00023,0.0613,0.94124,-16.956,-12.084,-8.663,True
ET_03,other,37.77,-0.08507,0.14879,0.90975,-24.053,-4.127,-12.221,True
ET_03,other,37.78,-0.06681,0.21278,0.90192,-23.884,4.663,-11.589,True
ET_03,other,37.79,-0.00119,0.29426,0.94666,-15.56,12.303,-6.643,True
ET_03,other,37.800000000000004,0.05398,0.30447,0.97231,-3.603,18.784,-0.614,True
ET_03,other,37.81,0.16391,0.29724,1.01678,9.231,16.023,5.323,True
ET_03,other,37.82,0.25781,0.24783,1.046,19.271,9.54,9.586,True
ET_03,other,37.83,0.28702,0.17513,1.0356,23.82,-0.326,12.047,True
ET_03,other,37.84,0.24231,0.12212,1.00918,20.374,-8.115,10.563,True
ET_03,other,37.85,0.18115,0.05494,1.01053,12.26,-15.193,6.739,True
ET_03,other,37.86,0.1002,0.05043,0.97312,0.718,-16.661,-0.306,True
ET_03,other,37.87,0.01061,0.06425,0.8996,-12.252,-14.085,-5.682,True
ET_03,other,37.88,-0.06442,0.11213,0.92567,-22.074,-7.398,-9.546,True
ET_03,other,37.89,-0.0364,0.18843,0.89315,-22.784,0.126,-10.105,True
ET_03,other,37.9,-0.03426,0.24925,0.93349,-18.657,10.125,-9.981,True
ET_03,other,37.910000000000004,0.04518,0.27943,0.93676,-8.155,16.908,-4.68,True
ET_03,other,37.92,0.10266,0.27844,0.99588,4.002,14.604,3.448,True
ET_03,other,37.93,0.19728,0.29474,1.02215,16.282,12.252,7.146,True
ET_03,other,37.94,0.29008,0.2075,1.04871,21.426,3.687,11.449,True
ET_03,other,37.95,0.28142,0.13394,1.05456,22.478,-3.173,11.139,True
ET_03,other,37.96,0.2053,0.10146,1.02447,17.46,-11.618,7.606,True
ET_03,other,37.97,0.12519,0.04464,0.98666,4.686,-16.027,2.208,True
ET_03,other,37.980000000000004,0.04364,0.08631,0.96579,-8.02,-14.95,-3.788,True
ET_03,other,37.99,-0.02558,0.08345,0.92221,-18.079,-10.56,-8.839,True
ET_03,other,38.0,-0.0757,0.14466,0.91468,-23.594,-3.901,-11.413,True
ET_03,other,38.01,-0.03783,0.26548,0.90465,-20.69,6.244,-10.545,True
ET_03,other,38.02,0.01172,0.26231,0.9348,-14.382,13.561,-6.402,True
ET_03,other,38.03,0.08672,0.28509,0.94804,-0.987,17.281,-1.896,True
ET_03,other,38.04,0.17793,0.29489,0.99181,11.219,14.806,4.976,True
ET_03,other,38.050000000000004,0.2553,0.24626,1.03472,19.548,8.797,10.784,True
ET_03,other,38.06,0.25903,0.18974,1.0356,23.354,0.797,11.053,True
ET_03,other,38.07,0.24296,0.11347,1.02494,18.998,-8.17,10.358,True
ET_03,other,38.08,0.15728,0.04956,1.00873,10.288,-14.847,4.156,True
ET_03,other,38.09,0.07847,0.05448,0.98461,-0.703,-15.989,-1.196,True
ET_03,other,38.1,-0.006,0.07096,0.952,-12.913,-13.113,-6.303,True
ET_03,other,38.11,-0.06936,0.13841,0.91259,-20.49,-6.112,-8.222,True
ET_03,other,38.12,-0.04026,0.20136,0.92069,-20.663,2.316,-10.867,True
ET_03,other,38.13,-0.0421,0.26856,0.91473,-15.882,9.721,-8.545,True
ET_03,other,38.14,0.04282,0.292,0.94277,-6.604,15.22,-3.384,True
ET_03,other,38.15,0.16517,0.2948,0.97485,5.311,16.885,2.676,True
ET_03,other,38.160000000000004,0.19877,0.24333,0.99882,14.853,11.329,8.432,True
ET_03,other,38.17,0.22781,0.21779,1.01072,20.968,2.74,9.958,True
ET_03,other,38.18,0.27203,0.14733,1.01062,19.362,-7.094,10.328,True
ET_03,other,38.19,0.18391,0.11083,0.99336,11.783,-12.098,5.497,True
ET_03,other,38.2,0.12117,0.06641,0.96785,1.9,-15.276,1.199,True
ET_03,other,38.21,0.03008,0.08972,0.95661,-8.367,-15.752,-4.562,True
ET_03,other,38.22,-0.02061,0.12917,0.96123,-17.638,-8.366,-9.338,True
ET_03,other,38.230000000000004,-0.05076,0.16319,0.91153,-23.43,-1.053,-11.239,True
ET_03,other,38.24,-0.02492,0.2581,0.91931,-19.789,6.812,-9.856,True
ET_03,other,38.25,0.03573,0.26832,0.95706,-10.659,14.785,-6.656,True
ET_03,other,38.26,0.11599,0.30885,0.9619,0.678,15.746,0.763,True
ET_03,other,38.27,0.21824,0.24643,0.99407,10.858,11.419,5.42,True
ET_03,other,38.28,0.23389,0.22637,1.02592,19.948,6.837,9.107,True
ET_03,other,38.29,0.26578,0.17068,1.02375,19.83,-0.642,9.237,True
ET_03,other,38.300000000000004,0.21223,0.13715,1.02539,17.02,-9.918,7.467,True
ET_03,other,38.31,0.1721,0.0717,1.00751,7.003,-13.662,3.353,True
ET_03,other,38.32,0.06812,0.06387,0.9516,-4.52,-13.334,-2.866,True
ET_03,other,38.33,-0.00973,0.10987,0.9201,-14.384,-10.935,-5.82,True
ET_03,other,38.34,-0.066,0.13259,0.92517,-19.377,-4.35,-9.91,True
ET_03,other,38.35,-0.03207,0.20205,0.91437,-19.531,3.358,-10.456,True
ET_03,other,38.36,-0.01624,0.28336,0.95499,-13.808,11.552,-7.586,True
ET_03,other,38.37,0.08492,0.27726,0.98553,-4.842,15.076,-1.731,True
ET_03,other,38.38,0.18738,0.28541,0.99472,6.664,13.371,3.187,True
ET_03,other,38.39,0.24332,0.25647,1.00411,17.415,9.237,8.423,True
ET_03,other,38.4,0.2474,0.1714,1.03022,21.204,2.858,9.412,True
ET_03,other,38.410000000000004,0.2499,0.13885,1.01111,19.417,-5.434,9.822,True
ET_03,other,38.42,0.19892,0.07063,0.99847,11.888,-12.122,5.655,True
ET_03,other,38.43,0.09444,0.09271,0.97498,1.92,-14.787,1.34,True
ET_03,other,38.44,0.05432,0.09333,0.9457,-8.162,-14.013,-5.659,True
ET_03,other,38.45,-0.02043,0.11139,0.94145,-17.357,-8.002,-8.867,True
ET_03,other,38.46,-0.05474,0.18132,0.91589,-20.195,0.814,-10.434,True
ET_03,other,38.47,-0.03887,0.22831,0.91128,-15.995,7.538,-8.575,True
ET_03,other,38.480000000000004,0.04762,0.2667,0.94627,-7.807,14.045,-5.071,True
ET_03,other,38.49,0.13164,0.27432,0.99098,1.283,13.214,1.844,True
ET_03,other,38.5,0.21509,0.2715,1.00292,12.204,12.722,7.363,True
ET_03,other,38.51,0.25391,0.22209,1.04634,20.239,5.299,10.734,True
ET_03,other,38.52,0.23524,0.13847,1.02169,18.595,-2.375,10.851,True
ET_03,other,38.53,0.20052,0.12004,1.01455,14.881,-9.574,7.53,True
ET_03,other,38.54,0.16371,0.07401,0.99,4.821,-13.909,2.863,True
ET_03,other,38.550000000000004,0.0692,0.08464,0.94569,-5.396,-13.078,-1.57,True
ET_03,other,38.56,0.00345,0.13437,0.93281,-13.709,-9.417,-6.971,True
ET_03,other,38.57,-0.03188,0.1414,0.92233,-18.273,-2.959,-9.291,True
ET_03,other,38.58,-0.0352,0.22239,0.90451,-19.236,4.569,-9.432,True
ET_03,other,38.59,0.00304,0.25795,0.90455,-12.843,11.139,-4.577,True
ET_03,other,38.6,0.10235,0.29094,0.95827,-2.724,14.236,-0.453,True
ET_03,other,38.61,0.17223,0.2939,0.98404,7.322,13.822,4.979,True
ET_03,other,38.62,0.23827,0.22212,1.00711,16.985,8.492,8.37,True
ET_03,other,38.63,0.26045,0.18286,1.02911,18.13,1.06,9.586,True
ET_03,other,38.64,0.23133,0.12554,1.01137,16.802,-7.538,8.956,True
ET_03,other,38.65,0.15628,0.07057,0.99791,8.437,-11.48,5.264,True
ET_03,other,38.660000000000004,0.13115,0.08949,0.96298,-1.339,-15.673,0.48,True
ET_03,other,38.67,0.03945,0.09417,0.94158,-9.715,-11.457,-5.176,True
ET_03,other,38.68,-0.01717,0.13275,0.90343,-19.175,-6.411,-7.207,True
ET_03,other,38.69,-0.03919,0.18942,0.89976,-18.454,2.137,-11.904,True
ET_03,other,38.7,-0.00797,0.25774,0.93101,-14.823,9.139,-7.979,True
ET_03,other,38.71,0.08606,0.29765,0.92479,-6.409,12.805,-2.699,True
ET_03,other,38.72,0.14602,0.28263,0.98698,4.226,15.141,2.031,True
ET_03,other,38.730000000000004,0.19464,0.26018,0.99498,14.867,10.098,7.62,True
ET_03,other,38.74,0.25339,0.20039,1.03215,18.782,3.002,9.521,True
ET_03,other,38.75,0.27065,0.13436,1.02093,19.593,-5.257,9.147,True
ET_03,other,38.76,0.22525,0.09731,1.0069,14.741,-11.246,7.771,True
ET_03,other,38.77,0.14706,0.08451,0.98239,2.995,-14.489,3.729,True
ET_03,other,38.78,0.07193,0.05261,0.93643,-6.011,-13.865,-4.209,True
ET_03,other,38.79,-0.00132,0.13707,0.93159,-15.738,-9.241,-6.938,True
ET_03,other,38.800000000000004,-0.02656,0.16522,0.91865,-19.845,-0.87,-9.132,True
ET_03,other,38.81,-0.01203,0.22804,0.94475,-17.722,4.787,-8.5,True
ET_03,other,38.82,0.03966,0.28815,0.94066,-10.509,10.829,-5.074,True
ET_03,other,38.83,0.06847,0.29399,0.95319,-0.547,13.898,-0.578,True
ET_03,other,38.84,0.18837,0.27147,0.98009,8.294,12.637,5.456,True
ET_03,other,38.85,0.2389,0.23218,1.03279,16.944,7.486,9.153,True
ET_03,other,38.86,0.29248,0.15935,1.01793,19.922,0.058,10.977,True
ET_03,other,38.87,0.21672,0.16325,0.98615,17.405,-8.03,8.226,True
ET_03,other,38.88,0.18546,0.08064,0.99716,9.163,-13.849,3.135,True
ET_03,other,38.89,0.09862,0.09136,0.95878,-2.437,-14.27,-1.192,True
ET_03,other,38.9,0.0213,0.07451,0.90437,-12.65,-11.129,-5.95,True
ET_03,other,38.910000000000004,-0.02443,0.1616,0.93407,-18.215,-4.956,-9.945,True
ET_03,other,38.92,-0.02295,0.19811,0.917,-18.801,2.715,-9.301,True
ET_03,other,38.93,0.01833,0.25081,0.92156,-13.307,11.133,-7.419,True
ET_03,other,38.94,0.07836,0.28481,0.95209,-5.415,14.305,-2.504,True
ET_03,other,38.95,0.14898,0.27767,0.97647,7.59,15.704,3.224,True
ET_03,other,38.96,0.23644,0.2881,1.00704,14.739,10.242,5.839,True
ET_03,other,38.97,0.26812,0.20112,1.00693,19.592,1.95,10.729,True
ET_03,other,38.980000000000004,0.22594,0.16738,1.00175,18.597,-6.319,8.675,True
ET_03,other,38.99,0.19356,0.07024,0.98441,12.472,-11.123,5.517,True
ET_03,other,39.0,0.11975,0.08506,0.9655,2.779,-13.323,1.275,True
ET_03,other,39.01,0.04186,0.10058,0.95345,-9.334,-13.049,-4.021,True
ET_03,other,39.02,-0.00761,0.1332,0.91452,-16.013,-7.542,-6.774,True
ET_03,other,39.03,-0.02008,0.19172,0.89861,-19.554,0.391,-10.629,True
ET_03,other,39.04,0.00029,0.23186,0.91761,-17.33,7.83,-8.747,True
ET_03,other,39.050000000000004,0.06277,0.25394,0.94636,-8.99,12.222,-5.605,True
ET_03,other,39.06,0.12573,0.29695,0.94356,2.283,14.295,-0.257,True
ET_03,other,39.07,0.22311,0.27127,0.96904,11.265,11.741,6.0,True
ET_03,other,39.08,0.23487,0.22719,1.03206,17.435,5.587,9.432,True
ET_03,other,39.09,0.25738,0.19345,1.00241,20.849,-1.803,10.567,True
ET_03,other,39.1,0.2727,0.10555,1.01206,16.219,-8.807,7.955,True
ET_03,other,39.11,0.18795,0.11367,1.00846,6.857,-14.323,3.264,True
ET_03,other,39.12,0.09415,0.0751,0.94008,-4.799,-14.004,-3.537,True
ET_03,other,39.13,0.02076,0.13151,0.93346,-13.291,-10.878,-6.703,True
ET_03,other,39.14,-0.01309,0.16096,0.93719,-19.786,-5.38,-10.874,True
ET_03,other,39.15,-0.00015,0.22417,0.90819,-19.516,3.573,-10.118,True
ET_03,other,39.160000000000004,0.02879,0.25415,0.92842,-13.345,11.457,-7.003,True
ET_03,other,39.17,0.09117,0.29739,0.91408,-3.272,14.599,-2.913,True
ET_03,other,39.18,0.16624,0.28558,0.98512,7.486,13.018,3.843,True
ET_03,other,39.19,0.24151,0.24293,1.02231,16.657,9.27,7.48,True
ET_03,other,39.2,0.29697,0.18223,1.02319,19.932,1.88,10.503,True
ET_03,other,39.21,0.27375,0.14979,1.01661,18.756,-7.206,10.828,True
ET_03,other,39.22,0.20848,0.07914,0.98453,12.659,-13.571,7.236,True
ET_03,other,39.230000000000004,0.15387,0.08387,0.93625,-1.354,-14.532,-0.794,True
ET_03,other,39.24,0.04869,0.08993,0.93546,-10.953,-12.26,-6.535,True
ET_03,other,39.25,-0.02371,0.14919,0.89736,-18.938,-6.85,-9.445,True
ET_03,other,39.26,-0.02037,0.2032,0.90427,-20.617,-0.71,-10.488,True
ET_03,other,39.27,0.01412,0.24661,0.89141,-17.753,9.583,-8.961,True
ET_03,other,39.28,0.06113,0.27784,0.92831,-7.444,14.169,-4.377,True
ET_03,other,39.29,0.15223,0.32014,0.95219,2.219,15.67,1.806,True
ET_03,other,39.300000000000004,0.19741,0.28754,1.00016,13.048,11.698,6.41,True
ET_03,other,39.31,0.28786,0.2187,1.00622,20.854,4.387,10.377,True
ET_03,other,39.32,0.2636,0.12938,1.00883,19.363,-3.606,9.384,True
ET_03,other,39.33,0.19318,0.09918,1.01624,15.477,-9.548,7.34,True
ET_03,other,39.34,0.16252,0.08485,0.97138,5.09,-15.234,2.69,True
ET_03,other,39.35,0.09541,0.06587,0.94542,-7.64,-15.985,-2.709,True
ET_03,other,39.36,-0.00364,0.13705,0.9031,-16.576,-11.121,-8.542,True
ET_03,other,39.37,-0.02326,0.16478,0.90089,-20.827,-3.045,-10.536,True
ET_03,other,39.38,-0.03474,0.27293,0.88396,-20.235,5.348,-9.001,True
ET_03,other,39.39,-0.00047,0.27219,0.93381,-13.562,10.716,-5.786,True
ET_03,other,39.4,0.09487,0.30694,0.94241,-1.556,15.602,-0.699,True
ET_03,other,39.410000000000004,0.19141,0.29718,0.96974,9.656,15.388,4.793,True
ET_03,other,39.42,0.27297,0.26111,1.02063,17.535,8.828,11.072,True
ET_03,other,39.43,0.27057,0.18842,1.02838,21.893,-0.493,9.29,True
ET_03,other,39.44,0.29151,0.13108,1.00617,18.132,-7.881,10.322,True
ET_03,other,39.45,0.19673,0.08549,0.99586,10.311,-15.869,6.484,True
ET_03,other,39.46,0.1337,0.0886,0.95309,-2.442,-15.735,-2.201,True
ET_03,other,39.47,0.0337,0.08063,0.94345,-14.516,-12.363,-6.548,True
ET_03,other,39.480000000000004,-0.02945,0.16005,0.89911,-21.719,-4.936,-9.595,True
ET_03,other,39.49,-0.03367,0.18954,0.90519,-22.705,2.702,-10.326,True
ET_03,other,39.5,-0.00916,0.2748,0.89533,-16.148,9.853,-9.172,True
ET_03,other,39.51,0.07096,0.29097,0.96211,-8.768,17.008,-3.95,True
ET_03,other,39.52,0.18491,0.3045,0.96936,3.476,16.494,2.41,True
ET_03,other,39.53,0.24081,0.27677,0.99304,17.606,12.634,8.123,True
ET_03,other,39.54,0.29106,0.24529,1.00067,22.334,4.978,12.064,True
ET_03,other,39.550000000000004,0.28611,0.12875,0.99863,22.252,-5.729,10.714,True
ET_03,other,39.56,0.23941,0.05666,0.99745,16.307,-13.567,7.544,True
ET_03,other,39.57,0.16517,0.08187,0.94046,3.291,-14.93,2.111,True
ET_03,other,39.58,0.07736,0.06724,0.91434,-9.363,-16.209,-4.802,True
ET_03,other,39.59,-0.01531,0.13246,0.93123,-17.864,-10.847,-9.34,True
ET_03,other,39.6,-0.05277,0.18429,0.89897,-23.057,-1.219,-12.28,True
ET_03,other,39.61,-0.00818,0.27053,0.91421,-21.97,8.066,-9.189,True
ET_03,other,39.62,0.05663,0.29707,0.89967,-11.674,14.582,-5.339,True
ET_03,other,39.63,0.1616,0.31665,0.95304,0.731,17.217,-0.107,True
ET_03,other,39.64,0.22656,0.2962,0.99773,13.036,13.083,5.999,True
ET_03,other,39.65,0.28028,0.24032,1.00559,20.388,8.902,8.745,True
ET_03,other,39.660000000000004,0.31354,0.16674,1.01285,24.374,-2.182,10.939,True
ET_03,other,39.67,0.26358,0.13756,1.00909,19.239,-9.404,10.504,True
ET_03,other,39.68,0.23734,0.08349,0.993,8.057,-16.33,3.807,True
ET_03,other,39.69,0.10758,0.09321,0.93536,-2.706,-18.262,-2.449,True
ET_03,other,39.7,0.01602,0.09013,0.90733,-16.094,-14.232,-7.312,True
ET_03,other,39.71,-0.01647,0.16351,0.86642,-23.002,-6.034,-11.36,True
ET_03,other,39.72,-0.03248,0.21966,0.89036,-23.598,4.23,-11.818,True
ET_03,other,39.730000000000004,0.01213,0.28168,0.91182,-16.788,12.365,-7.431,True
ET_03,other,39.74,0.10944,0.34079,0.9194,-6.851,17.542,-3.768,True
ET_03,other,39.75,0.20212,0.31426,0.94714,7.594,17.144,1.858,True
ET_03,other,39.76,0.29034,0.28638,0.99625,19.668,11.605,8.942,True
ET_03,other,39.77,0.31442,0.22109,1.00403,23.569,3.643,12.514,True
ET_03,other,39.78,0.28522,0.1423,1.01899,21.504,-7.386,8.922,True
ET_03,other,39.79,0.23446,0.08411,1.0295,15.445,-14.499,7.994,True
ET_03,other,39.800000000000004,0.15023,0.0609,0.96794,2.605,-17.242,0.358,True
ET_03,other,39.81,0.05918,0.10031,0.9186,-11.786,-15.678,-5.346,True
ET_03,other,39.82,-0.01858,0.15029,0.87935,-20.13,-9.329,-10.258,True
ET_03,other,39.83,-0.04694,0.19535,0.90784,-24.75,-0.81,-12.916,True
ET_03,other,39.84,-0.01882,0.26956,0.85794,-19.959,9.351,-10.043,True
ET_03,other,39.85,0.05107,0.34991,0.92867,-12.578,16.205,-4.793,True
ET_03,other,39.86,0.1623,0.3212,0.95001,2.507,18.747,-0.187,True
ET_03,other,39.87,0.24192,0.28494,1.01475,14.306,16.403,7.764,True
ET_03,other,39.88,0.33122,0.26223,1.01289,23.775,7.285,11.812,True
ET_03,other,39.89,0.32162,0.16651,1.00761,26.845,-2.494,13.246,True
ET_03,other,39.9,0.26984,0.08892,1.00914,19.432,-11.871,8.461,True
ET_03,other,39.910000000000004,0.21141,0.08774,0.96969,7.065,-15.76,2.974,True
ET_03,other,39.92,0.08412,0.07111,0.92006,-5.797,-17.474,-2.646,True
ET_03,other,39.93,0.01395,0.10581,0.90136,-19.053,-14.315,-9.11,True
ET_03,other,39.94,-0.02243,0.1436,0.85363,-25.519,-4.78,-12.1,True
ET_03,other,39.95,-0.05038,0.22817,0.88417,-23.169,7.01,-13.231,True
ET_03,other,39.96,0.05003,0.31693,0.89744,-17.659,14.836,-8.262,True
ET_03,other,39.97,0.10274,0.35706,0.96446,-5.109,19.208,-2.299,True
ET_03,other,39.980000000000004,0.23454,0.33905,0.97316,10.534,16.859,5.218,True
ET_03,other,39.99,0.32795,0.27553,1.02109,22.369,10.126,10.488,True
ET_03,other,40.0,0.34186,0.22116,1.04284,25.998,1.839,12.658,True
ET_03,other,40.01,0.2991,0.14199,0.99895,24.04,-8.506,10.715,True
ET_03,other,40.02,0.24797,0.06298,0.97903,13.891,-17.121,6.606,True
ET_03,other,40.03,0.15147,0.05427,0.92635,-0.498,-20.193,0.875,True
ET_03,other,40.04,0.03758,0.08129,0.89471,-13.678,-16.029,-8.582,True
ET_03,other,40.050000000000004,0.00231,0.10806,0.89774,-23.684,-7.923,-11.793,True
ET_03,other,40.06,-0.0324,0.19374,0.89432,-25.672,0.808,-13.539,True
ET_03,other,40.07,-0.00528,0.29431,0.88647,-22.405,11.881,-10.289,True
ET_03,other,40.08,0.04151,0.33626,0.91408,-10.129,17.306,-3.124,True
ET_03,other,40.09,0.17085,0.35134,0.97471,4.057,19.782,1.665,True
ET_03,other,40.1,0.28898,0.2748,0.98455,18.337,14.967,8.573,True
ET_03,other,40.11,0.37088,0.21295,1.03794,25.813,5.769,13.046,True
ET_03,other,40.12,0.36635,0.1626,1.00732,27.724,-4.416,14.098,True
ET_03,other,40.13,0.28585,0.08378,1.01891,19.334,-14.946,9.664,True
ET_03,other,40.14,0.16862,0.05726,0.94752,7.031,-20.638,2.655,True
ET_03,other,40.15,0.08956,0.07726,0.92864,-9.753,-18.116,-5.089,True
ET_03,other,40.160000000000004,-0.00568,0.08765,0.89073,-20.305,-11.56,-12.602,True
ET_03,other,40.17,-0.06239,0.17986,0.87988,-26.885,-2.179,-13.357,True
ET_03,other,40.18,-0.02203,0.25546,0.85731,-25.256,9.042,-13.106,True
ET_03,other,40.19,0.03337,0.35065,0.91422,-15.975,16.812,-8.033,True
ET_03,other,40.2,0.13583,0.38086,0.95703,-3.006,20.945,0.066,True
ET_03,other,40.21,0.25784,0.33654,0.98418,13.738,17.154,7.673,True
ET_03,other,40.22,0.3581,0.28187,1.00909,23.583,10.838,11.334,True
ET_03,other,40.230000000000004,0.36972,0.20818,1.00738,28.009,-0.864,15.944,True
ET_03,other,40.24,0.33238,0.13553,1.00265,22.835,-11.983,12.233,True
ET_03,other,40.25,0.24171,0.08607,0.98537,11.516,-18.724,6.988,True
ET_03,other,40.26,0.12882,0.06516,0.93183,-2.901,-21.455,-2.406,True
ET_03,other,40.27,0.02633,0.08707,0.91113,-16.505,-15.659,-8.308,True
ET_03,other,40.28,-0.03087,0.1439,0.87008,-26.922,-7.603,-13.676,True
ET_03,other,40.29,-0.06294,0.25219,0.8855,-28.04,4.024,-14.775,True
ET_03,other,40.300000000000004,-0.0105,0.29887,0.91868,-21.607,15.331,-11.35,True
ET_03,other,40.31,0.1041,0.39434,0.91083,-7.074,18.902,-4.64,True
ET_03,other,40.32,0.19963,0.34645,0.95448,6.347,20.559,4.534,True
ET_03,other,40.33,0.31268,0.32551,1.00801,21.178,15.156,9.185,True
ET_03,other,40.34,0.35852,0.24187,1.0464,29.438,4.534,14.594,True
ET_03,other,40.35,0.36659,0.13701,0.99302,28.523,-6.225,13.406,True
ET_03,other,40.36,0.29976,0.08975,0.97411,19.593,-16.781,9.168,True
ET_03,other,40.37,0.19018,0.05827,0.95576,3.18,-21.362,1.93,True
ET_03,other,40.38,0.05451,0.05788,0.90927,-12.416,-20.284,-5.085,True
ET_03,other,40.39,0.00023,0.10794,0.86239,-23.302,-12.771,-11.667,True
ET_03,other,40.4,-0.06396,0.183,0.86348,-29.832,-1.751,-15.037,True
ET_03,other,40.410000000000004,-0.01272,0.26734,0.86179,-25.842,9.597,-12.776,True
ET_03,other,40.42,0.03262,0.33235,0.90975,-16.374,18.353,-6.879,True
ET_03,other,40.43,0.18013,0.39791,0.94304,0.783,22.189,-0.219,True
ET_03,other,40.44,0.27779,0.34123,0.9958,16.789,18.847,7.144,True
ET_03,other,40.45,0.36045,0.30168,0.98943,26.793,8.993,14.004,True
ET_03,other,40.46,0.36635,0.19773,1.01186,29.044,-3.694,15.491,True
ET_03,other,40.47,0.34123,0.11853,0.9901,25.174,-13.841,10.008,True
ET_03,other,40.480000000000004,0.24911,0.07781,0.99018,10.619,-19.925,4.518,True
ET_03,other,40.49,0.10145,0.05371,0.90904,-6.073,-22.648,-2.329,True
ET_03,other,40.5,0.01281,0.09131,0.91136,-20.44,-17.157,-10.151,True
ET_03,other,40.51,-0.05313,0.17469,0.85656,-28.633,-5.948,-14.466,True
ET_03,other,40.52,-0.08153,0.24922,0.87029,-27.999,5.829,-13.31,True
ET_03,other,40.53,0.02418,0.31231,0.90176,-21.073,16.357,-9.743,True
ET_03,other,40.54,0.1351,0.35679,0.91584,-6.77,22.094,-2.064,True
ET_03,other,40.550000000000004,0.23808,0.35856,0.9587,11.199,21.504,5.66,True
ET_03,other,40.56,0.34777,0.30737,0.99241,23.681,13.634,10.701,True
ET_03,other,40.57,0.39075,0.22266,1.0217,30.369,3.751,14.825,True
ET_03,other,40.58,0.37928,0.145,1.02593,28.023,-8.854,13.334,True
ET_03,other,40.59,0.30904,0.08841,0.98288,16.975,-18.092,9.214,True
ET_03,other,40.6,0.15449,0.02166,0.93788,2.794,-24.113,0.18,True
ET_03,other,40.61,0.06945,0.07339,0.91162,-15.362,-18.776,-8.76,True
ET_03,other,40.62,-0.05491,0.12844,0.85974,-28.098,-11.826,-13.41,True
ET_03,other,40.63,-0.06279,0.21922,0.85304,-30.885,2.747,-14.902,True
ET_03,other,40.64,-0.0148,0.33031,0.85826,-26.915,12.586,-12.558,True
ET_03,other,40.65,0.06536,0.382,0.91408,-13.193,20.368,-5.596,True
ET_03,other,40.660000000000004,0.22432,0.3734,0.93519,3.692,23.547,1.022,True
ET_03,other,40.67,0.30715,0.33991,1.00069,18.496,18.151,9.848,True
ET_03,other,40.68,0.40269,0.2844,0.99849,31.326,7.913,14.272,True
ET_03,other,40.69,0.43029,0.17599,1.01894,31.755,-4.844,16.451,True
ET_03,other,40.7,0.34049,0.10382,0.9781,23.497,-15.967,12.104,True
ET_03,other,40.71,0.22877,0.04488,0.98137,10.09,-22.147,5.616,True
ET_03,other,40.72,0.09087,0.04173,0.89597,-8.649,-22.256,-3.965,True
ET_03,other,40.730000000000004,-0.02119,0.09749,0.86667,-22.339,-14.965,-11.194,True
ET_03,other,40.74,-0.04971,0.17273,0.86547,-31.207,-4.609,-13.704,True
ET_03,other,40.75,-0.02653,0.2671,0.84516,-29.699,7.21,-13.451,True
ET_03,other,40.76,0.05867,0.3358,0.89442,-19.744,18.258,-10.413,True
ET_03,other,40.77,0.14631,0.37731,0.94349,-3.453,25.017,-1.399,True
ET_03,other,40.78,0.27804,0.37647,0.96533,13.632,20.712,5.909,True
ET_03,other,40.79,0.3696,0.29308,0.99339,25.066,12.045,13.075,True
ET_03,other,40.800000000000004,0.41358,0.21433,1.05079,32.374,0.811,17.892,True
ET_03,other,40.81,0.38876,0.11887,0.99588,27.572,-11.429,14.355,True
ET_03,other,40.82,0.28459,0.02858,0.97718,15.294,-20.012,6.553,True
ET_03,other,40.83,0.1535,0.06752,0.93194,-1.121,-23.685,-1.087,True
ET_03,other,40.84,0.03131,0.07247,0.88728,-17.915,-19.644,-8.037,True
ET_03,other,40.85,-0.03999,0.14707,0.84898,-29.722,-9.735,-13.527,True
ET_03,other,40.86,-0.05472,0.21871,0.84812,-32.736,2.576,-16.172,True
ET_03,other,40.87,-0.01413,0.30551,0.86797,-25.358,14.971,-12.618,True
ET_03,other,40.88,0.09748,0.38263,0.92022,-11.651,22.445,-5.63,True
ET_03,other,40.89,0.23935,0.41122,0.94417,6.776,23.479,3.181,True
ET_03,other,40.9,0.32948,0.34653,0.99641,20.458,16.191,11.004,True
ET_03,other,40.910000000000004,0.42469,0.28309,1.03003,31.201,5.154,16.459,True
ET_03,other,40.92,0.37999,0.17676,1.02802,29.603,-6.337,16.193,True
ET_03,other,40.93,0.33649,0.11159,0.98277,20.54,-17.351,11.504,True
ET_03,other,40.94,0.23625,0.06568,0.96524,6.654,-24.437,4.183,True
ET_03,other,40.95,0.09394,0.05361,0.90272,-12.493,-23.326,-5.455,True
ET_03,other,40.96,-0.02342,0.09035,0.8611,-25.008,-15.228,-14.314,True
ET_03,other,40.97,-0.05184,0.15852,0.84965,-32.515,-3.423,-15.749,True
ET_03,other,40.980000000000004,-0.04484,0.28603,0.86625,-30.009,10.926,-13.238,True
ET_03,other,40.99,0.02009,0.34121,0.90392,-16.785,20.041,-10.752,True
ET_03,other,41.0,0.16263,0.40353,0.93884,-0.497,24.274,-0.853,True
ET_03,other,41.01,0.29656,0.34838,0.96205,16.249,21.266,8.45,True
ET_03,other,41.02,0.39135,0.29059,0.99445,28.875,11.332,14.802,True
ET_03,other,41.03,0.40787,0.20284,1.04822,32.755,-0.578,17.738,True
ET_03,other,41.04,0.39902,0.07724,1.00159,28.054,-13.032,13.537,True
ET_03,other,41.050000000000004,0.29481,0.06308,0.97832,13.256,-22.277,6.263,True
ET_03,other,41.06,0.11683,0.05078,0.92511,-5.028,-24.062,-2.074,True
ET_03,other,41.07,0.03557,0.06944,0.90709,-21.428,-17.172,-11.075,True
ET_03,other,41.08,-0.03667,0.14432,0.8607,-31.021,-6.844,-15.131,True
ET_03,other,41.09,-0.07692,0.22989,0.85839,-32.382,5.902,-16.632,True
ET_03,other,41.1,-0.03739,0.34645,0.88203,-23.673,17.083,-11.793,True
ET_03,other,41.11,0.12641,0.3683,0.91727,-8.526,22.33,-3.644,True
ET_03,other,41.12,0.26608,0.38961,0.94507,9.036,22.87,4.369,True
ET_03,other,41.13,0.36729,0.33267,1.00985,25.068,14.332,11.076,True
ET_03,other,41.14,0.42979,0.25254,0.98613,32.09,4.569,16.36,True
ET_03,other,41.15,0.41474,0.15623,1.04409,30.06,-8.618,16.118,True
ET_03,other,41.160000000000004,0.33912,0.10406,1.00088,20.697,-19.183,9.131,True
ET_03,other,41.17,0.22382,0.05665,0.94955,4.458,-24.449,1.726,True
ET_03,other,41.18,0.08514,0.07656,0.91489,-14.792,-22.011,-7.177,True
ET_03,other,41.19,-0.00575,0.1356,0.85912,-27.811,-13.119,-12.738,True
ET_03,other,41.2,-0.06308,0.20255,0.85401,-32.611,0.34,-16.024,True
ET_03,other,41.21,-0.0245,0.2983,0.85191,-28.436,11.538,-15.425,True
ET_03,other,41.22,0.06956,0.38316,0.86642,-14.506,20.827,-7.504,True
ET_03,other,41.230000000000004,0.21262,0.41156,0.92173,4.666,22.911,0.752,True
ET_03,other,41.24,0.3133,0.3896,1.0051,19.673,19.089,8.751,True
ET_03,other,41.25,0.4166,0.30002,1.02305,32.313,9.301,16.312,True
ET_03,other,41.26,0.4589,0.17027,1.02401,34.418,-5.137,16.696,True
ET_03,other,41.27,0.36837,0.10153,0.99545,25.401,-15.182,11.898,True
ET_03,other,41.28,0.27192,0.06925,0.96804,10.657,-23.256,6.228,True
ET_03,other,41.29,0.15726,0.02794,0.90487,-8.507,-22.683,-3.056,True
ET_03,other,41.300000000000004,0.02554,0.08766,0.87569,-21.385,-16.835,-10.153,True
ET_03,other,41.31,-0.02437,0.1444,0.82853,-32.558,-5.09,-15.015,True
ET_03,other,41.32,-0.04795,0.26862,0.8559,-32.346,8.041,-16.453,True
ET_03,other,41.33,0.02793,0.35753,0.848,-21.612,17.849,-11.071,True
ET_03,other,41.34,0.16972,0.40831,0.89658,-6.575,24.194,-3.48,True
ET_03,other,41.35,0.28554,0.38969,0.9706,11.869,22.223,5.816,True
ET_03,other,41.36,0.40941,0.32879,1.00576,26.746,14.464,12.565,True
ET_03,other,41.37,0.41397,0.24575,1.01486,33.334,1.626,16.059,True
ET_03,other,41.38,0.39506,0.14537,0.99438,29.693,-10.114,13.587,True
ET_03,other,41.39,0.31353,0.07725,0.94839,18.116,-20.148,8.272,True
ET_03,other,41.4,0.19634,0.03585,0.94032,-0.096,-24.215,-0.98,True
ET_03,other,41.410000000000004,0.03593,0.07572,0.86505,-15.956,-20.176,-8.045,True
ET_03,other,41.42,-0.00984,0.12158,0.87757,-28.584,-11.84,-15.091,True
ET_03,other,41.43,-0.05291,0.22212,0.85472,-33.45,-0.015,-15.645,True
ET_03,other,41.44,0.00478,0.33216,0.85728,-27.26,14.378,-14.086,True
ET_03,other,41.45,0.10372,0.36757,0.92035,-13.968,22.257,-5.888,True
ET_03,other,41.46,0.23919,0.3898,0.96931,4.958,24.375,1.675,True
ET_03,other,41.47,0.34543,0.34955,0.98797,20.924,17.503,10.623,True
ET_03,other,41.480000000000004,0.42664,0.28116,1.01461,30.37,7.306,15.177,True
ET_03,other,41.49,0.42294,0.16745,1.00099,30.948,-4.935,15.293,True
ET_03,other,41.5,0.34888,0.08965,0.97412,24.053,-17.777,12.139,True
ET_03,other,41.51,0.23554,0.05589,0.94537,9.466,-23.804,1.647,True
ET_03,other,41.52,0.12376,0.04311,0.90636,-9.82,-23.646,-3.172,True
ET_03,other,41.53,0.02189,0.11041,0.86248,-24.192,-15.075,-11.681,True
ET_03,other,41.54,-0.05028,0.20354,0.87723,-31.045,-2.852,-15.417,True
ET_03,other,41.550000000000004,-0.03369,0.2959,0.84712,-30.956,9.188,-14.498,True
ET_03,other,41.56,0.04377,0.35906,0.89301,-19.271,19.776,-10.33,True
ET_03,other,41.57,0.18834,0.39374,0.93412,-3.58,23.873,-1.658,True
ET_03,other,41.58,0.31688,0.39545,0.9614,14.663,22.156,6.304,True
ET_03,other,41.59,0.39255,0.30237,1.00823,26.347,12.992,13.734,True
ET_03,other,41.6,0.42946,0.21684,1.04098,30.469,1.942,16.994,True
ET_03,other,41.61,0.39305,0.12743,1.0021,26.367,-12.946,15.248,True
ET_03,other,41.62,0.28441,0.06351,0.97617,15.656,-21.121,8.504,True
ET_03,other,41.63,0.15926,0.0739,0.92249,-1.955,-23.999,-2.045,True
ET_03,other,41.64,0.05373,0.10202,0.87923,-19.484,-18.496,-9.622,True
ET_03,other,41.65,-0.00753,0.17457,0.83351,-29.081,-9.479,-15.834,True
ET_03,other,41.660000000000004,-0.02807,0.24158,0.84654,-33.172,4.61,-16.518,True
ET_03,other,41.67,0.01296,0.31267,0.88193,-23.204,14.551,-12.2,True
ET_03,other,41.68,0.11703,0.43481,0.89572,-9.275,24.109,-5.189,True
ET_03,other,41.69,0.24972,0.37367,0.92528,8.537,23.182,3.655,True
ET_03,other,41.7,0.34249,0.33865,0.98587,21.783,17.158,10.741,True
ET_03,other,41.71,0.38915,0.2607,0.98861,32.102,4.018,15.323,True
ET_03,other,41.72,0.41674,0.16247,1.00531,29.518,-7.357,16.037,True
ET_03,other,41.730000000000004,0.33746,0.09201,0.96117,20.137,-17.78,9.27,True
ET_03,other,41.74,0.23251,0.0453,0.92131,6.213,-24.108,1.038,True
ET_03,other,41.75,0.09237,0.066,0.88226,-12.159,-23.195,-7.133,True
ET_03,other,41.76,0.02442,0.13202,0.87893,-24.763,-14.768,-12.973,True
ET_03,other,41.77,-0.0255,0.2308,0.8497,-31.976,-1.784,-15.454,True
ET_03,other,41.78,-0.04203,0.32059,0.85065,-27.91,9.269,-14.947,True
ET_03,other,41.79,0.06883,0.35215,0.88723,-16.537,20.57,-8.357,True
ET_03,other,41.800000000000004,0.17601,0.38616,0.93024,0.16,23.876,0.802,True
ET_03,other,41.81,0.33146,0.3919,0.98582,17.258,20.958,8.962,True
ET_03,other,41.82,0.41345,0.2652,1.00129,28.59,11.33,13.976,True
ET_03,other,41.83,0.41384,0.22001,0.99557,32.41,-2.179,16.017,True
ET_03,other,41.84,0.37995,0.12786,1.01802,26.018,-12.601,11.364,True
ET_03,other,41.85,0.27296,0.06542,0.9433,11.263,-19.717,4.726,True
ET_03,other,41.86,0.14011,0.05967,0.93476,-4.092,-23.118,-3.617,True
ET_03,other,41.87,0.03678,0.09707,0.89163,-20.228,-17.768,-10.455,True
ET_03,other,41.88,-0.03264,0.17471,0.84333,-28.805,-7.806,-14.02,True
ET_03,other,41.89,-0.02434,0.24157,0.82994,-30.281,4.227,-14.313,True
ET_03,other,41.9,0.05166,0.33996,0.88024,-22.966,15.232,-10.229,True
ET_03,other,41.910000000000004,0.14612,0.39305,0.92145,-6.673,21.193,-4.699,True
ET_03,other,41.92,0.26801,0.38793,0.92797,9.094,20.351,5.356,True
ET_03,other,41.93,0.3594,0.34194,0.97075,22.499,14.056,11.577,True
ET_03,other,41.94,0.40969,0.27442,1.01288,30.821,3.061,14.182,True
ET_03,other,41.95,0.42067,0.15745,1.00811,27.688,-9.734,14.425,True
ET_03,other,41.96,0.3206,0.0899,0.95497,16.975,-18.031,9.307,True
ET_03,other,41.97,0.20351,0.05514,0.93261,2.368,-21.984,0.236,True
ET_03,other,41.980000000000004,0.0899,0.09521,0.89404,-15.264,-20.084,-7.856,True
ET_03,other,41.99,0.01172,0.15923,0.85895,-26.069,-12.324,-12.657,True
ET_03,other,42.0,-0.01762,0.19422,0.84833,-30.506,0.197,-14.956,True
ET_03,other,42.01,0.02973,0.30469,0.86536,-26.71,11.795,-13.8,True
ET_03,other,42.02,0.09299,0.3593,0.90102,-12.809,19.447,-6.398,True
ET_03,other,42.03,0.19927,0.38397,0.92789,1.892,21.49,0.187,True
ET_03,other,42.04,0.34873,0.34915,0.97869,18.462,17.74,9.927,True
ET_03,other,42.050000000000004,0.38349,0.2855,1.0232,29.538,8.023,13.821,True
ET_03,other,42.06,0.41957,0.16381,1.00597,29.786,-2.268,14.161,True
ET_03,other,42.07,0.35792,0.14845,1.00032,22.995,-13.856,11.775,True
ET_03,other,42.08,0.26091,0.08331,0.94313,10.115,-20.86,5.017,True
ET_03,other,42.09,0.14353,0.07328,0.89845,-6.285,-21.317,-3.309,True
ET_03,other,42.1,0.02788,0.13645,0.8683,-20.611,-14.464,-9.797,True
ET_03,other,42.11,-0.04541,0.19175,0.84321,-27.854,-5.141,-13.47,True
ET_03,other,42.12,-0.0193,0.25445,0.85837,-26.789,7.406,-14.138,True
ET_03,other,42.13,0.02923,0.36382,0.89071,-18.439,18.049,-10.045,True
ET_03,other,42.14,0.19255,0.36826,0.90886,-3.733,22.029,-1.94,True
ET_03,other,42.15,0.28539,0.36133,0.97096,12.015,19.21,5.039,True
ET_03,other,42.160000000000004,0.4001,0.32115,0.98334,24.162,12.385,10.395,True
ET_03,other,42.17,0.38116,0.23155,1.00939,29.817,1.649,14.152,True
ET_03,other,42.18,0.4052,0.13997,0.97039,24.687,-9.566,12.488,True
ET_03,other,42.19,0.3179,0.10115,0.94493,15.181,-18.519,6.419,True
ET_03,other,42.2,0.19163,0.08347,0.92342,-2.484,-19.283,-0.516,True
ET_03,other,42.21,0.05633,0.09534,0.9114,-14.865,-18.558,-6.774,True
ET_03,other,42.22,0.02087,0.14728,0.85866,-26.015,-8.638,-13.243,True
ET_03,other,42.230000000000004,-0.01489,0.24752,0.83978,-28.528,2.08,-14.286,True
ET_03,other,42.24,0.01708,0.30965,0.86057,-22.511,15.293,-10.491,True
ET_03,other,42.25,0.12982,0.35109,0.86611,-11.873,19.278,-5.06,True
ET_03,other,42.26,0.2111,0.38295,0.95434,5.258,20.166,1.02,True
ET_03,other,42.27,0.34372,0.32023,0.97924,18.701,15.718,8.826,True
ET_03,other,42.28,0.4181,0.29585,0.99249,27.702,6.251,14.544,True
ET_03,other,42.29,0.39588,0.17156,0.99468,27.74,-4.458,13.561,True
ET_03,other,42.300000000000004,0.33191,0.11797,0.96901,19.798,-15.274,10.72,True
ET_03,other,42.31,0.23433,0.05925,0.94129,6.873,-21.562,4.556,True
ET_03,other,42.32,0.13587,0.09892,0.90867,-8.158,-19.778,-3.551,True
ET_03,other,42.33,0.04049,0.10268,0.85366,-21.722,-12.448,-11.917,True
ET_03,other,42.34,-0.03673,0.20888,0.84926,-28.415,-3.81,-13.912,True
ET_03,other,42.35,0.01647,0.31914,0.85317,-24.886,7.969,-12.666,True
ET_03,other,42.36,0.05741,0.3619,0.88989,-15.186,17.331,-8.233,True
ET_03,other,42.37,0.16038,0.37243,0.91421,-0.96,21.071,0.732,True
ET_03,other,42.38,0.28485,0.34621,0.96428,13.549,18.25,7.003,True
ET_03,other,42.39,0.39599,0.30225,0.97892,24.276,8.317,11.482,True
ET_03,other,42.4,0.4208,0.21533,0.99592,25.621,1.014,14.889,True
ET_03,other,42.410000000000004,0.38436,0.13737,0.9667,22.228,-10.823,11.759,True
ET_03,other,42.42,0.27578,0.09908,0.95866,11.17,-18.602,5.904,True
ET_03,other,42.43,0.17473,0.05632,0.92163,-2.271,-18.707,-0.725,True
ET_03,other,42.44,0.07551,0.12268,0.89691,-16.417,-17.193,-7.844,True
ET_03,other,42.45,0.02847,0.1675,0.84401,-24.745,-5.688,-11.904,True
ET_03,other,42.46,0.00069,0.25678,0.89768,-24.212,3.719,-13.752,True
ET_03,other,42.47,0.04925,0.33586,0.86462,-20.071,12.92,-10.278,True
ET_03,other,42.480000000000004,0.13661,0.37197,0.92049,-7.52,17.814,-3.554,True
ET_03,other,42.49,0.2454,0.35715,0.939,6.039,19.131,2.995,True
ET_03,other,42.5,0.3757,0.32202,0.96754,18.533,14.599,9.13,True
ET_03,other,42.51,0.38779,0.26446,0.99259,23.985,4.694,13.175,True
ET_03,other,42.52,0.41397,0.19784,0.98493,24.923,-5.0,11.837,True
ET_03,other,42.53,0.31343,0.12299,0.973,16.433,-14.056,7.292,True
ET_03,other,42.54,0.22815,0.08437,0.92419,2.517,-18.279,1.078,True
ET_03,other,42.550000000000004,0.12143,0.10585,0.90439,-10.099,-17.822,-5.835,True
ET_03,other,42.56,0.05581,0.16394,0.86757,-21.718,-11.015,-11.185,True
ET_03,other,42.57,0.05555,0.23632,0.84307,-25.241,-1.102,-14.434,True
ET_03,other,42.58,0.02455,0.27425,0.86383,-23.092,8.134,-11.836,True
ET_03,other,42.59,0.10438,0.35725,0.89139,-12.229,15.312,-6.779,True
ET_03,other,42.6,0.20733,0.35557,0.93402,1.401,19.917,0.505,True
ET_03,other,42.61,0.30326,0.35896,0.94875,13.856,16.406,6.625,True
ET_03,other,42.62,0.36437,0.3008,0.95025,21.999,9.301,11.312,True
ET_03,other,42.63,0.4134,0.22792,0.99187,24.892,-2.568,10.415,True
ET_03,other,42.64,0.33098,0.14866,0.97617,19.88,-10.963,11.189,True
ET_03,other,42.65,0.27071,0.09954,0.94779,8.652,-17.446,5.385,True
ET_03,other,42.660000000000004,0.16259,0.09802,0.88561,-5.084,-17.58,-2.851,True
ET_03,other,42.67,0.05601,0.12177,0.89411,-16.233,-13.413,-8.104,True
ET_03,other,42.68,0.04639,0.17761,0.84184,-24.364,-4.324,-11.266,True
ET_03,other,42.69,0.01,0.27161,0.88344,-24.511,3.125,-10.257,True
ET_03,other,42.7,0.05366,0.33033,0.8726,-16.843,12.518,-8.47,True
ET_03,other,42.71,0.16235,0.37276,0.90898,-4.505,18.095,-2.32,True
ET_03,other,42.72,0.26777,0.35817,0.93457,7.133,17.533,4.725,True
ET_03,other,42.730000000000004,0.34897,0.30811,0.99907,20.182,10.008,8.602,True
ET_03,other,42.74,0.37455,0.24227,1.00885,23.429,1.149,11.89,True
ET_03,other,42.75,0.36171,0.20301,1.00991,22.154,-7.261,11.511,True
ET_03,other,42.76,0.28107,0.13743,0.97277,14.748,-14.762,6.108,True
ET_03,other,42.77,0.21832,0.08035,0.94506,0.451,-18.766,1.022,True
ET_03,other,42.78,0.10443,0.11101,0.93628,-11.689,-16.483,-5.937,True
ET_03,other,42.79,0.05729,0.17473,0.84083,-20.915,-9.451,-9.638,True
ET_03,other,42.800000000000004,0.03169,0.24237,0.85612,-24.557,-0.178,-11.45,True
ET_03,other,42.81,0.05395,0.28364,0.86986,-19.288,9.906,-9.911,True
ET_03,other,42.82,0.14025,0.34132,0.92283,-10.327,15.823,-4.451,True
ET_03,other,42.83,0.2356,0.33736,0.93272,2.599,16.413,1.428,True
ET_03,other,42.84,0.30282,0.32913,0.95835,14.989,13.425,8.127,True
ET_03,other,42.85,0.34821,0.28257,1.0061,23.754,5.307,10.763,True
ET_03,other,42.86,0.36375,0.18579,1.01172,23.441,-3.364,10.971,True
ET_03,other,42.87,0.322,0.14662,0.94384,14.84,-12.428,8.474,True
ET_03,other,42.88,0.23338,0.11885,0.93877,7.974,-16.425,3.522,True
ET_03,other,42.89,0.13001,0.07872,0.91818,-5.931,-15.591,-3.566,True
ET_03,other,42.9,0.05457,0.16053,0.87848,-18.701,-11.329,-8.058,True
ET_03,other,42.910000000000004,0.00706,0.18723,0.86138,-21.884,-3.179,-10.327,True
ET_03,other,42.92,0.01739,0.26757,0.88435,-20.63,5.98,-11.327,True
ET_03,other,42.93,0.11318,0.32247,0.88455,-15.326,13.17,-7.967,True
ET_03,other,42.94,0.20141,0.33651,0.9092,-2.701,17.146,-0.698,True
ET_03,other,42.95,0.26808,0.35197,0.925,10.586,14.695,5.933,True
ET_03,other,42.96,0.33806,0.28194,0.98458,18.321,8.636,9.144,True
ET_03,other,42.97,0.36744,0.24469,0.98974,21.903,0.25,11.907,True
ET_03,other,42.980000000000004,0.33183,0.16193,0.9544,18.685,-9.047,10.359,True
ET_03,other,42.99,0.26226,0.11066,0.98353,10.843,-14.462,4.678,True
ET_03,other,43.0,0.17087,0.092,0.92905,-0.8,-15.73,0.576,True
ET_03,other,43.01,0.08494,0.12937,0.88124,-13.765,-13.726,-6.765,True
ET_03,other,43.02,0.04275,0.17933,0.86066,-22.021,-6.672,-10.172,True
ET_03,other,43.03,0.03444,0.25998,0.89441,-21.072,1.489,-9.913,True
ET_03,other,43.04,0.07519,0.30308,0.87825,-17.563,10.468,-8.542,True
ET_03,other,43.050000000000004,0.15148,0.34177,0.87446,-7.159,16.069,-3.938,True
ET_03,other,43.06,0.20199,0.35596,0.9385,4.928,16.218,3.083,True
ET_03,other,43.07,0.31971,0.2999,0.97754,16.532,9.985,7.636,True
ET_03,other,43.08,0.34988,0.25299,0.97273,21.153,4.634,11.077,True
ET_03,other,43.09,0.35783,0.18931,0.98784,21.495,-3.771,9.657,True
ET_03,other,43.1,0.31732,0.15132,0.96936,16.268,-11.953,6.297,True
ET_03,other,43.11,0.20261,0.12931,0.94604,4.039,-15.468,1.693,True
ET_03,other,43.12,0.14646,0.11212,0.90791,-8.492,-14.391,-3.246,True
ET_03,other,43.13,0.08215,0.12804,0.86723,-17.85,-10.892,-9.52,True
ET_03,other,43.14,0.02391,0.2334,0.8727,-20.941,-1.27,-11.91,True
ET_03,other,43.15,0.04549,0.28046,0.89476,-20.207,7.692,-11.005,True
ET_03,other,43.160000000000004,0.11115,0.32731,0.88994,-10.873,12.534,-6.552,True
ET_03,other,43.17,0.21204,0.33898,0.91154,-0.533,14.148,-0.181,True
ET_03,other,43.18,0.2826,0.32955,0.94067,10.391,14.241,5.877,True
ET_03,other,43.19,0.31855,0.29263,0.97143,19.039,8.499,8.73,True
ET_03,other,43.2,0.3532,0.21692,0.98919,21.006,-0.845,10.27,True
ET_03,other,43.21,0.3116,0.16559,0.99134,16.933,-8.264,9.878,True
ET_03,other,43.22,0.2659,0.09139,0.93631,7.824,-14.187,4.409,True
ET_03,other,43.230000000000004,0.16316,0.09756,0.91842,-2.448,-14.399,-1.809,True
ET_03,other,43.24,0.10737,0.12649,0.89007,-13.736,-11.302,-6.035,True
ET_03,other,43.25,0.02698,0.20106,0.8694,-18.367,-5.754,-8.999,True
ET_03,other,43.26,0.05058,0.2525,0.86922,-20.65,3.738,-10.784,True
ET_03,other,43.27,0.08557,0.30231,0.88462,-16.137,11.748,-7.52,True
ET_03,other,43.28,0.16974,0.33208,0.92543,-4.814,15.162,-2.458,True
ET_03,other,43.29,0.22577,0.33831,0.9646,6.962,16.609,3.061,True
ET_03,other,43.300000000000004,0.3161,0.27874,0.96271,16.417,10.708,7.889,True
ET_03,other,43.31,0.30837,0.25701,0.97586,20.98,1.964,11.012,True
ET_03,other,43.32,0.34253,0.18517,0.96356,19.924,-6.126,10.368,True
ET_03,other,43.33,0.30599,0.12553,0.95836,11.485,-11.63,6.567,True
ET_03,other,43.34,0.2346,0.12688,0.92819,2.203,-15.146,1.373,True
ET_03,other,43.35,0.13249,0.10718,0.89666,-10.355,-14.215,-4.751,True
ET_03,other,43.36,0.07303,0.17251,0.88706,-17.191,-8.246,-9.431,True
ET_03,other,43.37,0.06158,0.22401,0.87251,-21.113,-1.199,-11.703,True
ET_03,other,43.38,0.06093,0.26094,0.86456,-18.502,8.122,-9.073,True
ET_03,other,43.39,0.11601,0.35066,0.92736,-9.221,13.678,-4.791,True
ET_03,other,43.4,0.20328,0.3387,0.93921,1.718,13.884,1.028,True
ET_03,other,43.410000000000004,0.25397,0.31739,0.93869,10.227,11.309,6.063,True
ET_03,other,43.42,0.35642,0.27907,0.9748,19.434,6.561,8.878,True
ET_03,other,43.43,0.33715,0.2204,1.00788,20.309,-1.996,11.133,True
ET_03,other,43.44,0.29475,0.12566,0.99019,16.249,-9.188,8.523,True
ET_03,other,43.45,0.2479,0.10355,0.9149,6.653,-14.347,3.524,True
ET_03,other,43.46,0.14538,0.11478,0.9101,-4.861,-14.073,-1.926,True
ET_03,other,43.47,0.09853,0.12897,0.8884,-14.706,-10.154,-6.653,True
ET_03,other,43.480000000000004,0.05449,0.18805,0.90733,-18.159,-2.949,-8.057,True
ET_03,other,43.49,0.05078,0.25152,0.89045,-20.814,3.053,-8.473,True
ET_03,other,43.5,0.09119,0.32615,0.92312,-12.573,10.359,-7.046,True
ET_03,other,43.51,0.16788,0.33365,0.92276,-2.945,14.106,-3.07,True
ET_03,other,43.52,0.24443,0.34161,0.92651,8.359,14.618,3.758,True
ET_03,other,43.53,0.28204,0.27556,0.96283,16.486,10.179,8.247,True
ET_03,other,43.54,0.33427,0.21655,0.98697,19.358,1.493,10.491,True
ET_03,other,43.550000000000004,0.33131,0.17677,0.99412,19.172,-6.649,7.908,True
ET_03,other,43.56,0.25558,0.12618,0.92432,12.059,-12.519,5.132,True
ET_03,other,43.57,0.21708,0.1028,0.93959,1.014,-14.014,0.361,True
ET_03,other,43.58,0.1119,0.10282,0.89711,-9.339,-11.569,-5.162,True
ET_03,other,43.59,0.04849,0.16445,0.92041,-17.322,-6.734,-9.331,True
ET_03,other,43.6,0.03398,0.21456,0.88896,-20.259,1.049,-10.63,True
ET_03,other,43.61,0.05302,0.27838,0.8695,-16.84,6.264,-7.472,True
ET_03,other,43.62,0.09921,0.31327,0.90287,-6.716,14.965,-3.516,True
ET_03,other,43.63,0.19063,0.32738,0.93468,2.709,14.816,1.133,True
ET_03,other,43.64,0.29748,0.28673,0.9815,12.945,9.984,5.227,True
ET_03,other,43.65,0.33953,0.22782,0.98416,19.701,3.538,9.779,True
ET_03,other,43.660000000000004,0.31919,0.18528,0.99459,18.52,-2.897,9.655,True
ET_03,other,43.67,0.28858,0.14738,0.97118,12.361,-10.359,9.078,True
ET_03,other,43.68,0.2268,0.09936,0.92442,4.105,-12.965,2.303,True
ET_03,other,43.69,0.14846,0.10757,0.939,-6.481,-13.786,-3.792,True
ET_03,other,43.7,0.07701,0.1389,0.87158,-15.86,-9.133,-7.931,True
ET_03,other,43.71,0.05939,0.2068,0.87744,-18.343,-2.104,-11.373,True
ET_03,other,43.72,0.04043,0.26616,0.89292,-17.225,5.894,-9.838,True
ET_03,other,43.730000000000004,0.1046,0.29871,0.90404,-9.643,12.12,-6.421,True
ET_03,other,43.74,0.17702,0.33733,0.89196,-2.494,14.263,-1.089,True
ET_03,other,43.75,0.27427,0.32743,0.966,8.944,12.445,4.315,True
ET_03,other,43.76,0.2934,0.28294,0.99792,16.81,8.83,6.597,True
ET_03,other,43.77,0.31518,0.22207,0.98965,19.92,1.258,11.238,True
ET_03,other,43.78,0.31068,0.14335,0.98042,16.618,-8.21,6.978,True
ET_03,other,43.79,0.26321,0.13762,0.95163,9.341,-13.172,5.26,True
ET_03,other,43.800000000000004,0.19744,0.10505,0.92581,0.061,-13.886,-0.666,True
ET_03,other,43.81,0.11521,0.13045,0.92392,-11.303,-11.025,-5.531,True
ET_03,other,43.82,0.02192,0.17631,0.88232,-18.824,-5.412,-8.611,True
ET_03,other,43.83,0.02253,0.25461,0.87024,-20.668,2.517,-10.937,True
ET_03,other,43.84,0.07329,0.302,0.87288,-15.823,9.159,-7.053,True
ET_03,other,43.85,0.12395,0.3146,0.93888,-6.853,14.076,-2.334,True
ET_03,other,43.86,0.21889,0.33139,0.92747,5.225,14.155,3.684,True
ET_03,other,43.87,0.2741,0.29627,0.95032,12.522,10.406,7.683,True
ET_03,other,43.88,0.34204,0.24023,1.00139,19.725,2.997,9.879,True
ET_03,other,43.89,0.32392,0.18015,1.02592,19.059,-3.442,8.968,True
ET_03,other,43.9,0.27709,0.13274,0.98554,13.596,-11.887,5.69,True
ET_03,other,43.910000000000004,0.18612,0.10998,0.95182,2.969,-15.259,2.0,True
ET_03,other,43.92,0.12152,0.07423,0.91298,-7.673,-12.708,-2.521,True
ET_03,other,43.93,0.06428,0.14562,0.87897,-16.409,-9.246,-8.17,True
ET_03,other,43.94,0.01956,0.23098,0.87775,-18.78,-1.064,-10.321,True
ET_03,other,43.95,0.05325,0.24907,0.88111,-17.774,6.318,-8.008,True
ET_03,other,43.96,0.10143,0.29737,0.90943,-9.854,12.902,-7.004,True
ET_03,other,43.97,0.1767,0.29184,0.94012,-0.214,15.663,-1.517,True
ET_03,other,43.980000000000004,0.26394,0.31649,0.95849,10.489,13.534,3.344,True
ET_03,other,43.99,0.32114,0.24982,0.98858,17.192,5.806,9.671,True
ET_03,other,44.0,0.35062,0.19807,1.00334,20.371,-3.017,11.567,True
ET_03,other,44.01,0.28138,0.15787,0.95311,16.477,-9.691,8.943,True
ET_03,other,44.02,0.24608,0.09825,0.95079,7.789,-12.786,3.42,True
ET_03,other,44.03,0.15248,0.13326,0.93724,-2.755,-14.28,-1.411,True
ET_03,other,44.04,0.10111,0.13325,0.89403,-12.292,-10.68,-5.411,True
ET_03,other,44.050000000000004,0.03658,0.17992,0.90232,-19.32,-3.879,-8.631,True
ET_03,other,44.06,0.05726,0.2379,0.86021,-19.426,3.17,-8.971,True
ET_03,other,44.07,0.08795,0.28933,0.88975,-14.958,10.152,-6.935,True
ET_03,other,44.08,0.14607,0.32121,0.94184,-5.838,12.528,-0.888,True
ET_03,other,44.09,0.2031,0.32388,0.95281,6.326,13.671,4.05,True
ET_03,other,44.1,0.27095,0.28814,0.98133,14.597,9.304,7.53,True
ET_03,other,44.11,0.35089,0.20621,0.98483,19.868,2.833,9.882,True
ET_03,other,44.12,0.2879,0.17506,1.00703,19.685,-5.274,8.209,True
ET_03,other,44.13,0.28112,0.12858,0.97522,11.504,-13.186,6.75,True
ET_03,other,44.14,0.17501,0.08419,0.95658,2.417,-14.985,1.172,True
ET_03,other,44.15,0.11244,0.09849,0.90106,-10.716,-14.546,-4.692,True
ET_03,other,44.160000000000004,0.02329,0.16639,0.87907,-16.789,-7.993,-8.041,True
ET_03,other,44.17,0.02897,0.20238,0.87168,-20.689,-0.002,-10.76,True
ET_03,other,44.18,0.04425,0.26143,0.89553,-15.979,7.682,-8.721,True
ET_03,other,44.19,0.12139,0.2966,0.90822,-7.96,14.35,-5.166,True
ET_03,other,44.2,0.17996,0.32997,0.92995,2.471,14.467,1.941,True
ET_03,other,44.21,0.26542,0.31599,0.95994,13.785,11.903,6.032,True
ET_03,other,44.22,0.30603,0.23099,0.98466,20.28,6.275,9.41,True
ET_03,other,44.230000000000004,0.31281,0.18698,0.99106,20.303,-2.328,9.54,True
ET_03,other,44.24,0.2929,0.15081,0.95844,15.347,-10.493,7.796,True
ET_03,other,44.25,0.23552,0.09769,0.96391,6.96,-15.677,4.55,True
ET_03,other,44.26,0.13183,0.09345,0.91416,-5.042,-15.535,-2.34,True
ET_03,other,44.27,0.05145,0.11744,0.9111,-15.305,-11.172,-6.875,True
ET_03,other,44.28,0.01574,0.18209,0.8684,-20.939,-2.707,-11.637,True
ET_03,other,44.29,0.01399,0.24401,0.87462,-20.086,5.258,-11.084,True
ET_03,other,44.300000000000004,0.07148,0.32457,0.89019,-13.652,12.41,-5.635,True
ET_03,other,44.31,0.16266,0.2955,0.8934,-3.702,15.886,-1.785,True
ET_03,other,44.32,0.23528,0.29941,0.94897,7.706,13.818,3.646,True
ET_03,other,44.33,0.29986,0.2766,1.00261,17.903,9.065,8.52,True
ET_03,other,44.34,0.34484,0.19232,0.97706,21.92,2.075,10.085,True
ET_03,other,44.35,0.31227,0.15514,0.99082,19.023,-8.391,9.805,True
ET_03,other,44.36,0.26012,0.10316,0.94296,11.606,-13.453,5.75,True
ET_03,other,44.37,0.15762,0.11173,0.95323,0.526,-15.656,0.312,True
ET_03,other,44.38,0.0925,0.09353,0.87971,-11.384,-13.658,-5.296,True
ET_03,other,44.39,0.02486,0.15634,0.87317,-19.891,-7.755,-10.428,True
ET_03,other,44.4,0.0193,0.20659,0.86239,-21.204,1.268,-9.738,True
ET_03,other,44.410000000000004,0.02819,0.26568,0.88189,-16.494,10.214,-9.812,True
ET_03,other,44.42,0.11155,0.3066,0.92893,-7.678,16.196,-3.528,True
ET_03,other,44.43,0.20391,0.30989,0.95971,4.467,15.636,2.275,True
ET_03,other,44.44,0.24723,0.2693,0.99527,15.352,12.038,7.111,True
ET_03,other,44.45,0.31926,0.252,0.96602,21.54,4.042,10.856,True
ET_03,other,44.46,0.32506,0.17957,1.01954,21.003,-5.623,11.431,True
ET_03,other,44.47,0.28714,0.11853,0.97938,15.3,-12.618,7.883,True
ET_03,other,44.480000000000004,0.17641,0.09555,0.97648,4.937,-16.259,2.353,True
ET_03,other,44.49,0.10936,0.07681,0.92577,-7.066,-15.387,-4.626,True
ET_03,other,44.5,0.03022,0.10102,0.88524,-17.427,-8.654,-7.639,True
ET_03,other,44.51,-0.00642,0.19979,0.90741,-21.876,-1.989,-10.873,True
ET_03,other,44.52,-0.0055,0.25947,0.88649,-20.505,6.714,-10.264,True
ET_03,other,44.53,0.0666,0.29351,0.90384,-12.092,13.414,-6.046,True
ET_03,other,44.54,0.16402,0.31451,0.9514,-1.405,16.364,-0.202,True
ET_03,other,44.550000000000004,0.24771,0.31464,0.98904,10.318,14.8,6.809,True
ET_03,other,44.56,0.31917,0.26251,0.98357,18.924,10.015,9.393,True
ET_03,other,44.57,0.31633,0.20246,0.99913,23.377,0.583,11.717,True
ET_03,other,44.58,0.29303,0.14416,1.00797,19.395,-9.576,10.654,True
ET_03,other,44.59,0.22571,0.10757,1.0004,11.775,-16.509,5.126,True
ET_03,other,44.6,0.1532,0.07153,0.92576,-1.584,-16.613,-2.475,True
ET_03,other,44.61,0.04442,0.12413,0.90292,-12.845,-13.823,-6.376,True
ET_03,other,44.62,0.00228,0.17811,0.8754,-21.622,-6.003,-9.827,True
ET_03,other,44.63,-0.00478,0.22921,0.9074,-22.162,2.131,-9.786,True
ET_03,other,44.64,0.04556,0.27908,0.90139,-18.01,10.307,-9.807,True
ET_03,other,44.65,0.12192,0.32269,0.94755,-7.324,15.217,-3.806,True
ET_03,other,44.660000000000004,0.22935,0.33048,0.96367,6.571,16.454,2.991,True
ET_03,other,44.67,0.29087,0.29441,0.98132,17.649,11.352,8.71,True
ET_03,other,44.68,0.34466,0.24948,0.98163,24.014,5.02,11.328,True
ET_03,other,44.69,0.32494,0.17497,1.01104,22.761,-5.918,12.135,True
ET_03,other,44.7,0.28539,0.10297,0.99137,13.485,-12.376,7.4,True
ET_03,other,44.71,0.16442,0.09751,0.96862,3.723,-17.809,1.76,True
ET_03,other,44.72,0.084,0.07983,0.92261,-9.949,-17.15,-4.923,True
ET_03,other,44.730000000000004,0.01836,0.12146,0.89473,-20.517,-9.06,-10.163,True
ET_03,other,44.74,-0.01773,0.18913,0.86507,-25.943,-0.961,-10.639,True
ET_03,other,44.75,0.00922,0.25726,0.87116,-21.122,9.456,-9.458,True
ET_03,other,44.76,0.05839,0.31293,0.91817,-11.573,16.036,-6.111,True
ET_03,other,44.77,0.17198,0.3462,0.93604,1.618,18.108,-0.724,True
ET_03,other,44.78,0.26028,0.32738,0.978,14.608,14.328,6.805,True
ET_03,other,44.79,0.30777,0.28775,0.99406,22.046,8.301,9.577,True
ET_03,other,44.800000000000004,0.32569,0.17627,1.00112,24.639,-1.642,11.504,True
ET_03,other,44.81,0.27598,0.10779,0.99716,20.104,-11.437,11.224,True
ET_03,other,44.82,0.22956,0.09193,0.96703,9.191,-16.993,3.531,True
ET_03,other,44.83,0.11729,0.04329,0.93856,-4.137,-17.051,-2.153,True
ET_03,other,44.84,0.01517,0.08683,0.89572,-17.732,-14.267,-8.742,True
ET_03,other,44.85,-0.00757,0.19408,0.87848,-23.212,-6.467,-12.199,True
ET_03,other,44.86,-0.02126,0.25384,0.87025,-23.956,5.066,-11.223,True
ET_03,other,44.87,0.03141,0.31037,0.89165,-17.474,13.438,-8.591,True
ET_03,other,44.88,0.12704,0.34838,0.91358,-5.354,17.621,-2.116,True
ET_03,other,44.89,0.22482,0.33459,0.97352,7.573,16.832,4.411,True
ET_03,other,44.9,0.29762,0.28496,0.99869,21.501,13.345,9.699,True
ET_03,other,44.910000000000004,0.38437,0.23257,1.03692,26.518,1.996,13.03,True
ET_03,other,44.92,0.33702,0.16824,1.01447,23.232,-5.866,12.224,True
ET_03,other,44.93,0.25488,0.09115,1.0058,12.408,-15.777,6.812,True
ET_03,other,44.94,0.18572,0.08771,0.95754,0.382,-18.947,0.982,True
ET_03,other,44.95,0.05183,0.07709,0.90817,-14.594,-16.949,-6.145,True
ET_03,other,44.96,-0.0352,0.15671,0.91043,-23.61,-9.375,-11.886,True
ET_03,other,44.97,-0.02964,0.17926,0.85823,-25.631,0.618,-12.652,True
ET_03,other,44.980000000000004,-0.00362,0.28238,0.91946,-21.467,10.972,-10.364,True
ET_03,other,44.99,0.08301,0.31985,0.94166,-11.2,16.948,-5.188,True
