subject_id,label,timestamp,accel_x,accel_y,accel_z,gyro_x,gyro_y,gyro_z,is_synthetic
HC_06,healthy,0.0,0.15107,0.2781,0.94821,1.638,6.873,0.408,True
HC_06,healthy,0.01,0.16715,0.283,0.93351,-0.134,6.968,1.246,True
HC_06,healthy,0.02,0.15742,0.2826,0.98293,3.34,6.152,2.407,True
HC_06,healthy,0.03,0.15553,0.27292,0.95901,1.382,7.686,0.371,True
HC_06,healthy,0.04,0.16646,0.26577,0.97045,2.633,6.496,3.391,True
HC_06,healthy,0.05,0.17283,0.27059,0.98958,3.622,5.681,4.852,True
HC_06,healthy,0.06,0.1974,0.27494,0.96637,3.291,4.387,4.837,True
HC_06,healthy,0.07,0.20897,0.27952,0.96631,4.516,6.895,3.811,True
HC_06,healthy,0.08,0.19356,0.27111,0.97451,4.297,4.255,4.928,True
HC_06,healthy,0.09,0.19391,0.29491,0.96882,3.689,5.621,7.152,True
HC_06,healthy,0.1,0.2105,0.2462,0.96687,5.75,5.514,6.835,True
HC_06,healthy,0.11,0.23558,0.26214,0.98829,4.836,6.42,7.342,True
HC_06,healthy,0.12,0.21933,0.25776,0.99313,6.012,4.845,8.419,True
HC_06,healthy,0.13,0.24195,0.24532,0.97835,7.9,4.628,7.693,True
HC_06,healthy,0.14,0.23906,0.26254,0.9694,7.516,4.138,10.133,True
HC_06,healthy,0.15,0.24775,0.24079,1.00188,8.897,4.081,9.722,True
HC_06,healthy,0.16,0.24601,0.23649,0.99899,8.131,3.577,9.224,True
HC_06,healthy,0.17,0.25958,0.23752,0.99018,8.443,3.058,9.083,True
HC_06,healthy,0.18,0.26927,0.2315,0.97796,8.281,3.33,11.567,True
HC_06,healthy,0.19,0.22612,0.22514,1.02146,9.652,2.854,10.579,True
HC_06,healthy,0.2,0.28025,0.20808,1.00688,9.465,1.322,9.994,True
HC_06,healthy,0.21,0.2532,0.21508,0.9741,8.903,1.477,11.031,True
HC_06,healthy,0.22,0.27226,0.22924,0.99791,10.815,0.331,10.861,True
HC_06,healthy,0.23,0.28239,0.20779,0.98046,10.22,0.356,12.101,True
HC_06,healthy,0.24,0.28113,0.193,0.97029,10.04,-0.561,11.538,True
HC_06,healthy,0.25,0.27232,0.20297,0.99187,9.232,-0.358,11.092,True
HC_06,healthy,0.26,0.27619,0.19117,0.97467,10.69,-1.471,12.182,True
HC_06,healthy,0.27,0.27667,0.16939,0.9351,9.741,-1.581,12.147,True
HC_06,healthy,0.28,0.25704,0.16847,0.94592,8.342,-3.202,11.128,True
HC_06,healthy,0.29,0.26791,0.16552,0.94506,8.961,-2.101,10.356,True
HC_06,healthy,0.3,0.27596,0.15751,0.9349,9.199,-4.362,11.442,True
HC_06,healthy,0.31,0.28316,0.15547,0.93342,9.132,-4.388,10.517,True
HC_06,healthy,0.32,0.2782,0.14834,0.93778,10.554,-4.892,9.649,True
HC_06,healthy,0.33,0.2464,0.15419,0.93598,7.797,-6.3,10.153,True
HC_06,healthy,0.34,0.24112,0.14387,0.91976,8.941,-6.138,9.08,True
HC_06,healthy,0.35000000000000003,0.25534,0.13118,0.92341,6.809,-6.288,8.978,True
HC_06,healthy,0.36,0.22158,0.1358,0.92709,7.997,-5.986,8.683,True
HC_06,healthy,0.37,0.2289,0.1432,0.89286,8.276,-7.412,8.687,True
HC_06,healthy,0.38,0.25332,0.13436,0.89936,6.283,-6.833,6.675,True
HC_06,healthy,0.39,0.23198,0.12249,0.92268,5.885,-8.659,7.001,True
HC_06,healthy,0.4,0.21689,0.10165,0.90045,4.236,-8.89,5.478,True
HC_06,healthy,0.41000000000000003,0.20892,0.10268,0.87522,4.625,-8.252,4.998,True
HC_06,healthy,0.42,0.19144,0.13611,0.89496,3.72,-7.803,2.813,True
HC_06,healthy,0.43,0.19798,0.12331,0.88926,2.788,-8.647,4.134,True
HC_06,healthy,0.44,0.18394,0.11638,0.89967,2.759,-8.334,2.781,True
HC_06,healthy,0.45,0.16793,0.1051,0.86598,0.289,-9.13,3.283,True
HC_06,healthy,0.46,0.15069,0.11357,0.88081,-0.294,-9.85,0.396,True
HC_06,healthy,0.47000000000000003,0.15929,0.09963,0.8924,-0.522,-10.77,-1.11,True
HC_06,healthy,0.48,0.13687,0.09741,0.87927,-2.416,-9.916,-0.289,True
HC_06,healthy,0.49,0.14577,0.09818,0.88196,-3.267,-8.747,-2.8,True
HC_06,healthy,0.5,0.13821,0.10165,0.85936,-2.541,-9.108,-4.085,True
HC_06,healthy,0.51,0.13459,0.10536,0.86719,-4.191,-8.801,-4.437,True
HC_06,healthy,0.52,0.1069,0.08532,0.88346,-2.513,-8.222,-4.869,True
HC_06,healthy,0.53,0.10232,0.08256,0.90028,-5.843,-8.099,-6.141,True
HC_06,healthy,0.54,0.10681,0.11341,0.90758,-5.831,-8.512,-5.945,True
HC_06,healthy,0.55,0.10663,0.11536,0.88593,-5.557,-8.58,-6.436,True
HC_06,healthy,0.56,0.06548,0.11391,0.92636,-7.578,-7.451,-8.467,True
HC_06,healthy,0.5700000000000001,0.08815,0.11073,0.88289,-8.59,-8.696,-9.805,True
HC_06,healthy,0.58,0.06638,0.12657,0.91322,-8.914,-7.354,-11.06,True
HC_06,healthy,0.59,0.06283,0.13138,0.92075,-10.466,-8.201,-11.047,True
HC_06,healthy,0.6,0.04449,0.15389,0.93836,-10.303,-6.263,-12.51,True
HC_06,healthy,0.61,0.02946,0.15318,0.94643,-12.419,-3.659,-14.124,True
HC_06,healthy,0.62,0.03908,0.16591,0.95969,-11.598,-5.198,-13.119,True
HC_06,healthy,0.63,0.04268,0.1715,0.9674,-12.396,-6.062,-14.669,True
HC_06,healthy,0.64,0.02445,0.17146,0.95146,-12.205,-2.628,-15.259,True
HC_06,healthy,0.65,0.04157,0.18917,0.95645,-12.214,-3.788,-14.441,True
HC_06,healthy,0.66,0.0283,0.16517,0.9645,-13.443,-4.216,-15.62,True
HC_06,healthy,0.67,0.01801,0.19317,0.95086,-13.083,-1.181,-15.787,True
HC_06,healthy,0.68,0.03613,0.19989,0.96417,-12.799,-0.998,-15.122,True
HC_06,healthy,0.6900000000000001,-0.0107,0.20305,0.99516,-14.594,-1.01,-16.098,True
HC_06,healthy,0.7000000000000001,0.01887,0.20648,0.95754,-14.922,1.318,-15.285,True
HC_06,healthy,0.71,0.00539,0.23729,0.99211,-14.051,0.643,-16.129,True
HC_06,healthy,0.72,0.04054,0.24651,0.98688,-13.981,2.074,-14.587,True
HC_06,healthy,0.73,0.00671,0.25057,0.98827,-14.329,1.667,-16.573,True
HC_06,healthy,0.74,0.00251,0.25756,1.00689,-11.478,3.094,-15.678,True
HC_06,healthy,0.75,0.03126,0.25062,0.99112,-13.48,3.175,-15.389,True
HC_06,healthy,0.76,0.01873,0.27991,1.00724,-13.067,4.952,-14.456,True
HC_06,healthy,0.77,0.04799,0.29007,1.00395,-12.698,4.557,-15.404,True
HC_06,healthy,0.78,0.04152,0.28474,1.01982,-12.698,6.209,-15.905,True
HC_06,healthy,0.79,0.03279,0.29906,0.97337,-11.25,6.383,-12.514,True
HC_06,healthy,0.8,0.05724,0.31133,0.99779,-12.042,7.746,-13.748,True
HC_06,healthy,0.81,0.04544,0.29976,0.97677,-9.946,7.489,-12.571,True
HC_06,healthy,0.8200000000000001,0.03155,0.32349,1.00147,-10.626,8.085,-12.245,True
HC_06,healthy,0.8300000000000001,0.07454,0.3369,0.98268,-7.875,6.892,-10.19,True
HC_06,healthy,0.84,0.08104,0.31739,0.99785,-8.603,8.976,-8.945,True
HC_06,healthy,0.85,0.10306,0.30989,0.99824,-8.461,10.554,-8.859,True
HC_06,healthy,0.86,0.11469,0.35513,0.97647,-6.327,9.918,-6.923,True
HC_06,healthy,0.87,0.10932,0.35833,0.96904,-6.238,10.478,-6.134,True
HC_06,healthy,0.88,0.10078,0.34589,0.95649,-5.177,11.677,-3.621,True
HC_06,healthy,0.89,0.12323,0.32019,0.96513,-2.527,10.273,-4.274,True
HC_06,healthy,0.9,0.14186,0.32619,0.95441,-4.95,10.744,-3.388,True
HC_06,healthy,0.91,0.15895,0.36167,0.95478,-2.855,11.965,-3.6,True
HC_06,healthy,0.92,0.15404,0.38275,0.94812,-0.414,9.834,-0.945,True
HC_06,healthy,0.93,0.20132,0.36049,0.93125,-1.231,10.718,0.278,True
HC_06,healthy,0.9400000000000001,0.19631,0.31478,0.89271,1.122,10.882,0.961,True
HC_06,healthy,0.9500000000000001,0.19437,0.36871,0.92242,0.934,12.099,1.428,True
HC_06,healthy,0.96,0.22832,0.37009,0.91051,2.491,10.502,2.648,True
HC_06,healthy,0.97,0.22676,0.34163,0.9159,3.581,11.448,6.484,True
HC_06,healthy,0.98,0.2238,0.3257,0.89843,4.008,11.079,6.33,True
HC_06,healthy,0.99,0.21993,0.36248,0.90154,6.266,10.698,7.28,True
HC_06,healthy,1.0,0.26748,0.32318,0.88194,7.132,10.889,9.723,True
HC_06,healthy,1.01,0.27319,0.3261,0.88138,9.163,9.043,10.636,True
HC_06,healthy,1.02,0.27684,0.31356,0.91052,8.063,9.08,9.37,True
HC_06,healthy,1.03,0.2992,0.32468,0.85539,10.195,8.26,11.497,True
HC_06,healthy,1.04,0.3063,0.31832,0.86036,10.477,8.847,11.814,True
HC_06,healthy,1.05,0.31409,0.30046,0.8542,11.653,9.127,13.654,True
HC_06,healthy,1.06,0.32209,0.2868,0.88521,12.037,7.464,13.178,True
HC_06,healthy,1.07,0.3524,0.28899,0.86193,12.577,6.911,13.262,True
HC_06,healthy,1.08,0.33953,0.30204,0.83851,13.28,7.3,15.083,True
HC_06,healthy,1.09,0.33565,0.25659,0.84706,14.344,7.208,17.049,True
HC_06,healthy,1.1,0.35566,0.26475,0.84239,14.195,4.375,16.46,True
HC_06,healthy,1.11,0.3308,0.29241,0.86215,14.448,4.899,14.927,True
HC_06,healthy,1.12,0.3746,0.25998,0.84629,14.891,2.92,18.24,True
HC_06,healthy,1.1300000000000001,0.3897,0.26437,0.85323,15.968,3.48,17.515,True
HC_06,healthy,1.1400000000000001,0.372,0.22175,0.89035,15.858,1.789,18.192,True
HC_06,healthy,1.1500000000000001,0.35674,0.21971,0.85468,15.254,1.046,18.287,True
HC_06,healthy,1.16,0.37598,0.19676,0.86203,15.369,0.062,17.484,True
HC_06,healthy,1.17,0.35674,0.21063,0.89053,16.337,-0.396,17.909,True
HC_06,healthy,1.18,0.35652,0.20297,0.87903,15.341,-0.93,17.095,True
HC_06,healthy,1.19,0.35545,0.19327,0.88295,15.922,-3.214,16.655,True
HC_06,healthy,1.2,0.35331,0.17982,0.90696,14.685,-3.936,16.702,True
HC_06,healthy,1.21,0.32771,0.1921,0.90155,13.36,-4.618,18.122,True
HC_06,healthy,1.22,0.34746,0.14463,0.92766,14.891,-4.444,16.693,True
HC_06,healthy,1.23,0.37089,0.15521,0.93166,14.597,-5.604,16.585,True
HC_06,healthy,1.24,0.33676,0.15583,0.95862,13.567,-5.777,16.665,True
HC_06,healthy,1.25,0.33212,0.14962,0.95227,13.709,-6.68,12.902,True
HC_06,healthy,1.26,0.34172,0.11994,0.92901,13.793,-8.124,13.868,True
HC_06,healthy,1.27,0.33284,0.13242,0.96153,12.31,-6.465,13.73,True
HC_06,healthy,1.28,0.31731,0.11633,0.97336,10.576,-9.915,13.23,True
HC_06,healthy,1.29,0.29529,0.112,0.94364,9.534,-9.457,12.034,True
HC_06,healthy,1.3,0.29674,0.10068,0.97478,10.525,-8.983,9.931,True
HC_06,healthy,1.31,0.27964,0.09911,0.97596,10.865,-10.452,9.899,True
HC_06,healthy,1.32,0.2917,0.04706,1.02677,8.307,-9.161,7.694,True
HC_06,healthy,1.33,0.29874,0.06069,0.99645,6.761,-11.822,8.692,True
HC_06,healthy,1.34,0.26666,0.10981,0.96859,5.301,-11.071,6.554,True
HC_06,healthy,1.35,0.24941,0.09375,1.00713,4.565,-12.3,6.142,True
HC_06,healthy,1.36,0.22435,0.08342,1.0238,4.29,-11.849,4.665,True
HC_06,healthy,1.37,0.22366,0.08458,1.01496,2.697,-11.266,3.159,True
HC_06,healthy,1.3800000000000001,0.2116,0.07593,1.00733,-0.465,-11.881,0.867,True
HC_06,healthy,1.3900000000000001,0.18311,0.10347,1.02448,0.225,-12.027,1.0,True
HC_06,healthy,1.4000000000000001,0.17711,0.0849,1.0031,-0.757,-10.43,0.493,True
HC_06,healthy,1.41,0.17277,0.09619,1.02517,-1.752,-11.765,-0.878,True
HC_06,healthy,1.42,0.16741,0.08791,1.01198,-3.678,-11.825,-2.964,True
HC_06,healthy,1.43,0.13731,0.09188,0.99004,-3.422,-12.392,-4.474,True
HC_06,healthy,1.44,0.11677,0.10391,1.00659,-5.102,-12.031,-5.061,True
HC_06,healthy,1.45,0.11566,0.0799,0.99664,-5.502,-11.37,-6.305,True
HC_06,healthy,1.46,0.12342,0.11206,0.99801,-6.433,-11.574,-6.142,True
HC_06,healthy,1.47,0.10882,0.09846,0.98102,-6.182,-11.327,-9.548,True
HC_06,healthy,1.48,0.08562,0.11792,0.98927,-7.324,-10.62,-10.014,True
HC_06,healthy,1.49,0.06583,0.12146,0.99109,-9.03,-8.921,-10.913,True
HC_06,healthy,1.5,0.08481,0.12538,0.96753,-10.809,-8.913,-11.855,True
HC_06,healthy,1.51,0.07997,0.09811,0.92128,-9.744,-9.1,-12.467,True
HC_06,healthy,1.52,0.06789,0.13827,0.962,-13.119,-7.914,-13.939,True
HC_06,healthy,1.53,0.0329,0.15603,0.93527,-12.612,-6.344,-13.009,True
HC_06,healthy,1.54,0.04237,0.17205,0.92116,-12.627,-5.787,-13.113,True
HC_06,healthy,1.55,0.04254,0.17499,0.92119,-13.965,-5.244,-15.702,True
HC_06,healthy,1.56,0.05947,0.16714,0.92134,-12.65,-6.03,-15.221,True
HC_06,healthy,1.57,0.05533,0.16956,0.88881,-13.231,-4.761,-17.676,True
HC_06,healthy,1.58,0.05781,0.21853,0.90653,-14.452,-3.657,-16.789,True
HC_06,healthy,1.59,0.04624,0.18941,0.89357,-14.792,-2.941,-16.752,True
HC_06,healthy,1.6,0.01908,0.20414,0.87656,-16.071,-1.838,-16.669,True
HC_06,healthy,1.61,0.01865,0.18121,0.89146,-16.192,-0.456,-17.712,True
HC_06,healthy,1.62,0.03529,0.21095,0.8945,-15.944,-0.428,-16.779,True
HC_06,healthy,1.6300000000000001,-0.00847,0.21844,0.89858,-14.462,-0.15,-16.968,True
HC_06,healthy,1.6400000000000001,0.03727,0.23456,0.90402,-15.287,2.232,-18.957,True
HC_06,healthy,1.6500000000000001,0.05223,0.26361,0.8651,-15.542,1.58,-16.407,True
HC_06,healthy,1.6600000000000001,0.05804,0.24478,0.88842,-14.649,0.673,-17.658,True
HC_06,healthy,1.67,0.01135,0.23824,0.87273,-14.189,1.667,-13.926,True
HC_06,healthy,1.68,0.04594,0.25804,0.86671,-14.657,4.706,-16.461,True
HC_06,healthy,1.69,0.03512,0.29045,0.85492,-14.135,4.152,-14.222,True
HC_06,healthy,1.7,0.06303,0.28767,0.85328,-13.36,6.831,-15.367,True
HC_06,healthy,1.71,0.04481,0.30411,0.8489,-11.865,5.575,-14.71,True
HC_06,healthy,1.72,0.0633,0.30461,0.85692,-12.061,7.187,-12.112,True
HC_06,healthy,1.73,0.0655,0.29082,0.88048,-12.917,7.706,-12.055,True
HC_06,healthy,1.74,0.07387,0.29821,0.83788,-9.938,7.216,-10.354,True
HC_06,healthy,1.75,0.07722,0.29936,0.87268,-9.642,8.132,-11.239,True
HC_06,healthy,1.76,0.10798,0.29988,0.84814,-9.396,7.964,-11.69,True
HC_06,healthy,1.77,0.08916,0.35515,0.86676,-7.808,9.521,-8.485,True
HC_06,healthy,1.78,0.12747,0.33105,0.88581,-8.459,9.87,-7.695,True
HC_06,healthy,1.79,0.12092,0.33792,0.89579,-7.003,9.908,-5.743,True
HC_06,healthy,1.8,0.12846,0.31062,0.87826,-5.042,9.631,-6.665,True
HC_06,healthy,1.81,0.1543,0.33611,0.89914,-4.305,10.273,-5.114,True
HC_06,healthy,1.82,0.14797,0.33375,0.8942,-3.208,8.912,-3.57,True
HC_06,healthy,1.83,0.17913,0.31959,0.91893,-5.066,9.356,-4.637,True
HC_06,healthy,1.84,0.1821,0.34769,0.91494,-2.762,10.325,-1.649,True
HC_06,healthy,1.85,0.20285,0.35287,0.91065,-2.76,9.654,-1.388,True
HC_06,healthy,1.86,0.18238,0.32314,0.91636,0.33,10.445,0.045,True
HC_06,healthy,1.87,0.22649,0.36065,0.93517,2.079,10.252,0.714,True
HC_06,healthy,1.8800000000000001,0.21439,0.35753,0.94169,2.681,10.543,1.343,True
HC_06,healthy,1.8900000000000001,0.23625,0.34811,0.93266,2.422,10.059,3.29,True
HC_06,healthy,1.9000000000000001,0.22148,0.34067,0.96491,4.832,10.497,3.459,True
HC_06,healthy,1.9100000000000001,0.26876,0.3342,0.95973,5.161,9.093,5.507,True
HC_06,healthy,1.92,0.25049,0.31437,0.97642,3.965,8.703,6.531,True
HC_06,healthy,1.93,0.27556,0.32811,0.98522,6.406,8.322,6.582,True
HC_06,healthy,1.94,0.28566,0.32911,0.9714,6.644,8.229,8.394,True
HC_06,healthy,1.95,0.27192,0.34336,0.96428,7.388,9.678,8.142,True
HC_06,healthy,1.96,0.2767,0.30024,0.99893,8.155,7.404,10.137,True
HC_06,healthy,1.97,0.29526,0.32552,0.99234,9.745,7.909,9.264,True
HC_06,healthy,1.98,0.3009,0.29442,0.99585,9.248,6.691,10.073,True
HC_06,healthy,1.99,0.32284,0.31101,1.00142,10.632,5.74,11.479,True
HC_06,healthy,2.0,0.31207,0.27723,0.99057,10.497,6.365,11.464,True
HC_06,healthy,2.0100000000000002,0.31183,0.27083,1.0015,12.891,5.216,11.544,True
HC_06,healthy,2.02,0.33665,0.28681,0.98323,9.865,5.222,11.525,True
HC_06,healthy,2.0300000000000002,0.34091,0.27731,0.97676,13.241,4.502,12.861,True
HC_06,healthy,2.04,0.31332,0.25079,0.9785,10.986,3.023,12.807,True
HC_06,healthy,2.05,0.36356,0.27347,1.00238,12.728,1.563,11.297,True
HC_06,healthy,2.06,0.31841,0.2488,0.97742,12.293,1.771,13.953,True
HC_06,healthy,2.07,0.34064,0.25031,1.00051,10.773,2.209,12.25,True
HC_06,healthy,2.08,0.34857,0.23986,0.95101,12.451,1.271,13.473,True
HC_06,healthy,2.09,0.3228,0.21781,0.9861,11.45,-1.13,12.618,True
HC_06,healthy,2.1,0.3347,0.24104,0.93847,11.09,-0.141,13.523,True
HC_06,healthy,2.11,0.32095,0.19562,0.9503,11.634,-0.568,12.547,True
HC_06,healthy,2.12,0.34317,0.21505,0.96481,11.506,-2.158,14.026,True
HC_06,healthy,2.13,0.31557,0.21041,0.95382,11.115,-1.087,12.225,True
HC_06,healthy,2.14,0.32595,0.18776,0.95235,11.179,-3.628,12.179,True
HC_06,healthy,2.15,0.32236,0.18358,0.94648,9.866,-3.828,11.938,True
HC_06,healthy,2.16,0.336,0.17979,0.91684,10.203,-3.072,11.336,True
HC_06,healthy,2.17,0.30291,0.16546,0.90287,8.437,-3.547,11.586,True
HC_06,healthy,2.18,0.31327,0.17195,0.92375,10.253,-3.699,10.622,True
HC_06,healthy,2.19,0.28429,0.16861,0.91849,9.18,-4.845,9.608,True
HC_06,healthy,2.2,0.29555,0.16996,0.88382,7.951,-6.792,8.484,True
HC_06,healthy,2.21,0.27601,0.1637,0.89435,7.92,-5.235,10.031,True
HC_06,healthy,2.22,0.275,0.16076,0.90406,7.111,-7.415,7.993,True
HC_06,healthy,2.23,0.28054,0.13914,0.90635,6.97,-6.271,5.137,True
HC_06,healthy,2.24,0.26401,0.13554,0.91383,6.73,-6.491,4.015,True
HC_06,healthy,2.25,0.24927,0.13661,0.90703,4.078,-6.089,4.789,True
HC_06,healthy,2.2600000000000002,0.24463,0.14948,0.84767,5.62,-6.877,5.572,True
HC_06,healthy,2.27,0.23594,0.11663,0.87527,4.727,-6.098,4.138,True
HC_06,healthy,2.2800000000000002,0.25097,0.13791,0.91062,3.641,-7.062,2.528,True
HC_06,healthy,2.29,0.23427,0.13314,0.8803,2.991,-7.852,1.793,True
HC_06,healthy,2.3000000000000003,0.21407,0.12999,0.88307,2.716,-6.546,2.936,True
HC_06,healthy,2.31,0.19231,0.13074,0.88046,1.511,-7.042,1.206,True
HC_06,healthy,2.32,0.22954,0.14993,0.89289,-0.321,-6.997,0.509,True
HC_06,healthy,2.33,0.18387,0.14013,0.87349,-2.544,-6.906,-0.054,True
HC_06,healthy,2.34,0.19684,0.12146,0.90226,-0.055,-6.528,-0.76,True
HC_06,healthy,2.35,0.18293,0.14513,0.88032,-2.05,-6.965,-1.699,True
HC_06,healthy,2.36,0.16641,0.14522,0.91251,-2.684,-7.696,-2.918,True
HC_06,healthy,2.37,0.16355,0.17311,0.89349,-1.876,-6.832,-3.724,True
HC_06,healthy,2.38,0.15457,0.14123,0.88077,-3.595,-6.768,-3.255,True
HC_06,healthy,2.39,0.15391,0.1618,0.86163,-5.331,-5.426,-4.048,True
HC_06,healthy,2.4,0.12322,0.16185,0.88475,-4.002,-6.616,-6.289,True
HC_06,healthy,2.41,0.1412,0.15057,0.90757,-3.564,-6.132,-5.724,True
HC_06,healthy,2.42,0.144,0.16956,0.90686,-5.236,-5.563,-6.537,True
HC_06,healthy,2.43,0.14997,0.15114,0.92173,-5.449,-4.713,-6.468,True
HC_06,healthy,2.44,0.14192,0.18259,0.92037,-6.354,-4.698,-6.047,True
HC_06,healthy,2.45,0.10198,0.1767,0.90666,-6.883,-3.85,-6.407,True
HC_06,healthy,2.46,0.11046,0.14802,0.91897,-6.049,-3.24,-7.435,True
HC_06,healthy,2.47,0.13183,0.17706,0.93178,-6.502,-2.254,-8.869,True
HC_06,healthy,2.48,0.10606,0.16966,0.91433,-6.212,-3.35,-8.518,True
HC_06,healthy,2.49,0.12524,0.1955,0.91933,-6.448,-3.746,-8.562,True
HC_06,healthy,2.5,0.10107,0.19293,0.94479,-5.415,-3.031,-8.338,True
HC_06,healthy,2.5100000000000002,0.09939,0.21047,0.91926,-6.946,-2.953,-9.198,True
HC_06,healthy,2.52,0.11026,0.21955,0.96459,-7.373,-2.064,-8.004,True
HC_06,healthy,2.5300000000000002,0.11052,0.22945,0.9547,-7.469,0.153,-7.923,True
HC_06,healthy,2.54,0.11948,0.24616,0.95879,-7.411,-1.171,-8.7,True
HC_06,healthy,2.5500000000000003,0.11028,0.22599,0.9556,-6.289,-0.938,-9.274,True
HC_06,healthy,2.56,0.13936,0.23434,0.93899,-8.136,0.345,-8.086,True
HC_06,healthy,2.57,0.09297,0.23938,0.96507,-7.263,-0.64,-8.002,True
HC_06,healthy,2.58,0.10769,0.25723,0.95634,-7.991,0.549,-7.892,True
HC_06,healthy,2.59,0.09381,0.24388,0.93703,-6.212,0.397,-8.411,True
HC_06,healthy,2.6,0.10664,0.24967,0.96064,-5.936,1.927,-7.056,True
HC_06,healthy,2.61,0.13268,0.22949,0.96586,-5.468,1.857,-8.303,True
HC_06,healthy,2.62,0.13464,0.24782,0.94774,-6.498,1.925,-8.043,True
HC_06,healthy,2.63,0.12876,0.24508,0.94489,-6.655,2.731,-6.803,True
HC_06,healthy,2.64,0.17213,0.23551,0.96905,-4.473,3.097,-6.411,True
HC_06,healthy,2.65,0.13158,0.24607,0.95937,-5.355,3.166,-4.975,True
HC_06,healthy,2.66,0.14484,0.28079,0.96623,-4.794,2.808,-5.155,True
HC_06,healthy,2.67,0.14002,0.26443,0.9622,-4.268,3.853,-4.863,True
HC_06,healthy,2.68,0.14511,0.284,0.94074,-3.55,3.197,-5.32,True
HC_06,healthy,2.69,0.14951,0.25448,0.96332,-3.588,5.278,-3.836,True
HC_06,healthy,2.7,0.17884,0.25504,0.96151,-2.617,3.25,-3.123,True
HC_06,healthy,2.71,0.154,0.26207,0.9445,-4.398,4.144,-3.653,True
HC_06,healthy,2.72,0.15957,0.27456,0.93023,-1.88,3.274,-1.109,True
HC_06,healthy,2.73,0.18118,0.26702,0.95696,-2.147,3.668,-1.974,True
HC_06,healthy,2.74,0.16334,0.25512,0.94585,-1.579,3.388,-1.752,True
HC_06,healthy,2.75,0.17514,0.24168,0.92255,-1.462,4.71,-0.847,True
HC_06,healthy,2.7600000000000002,0.21267,0.2845,0.95207,-2.095,2.845,-2.329,True
HC_06,healthy,2.77,0.19546,0.26196,0.8982,-1.705,3.437,-0.575,True
HC_06,healthy,2.7800000000000002,0.19994,0.27861,0.91124,0.408,2.441,-1.661,True
HC_06,healthy,2.79,0.22057,0.28576,0.92148,-1.842,3.527,-1.097,True
HC_06,healthy,2.8000000000000003,0.219,0.28166,0.90795,-0.612,3.618,0.559,True
HC_06,healthy,2.81,0.22865,0.24803,0.94827,2.463,3.015,-0.54,True
HC_06,healthy,2.82,0.19802,0.25068,0.89344,0.999,2.168,1.221,True
HC_06,healthy,2.83,0.21278,0.28158,0.93136,3.007,3.66,1.896,True
HC_06,healthy,2.84,0.22288,0.28114,0.89673,0.906,2.22,2.4,True
HC_06,healthy,2.85,0.24023,0.25343,0.90989,1.973,2.824,0.145,True
HC_06,healthy,2.86,0.21857,0.25928,0.91846,1.728,3.043,2.225,True
HC_06,healthy,2.87,0.22552,0.24033,0.91692,2.17,1.924,1.961,True
HC_06,healthy,2.88,0.21733,0.24644,0.89998,2.885,2.667,3.394,True
HC_06,healthy,2.89,0.20875,0.26168,0.89701,2.557,3.196,3.729,True
HC_06,healthy,2.9,0.23868,0.27278,0.93796,3.617,3.56,3.291,True
HC_06,healthy,2.91,0.2123,0.2458,0.89244,1.942,2.902,1.625,True
HC_06,healthy,2.92,0.2429,0.2631,0.93628,3.383,1.5,4.076,True
HC_06,healthy,2.93,0.23871,0.2589,0.89491,2.087,1.304,4.21,True
HC_06,healthy,2.94,0.22565,0.22116,0.89632,2.929,0.846,3.332,True
HC_06,healthy,2.95,0.24755,0.23052,0.9006,3.826,3.68,4.391,True
HC_06,healthy,2.96,0.24315,0.21023,0.88399,3.497,0.593,3.513,True
HC_06,healthy,2.97,0.24239,0.24019,0.92605,3.429,1.271,3.378,True
HC_06,healthy,2.98,0.23343,0.24883,0.926,2.474,0.72,4.214,True
HC_06,healthy,2.99,0.22301,0.23617,0.92891,3.999,2.057,5.111,True
HC_06,healthy,3.0,0.2179,0.21046,0.92047,3.21,1.331,2.717,True
HC_06,healthy,3.0100000000000002,0.22213,0.22548,0.87759,3.033,0.096,4.067,True
HC_06,healthy,3.02,0.23904,0.2326,0.9243,2.648,-0.123,3.937,True
HC_06,healthy,3.0300000000000002,0.1935,0.22319,0.92927,2.611,0.708,2.385,True
HC_06,healthy,3.04,0.24446,0.21991,0.90597,2.886,0.385,2.441,True
HC_06,healthy,3.0500000000000003,0.20526,0.22981,0.91963,1.461,-0.084,2.145,True
HC_06,healthy,3.06,0.25456,0.23614,0.90785,1.96,-0.913,2.102,True
HC_06,healthy,3.0700000000000003,0.21057,0.2411,0.90491,1.701,0.4,3.387,True
HC_06,healthy,3.08,0.22801,0.2035,0.90431,2.18,-0.141,3.613,True
HC_06,healthy,3.09,0.24602,0.21122,0.89598,2.447,-1.924,2.108,True
HC_06,healthy,3.1,0.22971,0.21814,0.93407,1.241,-0.623,1.251,True
HC_06,healthy,3.11,0.19247,0.21992,0.95041,1.82,-1.175,2.305,True
HC_06,healthy,3.12,0.21236,0.21465,0.93908,2.191,-1.519,1.448,True
HC_06,healthy,3.13,0.19639,0.25676,0.92935,0.261,0.051,1.876,True
HC_06,healthy,3.14,0.22184,0.21766,0.93474,1.708,-1.501,0.437,True
HC_06,healthy,3.15,0.21486,0.22334,0.94205,1.411,-1.779,2.724,True
HC_06,healthy,3.16,0.21628,0.21957,0.93619,2.377,-0.73,0.89,True
HC_06,healthy,3.17,0.19898,0.19179,0.9253,0.969,-0.399,0.938,True
HC_06,healthy,3.18,0.1929,0.22369,0.93298,0.323,-2.101,1.923,True
HC_06,healthy,3.19,0.19521,0.1919,0.95119,1.115,-0.546,1.466,True
HC_06,healthy,3.2,0.17369,0.1846,0.94612,0.724,-0.24,1.361,True
HC_06,healthy,3.21,0.19239,0.19905,0.9174,0.453,-2.284,2.012,True
HC_06,healthy,3.22,0.19692,0.22319,0.92451,-0.15,-0.89,0.84,True
HC_06,healthy,3.23,0.20161,0.18652,0.9512,-0.45,-1.931,0.593,True
HC_06,healthy,3.24,0.18883,0.19752,0.94312,0.714,-1.033,0.406,True
HC_06,healthy,3.25,0.22348,0.22024,0.92432,-1.132,-1.606,-0.117,True
HC_06,healthy,3.2600000000000002,0.17544,0.20293,0.94078,-1.454,-0.732,-0.096,True
HC_06,healthy,3.27,0.17444,0.20687,0.90607,-1.349,-2.199,-0.427,True
HC_06,healthy,3.2800000000000002,0.2192,0.21084,0.9741,0.103,-0.85,-0.092,True
HC_06,healthy,3.29,0.16795,0.19153,0.91548,-1.942,-1.659,0.933,True
HC_06,healthy,3.3000000000000003,0.17574,0.20729,0.92663,1.355,-0.61,0.417,True
HC_06,healthy,3.31,0.18228,0.20382,0.92868,-0.861,-1.246,-2.138,True
HC_06,healthy,3.3200000000000003,0.21413,0.19789,0.94948,0.399,-0.405,-1.327,True
HC_06,healthy,3.33,0.21348,0.18917,0.93735,0.606,-0.358,-0.263,True
HC_06,healthy,3.34,0.20254,0.22031,0.9365,0.066,-1.065,0.121,True
HC_06,healthy,3.35,0.19215,0.20317,0.91328,-1.875,-1.672,-1.688,True
HC_06,healthy,3.36,0.17796,0.21035,0.92158,-0.567,-1.463,-1.211,True
HC_06,healthy,3.37,0.17527,0.22595,0.93276,-0.765,-0.07,-0.725,True
HC_06,healthy,3.38,0.22406,0.22116,0.91652,0.095,-0.73,-1.986,True
HC_06,healthy,3.39,0.16376,0.22493,0.92939,-1.844,-0.805,-0.989,True
HC_06,healthy,3.4,0.20102,0.21162,0.92031,-0.321,-0.869,-2.077,True
HC_06,healthy,3.41,0.18789,0.23889,0.94645,-2.765,-1.001,-1.571,True
HC_06,healthy,3.42,0.16463,0.22345,0.91029,-1.387,0.872,-0.401,True
HC_06,healthy,3.43,0.19222,0.21415,0.93073,-2.192,-0.421,0.084,True
HC_06,healthy,3.44,0.20448,0.22297,0.93215,-1.682,-0.597,-1.578,True
HC_06,healthy,3.45,0.18503,0.18564,0.92674,-0.246,-1.536,-0.417,True
HC_06,healthy,3.46,0.16744,0.23434,0.95955,-1.139,-0.139,-0.737,True
HC_06,healthy,3.47,0.18856,0.21249,0.93989,0.564,-0.795,-0.36,True
HC_06,healthy,3.48,0.19677,0.23917,0.94893,-0.962,0.419,-0.755,True
HC_06,healthy,3.49,0.19753,0.23416,0.92582,-1.208,0.052,-1.018,True
HC_06,healthy,3.5,0.19478,0.22493,0.93542,1.004,0.899,-1.805,True
HC_06,healthy,3.5100000000000002,0.15272,0.20159,0.91258,-0.275,-1.039,-0.839,True
HC_06,healthy,3.52,0.14799,0.23259,0.91681,0.38,-0.574,-0.222,True
HC_06,healthy,3.5300000000000002,0.16564,0.23398,0.92473,-2.035,-0.876,-0.108,True
HC_06,healthy,3.54,0.18033,0.22974,0.91231,0.663,-0.812,-0.588,True
HC_06,healthy,3.5500000000000003,0.19982,0.20567,0.93784,-0.345,-0.203,0.519,True
HC_06,healthy,3.56,0.19023,0.2306,0.94731,-0.563,-0.436,-1.203,True
HC_06,healthy,3.5700000000000003,0.19484,0.23916,0.95555,-1.624,1.013,0.123,True
HC_06,healthy,3.58,0.15094,0.24462,0.93884,-0.991,-0.061,0.511,True
HC_06,healthy,3.59,0.16486,0.20324,0.94016,0.687,0.993,0.16,True
HC_06,healthy,3.6,0.20261,0.22326,0.93803,-0.592,-1.379,-0.65,True
HC_06,healthy,3.61,0.19203,0.19058,0.92186,-0.927,-1.092,0.253,True
HC_06,healthy,3.62,0.19533,0.24176,0.95027,-0.842,-0.076,-0.471,True
HC_06,healthy,3.63,0.17883,0.22413,0.935,-0.557,0.365,1.245,True
HC_06,healthy,3.64,0.20424,0.22203,0.93704,-0.373,0.612,-0.815,True
HC_06,healthy,3.65,0.1961,0.23085,0.91808,0.51,0.213,0.64,True
HC_06,healthy,3.66,0.18382,0.24163,0.96022,0.937,0.054,0.477,True
HC_06,healthy,3.67,0.16813,0.22769,0.95138,-0.096,-0.591,-0.999,True
HC_06,healthy,3.68,0.17956,0.21788,0.9292,-0.957,0.948,1.414,True
HC_06,healthy,3.69,0.18445,0.24193,0.93984,-0.637,-0.055,-0.264,True
HC_06,healthy,3.7,0.21629,0.22197,0.93041,-0.284,-0.289,0.108,True
HC_06,healthy,3.71,0.18966,0.23985,0.90978,-0.882,1.084,-0.565,True
HC_06,healthy,3.72,0.18156,0.23861,0.90618,0.974,-0.146,0.106,True
HC_06,healthy,3.73,0.18354,0.20148,0.91629,0.094,-0.199,0.258,True
HC_06,healthy,3.74,0.16859,0.23004,0.90707,-0.747,-0.66,0.509,True
HC_06,healthy,3.75,0.16084,0.22168,0.92138,-1.116,1.062,1.351,True
HC_06,healthy,3.7600000000000002,0.18644,0.23317,0.95403,0.203,-1.104,0.303,True
HC_06,healthy,3.77,0.18546,0.21096,0.92918,1.649,1.242,-0.471,True
HC_06,healthy,3.7800000000000002,0.15674,0.21265,0.93097,-0.489,1.016,-0.9,True
HC_06,healthy,3.79,0.18683,0.23804,0.94468,0.158,0.597,0.344,True
HC_06,healthy,3.8000000000000003,0.18863,0.20615,0.93036,1.13,0.03,0.986,True
HC_06,healthy,3.81,0.20256,0.22674,0.92361,0.241,1.377,0.792,True
HC_06,healthy,3.8200000000000003,0.19825,0.22629,0.92709,-1.259,0.512,-0.571,True
HC_06,healthy,3.83,0.17454,0.22267,0.9017,1.329,0.357,-0.354,True
HC_06,healthy,3.84,0.19662,0.24057,0.92495,0.964,-0.078,-0.773,True
HC_06,healthy,3.85,0.19319,0.22538,0.93819,1.084,-0.706,-0.612,True
HC_06,healthy,3.86,0.16153,0.23555,0.92628,0.562,-1.294,1.308,True
HC_06,healthy,3.87,0.19411,0.22833,0.91092,0.301,-0.38,-0.003,True
HC_06,healthy,3.88,0.15814,0.22159,0.92598,1.023,-0.799,-0.109,True
HC_06,healthy,3.89,0.18276,0.22682,0.94828,-0.738,-0.246,-1.962,True
HC_06,healthy,3.9,0.17548,0.21677,0.95637,-1.098,1.613,1.131,True
HC_06,healthy,3.91,0.17441,0.19326,0.9368,0.749,-0.348,-0.252,True
HC_06,healthy,3.92,0.20646,0.18618,0.93971,-1.286,0.918,-0.307,True
HC_06,healthy,3.93,0.18705,0.19354,0.92705,1.48,0.315,0.86,True
HC_06,healthy,3.94,0.21324,0.2106,0.91919,-1.691,-0.09,0.516,True
HC_06,healthy,3.95,0.1775,0.21634,0.91522,0.782,-0.558,0.56,True
HC_06,healthy,3.96,0.21632,0.23057,0.91275,-0.294,-1.42,-1.25,True
HC_06,healthy,3.97,0.18418,0.2259,0.94464,1.147,0.637,0.533,True
HC_06,healthy,3.98,0.20092,0.21399,0.94433,1.569,0.829,0.507,True
HC_06,healthy,3.99,0.18495,0.19197,0.93398,0.76,0.882,-0.212,True
HC_06,healthy,4.0,0.15854,0.19788,0.93281,-0.445,1.078,1.969,True
HC_06,healthy,4.01,0.23298,0.19806,0.93601,0.116,0.544,-0.17,True
HC_06,healthy,4.0200000000000005,0.17852,0.21386,0.94303,0.359,-1.092,-0.48,True
HC_06,healthy,4.03,0.18203,0.19017,0.92511,-0.509,-1.028,0.821,True
HC_06,healthy,4.04,0.17621,0.21038,0.96907,0.739,-0.338,0.918,True
HC_06,healthy,4.05,0.18001,0.2058,0.91579,0.706,0.062,1.458,True
HC_06,healthy,4.0600000000000005,0.16465,0.17921,0.9272,0.648,0.043,0.336,True
HC_06,healthy,4.07,0.16261,0.20544,0.92877,-1.242,0.425,0.51,True
HC_06,healthy,4.08,0.14745,0.21097,0.94595,-0.612,-0.802,1.19,True
HC_06,healthy,4.09,0.17412,0.2202,0.93609,0.684,0.174,0.39,True
HC_06,healthy,4.1,0.19265,0.21263,0.92746,0.393,-0.587,1.005,True
HC_06,healthy,4.11,0.2003,0.20608,0.92944,0.0,-0.517,0.936,True
HC_06,healthy,4.12,0.18152,0.21012,0.93163,0.379,-1.34,0.747,True
HC_06,healthy,4.13,0.16958,0.21097,0.95103,0.104,-0.481,-1.148,True
HC_06,healthy,4.14,0.15872,0.19461,0.90508,-0.192,-0.37,0.265,True
HC_06,healthy,4.15,0.17946,0.21582,0.9291,0.099,-1.239,-0.095,True
HC_06,healthy,4.16,0.17254,0.18374,0.93126,0.471,-0.122,-0.071,True
HC_06,healthy,4.17,0.17644,0.2127,0.94754,-1.363,-0.914,1.235,True
HC_06,healthy,4.18,0.16632,0.1924,0.96256,0.557,-0.343,0.759,True
HC_06,healthy,4.19,0.18157,0.19364,0.93373,-0.148,-2.156,-1.506,True
HC_06,healthy,4.2,0.16716,0.20813,0.89532,0.412,-1.007,-0.342,True
HC_06,healthy,4.21,0.14898,0.21674,0.91194,-2.109,-2.29,-0.035,True
HC_06,healthy,4.22,0.18478,0.22337,0.93351,-0.09,-1.316,-0.158,True
HC_06,healthy,4.23,0.18513,0.22061,0.91645,-1.258,-1.2,-0.882,True
HC_06,healthy,4.24,0.14745,0.20314,0.96285,-0.357,-1.229,-2.027,True
HC_06,healthy,4.25,0.16154,0.19564,0.93312,-0.193,-1.395,-0.306,True
HC_06,healthy,4.26,0.17956,0.20517,0.92292,1.011,-1.88,-0.365,True
HC_06,healthy,4.2700000000000005,0.17383,0.20476,0.90781,-0.664,-1.529,-2.281,True
HC_06,healthy,4.28,0.1377,0.2101,0.93492,-0.595,-1.01,-1.563,True
HC_06,healthy,4.29,0.14488,0.18156,0.92991,0.938,-1.175,-1.627,True
HC_06,healthy,4.3,0.17882,0.2238,0.9272,-1.469,-0.994,-0.663,True
HC_06,healthy,4.3100000000000005,0.12774,0.1927,0.95442,-2.219,-1.098,-2.938,True
HC_06,healthy,4.32,0.14023,0.19742,0.93776,-1.503,-1.109,-0.629,True
HC_06,healthy,4.33,0.16853,0.18831,0.95601,-0.968,-0.25,-1.066,True
HC_06,healthy,4.34,0.14347,0.20147,0.94144,-1.537,-1.365,-1.197,True
HC_06,healthy,4.3500000000000005,0.14157,0.18017,0.91199,-1.617,-0.831,-1.658,True
HC_06,healthy,4.36,0.14316,0.19346,0.93164,-3.862,-0.504,-2.856,True
HC_06,healthy,4.37,0.14812,0.19263,0.93632,-1.544,-0.219,-1.741,True
HC_06,healthy,4.38,0.15265,0.1984,0.94095,-2.288,-1.569,-2.533,True
HC_06,healthy,4.39,0.12483,0.23745,0.93043,-1.775,-0.253,-2.813,True
HC_06,healthy,4.4,0.15461,0.17085,0.95614,-2.776,0.557,-3.036,True
HC_06,healthy,4.41,0.13637,0.19905,0.9441,-3.995,-0.706,-3.145,True
HC_06,healthy,4.42,0.1063,0.20198,0.95229,-3.049,-0.088,-4.521,True
HC_06,healthy,4.43,0.13765,0.23037,0.94485,-1.713,-0.219,-3.154,True
HC_06,healthy,4.44,0.13871,0.23558,0.95694,-2.301,1.452,-4.092,True
HC_06,healthy,4.45,0.13216,0.22453,0.92186,-3.583,0.015,-2.703,True
HC_06,healthy,4.46,0.15113,0.21162,0.94069,-2.402,1.174,-2.894,True
HC_06,healthy,4.47,0.12485,0.23944,0.95262,-3.709,2.7,-2.905,True
HC_06,healthy,4.48,0.11209,0.23933,0.97166,-1.752,1.821,-1.979,True
HC_06,healthy,4.49,0.15736,0.2038,0.9618,-3.577,1.717,-2.046,True
HC_06,healthy,4.5,0.13901,0.22424,0.97028,-3.705,-0.221,-3.088,True
HC_06,healthy,4.51,0.11966,0.24062,0.95867,-1.902,0.617,-4.955,True
HC_06,healthy,4.5200000000000005,0.12308,0.23807,0.96981,-3.851,2.724,-2.817,True
HC_06,healthy,4.53,0.11288,0.23027,0.97906,-4.328,1.736,-2.553,True
HC_06,healthy,4.54,0.13815,0.22597,0.97099,-1.947,2.033,-2.245,True
HC_06,healthy,4.55,0.15751,0.20966,0.98109,-2.338,0.902,-1.46,True
HC_06,healthy,4.5600000000000005,0.13427,0.25348,0.96832,-2.162,3.58,-2.134,True
HC_06,healthy,4.57,0.1372,0.23818,0.95457,-2.027,2.978,-2.091,True
HC_06,healthy,4.58,0.16772,0.21974,0.96815,-2.0,2.456,-1.833,True
HC_06,healthy,4.59,0.14133,0.22353,0.93374,-1.857,3.826,-0.642,True
HC_06,healthy,4.6000000000000005,0.16384,0.2476,0.95446,0.12,3.043,-1.251,True
HC_06,healthy,4.61,0.15069,0.24439,0.97162,-1.349,2.471,0.475,True
HC_06,healthy,4.62,0.12518,0.25306,0.95317,-1.021,3.611,-1.184,True
HC_06,healthy,4.63,0.12271,0.27105,0.95242,-0.775,1.748,-0.39,True
HC_06,healthy,4.64,0.15825,0.24737,0.93573,-0.678,1.698,0.658,True
HC_06,healthy,4.65,0.18358,0.25859,0.95122,-0.266,3.075,1.185,True
HC_06,healthy,4.66,0.17665,0.24542,0.96247,0.781,3.212,1.272,True
HC_06,healthy,4.67,0.16,0.24296,0.92146,0.283,2.526,-0.16,True
HC_06,healthy,4.68,0.18277,0.24219,0.9484,0.976,2.766,0.715,True
HC_06,healthy,4.69,0.14158,0.25053,0.93611,1.076,3.884,1.585,True
HC_06,healthy,4.7,0.18898,0.24174,0.93284,2.378,3.101,2.049,True
HC_06,healthy,4.71,0.18067,0.26004,0.92223,2.821,2.052,1.871,True
HC_06,healthy,4.72,0.20651,0.247,0.92374,1.842,3.024,2.8,True
HC_06,healthy,4.73,0.20599,0.23899,0.92575,3.324,2.996,3.02,True
HC_06,healthy,4.74,0.18483,0.21761,0.92344,2.761,3.324,3.5,True
HC_06,healthy,4.75,0.2177,0.2786,0.93878,2.212,3.212,4.517,True
HC_06,healthy,4.76,0.18366,0.23917,0.91154,3.46,4.097,4.192,True
HC_06,healthy,4.7700000000000005,0.18938,0.22891,0.88224,3.192,3.546,5.483,True
HC_06,healthy,4.78,0.20664,0.21949,0.92741,4.46,3.232,4.43,True
HC_06,healthy,4.79,0.20393,0.24259,0.89785,5.208,2.267,7.296,True
HC_06,healthy,4.8,0.21465,0.25825,0.89016,5.841,3.426,6.901,True
HC_06,healthy,4.8100000000000005,0.2022,0.22399,0.91381,6.048,1.709,4.431,True
HC_06,healthy,4.82,0.24578,0.21832,0.93458,5.77,2.702,7.654,True
HC_06,healthy,4.83,0.21497,0.24418,0.90188,5.056,0.799,6.341,True
HC_06,healthy,4.84,0.22359,0.2161,0.90221,6.202,2.439,5.609,True
HC_06,healthy,4.8500000000000005,0.2443,0.21071,0.9115,6.964,0.054,7.285,True
HC_06,healthy,4.86,0.23358,0.21584,0.89963,6.33,-1.071,8.071,True
HC_06,healthy,4.87,0.21989,0.2097,0.9243,6.824,1.215,7.368,True
HC_06,healthy,4.88,0.23427,0.19685,0.91161,5.948,0.068,8.045,True
HC_06,healthy,4.89,0.21247,0.16277,0.94428,7.196,0.557,7.664,True
HC_06,healthy,4.9,0.22918,0.17847,0.93905,7.736,0.058,7.132,True
HC_06,healthy,4.91,0.2423,0.19155,0.92974,6.426,-0.238,7.068,True
HC_06,healthy,4.92,0.22578,0.21418,0.97477,5.804,0.49,7.822,True
HC_06,healthy,4.93,0.21741,0.15725,0.93241,7.265,-3.173,8.605,True
HC_06,healthy,4.94,0.22516,0.18342,0.9637,6.773,-1.565,8.433,True
HC_06,healthy,4.95,0.23745,0.17506,0.95365,8.043,-2.531,6.627,True
HC_06,healthy,4.96,0.19985,0.16037,0.94482,6.193,-2.821,8.036,True
HC_06,healthy,4.97,0.18887,0.16383,0.96343,8.051,-4.798,8.035,True
HC_06,healthy,4.98,0.22891,0.13209,0.9407,4.99,-2.544,7.231,True
HC_06,healthy,4.99,0.2381,0.14277,0.95523,5.96,-4.175,6.382,True
HC_06,healthy,5.0,0.2222,0.14737,0.98236,5.425,-4.826,6.699,True
HC_06,healthy,5.01,0.21825,0.14903,0.98355,5.722,-4.132,5.481,True
HC_06,healthy,5.0200000000000005,0.22013,0.10591,0.97426,4.532,-4.538,6.013,True
HC_06,healthy,5.03,0.18685,0.13382,0.97919,4.6,-6.811,4.186,True
HC_06,healthy,5.04,0.20967,0.13047,0.99558,3.923,-7.028,4.607,True
HC_06,healthy,5.05,0.19842,0.12002,0.98464,3.628,-5.516,3.013,True
HC_06,healthy,5.0600000000000005,0.20053,0.13512,0.99962,2.813,-4.397,3.304,True
HC_06,healthy,5.07,0.1703,0.13739,0.99698,3.229,-6.714,3.354,True
HC_06,healthy,5.08,0.17506,0.158,0.99755,2.462,-7.344,2.633,True
HC_06,healthy,5.09,0.16663,0.10693,0.98638,3.56,-5.711,1.853,True
HC_06,healthy,5.1000000000000005,0.14298,0.10031,1.00013,2.503,-7.225,0.402,True
HC_06,healthy,5.11,0.17076,0.12255,1.00073,-0.605,-6.741,1.413,True
HC_06,healthy,5.12,0.15468,0.12776,1.0443,-1.388,-7.26,0.735,True
HC_06,healthy,5.13,0.14087,0.11999,0.98881,-2.636,-7.258,-1.296,True
HC_06,healthy,5.14,0.13995,0.1329,1.00263,-2.168,-6.791,-0.611,True
HC_06,healthy,5.15,0.09848,0.12255,0.96529,-2.366,-7.617,-3.081,True
HC_06,healthy,5.16,0.09078,0.11313,0.99016,-2.747,-7.108,-1.291,True
HC_06,healthy,5.17,0.11473,0.12437,1.00974,-5.269,-8.109,-5.711,True
HC_06,healthy,5.18,0.09112,0.12032,0.99949,-4.556,-7.074,-4.588,True
HC_06,healthy,5.19,0.08335,0.12261,0.98753,-5.974,-6.034,-5.902,True
HC_06,healthy,5.2,0.07718,0.13594,0.99074,-6.22,-6.734,-6.965,True
HC_06,healthy,5.21,0.07225,0.12202,0.9929,-5.418,-7.086,-7.105,True
HC_06,healthy,5.22,0.08974,0.10884,0.96845,-6.617,-6.557,-8.729,True
HC_06,healthy,5.23,0.08524,0.15409,0.97195,-6.393,-6.305,-8.337,True
HC_06,healthy,5.24,0.06047,0.13615,0.97962,-6.788,-5.403,-8.997,True
HC_06,healthy,5.25,0.05575,0.13914,0.94871,-8.848,-6.077,-9.436,True
HC_06,healthy,5.26,0.04915,0.13944,0.95341,-9.181,-4.174,-9.271,True
HC_06,healthy,5.2700000000000005,0.01469,0.1616,0.97823,-9.433,-2.984,-11.283,True
HC_06,healthy,5.28,0.04222,0.153,0.94394,-9.042,-2.697,-11.287,True
HC_06,healthy,5.29,0.02684,0.1778,0.93162,-9.934,-2.009,-10.892,True
HC_06,healthy,5.3,0.03606,0.16317,0.91548,-11.144,-1.644,-11.998,True
HC_06,healthy,5.3100000000000005,-0.02031,0.1701,0.94769,-11.653,-1.556,-11.55,True
HC_06,healthy,5.32,0.02896,0.16394,0.93988,-11.491,-0.242,-11.899,True
HC_06,healthy,5.33,0.01875,0.18248,0.93146,-10.447,-0.508,-13.352,True
HC_06,healthy,5.34,0.01914,0.18718,0.91284,-12.046,-0.742,-13.076,True
HC_06,healthy,5.3500000000000005,0.00244,0.2123,0.90659,-11.422,-1.352,-14.343,True
HC_06,healthy,5.36,0.01135,0.19293,0.90094,-10.227,1.61,-12.564,True
HC_06,healthy,5.37,0.00728,0.17237,0.9026,-11.415,2.924,-12.953,True
HC_06,healthy,5.38,-0.0033,0.23697,0.88653,-11.48,2.517,-12.265,True
HC_06,healthy,5.39,0.00748,0.22933,0.92249,-10.934,3.232,-12.909,True
HC_06,healthy,5.4,-0.01912,0.20839,0.9132,-12.114,4.761,-11.892,True
HC_06,healthy,5.41,0.04323,0.21948,0.85047,-10.756,3.217,-12.295,True
HC_06,healthy,5.42,0.03251,0.22215,0.90807,-11.03,4.555,-12.619,True
HC_06,healthy,5.43,0.01833,0.26013,0.91004,-9.219,5.756,-11.717,True
HC_06,healthy,5.44,0.04238,0.25318,0.89437,-11.246,4.06,-11.742,True
HC_06,healthy,5.45,0.03868,0.27536,0.88494,-7.779,5.864,-10.078,True
HC_06,healthy,5.46,0.04124,0.26559,0.92383,-8.035,6.665,-9.709,True
HC_06,healthy,5.47,0.07228,0.29166,0.90813,-8.339,7.102,-8.504,True
HC_06,healthy,5.48,0.05381,0.26573,0.89696,-7.166,8.38,-8.277,True
HC_06,healthy,5.49,0.06125,0.28609,0.92066,-6.604,7.92,-9.185,True
HC_06,healthy,5.5,0.06763,0.25772,0.91675,-5.88,8.348,-6.65,True
HC_06,healthy,5.51,0.07303,0.28059,0.91408,-4.794,8.737,-6.041,True
HC_06,healthy,5.5200000000000005,0.09822,0.30131,0.94495,-4.823,8.808,-5.03,True
HC_06,healthy,5.53,0.08796,0.31507,0.94026,-3.584,8.933,-5.563,True
HC_06,healthy,5.54,0.07784,0.32392,0.93036,-1.415,9.69,-3.405,True
HC_06,healthy,5.55,0.0778,0.30811,0.92013,-1.066,8.658,-1.724,True
HC_06,healthy,5.5600000000000005,0.11412,0.30247,0.92307,-0.637,9.652,-2.855,True
HC_06,healthy,5.57,0.15244,0.32133,0.9617,-1.257,9.409,-1.339,True
HC_06,healthy,5.58,0.13279,0.3242,0.97288,1.248,9.861,-0.759,True
HC_06,healthy,5.59,0.15339,0.28556,0.98935,1.02,10.163,1.738,True
HC_06,healthy,5.6000000000000005,0.16,0.31562,0.96017,3.32,10.381,3.123,True
HC_06,healthy,5.61,0.17805,0.29232,0.99258,3.268,10.618,3.821,True
HC_06,healthy,5.62,0.15552,0.28466,1.00475,4.47,8.903,5.383,True
HC_06,healthy,5.63,0.18008,0.2966,0.98224,3.431,10.205,4.846,True
HC_06,healthy,5.64,0.22011,0.29722,0.99261,5.839,9.9,5.163,True
HC_06,healthy,5.65,0.21111,0.294,1.00257,5.724,9.499,5.978,True
HC_06,healthy,5.66,0.20839,0.32503,1.0212,6.581,8.636,7.71,True
HC_06,healthy,5.67,0.20505,0.31026,1.00176,8.291,7.387,9.683,True
HC_06,healthy,5.68,0.24811,0.30426,1.04228,8.505,8.393,10.559,True
HC_06,healthy,5.69,0.24368,0.2662,1.01671,8.963,8.4,10.633,True
HC_06,healthy,5.7,0.24327,0.25118,1.00088,10.4,7.671,11.851,True
HC_06,healthy,5.71,0.24206,0.25181,1.0204,12.096,5.794,12.282,True
HC_06,healthy,5.72,0.25775,0.27064,1.02444,11.536,6.522,11.817,True
HC_06,healthy,5.73,0.25679,0.26148,1.03644,12.169,5.681,14.219,True
HC_06,healthy,5.74,0.27402,0.24089,1.04067,13.587,5.08,14.185,True
HC_06,healthy,5.75,0.27438,0.2414,1.06912,12.27,5.012,14.446,True
HC_06,healthy,5.76,0.30297,0.22111,1.02746,14.52,3.954,15.646,True
HC_06,healthy,5.7700000000000005,0.28972,0.21356,1.01975,14.537,2.199,15.406,True
HC_06,healthy,5.78,0.27936,0.19688,1.02426,13.873,1.919,15.533,True
HC_06,healthy,5.79,0.28541,0.21266,1.04374,13.746,1.887,16.995,True
HC_06,healthy,5.8,0.3093,0.24471,1.02507,13.966,0.275,17.694,True
HC_06,healthy,5.8100000000000005,0.3142,0.18516,1.01139,16.108,0.29,17.398,True
HC_06,healthy,5.82,0.29048,0.16307,1.0363,13.77,0.141,16.773,True
HC_06,healthy,5.83,0.26395,0.16209,1.02344,15.666,-1.027,16.039,True
HC_06,healthy,5.84,0.28695,0.17063,0.98725,14.657,-3.017,16.782,True
HC_06,healthy,5.8500000000000005,0.26522,0.1663,0.98986,14.113,-2.609,16.26,True
HC_06,healthy,5.86,0.2826,0.16434,0.97185,13.085,-3.559,14.259,True
HC_06,healthy,5.87,0.26421,0.12508,0.99486,15.21,-4.76,16.367,True
HC_06,healthy,5.88,0.28603,0.13324,0.99176,13.228,-5.53,15.831,True
HC_06,healthy,5.89,0.24291,0.09832,0.97719,12.539,-4.626,13.63,True
HC_06,healthy,5.9,0.27192,0.11816,0.94968,11.842,-7.001,13.726,True
HC_06,healthy,5.91,0.24359,0.10939,0.95661,11.83,-6.773,12.432,True
HC_06,healthy,5.92,0.24429,0.10983,0.94457,11.138,-6.801,11.954,True
HC_06,healthy,5.93,0.2424,0.0906,0.95409,9.943,-6.88,11.403,True
HC_06,healthy,5.94,0.25797,0.08448,0.91393,10.697,-8.477,10.242,True
HC_06,healthy,5.95,0.2162,0.06972,0.91512,10.332,-9.18,9.509,True
HC_06,healthy,5.96,0.20108,0.05308,0.89909,9.323,-10.125,9.512,True
HC_06,healthy,5.97,0.21834,0.04718,0.90711,7.967,-10.537,8.492,True
HC_06,healthy,5.98,0.17858,0.06042,0.90465,6.994,-10.945,6.647,True
HC_06,healthy,5.99,0.17113,0.06651,0.9022,5.824,-10.407,6.595,True
HC_06,healthy,6.0,0.20289,0.03652,0.9004,4.653,-10.221,6.229,True
HC_06,healthy,6.01,0.14989,0.0665,0.89582,2.947,-10.943,2.542,True
HC_06,healthy,6.0200000000000005,0.16775,0.0573,0.91207,1.568,-11.107,2.191,True
HC_06,healthy,6.03,0.14746,0.0358,0.8821,2.419,-9.922,0.376,True
HC_06,healthy,6.04,0.12919,0.04488,0.87192,0.914,-10.742,0.833,True
HC_06,healthy,6.05,0.12086,0.05148,0.88234,0.415,-11.106,-0.452,True
HC_06,healthy,6.0600000000000005,0.12552,0.03035,0.88389,-1.397,-11.873,-3.635,True
HC_06,healthy,6.07,0.11314,0.03323,0.89612,-2.613,-10.739,-2.749,True
HC_06,healthy,6.08,0.0708,0.07151,0.88597,-3.786,-12.303,-3.454,True
HC_06,healthy,6.09,0.06513,0.03782,0.88458,-4.689,-11.479,-4.876,True
HC_06,healthy,6.1000000000000005,0.05157,0.08952,0.91155,-6.858,-11.63,-6.854,True
HC_06,healthy,6.11,0.04782,0.05689,0.88394,-7.159,-10.633,-7.526,True
HC_06,healthy,6.12,0.03937,0.05408,0.93479,-9.537,-11.241,-8.356,True
HC_06,healthy,6.13,0.01973,0.05124,0.92141,-9.585,-9.612,-8.312,True
HC_06,healthy,6.140000000000001,0.01837,0.07988,0.91494,-9.533,-10.381,-9.713,True
HC_06,healthy,6.15,-0.0042,0.07038,0.95797,-10.839,-8.937,-12.577,True
HC_06,healthy,6.16,-0.02409,0.08231,0.94784,-10.616,-8.857,-11.863,True
HC_06,healthy,6.17,-0.02051,0.08713,0.91577,-11.087,-7.27,-13.895,True
HC_06,healthy,6.18,-0.03108,0.10417,0.93744,-13.525,-7.15,-13.225,True
HC_06,healthy,6.19,-0.02982,0.10454,0.96237,-12.19,-7.166,-16.911,True
HC_06,healthy,6.2,-0.03868,0.11524,0.96397,-13.444,-5.614,-15.072,True
HC_06,healthy,6.21,-0.07035,0.12532,0.96948,-13.602,-5.223,-14.033,True
HC_06,healthy,6.22,-0.01755,0.10859,0.98476,-15.435,-3.902,-16.579,True
HC_06,healthy,6.23,-0.05073,0.12238,0.99638,-14.6,-2.782,-16.707,True
HC_06,healthy,6.24,-0.05239,0.1566,0.98167,-14.968,-2.629,-18.625,True
HC_06,healthy,6.25,-0.03845,0.1559,1.01455,-14.689,-1.565,-15.743,True
HC_06,healthy,6.26,-0.07028,0.16012,1.01533,-15.316,-0.576,-16.886,True
HC_06,healthy,6.2700000000000005,-0.09254,0.20149,1.00608,-16.39,-0.995,-16.733,True
HC_06,healthy,6.28,-0.06966,0.17488,1.0091,-16.813,-1.016,-16.763,True
HC_06,healthy,6.29,-0.0774,0.18863,1.01615,-16.885,1.351,-19.065,True
HC_06,healthy,6.3,-0.06985,0.2197,1.02843,-16.73,2.171,-17.481,True
HC_06,healthy,6.3100000000000005,-0.04213,0.2236,1.05078,-15.706,2.873,-16.734,True
HC_06,healthy,6.32,-0.0597,0.2293,1.03997,-15.502,2.812,-18.328,True
HC_06,healthy,6.33,-0.05138,0.22229,1.04312,-14.68,3.633,-16.919,True
HC_06,healthy,6.34,-0.04344,0.24617,1.03736,-14.908,5.359,-16.192,True
HC_06,healthy,6.3500000000000005,-0.04629,0.2198,1.0422,-13.583,6.51,-15.828,True
HC_06,healthy,6.36,-0.04375,0.25375,1.04928,-13.86,5.65,-15.807,True
HC_06,healthy,6.37,-0.04329,0.28831,1.06146,-12.78,6.789,-16.194,True
HC_06,healthy,6.38,-0.0083,0.27438,1.05647,-11.868,6.511,-14.078,True
HC_06,healthy,6.390000000000001,-0.04515,0.24064,1.05161,-13.457,9.093,-12.882,True
HC_06,healthy,6.4,0.00108,0.28259,1.03687,-9.731,9.434,-9.641,True
HC_06,healthy,6.41,-0.01804,0.27907,1.05391,-8.731,10.855,-10.07,True
HC_06,healthy,6.42,0.00363,0.30734,1.04181,-9.725,9.238,-10.458,True
HC_06,healthy,6.43,0.01363,0.30047,1.02165,-7.139,8.955,-9.698,True
HC_06,healthy,6.44,0.04552,0.27867,1.02277,-7.547,9.539,-8.316,True
HC_06,healthy,6.45,0.06287,0.33802,1.02932,-5.966,10.661,-6.594,True
HC_06,healthy,6.46,0.04309,0.32161,1.00831,-4.934,11.667,-5.539,True
HC_06,healthy,6.47,0.05177,0.33755,0.99453,-4.328,12.057,-4.991,True
HC_06,healthy,6.48,0.07329,0.30656,0.9991,-2.748,12.218,-4.016,True
HC_06,healthy,6.49,0.08991,0.32081,0.99182,-2.222,10.938,-2.651,True
HC_06,healthy,6.5,0.10114,0.29487,0.95626,-0.003,11.685,0.171,True
HC_06,healthy,6.51,0.11356,0.30934,0.96286,-0.841,11.311,0.424,True
HC_06,healthy,6.5200000000000005,0.13332,0.30821,0.98532,2.367,12.406,2.167,True
HC_06,healthy,6.53,0.1202,0.31466,0.96005,0.549,10.387,3.687,True
HC_06,healthy,6.54,0.15624,0.31324,0.9437,4.508,11.889,2.406,True
HC_06,healthy,6.55,0.16137,0.35196,0.92569,4.618,12.13,4.956,True
HC_06,healthy,6.5600000000000005,0.16615,0.33528,0.92905,4.966,11.014,6.61,True
HC_06,healthy,6.57,0.18144,0.30063,0.97728,6.382,10.997,6.521,True
HC_06,healthy,6.58,0.15198,0.31638,0.92292,7.7,10.216,7.927,True
HC_06,healthy,6.59,0.21514,0.30342,0.9045,8.557,9.843,11.044,True
HC_06,healthy,6.6000000000000005,0.22682,0.28783,0.87758,8.635,9.211,9.863,True
HC_06,healthy,6.61,0.21009,0.26141,0.90631,8.729,7.325,10.414,True
HC_06,healthy,6.62,0.19468,0.28724,0.92508,10.288,8.559,10.199,True
HC_06,healthy,6.63,0.22187,0.27119,0.88868,11.24,8.027,13.264,True
HC_06,healthy,6.640000000000001,0.21748,0.28126,0.91848,10.734,7.106,12.713,True
HC_06,healthy,6.65,0.22533,0.2469,0.91398,10.938,6.147,12.649,True
HC_06,healthy,6.66,0.26486,0.23437,0.92551,13.691,5.259,14.489,True
HC_06,healthy,6.67,0.25927,0.24993,0.93083,13.809,5.701,15.023,True
HC_06,healthy,6.68,0.27487,0.22729,0.91758,13.382,4.361,18.147,True
HC_06,healthy,6.69,0.25012,0.22699,0.89418,13.438,3.992,16.832,True
HC_06,healthy,6.7,0.28222,0.22926,0.89469,14.385,2.484,15.999,True
HC_06,healthy,6.71,0.2716,0.21595,0.89897,15.246,1.713,16.189,True
HC_06,healthy,6.72,0.26169,0.17925,0.90848,13.651,2.259,16.827,True
HC_06,healthy,6.73,0.24668,0.2172,0.90125,14.778,1.224,17.105,True
HC_06,healthy,6.74,0.25537,0.15985,0.91203,14.888,-1.211,16.113,True
HC_06,healthy,6.75,0.26674,0.18926,0.90464,14.519,-1.497,15.141,True
HC_06,healthy,6.76,0.26756,0.16929,0.94927,13.843,-2.315,15.053,True
HC_06,healthy,6.7700000000000005,0.25411,0.15013,0.93261,14.044,-2.187,15.298,True
HC_06,healthy,6.78,0.25763,0.13927,0.96692,13.58,-2.996,15.231,True
HC_06,healthy,6.79,0.23121,0.14275,0.96786,12.818,-3.286,15.74,True
HC_06,healthy,6.8,0.25706,0.14922,0.98298,13.091,-4.591,15.02,True
HC_06,healthy,6.8100000000000005,0.24196,0.09675,0.97852,12.729,-3.496,15.133,True
HC_06,healthy,6.82,0.24122,0.09347,0.97212,11.871,-4.846,13.466,True
HC_06,healthy,6.83,0.22646,0.14044,0.97134,10.79,-6.904,12.688,True
HC_06,healthy,6.84,0.21118,0.10511,0.9511,10.95,-5.752,11.893,True
HC_06,healthy,6.8500000000000005,0.18815,0.0814,0.97624,9.322,-7.324,10.699,True
HC_06,healthy,6.86,0.22302,0.08399,0.97941,8.865,-8.387,11.339,True
HC_06,healthy,6.87,0.222,0.09787,1.02596,8.747,-7.797,8.707,True
HC_06,healthy,6.88,0.21466,0.09347,1.0234,7.82,-7.145,10.49,True
HC_06,healthy,6.890000000000001,0.18162,0.07093,1.02144,7.845,-9.727,8.067,True
HC_06,healthy,6.9,0.19701,0.0735,1.02659,5.436,-8.154,5.511,True
HC_06,healthy,6.91,0.17491,0.05911,1.0474,6.227,-9.194,6.474,True
HC_06,healthy,6.92,0.15021,0.082,1.03885,3.916,-10.242,4.352,True
HC_06,healthy,6.93,0.13883,0.06479,1.02953,3.058,-10.164,5.613,True
HC_06,healthy,6.94,0.14808,0.04687,1.0482,1.356,-9.41,4.591,True
HC_06,healthy,6.95,0.12756,0.07726,1.03616,1.551,-9.942,2.986,True
HC_06,healthy,6.96,0.14943,0.03914,1.03617,1.387,-10.767,2.28,True
HC_06,healthy,6.97,0.0942,0.05688,1.05711,0.162,-9.974,0.007,True
HC_06,healthy,6.98,0.12728,0.05584,1.02585,-1.156,-8.955,1.229,True
HC_06,healthy,6.99,0.09149,0.04632,1.03278,-1.428,-7.888,-1.408,True
HC_06,healthy,7.0,0.06744,0.09155,1.03317,-1.607,-10.515,-1.891,True
HC_06,healthy,7.01,0.06568,0.06755,0.99454,-4.321,-9.324,-4.602,True
HC_06,healthy,7.0200000000000005,0.08825,0.07857,1.01889,-3.986,-8.729,-2.972,True
HC_06,healthy,7.03,0.04754,0.06838,1.02225,-4.773,-8.293,-5.557,True
HC_06,healthy,7.04,0.04371,0.06694,1.04086,-4.693,-8.764,-7.393,True
HC_06,healthy,7.05,0.03671,0.08349,0.99109,-5.112,-6.196,-7.613,True
HC_06,healthy,7.0600000000000005,0.01314,0.07472,1.00921,-6.726,-7.363,-6.396,True
HC_06,healthy,7.07,0.03471,0.08826,1.00979,-6.949,-5.841,-8.977,True
HC_06,healthy,7.08,0.0229,0.09879,1.00119,-7.969,-7.252,-10.619,True
HC_06,healthy,7.09,0.03293,0.06431,0.99141,-6.41,-7.049,-9.919,True
HC_06,healthy,7.1000000000000005,0.00057,0.08454,0.991,-8.606,-4.765,-10.605,True
HC_06,healthy,7.11,0.00412,0.12829,0.97745,-8.82,-5.682,-9.695,True
HC_06,healthy,7.12,0.00971,0.12337,0.9895,-10.565,-3.895,-11.345,True
HC_06,healthy,7.13,0.01533,0.13137,0.96401,-9.597,-4.216,-9.912,True
HC_06,healthy,7.140000000000001,-0.02728,0.16121,0.99722,-11.698,-3.729,-12.104,True
HC_06,healthy,7.15,-0.01655,0.14659,0.97898,-10.944,-4.134,-12.326,True
HC_06,healthy,7.16,0.00322,0.14586,0.9276,-10.291,-2.708,-12.291,True
HC_06,healthy,7.17,-0.03036,0.14625,0.9536,-10.516,-1.212,-12.552,True
HC_06,healthy,7.18,-0.0337,0.15127,0.94904,-9.912,-1.724,-12.889,True
HC_06,healthy,7.19,-0.02149,0.16315,0.94471,-10.759,-2.016,-10.71,True
HC_06,healthy,7.2,-0.02285,0.18734,0.93028,-10.779,-2.937,-11.567,True
HC_06,healthy,7.21,-0.00426,0.15721,0.93674,-9.613,-0.84,-12.207,True
HC_06,healthy,7.22,-0.03272,0.1892,0.9676,-12.282,1.769,-11.362,True
HC_06,healthy,7.23,-0.01911,0.20792,0.92889,-10.98,0.436,-12.565,True
HC_06,healthy,7.24,-0.0375,0.20696,0.93222,-11.111,2.388,-11.547,True
HC_06,healthy,7.25,-0.00399,0.2032,0.95577,-10.498,1.142,-12.267,True
HC_06,healthy,7.26,0.0359,0.23324,0.90999,-9.489,3.16,-12.474,True
HC_06,healthy,7.2700000000000005,0.00391,0.25463,0.95746,-9.393,2.999,-9.787,True
HC_06,healthy,7.28,-0.01331,0.21777,0.91293,-9.237,3.804,-11.16,True
HC_06,healthy,7.29,0.01275,0.23258,0.92454,-10.007,3.342,-10.27,True
HC_06,healthy,7.3,0.00187,0.22238,0.95162,-7.991,5.124,-7.791,True
HC_06,healthy,7.3100000000000005,0.0244,0.23671,0.92938,-8.441,5.805,-9.048,True
HC_06,healthy,7.32,0.00696,0.24477,0.93102,-7.195,5.309,-9.205,True
HC_06,healthy,7.33,0.00684,0.22569,0.94439,-5.445,5.766,-6.171,True
HC_06,healthy,7.34,0.00633,0.25125,0.92399,-5.642,7.115,-8.454,True
HC_06,healthy,7.3500000000000005,0.00487,0.23799,0.95613,-4.937,6.234,-5.072,True
HC_06,healthy,7.36,0.04461,0.24374,0.95391,-4.961,5.701,-4.975,True
HC_06,healthy,7.37,0.05542,0.26271,0.97242,-4.329,6.027,-5.358,True
HC_06,healthy,7.38,0.01465,0.24253,0.93299,-3.879,5.566,-3.383,True
HC_06,healthy,7.390000000000001,0.06051,0.23454,0.95737,-2.882,5.574,-3.843,True
HC_06,healthy,7.4,0.08144,0.23104,0.94426,0.319,7.483,-3.73,True
HC_06,healthy,7.41,0.0861,0.26133,0.9705,-2.821,6.737,-2.553,True
HC_06,healthy,7.42,0.07749,0.28174,0.96584,-0.457,6.394,-0.174,True
HC_06,healthy,7.43,0.11172,0.25816,0.9745,0.368,6.149,-0.334,True
HC_06,healthy,7.44,0.06697,0.2307,0.95083,-0.471,5.898,-1.415,True
HC_06,healthy,7.45,0.09507,0.26992,0.97851,1.727,6.309,0.476,True
HC_06,healthy,7.46,0.09532,0.22558,0.9769,1.653,5.461,1.635,True
HC_06,healthy,7.47,0.09517,0.24548,0.99496,0.551,4.62,1.887,True
HC_06,healthy,7.48,0.13153,0.22728,1.00236,1.007,6.277,1.677,True
HC_06,healthy,7.49,0.13321,0.25026,1.00079,2.059,5.065,3.576,True
HC_06,healthy,7.5,0.1501,0.23179,0.99472,2.236,6.269,3.238,True
HC_06,healthy,7.51,0.11672,0.25131,0.99218,4.306,4.27,3.228,True
HC_06,healthy,7.5200000000000005,0.13893,0.22884,1.01058,3.546,3.662,5.183,True
HC_06,healthy,7.53,0.12495,0.22882,0.99666,5.215,5.101,4.52,True
HC_06,healthy,7.54,0.13113,0.21255,1.0409,4.294,4.768,4.741,True
HC_06,healthy,7.55,0.14734,0.22142,1.01231,5.898,4.909,5.943,True
HC_06,healthy,7.5600000000000005,0.17617,0.21366,1.01662,4.423,4.156,4.953,True
HC_06,healthy,7.57,0.16765,0.20075,1.04014,5.128,2.08,6.501,True
HC_06,healthy,7.58,0.16866,0.21261,1.00669,5.648,4.905,6.579,True
HC_06,healthy,7.59,0.17601,0.23343,1.00608,6.08,2.429,5.623,True
HC_06,healthy,7.6000000000000005,0.16715,0.22615,0.99502,7.404,2.246,6.719,True
HC_06,healthy,7.61,0.18364,0.18168,1.00166,6.973,1.881,6.704,True
HC_06,healthy,7.62,0.1698,0.17884,0.99579,6.412,2.343,7.378,True
HC_06,healthy,7.63,0.16283,0.1849,0.97721,6.519,1.068,7.53,True
HC_06,healthy,7.640000000000001,0.18116,0.19713,1.00197,5.549,1.757,7.075,True
HC_06,healthy,7.65,0.16526,0.16408,0.97231,5.28,-1.23,7.329,True
HC_06,healthy,7.66,0.15894,0.17836,0.99325,6.369,1.366,7.059,True
HC_06,healthy,7.67,0.1633,0.16136,0.98467,5.975,1.127,7.232,True
HC_06,healthy,7.68,0.16162,0.17853,1.01484,7.203,0.422,6.318,True
HC_06,healthy,7.69,0.16776,0.16929,0.98123,5.848,0.695,5.807,True
HC_06,healthy,7.7,0.16673,0.1817,0.98521,7.105,-2.48,6.705,True
HC_06,healthy,7.71,0.15757,0.16256,0.99773,5.351,-1.301,6.203,True
HC_06,healthy,7.72,0.16118,0.16057,0.97243,5.983,0.298,6.347,True
HC_06,healthy,7.73,0.17651,0.15879,0.98118,4.927,-1.229,5.499,True
HC_06,healthy,7.74,0.13754,0.14033,0.98305,4.8,-2.862,5.249,True
HC_06,healthy,7.75,0.14905,0.13992,0.98092,4.698,-2.566,5.916,True
HC_06,healthy,7.76,0.15034,0.15272,0.97984,4.871,-3.369,5.701,True
HC_06,healthy,7.7700000000000005,0.1289,0.12497,0.94171,4.299,-1.992,4.091,True
HC_06,healthy,7.78,0.14179,0.15469,0.96046,4.058,-3.763,4.781,True
HC_06,healthy,7.79,0.16212,0.14917,0.94915,3.851,-3.45,4.706,True
HC_06,healthy,7.8,0.11348,0.13019,0.95227,4.477,-3.25,4.712,True
HC_06,healthy,7.8100000000000005,0.13189,0.12133,0.99876,3.454,-3.077,3.771,True
HC_06,healthy,7.82,0.10829,0.17203,0.93767,1.289,-2.336,3.755,True
HC_06,healthy,7.83,0.12656,0.16477,0.98244,2.035,-2.791,1.982,True
HC_06,healthy,7.84,0.12642,0.13586,0.96593,1.646,-2.983,3.088,True
HC_06,healthy,7.8500000000000005,0.12621,0.1229,0.9742,2.008,-3.329,2.502,True
HC_06,healthy,7.86,0.10446,0.11367,0.93851,0.291,-2.909,2.456,True
HC_06,healthy,7.87,0.10658,0.13466,0.94279,1.002,-3.942,1.098,True
HC_06,healthy,7.88,0.0976,0.16482,0.94463,0.716,-2.714,0.557,True
HC_06,healthy,7.890000000000001,0.12885,0.14895,0.9337,0.217,-2.638,1.268,True
HC_06,healthy,7.9,0.11582,0.13718,0.94345,-0.232,-3.443,-1.271,True
HC_06,healthy,7.91,0.1127,0.13415,0.95987,-0.671,-2.311,-0.08,True
HC_06,healthy,7.92,0.08276,0.15198,0.93973,-0.383,-3.013,-1.922,True
HC_06,healthy,7.930000000000001,0.07313,0.146,0.97418,0.028,-1.963,-2.473,True
HC_06,healthy,7.94,0.09594,0.12815,0.9732,-0.803,-3.577,-1.485,True
HC_06,healthy,7.95,0.10126,0.1499,0.95156,-0.325,-3.451,-0.767,True
HC_06,healthy,7.96,0.06995,0.13849,0.95156,-1.215,-1.262,-1.887,True
HC_06,healthy,7.97,0.107,0.15722,0.97582,-2.496,-2.39,-1.288,True
HC_06,healthy,7.98,0.05371,0.12657,0.98315,-1.918,-3.819,-1.917,True
HC_06,healthy,7.99,0.08792,0.13032,0.94356,-4.27,-1.954,-3.975,True
HC_06,healthy,8.0,0.09572,0.18314,0.97304,-2.176,-1.958,-2.137,True
HC_06,healthy,8.01,0.08375,0.16517,0.97232,-1.325,-1.323,-2.43,True
HC_06,healthy,8.02,0.06244,0.13831,0.96548,-1.727,-0.976,-3.114,True
HC_06,healthy,8.03,0.08089,0.15123,0.97869,-1.307,-1.408,-1.825,True
HC_06,healthy,8.040000000000001,0.07867,0.15409,0.9305,-1.87,-1.276,-3.216,True
HC_06,healthy,8.05,0.0497,0.17671,0.97388,-2.997,-1.809,-3.783,True
HC_06,healthy,8.06,0.06762,0.14583,1.00246,-1.958,-1.14,-2.113,True
HC_06,healthy,8.07,0.04386,0.16713,0.97662,-2.711,-1.509,-3.615,True
HC_06,healthy,8.08,0.08384,0.15926,0.98401,-1.923,-0.121,-3.147,True
HC_06,healthy,8.09,0.07401,0.13922,0.96145,-2.812,0.431,-3.523,True
HC_06,healthy,8.1,0.07238,0.16124,0.95843,-2.015,-0.812,-1.749,True
HC_06,healthy,8.11,0.07806,0.17248,0.97584,-2.75,-1.206,-2.924,True
HC_06,healthy,8.120000000000001,0.09066,0.19814,0.97433,-1.948,-0.348,-2.276,True
HC_06,healthy,8.13,0.10786,0.2112,0.97757,-3.254,1.28,-2.859,True
HC_06,healthy,8.14,0.0686,0.17251,0.97589,-3.812,0.365,-2.675,True
HC_06,healthy,8.15,0.06571,0.22019,0.98158,-1.294,0.55,-3.799,True
HC_06,healthy,8.16,0.07697,0.16102,0.98937,-1.418,0.218,-3.478,True
HC_06,healthy,8.17,0.09027,0.20478,1.00944,-3.036,1.411,-2.217,True
HC_06,healthy,8.18,0.08203,0.16397,0.99523,-1.073,1.331,-2.806,True
HC_06,healthy,8.19,0.10553,0.1881,0.92681,-0.647,0.703,-2.069,True
HC_06,healthy,8.2,0.07857,0.18918,0.98917,-1.84,1.407,-1.815,True
HC_06,healthy,8.21,0.09235,0.18623,0.98002,-2.328,2.46,-1.855,True
HC_06,healthy,8.22,0.08587,0.16773,0.98765,-0.666,1.748,-0.683,True
HC_06,healthy,8.23,0.0876,0.17542,0.96874,0.333,0.121,-1.413,True
HC_06,healthy,8.24,0.07791,0.18543,0.97901,-2.877,0.787,-0.907,True
HC_06,healthy,8.25,0.06588,0.18972,0.97205,-1.767,1.156,-2.265,True
HC_06,healthy,8.26,0.10246,0.18911,0.96747,-0.981,0.85,-0.895,True
HC_06,healthy,8.27,0.10636,0.18339,0.98541,-0.85,0.104,0.192,True
HC_06,healthy,8.28,0.08778,0.16632,1.00298,-0.795,0.295,-0.586,True
HC_06,healthy,8.290000000000001,0.14389,0.16964,0.99848,-2.055,0.851,-1.194,True
HC_06,healthy,8.3,0.08795,0.19665,0.98572,-0.66,0.79,-0.816,True
HC_06,healthy,8.31,0.09716,0.18065,1.00229,-0.22,0.672,-0.145,True
HC_06,healthy,8.32,0.08954,0.18064,0.95731,-0.941,0.327,-1.947,True
HC_06,healthy,8.33,0.11632,0.19736,0.98535,-1.254,1.102,-0.836,True
HC_06,healthy,8.34,0.10628,0.2035,0.95725,-1.499,0.174,0.303,True
HC_06,healthy,8.35,0.12398,0.18382,0.96735,0.22,1.319,-0.15,True
HC_06,healthy,8.36,0.09974,0.16943,0.97169,2.308,1.005,-0.914,True
HC_06,healthy,8.370000000000001,0.14034,0.18511,0.96545,-0.622,0.269,-0.159,True
HC_06,healthy,8.38,0.10014,0.17803,0.95788,-0.28,0.586,-0.005,True
HC_06,healthy,8.39,0.07602,0.19492,0.93727,-2.322,0.186,-0.191,True
HC_06,healthy,8.4,0.09499,0.19012,0.98341,0.509,0.894,0.71,True
HC_06,healthy,8.41,0.10836,0.16843,0.97728,1.918,1.518,0.228,True
HC_06,healthy,8.42,0.13267,0.17067,0.96907,-0.19,-0.136,0.875,True
HC_06,healthy,8.43,0.10097,0.18749,0.99822,-0.497,-0.229,0.631,True
HC_06,healthy,8.44,0.10705,0.20577,0.95253,0.155,-0.166,0.579,True
HC_06,healthy,8.45,0.12392,0.19996,0.95521,0.709,1.184,-0.013,True
HC_06,healthy,8.46,0.11957,0.20001,0.96959,0.886,0.577,0.328,True
HC_06,healthy,8.47,0.11046,0.15698,0.97744,1.129,0.548,0.229,True
HC_06,healthy,8.48,0.09962,0.19643,0.96526,0.246,-2.11,1.155,True
HC_06,healthy,8.49,0.13332,0.21059,0.96982,-0.268,-0.313,0.247,True
HC_06,healthy,8.5,0.10978,0.20221,0.94769,-0.077,0.91,0.212,True
HC_06,healthy,8.51,0.09614,0.1664,1.00291,-0.714,0.077,0.151,True
HC_06,healthy,8.52,0.09275,0.16781,0.95243,0.505,0.359,0.319,True
HC_06,healthy,8.53,0.14106,0.21047,0.95973,1.17,1.703,1.043,True
HC_06,healthy,8.540000000000001,0.10164,0.18799,0.98699,-0.261,-0.962,0.288,True
HC_06,healthy,8.55,0.0942,0.187,0.98594,-0.865,0.153,0.127,True
HC_06,healthy,8.56,0.09681,0.18574,0.95553,1.005,0.41,0.51,True
HC_06,healthy,8.57,0.10327,0.15542,0.98445,0.886,-0.243,-2.183,True
HC_06,healthy,8.58,0.10461,0.18316,0.96959,0.06,-1.913,-0.792,True
HC_06,healthy,8.59,0.11823,0.1741,0.94806,-0.524,-0.178,0.379,True
HC_06,healthy,8.6,0.11671,0.19442,0.9846,0.755,-0.354,2.307,True
HC_06,healthy,8.61,0.11112,0.18073,0.93817,1.364,-0.037,-0.321,True
HC_06,healthy,8.620000000000001,0.09855,0.17519,0.97883,0.996,0.575,-0.232,True
HC_06,healthy,8.63,0.13369,0.19404,0.9427,0.879,0.307,0.286,True
HC_06,healthy,8.64,0.10642,0.15791,0.94011,0.889,0.022,-1.325,True
HC_06,healthy,8.65,0.10517,0.1858,0.97821,0.627,1.102,0.737,True
HC_06,healthy,8.66,0.10917,0.19754,0.98334,1.793,-0.012,-0.935,True
HC_06,healthy,8.67,0.10788,0.17493,0.97973,0.328,-0.434,-0.605,True
HC_06,healthy,8.68,0.09634,0.16931,0.96593,-0.535,-0.264,0.066,True
HC_06,healthy,8.69,0.11509,0.18948,0.95345,-1.066,-0.183,-0.742,True
HC_06,healthy,8.700000000000001,0.11506,0.202,0.98966,0.518,-1.816,0.191,True
HC_06,healthy,8.71,0.12001,0.17264,0.97836,0.765,0.307,0.306,True
HC_06,healthy,8.72,0.12101,0.17302,0.97999,-0.039,0.387,-0.243,True
HC_06,healthy,8.73,0.11084,0.20644,0.98038,-0.057,-1.091,-0.823,True
HC_06,healthy,8.74,0.08065,0.18101,0.97924,0.163,-0.064,0.811,True
HC_06,healthy,8.75,0.1333,0.19462,0.95515,-0.595,-0.335,0.23,True
HC_06,healthy,8.76,0.1269,0.17432,0.99134,-2.156,0.669,-0.029,True
HC_06,healthy,8.77,0.13571,0.16712,0.96493,-0.348,1.348,1.14,True
HC_06,healthy,8.78,0.11789,0.16681,0.96185,0.771,-0.168,0.549,True
HC_06,healthy,8.790000000000001,0.1057,0.17548,0.94166,2.061,0.928,0.589,True
HC_06,healthy,8.8,0.11593,0.18586,0.97813,0.345,1.458,-0.619,True
HC_06,healthy,8.81,0.09139,0.17357,0.96023,1.976,-1.05,-0.198,True
HC_06,healthy,8.82,0.11933,0.17372,0.98451,-1.135,0.212,1.014,True
HC_06,healthy,8.83,0.10844,0.1459,0.9749,-0.917,-1.547,0.12,True
HC_06,healthy,8.84,0.1243,0.17782,0.96396,0.228,0.108,-0.012,True
HC_06,healthy,8.85,0.11631,0.19689,0.97325,-0.708,0.883,-0.155,True
HC_06,healthy,8.86,0.13116,0.22143,0.9763,-1.762,-1.565,-0.687,True
HC_06,healthy,8.870000000000001,0.12193,0.17302,0.96138,0.69,-0.495,0.31,True
HC_06,healthy,8.88,0.12643,0.2168,0.94989,-1.855,-1.071,-0.413,True
HC_06,healthy,8.89,0.10109,0.15836,0.96609,1.592,-0.519,1.019,True
HC_06,healthy,8.9,0.14117,0.18411,0.95773,-0.317,-0.789,1.282,True
HC_06,healthy,8.91,0.135,0.18135,0.95145,-0.224,1.042,0.099,True
HC_06,healthy,8.92,0.10136,0.19371,0.94748,-0.302,-0.557,0.698,True
HC_06,healthy,8.93,0.07743,0.18245,0.94462,-1.13,-0.704,-0.746,True
HC_06,healthy,8.94,0.09915,0.17889,0.98176,0.389,0.04,-0.362,True
HC_06,healthy,8.950000000000001,0.11324,0.19122,0.99157,-2.05,-0.685,-0.982,True
HC_06,healthy,8.96,0.1127,0.19411,0.94342,-0.091,-1.257,-0.393,True
HC_06,healthy,8.97,0.13114,0.19082,0.97862,-1.333,0.968,-0.454,True
HC_06,healthy,8.98,0.09606,0.16919,0.96298,-0.72,0.2,-0.677,True
HC_06,healthy,8.99,0.14627,0.17951,0.96844,-0.186,-0.156,-0.392,True
HC_06,healthy,9.0,0.10915,0.1891,0.97885,2.068,-1.263,0.097,True
HC_06,healthy,9.01,0.09458,0.15831,0.96709,-1.508,1.828,-1.458,True
HC_06,healthy,9.02,0.10913,0.18274,0.95184,0.278,0.587,-0.932,True
HC_06,healthy,9.03,0.12894,0.17357,0.98469,1.524,0.763,0.901,True
HC_06,healthy,9.040000000000001,0.1175,0.19388,0.97095,-0.695,-1.651,-0.542,True
HC_06,healthy,9.05,0.10247,0.1786,0.96218,0.216,0.722,-0.678,True
HC_06,healthy,9.06,0.11195,0.19459,0.95919,-0.873,-0.166,-0.071,True
HC_06,healthy,9.07,0.14291,0.1815,0.96207,-2.463,0.917,-0.715,True
HC_06,healthy,9.08,0.11164,0.16392,0.94913,-0.932,0.175,-1.969,True
HC_06,healthy,9.09,0.10806,0.18337,0.97657,-0.861,0.79,-1.446,True
HC_06,healthy,9.1,0.11561,0.20109,0.97451,-0.373,0.157,0.668,True
HC_06,healthy,9.11,0.11923,0.19638,0.95873,0.462,0.883,-0.877,True
HC_06,healthy,9.120000000000001,0.10493,0.1964,0.98951,-0.357,0.938,-1.339,True
HC_06,healthy,9.13,0.10676,0.19679,0.96336,-1.192,0.043,-0.768,True
HC_06,healthy,9.14,0.10728,0.18774,0.96987,-0.403,0.359,-0.551,True
HC_06,healthy,9.15,0.12113,0.19498,0.9435,-0.669,0.856,-1.236,True
HC_06,healthy,9.16,0.13152,0.20347,0.96016,0.589,-0.377,-2.479,True
HC_06,healthy,9.17,0.11079,0.19686,0.95659,-0.622,-0.683,-1.214,True
HC_06,healthy,9.18,0.12345,0.18392,0.96408,-2.347,0.923,-0.205,True
HC_06,healthy,9.19,0.12087,0.1912,0.93621,-0.967,0.361,-0.738,True
HC_06,healthy,9.200000000000001,0.12177,0.18799,0.96897,-0.654,-0.182,-0.514,True
HC_06,healthy,9.21,0.12622,0.20012,0.97216,-0.483,-0.713,-1.363,True
HC_06,healthy,9.22,0.10338,0.18441,0.94615,-0.256,1.623,-0.711,True
HC_06,healthy,9.23,0.12193,0.20062,0.97607,-1.117,0.436,-1.63,True
HC_06,healthy,9.24,0.14787,0.15754,0.95265,-1.666,0.844,0.255,True
HC_06,healthy,9.25,0.10734,0.20507,0.94384,0.09,-0.065,-0.105,True
HC_06,healthy,9.26,0.10826,0.1655,0.95384,-0.279,1.241,-0.415,True
HC_06,healthy,9.27,0.1318,0.21612,0.97763,-0.466,0.734,-1.215,True
HC_06,healthy,9.28,0.13001,0.18973,0.95427,-0.144,1.693,0.447,True
HC_06,healthy,9.290000000000001,0.12348,0.19857,0.98848,0.285,1.306,1.153,True
HC_06,healthy,9.3,0.16549,0.20596,0.93805,-0.998,2.405,-0.391,True
HC_06,healthy,9.31,0.11936,0.20101,0.94376,0.249,1.173,0.706,True
HC_06,healthy,9.32,0.13147,0.21287,0.97337,-0.948,0.946,-2.228,True
HC_06,healthy,9.33,0.11988,0.19571,0.95318,0.403,0.153,1.054,True
HC_06,healthy,9.34,0.12364,0.21202,0.96761,0.536,3.483,0.322,True
HC_06,healthy,9.35,0.17085,0.18731,0.97031,-0.28,0.286,0.529,True
HC_06,healthy,9.36,0.13961,0.20663,0.97874,0.003,0.6,2.27,True
HC_06,healthy,9.370000000000001,0.17397,0.20811,0.95818,1.234,-0.128,2.032,True
HC_06,healthy,9.38,0.12914,0.23424,0.98031,-1.287,1.086,2.377,True
HC_06,healthy,9.39,0.15263,0.18499,0.96301,1.97,1.274,2.292,True
HC_06,healthy,9.4,0.13902,0.19846,0.93726,2.725,2.361,1.209,True
HC_06,healthy,9.41,0.16809,0.21622,0.96663,-0.14,0.654,1.754,True
HC_06,healthy,9.42,0.1503,0.18706,0.96316,1.693,0.781,1.767,True
HC_06,healthy,9.43,0.16846,0.22896,0.98578,1.532,1.196,2.304,True
HC_06,healthy,9.44,0.14038,0.2074,0.97613,1.998,2.466,4.182,True
HC_06,healthy,9.450000000000001,0.16293,0.19941,0.98117,3.69,0.34,0.404,True
HC_06,healthy,9.46,0.15358,0.23738,0.9679,2.761,-0.402,4.114,True
HC_06,healthy,9.47,0.1668,0.21961,0.94672,2.934,1.409,3.263,True
HC_06,healthy,9.48,0.16002,0.20428,1.00636,2.141,0.788,2.554,True
HC_06,healthy,9.49,0.18314,0.21441,0.96946,3.725,0.163,2.303,True
HC_06,healthy,9.5,0.18846,0.20092,0.95678,3.809,0.782,4.879,True
HC_06,healthy,9.51,0.18759,0.16482,0.98128,2.193,-0.15,4.577,True
HC_06,healthy,9.52,0.19169,0.17487,0.96052,4.187,0.655,4.532,True
HC_06,healthy,9.53,0.20197,0.19623,0.96532,3.328,-0.257,3.905,True
HC_06,healthy,9.540000000000001,0.19558,0.17849,0.96882,5.212,-0.501,3.314,True
HC_06,healthy,9.55,0.20696,0.17674,0.98698,2.442,-0.072,4.617,True
HC_06,healthy,9.56,0.18171,0.20203,0.95575,5.073,-1.991,3.72,True
HC_06,healthy,9.57,0.18262,0.18687,0.97454,4.783,0.321,4.199,True
HC_06,healthy,9.58,0.18419,0.15037,0.95582,3.597,-1.055,2.574,True
HC_06,healthy,9.59,0.18405,0.17402,0.97197,5.046,-1.617,5.504,True
HC_06,healthy,9.6,0.17646,0.15721,0.97785,3.336,-0.571,3.565,True
HC_06,healthy,9.61,0.17306,0.19638,0.93961,3.018,-1.185,4.089,True
HC_06,healthy,9.620000000000001,0.20321,0.1738,0.95449,4.719,-1.049,3.571,True
HC_06,healthy,9.63,0.17914,0.14064,0.95248,2.978,-3.667,3.732,True
HC_06,healthy,9.64,0.1727,0.16516,0.92815,4.034,-2.794,3.906,True
HC_06,healthy,9.65,0.16907,0.19218,0.95295,4.224,-2.834,3.966,True
HC_06,healthy,9.66,0.15698,0.15551,0.93944,3.329,-1.297,2.87,True
HC_06,healthy,9.67,0.17504,0.17574,0.93109,2.954,-4.31,3.483,True
HC_06,healthy,9.68,0.15489,0.1503,0.96337,1.259,-3.392,1.595,True
HC_06,healthy,9.69,0.14569,0.18349,0.92837,1.425,-3.107,2.925,True
HC_06,healthy,9.700000000000001,0.18113,0.16829,0.93395,1.247,-3.434,1.812,True
HC_06,healthy,9.71,0.15901,0.14477,0.94221,1.555,-3.512,2.5,True
HC_06,healthy,9.72,0.14955,0.14232,0.94763,2.211,-3.676,1.917,True
HC_06,healthy,9.73,0.16058,0.14902,0.91844,0.331,-3.122,0.277,True
HC_06,healthy,9.74,0.15269,0.14213,0.92836,1.083,-3.225,1.093,True
HC_06,healthy,9.75,0.11884,0.16274,0.92363,0.508,-3.757,0.396,True
HC_06,healthy,9.76,0.14688,0.13959,0.91812,1.232,-2.518,-0.721,True
HC_06,healthy,9.77,0.14961,0.15443,0.9265,-0.312,-3.618,-1.033,True
HC_06,healthy,9.78,0.1225,0.13692,0.94314,0.127,-4.409,-0.41,True
HC_06,healthy,9.790000000000001,0.13237,0.15369,0.92619,-0.827,-4.766,-0.377,True
HC_06,healthy,9.8,0.13789,0.13147,0.91844,-1.927,-3.857,-0.289,True
HC_06,healthy,9.81,0.11433,0.13985,0.90662,-1.157,-3.521,-3.655,True
HC_06,healthy,9.82,0.11831,0.18408,0.90881,-2.074,-3.257,-2.759,True
HC_06,healthy,9.83,0.11659,0.16287,0.92657,-2.456,-6.048,-2.897,True
HC_06,healthy,9.84,0.09909,0.16416,0.90233,-4.2,-3.454,-3.797,True
HC_06,healthy,9.85,0.12459,0.15502,0.90643,-2.415,-3.851,-4.868,True
HC_06,healthy,9.86,0.0942,0.16209,0.92801,-3.499,-3.759,-4.824,True
HC_06,healthy,9.870000000000001,0.09585,0.16974,0.91738,-5.357,-3.362,-4.075,True
HC_06,healthy,9.88,0.08675,0.14111,0.93535,-5.422,-2.955,-5.118,True
HC_06,healthy,9.89,0.06394,0.1399,0.94025,-5.21,-2.235,-4.541,True
HC_06,healthy,9.9,0.07928,0.14872,0.95366,-5.773,-5.259,-6.052,True
HC_06,healthy,9.91,0.08371,0.16511,0.90758,-6.09,-2.583,-7.228,True
HC_06,healthy,9.92,0.0889,0.19172,0.95319,-6.398,-2.0,-7.639,True
HC_06,healthy,9.93,0.06398,0.19448,0.96795,-7.168,-3.143,-8.5,True
HC_06,healthy,9.94,0.04807,0.15909,0.96638,-7.46,-2.824,-8.261,True
HC_06,healthy,9.950000000000001,0.05001,0.1875,0.96594,-7.469,-1.442,-8.502,True
HC_06,healthy,9.96,0.03937,0.19429,0.94963,-6.02,-0.724,-7.124,True
HC_06,healthy,9.97,0.05505,0.19073,0.98505,-6.973,-1.509,-7.046,True
HC_06,healthy,9.98,0.06145,0.19743,0.96449,-7.152,-0.572,-8.626,True
HC_06,healthy,9.99,0.07033,0.22287,0.98761,-7.38,0.512,-9.339,True
HC_06,healthy,10.0,0.05797,0.19423,0.97037,-7.31,0.149,-8.579,True
HC_06,healthy,10.01,0.05014,0.20054,0.97839,-7.918,0.365,-8.245,True
HC_06,healthy,10.02,0.06329,0.2171,1.00557,-7.348,-0.109,-9.762,True
HC_06,healthy,10.03,0.03812,0.21185,0.99686,-8.691,2.606,-9.205,True
HC_06,healthy,10.040000000000001,0.0605,0.2264,0.98806,-7.592,2.009,-8.56,True
HC_06,healthy,10.05,0.0626,0.21901,0.9628,-7.999,2.874,-8.755,True
HC_06,healthy,10.06,0.06294,0.23336,0.9988,-8.487,3.788,-7.194,True
HC_06,healthy,10.07,0.06647,0.20251,0.98616,-7.666,4.26,-8.952,True
HC_06,healthy,10.08,0.09487,0.24267,0.98527,-8.201,3.739,-7.051,True
HC_06,healthy,10.09,0.06158,0.25019,0.98981,-7.095,3.117,-8.166,True
HC_06,healthy,10.1,0.0761,0.24271,0.99216,-7.97,3.696,-8.751,True
HC_06,healthy,10.11,0.08096,0.25971,0.98947,-5.363,4.268,-6.915,True
HC_06,healthy,10.120000000000001,0.08812,0.27028,0.98451,-6.522,4.149,-7.078,True
HC_06,healthy,10.13,0.08356,0.26955,0.98138,-6.155,5.355,-6.621,True
HC_06,healthy,10.14,0.07865,0.24828,0.98938,-4.824,6.463,-6.29,True
HC_06,healthy,10.15,0.10557,0.29228,0.99566,-4.7,5.515,-5.326,True
HC_06,healthy,10.16,0.10107,0.27723,0.98587,-5.027,6.71,-3.672,True
HC_06,healthy,10.17,0.11323,0.29809,1.00468,-3.132,6.879,-4.404,True
HC_06,healthy,10.18,0.11259,0.27961,0.95311,-2.523,6.027,-3.256,True
HC_06,healthy,10.19,0.09511,0.30805,0.98714,-3.026,8.099,-4.112,True
HC_06,healthy,10.200000000000001,0.15159,0.28792,0.95353,-1.055,6.607,-1.859,True
HC_06,healthy,10.21,0.15977,0.29404,0.96304,-0.087,7.497,-2.154,True
HC_06,healthy,10.22,0.14995,0.28266,0.96737,-0.804,6.869,-0.802,True
HC_06,healthy,10.23,0.13886,0.30317,0.95658,0.301,6.911,1.294,True
HC_06,healthy,10.24,0.1649,0.29061,0.93878,1.106,7.537,-0.166,True
HC_06,healthy,10.25,0.19601,0.28832,0.91978,1.565,9.339,2.855,True
HC_06,healthy,10.26,0.19908,0.3144,0.96793,2.924,8.315,0.59,True
HC_06,healthy,10.27,0.17358,0.29072,0.92645,3.731,7.149,2.152,True
HC_06,healthy,10.28,0.20612,0.32204,0.9298,2.861,7.778,3.445,True
HC_06,healthy,10.290000000000001,0.20756,0.28603,0.92972,5.663,8.758,3.266,True
HC_06,healthy,10.3,0.2122,0.26846,0.88846,5.266,6.432,5.914,True
HC_06,healthy,10.31,0.2423,0.26192,0.89851,5.552,6.592,6.271,True
HC_06,healthy,10.32,0.25037,0.29571,0.88885,6.452,6.855,8.169,True
HC_06,healthy,10.33,0.19867,0.2786,0.8984,8.01,7.477,8.336,True
HC_06,healthy,10.34,0.25787,0.26861,0.87754,6.443,6.82,9.396,True
HC_06,healthy,10.35,0.24164,0.29494,0.90013,8.876,5.726,9.516,True
HC_06,healthy,10.36,0.25873,0.27535,0.89442,8.502,6.535,10.126,True
HC_06,healthy,10.370000000000001,0.23577,0.28171,0.88629,9.164,5.477,10.696,True
HC_06,healthy,10.38,0.26267,0.25561,0.87012,10.253,3.951,12.645,True
HC_06,healthy,10.39,0.32521,0.26947,0.85731,12.523,2.896,11.668,True
HC_06,healthy,10.4,0.28735,0.25838,0.89146,10.271,4.14,14.167,True
HC_06,healthy,10.41,0.28035,0.25642,0.8672,11.625,2.846,12.779,True
HC_06,healthy,10.42,0.2911,0.21697,0.88274,11.884,2.319,12.887,True
HC_06,healthy,10.43,0.29212,0.23124,0.88822,10.947,1.32,13.263,True
HC_06,healthy,10.44,0.29642,0.18957,0.90006,13.645,1.239,13.35,True
HC_06,healthy,10.450000000000001,0.30836,0.1917,0.88816,12.378,2.274,12.653,True
HC_06,healthy,10.46,0.28797,0.21903,0.91226,11.967,-0.13,12.969,True
HC_06,healthy,10.47,0.31732,0.22019,0.89358,12.056,-0.569,14.627,True
HC_06,healthy,10.48,0.31165,0.20634,0.91885,13.154,-1.185,14.047,True
HC_06,healthy,10.49,0.29717,0.18883,0.89631,11.745,-2.116,15.439,True
HC_06,healthy,10.5,0.29784,0.19785,0.93992,12.641,-2.824,15.005,True
HC_06,healthy,10.51,0.2904,0.17166,0.90862,13.092,-2.633,13.742,True
HC_06,healthy,10.52,0.30626,0.20549,0.92405,10.787,-4.367,13.62,True
HC_06,healthy,10.53,0.2969,0.18425,0.9686,12.543,-4.112,12.568,True
HC_06,healthy,10.540000000000001,0.3175,0.16922,0.946,10.578,-5.45,12.346,True
HC_06,healthy,10.55,0.2724,0.13702,0.92688,10.57,-4.115,12.855,True
HC_06,healthy,10.56,0.30456,0.14231,0.98181,9.7,-7.947,10.48,True
HC_06,healthy,10.57,0.27404,0.12816,0.93542,10.355,-8.025,11.345,True
HC_06,healthy,10.58,0.27741,0.09652,0.96733,9.021,-8.031,10.741,True
HC_06,healthy,10.59,0.26932,0.11812,1.01289,7.718,-6.261,9.139,True
HC_06,healthy,10.6,0.26268,0.1084,0.99437,8.316,-7.846,9.617,True
HC_06,healthy,10.61,0.25098,0.12893,0.98235,7.547,-8.222,7.76,True
HC_06,healthy,10.620000000000001,0.23079,0.09862,0.98366,6.947,-9.651,7.146,True
HC_06,healthy,10.63,0.26442,0.0788,0.97937,4.319,-9.496,6.931,True
HC_06,healthy,10.64,0.21534,0.11002,0.99098,4.131,-9.824,6.255,True
HC_06,healthy,10.65,0.24812,0.09587,1.00592,4.458,-10.357,5.305,True
HC_06,healthy,10.66,0.20216,0.11213,1.01289,3.42,-10.616,4.264,True
HC_06,healthy,10.67,0.18177,0.09511,0.99419,1.209,-10.414,2.324,True
HC_06,healthy,10.68,0.19215,0.10784,0.99151,1.079,-9.651,1.86,True
HC_06,healthy,10.69,0.17119,0.07459,1.01493,-0.406,-10.987,-0.044,True
HC_06,healthy,10.700000000000001,0.15259,0.09347,1.01867,-1.288,-10.961,-1.668,True
HC_06,healthy,10.71,0.15795,0.06663,1.03307,-1.773,-10.61,-1.461,True
HC_06,healthy,10.72,0.1377,0.10442,1.00539,-3.477,-11.02,-3.793,True
HC_06,healthy,10.73,0.1375,0.07981,1.02514,-3.813,-11.307,-3.423,True
HC_06,healthy,10.74,0.13022,0.0457,1.00568,-4.488,-9.337,-4.491,True
HC_06,healthy,10.75,0.09166,0.08532,0.96849,-4.956,-8.656,-5.895,True
HC_06,healthy,10.76,0.06407,0.08175,1.00375,-5.529,-8.837,-5.66,True
HC_06,healthy,10.77,0.13245,0.11153,0.99299,-6.417,-9.557,-7.77,True
HC_06,healthy,10.78,0.08476,0.1086,0.9855,-8.913,-9.245,-7.574,True
HC_06,healthy,10.790000000000001,0.06182,0.09995,0.9678,-9.257,-8.605,-10.63,True
HC_06,healthy,10.8,0.07858,0.10025,0.97589,-12.622,-9.085,-10.391,True
HC_06,healthy,10.81,0.0394,0.13609,0.96657,-9.99,-6.911,-12.567,True
HC_06,healthy,10.82,0.0563,0.13107,0.9432,-11.494,-8.659,-13.095,True
HC_06,healthy,10.83,0.05384,0.13176,0.95286,-12.165,-6.337,-13.37,True
HC_06,healthy,10.84,0.04168,0.11416,0.94045,-11.411,-5.474,-14.614,True
HC_06,healthy,10.85,0.04137,0.18166,0.94417,-13.049,-5.069,-14.477,True
HC_06,healthy,10.86,-0.01155,0.16521,0.93318,-13.225,-4.873,-15.735,True
HC_06,healthy,10.870000000000001,0.02186,0.15533,0.93476,-15.491,-5.079,-15.341,True
HC_06,healthy,10.88,0.01185,0.18488,0.90989,-14.354,-2.64,-15.653,True
HC_06,healthy,10.89,0.03919,0.18545,0.91237,-13.903,-2.173,-17.869,True
HC_06,healthy,10.9,0.01186,0.22299,0.90822,-14.469,-1.979,-14.984,True
HC_06,healthy,10.91,0.04362,0.23105,0.88888,-13.991,-1.514,-17.188,True
HC_06,healthy,10.92,0.01815,0.19653,0.89774,-16.115,-1.096,-18.2,True
HC_06,healthy,10.93,0.01617,0.20597,0.87994,-15.05,0.344,-17.388,True
HC_06,healthy,10.94,0.01649,0.23045,0.85821,-15.4,0.01,-17.845,True
HC_06,healthy,10.950000000000001,0.03443,0.22864,0.87441,-15.914,0.71,-16.648,True
HC_06,healthy,10.96,0.01152,0.23477,0.83937,-15.222,2.315,-15.406,True
HC_06,healthy,10.97,0.00921,0.27197,0.86574,-14.336,3.087,-16.354,True
HC_06,healthy,10.98,0.02055,0.2758,0.88929,-14.556,3.578,-15.771,True
HC_06,healthy,10.99,0.02315,0.27122,0.86085,-15.333,3.662,-14.779,True
HC_06,healthy,11.0,-0.01121,0.32235,0.86335,-13.931,5.151,-16.608,True
HC_06,healthy,11.01,0.02085,0.30387,0.84874,-13.849,6.045,-14.653,True
HC_06,healthy,11.02,0.03608,0.30286,0.87316,-13.087,7.814,-14.814,True
HC_06,healthy,11.03,0.03312,0.28042,0.86167,-12.376,7.373,-13.157,True
HC_06,healthy,11.040000000000001,0.07912,0.3263,0.84073,-11.436,8.896,-11.834,True
HC_06,healthy,11.05,0.04265,0.3426,0.84495,-10.287,8.768,-10.811,True
HC_06,healthy,11.06,0.06059,0.30846,0.85316,-8.913,7.808,-10.882,True
HC_06,healthy,11.07,0.09466,0.31103,0.86075,-9.695,9.725,-10.789,True
HC_06,healthy,11.08,0.07167,0.34503,0.88461,-8.325,8.979,-6.736,True
HC_06,healthy,11.09,0.09764,0.33095,0.87171,-6.57,9.962,-8.246,True
HC_06,healthy,11.1,0.11816,0.33442,0.90753,-5.571,10.887,-7.438,True
HC_06,healthy,11.11,0.1549,0.32922,0.90449,-4.241,10.195,-5.306,True
HC_06,healthy,11.120000000000001,0.11983,0.3514,0.88699,-3.403,12.488,-3.931,True
HC_06,healthy,11.13,0.15649,0.37793,0.93212,-3.074,10.66,-3.455,True
HC_06,healthy,11.14,0.15387,0.3415,0.90564,-2.514,12.183,-2.725,True
HC_06,healthy,11.15,0.20004,0.35689,0.92103,-0.157,11.105,-2.111,True
HC_06,healthy,11.16,0.1872,0.33405,0.93803,0.7,13.022,1.421,True
HC_06,healthy,11.17,0.18973,0.32316,0.93623,0.423,10.273,2.456,True
HC_06,healthy,11.18,0.19948,0.36097,0.93278,2.917,12.535,4.018,True
HC_06,healthy,11.19,0.23665,0.35465,0.96352,4.049,11.746,4.258,True
HC_06,healthy,11.200000000000001,0.2083,0.36937,0.95755,4.952,11.62,4.199,True
HC_06,healthy,11.21,0.23698,0.34827,0.94861,4.89,11.883,5.375,True
HC_06,healthy,11.22,0.24661,0.38268,0.98171,6.079,8.953,7.787,True
HC_06,healthy,11.23,0.27688,0.36977,0.98056,8.677,10.171,8.476,True
HC_06,healthy,11.24,0.26672,0.33788,0.98666,8.441,9.442,10.585,True
HC_06,healthy,11.25,0.29761,0.30526,1.00973,9.043,10.383,10.771,True
HC_06,healthy,11.26,0.27558,0.34343,1.01526,11.851,7.866,11.502,True
HC_06,healthy,11.27,0.30462,0.35493,0.99115,12.084,8.071,11.227,True
HC_06,healthy,11.28,0.31375,0.30607,1.00607,12.254,8.743,13.866,True
HC_06,healthy,11.290000000000001,0.29854,0.31007,0.9915,13.584,7.254,13.974,True
HC_06,healthy,11.3,0.32212,0.30239,1.00431,13.393,7.036,15.04,True
HC_06,healthy,11.31,0.34584,0.28218,1.01544,15.599,7.154,14.9,True
HC_06,healthy,11.32,0.35762,0.28626,1.0016,14.913,4.778,15.268,True
HC_06,healthy,11.33,0.36245,0.29029,1.01756,15.357,5.42,17.415,True
HC_06,healthy,11.34,0.35796,0.24649,1.03111,14.259,4.69,18.49,True
HC_06,healthy,11.35,0.37184,0.2891,1.0054,15.846,2.604,17.529,True
HC_06,healthy,11.36,0.37377,0.25273,0.993,14.418,1.206,18.215,True
HC_06,healthy,11.370000000000001,0.37387,0.23153,1.01115,16.935,1.317,16.26,True
HC_06,healthy,11.38,0.35075,0.22196,0.99623,15.432,1.265,18.133,True
HC_06,healthy,11.39,0.38646,0.22758,0.97526,15.489,-0.22,17.746,True
HC_06,healthy,11.4,0.34973,0.1966,0.98206,16.5,-0.767,18.223,True
HC_06,healthy,11.41,0.35964,0.1909,0.96663,15.038,-2.3,19.235,True
HC_06,healthy,11.42,0.33994,0.19497,0.99208,16.628,-2.164,19.985,True
HC_06,healthy,11.43,0.36604,0.17285,0.94796,15.416,-2.701,17.084,True
HC_06,healthy,11.44,0.35553,0.18706,0.95661,14.927,-4.41,17.135,True
HC_06,healthy,11.450000000000001,0.35486,0.16731,0.96637,15.651,-3.27,15.945,True
HC_06,healthy,11.46,0.31539,0.17297,0.92028,13.894,-4.663,15.499,True
HC_06,healthy,11.47,0.35192,0.17257,0.90741,12.361,-6.467,13.725,True
HC_06,healthy,11.48,0.35957,0.12524,0.92307,13.517,-6.68,16.267,True
HC_06,healthy,11.49,0.31894,0.14968,0.90904,10.829,-7.713,14.709,True
HC_06,healthy,11.5,0.33046,0.13764,0.89678,11.079,-9.139,12.674,True
HC_06,healthy,11.51,0.30507,0.09231,0.90982,8.961,-8.853,11.629,True
HC_06,healthy,11.52,0.30081,0.12776,0.881,10.03,-10.847,9.458,True
HC_06,healthy,11.53,0.2865,0.11218,0.88629,8.699,-8.274,10.835,True
HC_06,healthy,11.540000000000001,0.29065,0.11973,0.86812,8.67,-9.74,9.558,True
HC_06,healthy,11.55,0.26818,0.11728,0.87099,7.111,-9.941,8.373,True
HC_06,healthy,11.56,0.26506,0.08727,0.88434,7.649,-10.533,7.352,True
HC_06,healthy,11.57,0.24677,0.10612,0.87174,6.388,-9.98,4.563,True
HC_06,healthy,11.58,0.26074,0.0971,0.88116,4.377,-10.665,5.974,True
HC_06,healthy,11.59,0.25619,0.09477,0.80694,4.898,-11.694,3.929,True
HC_06,healthy,11.6,0.23339,0.11202,0.86498,3.236,-10.696,1.857,True
HC_06,healthy,11.61,0.21708,0.09615,0.84115,1.291,-11.453,0.489,True
HC_06,healthy,11.620000000000001,0.17998,0.0917,0.83846,0.743,-11.053,1.039,True
HC_06,healthy,11.63,0.20362,0.10449,0.83106,-1.314,-10.871,-1.206,True
HC_06,healthy,11.64,0.16667,0.07398,0.86546,-0.881,-11.715,-1.921,True
HC_06,healthy,11.65,0.15037,0.06535,0.84919,-2.844,-10.727,-2.992,True
HC_06,healthy,11.66,0.14036,0.09558,0.87733,-4.214,-11.562,-5.112,True
HC_06,healthy,11.67,0.12501,0.10956,0.86536,-4.259,-11.721,-4.276,True
HC_06,healthy,11.68,0.14691,0.08773,0.88094,-4.737,-10.727,-4.834,True
HC_06,healthy,11.69,0.11229,0.0856,0.8543,-7.377,-9.319,-7.994,True
HC_06,healthy,11.700000000000001,0.08365,0.10553,0.87132,-6.351,-9.221,-7.483,True
HC_06,healthy,11.71,0.10389,0.1308,0.89223,-8.685,-10.298,-9.409,True
HC_06,healthy,11.72,0.08167,0.12847,0.89593,-9.528,-10.697,-9.577,True
HC_06,healthy,11.73,0.08821,0.1218,0.88706,-8.727,-8.631,-10.218,True
HC_06,healthy,11.74,0.0805,0.13047,0.89449,-9.433,-8.17,-10.241,True
HC_06,healthy,11.75,0.06787,0.12829,0.91163,-10.075,-6.075,-11.827,True
HC_06,healthy,11.76,0.04823,0.12961,0.92791,-11.253,-5.952,-11.918,True
HC_06,healthy,11.77,0.0251,0.14553,0.91088,-11.15,-5.476,-12.006,True
HC_06,healthy,11.78,0.0688,0.17895,0.96393,-12.888,-6.442,-13.781,True
HC_06,healthy,11.790000000000001,0.03471,0.18704,0.93735,-11.867,-4.075,-15.343,True
HC_06,healthy,11.8,0.06207,0.1822,0.95783,-13.007,-5.567,-13.418,True
HC_06,healthy,11.81,0.05376,0.17759,0.95328,-13.669,-3.481,-13.835,True
HC_06,healthy,11.82,0.05327,0.24532,0.93191,-13.441,-2.489,-14.834,True
HC_06,healthy,11.83,0.07582,0.21228,0.92662,-14.481,-1.389,-16.676,True
HC_06,healthy,11.84,0.06118,0.19531,0.97637,-14.571,-2.406,-14.904,True
HC_06,healthy,11.85,0.04769,0.22012,0.99988,-13.079,-0.163,-17.076,True
HC_06,healthy,11.86,0.02698,0.2461,0.97668,-13.289,0.111,-16.098,True
HC_06,healthy,11.870000000000001,0.06024,0.22213,1.00088,-13.864,0.847,-15.202,True
HC_06,healthy,11.88,0.07487,0.25638,0.97794,-12.928,1.703,-15.954,True
HC_06,healthy,11.89,0.02048,0.25561,0.98518,-12.102,3.494,-14.742,True
HC_06,healthy,11.9,0.04612,0.27249,0.99524,-14.279,3.569,-14.795,True
HC_06,healthy,11.91,0.06613,0.26865,0.98034,-11.886,4.907,-13.528,True
HC_06,healthy,11.92,0.0663,0.27157,0.99569,-11.079,3.19,-14.151,True
HC_06,healthy,11.93,0.06091,0.27138,0.99248,-12.501,5.185,-12.675,True
HC_06,healthy,11.94,0.05357,0.2492,1.02562,-10.73,5.1,-12.943,True
HC_06,healthy,11.950000000000001,0.08351,0.28249,1.00289,-10.616,5.473,-11.982,True
HC_06,healthy,11.96,0.0809,0.27826,0.99001,-8.931,7.34,-11.966,True
HC_06,healthy,11.97,0.07344,0.25856,0.98644,-10.177,7.645,-11.618,True
HC_06,healthy,11.98,0.11163,0.31141,1.01991,-8.715,6.377,-9.112,True
HC_06,healthy,11.99,0.08231,0.32465,0.96536,-8.704,9.844,-8.737,True
HC_06,healthy,12.0,0.12052,0.31919,0.98838,-7.773,6.946,-7.494,True
HC_06,healthy,12.01,0.14071,0.30189,0.97775,-5.858,6.955,-6.777,True
HC_06,healthy,12.02,0.16941,0.34014,0.96647,-5.144,8.572,-6.253,True
HC_06,healthy,12.030000000000001,0.14473,0.37462,0.96976,-4.319,8.379,-4.829,True
HC_06,healthy,12.040000000000001,0.17048,0.31351,0.9489,-4.74,7.935,-2.979,True
HC_06,healthy,12.05,0.16606,0.3346,0.9366,-4.319,7.602,-4.457,True
HC_06,healthy,12.06,0.15167,0.31417,0.96004,-3.323,9.948,-2.34,True
HC_06,healthy,12.07,0.20549,0.32309,0.94041,-2.402,8.919,-2.432,True
HC_06,healthy,12.08,0.21363,0.31895,0.92124,-1.602,8.12,-0.467,True
HC_06,healthy,12.09,0.22863,0.32919,0.92084,0.919,9.025,0.99,True
HC_06,healthy,12.1,0.22738,0.32036,0.92213,0.906,9.161,1.941,True
HC_06,healthy,12.11,0.22351,0.30982,0.90536,2.194,9.017,2.471,True
HC_06,healthy,12.120000000000001,0.22351,0.33543,0.8898,1.902,9.009,2.291,True
HC_06,healthy,12.13,0.21294,0.3007,0.89498,1.861,8.362,5.349,True
HC_06,healthy,12.14,0.21561,0.31813,0.88884,3.126,7.537,4.046,True
HC_06,healthy,12.15,0.26848,0.34128,0.89834,4.137,9.714,4.672,True
HC_06,healthy,12.16,0.28939,0.29024,0.89452,7.327,7.882,5.799,True
HC_06,healthy,12.17,0.2774,0.31846,0.89419,6.657,7.818,7.683,True
HC_06,healthy,12.18,0.28614,0.28487,0.89266,6.879,7.796,5.699,True
HC_06,healthy,12.19,0.28454,0.29907,0.91412,7.026,7.337,7.386,True
HC_06,healthy,12.200000000000001,0.29099,0.28207,0.89055,7.701,7.72,8.165,True
HC_06,healthy,12.21,0.27132,0.30389,0.86272,8.373,4.658,10.698,True
HC_06,healthy,12.22,0.30613,0.31446,0.8843,8.226,4.46,9.522,True
HC_06,healthy,12.23,0.31177,0.26077,0.85693,7.769,5.036,8.685,True
HC_06,healthy,12.24,0.30897,0.2712,0.86153,8.405,4.277,10.013,True
HC_06,healthy,12.25,0.32282,0.27179,0.8846,10.985,4.963,10.904,True
HC_06,healthy,12.26,0.32729,0.25929,0.89315,8.682,3.643,11.176,True
HC_06,healthy,12.27,0.3227,0.236,0.8648,10.381,3.744,11.066,True
HC_06,healthy,12.280000000000001,0.28382,0.27024,0.89261,9.977,1.017,10.085,True
HC_06,healthy,12.290000000000001,0.34237,0.23471,0.88089,9.866,2.127,9.888,True
HC_06,healthy,12.3,0.32761,0.2384,0.87942,10.684,1.89,11.578,True
HC_06,healthy,12.31,0.32658,0.22716,0.88233,8.696,0.196,11.382,True
HC_06,healthy,12.32,0.30234,0.21173,0.89647,10.491,0.699,11.543,True
HC_06,healthy,12.33,0.31021,0.21203,0.86766,10.062,0.147,9.767,True
HC_06,healthy,12.34,0.28356,0.19078,0.92066,10.924,-0.789,10.974,True
HC_06,healthy,12.35,0.33293,0.2102,0.91087,8.947,-1.208,11.024,True
HC_06,healthy,12.36,0.33346,0.21457,0.88705,8.844,-1.619,9.43,True
HC_06,healthy,12.370000000000001,0.29435,0.2468,0.88574,8.784,-2.551,10.492,True
HC_06,healthy,12.38,0.25693,0.16472,0.90637,9.307,-2.985,11.299,True
HC_06,healthy,12.39,0.27101,0.19104,0.8989,7.433,-3.065,10.12,True
HC_06,healthy,12.4,0.2801,0.16737,0.92112,8.117,-3.848,9.231,True
HC_06,healthy,12.41,0.27728,0.20132,0.94336,7.812,-3.036,6.452,True
HC_06,healthy,12.42,0.2785,0.17151,0.91333,7.785,-4.824,7.74,True
HC_06,healthy,12.43,0.29191,0.17994,0.94244,7.145,-5.414,8.09,True
HC_06,healthy,12.44,0.28906,0.18151,0.95459,7.623,-4.796,7.55,True
HC_06,healthy,12.450000000000001,0.27102,0.16616,0.96869,6.267,-4.992,6.755,True
HC_06,healthy,12.46,0.24202,0.13514,0.92403,4.447,-5.147,5.772,True
HC_06,healthy,12.47,0.24075,0.18294,0.97064,4.763,-4.949,5.475,True
HC_06,healthy,12.48,0.24829,0.15803,0.96475,3.137,-4.382,5.198,True
HC_06,healthy,12.49,0.22205,0.15706,0.93011,2.045,-6.155,4.003,True
HC_06,healthy,12.5,0.23295,0.17052,0.96863,3.405,-4.568,3.914,True
HC_06,healthy,12.51,0.20884,0.16043,0.9593,2.928,-5.376,2.723,True
HC_06,healthy,12.52,0.23356,0.14364,0.96228,0.643,-5.315,2.515,True
HC_06,healthy,12.530000000000001,0.2298,0.1465,0.94675,1.168,-5.954,2.136,True
HC_06,healthy,12.540000000000001,0.2199,0.13574,0.97019,0.42,-5.36,2.116,True
HC_06,healthy,12.55,0.20845,0.15616,0.95103,0.988,-5.959,-0.796,True
HC_06,healthy,12.56,0.19035,0.12419,0.95307,-0.537,-6.309,-0.4,True
HC_06,healthy,12.57,0.17333,0.16642,0.95764,0.548,-5.03,-0.892,True
HC_06,healthy,12.58,0.17523,0.1835,0.95965,-1.613,-5.61,-1.196,True
HC_06,healthy,12.59,0.1775,0.15747,0.97599,-1.169,-5.143,-1.209,True
HC_06,healthy,12.6,0.18066,0.19344,0.96946,-1.875,-3.747,-2.301,True
HC_06,healthy,12.61,0.15201,0.16591,0.91675,-3.174,-4.719,-4.084,True
HC_06,healthy,12.620000000000001,0.17373,0.18875,0.94687,-3.383,-4.811,-3.751,True
HC_06,healthy,12.63,0.15452,0.16896,0.97127,-4.793,-5.804,-3.467,True
HC_06,healthy,12.64,0.14187,0.19243,0.93515,-4.379,-5.081,-3.663,True
HC_06,healthy,12.65,0.18058,0.17025,0.95173,-3.635,-2.503,-6.403,True
HC_06,healthy,12.66,0.15405,0.1793,0.96256,-4.428,-3.994,-3.189,True
HC_06,healthy,12.67,0.16023,0.20493,0.95085,-4.91,-3.083,-4.292,True
HC_06,healthy,12.68,0.12441,0.19594,0.9607,-4.349,-3.511,-4.811,True
HC_06,healthy,12.69,0.15922,0.16127,0.91075,-5.673,-1.728,-5.45,True
HC_06,healthy,12.700000000000001,0.12347,0.17165,0.93737,-5.692,-2.105,-5.333,True
HC_06,healthy,12.71,0.11729,0.18519,0.93893,-4.552,-2.558,-7.333,True
HC_06,healthy,12.72,0.13632,0.20865,0.9203,-4.996,-2.406,-6.258,True
HC_06,healthy,12.73,0.15179,0.19077,0.94134,-3.607,-2.13,-5.753,True
HC_06,healthy,12.74,0.15809,0.20154,0.92742,-5.181,-0.565,-4.442,True
HC_06,healthy,12.75,0.14506,0.22877,0.89554,-5.433,1.012,-6.897,True
HC_06,healthy,12.76,0.14798,0.21289,0.93504,-6.174,-0.052,-6.672,True
HC_06,healthy,12.77,0.14388,0.18514,0.91046,-5.669,-0.101,-4.991,True
HC_06,healthy,12.780000000000001,0.14364,0.21652,0.9194,-5.411,-0.447,-7.368,True
HC_06,healthy,12.790000000000001,0.16939,0.20072,0.92125,-6.033,-0.818,-5.045,True
HC_06,healthy,12.8,0.14413,0.22444,0.90763,-3.609,0.685,-3.495,True
HC_06,healthy,12.81,0.15968,0.21891,0.84892,-4.981,0.205,-5.672,True
HC_06,healthy,12.82,0.11938,0.24181,0.91731,-6.156,1.321,-4.581,True
HC_06,healthy,12.83,0.16013,0.21678,0.87612,-5.329,0.056,-5.032,True
HC_06,healthy,12.84,0.17298,0.22291,0.9049,-4.661,1.416,-5.187,True
HC_06,healthy,12.85,0.13385,0.22183,0.91925,-3.675,1.265,-6.973,True
HC_06,healthy,12.86,0.15412,0.2362,0.90177,-4.647,1.929,-3.987,True
HC_06,healthy,12.870000000000001,0.16817,0.26893,0.90126,-2.097,2.919,-5.248,True
HC_06,healthy,12.88,0.16719,0.23778,0.89789,-2.423,0.553,-2.948,True
HC_06,healthy,12.89,0.15979,0.25876,0.86527,-2.502,2.286,-2.859,True
HC_06,healthy,12.9,0.1588,0.25782,0.91542,-3.956,2.73,-3.179,True
HC_06,healthy,12.91,0.15067,0.25577,0.90017,-3.665,1.785,-3.4,True
HC_06,healthy,12.92,0.19062,0.26482,0.92461,-2.285,1.923,-2.628,True
HC_06,healthy,12.93,0.16976,0.24453,0.90704,-3.195,2.852,-2.211,True
HC_06,healthy,12.94,0.16132,0.24363,0.92296,-2.095,2.185,-2.624,True
HC_06,healthy,12.950000000000001,0.16589,0.23699,0.91734,-2.274,2.785,-1.713,True
HC_06,healthy,12.96,0.18737,0.26178,0.92785,-2.04,2.672,-0.304,True
HC_06,healthy,12.97,0.19377,0.25188,0.92457,-2.746,1.928,-1.199,True
HC_06,healthy,12.98,0.16999,0.24899,0.92258,-0.285,2.621,1.195,True
HC_06,healthy,12.99,0.20167,0.23204,0.94199,-1.041,1.292,-2.375,True
HC_06,healthy,13.0,0.21195,0.22896,0.9395,-1.128,1.729,0.049,True
HC_06,healthy,13.01,0.22442,0.25732,0.92354,-0.716,1.797,-0.536,True
HC_06,healthy,13.02,0.21963,0.27118,0.93635,-0.313,1.976,-1.215,True
HC_06,healthy,13.030000000000001,0.19951,0.22248,0.9234,0.953,1.268,1.858,True
HC_06,healthy,13.040000000000001,0.22432,0.25698,0.90174,1.532,1.281,-0.699,True
HC_06,healthy,13.05,0.18863,0.24079,0.94446,1.151,2.188,-0.11,True
HC_06,healthy,13.06,0.21783,0.2489,0.93712,1.71,1.352,1.576,True
HC_06,healthy,13.07,0.21052,0.24007,0.94444,-0.525,2.653,0.782,True
HC_06,healthy,13.08,0.2043,0.23484,0.92533,1.86,1.435,2.077,True
HC_06,healthy,13.09,0.20486,0.2756,0.92151,1.715,0.986,1.598,True
HC_06,healthy,13.1,0.2166,0.22425,0.97101,0.346,2.032,1.303,True
HC_06,healthy,13.11,0.21808,0.23518,0.93407,0.894,-0.081,4.195,True
HC_06,healthy,13.120000000000001,0.19048,0.25339,0.95338,1.67,2.464,2.69,True
HC_06,healthy,13.13,0.215,0.21494,0.9166,1.431,2.42,0.564,True
HC_06,healthy,13.14,0.23673,0.21948,0.95713,2.471,1.431,2.531,True
HC_06,healthy,13.15,0.2186,0.24109,0.92062,2.056,1.511,1.907,True
HC_06,healthy,13.16,0.19727,0.216,0.91661,2.408,1.446,2.401,True
HC_06,healthy,13.17,0.21202,0.23994,0.90813,1.604,1.638,2.417,True
HC_06,healthy,13.18,0.21591,0.2592,0.93447,0.778,-1.208,2.697,True
HC_06,healthy,13.19,0.21716,0.21589,0.94914,1.767,1.621,1.42,True
HC_06,healthy,13.200000000000001,0.19891,0.20825,0.9376,1.231,0.653,2.16,True
HC_06,healthy,13.21,0.22092,0.20735,0.94875,2.131,0.021,2.373,True
HC_06,healthy,13.22,0.20182,0.20306,0.936,-0.249,-0.6,3.072,True
HC_06,healthy,13.23,0.22099,0.22014,0.94076,1.901,-0.07,1.564,True
HC_06,healthy,13.24,0.20806,0.22619,0.93085,1.583,1.033,2.029,True
HC_06,healthy,13.25,0.21972,0.21268,0.94903,1.698,-0.721,1.842,True
HC_06,healthy,13.26,0.22125,0.22083,0.92872,1.747,-0.259,2.451,True
HC_06,healthy,13.27,0.18928,0.21043,0.95174,0.649,0.928,2.119,True
HC_06,healthy,13.280000000000001,0.22979,0.2218,0.923,1.589,-0.575,1.737,True
HC_06,healthy,13.290000000000001,0.21358,0.20787,0.92235,1.811,0.295,0.24,True
HC_06,healthy,13.3,0.22424,0.22702,0.94452,0.067,1.219,-0.603,True
HC_06,healthy,13.31,0.22531,0.19864,0.93245,1.116,-1.408,1.201,True
HC_06,healthy,13.32,0.21559,0.2251,0.92547,2.601,0.117,0.545,True
HC_06,healthy,13.33,0.18291,0.21079,0.92275,0.173,-0.877,0.271,True
HC_06,healthy,13.34,0.1864,0.23726,0.93354,1.257,-0.876,1.155,True
HC_06,healthy,13.35,0.23103,0.22329,0.91183,-0.594,-0.712,-1.049,True
HC_06,healthy,13.36,0.20254,0.21336,0.91698,1.647,-1.077,0.143,True
HC_06,healthy,13.370000000000001,0.20176,0.20019,0.93164,-0.555,0.065,1.981,True
HC_06,healthy,13.38,0.19705,0.20063,0.92951,-0.181,-0.312,-0.009,True
HC_06,healthy,13.39,0.20039,0.22413,0.8958,0.519,-0.246,0.289,True
HC_06,healthy,13.4,0.19925,0.22774,0.91392,0.566,0.172,0.198,True
HC_06,healthy,13.41,0.2117,0.2034,0.9201,1.541,1.355,0.673,True
HC_06,healthy,13.42,0.17214,0.23508,0.91813,-0.337,-1.474,-0.444,True
HC_06,healthy,13.43,0.19074,0.22338,0.92131,0.453,-1.052,0.756,True
HC_06,healthy,13.44,0.16706,0.19795,0.92341,0.995,1.489,0.228,True
HC_06,healthy,13.450000000000001,0.1722,0.19979,0.95311,-0.587,-1.012,-0.445,True
HC_06,healthy,13.46,0.19703,0.21302,0.92385,0.506,-0.084,0.652,True
HC_06,healthy,13.47,0.21365,0.22986,0.94081,-1.209,-2.356,0.475,True
HC_06,healthy,13.48,0.21446,0.20666,0.91843,-0.126,-1.506,1.013,True
HC_06,healthy,13.49,0.18259,0.2046,0.93974,-0.709,0.908,-0.046,True
HC_06,healthy,13.5,0.22188,0.1901,0.9392,0.129,-0.192,0.308,True
HC_06,healthy,13.51,0.18225,0.24022,0.94276,-0.238,-0.128,-0.696,True
HC_06,healthy,13.52,0.21692,0.2069,0.94217,0.71,-0.163,0.845,True
HC_06,healthy,13.530000000000001,0.18758,0.23706,0.93611,0.802,0.106,-1.361,True
HC_06,healthy,13.540000000000001,0.20275,0.22275,0.95226,1.216,-0.244,-1.469,True
HC_06,healthy,13.55,0.17742,0.22882,0.91726,1.178,0.902,1.467,True
HC_06,healthy,13.56,0.19816,0.21466,0.93034,-1.064,-0.017,0.458,True
HC_06,healthy,13.57,0.18139,0.21343,0.91349,0.171,-0.244,-0.774,True
HC_06,healthy,13.58,0.20622,0.21854,0.9008,1.233,-0.399,0.183,True
HC_06,healthy,13.59,0.18856,0.19935,0.94293,-1.62,-0.22,1.062,True
HC_06,healthy,13.6,0.20162,0.22367,0.9241,0.303,1.064,-1.519,True
HC_06,healthy,13.61,0.19556,0.2215,0.93325,-0.325,-0.158,0.676,True
HC_06,healthy,13.620000000000001,0.18063,0.22856,0.93785,-2.35,-0.711,-0.612,True
HC_06,healthy,13.63,0.17206,0.18018,0.94747,-0.706,-1.359,0.886,True
HC_06,healthy,13.64,0.18695,0.23377,0.94051,-0.383,-0.242,-0.744,True
HC_06,healthy,13.65,0.16953,0.21394,0.90943,0.832,-1.718,-1.444,True
HC_06,healthy,13.66,0.19485,0.21747,0.92328,1.216,-0.859,0.426,True
HC_06,healthy,13.67,0.17234,0.22157,0.92631,-0.951,-0.586,-0.346,True
HC_06,healthy,13.68,0.1897,0.22252,0.91781,0.577,-0.51,0.514,True
HC_06,healthy,13.69,0.18362,0.23575,0.93835,0.893,0.267,0.406,True
HC_06,healthy,13.700000000000001,0.19264,0.22199,0.92259,2.276,0.243,-0.309,True
HC_06,healthy,13.71,0.18615,0.21727,0.93019,-1.282,-0.099,0.35,True
HC_06,healthy,13.72,0.15504,0.23116,0.90512,0.456,0.669,-0.038,True
HC_06,healthy,13.73,0.1597,0.23272,0.92877,1.081,1.792,-0.09,True
HC_06,healthy,13.74,0.18059,0.22846,0.93447,0.304,-0.678,-0.06,True
HC_06,healthy,13.75,0.19283,0.23341,0.93017,1.305,0.499,-0.32,True
HC_06,healthy,13.76,0.2052,0.23151,0.92579,0.069,-1.584,0.689,True
HC_06,healthy,13.77,0.18842,0.1939,0.93507,-0.291,-0.676,0.127,True
HC_06,healthy,13.780000000000001,0.19678,0.18198,0.96548,-1.61,0.371,0.25,True
HC_06,healthy,13.790000000000001,0.17989,0.1981,0.94021,1.154,-0.4,-1.668,True
HC_06,healthy,13.8,0.17552,0.22173,0.93515,-1.174,1.62,0.69,True
HC_06,healthy,13.81,0.17337,0.20842,0.93944,0.301,-0.478,1.6,True
HC_06,healthy,13.82,0.18062,0.23001,0.94439,-0.006,0.396,0.054,True
HC_06,healthy,13.83,0.17466,0.22061,0.95553,-0.239,2.004,1.549,True
HC_06,healthy,13.84,0.18532,0.20195,0.95469,-1.003,-0.515,-0.173,True
HC_06,healthy,13.85,0.18372,0.18841,0.93635,0.979,0.616,-0.813,True
HC_06,healthy,13.86,0.15981,0.20295,0.94477,-0.358,-0.66,-0.359,True
HC_06,healthy,13.870000000000001,0.18336,0.25298,0.93246,-1.066,-0.358,0.746,True
HC_06,healthy,13.88,0.19898,0.20743,0.94082,0.578,-1.136,0.088,True
HC_06,healthy,13.89,0.19456,0.22913,0.92842,-0.001,1.205,0.66,True
HC_06,healthy,13.9,0.1808,0.20839,0.91938,-1.366,0.37,-0.738,True
HC_06,healthy,13.91,0.20225,0.2344,0.95108,1.891,0.324,-0.087,True
HC_06,healthy,13.92,0.16757,0.19562,0.92576,-0.922,-0.264,-0.48,True
HC_06,healthy,13.93,0.16026,0.20199,0.93997,0.436,-0.763,-1.257,True
HC_06,healthy,13.94,0.18374,0.21205,0.94004,-0.259,1.006,0.826,True
HC_06,healthy,13.950000000000001,0.17691,0.19703,0.91162,-0.063,0.327,-0.025,True
HC_06,healthy,13.96,0.18438,0.2234,0.9249,1.922,0.859,-0.097,True
HC_06,healthy,13.97,0.19674,0.19411,0.95275,-0.437,-0.444,1.01,True
HC_06,healthy,13.98,0.1809,0.21775,0.91436,0.604,0.408,-0.458,True
HC_06,healthy,13.99,0.17911,0.19188,0.93382,1.1,-1.01,-0.587,True
HC_06,healthy,14.0,0.2119,0.20233,0.94496,0.691,-0.966,-0.996,True
HC_06,healthy,14.01,0.1395,0.22108,0.93082,1.177,0.352,0.882,True
HC_06,healthy,14.02,0.17417,0.26779,0.95483,0.161,-1.379,0.23,True
HC_06,healthy,14.030000000000001,0.17966,0.22305,0.92021,0.281,-0.223,0.391,True
HC_06,healthy,14.040000000000001,0.17049,0.21148,0.89368,1.867,1.029,0.657,True
HC_06,healthy,14.05,0.18896,0.20472,0.94122,0.546,0.398,0.129,True
HC_06,healthy,14.06,0.19131,0.23504,0.96839,-0.477,-0.31,0.058,True
HC_06,healthy,14.07,0.17519,0.24486,0.92595,0.245,1.234,0.644,True
HC_06,healthy,14.08,0.19924,0.22628,0.92998,0.21,-0.734,0.563,True
HC_06,healthy,14.09,0.18712,0.20943,0.91404,0.03,0.444,0.401,True
HC_06,healthy,14.1,0.18269,0.23184,0.92297,0.121,-0.617,0.559,True
HC_06,healthy,14.11,0.17932,0.21609,0.93616,1.788,1.149,0.503,True
HC_06,healthy,14.120000000000001,0.18071,0.21698,0.95541,0.78,1.236,-0.298,True
HC_06,healthy,14.13,0.20882,0.21887,0.91696,1.132,0.475,-0.303,True
HC_06,healthy,14.14,0.17834,0.21709,0.94931,1.504,0.05,1.791,True
HC_06,healthy,14.15,0.22319,0.2298,0.91736,-0.56,-0.208,2.097,True
HC_06,healthy,14.16,0.21675,0.20664,0.94027,0.351,0.442,-0.047,True
HC_06,healthy,14.17,0.18853,0.2059,0.90749,2.63,0.36,1.4,True
HC_06,healthy,14.18,0.17749,0.20864,0.93339,1.518,0.698,1.336,True
HC_06,healthy,14.19,0.18899,0.21629,0.94553,1.101,-0.607,1.242,True
HC_06,healthy,14.200000000000001,0.16573,0.21429,0.92896,1.586,1.365,0.931,True
HC_06,healthy,14.21,0.16805,0.18588,0.91945,0.102,-0.075,3.252,True
HC_06,healthy,14.22,0.18396,0.20338,0.91369,1.252,0.158,1.009,True
HC_06,healthy,14.23,0.18913,0.22011,0.90765,1.207,-0.788,1.255,True
HC_06,healthy,14.24,0.19895,0.20116,0.92269,1.181,-0.296,0.407,True
HC_06,healthy,14.25,0.19261,0.23021,0.92614,1.26,-1.287,0.585,True
HC_06,healthy,14.26,0.18075,0.19081,0.93642,1.806,-1.382,1.642,True
HC_06,healthy,14.27,0.17906,0.16524,0.90814,1.013,-0.152,0.595,True
HC_06,healthy,14.280000000000001,0.18281,0.19437,0.95491,2.047,0.391,2.88,True
HC_06,healthy,14.290000000000001,0.18239,0.20073,0.94736,0.727,0.189,1.813,True
HC_06,healthy,14.3,0.18753,0.1679,0.95421,1.744,-1.72,1.442,True
HC_06,healthy,14.31,0.19231,0.18197,0.93744,0.986,-1.079,3.085,True
HC_06,healthy,14.32,0.20258,0.19317,0.95778,1.219,-1.217,1.243,True
HC_06,healthy,14.33,0.188,0.18577,0.95348,0.587,-2.903,0.399,True
HC_06,healthy,14.34,0.1907,0.18951,0.92625,0.72,-1.205,1.452,True
HC_06,healthy,14.35,0.16973,0.20866,0.94851,-0.723,-3.023,0.198,True
HC_06,healthy,14.36,0.17709,0.19816,0.97136,0.79,-1.553,2.313,True
HC_06,healthy,14.370000000000001,0.1535,0.18227,0.95167,0.197,-0.283,1.753,True
HC_06,healthy,14.38,0.18014,0.19062,0.94272,0.249,-1.392,-1.272,True
HC_06,healthy,14.39,0.16535,0.2116,0.96203,0.25,-1.137,-0.028,True
HC_06,healthy,14.4,0.16104,0.18348,0.94061,0.401,-0.879,1.005,True
HC_06,healthy,14.41,0.16298,0.19427,0.95564,-1.058,-1.363,-0.368,True
HC_06,healthy,14.42,0.18346,0.17449,0.94654,-0.398,-1.646,0.754,True
HC_06,healthy,14.43,0.16946,0.19535,0.97306,-1.364,-2.36,-1.894,True
HC_06,healthy,14.44,0.15597,0.18107,0.93339,-0.04,-0.992,-0.598,True
HC_06,healthy,14.450000000000001,0.13817,0.16497,0.95857,1.013,-0.493,-0.811,True
HC_06,healthy,14.46,0.16579,0.18789,0.9313,-0.96,-1.342,-0.773,True
HC_06,healthy,14.47,0.14768,0.16804,0.95792,-2.272,-1.897,-1.219,True
HC_06,healthy,14.48,0.17676,0.19,0.95868,-0.367,-2.968,-0.405,True
HC_06,healthy,14.49,0.14731,0.19642,0.95285,-1.523,-1.175,-1.974,True
HC_06,healthy,14.5,0.14043,0.17587,0.9682,-1.254,-2.985,-2.394,True
HC_06,healthy,14.51,0.16626,0.14871,0.97151,-2.509,-1.233,-3.702,True
HC_06,healthy,14.52,0.12878,0.19797,0.95493,-0.729,-2.516,-2.719,True
HC_06,healthy,14.530000000000001,0.1245,0.19765,0.93785,-2.675,-2.496,-4.566,True
HC_06,healthy,14.540000000000001,0.12147,0.1891,0.95356,-1.536,-2.792,-4.73,True
HC_06,healthy,14.55,0.12096,0.19643,0.94255,-2.268,-1.828,-2.762,True
HC_06,healthy,14.56,0.11653,0.16611,0.93033,-3.853,-1.833,-3.883,True
HC_06,healthy,14.57,0.10231,0.21598,0.95572,-3.109,-0.711,-4.401,True
HC_06,healthy,14.58,0.13665,0.19469,0.92263,-3.535,-2.135,-5.073,True
HC_06,healthy,14.59,0.11542,0.19719,0.95965,-3.668,-0.638,-4.418,True
HC_06,healthy,14.6,0.1135,0.18078,0.95094,-3.984,-1.715,-6.286,True
HC_06,healthy,14.61,0.1129,0.22712,0.9299,-5.153,-0.55,-4.687,True
HC_06,healthy,14.620000000000001,0.1312,0.2014,0.94064,-3.459,0.147,-6.22,True
HC_06,healthy,14.63,0.12411,0.18582,0.94329,-3.974,-0.981,-3.831,True
HC_06,healthy,14.64,0.13119,0.19352,0.93051,-4.749,-1.17,-4.443,True
HC_06,healthy,14.65,0.11509,0.22181,0.9354,-4.53,-0.672,-4.461,True
HC_06,healthy,14.66,0.09308,0.18023,0.90372,-4.228,1.609,-5.124,True
HC_06,healthy,14.67,0.10304,0.20076,0.94915,-5.008,0.28,-4.649,True
HC_06,healthy,14.68,0.09132,0.22634,0.92693,-4.812,0.648,-3.63,True
HC_06,healthy,14.69,0.09651,0.20639,0.93921,-5.364,1.429,-4.455,True
HC_06,healthy,14.700000000000001,0.10735,0.22717,0.94206,-4.692,1.481,-5.045,True
HC_06,healthy,14.71,0.1158,0.23082,0.91311,-5.96,1.398,-5.672,True
HC_06,healthy,14.72,0.08891,0.23687,0.90797,-4.41,2.373,-5.357,True
HC_06,healthy,14.73,0.12206,0.21616,0.89871,-4.297,3.657,-4.206,True
HC_06,healthy,14.74,0.13473,0.24699,0.9274,-4.971,2.853,-4.024,True
HC_06,healthy,14.75,0.11203,0.21911,0.90773,-3.639,3.355,-4.994,True
HC_06,healthy,14.76,0.13444,0.24376,0.95208,-3.781,3.687,-4.285,True
HC_06,healthy,14.77,0.10419,0.23768,0.92057,-1.401,2.739,-4.733,True
HC_06,healthy,14.780000000000001,0.11854,0.22742,0.91912,-3.13,2.529,-4.113,True
HC_06,healthy,14.790000000000001,0.12426,0.26497,0.91779,-4.005,4.468,-3.937,True
HC_06,healthy,14.8,0.12275,0.23679,0.92233,-3.403,2.986,-3.26,True
HC_06,healthy,14.81,0.12311,0.25387,0.91194,-2.142,4.309,-2.702,True
HC_06,healthy,14.82,0.14363,0.26372,0.94426,-1.704,4.235,-2.534,True
HC_06,healthy,14.83,0.11904,0.25753,0.93468,-2.579,4.79,-2.514,True
HC_06,healthy,14.84,0.13883,0.24239,0.92454,-1.917,4.912,-1.839,True
HC_06,healthy,14.85,0.11865,0.25576,0.94456,-1.922,5.601,-1.074,True
HC_06,healthy,14.86,0.15673,0.25464,0.95236,-0.409,5.138,0.851,True
HC_06,healthy,14.870000000000001,0.15083,0.26386,0.92668,-0.455,3.254,0.639,True
HC_06,healthy,14.88,0.15314,0.27171,0.94868,-0.494,4.827,1.261,True
HC_06,healthy,14.89,0.16499,0.26355,0.95482,-0.267,5.64,1.337,True
HC_06,healthy,14.9,0.18122,0.24421,0.94386,0.141,5.116,0.185,True
HC_06,healthy,14.91,0.15962,0.27901,0.98951,1.148,5.361,2.798,True
HC_06,healthy,14.92,0.16824,0.2694,0.9751,2.218,5.468,2.954,True
HC_06,healthy,14.93,0.16868,0.27099,0.94882,1.854,6.108,2.666,True
HC_06,healthy,14.94,0.20627,0.28354,0.97344,4.822,5.836,4.267,True
HC_06,healthy,14.950000000000001,0.17027,0.2716,0.96562,3.435,5.424,3.306,True
HC_06,healthy,14.96,0.17299,0.25539,0.95166,2.49,4.382,5.562,True
HC_06,healthy,14.97,0.19465,0.2367,0.96214,5.357,5.426,5.367,True
HC_06,healthy,14.98,0.19255,0.24984,0.9866,4.212,4.655,4.271,True
HC_06,healthy,14.99,0.20277,0.26825,0.97311,6.248,4.652,6.252,True
HC_06,healthy,15.0,0.18956,0.25014,1.0025,6.142,3.913,7.472,True
HC_06,healthy,15.01,0.225,0.25783,0.9846,6.328,2.923,6.054,True
HC_06,healthy,15.02,0.20714,0.26087,0.97306,6.65,3.336,7.162,True
HC_06,healthy,15.030000000000001,0.23775,0.24103,0.99549,6.223,3.631,6.721,True
HC_06,healthy,15.040000000000001,0.2628,0.22221,1.00049,6.557,2.647,8.641,True
HC_06,healthy,15.05,0.23877,0.22602,0.98211,8.451,2.006,8.097,True
HC_06,healthy,15.06,0.26315,0.24478,0.99482,8.117,2.023,10.175,True
HC_06,healthy,15.07,0.22629,0.18862,0.98428,7.489,3.013,9.864,True
HC_06,healthy,15.08,0.23477,0.2202,0.98294,7.948,1.946,9.709,True
HC_06,healthy,15.09,0.25835,0.21155,0.96335,8.096,1.948,9.392,True
HC_06,healthy,15.1,0.23249,0.21364,0.99098,7.525,0.314,10.23,True
HC_06,healthy,15.11,0.26911,0.19145,0.99918,8.478,-0.545,11.033,True
HC_06,healthy,15.120000000000001,0.25302,0.17539,0.99201,8.671,-1.337,10.898,True
HC_06,healthy,15.13,0.23415,0.19558,1.01114,7.672,-1.1,11.665,True
HC_06,healthy,15.14,0.25087,0.18736,0.97374,9.324,-0.385,11.121,True
HC_06,healthy,15.15,0.24734,0.18447,0.95755,8.856,-2.695,10.715,True
HC_06,healthy,15.16,0.24424,0.15847,0.97366,8.764,-3.896,10.293,True
HC_06,healthy,15.17,0.24434,0.17185,0.95897,10.454,-2.627,9.212,True
HC_06,healthy,15.18,0.2511,0.15091,0.9449,8.096,-3.514,8.041,True
HC_06,healthy,15.19,0.25268,0.13662,0.95951,9.002,-3.1,10.72,True
HC_06,healthy,15.200000000000001,0.26885,0.16672,0.95476,8.202,-4.353,7.775,True
HC_06,healthy,15.21,0.23784,0.14601,0.94333,8.875,-3.54,8.478,True
HC_06,healthy,15.22,0.22365,0.12883,0.92801,8.477,-5.094,9.174,True
HC_06,healthy,15.23,0.2189,0.11641,0.92755,7.329,-5.256,8.439,True
HC_06,healthy,15.24,0.20578,0.12267,0.90121,5.283,-5.644,8.019,True
HC_06,healthy,15.25,0.24705,0.13584,0.91977,6.175,-7.308,5.736,True
HC_06,healthy,15.26,0.21351,0.11128,0.92513,5.661,-7.894,5.464,True
HC_06,healthy,15.27,0.18962,0.10701,0.93224,5.82,-6.29,4.172,True
HC_06,healthy,15.280000000000001,0.17839,0.11281,0.93642,5.086,-7.604,4.887,True
HC_06,healthy,15.290000000000001,0.16775,0.07772,0.90826,4.25,-6.405,5.025,True
HC_06,healthy,15.3,0.14413,0.10843,0.90142,3.652,-7.216,2.239,True
HC_06,healthy,15.31,0.19613,0.10827,0.90656,2.375,-7.492,3.527,True
HC_06,healthy,15.32,0.17403,0.07004,0.87198,1.23,-9.517,1.373,True
HC_06,healthy,15.33,0.15417,0.11506,0.88599,0.371,-9.893,0.429,True
HC_06,healthy,15.34,0.16626,0.09937,0.91085,0.059,-8.707,-0.86,True
HC_06,healthy,15.35,0.14492,0.09445,0.8827,-0.068,-8.328,-0.122,True
HC_06,healthy,15.36,0.12817,0.0913,0.88719,-1.374,-8.567,-0.993,True
HC_06,healthy,15.370000000000001,0.12199,0.10043,0.90674,-1.671,-8.281,-1.741,True
HC_06,healthy,15.38,0.10907,0.09109,0.90849,-2.55,-8.832,-2.184,True
HC_06,healthy,15.39,0.09058,0.11116,0.90886,-4.01,-8.579,-3.87,True
HC_06,healthy,15.4,0.09832,0.11287,0.91109,-4.211,-7.526,-4.908,True
HC_06,healthy,15.41,0.06283,0.09573,0.9285,-3.762,-7.279,-5.492,True
HC_06,healthy,15.42,0.06644,0.09229,0.92391,-6.621,-7.664,-5.877,True
HC_06,healthy,15.43,0.05628,0.12415,0.90975,-7.751,-6.893,-8.843,True
HC_06,healthy,15.44,0.03912,0.10406,0.93959,-8.631,-6.741,-7.846,True
HC_06,healthy,15.450000000000001,0.06849,0.09155,0.94255,-8.909,-8.011,-8.909,True
HC_06,healthy,15.46,0.04434,0.11072,0.90193,-9.165,-6.225,-9.739,True
HC_06,healthy,15.47,0.01659,0.11093,0.91402,-8.553,-5.474,-10.351,True
HC_06,healthy,15.48,0.00314,0.1416,0.9514,-10.245,-6.772,-12.214,True
HC_06,healthy,15.49,0.03544,0.14887,0.977,-10.324,-4.039,-10.891,True
HC_06,healthy,15.5,0.03117,0.14456,0.96332,-9.531,-3.854,-12.995,True
HC_06,healthy,15.51,-0.01581,0.15312,0.97187,-10.572,-4.543,-12.308,True
HC_06,healthy,15.52,0.0144,0.16791,0.97263,-12.695,-3.453,-14.654,True
HC_06,healthy,15.530000000000001,-0.00956,0.13179,0.95994,-13.333,-3.713,-13.293,True
HC_06,healthy,15.540000000000001,-0.01397,0.17709,0.97793,-12.471,-2.727,-14.318,True
HC_06,healthy,15.55,-0.03327,0.19738,0.99462,-12.471,-1.97,-13.456,True
HC_06,healthy,15.56,-0.03345,0.15558,1.01118,-11.988,-0.58,-13.783,True
HC_06,healthy,15.57,-0.0119,0.20206,1.00415,-12.974,0.053,-14.657,True
HC_06,healthy,15.58,-0.02044,0.19855,1.00502,-12.517,0.309,-14.479,True
HC_06,healthy,15.59,-0.00042,0.19569,1.02344,-13.424,0.099,-14.616,True
HC_06,healthy,15.6,-0.03899,0.19097,1.00374,-13.135,1.575,-14.375,True
HC_06,healthy,15.610000000000001,-0.00293,0.21799,1.02603,-13.617,1.874,-16.701,True
HC_06,healthy,15.620000000000001,-0.00236,0.23287,1.03848,-14.323,3.959,-15.738,True
HC_06,healthy,15.63,-0.00776,0.20432,1.03024,-12.213,3.77,-13.473,True
HC_06,healthy,15.64,-0.01241,0.22452,1.02598,-12.077,5.864,-12.851,True
HC_06,healthy,15.65,0.00552,0.24888,1.0387,-11.603,3.824,-12.2,True
HC_06,healthy,15.66,0.00729,0.24119,1.03523,-11.284,4.642,-12.198,True
HC_06,healthy,15.67,-0.01455,0.28487,1.04391,-11.892,5.626,-13.424,True
HC_06,healthy,15.68,0.0137,0.26794,1.04072,-9.269,8.674,-13.816,True
HC_06,healthy,15.69,0.00301,0.28334,1.03244,-10.365,6.822,-11.416,True
HC_06,healthy,15.700000000000001,0.03062,0.26159,1.04035,-8.017,7.576,-9.345,True
HC_06,healthy,15.71,0.03303,0.28609,1.01664,-8.971,8.154,-11.396,True
HC_06,healthy,15.72,0.03163,0.28109,1.03361,-7.265,10.273,-9.384,True
HC_06,healthy,15.73,0.05526,0.27644,1.00199,-6.951,9.567,-7.105,True
HC_06,healthy,15.74,0.08681,0.30438,1.00424,-6.454,10.436,-6.42,True
HC_06,healthy,15.75,0.07472,0.28606,1.00129,-5.772,10.731,-4.34,True
HC_06,healthy,15.76,0.09906,0.33053,0.98709,-3.655,10.186,-6.44,True
HC_06,healthy,15.77,0.06172,0.32489,0.96093,-3.228,10.301,-4.607,True
HC_06,healthy,15.780000000000001,0.08454,0.29003,0.98386,-2.275,10.041,-3.292,True
HC_06,healthy,15.790000000000001,0.1068,0.31311,0.97535,-1.973,11.058,-1.144,True
HC_06,healthy,15.8,0.10326,0.33017,0.95684,-1.324,11.374,-1.102,True
HC_06,healthy,15.81,0.14495,0.31437,0.9584,1.332,11.298,0.5,True
HC_06,healthy,15.82,0.12819,0.30802,0.92447,0.138,11.578,2.023,True
HC_06,healthy,15.83,0.14208,0.33655,0.95801,2.738,11.754,2.295,True
HC_06,healthy,15.84,0.17061,0.30013,0.94643,3.926,9.815,3.476,True
HC_06,healthy,15.85,0.1674,0.30435,0.93021,3.697,10.476,4.618,True
HC_06,healthy,15.860000000000001,0.17225,0.28727,0.92878,4.227,10.41,4.002,True
HC_06,healthy,15.870000000000001,0.21834,0.3038,0.9172,6.793,10.463,7.141,True
HC_06,healthy,15.88,0.19967,0.29327,0.94563,7.205,10.824,8.064,True
HC_06,healthy,15.89,0.2016,0.31066,0.90214,7.831,11.188,9.106,True
HC_06,healthy,15.9,0.17989,0.27709,0.89783,8.349,8.206,10.689,True
HC_06,healthy,15.91,0.20195,0.28216,0.92044,8.106,8.263,10.434,True
HC_06,healthy,15.92,0.23632,0.28314,0.89978,11.355,8.768,11.749,True
HC_06,healthy,15.93,0.23485,0.27256,0.8826,11.51,7.359,12.045,True
HC_06,healthy,15.94,0.2616,0.2699,0.89466,12.208,7.329,15.198,True
HC_06,healthy,15.950000000000001,0.26539,0.2608,0.88083,11.843,6.135,14.642,True
HC_06,healthy,15.96,0.28514,0.26855,0.87437,13.411,6.185,16.243,True
HC_06,healthy,15.97,0.29668,0.26399,0.90472,14.401,5.517,14.432,True
HC_06,healthy,15.98,0.29736,0.22701,0.88465,14.779,4.391,15.741,True
HC_06,healthy,15.99,0.2899,0.20871,0.89554,14.21,3.377,17.18,True
HC_06,healthy,16.0,0.28814,0.21781,0.88098,15.477,2.56,16.397,True
HC_06,healthy,16.01,0.28854,0.21064,0.88605,15.705,1.653,17.024,True
HC_06,healthy,16.02,0.27949,0.21284,0.89246,14.683,0.172,17.803,True
HC_06,healthy,16.03,0.32013,0.21666,0.90629,15.191,2.14,17.174,True
HC_06,healthy,16.04,0.26573,0.16734,0.89219,15.054,0.571,18.929,True
HC_06,healthy,16.05,0.31177,0.1706,0.9198,16.453,-0.778,19.751,True
HC_06,healthy,16.06,0.29442,0.19002,0.92877,15.186,-0.664,17.093,True
HC_06,healthy,16.07,0.28059,0.16029,0.91712,14.464,-2.772,17.538,True
HC_06,healthy,16.080000000000002,0.28339,0.14798,0.92836,14.303,-3.99,16.206,True
HC_06,healthy,16.09,0.28659,0.11905,0.93034,13.635,-4.884,17.889,True
HC_06,healthy,16.1,0.29162,0.129,0.94646,14.191,-3.156,15.751,True
HC_06,healthy,16.11,0.25873,0.11596,0.96851,14.103,-6.756,16.53,True
HC_06,healthy,16.12,0.2883,0.14531,0.95802,14.381,-6.398,15.89,True
HC_06,healthy,16.13,0.26657,0.08764,0.94113,12.872,-8.152,13.84,True
HC_06,healthy,16.14,0.2491,0.07778,0.93915,11.996,-6.146,15.932,True
HC_06,healthy,16.15,0.23419,0.08841,1.01013,10.22,-8.55,13.652,True
HC_06,healthy,16.16,0.24418,0.08954,0.99064,12.231,-10.276,13.438,True
HC_06,healthy,16.17,0.24418,0.05732,1.0104,9.904,-8.959,10.908,True
HC_06,healthy,16.18,0.20932,0.07066,1.01633,9.0,-9.309,10.378,True
HC_06,healthy,16.19,0.21794,0.06806,0.99233,9.436,-10.182,10.255,True
HC_06,healthy,16.2,0.19054,0.05077,1.01358,7.215,-10.377,8.573,True
HC_06,healthy,16.21,0.20218,0.06654,1.06304,6.017,-11.707,9.055,True
HC_06,healthy,16.22,0.16833,0.04476,1.05386,5.382,-11.487,9.138,True
HC_06,healthy,16.23,0.13834,0.0481,1.0446,5.789,-11.522,4.03,True
HC_06,healthy,16.240000000000002,0.14211,0.05464,1.05302,3.636,-11.886,3.962,True
HC_06,healthy,16.25,0.13813,0.04446,1.03035,2.212,-12.633,1.768,True
HC_06,healthy,16.26,0.1098,0.02879,1.05196,0.53,-10.687,1.924,True
HC_06,healthy,16.27,0.11635,0.05177,1.06089,0.647,-12.974,0.467,True
HC_06,healthy,16.28,0.11732,0.03192,1.06007,-0.145,-10.922,-0.811,True
HC_06,healthy,16.29,0.14335,0.06737,1.04446,-1.768,-13.097,-0.945,True
HC_06,healthy,16.3,0.09025,0.04522,1.04671,-3.502,-11.359,-2.033,True
HC_06,healthy,16.31,0.06436,0.04076,1.05302,-5.108,-11.955,-5.852,True
HC_06,healthy,16.32,0.05847,0.05623,1.04745,-5.88,-11.076,-5.295,True
HC_06,healthy,16.330000000000002,0.0563,0.04602,1.02305,-5.798,-10.286,-6.811,True
HC_06,healthy,16.34,0.06859,0.03697,1.04147,-6.243,-11.039,-8.091,True
HC_06,healthy,16.35,0.03179,0.06273,1.0169,-6.52,-11.142,-10.592,True
HC_06,healthy,16.36,0.0092,0.05588,1.01359,-6.745,-10.194,-9.621,True
HC_06,healthy,16.37,-0.00365,0.06767,0.9932,-10.053,-8.802,-10.543,True
HC_06,healthy,16.38,0.00656,0.08365,1.03053,-10.325,-7.86,-12.102,True
HC_06,healthy,16.39,-0.00396,0.07469,1.01255,-10.512,-9.238,-11.575,True
HC_06,healthy,16.4,0.00564,0.07574,0.9888,-12.833,-7.287,-13.127,True
HC_06,healthy,16.41,-0.03142,0.08779,0.98055,-13.08,-7.127,-14.503,True
HC_06,healthy,16.42,-0.05034,0.10601,0.95547,-14.073,-6.81,-15.135,True
HC_06,healthy,16.43,-0.04637,0.10328,0.9728,-13.604,-4.641,-15.749,True
HC_06,healthy,16.44,-0.05958,0.12877,0.96142,-15.786,-4.273,-16.26,True
HC_06,healthy,16.45,-0.0851,0.13794,0.96278,-13.842,-4.452,-17.605,True
HC_06,healthy,16.46,-0.08472,0.15121,0.94548,-14.655,-4.72,-16.084,True
HC_06,healthy,16.47,-0.04552,0.15092,0.94352,-15.125,-4.125,-17.274,True
HC_06,healthy,16.48,-0.0554,0.14985,0.94533,-16.979,-2.815,-18.659,True
HC_06,healthy,16.490000000000002,-0.05453,0.15756,0.91777,-16.223,-1.361,-18.385,True
HC_06,healthy,16.5,-0.09129,0.15753,0.91248,-14.456,-1.889,-17.474,True
HC_06,healthy,16.51,-0.07705,0.17816,0.90506,-16.1,-0.205,-16.167,True
HC_06,healthy,16.52,-0.06984,0.19235,0.90555,-14.638,0.968,-18.764,True
HC_06,healthy,16.53,-0.05744,0.18127,0.93373,-14.702,2.112,-17.245,True
HC_06,healthy,16.54,-0.07339,0.18874,0.89,-15.142,1.998,-17.504,True
HC_06,healthy,16.55,-0.05424,0.21791,0.88364,-14.249,3.384,-15.803,True
HC_06,healthy,16.56,-0.04215,0.2339,0.88101,-14.748,5.173,-16.904,True
HC_06,healthy,16.57,-0.06148,0.26352,0.88426,-13.444,5.93,-16.916,True
HC_06,healthy,16.580000000000002,-0.0352,0.23231,0.89915,-13.222,4.648,-15.183,True
HC_06,healthy,16.59,-0.01437,0.25859,0.90203,-12.726,5.35,-14.607,True
HC_06,healthy,16.6,-0.02977,0.22939,0.88913,-12.926,7.372,-13.49,True
HC_06,healthy,16.61,-0.01733,0.30124,0.9077,-11.29,7.335,-12.727,True
HC_06,healthy,16.62,0.01057,0.27224,0.89956,-11.797,9.262,-12.95,True
HC_06,healthy,16.63,-0.01588,0.27665,0.90143,-10.519,7.928,-11.232,True
HC_06,healthy,16.64,-0.01616,0.28937,0.91798,-9.754,10.533,-8.828,True
HC_06,healthy,16.65,-0.00135,0.30442,0.91817,-8.702,9.319,-10.532,True
HC_06,healthy,16.66,0.01028,0.258,0.93885,-7.439,9.359,-8.237,True
HC_06,healthy,16.67,0.04345,0.30744,0.91662,-6.962,10.427,-7.176,True
HC_06,healthy,16.68,0.04459,0.31696,0.90458,-5.966,11.268,-6.105,True
HC_06,healthy,16.69,0.04084,0.30667,0.94388,-4.768,9.381,-6.396,True
HC_06,healthy,16.7,0.05489,0.28373,0.94227,-3.696,10.502,-3.391,True
HC_06,healthy,16.71,0.07652,0.30038,0.96676,-1.122,10.823,-2.446,True
HC_06,healthy,16.72,0.07183,0.31326,0.95376,-1.731,10.267,-3.306,True
HC_06,healthy,16.73,0.10521,0.31083,0.99685,-0.321,12.16,-2.304,True
HC_06,healthy,16.740000000000002,0.09786,0.28707,0.98541,1.28,11.396,-0.017,True
HC_06,healthy,16.75,0.12258,0.30204,0.99109,2.009,10.026,-0.013,True
HC_06,healthy,16.76,0.12961,0.32625,0.99398,0.417,12.325,0.663,True
HC_06,healthy,16.77,0.14581,0.28391,0.96812,3.936,10.708,3.065,True
HC_06,healthy,16.78,0.16231,0.32721,0.9912,3.5,10.999,5.084,True
HC_06,healthy,16.79,0.15065,0.30225,1.0162,5.504,10.234,6.254,True
HC_06,healthy,16.8,0.17958,0.2953,1.00417,4.888,11.442,5.875,True
HC_06,healthy,16.81,0.21139,0.29019,0.99026,6.545,10.258,7.964,True
HC_06,healthy,16.82,0.21483,0.28319,1.03288,6.975,8.85,8.721,True
HC_06,healthy,16.830000000000002,0.17301,0.28987,1.03632,8.738,8.774,8.454,True
HC_06,healthy,16.84,0.1935,0.24086,0.98633,7.452,6.229,9.483,True
HC_06,healthy,16.85,0.23676,0.27929,1.03593,9.532,7.387,10.872,True
HC_06,healthy,16.86,0.20916,0.26622,1.01249,10.179,8.43,10.691,True
HC_06,healthy,16.87,0.21556,0.23078,1.04024,10.598,5.207,12.586,True
HC_06,healthy,16.88,0.23248,0.25051,1.03948,10.967,4.774,13.317,True
HC_06,healthy,16.89,0.24839,0.22679,1.04525,11.433,4.762,12.778,True
HC_06,healthy,16.9,0.25924,0.23302,1.02093,13.454,4.507,12.239,True
HC_06,healthy,16.91,0.21148,0.23864,1.03932,10.937,2.264,12.384,True
HC_06,healthy,16.92,0.23711,0.21195,1.02159,12.199,3.761,13.843,True
HC_06,healthy,16.93,0.21805,0.20871,1.03799,12.632,1.888,13.032,True
HC_06,healthy,16.94,0.24416,0.21793,1.03689,13.292,2.625,15.148,True
HC_06,healthy,16.95,0.22287,0.22362,1.05032,11.958,1.442,14.302,True
HC_06,healthy,16.96,0.24074,0.16618,1.02177,12.604,2.387,14.834,True
HC_06,healthy,16.97,0.25099,0.17378,1.00924,11.838,0.353,15.386,True
HC_06,healthy,16.98,0.23872,0.1781,1.00336,12.293,-0.964,13.435,True
HC_06,healthy,16.990000000000002,0.22881,0.14937,0.98904,13.782,0.456,15.56,True
HC_06,healthy,17.0,0.22252,0.1284,1.00859,12.577,-2.157,13.612,True
HC_06,healthy,17.01,0.23654,0.13898,1.00868,11.979,-2.769,13.956,True
HC_06,healthy,17.02,0.23666,0.13647,1.01482,11.989,-2.176,14.091,True
HC_06,healthy,17.03,0.24502,0.14575,0.97908,11.859,-6.009,12.83,True
HC_06,healthy,17.04,0.21548,0.14393,0.93924,10.757,-3.7,11.692,True
HC_06,healthy,17.05,0.21706,0.11437,0.98434,11.643,-4.484,12.427,True
HC_06,healthy,17.06,0.21643,0.13423,0.99176,11.028,-5.711,11.244,True
HC_06,healthy,17.07,0.2393,0.0945,0.95603,8.969,-5.317,9.605,True
HC_06,healthy,17.080000000000002,0.20208,0.11123,0.95851,8.431,-5.94,11.295,True
HC_06,healthy,17.09,0.20706,0.11573,0.92947,8.334,-6.913,10.613,True
HC_06,healthy,17.1,0.16821,0.09742,0.94487,7.123,-7.206,9.238,True
HC_06,healthy,17.11,0.16749,0.07614,0.95058,6.915,-6.988,8.832,True
HC_06,healthy,17.12,0.15632,0.09982,0.94876,6.255,-9.617,6.985,True
HC_06,healthy,17.13,0.17618,0.08045,0.93879,3.599,-7.399,4.898,True
HC_06,healthy,17.14,0.16013,0.07643,0.93848,5.891,-8.001,5.406,True
HC_06,healthy,17.150000000000002,0.1557,0.09011,0.91646,3.52,-6.942,3.984,True
HC_06,healthy,17.16,0.15085,0.09035,0.93206,3.605,-7.751,3.161,True
HC_06,healthy,17.17,0.12197,0.08286,0.94196,3.541,-9.595,2.961,True
HC_06,healthy,17.18,0.13051,0.06214,0.91017,1.117,-9.381,1.388,True
HC_06,healthy,17.19,0.12068,0.06486,0.93222,0.881,-7.858,1.252,True
HC_06,healthy,17.2,0.11532,0.08874,0.92865,0.967,-7.458,-0.645,True
HC_06,healthy,17.21,0.08929,0.08686,0.89378,-0.521,-7.92,-0.234,True
HC_06,healthy,17.22,0.08128,0.07349,0.91929,-0.814,-7.155,-2.373,True
HC_06,healthy,17.23,0.0834,0.07781,0.91857,-1.606,-7.727,-2.992,True
HC_06,healthy,17.240000000000002,0.0631,0.07874,0.93991,-3.366,-5.916,-3.011,True
HC_06,healthy,17.25,0.06061,0.08893,0.93418,-2.503,-8.37,-2.933,True
HC_06,healthy,17.26,0.02988,0.07086,0.92329,-4.277,-6.931,-4.94,True
HC_06,healthy,17.27,0.03772,0.09351,0.95285,-4.298,-5.663,-4.425,True
HC_06,healthy,17.28,0.06427,0.10274,0.9249,-4.814,-7.384,-5.705,True
HC_06,healthy,17.29,0.03509,0.09474,0.94492,-7.335,-5.612,-6.782,True
HC_06,healthy,17.3,0.01048,0.09683,0.93865,-6.148,-5.01,-6.229,True
HC_06,healthy,17.31,0.05387,0.11011,0.96619,-7.23,-4.371,-7.646,True
HC_06,healthy,17.32,0.02699,0.10929,0.91373,-7.019,-6.813,-7.114,True
HC_06,healthy,17.330000000000002,0.01963,0.11931,0.94452,-6.021,-3.531,-9.011,True
HC_06,healthy,17.34,0.01912,0.12268,0.97303,-7.984,-2.741,-9.724,True
HC_06,healthy,17.35,0.03636,0.13613,0.97883,-6.787,-4.21,-9.819,True
HC_06,healthy,17.36,0.03086,0.13697,0.97086,-8.776,-3.643,-9.007,True
HC_06,healthy,17.37,-0.00485,0.14142,0.9671,-7.605,-3.653,-9.678,True
HC_06,healthy,17.38,-0.01553,0.14587,0.97059,-9.72,-0.815,-9.921,True
HC_06,healthy,17.39,-0.00158,0.13201,0.99938,-8.482,-1.466,-9.879,True
HC_06,healthy,17.400000000000002,0.00774,0.14497,0.97675,-6.628,-2.266,-7.706,True
HC_06,healthy,17.41,0.0081,0.18058,0.99464,-9.993,-1.818,-10.619,True
HC_06,healthy,17.42,0.01439,0.16697,0.9652,-9.693,-0.34,-9.512,True
HC_06,healthy,17.43,0.02026,0.17746,1.01079,-9.934,-0.595,-10.277,True
HC_06,healthy,17.44,0.02064,0.17266,1.01124,-7.988,-0.644,-9.248,True
HC_06,healthy,17.45,0.01594,0.18484,1.00392,-10.0,0.623,-10.081,True
HC_06,healthy,17.46,0.00813,0.21233,1.02013,-8.579,0.867,-8.27,True
HC_06,healthy,17.47,0.00827,0.20989,1.02679,-6.848,2.467,-9.392,True
HC_06,healthy,17.48,0.03336,0.20208,1.00232,-7.129,0.72,-8.802,True
HC_06,healthy,17.490000000000002,0.00746,0.20159,1.02488,-8.775,1.585,-8.536,True
HC_06,healthy,17.5,0.00505,0.20762,0.99296,-6.563,3.083,-8.904,True
HC_06,healthy,17.51,0.05957,0.18286,1.01371,-6.107,2.767,-9.829,True
HC_06,healthy,17.52,0.03119,0.24352,1.03844,-6.761,4.162,-6.796,True
HC_06,healthy,17.53,0.02708,0.19295,0.99724,-8.092,3.873,-7.834,True
HC_06,healthy,17.54,0.0409,0.1979,1.01336,-5.82,3.48,-7.283,True
HC_06,healthy,17.55,0.03678,0.24407,1.02026,-4.046,4.152,-7.48,True
HC_06,healthy,17.56,0.04599,0.22256,0.98437,-5.522,2.904,-5.815,True
HC_06,healthy,17.57,0.06242,0.20307,0.99195,-3.667,5.195,-5.789,True
HC_06,healthy,17.580000000000002,0.06915,0.23139,1.02393,-2.273,4.357,-4.834,True
HC_06,healthy,17.59,0.03329,0.21521,1.00552,-2.991,3.653,-4.85,True
HC_06,healthy,17.6,0.05926,0.24165,0.99635,-3.854,5.252,-2.595,True
HC_06,healthy,17.61,0.0924,0.23978,0.98922,-2.804,4.243,-2.206,True
HC_06,healthy,17.62,0.07358,0.2256,0.9836,-2.737,4.833,-2.251,True
HC_06,healthy,17.63,0.08643,0.23745,0.97643,-0.611,4.816,-0.804,True
HC_06,healthy,17.64,0.1228,0.21663,0.96703,-2.58,5.766,-0.844,True
HC_06,healthy,17.650000000000002,0.09808,0.24369,0.96316,-0.482,4.26,-0.255,True
HC_06,healthy,17.66,0.11181,0.21874,1.00063,0.675,5.607,-0.378,True
HC_06,healthy,17.67,0.08117,0.23555,0.96802,0.01,5.135,-0.137,True
HC_06,healthy,17.68,0.09057,0.2158,0.97056,2.706,4.797,0.294,True
HC_06,healthy,17.69,0.12388,0.25847,0.96059,-0.09,4.45,0.005,True
HC_06,healthy,17.7,0.1462,0.24905,0.97791,2.66,3.996,2.329,True
HC_06,healthy,17.71,0.11547,0.24888,0.9496,-0.058,4.207,0.404,True
HC_06,healthy,17.72,0.11097,0.20032,0.96261,0.923,4.912,1.346,True
HC_06,healthy,17.73,0.11862,0.20055,0.97533,1.585,5.313,2.994,True
HC_06,healthy,17.740000000000002,0.12866,0.22039,0.9216,2.975,3.471,3.434,True
HC_06,healthy,17.75,0.11187,0.20216,0.98347,2.737,3.666,3.686,True
HC_06,healthy,17.76,0.12763,0.21019,0.95727,3.501,3.597,3.869,True
HC_06,healthy,17.77,0.12819,0.21116,0.95511,4.085,2.985,4.885,True
HC_06,healthy,17.78,0.1242,0.21577,0.93847,5.712,3.693,3.56,True
HC_06,healthy,17.79,0.13912,0.19319,0.98568,4.168,2.655,4.856,True
HC_06,healthy,17.8,0.13529,0.20834,0.9385,4.851,1.202,6.002,True
HC_06,healthy,17.81,0.13953,0.20301,0.9699,3.659,1.203,4.249,True
HC_06,healthy,17.82,0.18301,0.19381,0.96455,2.389,1.992,4.568,True
HC_06,healthy,17.830000000000002,0.12189,0.21035,0.94776,4.829,2.921,5.85,True
HC_06,healthy,17.84,0.10636,0.17444,0.93927,3.863,0.528,4.049,True
HC_06,healthy,17.85,0.17711,0.1863,0.97834,3.091,1.233,4.55,True
HC_06,healthy,17.86,0.18317,0.21604,0.95947,3.976,1.007,5.276,True
HC_06,healthy,17.87,0.16368,0.21022,0.98357,3.348,-0.264,5.991,True
HC_06,healthy,17.88,0.16293,0.18756,0.95803,2.858,-0.739,5.019,True
HC_06,healthy,17.89,0.10947,0.17582,0.9479,3.985,-0.449,2.828,True
HC_06,healthy,17.900000000000002,0.14132,0.16138,0.99123,3.493,-1.288,5.092,True
HC_06,healthy,17.91,0.14858,0.18557,0.9667,4.334,-0.308,5.242,True
HC_06,healthy,17.92,0.13803,0.14085,0.96648,4.143,0.588,5.105,True
HC_06,healthy,17.93,0.15055,0.18798,0.94593,4.444,0.142,4.83,True
HC_06,healthy,17.94,0.12863,0.15772,0.97965,3.96,-1.835,2.814,True
HC_06,healthy,17.95,0.14747,0.15893,0.97159,3.7,-0.763,4.082,True
HC_06,healthy,17.96,0.17165,0.14746,0.97998,4.12,0.971,2.939,True
HC_06,healthy,17.97,0.14853,0.17201,0.98464,2.545,-3.071,3.271,True
HC_06,healthy,17.98,0.16611,0.15391,0.98025,1.524,-1.049,2.608,True
HC_06,healthy,17.990000000000002,0.14884,0.18692,0.98123,2.117,-0.536,4.012,True
HC_06,healthy,18.0,0.12763,0.15005,0.95692,1.93,-2.54,3.031,True
HC_06,healthy,18.01,0.13792,0.14818,0.97975,2.011,-0.751,2.391,True
HC_06,healthy,18.02,0.11896,0.15281,0.97688,1.459,-1.684,1.59,True
HC_06,healthy,18.03,0.1096,0.17239,0.96952,3.126,-1.711,3.2,True
HC_06,healthy,18.04,0.12082,0.15967,0.97212,2.153,-1.702,3.559,True
HC_06,healthy,18.05,0.12121,0.15795,0.98105,0.523,-0.984,-0.228,True
HC_06,healthy,18.06,0.12065,0.15902,0.99855,0.437,-1.393,0.524,True
HC_06,healthy,18.07,0.09538,0.16268,0.97521,1.562,-1.809,1.784,True
HC_06,healthy,18.080000000000002,0.13598,0.16455,0.96723,0.266,-0.546,1.5,True
HC_06,healthy,18.09,0.12712,0.17317,0.99052,0.721,-1.227,1.913,True
HC_06,healthy,18.1,0.12288,0.15395,0.96919,0.575,-2.042,0.926,True
HC_06,healthy,18.11,0.14047,0.15204,0.98439,0.851,-1.514,0.123,True
HC_06,healthy,18.12,0.06964,0.14165,0.9849,0.952,-2.491,-0.828,True
HC_06,healthy,18.13,0.09994,0.16063,0.97039,0.162,-4.247,-0.085,True
HC_06,healthy,18.14,0.09559,0.17405,0.99798,-0.369,-0.64,-0.946,True
HC_06,healthy,18.150000000000002,0.09987,0.1519,0.99903,-0.814,-1.929,0.175,True
HC_06,healthy,18.16,0.10017,0.15593,0.99122,-1.206,-1.956,-0.654,True
HC_06,healthy,18.17,0.07732,0.15389,0.99067,0.245,-2.107,-1.039,True
HC_06,healthy,18.18,0.0836,0.18608,0.96832,-2.348,-0.258,-0.879,True
HC_06,healthy,18.19,0.10356,0.16677,0.98243,-0.263,-0.859,-1.887,True
HC_06,healthy,18.2,0.06651,0.17546,0.97267,0.02,-1.082,-1.1,True
HC_06,healthy,18.21,0.0835,0.17341,1.00217,-0.698,-1.296,-1.306,True
HC_06,healthy,18.22,0.09429,0.17106,0.97128,-1.11,-1.285,-0.644,True
HC_06,healthy,18.23,0.08884,0.18385,0.96525,-1.167,-1.154,-0.945,True
HC_06,healthy,18.240000000000002,0.09414,0.14136,0.99849,-0.576,-1.546,-1.5,True
HC_06,healthy,18.25,0.11239,0.15855,0.9768,-1.071,-0.234,-1.769,True
HC_06,healthy,18.26,0.06805,0.17276,0.97755,-0.246,-0.218,-1.333,True
HC_06,healthy,18.27,0.07834,0.15896,0.98187,-2.666,-0.727,-1.812,True
HC_06,healthy,18.28,0.08632,0.18616,0.96726,-0.959,-1.324,-2.499,True
HC_06,healthy,18.29,0.0891,0.1743,0.97231,-1.095,0.491,-1.065,True
HC_06,healthy,18.3,0.08804,0.14977,0.99583,-1.866,-0.583,-1.163,True
HC_06,healthy,18.31,0.08008,0.18417,0.96794,-0.834,1.148,-1.775,True
HC_06,healthy,18.32,0.09354,0.17392,0.97818,-2.257,0.039,-1.342,True
HC_06,healthy,18.330000000000002,0.09625,0.20009,0.95316,-1.019,-0.319,-1.915,True
HC_06,healthy,18.34,0.1196,0.14122,0.96319,-0.354,0.719,-1.414,True
HC_06,healthy,18.35,0.08239,0.1772,0.99799,-1.296,-0.121,-1.426,True
HC_06,healthy,18.36,0.12624,0.16353,0.94432,-1.448,-0.325,-0.949,True
HC_06,healthy,18.37,0.08981,0.18228,0.96863,-0.451,-1.34,-1.455,True
HC_06,healthy,18.38,0.08619,0.15729,0.95337,0.053,0.879,-2.127,True
HC_06,healthy,18.39,0.07837,0.16371,0.9834,-1.386,1.806,-0.266,True
HC_06,healthy,18.400000000000002,0.09766,0.17545,0.96393,-0.947,0.641,0.429,True
HC_06,healthy,18.41,0.10118,0.16651,0.98111,-0.599,-1.133,-0.922,True
HC_06,healthy,18.42,0.08464,0.18349,0.9585,-1.139,0.423,-0.475,True
HC_06,healthy,18.43,0.10185,0.18662,0.96699,-0.244,0.025,0.445,True
HC_06,healthy,18.44,0.11357,0.20335,0.97137,-0.926,0.648,-0.761,True
HC_06,healthy,18.45,0.12204,0.18597,0.96457,-0.579,-0.473,-1.188,True
HC_06,healthy,18.46,0.12405,0.18475,0.94208,-0.762,0.119,-0.009,True
HC_06,healthy,18.47,0.11954,0.17958,0.99653,0.285,1.088,0.207,True
HC_06,healthy,18.48,0.11043,0.17237,0.96801,-1.004,-0.566,0.071,True
HC_06,healthy,18.490000000000002,0.07627,0.17849,0.97155,-0.775,0.63,0.008,True
HC_06,healthy,18.5,0.10531,0.19598,0.95459,-0.297,0.219,2.759,True
HC_06,healthy,18.51,0.13079,0.14139,0.96215,0.572,0.368,-0.129,True
HC_06,healthy,18.52,0.12021,0.19926,0.96572,-1.56,0.15,1.071,True
HC_06,healthy,18.53,0.10003,0.18402,0.95824,-1.077,0.855,0.334,True
HC_06,healthy,18.54,0.08651,0.19976,0.97869,1.124,0.369,0.936,True
HC_06,healthy,18.55,0.12759,0.17993,0.95801,0.722,-0.488,-0.971,True
HC_06,healthy,18.56,0.10001,0.17001,0.94702,1.465,-1.948,1.485,True
HC_06,healthy,18.57,0.12274,0.1852,0.96028,0.382,0.298,0.948,True
HC_06,healthy,18.580000000000002,0.10151,0.19331,0.9752,0.799,-0.125,0.623,True
HC_06,healthy,18.59,0.13448,0.17565,0.98198,1.25,-1.336,0.06,True
HC_06,healthy,18.6,0.13418,0.16985,0.97034,0.52,-0.474,-0.927,True
HC_06,healthy,18.61,0.13167,0.16485,0.9531,-0.251,-0.281,-1.418,True
HC_06,healthy,18.62,0.10721,0.16493,0.9684,-0.874,-0.109,0.181,True
HC_06,healthy,18.63,0.09246,0.19651,0.96808,1.24,-1.241,-0.659,True
HC_06,healthy,18.64,0.10507,0.18073,0.94449,-0.933,0.617,-1.421,True
HC_06,healthy,18.650000000000002,0.10827,0.17534,0.99098,0.077,0.055,0.328,True
HC_06,healthy,18.66,0.11263,0.18088,0.97956,0.462,0.314,0.068,True
HC_06,healthy,18.67,0.11791,0.19705,0.95845,-2.935,0.356,0.24,True
HC_06,healthy,18.68,0.12047,0.17253,0.9756,0.502,0.346,0.351,True
HC_06,healthy,18.69,0.11571,0.19921,0.9638,1.096,-0.339,0.949,True
HC_06,healthy,18.7,0.14638,0.17529,0.96749,0.341,0.469,-0.505,True
HC_06,healthy,18.71,0.1125,0.1938,0.97487,-0.02,-0.425,-0.079,True
HC_06,healthy,18.72,0.0988,0.18611,0.94542,-0.485,0.06,0.863,True
HC_06,healthy,18.73,0.11444,0.17165,0.98247,0.131,-0.35,0.433,True
HC_06,healthy,18.740000000000002,0.10182,0.18659,0.95216,-0.946,1.094,1.289,True
HC_06,healthy,18.75,0.11634,0.17695,0.95019,0.501,0.024,-0.005,True
HC_06,healthy,18.76,0.10404,0.19052,0.96013,-0.855,2.104,-0.73,True
HC_06,healthy,18.77,0.11886,0.17703,0.95608,-0.387,-0.992,0.385,True
HC_06,healthy,18.78,0.1083,0.18594,0.95732,-0.854,0.317,0.234,True
HC_06,healthy,18.79,0.11958,0.17219,0.95461,1.308,0.052,-1.335,True
HC_06,healthy,18.8,0.11707,0.18079,0.96858,0.616,1.397,0.57,True
HC_06,healthy,18.81,0.10516,0.15582,0.96951,0.501,-0.717,0.988,True
HC_06,healthy,18.82,0.11612,0.17037,0.96036,-0.935,0.457,1.056,True
HC_06,healthy,18.830000000000002,0.13987,0.18726,0.96605,0.347,0.14,-0.77,True
HC_06,healthy,18.84,0.10809,0.18943,0.95028,-0.823,0.551,0.319,True
HC_06,healthy,18.85,0.12502,0.19374,0.98472,0.405,0.049,-0.544,True
HC_06,healthy,18.86,0.11971,0.18937,0.98372,-1.012,1.222,0.605,True
HC_06,healthy,18.87,0.13436,0.18019,0.95464,-0.868,-0.036,-0.993,True
HC_06,healthy,18.88,0.12346,0.20595,0.95158,0.349,0.778,0.723,True
HC_06,healthy,18.89,0.11598,0.18709,0.97046,0.811,-0.652,-2.724,True
HC_06,healthy,18.900000000000002,0.13005,0.18006,0.94595,-0.052,0.228,0.485,True
HC_06,healthy,18.91,0.11054,0.18908,0.94717,-0.449,0.407,0.219,True
HC_06,healthy,18.92,0.11147,0.17429,0.97791,-1.099,0.291,-0.58,True
HC_06,healthy,18.93,0.09716,0.19249,0.95736,0.84,-0.208,-0.158,True
HC_06,healthy,18.94,0.12023,0.18494,0.9558,0.052,-0.583,-0.678,True
HC_06,healthy,18.95,0.11758,0.18628,0.97627,0.435,0.342,1.459,True
HC_06,healthy,18.96,0.11738,0.18467,0.9602,1.027,0.439,0.145,True
HC_06,healthy,18.97,0.12427,0.19272,0.96867,-0.914,-0.293,0.391,True
HC_06,healthy,18.98,0.09514,0.16721,0.97963,-0.138,-0.632,0.15,True
HC_06,healthy,18.990000000000002,0.13864,0.15349,0.9498,1.164,-2.137,1.729,True
HC_06,healthy,19.0,0.13587,0.16036,0.97404,0.251,-0.2,0.16,True
HC_06,healthy,19.01,0.10449,0.19983,0.99413,1.224,-0.743,1.651,True
HC_06,healthy,19.02,0.11835,0.1619,0.93571,0.202,-0.716,1.031,True
HC_06,healthy,19.03,0.12637,0.18941,0.9798,-1.583,-1.493,1.551,True
HC_06,healthy,19.04,0.11833,0.19056,0.94629,0.916,-0.25,-0.138,True
HC_06,healthy,19.05,0.13218,0.16115,0.97098,-0.244,-1.527,1.245,True
HC_06,healthy,19.06,0.10883,0.20425,0.9689,-0.732,0.075,0.149,True
HC_06,healthy,19.07,0.12363,0.1668,0.97492,-0.348,-1.676,0.25,True
HC_06,healthy,19.080000000000002,0.11668,0.18455,0.95347,1.229,-0.108,0.443,True
HC_06,healthy,19.09,0.09717,0.2106,0.98679,-0.131,-0.073,-0.609,True
HC_06,healthy,19.1,0.1052,0.19087,0.94372,0.182,-1.728,-0.09,True
HC_06,healthy,19.11,0.14071,0.17684,0.9742,-1.274,0.906,1.55,True
HC_06,healthy,19.12,0.12777,0.19072,0.96711,-1.777,-1.584,-0.654,True
HC_06,healthy,19.13,0.1077,0.21722,0.96837,-0.994,-1.139,0.627,True
HC_06,healthy,19.14,0.13112,0.1593,0.94147,-0.992,-0.399,-0.586,True
HC_06,healthy,19.150000000000002,0.11004,0.18137,0.94969,-0.534,1.185,-0.285,True
HC_06,healthy,19.16,0.1416,0.19328,0.95015,0.957,-1.013,-0.258,True
HC_06,healthy,19.17,0.11986,0.16938,0.96982,-0.474,-0.027,1.482,True
HC_06,healthy,19.18,0.10675,0.16433,0.9863,-2.186,-0.443,-0.188,True
HC_06,healthy,19.19,0.11669,0.19433,0.93373,-1.692,-0.38,0.445,True
HC_06,healthy,19.2,0.12029,0.17967,0.93682,-0.835,0.36,-1.085,True
HC_06,healthy,19.21,0.11972,0.1885,0.95499,-1.086,-3.307,-0.452,True
HC_06,healthy,19.22,0.10056,0.16261,0.97219,-2.041,0.732,-2.283,True
HC_06,healthy,19.23,0.10702,0.19151,0.95819,-1.632,0.258,-1.774,True
HC_06,healthy,19.240000000000002,0.09256,0.14159,0.96865,-1.614,1.807,-1.618,True
HC_06,healthy,19.25,0.13079,0.16265,0.96504,-2.129,-0.666,-2.538,True
HC_06,healthy,19.26,0.12231,0.16558,0.95279,-0.198,-0.533,-0.999,True
HC_06,healthy,19.27,0.12353,0.1879,0.96063,-1.626,0.793,-2.582,True
HC_06,healthy,19.28,0.1175,0.15316,0.98832,-2.183,-0.958,-2.102,True
HC_06,healthy,19.29,0.10118,0.18926,0.96881,-1.126,1.405,-2.905,True
HC_06,healthy,19.3,0.11354,0.18954,0.987,-1.718,-0.795,-2.192,True
HC_06,healthy,19.31,0.12211,0.1707,0.96178,-1.323,1.168,-2.64,True
HC_06,healthy,19.32,0.08067,0.19099,0.9609,-1.477,-1.056,-2.623,True
HC_06,healthy,19.330000000000002,0.12154,0.206,0.98468,-2.011,0.403,-1.871,True
HC_06,healthy,19.34,0.11888,0.19007,0.96867,-1.417,0.132,-3.415,True
HC_06,healthy,19.35,0.11545,0.19289,0.99393,-2.587,1.221,-2.853,True
HC_06,healthy,19.36,0.10388,0.20691,0.96597,-2.109,0.03,-2.999,True
HC_06,healthy,19.37,0.09823,0.2201,0.99122,-1.311,1.022,-1.475,True
HC_06,healthy,19.38,0.10478,0.20854,0.97816,-2.56,0.023,-1.751,True
HC_06,healthy,19.39,0.11315,0.19656,0.94323,-1.515,1.753,-1.561,True
HC_06,healthy,19.400000000000002,0.11809,0.19109,0.9457,-3.195,1.643,-3.141,True
HC_06,healthy,19.41,0.10507,0.20502,0.96275,-0.301,-0.389,-2.536,True
HC_06,healthy,19.42,0.10825,0.20016,0.97744,-3.259,3.002,-1.728,True
HC_06,healthy,19.43,0.11778,0.22693,0.97071,-2.822,0.329,-1.647,True
HC_06,healthy,19.44,0.11479,0.21609,0.94784,-1.108,1.23,0.384,True
HC_06,healthy,19.45,0.1077,0.2446,0.97422,-1.045,2.054,-2.96,True
HC_06,healthy,19.46,0.12947,0.20829,0.97779,-1.625,1.992,-2.065,True
HC_06,healthy,19.47,0.12185,0.18916,0.94426,-1.279,3.173,-0.196,True
HC_06,healthy,19.48,0.14407,0.22849,0.98297,-1.644,3.029,0.208,True
HC_06,healthy,19.490000000000002,0.13218,0.21616,0.93791,-1.566,3.384,-0.821,True
HC_06,healthy,19.5,0.15035,0.2094,0.95469,-0.579,1.183,-0.519,True
HC_06,healthy,19.51,0.13592,0.22222,0.98173,-0.721,1.362,-0.811,True
HC_06,healthy,19.52,0.11267,0.22103,0.96173,0.51,3.016,-0.699,True
HC_06,healthy,19.53,0.13712,0.23853,0.95645,1.474,1.8,-0.85,True
HC_06,healthy,19.54,0.17081,0.23183,0.94695,0.964,3.352,0.43,True
HC_06,healthy,19.55,0.13595,0.22119,0.93339,0.92,2.205,-0.111,True
HC_06,healthy,19.56,0.1502,0.21758,0.92383,0.61,1.318,0.96,True
HC_06,healthy,19.57,0.16997,0.23303,0.95951,1.204,2.447,1.638,True
HC_06,healthy,19.580000000000002,0.17006,0.19859,0.91861,0.579,3.267,0.565,True
HC_06,healthy,19.59,0.16155,0.23846,0.92948,1.998,3.755,2.528,True
HC_06,healthy,19.6,0.17822,0.22428,0.95056,2.7,3.249,2.168,True
HC_06,healthy,19.61,0.16454,0.22983,0.93911,3.163,2.135,1.908,True
HC_06,healthy,19.62,0.16795,0.21556,0.97316,3.664,2.973,3.554,True
HC_06,healthy,19.63,0.18497,0.23132,0.9514,2.469,3.071,1.713,True
HC_06,healthy,19.64,0.14512,0.2191,0.94245,3.23,3.651,2.265,True
HC_06,healthy,19.650000000000002,0.18375,0.18843,0.94329,3.278,3.059,3.314,True
HC_06,healthy,19.66,0.20952,0.22352,0.92928,3.098,3.197,3.915,True
HC_06,healthy,19.67,0.19722,0.22006,0.91915,2.557,1.467,3.714,True
HC_06,healthy,19.68,0.18476,0.2109,0.94487,4.147,1.061,4.256,True
HC_06,healthy,19.69,0.18161,0.211,0.9223,4.357,1.046,6.066,True
HC_06,healthy,19.7,0.16871,0.20505,0.91651,4.462,1.766,5.143,True
HC_06,healthy,19.71,0.21577,0.20676,0.94141,4.614,0.909,5.427,True
HC_06,healthy,19.72,0.19207,0.22812,0.91747,4.082,1.512,5.212,True
HC_06,healthy,19.73,0.18934,0.18779,0.93066,4.967,0.534,6.786,True
HC_06,healthy,19.740000000000002,0.21407,0.20246,0.92952,6.567,0.647,6.376,True
HC_06,healthy,19.75,0.19148,0.21672,0.91504,4.848,-0.477,6.513,True
HC_06,healthy,19.76,0.21072,0.2088,0.94052,6.365,0.385,5.031,True
HC_06,healthy,19.77,0.20436,0.19794,0.93502,6.468,1.287,5.428,True
HC_06,healthy,19.78,0.21191,0.1924,0.93824,5.771,-1.794,7.382,True
HC_06,healthy,19.79,0.23041,0.16767,0.95479,3.792,-0.929,5.25,True
HC_06,healthy,19.8,0.21513,0.19619,0.95366,5.639,-2.356,5.917,True
HC_06,healthy,19.81,0.20035,0.19367,0.9331,6.876,-1.747,6.589,True
HC_06,healthy,19.82,0.22287,0.19153,0.93575,5.96,-3.808,7.19,True
HC_06,healthy,19.830000000000002,0.20135,0.17809,0.95966,5.359,-1.321,6.845,True
HC_06,healthy,19.84,0.18618,0.16142,0.93403,5.654,-2.314,6.183,True
HC_06,healthy,19.85,0.20652,0.17596,0.95586,5.648,-2.329,5.983,True
HC_06,healthy,19.86,0.18425,0.16346,0.94744,6.05,-2.058,6.799,True
HC_06,healthy,19.87,0.20987,0.16302,0.96942,4.835,-3.434,6.9,True
HC_06,healthy,19.88,0.19879,0.16129,0.9706,4.114,-3.54,4.448,True
HC_06,healthy,19.89,0.19367,0.15493,0.97136,5.927,-4.618,4.952,True
HC_06,healthy,19.900000000000002,0.21172,0.13484,0.99098,4.622,-4.016,4.718,True
HC_06,healthy,19.91,0.19238,0.14598,0.96197,3.136,-3.733,3.676,True
HC_06,healthy,19.92,0.1724,0.15301,0.97414,4.402,-4.669,2.913,True
HC_06,healthy,19.93,0.19607,0.14616,0.95233,2.624,-5.044,3.845,True
HC_06,healthy,19.94,0.16996,0.14236,0.97606,2.335,-5.073,3.462,True
HC_06,healthy,19.95,0.15807,0.13859,0.98784,2.495,-6.343,2.472,True
HC_06,healthy,19.96,0.15973,0.11553,0.99027,2.656,-5.139,3.374,True
HC_06,healthy,19.97,0.17115,0.12185,1.00374,0.805,-6.389,1.791,True
HC_06,healthy,19.98,0.18145,0.13095,1.00182,-0.931,-7.118,0.858,True
HC_06,healthy,19.990000000000002,0.13546,0.14471,0.9565,-0.717,-6.085,0.774,True
HC_06,healthy,20.0,0.14652,0.14574,0.96655,-0.598,-5.256,-0.284,True
HC_06,healthy,20.01,0.13136,0.12778,0.97287,-0.136,-5.747,-1.386,True
HC_06,healthy,20.02,0.14365,0.12278,0.97428,-1.42,-6.964,-1.751,True
HC_06,healthy,20.03,0.12281,0.11152,0.96449,-2.646,-7.417,-2.379,True
HC_06,healthy,20.04,0.12607,0.10972,0.98656,-2.647,-5.355,-1.548,True
HC_06,healthy,20.05,0.11077,0.11413,0.99382,-2.687,-6.261,-2.902,True
HC_06,healthy,20.06,0.06525,0.13375,0.94811,-3.996,-5.8,-5.465,True
HC_06,healthy,20.07,0.10566,0.15092,0.99753,-5.174,-5.533,-4.569,True
HC_06,healthy,20.080000000000002,0.10184,0.13155,0.97285,-5.009,-5.961,-4.744,True
HC_06,healthy,20.09,0.10179,0.13883,0.97441,-5.135,-4.401,-7.018,True
HC_06,healthy,20.1,0.09857,0.15887,0.97732,-7.138,-3.923,-7.858,True
HC_06,healthy,20.11,0.09943,0.1602,0.97958,-6.444,-4.372,-6.685,True
HC_06,healthy,20.12,0.07858,0.17663,0.96983,-6.752,-4.83,-7.031,True
HC_06,healthy,20.13,0.07747,0.15425,0.95628,-7.124,-4.839,-8.584,True
HC_06,healthy,20.14,0.04839,0.16858,0.95349,-8.595,-6.366,-7.73,True
HC_06,healthy,20.150000000000002,0.03847,0.18234,0.97277,-9.005,-3.495,-9.189,True
HC_06,healthy,20.16,0.07826,0.15437,0.94379,-9.366,-2.334,-9.442,True
HC_06,healthy,20.17,0.06184,0.18147,0.94479,-8.641,-2.428,-9.936,True
HC_06,healthy,20.18,0.03336,0.18079,0.94114,-9.677,-2.577,-10.102,True
HC_06,healthy,20.19,0.04237,0.18113,0.92511,-9.712,-1.04,-11.42,True
HC_06,healthy,20.2,0.04432,0.19463,0.90431,-10.422,-2.338,-10.284,True
HC_06,healthy,20.21,0.03126,0.21878,0.93156,-11.219,-1.289,-11.009,True
HC_06,healthy,20.22,0.04489,0.19497,0.9068,-9.165,-1.226,-9.885,True
HC_06,healthy,20.23,0.05131,0.19756,0.90254,-10.674,0.506,-11.67,True
HC_06,healthy,20.240000000000002,0.0288,0.20466,0.90485,-10.923,0.842,-10.384,True
HC_06,healthy,20.25,0.05667,0.23652,0.90057,-11.27,1.61,-12.251,True
HC_06,healthy,20.26,0.05371,0.24846,0.89591,-9.359,2.781,-11.039,True
HC_06,healthy,20.27,0.03872,0.22116,0.89443,-8.733,1.366,-12.452,True
HC_06,healthy,20.28,0.03102,0.23644,0.89963,-9.971,2.754,-10.646,True
HC_06,healthy,20.29,0.05117,0.25732,0.93117,-10.373,3.154,-10.733,True
HC_06,healthy,20.3,0.05504,0.27129,0.91034,-8.209,4.779,-9.741,True
HC_06,healthy,20.31,0.04465,0.26934,0.87687,-7.759,3.677,-11.287,True
HC_06,healthy,20.32,0.06218,0.25472,0.88302,-8.826,4.302,-10.745,True
HC_06,healthy,20.330000000000002,0.06967,0.2691,0.85453,-9.461,4.751,-8.789,True
HC_06,healthy,20.34,0.09256,0.26512,0.88607,-8.771,5.729,-8.687,True
HC_06,healthy,20.35,0.07485,0.31041,0.90553,-7.871,6.22,-8.758,True
HC_06,healthy,20.36,0.08591,0.28407,0.88744,-5.697,7.732,-8.825,True
HC_06,healthy,20.37,0.1097,0.28696,0.90094,-5.808,7.418,-8.177,True
HC_06,healthy,20.38,0.1048,0.28609,0.87899,-6.393,7.466,-6.947,True
HC_06,healthy,20.39,0.09907,0.30392,0.91827,-5.171,8.165,-5.687,True
HC_06,healthy,20.400000000000002,0.11387,0.31249,0.93411,-3.995,9.967,-5.187,True
HC_06,healthy,20.41,0.13587,0.28464,0.91831,-3.541,9.208,-5.009,True
HC_06,healthy,20.42,0.14237,0.30782,0.90845,-2.59,8.113,-3.042,True
HC_06,healthy,20.43,0.11798,0.3023,0.90826,-1.273,8.531,-1.318,True
HC_06,healthy,20.44,0.15817,0.32244,0.90549,-2.09,9.827,-2.831,True
HC_06,healthy,20.45,0.16366,0.32203,0.93954,-1.388,10.81,0.32,True
HC_06,healthy,20.46,0.16218,0.29502,0.9393,0.659,9.652,0.585,True
HC_06,healthy,20.47,0.15673,0.31756,0.95998,1.869,9.157,0.862,True
HC_06,healthy,20.48,0.22759,0.28187,0.94718,1.313,7.851,2.653,True
HC_06,healthy,20.490000000000002,0.18433,0.3094,0.98371,3.382,11.433,2.585,True
HC_06,healthy,20.5,0.19366,0.31797,0.97456,3.983,9.628,4.004,True
HC_06,healthy,20.51,0.21634,0.28408,0.98351,3.976,8.906,5.26,True
HC_06,healthy,20.52,0.19873,0.31843,0.98044,5.421,7.282,5.777,True
HC_06,healthy,20.53,0.21782,0.28884,0.98735,5.825,7.921,7.028,True
HC_06,healthy,20.54,0.2505,0.31804,1.00032,7.612,8.148,7.433,True
HC_06,healthy,20.55,0.2522,0.28654,0.98863,6.865,6.68,8.825,True
HC_06,healthy,20.56,0.24632,0.31389,0.99454,7.884,8.198,10.303,True
HC_06,healthy,20.57,0.23994,0.30825,0.97972,8.755,7.62,11.275,True
HC_06,healthy,20.580000000000002,0.30244,0.29128,1.02289,9.17,7.887,10.507,True
HC_06,healthy,20.59,0.27083,0.29029,0.98318,9.73,6.359,11.32,True
HC_06,healthy,20.6,0.3187,0.2646,0.99841,11.433,5.873,11.863,True
HC_06,healthy,20.61,0.31786,0.28484,1.02011,12.107,6.511,14.625,True
HC_06,healthy,20.62,0.30759,0.27671,1.02276,12.979,4.775,12.955,True
HC_06,healthy,20.63,0.30697,0.2758,1.01305,13.029,3.87,12.97,True
HC_06,healthy,20.64,0.34079,0.26371,0.96835,12.453,3.641,14.59,True
HC_06,healthy,20.650000000000002,0.35074,0.23185,0.98465,13.147,2.514,13.841,True
HC_06,healthy,20.66,0.28995,0.22327,1.00373,12.018,1.919,14.532,True
HC_06,healthy,20.67,0.32383,0.24163,1.02294,13.88,0.169,15.389,True
HC_06,healthy,20.68,0.33854,0.24224,1.01411,13.173,1.326,15.964,True
HC_06,healthy,20.69,0.31538,0.21393,1.00057,14.828,-0.733,16.397,True
HC_06,healthy,20.7,0.33823,0.20885,0.9809,14.217,0.088,16.027,True
HC_06,healthy,20.71,0.32534,0.19288,0.98858,14.856,-2.156,15.255,True
HC_06,healthy,20.72,0.34166,0.17901,0.96477,13.651,-1.687,15.308,True
HC_06,healthy,20.73,0.31957,0.19369,0.97356,15.46,-2.093,14.336,True
HC_06,healthy,20.740000000000002,0.32426,0.18477,0.96947,13.073,-4.305,16.705,True
HC_06,healthy,20.75,0.31993,0.13447,0.9368,12.318,-4.389,14.748,True
HC_06,healthy,20.76,0.32074,0.17106,0.94959,12.528,-3.481,14.923,True
HC_06,healthy,20.77,0.33311,0.15527,0.94668,12.863,-6.589,14.423,True
HC_06,healthy,20.78,0.32183,0.14192,0.95666,12.142,-6.646,12.918,True
HC_06,healthy,20.79,0.27855,0.1279,0.91611,11.257,-6.09,12.422,True
HC_06,healthy,20.8,0.2937,0.1141,0.89434,12.107,-7.702,11.897,True
HC_06,healthy,20.81,0.29608,0.10728,0.91123,9.996,-7.054,12.376,True
HC_06,healthy,20.82,0.26381,0.09728,0.92735,9.124,-8.408,10.83,True
HC_06,healthy,20.830000000000002,0.2543,0.1244,0.90003,7.996,-9.103,10.479,True
HC_06,healthy,20.84,0.24324,0.12702,0.88058,8.516,-10.504,8.837,True
HC_06,healthy,20.85,0.24298,0.0997,0.83743,6.753,-8.393,8.255,True
HC_06,healthy,20.86,0.23257,0.09115,0.88254,5.848,-10.219,6.423,True
HC_06,healthy,20.87,0.26225,0.06195,0.85816,4.905,-10.709,6.724,True
HC_06,healthy,20.88,0.22064,0.09352,0.89024,3.27,-9.748,5.597,True
HC_06,healthy,20.89,0.2201,0.07453,0.8498,3.139,-10.607,2.189,True
HC_06,healthy,20.900000000000002,0.19439,0.12475,0.83548,1.677,-10.943,0.894,True
HC_06,healthy,20.91,0.18142,0.07502,0.87403,2.06,-12.062,0.267,True
HC_06,healthy,20.92,0.1648,0.07465,0.83612,-0.554,-11.95,-0.009,True
HC_06,healthy,20.93,0.16435,0.06643,0.8628,0.674,-11.277,-0.546,True
HC_06,healthy,20.94,0.14814,0.08413,0.85237,-2.196,-12.475,-2.073,True
HC_06,healthy,20.95,0.16023,0.09573,0.83501,-2.522,-10.935,-3.957,True
HC_06,healthy,20.96,0.10764,0.07454,0.83138,-3.849,-11.734,-3.453,True
HC_06,healthy,20.97,0.13404,0.07924,0.85882,-5.443,-12.237,-5.048,True
HC_06,healthy,20.98,0.12077,0.09417,0.85899,-6.288,-11.145,-8.102,True
HC_06,healthy,20.990000000000002,0.1062,0.08604,0.86822,-6.653,-9.67,-7.957,True
HC_06,healthy,21.0,0.1058,0.07001,0.89164,-6.58,-11.322,-8.859,True
HC_06,healthy,21.01,0.07274,0.0806,0.88492,-9.649,-8.754,-9.357,True
HC_06,healthy,21.02,0.09988,0.14951,0.90612,-8.367,-8.242,-10.215,True
HC_06,healthy,21.03,0.03087,0.12533,0.88383,-10.552,-9.544,-9.654,True
HC_06,healthy,21.04,0.06603,0.12818,0.90364,-12.834,-8.159,-12.256,True
HC_06,healthy,21.05,0.057,0.10554,0.88286,-11.667,-6.592,-13.622,True
HC_06,healthy,21.06,0.02894,0.11988,0.91442,-12.369,-6.577,-15.275,True
HC_06,healthy,21.07,0.01227,0.13107,0.93745,-11.828,-4.918,-15.256,True
HC_06,healthy,21.080000000000002,0.00032,0.14739,0.91169,-13.557,-6.3,-14.782,True
HC_06,healthy,21.09,-0.00915,0.1708,0.94893,-14.497,-4.281,-15.744,True
HC_06,healthy,21.1,0.02273,0.1716,0.97017,-14.442,-3.902,-16.227,True
HC_06,healthy,21.11,0.01326,0.15876,0.94244,-14.403,-4.929,-16.653,True
HC_06,healthy,21.12,0.00235,0.17877,0.99004,-14.472,-3.631,-19.006,True
HC_06,healthy,21.13,-0.02915,0.15861,0.97056,-15.53,-1.297,-18.279,True
HC_06,healthy,21.14,-0.01011,0.23271,0.97655,-16.726,-0.705,-17.279,True
HC_06,healthy,21.150000000000002,0.0064,0.21291,1.00781,-16.118,0.48,-18.812,True
HC_06,healthy,21.16,-0.0199,0.22001,0.9909,-16.659,0.489,-18.065,True
HC_06,healthy,21.17,-0.00753,0.20811,0.99699,-15.731,2.286,-18.932,True
HC_06,healthy,21.18,-0.03174,0.25952,0.97981,-15.274,2.65,-18.225,True
HC_06,healthy,21.19,0.01063,0.25606,0.98199,-15.365,1.243,-17.843,True
HC_06,healthy,21.2,0.01128,0.27775,1.01386,-16.918,4.315,-17.753,True
HC_06,healthy,21.21,0.00511,0.24102,1.02452,-15.477,3.444,-16.114,True
HC_06,healthy,21.22,0.01575,0.29277,1.03302,-14.06,4.386,-15.264,True
HC_06,healthy,21.23,0.04319,0.27597,1.00034,-13.999,6.172,-16.081,True
HC_06,healthy,21.240000000000002,0.03146,0.26485,1.02113,-13.101,6.962,-15.646,True
HC_06,healthy,21.25,0.02353,0.27777,1.03871,-13.319,7.062,-14.121,True
HC_06,healthy,21.26,0.04768,0.31508,1.02357,-12.104,7.213,-14.59,True
HC_06,healthy,21.27,0.04344,0.32132,1.0116,-11.801,7.812,-12.645,True
HC_06,healthy,21.28,0.07829,0.31993,0.98742,-8.733,8.149,-13.217,True
HC_06,healthy,21.29,0.09384,0.34852,0.98607,-9.896,10.761,-11.301,True
HC_06,healthy,21.3,0.08567,0.32681,0.99621,-8.761,9.359,-9.492,True
HC_06,healthy,21.31,0.09955,0.327,0.9961,-7.376,11.691,-9.57,True
HC_06,healthy,21.32,0.0866,0.35106,0.97227,-6.65,10.51,-8.657,True
HC_06,healthy,21.330000000000002,0.1238,0.33594,0.96081,-5.835,10.097,-8.37,True
HC_06,healthy,21.34,0.12717,0.36897,0.94852,-4.092,11.302,-6.092,True
HC_06,healthy,21.35,0.13904,0.35388,0.96824,-3.748,12.853,-3.375,True
HC_06,healthy,21.36,0.13366,0.33534,0.92375,-4.184,10.578,-4.732,True
HC_06,healthy,21.37,0.15234,0.32822,0.92599,-1.697,12.853,-0.87,True
HC_06,healthy,21.38,0.17705,0.35757,0.96121,-1.297,12.669,-1.454,True
HC_06,healthy,21.39,0.18195,0.34903,0.89657,1.822,13.133,0.291,True
HC_06,healthy,21.400000000000002,0.18618,0.35432,0.92876,0.283,14.883,2.106,True
HC_06,healthy,21.41,0.24238,0.38007,0.91098,1.994,12.508,4.03,True
HC_06,healthy,21.42,0.2329,0.34165,0.90675,3.503,11.565,4.743,True
HC_06,healthy,21.43,0.23647,0.34205,0.90603,4.804,10.443,5.032,True
HC_06,healthy,21.44,0.26312,0.3431,0.8838,5.776,11.683,6.319,True
HC_06,healthy,21.45,0.27176,0.35536,0.88239,6.456,11.98,7.915,True
HC_06,healthy,21.46,0.27433,0.3288,0.86287,7.113,10.152,7.497,True
HC_06,healthy,21.47,0.2745,0.33346,0.85418,8.479,10.288,9.931,True
HC_06,healthy,21.48,0.2847,0.33532,0.89526,8.907,9.404,10.883,True
HC_06,healthy,21.490000000000002,0.30628,0.31303,0.84101,10.447,8.756,10.503,True
HC_06,healthy,21.5,0.28233,0.32135,0.85367,11.39,9.773,12.039,True
HC_06,healthy,21.51,0.32275,0.29898,0.88108,12.004,7.534,12.001,True
HC_06,healthy,21.52,0.30598,0.32217,0.85244,11.06,6.932,12.568,True
HC_06,healthy,21.53,0.35443,0.28339,0.86479,12.385,6.502,14.18,True
HC_06,healthy,21.54,0.31544,0.29078,0.8434,14.45,6.027,15.166,True
HC_06,healthy,21.55,0.36619,0.29082,0.83298,13.77,3.135,14.591,True
HC_06,healthy,21.56,0.36341,0.2709,0.86553,13.834,5.621,15.693,True
HC_06,healthy,21.57,0.35681,0.25232,0.85996,13.562,4.139,16.38,True
HC_06,healthy,21.580000000000002,0.34681,0.26479,0.85946,14.555,2.853,16.787,True
HC_06,healthy,21.59,0.37142,0.22949,0.86697,14.499,3.108,16.018,True
HC_06,healthy,21.6,0.35067,0.21988,0.85585,15.089,0.685,17.025,True
HC_06,healthy,21.61,0.33837,0.24292,0.87009,14.188,1.486,17.568,True
HC_06,healthy,21.62,0.36274,0.21309,0.89527,16.452,0.433,16.557,True
HC_06,healthy,21.63,0.36708,0.21515,0.87035,15.403,-1.811,16.85,True
HC_06,healthy,21.64,0.3951,0.2108,0.89782,15.125,-0.965,17.144,True
HC_06,healthy,21.650000000000002,0.36397,0.18649,0.90506,15.105,-1.102,16.283,True
HC_06,healthy,21.66,0.37565,0.19687,0.90877,13.299,-3.485,15.655,True
HC_06,healthy,21.67,0.37736,0.16266,0.93391,11.995,-4.602,15.213,True
HC_06,healthy,21.68,0.33014,0.17848,0.88918,14.14,-4.517,14.968,True
HC_06,healthy,21.69,0.33395,0.15151,0.89914,13.325,-6.781,14.485,True
HC_06,healthy,21.7,0.32399,0.19541,0.91827,12.785,-4.248,13.816,True
HC_06,healthy,21.71,0.32835,0.16775,0.93008,13.192,-6.822,14.992,True
HC_06,healthy,21.72,0.31089,0.14273,0.96183,10.314,-6.288,12.22,True
HC_06,healthy,21.73,0.30351,0.13165,0.957,8.731,-8.042,11.331,True
HC_06,healthy,21.740000000000002,0.32154,0.13894,0.96277,10.277,-6.482,10.084,True
HC_06,healthy,21.75,0.26779,0.1279,0.91694,10.118,-9.095,9.757,True
HC_06,healthy,21.76,0.29426,0.11819,0.94001,8.057,-9.252,9.066,True
HC_06,healthy,21.77,0.26645,0.09102,0.98274,7.103,-7.619,7.613,True
HC_06,healthy,21.78,0.27801,0.13477,0.96398,5.937,-9.701,6.851,True
HC_06,healthy,21.79,0.28837,0.0856,0.99147,6.31,-9.54,5.458,True
HC_06,healthy,21.8,0.23345,0.11912,0.97698,4.192,-10.799,5.918,True
HC_06,healthy,21.81,0.2439,0.10379,0.97759,3.341,-10.748,5.296,True
HC_06,healthy,21.82,0.23988,0.12266,0.98473,2.817,-9.954,2.933,True
HC_06,healthy,21.830000000000002,0.21441,0.11055,0.98552,1.109,-11.371,1.908,True
HC_06,healthy,21.84,0.22723,0.08939,1.01988,2.261,-9.628,0.348,True
HC_06,healthy,21.85,0.18923,0.10804,0.98292,-0.943,-10.668,0.983,True
HC_06,healthy,21.86,0.19791,0.11635,0.99193,-1.093,-10.236,-1.129,True
HC_06,healthy,21.87,0.14421,0.09488,1.00002,-2.23,-9.019,-0.681,True
HC_06,healthy,21.88,0.14541,0.12008,0.98928,-3.273,-10.223,-3.039,True
HC_06,healthy,21.89,0.18362,0.11752,0.96295,-4.157,-11.264,-4.045,True
HC_06,healthy,21.900000000000002,0.15016,0.12036,0.99563,-4.524,-9.911,-3.954,True
HC_06,healthy,21.91,0.14648,0.10618,0.96142,-6.03,-8.023,-5.324,True
HC_06,healthy,21.92,0.13265,0.1317,0.96756,-5.715,-10.506,-7.654,True
HC_06,healthy,21.93,0.1217,0.11807,0.96757,-6.934,-8.562,-8.321,True
HC_06,healthy,21.94,0.12069,0.11559,0.95186,-5.986,-8.732,-8.4,True
HC_06,healthy,21.95,0.06398,0.14046,0.962,-8.206,-6.884,-10.638,True
HC_06,healthy,21.96,0.09396,0.14809,0.96509,-10.452,-7.669,-9.493,True
HC_06,healthy,21.97,0.09373,0.17617,0.97587,-9.426,-7.534,-10.414,True
HC_06,healthy,21.98,0.09826,0.16454,0.94293,-10.609,-6.735,-9.634,True
HC_06,healthy,21.990000000000002,0.08375,0.18135,0.91652,-10.061,-6.129,-12.068,True
HC_06,healthy,22.0,0.07424,0.14109,0.9562,-10.033,-4.672,-12.734,True
HC_06,healthy,22.01,0.0733,0.17269,0.93775,-11.287,-4.265,-11.875,True
HC_06,healthy,22.02,0.09326,0.20018,0.88829,-11.671,-5.092,-13.39,True
HC_06,healthy,22.03,0.05675,0.16928,0.90223,-11.739,-4.076,-12.925,True
HC_06,healthy,22.04,0.08114,0.18603,0.92696,-12.456,-3.66,-13.573,True
HC_06,healthy,22.05,0.0572,0.18116,0.90521,-13.125,-1.683,-12.963,True
HC_06,healthy,22.06,0.06264,0.21042,0.8996,-12.314,-0.935,-14.07,True
HC_06,healthy,22.07,0.0716,0.20369,0.90689,-11.761,-1.75,-14.771,True
HC_06,healthy,22.080000000000002,0.0666,0.21442,0.85385,-12.138,-0.05,-13.789,True
HC_06,healthy,22.09,0.05535,0.22237,0.83531,-11.95,0.929,-14.255,True
HC_06,healthy,22.1,0.08918,0.24298,0.88158,-11.067,1.32,-12.609,True
HC_06,healthy,22.11,0.05148,0.25554,0.89433,-11.193,2.923,-13.028,True
HC_06,healthy,22.12,0.05941,0.26009,0.87376,-10.566,0.97,-14.193,True
HC_06,healthy,22.13,0.08225,0.25711,0.87453,-10.285,2.459,-13.232,True
HC_06,healthy,22.14,0.08483,0.25805,0.88589,-11.899,3.304,-11.64,True
HC_06,healthy,22.150000000000002,0.08466,0.26759,0.84576,-11.041,3.809,-12.006,True
HC_06,healthy,22.16,0.1108,0.27655,0.86363,-9.61,3.634,-11.989,True
HC_06,healthy,22.17,0.09513,0.28667,0.86304,-9.366,5.44,-10.77,True
HC_06,healthy,22.18,0.09613,0.26993,0.8704,-8.78,5.48,-11.28,True
HC_06,healthy,22.19,0.06393,0.30479,0.87985,-8.459,6.253,-8.999,True
HC_06,healthy,22.2,0.09782,0.29623,0.85322,-7.397,6.079,-8.165,True
HC_06,healthy,22.21,0.14595,0.29347,0.87381,-6.516,6.038,-8.651,True
HC_06,healthy,22.22,0.10426,0.28601,0.87171,-6.544,6.946,-8.39,True
HC_06,healthy,22.23,0.14913,0.31199,0.86175,-6.397,5.734,-6.586,True
HC_06,healthy,22.240000000000002,0.1255,0.30973,0.84474,-5.62,6.488,-6.369,True
HC_06,healthy,22.25,0.17106,0.32542,0.87061,-6.176,7.466,-3.002,True
HC_06,healthy,22.26,0.1593,0.31199,0.92973,-3.278,7.295,-4.025,True
HC_06,healthy,22.27,0.18227,0.31572,0.86258,-2.991,7.574,-2.243,True
HC_06,healthy,22.28,0.15822,0.33071,0.91797,-2.352,8.657,-3.902,True
HC_06,healthy,22.29,0.16338,0.33026,0.87783,-2.182,9.184,-2.271,True
HC_06,healthy,22.3,0.1961,0.32114,0.89629,-0.673,5.605,-1.13,True
HC_06,healthy,22.31,0.20477,0.29919,0.90999,-1.156,8.553,-2.698,True
HC_06,healthy,22.32,0.22284,0.32077,0.90893,0.292,8.738,0.965,True
HC_06,healthy,22.330000000000002,0.21358,0.32537,0.91309,0.884,6.404,0.524,True
HC_06,healthy,22.34,0.17927,0.31326,0.91165,2.758,7.89,1.426,True
HC_06,healthy,22.35,0.25067,0.30381,0.94234,2.471,7.038,3.116,True
HC_06,healthy,22.36,0.24777,0.33392,0.9262,1.342,5.75,3.812,True
HC_06,healthy,22.37,0.21859,0.30406,0.95154,3.083,7.168,3.02,True
HC_06,healthy,22.38,0.23342,0.27417,0.94925,3.914,5.374,1.804,True
HC_06,healthy,22.39,0.26099,0.27154,0.95281,4.996,5.173,4.601,True
HC_06,healthy,22.400000000000002,0.25186,0.29169,0.97072,4.844,6.162,5.199,True
HC_06,healthy,22.41,0.25373,0.2741,0.96909,5.98,4.812,4.983,True
HC_06,healthy,22.42,0.26084,0.31338,0.96126,4.949,4.73,8.062,True
HC_06,healthy,22.43,0.25741,0.26637,0.97436,5.752,5.909,7.224,True
HC_06,healthy,22.44,0.29254,0.27106,0.97749,7.361,3.214,7.473,True
HC_06,healthy,22.45,0.27374,0.26809,0.98346,7.49,4.434,7.037,True
HC_06,healthy,22.46,0.26319,0.23771,0.96588,7.655,3.928,7.655,True
HC_06,healthy,22.47,0.24625,0.25731,0.94098,6.49,2.655,8.981,True
HC_06,healthy,22.48,0.26973,0.24901,0.96747,8.515,2.73,7.973,True
HC_06,healthy,22.490000000000002,0.28612,0.27057,0.95101,8.185,2.341,8.434,True
HC_06,healthy,22.5,0.27506,0.25503,0.93398,6.446,2.464,6.928,True
HC_06,healthy,22.51,0.26873,0.20203,0.95519,6.956,-0.164,8.351,True
HC_06,healthy,22.52,0.26052,0.2349,0.96343,8.279,1.944,8.228,True
HC_06,healthy,22.53,0.30745,0.24238,0.94704,7.138,0.946,6.901,True
HC_06,healthy,22.54,0.27858,0.23059,0.95866,6.877,-0.365,9.66,True
HC_06,healthy,22.55,0.26143,0.22988,0.95727,7.333,-0.681,8.935,True
HC_06,healthy,22.56,0.25364,0.20965,0.9391,6.935,0.165,8.968,True
HC_06,healthy,22.57,0.27113,0.23725,0.96088,7.92,-2.196,7.228,True
HC_06,healthy,22.580000000000002,0.28064,0.18338,0.95749,6.54,-0.581,7.999,True
HC_06,healthy,22.59,0.27253,0.23607,0.94607,7.675,-0.302,7.592,True
HC_06,healthy,22.6,0.27925,0.21474,0.95825,5.55,-0.072,6.642,True
HC_06,healthy,22.61,0.29295,0.18279,0.90802,5.693,-1.95,7.941,True
HC_06,healthy,22.62,0.27648,0.2036,0.9303,5.581,-1.846,6.233,True
HC_06,healthy,22.63,0.27349,0.18699,0.89993,5.83,-2.402,6.26,True
HC_06,healthy,22.64,0.23766,0.18865,0.91622,5.752,-3.01,6.095,True
HC_06,healthy,22.650000000000002,0.24951,0.18899,0.92835,4.954,-2.57,6.73,True
HC_06,healthy,22.66,0.23145,0.20638,0.90216,4.526,-2.111,6.079,True
HC_06,healthy,22.67,0.247,0.19786,0.89379,4.764,-4.609,5.465,True
HC_06,healthy,22.68,0.23888,0.18732,0.92344,4.751,-4.424,4.591,True
HC_06,healthy,22.69,0.24789,0.21796,0.91778,4.488,-4.286,4.552,True
HC_06,healthy,22.7,0.23228,0.16416,0.90462,3.439,-2.85,3.486,True
HC_06,healthy,22.71,0.22404,0.20037,0.90376,2.85,-3.903,2.158,True
HC_06,healthy,22.72,0.23864,0.14635,0.89363,2.526,-4.317,3.205,True
HC_06,healthy,22.73,0.2478,0.17889,0.92864,1.039,-4.207,2.673,True
HC_06,healthy,22.740000000000002,0.20513,0.16132,0.93098,0.066,-3.807,1.134,True
HC_06,healthy,22.75,0.22663,0.18967,0.91114,3.103,-5.8,0.136,True
HC_06,healthy,22.76,0.20991,0.17968,0.88652,1.395,-2.985,1.807,True
HC_06,healthy,22.77,0.22673,0.18018,0.90057,-0.885,-4.252,-0.302,True
HC_06,healthy,22.78,0.19578,0.17154,0.89513,0.844,-2.717,-0.428,True
HC_06,healthy,22.79,0.20316,0.20259,0.89712,-0.139,-4.048,-1.098,True
HC_06,healthy,22.8,0.18931,0.18289,0.90396,0.369,-3.927,-1.114,True
HC_06,healthy,22.81,0.18882,0.17505,0.89559,-0.451,-4.254,-0.504,True
HC_06,healthy,22.82,0.18632,0.16985,0.89282,-1.338,-2.784,0.364,True
HC_06,healthy,22.830000000000002,0.18976,0.19352,0.87891,-1.816,-4.509,-1.664,True
HC_06,healthy,22.84,0.15594,0.17409,0.90287,-3.19,-4.216,-1.33,True
HC_06,healthy,22.85,0.18155,0.18726,0.89133,-1.159,-3.538,-1.635,True
HC_06,healthy,22.86,0.18533,0.18761,0.90747,-2.82,-1.02,-2.869,True
HC_06,healthy,22.87,0.17579,0.19383,0.91178,-2.693,-2.799,-1.868,True
HC_06,healthy,22.88,0.16497,0.20775,0.93173,-2.667,-3.505,-3.376,True
HC_06,healthy,22.89,0.17018,0.194,0.92061,-4.934,-2.553,-2.698,True
HC_06,healthy,22.900000000000002,0.17816,0.18806,0.92265,-2.958,-0.299,-3.47,True
HC_06,healthy,22.91,0.13367,0.22623,0.94386,-3.591,-0.597,-5.014,True
HC_06,healthy,22.92,0.15553,0.20195,0.89356,-2.535,-0.032,-4.914,True
HC_06,healthy,22.93,0.14801,0.20481,0.92385,-2.858,-2.297,-3.55,True
HC_06,healthy,22.94,0.15134,0.20948,0.92991,-3.722,-3.335,-2.794,True
HC_06,healthy,22.95,0.1426,0.2105,0.92259,-4.116,-0.719,-3.839,True
HC_06,healthy,22.96,0.16655,0.21327,0.91428,-2.886,-0.499,-2.635,True
HC_06,healthy,22.97,0.17063,0.2198,0.94022,-3.458,-0.604,-3.536,True
HC_06,healthy,22.98,0.18578,0.23872,0.92382,-3.151,-0.666,-4.651,True
HC_06,healthy,22.990000000000002,0.15017,0.18293,0.92949,-2.352,0.483,-2.946,True
HC_06,healthy,23.0,0.13422,0.20608,0.93998,-4.225,-0.598,-4.016,True
HC_06,healthy,23.01,0.15967,0.2185,0.93703,-3.068,1.112,-4.495,True
HC_06,healthy,23.02,0.18289,0.23503,0.91903,-3.261,-0.267,-4.015,True
HC_06,healthy,23.03,0.13303,0.18846,0.93257,-2.655,-0.292,-3.391,True
HC_06,healthy,23.04,0.16589,0.24662,0.94871,-1.984,0.219,-3.558,True
HC_06,healthy,23.05,0.13999,0.21778,0.94629,-3.635,0.163,-2.719,True
HC_06,healthy,23.06,0.17663,0.23512,0.92212,-2.424,1.502,-2.406,True
HC_06,healthy,23.07,0.15351,0.23962,0.92885,-1.934,0.203,-2.089,True
HC_06,healthy,23.080000000000002,0.17434,0.24417,0.93555,-2.253,2.073,-3.106,True
HC_06,healthy,23.09,0.20754,0.23162,0.94227,-2.992,1.132,-2.324,True
HC_06,healthy,23.1,0.15621,0.21941,0.93875,-3.58,1.013,-2.539,True
HC_06,healthy,23.11,0.13977,0.22634,0.91945,-2.33,1.67,-1.918,True
HC_06,healthy,23.12,0.16793,0.22663,0.94021,-0.845,2.63,-1.717,True
HC_06,healthy,23.13,0.16965,0.24551,0.95278,-2.332,0.922,-1.692,True
HC_06,healthy,23.14,0.16003,0.2406,0.93957,-2.169,1.486,-1.724,True
HC_06,healthy,23.150000000000002,0.17935,0.24868,0.95184,-1.571,0.866,-1.021,True
HC_06,healthy,23.16,0.17762,0.25567,0.94143,-2.071,1.369,-1.026,True
HC_06,healthy,23.17,0.20351,0.23611,0.9251,0.09,0.916,-0.877,True
HC_06,healthy,23.18,0.1701,0.23887,0.9206,-1.16,0.227,-1.667,True
HC_06,healthy,23.19,0.18125,0.22995,0.92108,-0.275,0.861,-0.155,True
HC_06,healthy,23.2,0.16413,0.23324,0.89279,-0.456,3.108,-2.841,True
HC_06,healthy,23.21,0.20849,0.25386,0.9054,-1.6,1.593,-2.182,True
HC_06,healthy,23.22,0.20423,0.23709,0.91611,-0.317,2.124,-1.497,True
HC_06,healthy,23.23,0.18483,0.25522,0.93936,0.865,1.307,0.188,True
HC_06,healthy,23.240000000000002,0.1875,0.19907,0.90261,0.372,1.047,-0.117,True
HC_06,healthy,23.25,0.18718,0.23935,0.91782,0.583,2.1,1.383,True
HC_06,healthy,23.26,0.19297,0.19969,0.95878,-0.011,0.285,-0.04,True
HC_06,healthy,23.27,0.20368,0.23288,0.92511,0.75,0.913,0.566,True
HC_06,healthy,23.28,0.18208,0.22724,0.91417,0.671,0.45,0.567,True
HC_06,healthy,23.29,0.19942,0.22258,0.91853,1.119,0.214,1.448,True
HC_06,healthy,23.3,0.17727,0.23511,0.92068,-0.531,1.335,-0.367,True
HC_06,healthy,23.31,0.17622,0.22534,0.90644,0.627,0.824,0.991,True
HC_06,healthy,23.32,0.17726,0.22648,0.94784,-1.204,-0.684,1.224,True
HC_06,healthy,23.330000000000002,0.2001,0.23305,0.89223,1.377,1.188,-0.125,True
HC_06,healthy,23.34,0.19176,0.23799,0.92031,1.348,0.534,1.389,True
HC_06,healthy,23.35,0.18139,0.22707,0.92269,-0.775,-1.543,1.021,True
HC_06,healthy,23.36,0.19726,0.22443,0.95397,-1.212,-0.598,1.122,True
HC_06,healthy,23.37,0.21204,0.22922,0.87604,1.727,0.243,0.493,True
HC_06,healthy,23.38,0.22001,0.23212,0.92112,-0.384,-0.077,1.017,True
HC_06,healthy,23.39,0.1925,0.21978,0.92492,1.629,0.698,-0.31,True
HC_06,healthy,23.400000000000002,0.18297,0.22831,0.92,-0.274,-0.46,0.84,True
HC_06,healthy,23.41,0.21548,0.23618,0.912,1.03,-0.754,0.986,True
HC_06,healthy,23.42,0.22375,0.24623,0.94958,2.131,-0.557,0.502,True
HC_06,healthy,23.43,0.21677,0.22987,0.921,0.868,-0.929,0.042,True
HC_06,healthy,23.44,0.19409,0.21444,0.95576,1.049,1.088,-1.457,True
HC_06,healthy,23.45,0.18065,0.19763,0.94346,0.054,-0.41,0.567,True
HC_06,healthy,23.46,0.20195,0.22253,0.90646,0.677,0.551,0.663,True
HC_06,healthy,23.47,0.20197,0.23066,0.9164,1.627,1.768,0.337,True
HC_06,healthy,23.48,0.20877,0.21015,0.93779,0.853,-0.41,0.606,True
HC_06,healthy,23.490000000000002,0.20676,0.23659,0.93341,-0.568,0.78,0.528,True
HC_06,healthy,23.5,0.21048,0.22952,0.92943,0.642,0.847,0.014,True
HC_06,healthy,23.51,0.18726,0.22347,0.94188,0.157,0.486,0.57,True
HC_06,healthy,23.52,0.20549,0.24957,0.91817,1.708,0.172,0.669,True
HC_06,healthy,23.53,0.2097,0.2042,0.96042,0.201,1.833,1.037,True
HC_06,healthy,23.54,0.19313,0.21637,0.92885,0.484,0.027,0.443,True
HC_06,healthy,23.55,0.20276,0.22038,0.92819,-0.18,-0.144,0.496,True
HC_06,healthy,23.56,0.20987,0.23714,0.9405,2.489,-0.407,-0.353,True
HC_06,healthy,23.57,0.21128,0.20382,0.93914,0.65,-1.037,0.264,True
HC_06,healthy,23.580000000000002,0.19424,0.21478,0.92442,-0.425,-0.019,1.939,True
HC_06,healthy,23.59,0.20023,0.20984,0.94168,0.254,0.283,-0.423,True
HC_06,healthy,23.6,0.16702,0.20126,0.93092,-1.01,-0.163,0.146,True
HC_06,healthy,23.61,0.17771,0.23454,0.92699,0.019,-1.453,0.934,True
HC_06,healthy,23.62,0.17367,0.20279,0.94668,-0.234,0.421,0.569,True
HC_06,healthy,23.63,0.17079,0.24721,0.91328,-0.263,0.871,-0.177,True
HC_06,healthy,23.64,0.18129,0.21081,0.94236,0.543,0.334,-1.272,True
HC_06,healthy,23.650000000000002,0.1935,0.21734,0.91046,-0.812,-0.637,-0.228,True
HC_06,healthy,23.66,0.1734,0.20249,0.9434,-0.932,-0.454,-0.819,True
HC_06,healthy,23.67,0.17226,0.22698,0.94648,0.599,-0.837,0.698,True
HC_06,healthy,23.68,0.1809,0.24617,0.90388,-0.146,-0.101,1.083,True
HC_06,healthy,23.69,0.18068,0.23205,0.91256,-0.025,0.102,0.007,True
HC_06,healthy,23.7,0.20762,0.2272,0.92339,-0.328,-0.392,-0.091,True
HC_06,healthy,23.71,0.17488,0.24251,0.92026,-0.187,0.703,0.691,True
HC_06,healthy,23.72,0.19415,0.23616,0.9418,0.6,-0.872,1.128,True
HC_06,healthy,23.73,0.19467,0.20058,0.9265,1.42,-1.344,0.218,True
HC_06,healthy,23.740000000000002,0.21207,0.22775,0.90429,-0.001,0.386,0.006,True
HC_06,healthy,23.75,0.19399,0.23949,0.92808,0.463,-0.75,-0.287,True
HC_06,healthy,23.76,0.17397,0.22881,0.93688,-0.042,-0.63,0.463,True
HC_06,healthy,23.77,0.19384,0.21449,0.93605,-0.718,-0.061,1.389,True
HC_06,healthy,23.78,0.16361,0.21929,0.92763,-1.281,0.156,-0.348,True
HC_06,healthy,23.79,0.19134,0.20645,0.94091,1.726,-0.166,-0.777,True
HC_06,healthy,23.8,0.1968,0.18655,0.89362,0.304,-1.3,-0.369,True
HC_06,healthy,23.81,0.1672,0.21091,0.9468,-1.181,0.713,0.173,True
HC_06,healthy,23.82,0.2007,0.23291,0.94359,-0.29,-1.579,-0.343,True
HC_06,healthy,23.830000000000002,0.2009,0.2195,0.92578,1.973,0.578,0.628,True
HC_06,healthy,23.84,0.17515,0.20082,0.92483,-1.088,0.076,-0.325,True
HC_06,healthy,23.85,0.17629,0.21268,0.9041,-0.337,-0.056,0.7,True
HC_06,healthy,23.86,0.17843,0.23079,0.93402,0.556,0.369,0.015,True
HC_06,healthy,23.87,0.1977,0.2007,0.93825,-0.178,0.471,0.355,True
HC_06,healthy,23.88,0.18315,0.21106,0.94274,-0.961,-0.195,0.097,True
HC_06,healthy,23.89,0.17304,0.19602,0.91286,0.629,0.049,0.076,True
HC_06,healthy,23.900000000000002,0.16102,0.19341,0.92949,-0.891,-0.565,-0.729,True
HC_06,healthy,23.91,0.16862,0.22616,0.93257,-0.318,0.646,-0.48,True
HC_06,healthy,23.92,0.17972,0.2237,0.95176,-1.047,0.074,0.627,True
HC_06,healthy,23.93,0.16715,0.21169,0.94014,-0.478,-0.05,0.669,True
HC_06,healthy,23.94,0.18757,0.24216,0.91605,0.866,0.266,-0.492,True
HC_06,healthy,23.95,0.14221,0.23019,0.94809,-0.598,-0.388,-0.861,True
HC_06,healthy,23.96,0.15167,0.18092,0.93662,-0.104,0.688,-0.601,True
HC_06,healthy,23.97,0.17076,0.22091,0.91563,0.874,1.846,-1.397,True
HC_06,healthy,23.98,0.19134,0.19502,0.91125,-0.381,0.388,-0.331,True
HC_06,healthy,23.990000000000002,0.16887,0.1811,0.93256,-0.198,0.112,-0.397,True
HC_06,healthy,24.0,0.16173,0.18023,0.92143,1.088,-0.607,-2.035,True
HC_06,healthy,24.01,0.19275,0.21494,0.95616,-0.006,-0.9,-2.123,True
HC_06,healthy,24.02,0.16642,0.23109,0.94735,0.767,-0.156,-2.0,True
HC_06,healthy,24.03,0.1881,0.18827,0.91,-1.467,0.012,-0.621,True
HC_06,healthy,24.04,0.1725,0.21133,0.94083,0.737,1.101,-0.009,True
HC_06,healthy,24.05,0.20784,0.19241,0.92795,0.076,0.566,-0.211,True
HC_06,healthy,24.060000000000002,0.16506,0.22462,0.92723,-0.533,0.282,0.401,True
HC_06,healthy,24.07,0.1701,0.1878,0.90459,0.002,1.41,-1.115,True
HC_06,healthy,24.080000000000002,0.17348,0.22923,0.92988,0.032,1.3,0.446,True
HC_06,healthy,24.09,0.18505,0.21936,0.95647,-0.517,0.45,0.183,True
HC_06,healthy,24.1,0.14033,0.2198,0.94744,-0.342,2.283,-0.636,True
HC_06,healthy,24.11,0.14905,0.21684,0.92406,-0.878,0.43,0.305,True
HC_06,healthy,24.12,0.17714,0.19795,0.95451,-0.39,0.723,-0.361,True
HC_06,healthy,24.13,0.20878,0.22259,0.91626,-0.489,0.729,-0.116,True
HC_06,healthy,24.14,0.18032,0.23478,0.93447,-0.614,0.364,-0.776,True
HC_06,healthy,24.150000000000002,0.18348,0.22707,0.92464,1.092,1.011,0.155,True
HC_06,healthy,24.16,0.17219,0.22687,0.95415,0.497,1.633,0.632,True
HC_06,healthy,24.17,0.14957,0.22427,0.92531,-0.613,0.53,0.635,True
HC_06,healthy,24.18,0.18128,0.22402,0.94907,0.319,0.61,0.969,True
HC_06,healthy,24.19,0.17542,0.22281,0.92031,0.267,1.093,1.137,True
HC_06,healthy,24.2,0.15486,0.24012,0.94376,-0.583,0.731,-0.556,True
HC_06,healthy,24.21,0.20419,0.19892,0.91861,1.084,0.991,1.062,True
HC_06,healthy,24.22,0.161,0.21268,0.95606,0.259,1.371,-0.123,True
HC_06,healthy,24.23,0.17732,0.20698,0.94645,0.711,1.242,0.516,True
HC_06,healthy,24.240000000000002,0.16818,0.25044,0.94617,1.724,0.675,0.13,True
HC_06,healthy,24.25,0.18449,0.23977,0.94176,1.826,1.852,1.021,True
HC_06,healthy,24.26,0.16906,0.21869,0.95869,1.487,1.555,0.852,True
HC_06,healthy,24.27,0.19642,0.23553,0.93961,0.641,1.364,1.147,True
HC_06,healthy,24.28,0.2174,0.20095,0.9529,1.087,0.372,0.79,True
HC_06,healthy,24.29,0.1685,0.21827,0.93442,1.16,0.687,0.281,True
HC_06,healthy,24.3,0.17815,0.21678,0.94645,1.989,-1.143,2.256,True
HC_06,healthy,24.310000000000002,0.18241,0.22745,0.97514,1.086,1.714,1.375,True
HC_06,healthy,24.32,0.19284,0.24096,0.96822,2.807,0.886,2.816,True
HC_06,healthy,24.330000000000002,0.19442,0.19937,0.9529,1.456,1.794,3.096,True
HC_06,healthy,24.34,0.21152,0.22613,0.96597,0.901,1.054,3.957,True
HC_06,healthy,24.35,0.17234,0.19877,0.94535,1.495,0.739,2.372,True
HC_06,healthy,24.36,0.17767,0.21435,0.94659,2.257,0.97,1.876,True
HC_06,healthy,24.37,0.20443,0.22542,0.93841,1.4,1.407,2.761,True
HC_06,healthy,24.38,0.19119,0.25179,0.95207,2.047,0.047,2.965,True
HC_06,healthy,24.39,0.20058,0.19074,0.97365,1.828,0.324,1.493,True
HC_06,healthy,24.400000000000002,0.18677,0.22794,0.93296,0.64,1.529,3.096,True
HC_06,healthy,24.41,0.20655,0.24868,0.92965,2.786,-0.136,3.066,True
HC_06,healthy,24.42,0.19288,0.20818,0.91926,3.876,0.941,1.203,True
HC_06,healthy,24.43,0.20424,0.22947,0.95457,3.367,0.063,3.846,True
HC_06,healthy,24.44,0.20743,0.18391,0.94532,2.921,-1.477,3.958,True
HC_06,healthy,24.45,0.17808,0.22158,0.94103,2.89,-0.18,3.697,True
HC_06,healthy,24.46,0.18759,0.20736,0.91463,3.754,-0.596,3.626,True
HC_06,healthy,24.47,0.1924,0.19988,0.9501,1.665,-2.715,2.053,True
HC_06,healthy,24.48,0.17987,0.22261,0.92004,2.622,-1.254,1.113,True
HC_06,healthy,24.490000000000002,0.19319,0.20038,0.92032,2.137,-1.512,3.205,True
HC_06,healthy,24.5,0.18487,0.2052,0.95231,0.276,-1.072,2.238,True
HC_06,healthy,24.51,0.19373,0.16696,0.93848,3.234,-2.611,3.145,True
HC_06,healthy,24.52,0.20853,0.19099,0.94967,2.431,-2.188,1.802,True
HC_06,healthy,24.53,0.21265,0.17705,0.94066,1.934,-4.075,2.043,True
HC_06,healthy,24.54,0.20066,0.19346,0.93351,2.0,-1.44,3.585,True
HC_06,healthy,24.55,0.16914,0.17908,0.8998,1.51,-1.478,2.546,True
HC_06,healthy,24.560000000000002,0.1781,0.17932,0.93861,1.858,-2.111,3.035,True
HC_06,healthy,24.57,0.18391,0.16597,0.93706,0.914,-3.129,0.741,True
HC_06,healthy,24.580000000000002,0.17822,0.18632,0.93758,3.147,-1.82,0.686,True
HC_06,healthy,24.59,0.18904,0.17007,0.9523,1.05,-3.33,1.647,True
HC_06,healthy,24.6,0.16481,0.17825,0.89949,2.744,-4.22,0.95,True
HC_06,healthy,24.61,0.16203,0.15064,0.92696,2.18,-4.393,0.89,True
HC_06,healthy,24.62,0.17364,0.16707,0.90546,0.267,-3.039,0.733,True
HC_06,healthy,24.63,0.1632,0.18058,0.92408,1.066,-3.074,0.356,True
HC_06,healthy,24.64,0.17789,0.18926,0.90339,-1.694,-3.641,-1.044,True
HC_06,healthy,24.650000000000002,0.17669,0.1808,0.94689,-1.031,-3.202,-0.486,True
HC_06,healthy,24.66,0.17398,0.13406,0.94403,0.338,-2.462,-1.241,True
HC_06,healthy,24.67,0.13864,0.15999,0.91689,-1.711,-5.154,-1.645,True
HC_06,healthy,24.68,0.12728,0.17533,0.93176,-1.193,-4.39,-1.635,True
HC_06,healthy,24.69,0.1479,0.17024,0.93542,-1.266,-3.372,-2.808,True
HC_06,healthy,24.7,0.1586,0.16457,0.91066,-1.534,-3.694,-2.04,True
HC_06,healthy,24.71,0.12469,0.15862,0.91367,-1.936,-3.418,-3.685,True
HC_06,healthy,24.72,0.11344,0.17502,0.91549,-2.462,-3.244,-3.849,True
HC_06,healthy,24.73,0.10407,0.1623,0.90607,-3.4,-4.136,-2.531,True
HC_06,healthy,24.740000000000002,0.13596,0.17204,0.94129,-1.785,-3.078,-4.187,True
HC_06,healthy,24.75,0.10727,0.14965,0.95516,-4.383,-4.657,-5.657,True
HC_06,healthy,24.76,0.13841,0.18699,0.92846,-4.021,-3.259,-2.037,True
HC_06,healthy,24.77,0.12405,0.17673,0.93698,-2.878,-3.369,-5.467,True
HC_06,healthy,24.78,0.11913,0.17923,0.95425,-3.733,-2.587,-4.781,True
HC_06,healthy,24.79,0.09547,0.18141,0.97217,-4.12,-1.958,-5.047,True
HC_06,healthy,24.8,0.0679,0.17864,0.9354,-5.578,-2.775,-5.446,True
HC_06,healthy,24.810000000000002,0.1103,0.15873,0.93086,-5.671,-2.111,-7.73,True
HC_06,healthy,24.82,0.0824,0.18725,0.94945,-5.627,-2.011,-7.008,True
HC_06,healthy,24.830000000000002,0.07166,0.16828,0.93797,-5.917,-1.328,-5.528,True
HC_06,healthy,24.84,0.0935,0.18018,0.97271,-5.431,-1.956,-7.77,True
HC_06,healthy,24.85,0.08248,0.21164,0.95286,-8.1,-0.711,-6.902,True
HC_06,healthy,24.86,0.07664,0.1877,0.98937,-5.834,-0.881,-8.567,True
HC_06,healthy,24.87,0.0685,0.19007,0.96564,-6.59,-0.625,-7.069,True
HC_06,healthy,24.88,0.08878,0.21895,0.96618,-7.011,-1.759,-6.999,True
HC_06,healthy,24.89,0.0717,0.20652,0.96902,-6.057,1.216,-7.787,True
HC_06,healthy,24.900000000000002,0.06598,0.22674,0.97951,-5.788,0.521,-7.665,True
HC_06,healthy,24.91,0.06192,0.20625,0.97152,-6.064,1.384,-8.908,True
HC_06,healthy,24.92,0.05483,0.25347,1.01206,-6.959,0.272,-7.823,True
HC_06,healthy,24.93,0.08248,0.22477,0.99446,-7.187,1.716,-6.79,True
HC_06,healthy,24.94,0.04862,0.24199,0.97892,-6.828,1.368,-7.543,True
HC_06,healthy,24.95,0.06897,0.22513,1.00089,-7.414,2.634,-7.275,True
HC_06,healthy,24.96,0.08217,0.24993,1.0044,-5.671,1.495,-8.354,True
HC_06,healthy,24.97,0.08895,0.2139,0.99376,-7.075,4.252,-7.311,True
HC_06,healthy,24.98,0.07968,0.21916,1.01243,-6.914,4.195,-8.004,True
HC_06,healthy,24.990000000000002,0.06573,0.25237,0.98568,-5.78,4.462,-5.754,True
HC_06,healthy,25.0,0.10342,0.24938,0.98491,-5.828,3.165,-5.298,True
HC_06,healthy,25.01,0.09721,0.27114,0.96026,-5.557,4.298,-3.592,True
HC_06,healthy,25.02,0.0869,0.28875,0.9685,-6.167,5.432,-5.449,True
HC_06,healthy,25.03,0.07197,0.2617,0.97316,-4.082,4.12,-4.17,True
HC_06,healthy,25.04,0.12828,0.28767,0.97665,-3.482,5.702,-3.97,True
HC_06,healthy,25.05,0.10458,0.25457,0.9817,-3.433,4.992,-3.171,True
HC_06,healthy,25.060000000000002,0.13518,0.25078,0.96459,-1.801,6.066,-1.765,True
HC_06,healthy,25.07,0.14468,0.29104,0.97135,-1.907,6.204,-2.621,True
HC_06,healthy,25.080000000000002,0.12729,0.25469,0.96033,-2.662,6.96,-2.093,True
HC_06,healthy,25.09,0.11942,0.2805,0.96337,-0.141,6.998,-1.966,True
HC_06,healthy,25.1,0.12627,0.30029,0.95734,-1.73,6.885,-0.596,True
HC_06,healthy,25.11,0.17984,0.26916,0.93615,0.308,7.826,-0.219,True
HC_06,healthy,25.12,0.16153,0.27358,0.92866,-0.78,7.617,0.629,True
HC_06,healthy,25.13,0.17346,0.29993,0.9243,1.394,8.103,1.449,True
HC_06,healthy,25.14,0.1759,0.25148,0.92721,0.12,6.826,2.16,True
HC_06,healthy,25.150000000000002,0.19047,0.26231,0.93253,1.521,5.722,4.91,True
HC_06,healthy,25.16,0.19492,0.30184,0.93636,2.741,5.385,1.822,True
HC_06,healthy,25.17,0.18619,0.27075,0.92147,3.327,6.669,5.206,True
HC_06,healthy,25.18,0.16914,0.28933,0.92447,4.571,5.904,6.189,True
HC_06,healthy,25.19,0.19834,0.24049,0.89615,5.461,6.124,5.651,True
HC_06,healthy,25.2,0.22311,0.27513,0.91545,5.946,6.145,6.533,True
HC_06,healthy,25.21,0.219,0.27451,0.91193,7.155,5.082,7.302,True
HC_06,healthy,25.22,0.21859,0.26794,0.91302,6.911,5.426,6.197,True
HC_06,healthy,25.23,0.24953,0.29016,0.89942,8.746,5.093,10.003,True
HC_06,healthy,25.240000000000002,0.2462,0.25347,0.88845,8.203,3.69,10.303,True
HC_06,healthy,25.25,0.21612,0.2727,0.88573,9.203,4.637,9.252,True
HC_06,healthy,25.26,0.23719,0.24088,0.89468,8.278,3.856,7.906,True
HC_06,healthy,25.27,0.25184,0.248,0.87484,9.564,4.006,10.001,True
HC_06,healthy,25.28,0.2464,0.24113,0.8965,8.406,3.181,11.031,True
HC_06,healthy,25.29,0.27128,0.21295,0.90512,10.543,3.116,11.187,True
HC_06,healthy,25.3,0.25794,0.20276,0.89124,10.437,1.287,13.482,True
HC_06,healthy,25.310000000000002,0.29915,0.21938,0.89901,11.093,1.044,11.255,True
HC_06,healthy,25.32,0.26885,0.1853,0.90723,8.977,1.258,12.765,True
HC_06,healthy,25.330000000000002,0.24443,0.19733,0.90852,11.847,-0.532,13.916,True
HC_06,healthy,25.34,0.29344,0.21582,0.91259,12.215,-0.441,11.476,True
HC_06,healthy,25.35,0.25471,0.1788,0.92642,11.823,-1.336,11.731,True
HC_06,healthy,25.36,0.25616,0.18104,0.90788,11.024,-2.139,13.079,True
HC_06,healthy,25.37,0.2675,0.1647,0.89264,11.766,-0.798,13.486,True
HC_06,healthy,25.38,0.27128,0.1689,0.946,11.645,-2.343,12.082,True
HC_06,healthy,25.39,0.29319,0.15432,0.93971,11.314,-4.101,11.518,True
HC_06,healthy,25.400000000000002,0.268,0.14995,0.95199,10.998,-2.954,11.303,True
HC_06,healthy,25.41,0.25005,0.13675,0.94313,8.913,-4.143,11.567,True
HC_06,healthy,25.42,0.27407,0.16445,0.9846,10.965,-5.182,11.031,True
HC_06,healthy,25.43,0.26516,0.10867,0.94008,11.486,-5.464,10.712,True
HC_06,healthy,25.44,0.25068,0.10085,0.96423,9.484,-5.901,8.627,True
HC_06,healthy,25.45,0.2237,0.11943,0.98895,8.358,-6.428,10.377,True
HC_06,healthy,25.46,0.21881,0.1213,1.00677,9.383,-8.422,10.042,True
HC_06,healthy,25.47,0.22282,0.12828,0.96963,7.753,-7.585,7.929,True
HC_06,healthy,25.48,0.20495,0.09301,0.99175,7.279,-7.081,7.863,True
HC_06,healthy,25.490000000000002,0.22607,0.08766,1.01567,6.22,-7.62,8.377,True
HC_06,healthy,25.5,0.21604,0.10145,1.01403,6.77,-8.135,6.772,True
HC_06,healthy,25.51,0.19504,0.07991,0.99582,5.838,-9.568,5.71,True
HC_06,healthy,25.52,0.19679,0.09076,1.00949,4.105,-10.883,4.702,True
HC_06,healthy,25.53,0.19105,0.07077,1.06202,2.612,-9.288,5.489,True
HC_06,healthy,25.54,0.18431,0.09112,1.02761,4.092,-9.939,3.238,True
HC_06,healthy,25.55,0.14143,0.06783,1.04199,2.215,-7.604,1.554,True
HC_06,healthy,25.560000000000002,0.14625,0.08269,1.02898,1.369,-9.028,2.425,True
HC_06,healthy,25.57,0.13459,0.07794,1.02762,-0.411,-11.285,3.125,True
HC_06,healthy,25.580000000000002,0.14497,0.09168,1.01737,0.244,-9.315,-1.497,True
HC_06,healthy,25.59,0.12308,0.08686,1.01886,-1.463,-9.171,-1.762,True
HC_06,healthy,25.6,0.09665,0.07761,1.01881,-1.967,-8.585,-4.052,True
HC_06,healthy,25.61,0.07293,0.07191,1.03904,-5.414,-9.413,-4.346,True
HC_06,healthy,25.62,0.07656,0.06217,1.00248,-2.346,-9.357,-4.293,True
HC_06,healthy,25.63,0.07619,0.08159,1.03838,-5.873,-10.282,-6.186,True
HC_06,healthy,25.64,0.08807,0.069,1.01083,-6.224,-9.491,-6.398,True
HC_06,healthy,25.650000000000002,0.06721,0.07586,1.03069,-7.308,-9.385,-8.176,True
HC_06,healthy,25.66,0.05166,0.09367,0.99584,-8.118,-8.492,-7.535,True
HC_06,healthy,25.67,0.01904,0.09404,0.98703,-7.718,-8.342,-10.179,True
HC_06,healthy,25.68,0.01269,0.10333,0.96427,-8.659,-7.961,-10.261,True
HC_06,healthy,25.69,0.01879,0.07961,0.98679,-9.493,-7.497,-12.103,True
HC_06,healthy,25.7,0.00263,0.10155,1.00906,-10.751,-6.378,-11.806,True
HC_06,healthy,25.71,-0.03444,0.10015,0.97824,-11.96,-6.193,-13.141,True
HC_06,healthy,25.72,-0.00042,0.15778,0.95307,-12.997,-6.48,-13.922,True
HC_06,healthy,25.73,-0.0146,0.10281,0.95928,-11.024,-4.736,-15.504,True
HC_06,healthy,25.740000000000002,-0.01974,0.14475,0.96497,-14.289,-4.878,-15.315,True
HC_06,healthy,25.75,-0.02634,0.16992,0.92145,-13.639,-3.638,-15.044,True
HC_06,healthy,25.76,-0.02308,0.15458,0.95328,-12.325,-3.485,-15.99,True
HC_06,healthy,25.77,-0.00622,0.15928,0.9128,-14.057,-2.147,-16.428,True
HC_06,healthy,25.78,-0.04303,0.17561,0.92498,-14.274,-1.186,-15.872,True
HC_06,healthy,25.79,-0.04789,0.16732,0.92837,-13.312,-0.606,-15.719,True
HC_06,healthy,25.8,-0.02481,0.17695,0.8946,-14.234,-0.971,-17.16,True
HC_06,healthy,25.810000000000002,-0.04071,0.20038,0.92439,-14.465,1.246,-16.075,True
HC_06,healthy,25.82,-0.0333,0.19096,0.90075,-14.576,-0.493,-16.614,True
HC_06,healthy,25.830000000000002,-0.0457,0.21321,0.90501,-15.042,0.616,-15.543,True
HC_06,healthy,25.84,-0.05557,0.21662,0.9051,-13.963,2.756,-15.981,True
HC_06,healthy,25.85,-0.06761,0.24554,0.88088,-15.216,4.126,-16.879,True
HC_06,healthy,25.86,-0.02005,0.23759,0.88659,-14.204,3.308,-15.932,True
HC_06,healthy,25.87,-0.04921,0.24946,0.88415,-14.441,5.315,-13.109,True
HC_06,healthy,25.88,-0.02367,0.27261,0.86454,-15.229,4.891,-15.945,True
HC_06,healthy,25.89,-0.03782,0.27776,0.87924,-10.593,8.463,-14.038,True
HC_06,healthy,25.900000000000002,0.0093,0.26338,0.89648,-11.494,5.899,-13.752,True
HC_06,healthy,25.91,0.00511,0.27886,0.89072,-12.656,7.252,-13.147,True
HC_06,healthy,25.92,0.00361,0.29787,0.95487,-10.488,10.37,-10.873,True
HC_06,healthy,25.93,-0.01565,0.28853,0.89521,-9.132,8.869,-10.931,True
HC_06,healthy,25.94,0.00573,0.26804,0.86132,-9.085,9.828,-11.059,True
HC_06,healthy,25.95,0.03085,0.28837,0.91783,-8.591,9.147,-9.653,True
HC_06,healthy,25.96,0.01382,0.31143,0.92039,-6.852,9.197,-8.814,True
HC_06,healthy,25.97,0.05671,0.32105,0.92543,-7.105,11.418,-8.465,True
HC_06,healthy,25.98,0.0419,0.32456,0.9155,-4.308,10.497,-6.842,True
HC_06,healthy,25.990000000000002,0.02709,0.34438,0.91895,-4.178,11.824,-5.213,True
HC_06,healthy,26.0,0.09479,0.30509,0.94025,-4.115,11.365,-4.67,True
HC_06,healthy,26.01,0.09652,0.341,0.94411,-1.932,11.194,-4.981,True
HC_06,healthy,26.02,0.11629,0.30845,0.96655,-1.663,11.723,-1.517,True
HC_06,healthy,26.03,0.10084,0.30456,0.97411,-0.158,11.422,-0.648,True
HC_06,healthy,26.04,0.13389,0.29742,1.00195,0.107,12.01,0.801,True
HC_06,healthy,26.05,0.15541,0.35616,0.98306,1.171,11.722,1.463,True
HC_06,healthy,26.060000000000002,0.13858,0.29838,0.98406,3.259,12.261,3.64,True
HC_06,healthy,26.07,0.15949,0.31424,0.9965,1.368,10.575,5.047,True
HC_06,healthy,26.080000000000002,0.1615,0.30115,0.9888,5.136,11.659,4.505,True
HC_06,healthy,26.09,0.20018,0.31803,0.97326,3.914,10.781,7.869,True
HC_06,healthy,26.1,0.17407,0.30651,0.98475,6.001,11.251,8.654,True
HC_06,healthy,26.11,0.18362,0.28756,1.03083,6.024,9.858,9.053,True
HC_06,healthy,26.12,0.21525,0.28974,1.00097,7.987,9.72,8.799,True
HC_06,healthy,26.13,0.21486,0.30212,1.01527,9.662,9.179,10.323,True
HC_06,healthy,26.14,0.23759,0.27162,1.03776,9.782,9.68,12.235,True
HC_06,healthy,26.150000000000002,0.24173,0.30984,1.03402,12.332,8.72,11.856,True
HC_06,healthy,26.16,0.2816,0.28198,1.0624,10.404,8.86,12.283,True
HC_06,healthy,26.17,0.26141,0.26537,1.0313,12.124,8.176,13.63,True
HC_06,healthy,26.18,0.2542,0.25986,1.05433,12.644,6.686,15.682,True
HC_06,healthy,26.19,0.28908,0.23245,1.03142,13.283,6.52,17.1,True
HC_06,healthy,26.2,0.27385,0.24803,1.06286,14.759,5.804,15.84,True
HC_06,healthy,26.21,0.29913,0.21964,1.05242,14.855,4.217,16.157,True
HC_06,healthy,26.22,0.25479,0.24431,1.0395,14.339,3.78,16.088,True
HC_06,healthy,26.23,0.28681,0.20923,1.04763,15.284,2.802,16.115,True
HC_06,healthy,26.240000000000002,0.28822,0.20686,1.03163,15.808,2.921,16.876,True
HC_06,healthy,26.25,0.29227,0.2311,1.03309,15.111,-0.048,18.925,True
HC_06,healthy,26.26,0.32195,0.15066,1.03602,15.612,1.411,17.621,True
HC_06,healthy,26.27,0.30169,0.17716,1.04705,14.879,-0.018,17.531,True
HC_06,healthy,26.28,0.31538,0.16594,0.99649,16.926,-3.035,16.252,True
HC_06,healthy,26.29,0.29656,0.13664,0.99997,14.888,-0.976,16.911,True
HC_06,healthy,26.3,0.302,0.15219,0.99354,15.316,-2.674,17.29,True
HC_06,healthy,26.310000000000002,0.28641,0.15048,1.01549,15.134,-5.061,16.166,True
HC_06,healthy,26.32,0.26103,0.17092,0.98883,14.676,-5.811,17.73,True
HC_06,healthy,26.330000000000002,0.28443,0.12903,0.99311,14.405,-5.227,16.133,True
HC_06,healthy,26.34,0.28013,0.12324,0.98881,13.815,-4.686,16.817,True
HC_06,healthy,26.35,0.27837,0.12099,0.96982,13.719,-5.274,16.171,True
HC_06,healthy,26.36,0.26556,0.06719,0.98552,12.505,-6.556,16.634,True
HC_06,healthy,26.37,0.2434,0.10845,0.96356,13.669,-6.734,13.549,True
HC_06,healthy,26.38,0.24404,0.08841,0.92431,13.436,-7.139,12.625,True
HC_06,healthy,26.39,0.24289,0.08976,0.92595,11.911,-8.538,11.257,True
HC_06,healthy,26.400000000000002,0.25452,0.06287,0.95515,10.518,-10.167,10.757,True
HC_06,healthy,26.41,0.20744,0.05529,0.90449,8.498,-9.605,11.575,True
HC_06,healthy,26.42,0.20769,0.0567,0.91164,8.067,-9.792,8.918,True
HC_06,healthy,26.43,0.20336,0.05716,0.93534,5.979,-10.129,8.284,True
HC_06,healthy,26.44,0.16985,0.07453,0.93058,5.97,-11.886,7.557,True
HC_06,healthy,26.45,0.18091,0.02861,0.90624,4.539,-10.149,5.823,True
HC_06,healthy,26.46,0.1484,0.04606,0.89197,5.389,-10.113,5.121,True
HC_06,healthy,26.47,0.17958,0.04411,0.90061,4.228,-12.691,5.281,True
HC_06,healthy,26.48,0.14303,0.02549,0.90341,2.054,-11.16,2.182,True
HC_06,healthy,26.490000000000002,0.15475,0.04121,0.88153,1.025,-11.127,0.36,True
HC_06,healthy,26.5,0.1166,0.03669,0.87927,-0.108,-12.371,1.265,True
HC_06,healthy,26.51,0.08705,0.04748,0.8655,-2.019,-11.495,-0.921,True
HC_06,healthy,26.52,0.08455,0.0677,0.91269,-1.97,-11.726,-3.137,True
HC_06,healthy,26.53,0.09594,0.05179,0.90047,-2.962,-11.058,-1.911,True
HC_06,healthy,26.54,0.09935,0.05519,0.89363,-3.429,-10.043,-5.096,True
HC_06,healthy,26.55,0.06553,0.07234,0.9381,-4.09,-11.705,-6.45,True
HC_06,healthy,26.560000000000002,0.06599,0.04623,0.9084,-6.067,-10.007,-8.545,True
HC_06,healthy,26.57,0.03036,0.07156,0.88464,-6.79,-11.7,-6.683,True
HC_06,healthy,26.580000000000002,0.03598,0.05972,0.94261,-8.474,-10.418,-8.17,True
HC_06,healthy,26.59,0.01698,0.06614,0.92558,-8.382,-8.137,-9.854,True
HC_06,healthy,26.6,-0.02196,0.07222,0.92265,-8.936,-9.306,-11.123,True
HC_06,healthy,26.61,-0.01712,0.09018,0.94033,-10.876,-8.254,-12.079,True
HC_06,healthy,26.62,-0.04114,0.06879,0.94442,-11.497,-8.584,-12.708,True
HC_06,healthy,26.63,-0.03686,0.09007,0.97781,-12.25,-6.712,-13.457,True
HC_06,healthy,26.64,-0.03572,0.09561,0.98551,-13.193,-5.636,-13.371,True
HC_06,healthy,26.650000000000002,-0.03599,0.09561,1.00427,-12.019,-5.701,-13.622,True
HC_06,healthy,26.66,-0.02094,0.1218,0.98221,-12.52,-5.175,-13.831,True
HC_06,healthy,26.67,-0.06527,0.09159,0.97704,-13.272,-4.79,-16.097,True
HC_06,healthy,26.68,-0.06199,0.14682,0.97708,-12.419,-3.377,-15.274,True
HC_06,healthy,26.69,-0.05522,0.14808,1.00668,-13.523,-3.297,-14.896,True
HC_06,healthy,26.7,-0.07173,0.16029,1.01076,-13.792,-2.798,-16.424,True
HC_06,healthy,26.71,-0.05688,0.14976,1.02135,-15.754,-2.128,-16.041,True
HC_06,healthy,26.72,-0.04882,0.13403,1.01221,-15.16,-1.488,-15.598,True
HC_06,healthy,26.73,-0.03674,0.2037,1.02681,-12.728,1.426,-17.572,True
HC_06,healthy,26.740000000000002,-0.06833,0.17897,1.0173,-15.01,-0.147,-15.356,True
HC_06,healthy,26.75,-0.04437,0.19084,1.04077,-14.989,2.651,-15.238,True
HC_06,healthy,26.76,-0.04672,0.21143,1.04871,-15.011,0.919,-16.616,True
HC_06,healthy,26.77,-0.06271,0.23582,1.02256,-14.196,1.493,-15.628,True
HC_06,healthy,26.78,-0.04546,0.20489,1.02525,-14.002,4.881,-16.096,True
HC_06,healthy,26.79,-0.06392,0.193,1.03459,-13.888,4.843,-15.513,True
HC_06,healthy,26.8,-0.05306,0.1972,1.04407,-13.718,4.908,-14.887,True
HC_06,healthy,26.810000000000002,-0.039,0.23081,1.07974,-11.678,4.716,-11.853,True
HC_06,healthy,26.82,0.00373,0.24363,1.01824,-12.609,5.982,-16.041,True
HC_06,healthy,26.830000000000002,-0.03626,0.25835,1.0405,-10.899,6.27,-13.007,True
HC_06,healthy,26.84,-0.02131,0.25946,1.04626,-10.607,7.093,-11.901,True
HC_06,healthy,26.85,-0.02691,0.26831,1.02974,-9.304,7.777,-10.647,True
HC_06,healthy,26.86,0.02187,0.29964,1.06029,-9.577,7.533,-9.009,True
HC_06,healthy,26.87,-0.00114,0.2669,1.03106,-7.266,8.386,-9.759,True
HC_06,healthy,26.88,-0.02031,0.2696,0.98219,-8.343,9.055,-8.307,True
HC_06,healthy,26.89,0.02229,0.27501,1.01671,-6.531,7.77,-6.879,True
HC_06,healthy,26.900000000000002,0.01993,0.29411,1.01862,-6.626,8.494,-7.138,True
HC_06,healthy,26.91,0.05329,0.29504,0.99803,-5.286,9.135,-5.774,True
HC_06,healthy,26.92,0.02226,0.28674,1.01115,-4.741,8.96,-4.834,True
HC_06,healthy,26.93,0.04806,0.27827,0.99395,-3.534,9.653,-4.085,True
HC_06,healthy,26.94,0.07613,0.29245,0.99992,-0.728,8.341,-2.207,True
HC_06,healthy,26.95,0.08618,0.27437,1.01379,-1.77,10.666,-1.334,True
HC_06,healthy,26.96,0.07482,0.29089,0.96648,0.694,10.212,-0.588,True
HC_06,healthy,26.97,0.09436,0.30369,0.98845,-1.03,10.157,-0.45,True
HC_06,healthy,26.98,0.13138,0.25319,0.94106,3.218,10.039,1.523,True
HC_06,healthy,26.990000000000002,0.13409,0.2999,0.95733,3.724,8.531,0.918,True
HC_06,healthy,27.0,0.14516,0.28972,0.97658,3.474,9.062,4.932,True
HC_06,healthy,27.01,0.15351,0.26579,0.95276,3.961,9.43,4.887,True
HC_06,healthy,27.02,0.16511,0.28547,0.93022,4.793,9.278,4.179,True
HC_06,healthy,27.03,0.19762,0.2897,0.93379,5.073,8.028,5.711,True
HC_06,healthy,27.04,0.18104,0.26293,0.94399,6.604,7.268,5.509,True
HC_06,healthy,27.05,0.17878,0.29006,0.93612,7.331,6.833,8.435,True
HC_06,healthy,27.060000000000002,0.17779,0.26283,0.91489,7.26,7.573,9.188,True
HC_06,healthy,27.07,0.20787,0.23157,0.91833,6.607,6.427,9.018,True
HC_06,healthy,27.080000000000002,0.19852,0.26885,0.9357,8.281,5.693,10.019,True
HC_06,healthy,27.09,0.19819,0.23316,0.91648,9.3,7.285,10.235,True
HC_06,healthy,27.1,0.19122,0.26046,0.90757,9.723,6.519,10.463,True
HC_06,healthy,27.11,0.22385,0.2081,0.89953,11.087,4.793,11.721,True
HC_06,healthy,27.12,0.23023,0.22848,0.90734,9.263,4.398,11.568,True
HC_06,healthy,27.13,0.23712,0.2171,0.91104,11.201,4.865,11.962,True
HC_06,healthy,27.14,0.22144,0.2195,0.92621,11.366,3.447,13.198,True
HC_06,healthy,27.150000000000002,0.2103,0.2059,0.90534,10.423,2.232,11.464,True
HC_06,healthy,27.16,0.1835,0.21375,0.92952,10.561,1.358,11.813,True
HC_06,healthy,27.17,0.23124,0.18371,0.91408,10.553,2.685,12.41,True
HC_06,healthy,27.18,0.22003,0.20889,0.92583,10.421,-0.763,12.11,True
HC_06,healthy,27.19,0.21869,0.16972,0.92882,11.929,0.736,11.959,True
HC_06,healthy,27.2,0.21693,0.18134,0.9376,11.866,0.153,12.711,True
HC_06,healthy,27.21,0.20779,0.15322,0.97354,11.02,-0.967,9.7,True
HC_06,healthy,27.22,0.21418,0.16055,0.93585,9.981,-0.606,11.573,True
HC_06,healthy,27.23,0.20361,0.14425,0.94825,11.542,-2.047,12.727,True
HC_06,healthy,27.240000000000002,0.21091,0.18449,0.95727,9.101,-1.974,10.74,True
HC_06,healthy,27.25,0.19907,0.12566,0.97229,10.058,-1.949,10.347,True
HC_06,healthy,27.26,0.1959,0.13998,0.96376,8.323,-4.267,11.273,True
HC_06,healthy,27.27,0.20692,0.14381,0.97715,8.283,-3.662,10.983,True
HC_06,healthy,27.28,0.20684,0.1241,0.97056,8.995,-2.694,9.097,True
HC_06,healthy,27.29,0.16627,0.12853,0.99538,11.051,-2.633,8.456,True
HC_06,healthy,27.3,0.20973,0.12996,0.9822,6.921,-4.722,8.964,True
HC_06,healthy,27.310000000000002,0.17573,0.13116,1.0306,7.389,-5.889,7.112,True
HC_06,healthy,27.32,0.17077,0.14948,0.99647,5.471,-4.95,9.507,True
HC_06,healthy,27.330000000000002,0.15553,0.11843,0.9927,4.975,-4.266,7.388,True
HC_06,healthy,27.34,0.15161,0.09177,1.0369,5.935,-5.577,6.994,True
HC_06,healthy,27.35,0.1376,0.11231,1.00637,4.045,-4.806,6.169,True
HC_06,healthy,27.36,0.16639,0.10002,1.01973,6.142,-6.333,5.49,True
HC_06,healthy,27.37,0.13199,0.09373,1.00702,3.059,-6.946,4.515,True
HC_06,healthy,27.38,0.12974,0.11996,1.01669,2.764,-8.089,4.709,True
HC_06,healthy,27.39,0.10786,0.11437,1.02035,3.127,-7.807,4.432,True
HC_06,healthy,27.400000000000002,0.11457,0.1175,1.03939,2.256,-5.446,1.068,True
HC_06,healthy,27.41,0.10081,0.11742,1.03685,0.51,-6.89,0.36,True
HC_06,healthy,27.42,0.11389,0.10052,1.03578,1.03,-7.182,0.32,True
HC_06,healthy,27.43,0.10186,0.08528,1.03734,0.527,-7.301,-1.257,True
HC_06,healthy,27.44,0.07993,0.11812,1.02847,0.11,-6.126,0.435,True
HC_06,healthy,27.45,0.0743,0.11108,1.00714,-2.048,-6.676,-1.412,True
HC_06,healthy,27.46,0.09638,0.08993,1.0353,-0.523,-6.348,-1.977,True
HC_06,healthy,27.47,0.07463,0.07831,1.00768,-3.211,-5.345,-2.178,True
HC_06,healthy,27.48,0.07259,0.09158,1.00072,-2.739,-6.109,-3.497,True
HC_06,healthy,27.490000000000002,0.08991,0.10001,1.00979,-1.551,-6.543,-3.039,True
HC_06,healthy,27.5,0.07252,0.0928,1.02619,-5.044,-5.164,-3.938,True
HC_06,healthy,27.51,0.07669,0.10311,1.01549,-4.717,-5.391,-4.453,True
HC_06,healthy,27.52,0.06373,0.12073,0.99062,-3.614,-4.677,-5.272,True
HC_06,healthy,27.53,0.02778,0.12008,0.99746,-5.456,-4.406,-5.343,True
HC_06,healthy,27.54,0.04234,0.12358,0.99109,-4.404,-3.37,-6.742,True
HC_06,healthy,27.55,0.04054,0.11866,0.97726,-5.689,-3.442,-6.136,True
HC_06,healthy,27.560000000000002,0.02451,0.135,0.99112,-4.632,-3.606,-5.412,True
HC_06,healthy,27.57,0.02809,0.14498,0.99042,-6.983,-2.761,-6.72,True
HC_06,healthy,27.580000000000002,0.02797,0.10836,0.97874,-5.386,-2.683,-7.11,True
HC_06,healthy,27.59,0.03782,0.14098,0.9902,-6.512,-3.557,-6.928,True
HC_06,healthy,27.6,0.0152,0.13641,0.9669,-5.733,-0.131,-6.539,True
HC_06,healthy,27.61,0.02182,0.16576,0.93598,-6.785,-1.324,-7.066,True
HC_06,healthy,27.62,0.02797,0.16085,0.97711,-7.344,-0.411,-7.97,True
HC_06,healthy,27.63,0.00978,0.19867,0.97045,-5.866,0.097,-8.472,True
HC_06,healthy,27.64,0.01686,0.1819,0.96221,-4.733,-2.068,-6.511,True
HC_06,healthy,27.650000000000002,0.00107,0.15608,0.96453,-6.147,-0.019,-7.039,True
HC_06,healthy,27.66,0.0256,0.20245,0.96379,-8.67,0.95,-8.505,True
HC_06,healthy,27.67,0.02391,0.19878,0.93806,-5.642,-0.55,-8.152,True
HC_06,healthy,27.68,0.01013,0.1725,0.96003,-5.036,0.168,-6.254,True
HC_06,healthy,27.69,0.03046,0.17819,0.93095,-5.702,2.109,-6.726,True
HC_06,healthy,27.7,0.02052,0.20558,0.91957,-5.883,1.04,-6.932,True
HC_06,healthy,27.71,0.05524,0.19622,0.95844,-4.351,1.304,-6.719,True
HC_06,healthy,27.72,0.04853,0.19691,0.92296,-5.35,2.811,-5.541,True
HC_06,healthy,27.73,0.04559,0.1962,0.92121,-5.059,1.417,-6.535,True
HC_06,healthy,27.740000000000002,0.06773,0.17872,0.9636,-4.027,2.34,-5.227,True
HC_06,healthy,27.75,0.07336,0.18924,0.94045,-4.543,2.309,-5.18,True
HC_06,healthy,27.76,0.05321,0.18018,0.94163,-4.457,2.793,-4.875,True
HC_06,healthy,27.77,0.05284,0.20891,0.92695,-3.735,2.452,-3.663,True
HC_06,healthy,27.78,0.07821,0.19208,0.96315,-4.19,3.937,-4.073,True
HC_06,healthy,27.79,0.05954,0.19511,0.93719,-2.387,2.132,-3.42,True
HC_06,healthy,27.8,0.06186,0.20804,0.95225,-4.125,3.271,-4.052,True
HC_06,healthy,27.810000000000002,0.07455,0.20247,0.96464,-0.978,3.947,-3.145,True
HC_06,healthy,27.82,0.10077,0.22504,0.98973,-3.221,2.628,-1.647,True
HC_06,healthy,27.830000000000002,0.08209,0.18461,0.96653,-3.208,1.662,-1.542,True
HC_06,healthy,27.84,0.07649,0.24412,0.99156,-2.107,3.47,-0.454,True
HC_06,healthy,27.85,0.09319,0.22426,0.93257,-1.882,4.222,-2.804,True
HC_06,healthy,27.86,0.06871,0.21952,0.96796,-1.962,3.782,-0.486,True
HC_06,healthy,27.87,0.06909,0.20691,0.95649,-0.871,3.617,-2.727,True
HC_06,healthy,27.88,0.10216,0.18889,0.97085,0.376,2.241,-0.159,True
HC_06,healthy,27.89,0.09386,0.21281,0.97772,0.165,3.348,-0.224,True
HC_06,healthy,27.900000000000002,0.09408,0.20947,1.00765,1.864,2.314,-0.656,True
HC_06,healthy,27.91,0.108,0.18939,0.97845,1.157,2.714,0.311,True
HC_06,healthy,27.92,0.09982,0.20531,0.99049,1.187,3.788,0.743,True
HC_06,healthy,27.93,0.09757,0.1929,0.97482,0.159,2.877,1.44,True
HC_06,healthy,27.94,0.12141,0.19009,0.98505,1.754,1.702,0.116,True
HC_06,healthy,27.95,0.10475,0.1984,0.98463,1.934,2.503,2.081,True
HC_06,healthy,27.96,0.1194,0.19893,0.98926,1.419,3.47,2.209,True
HC_06,healthy,27.97,0.11475,0.17188,0.97893,1.087,2.66,1.737,True
HC_06,healthy,27.98,0.1207,0.20692,0.97659,1.913,4.027,1.996,True
HC_06,healthy,27.990000000000002,0.14093,0.22255,0.9945,2.064,2.836,2.861,True
HC_06,healthy,28.0,0.10866,0.18354,1.02549,1.795,0.062,2.454,True
HC_06,healthy,28.01,0.10969,0.20402,0.9824,2.374,1.099,2.584,True
HC_06,healthy,28.02,0.12915,0.19259,1.00726,1.724,1.792,2.738,True
HC_06,healthy,28.03,0.12691,0.20416,0.96851,2.332,2.015,2.154,True
HC_06,healthy,28.04,0.13222,0.16591,0.98141,1.275,0.197,2.182,True
HC_06,healthy,28.05,0.12181,0.18422,0.98403,3.264,2.034,2.376,True
HC_06,healthy,28.060000000000002,0.13292,0.16096,1.00263,2.272,-0.243,1.885,True
HC_06,healthy,28.07,0.1162,0.18549,0.9938,2.403,2.55,1.826,True
HC_06,healthy,28.080000000000002,0.14248,0.17158,1.00377,1.129,2.051,2.68,True
HC_06,healthy,28.09,0.09749,0.20048,0.95698,2.698,-0.223,2.665,True
HC_06,healthy,28.1,0.12776,0.18466,0.96423,2.86,1.305,2.68,True
HC_06,healthy,28.11,0.13075,0.17256,0.97566,2.863,0.175,3.015,True
HC_06,healthy,28.12,0.09993,0.1545,0.96897,2.263,0.367,2.178,True
HC_06,healthy,28.13,0.09675,0.1902,0.96545,1.533,0.078,2.814,True
HC_06,healthy,28.14,0.13196,0.17355,0.9657,1.196,-0.167,2.157,True
HC_06,healthy,28.150000000000002,0.10956,0.18703,0.94977,3.771,0.178,2.312,True
HC_06,healthy,28.16,0.10096,0.16232,0.9921,2.932,-0.761,1.292,True
HC_06,healthy,28.17,0.11877,0.18352,0.95321,0.543,0.225,1.771,True
HC_06,healthy,28.18,0.12169,0.17086,0.98206,3.03,0.333,1.241,True
HC_06,healthy,28.19,0.1135,0.15577,0.97522,1.492,-0.664,0.276,True
HC_06,healthy,28.2,0.11963,0.18209,0.94358,1.184,0.206,1.956,True
HC_06,healthy,28.21,0.11529,0.18047,0.96786,1.465,-2.359,1.879,True
HC_06,healthy,28.22,0.13062,0.17205,0.98414,1.382,0.349,0.998,True
HC_06,healthy,28.23,0.13152,0.17653,0.96829,1.754,-2.14,1.627,True
HC_06,healthy,28.240000000000002,0.07876,0.1708,0.9339,1.726,-0.726,0.342,True
HC_06,healthy,28.25,0.12499,0.17303,0.98212,0.447,-1.289,0.976,True
HC_06,healthy,28.26,0.0875,0.18527,0.96193,2.102,-0.301,1.388,True
HC_06,healthy,28.27,0.08197,0.15891,0.96405,2.608,-0.547,2.7,True
HC_06,healthy,28.28,0.13261,0.1683,0.9691,0.663,-0.022,0.549,True
HC_06,healthy,28.29,0.11525,0.157,0.94776,0.602,-0.275,1.081,True
HC_06,healthy,28.3,0.11506,0.14299,0.97721,1.74,-0.722,0.963,True
HC_06,healthy,28.310000000000002,0.11478,0.18047,0.93124,0.055,-0.038,0.575,True
HC_06,healthy,28.32,0.11515,0.13962,0.95994,1.091,-2.71,-0.827,True
HC_06,healthy,28.330000000000002,0.11009,0.16764,0.93747,-0.603,-1.364,-0.699,True
HC_06,healthy,28.34,0.12108,0.16596,0.9736,-0.939,-1.307,0.167,True
HC_06,healthy,28.35,0.09242,0.16764,0.9779,0.457,-1.633,0.26,True
HC_06,healthy,28.36,0.10611,0.16232,0.97973,-0.944,-1.252,-1.459,True
HC_06,healthy,28.37,0.13009,0.18205,0.97094,0.483,-0.746,0.502,True
HC_06,healthy,28.38,0.09251,0.13667,0.96941,-0.393,-0.51,-0.903,True
HC_06,healthy,28.39,0.07071,0.20127,0.94747,0.592,-0.259,-0.75,True
HC_06,healthy,28.400000000000002,0.09237,0.18754,0.98121,-0.7,-0.342,-0.057,True
HC_06,healthy,28.41,0.09559,0.15165,0.95521,0.351,0.333,0.059,True
HC_06,healthy,28.42,0.11324,0.18323,0.9782,-0.585,-2.448,-0.155,True
HC_06,healthy,28.43,0.10287,0.19513,0.94393,-1.154,-0.005,-0.629,True
HC_06,healthy,28.44,0.11142,0.15455,0.97072,-1.278,-1.259,0.524,True
HC_06,healthy,28.45,0.10146,0.15747,0.9756,-0.688,-1.523,0.369,True
HC_06,healthy,28.46,0.1384,0.18688,0.98509,-0.634,-0.314,1.096,True
HC_06,healthy,28.47,0.10531,0.17274,0.97926,0.25,0.834,-0.771,True
HC_06,healthy,28.48,0.11571,0.16529,0.97953,-0.625,-2.397,-2.117,True
HC_06,healthy,28.490000000000002,0.10966,0.1914,0.97676,-1.107,-0.04,0.431,True
HC_06,healthy,28.5,0.12054,0.17748,0.995,-0.137,-1.847,0.744,True
HC_06,healthy,28.51,0.09006,0.18813,0.96232,0.016,1.979,-0.53,True
HC_06,healthy,28.52,0.10574,0.1744,0.96381,1.378,-1.467,0.122,True
HC_06,healthy,28.53,0.11876,0.17895,0.96594,-0.93,-0.307,0.28,True
HC_06,healthy,28.54,0.12062,0.1706,0.95132,-0.725,0.731,-0.513,True
HC_06,healthy,28.55,0.10798,0.1887,0.96661,-0.374,0.017,0.096,True
HC_06,healthy,28.560000000000002,0.08916,0.16152,0.95955,-0.124,1.12,-0.785,True
HC_06,healthy,28.57,0.12483,0.17698,0.98399,-0.183,0.226,-1.014,True
HC_06,healthy,28.580000000000002,0.10338,0.16834,0.94215,0.993,-1.984,-0.361,True
HC_06,healthy,28.59,0.10662,0.19397,0.95928,-0.449,-0.093,-1.392,True
HC_06,healthy,28.6,0.0739,0.18234,0.96839,0.178,-0.624,0.234,True
HC_06,healthy,28.61,0.08614,0.20386,0.95331,-1.343,1.147,-1.105,True
HC_06,healthy,28.62,0.11229,0.16804,0.96878,-0.29,-0.372,0.394,True
HC_06,healthy,28.63,0.13137,0.18497,0.99229,0.369,0.634,0.44,True
HC_06,healthy,28.64,0.11305,0.18061,0.99036,-0.386,-0.889,1.057,True
HC_06,healthy,28.650000000000002,0.10243,0.1742,0.9659,0.014,0.512,0.029,True
HC_06,healthy,28.66,0.09752,0.19211,0.95339,0.903,2.474,-1.558,True
HC_06,healthy,28.67,0.10621,0.20038,0.97089,-0.473,-0.252,-0.096,True
HC_06,healthy,28.68,0.11413,0.20826,0.96299,-0.009,-0.864,1.128,True
HC_06,healthy,28.69,0.1053,0.18609,0.97399,0.393,-0.909,0.394,True
HC_06,healthy,28.7,0.11118,0.18269,0.99605,-0.355,0.152,0.871,True
HC_06,healthy,28.71,0.12654,0.17896,0.97118,0.843,-0.171,0.09,True
HC_06,healthy,28.72,0.11171,0.1744,0.9691,-1.417,-1.024,1.147,True
HC_06,healthy,28.73,0.10746,0.17509,1.00294,-0.852,-0.89,-0.879,True
HC_06,healthy,28.740000000000002,0.11641,0.19321,0.9667,-0.942,-2.072,-0.817,True
HC_06,healthy,28.75,0.11612,0.18451,0.95546,0.021,-0.62,-0.57,True
HC_06,healthy,28.76,0.11258,0.15891,0.97008,-0.96,0.37,0.502,True
HC_06,healthy,28.77,0.10282,0.1732,0.94858,0.728,0.698,0.388,True
HC_06,healthy,28.78,0.14145,0.19679,0.96891,-0.044,0.663,-0.122,True
HC_06,healthy,28.79,0.11201,0.18116,0.97222,0.491,0.536,1.355,True
HC_06,healthy,28.8,0.09306,0.17942,0.94009,-0.255,-0.534,-0.091,True
HC_06,healthy,28.810000000000002,0.10584,0.16085,0.95523,0.346,0.357,0.111,True
HC_06,healthy,28.82,0.11205,0.194,0.96287,0.277,0.293,-1.221,True
HC_06,healthy,28.830000000000002,0.10972,0.177,0.95038,-1.294,-0.074,-0.46,True
HC_06,healthy,28.84,0.13722,0.20155,0.97715,0.558,0.352,1.515,True
HC_06,healthy,28.85,0.13027,0.21837,0.97783,-0.531,1.178,1.027,True
HC_06,healthy,28.86,0.09374,0.18372,0.96895,1.733,-0.05,0.52,True
HC_06,healthy,28.87,0.09379,0.21399,0.97455,2.384,1.587,-0.289,True
HC_06,healthy,28.88,0.12477,0.1958,0.96176,0.526,-0.412,-0.329,True
HC_06,healthy,28.89,0.1115,0.19375,0.97515,0.219,0.942,-1.277,True
HC_06,healthy,28.900000000000002,0.11699,0.16974,0.94643,1.929,-0.037,0.001,True
HC_06,healthy,28.91,0.13433,0.18864,0.97873,0.561,-1.991,-0.792,True
HC_06,healthy,28.92,0.12711,0.17517,0.96732,0.43,-0.039,0.202,True
HC_06,healthy,28.93,0.12859,0.18914,0.97967,0.03,1.22,0.974,True
HC_06,healthy,28.94,0.11012,0.19237,0.94722,0.319,0.156,0.543,True
HC_06,healthy,28.95,0.13088,0.1804,0.96711,0.189,-0.172,-1.445,True
HC_06,healthy,28.96,0.11504,0.17354,0.9752,0.595,0.285,-0.027,True
HC_06,healthy,28.97,0.14033,0.18917,0.93924,-0.163,-0.307,-0.64,True
HC_06,healthy,28.98,0.14208,0.17113,0.96362,-0.567,-0.893,0.362,True
HC_06,healthy,28.990000000000002,0.13198,0.18521,0.94023,1.437,0.796,-0.354,True
HC_06,healthy,29.0,0.13335,0.17136,0.98388,0.788,-0.124,0.909,True
HC_06,healthy,29.01,0.13039,0.17178,0.96373,-1.017,0.842,0.045,True
HC_06,healthy,29.02,0.1335,0.20425,0.95942,1.092,-0.781,1.879,True
HC_06,healthy,29.03,0.1028,0.16233,0.96705,0.256,0.27,-0.738,True
HC_06,healthy,29.04,0.13104,0.18556,0.98309,0.225,-0.273,0.369,True
HC_06,healthy,29.05,0.1426,0.17472,0.96424,1.027,0.463,-0.469,True
HC_06,healthy,29.060000000000002,0.1192,0.16966,0.96653,-0.52,0.088,-0.493,True
HC_06,healthy,29.07,0.11556,0.1754,0.96199,-1.088,-1.458,0.613,True
HC_06,healthy,29.080000000000002,0.15664,0.19314,0.95061,1.35,-0.075,1.108,True
HC_06,healthy,29.09,0.12851,0.21374,0.98593,1.134,0.86,1.529,True
HC_06,healthy,29.1,0.12888,0.17111,0.94442,0.213,0.344,0.502,True
HC_06,healthy,29.11,0.12435,0.21812,0.96316,-0.966,0.038,0.139,True
HC_06,healthy,29.12,0.16384,0.1933,0.98446,1.041,0.123,0.987,True
HC_06,healthy,29.13,0.1245,0.17425,0.96515,2.944,0.864,1.315,True
HC_06,healthy,29.14,0.15151,0.17225,0.95801,1.62,-1.782,1.148,True
HC_06,healthy,29.150000000000002,0.13891,0.19679,0.98276,1.184,-1.166,0.375,True
HC_06,healthy,29.16,0.14002,0.16603,0.96626,1.05,-0.789,0.042,True
HC_06,healthy,29.17,0.13952,0.20088,0.95924,0.009,-0.016,0.443,True
HC_06,healthy,29.18,0.09197,0.16575,0.96466,0.677,0.554,0.72,True
HC_06,healthy,29.19,0.11545,0.15398,0.9595,0.257,-1.308,0.77,True
HC_06,healthy,29.2,0.14645,0.18202,0.96164,0.317,-1.812,0.559,True
HC_06,healthy,29.21,0.12998,0.18348,0.96998,0.827,0.883,0.677,True
HC_06,healthy,29.22,0.1535,0.1863,0.9714,-0.7,-1.058,0.569,True
HC_06,healthy,29.23,0.1062,0.17297,0.94192,-0.028,-0.644,-0.223,True
HC_06,healthy,29.240000000000002,0.12883,0.16319,0.99985,1.284,-1.194,0.214,True
HC_06,healthy,29.25,0.1187,0.1653,0.98976,1.37,-0.555,0.68,True
HC_06,healthy,29.26,0.12456,0.16737,0.96951,-0.24,-1.536,0.306,True
HC_06,healthy,29.27,0.13176,0.18193,0.96484,1.402,-1.279,-0.108,True
HC_06,healthy,29.28,0.12123,0.15994,0.97145,-0.286,-0.028,0.374,True
HC_06,healthy,29.29,0.10513,0.19163,0.98362,0.345,-1.158,-0.391,True
HC_06,healthy,29.3,0.13215,0.1931,0.99722,0.759,-1.472,-1.036,True
HC_06,healthy,29.310000000000002,0.09727,0.19826,0.96183,-0.895,-1.036,-0.723,True
HC_06,healthy,29.32,0.1325,0.15905,0.96906,-1.771,-1.63,-1.177,True
HC_06,healthy,29.330000000000002,0.10856,0.1741,0.95874,-0.118,-1.87,0.234,True
HC_06,healthy,29.34,0.14142,0.17208,0.95459,-1.756,-2.268,0.885,True
HC_06,healthy,29.35,0.14789,0.18499,0.95063,-0.353,-2.81,-0.916,True
HC_06,healthy,29.36,0.1089,0.16087,0.96097,-1.025,-1.973,-2.127,True
HC_06,healthy,29.37,0.14903,0.14098,0.95264,-0.805,-1.096,-2.825,True
HC_06,healthy,29.38,0.10774,0.16526,0.96813,0.558,-1.099,-1.969,True
HC_06,healthy,29.39,0.10456,0.18433,0.95857,-2.62,-1.49,-0.523,True
HC_06,healthy,29.400000000000002,0.129,0.16035,0.98101,0.107,-1.976,-1.808,True
HC_06,healthy,29.41,0.10698,0.17363,0.95534,-1.144,-0.904,-2.071,True
HC_06,healthy,29.42,0.10592,0.19324,0.94294,-2.29,-0.66,-3.199,True
HC_06,healthy,29.43,0.11836,0.15783,0.96147,-2.761,0.236,-3.392,True
HC_06,healthy,29.44,0.12744,0.14942,0.93669,-2.909,-2.039,-4.697,True
HC_06,healthy,29.45,0.12607,0.17065,0.97437,-3.647,-2.762,-2.382,True
HC_06,healthy,29.46,0.09042,0.17332,0.9596,-2.825,-0.235,-2.986,True
HC_06,healthy,29.47,0.0847,0.179,0.9681,-2.925,-0.598,-3.098,True
HC_06,healthy,29.48,0.10811,0.18289,0.95631,-4.32,-1.98,-2.893,True
HC_06,healthy,29.490000000000002,0.09656,0.20902,0.96803,-2.205,-1.617,-2.511,True
HC_06,healthy,29.5,0.09364,0.21072,0.94086,-4.07,-1.546,-2.923,True
HC_06,healthy,29.51,0.1262,0.17496,0.95691,-3.9,-0.078,-5.291,True
HC_06,healthy,29.52,0.10341,0.21276,0.94607,-3.111,-0.644,-4.949,True
HC_06,healthy,29.53,0.07463,0.21026,0.92438,-5.543,-0.337,-3.611,True
HC_06,healthy,29.54,0.09928,0.18326,0.93625,-4.11,-0.507,-3.981,True
HC_06,healthy,29.55,0.11831,0.2063,0.94051,-1.872,1.452,-5.041,True
HC_06,healthy,29.560000000000002,0.09045,0.19472,0.92337,-3.937,-0.072,-2.701,True
HC_06,healthy,29.57,0.09153,0.1766,0.95356,-4.938,0.195,-3.715,True
HC_06,healthy,29.580000000000002,0.10807,0.19315,0.90813,-5.184,1.326,-4.959,True
HC_06,healthy,29.59,0.07981,0.20229,0.94886,-3.517,0.72,-5.313,True
HC_06,healthy,29.6,0.12625,0.17603,0.93034,-4.951,0.774,-3.536,True
HC_06,healthy,29.61,0.09133,0.21318,0.93916,-2.874,-1.323,-6.003,True
HC_06,healthy,29.62,0.08134,0.2411,0.94311,-3.811,2.616,-3.478,True
HC_06,healthy,29.63,0.12569,0.22959,0.9207,-2.396,3.068,-3.405,True
HC_06,healthy,29.64,0.10204,0.20633,0.89483,-2.725,1.956,-3.967,True
HC_06,healthy,29.650000000000002,0.09918,0.24184,0.95017,-3.961,3.237,-4.638,True
HC_06,healthy,29.66,0.10138,0.21836,0.9406,-4.574,3.522,-4.55,True
HC_06,healthy,29.67,0.09895,0.24918,0.90743,-3.418,3.166,-1.955,True
HC_06,healthy,29.68,0.1043,0.22675,0.95669,-4.095,2.442,-3.066,True
HC_06,healthy,29.69,0.14665,0.23955,0.96118,-2.457,5.067,-0.38,True
HC_06,healthy,29.7,0.11775,0.23155,0.95022,-1.696,2.857,-1.332,True
HC_06,healthy,29.71,0.13424,0.22596,0.96555,-2.092,3.247,-2.918,True
HC_06,healthy,29.72,0.15103,0.24095,0.93377,-0.614,4.204,-0.422,True
HC_06,healthy,29.73,0.14019,0.20501,0.9505,-0.235,2.447,-0.639,True
HC_06,healthy,29.740000000000002,0.14003,0.2395,0.95537,-0.58,4.023,-1.284,True
HC_06,healthy,29.75,0.12982,0.22693,0.95336,0.914,3.146,-1.695,True
HC_06,healthy,29.76,0.16122,0.24151,0.98947,-0.707,5.131,0.146,True
HC_06,healthy,29.77,0.13801,0.26031,0.97357,1.324,4.554,-0.257,True
HC_06,healthy,29.78,0.14037,0.24795,0.94559,2.129,5.883,-0.062,True
HC_06,healthy,29.79,0.14939,0.23796,0.98703,0.146,3.325,2.099,True
HC_06,healthy,29.8,0.13611,0.23857,0.96895,2.412,4.411,4.125,True
HC_06,healthy,29.810000000000002,0.14406,0.25626,0.97227,3.527,4.745,2.039,True
HC_06,healthy,29.82,0.16197,0.25256,0.9767,3.523,4.609,1.661,True
HC_06,healthy,29.830000000000002,0.18215,0.24102,0.97541,3.176,4.199,3.29,True
HC_06,healthy,29.84,0.17751,0.27725,0.99369,2.306,3.606,1.935,True
HC_06,healthy,29.85,0.19418,0.2095,0.96978,2.372,3.485,4.386,True
HC_06,healthy,29.86,0.17986,0.2537,0.99373,4.134,1.589,5.389,True
HC_06,healthy,29.87,0.20752,0.23319,1.01299,5.716,5.463,4.423,True
HC_06,healthy,29.88,0.19619,0.24186,0.98172,5.534,3.326,6.595,True
HC_06,healthy,29.89,0.20206,0.21925,1.00301,6.351,3.739,5.789,True
HC_06,healthy,29.900000000000002,0.21023,0.21815,0.98915,5.362,3.536,6.596,True
HC_06,healthy,29.91,0.22242,0.26114,0.99514,5.567,2.156,6.081,True
HC_06,healthy,29.92,0.20248,0.25737,1.01,6.531,2.19,7.953,True
HC_06,healthy,29.93,0.22697,0.24365,0.95762,6.63,2.537,6.848,True
HC_06,healthy,29.94,0.22607,0.20736,0.98399,6.648,1.96,8.184,True
HC_06,healthy,29.95,0.22474,0.21185,0.97076,6.893,2.114,7.628,True
HC_06,healthy,29.96,0.19342,0.19197,0.98798,7.513,1.672,8.943,True
HC_06,healthy,29.97,0.23419,0.19915,0.97229,5.949,1.907,8.877,True
HC_06,healthy,29.98,0.24987,0.19015,0.95436,9.105,1.463,8.801,True
HC_06,healthy,29.990000000000002,0.26078,0.22044,0.96717,8.124,1.017,7.844,True
HC_06,healthy,30.0,0.22739,0.17795,0.97773,7.192,0.399,8.466,True
HC_06,healthy,30.01,0.24751,0.18735,0.97586,7.421,-0.153,7.488,True
HC_06,healthy,30.02,0.24723,0.19435,0.96562,6.646,0.165,8.276,True
HC_06,healthy,30.03,0.22737,0.18519,0.97071,7.929,-1.834,7.97,True
HC_06,healthy,30.04,0.25415,0.16957,0.96738,10.08,-1.964,8.516,True
HC_06,healthy,30.05,0.23202,0.15343,0.95389,6.73,-3.026,8.612,True
HC_06,healthy,30.060000000000002,0.26097,0.1668,0.97048,7.724,-3.121,8.197,True
HC_06,healthy,30.07,0.23385,0.14543,0.9537,6.357,-2.184,8.926,True
HC_06,healthy,30.080000000000002,0.22124,0.19016,0.93508,7.865,-3.472,7.381,True
HC_06,healthy,30.09,0.2114,0.12357,0.96869,6.477,-4.305,6.854,True
HC_06,healthy,30.1,0.21511,0.161,0.9223,7.117,-4.104,7.078,True
HC_06,healthy,30.11,0.22718,0.13708,0.94884,7.123,-4.135,8.546,True
HC_06,healthy,30.12,0.23161,0.13465,0.90082,6.447,-6.202,5.691,True
HC_06,healthy,30.13,0.22375,0.10838,0.90987,7.155,-5.49,5.563,True
HC_06,healthy,30.14,0.17472,0.10442,0.90472,5.239,-6.447,5.374,True
HC_06,healthy,30.150000000000002,0.20118,0.10853,0.90686,4.757,-4.991,5.006,True
HC_06,healthy,30.16,0.20097,0.13734,0.95297,5.678,-6.24,3.807,True
HC_06,healthy,30.17,0.19036,0.12267,0.89253,3.568,-7.613,2.997,True
HC_06,healthy,30.18,0.18624,0.10809,0.92773,2.089,-7.303,2.665,True
HC_06,healthy,30.19,0.16457,0.1337,0.90042,2.299,-8.276,0.491,True
HC_06,healthy,30.2,0.183,0.12956,0.90604,0.67,-7.52,1.902,True
HC_06,healthy,30.21,0.18194,0.10656,0.88131,1.671,-6.631,0.974,True
HC_06,healthy,30.22,0.16599,0.10083,0.89332,1.131,-7.473,0.291,True
HC_06,healthy,30.23,0.14549,0.1133,0.88413,-1.321,-9.019,0.057,True
HC_06,healthy,30.240000000000002,0.11029,0.10206,0.89575,-1.028,-6.47,-1.449,True
HC_06,healthy,30.25,0.14008,0.12016,0.87957,-1.716,-7.01,-2.067,True
HC_06,healthy,30.26,0.11371,0.11236,0.90472,-3.791,-7.361,-3.648,True
HC_06,healthy,30.27,0.10672,0.13293,0.9202,-5.085,-7.824,-4.152,True
HC_06,healthy,30.28,0.11686,0.0925,0.88855,-5.647,-8.856,-4.507,True
HC_06,healthy,30.29,0.11396,0.11149,0.90647,-4.982,-6.88,-6.711,True
HC_06,healthy,30.3,0.09512,0.13168,0.92267,-5.233,-6.769,-6.961,True
HC_06,healthy,30.310000000000002,0.09556,0.14067,0.90449,-7.181,-7.44,-6.23,True
HC_06,healthy,30.32,0.08201,0.16477,0.9111,-6.193,-7.251,-9.979,True
HC_06,healthy,30.330000000000002,0.05723,0.12625,0.92466,-7.65,-5.506,-7.687,True
HC_06,healthy,30.34,0.07948,0.14103,0.95168,-9.816,-5.266,-8.331,True
HC_06,healthy,30.35,0.05194,0.13687,0.90587,-6.87,-5.767,-9.515,True
HC_06,healthy,30.36,0.06619,0.15202,0.96142,-10.275,-4.99,-10.38,True
HC_06,healthy,30.37,0.03136,0.17319,0.94358,-8.735,-3.962,-10.213,True
HC_06,healthy,30.38,0.05662,0.15053,0.96787,-9.65,-4.67,-12.397,True
HC_06,healthy,30.39,0.06425,0.18978,0.9575,-10.642,-4.081,-12.975,True
HC_06,healthy,30.400000000000002,0.05203,0.17594,0.96202,-10.768,-3.984,-13.327,True
HC_06,healthy,30.41,0.04598,0.18684,0.95488,-11.66,-2.318,-13.02,True
HC_06,healthy,30.42,0.0181,0.17078,0.95396,-12.645,-1.491,-13.996,True
HC_06,healthy,30.43,0.02314,0.17763,0.95954,-12.682,-1.376,-12.642,True
HC_06,healthy,30.44,0.0013,0.20076,0.96754,-12.034,-1.707,-14.141,True
HC_06,healthy,30.45,0.02956,0.20591,0.98928,-12.322,1.667,-13.675,True
HC_06,healthy,30.46,0.05237,0.21452,1.00275,-12.342,-0.271,-12.606,True
HC_06,healthy,30.47,0.0459,0.21159,0.97711,-13.745,2.116,-13.882,True
HC_06,healthy,30.48,-0.00338,0.22745,0.99577,-13.475,2.373,-13.431,True
HC_06,healthy,30.490000000000002,0.04623,0.21589,0.99761,-11.117,1.55,-14.963,True
HC_06,healthy,30.5,0.00581,0.23885,0.99008,-12.454,3.277,-15.087,True
HC_06,healthy,30.51,0.03609,0.26688,0.98411,-10.76,3.865,-13.862,True
HC_06,healthy,30.52,0.03062,0.25666,1.02849,-13.441,5.443,-14.351,True
HC_06,healthy,30.53,0.04435,0.28066,1.00707,-11.664,4.18,-11.695,True
HC_06,healthy,30.54,0.02644,0.2711,0.99337,-10.322,5.896,-13.226,True
HC_06,healthy,30.55,0.05472,0.24054,0.99657,-11.657,6.478,-11.622,True
HC_06,healthy,30.560000000000002,0.05777,0.29026,0.97577,-10.813,5.52,-12.365,True
HC_06,healthy,30.57,0.07672,0.321,1.00975,-8.03,7.285,-10.8,True
HC_06,healthy,30.580000000000002,0.07931,0.31087,1.01485,-8.822,7.754,-10.197,True
HC_06,healthy,30.59,0.05134,0.27645,0.99049,-8.253,8.962,-8.96,True
HC_06,healthy,30.6,0.09172,0.30824,1.01197,-7.871,8.816,-8.557,True
HC_06,healthy,30.61,0.10884,0.31106,0.98722,-5.826,8.509,-6.965,True
HC_06,healthy,30.62,0.09081,0.31371,0.99712,-5.555,8.838,-5.945,True
HC_06,healthy,30.63,0.08118,0.31094,0.98405,-4.362,10.266,-5.663,True
HC_06,healthy,30.64,0.1222,0.33627,0.9726,-5.677,8.979,-3.326,True
HC_06,healthy,30.650000000000002,0.14164,0.34322,0.97383,-3.925,9.76,-5.363,True
HC_06,healthy,30.66,0.15168,0.31565,0.96499,-2.576,10.904,-2.867,True
HC_06,healthy,30.67,0.14542,0.33525,0.96451,-1.053,10.664,-1.908,True
HC_06,healthy,30.68,0.17972,0.33786,0.94437,-0.793,10.004,-1.79,True
HC_06,healthy,30.69,0.19291,0.34892,0.94393,0.65,10.272,0.107,True
HC_06,healthy,30.7,0.17604,0.33261,0.95385,0.188,10.15,1.416,True
HC_06,healthy,30.71,0.18899,0.34982,0.94774,1.334,10.57,1.656,True
HC_06,healthy,30.72,0.20216,0.32027,0.92204,3.564,8.514,2.396,True
HC_06,healthy,30.73,0.22359,0.32556,0.9194,3.395,9.851,4.41,True
HC_06,healthy,30.740000000000002,0.22359,0.34041,0.91263,6.799,11.519,6.506,True
HC_06,healthy,30.75,0.23609,0.34124,0.86928,6.303,9.049,6.436,True
HC_06,healthy,30.76,0.24452,0.29339,0.88761,7.534,9.011,7.971,True
HC_06,healthy,30.77,0.2533,0.30843,0.89616,6.103,9.761,8.539,True
HC_06,healthy,30.78,0.27455,0.30272,0.85449,9.433,8.053,10.363,True
HC_06,healthy,30.79,0.25471,0.34558,0.88608,7.554,9.376,10.574,True
HC_06,healthy,30.8,0.2839,0.31632,0.86769,11.17,9.475,12.359,True
HC_06,healthy,30.810000000000002,0.31133,0.30735,0.87985,11.692,7.826,11.81,True
HC_06,healthy,30.82,0.29873,0.27972,0.86769,12.26,6.285,13.652,True
HC_06,healthy,30.830000000000002,0.31672,0.28951,0.85355,12.524,7.505,13.072,True
HC_06,healthy,30.84,0.31747,0.24973,0.86924,12.665,6.223,14.561,True
HC_06,healthy,30.85,0.34497,0.2861,0.87015,14.1,5.146,14.97,True
HC_06,healthy,30.86,0.3452,0.25602,0.86313,14.919,3.874,15.488,True
HC_06,healthy,30.87,0.34647,0.24213,0.85663,13.296,4.334,16.738,True
HC_06,healthy,30.88,0.31559,0.22938,0.874,15.118,3.55,15.726,True
HC_06,healthy,30.89,0.35431,0.20511,0.87498,14.96,2.419,16.91,True
HC_06,healthy,30.900000000000002,0.33878,0.21562,0.86934,14.183,1.497,17.222,True
HC_06,healthy,30.91,0.35393,0.21424,0.86356,15.638,1.517,17.63,True
HC_06,healthy,30.92,0.38428,0.19523,0.88944,14.941,0.035,15.118,True
HC_06,healthy,30.93,0.35094,0.20275,0.90431,15.821,-2.053,17.293,True
HC_06,healthy,30.94,0.3432,0.17506,0.90012,15.149,-3.849,16.726,True
HC_06,healthy,30.95,0.36627,0.19767,0.9047,14.018,-1.428,17.294,True
HC_06,healthy,30.96,0.33515,0.17564,0.8933,15.907,-2.17,17.133,True
HC_06,healthy,30.970000000000002,0.34899,0.15872,0.89166,15.924,-4.81,16.644,True
HC_06,healthy,30.98,0.34898,0.15969,0.92519,15.376,-5.729,17.516,True
HC_06,healthy,30.990000000000002,0.31905,0.12737,0.92744,13.711,-6.393,15.838,True
HC_06,healthy,31.0,0.34228,0.13362,0.93469,14.597,-7.216,14.012,True
HC_06,healthy,31.01,0.32465,0.14207,0.95267,12.756,-7.441,14.167,True
HC_06,healthy,31.02,0.33416,0.13393,0.94926,11.441,-7.727,12.507,True
HC_06,healthy,31.03,0.32626,0.12956,0.9766,12.595,-7.451,13.203,True
HC_06,healthy,31.04,0.31569,0.10154,0.96626,10.529,-9.062,12.503,True
HC_06,healthy,31.05,0.29706,0.09741,0.98409,9.587,-7.937,10.693,True
HC_06,healthy,31.060000000000002,0.28394,0.09654,1.01226,10.199,-9.802,10.162,True
HC_06,healthy,31.07,0.28333,0.10369,0.98774,7.995,-10.078,8.6,True
HC_06,healthy,31.080000000000002,0.25773,0.08634,0.99504,7.057,-10.614,8.092,True
HC_06,healthy,31.09,0.24768,0.08415,0.98614,6.304,-11.018,5.876,True
HC_06,healthy,31.1,0.24313,0.07036,1.00433,4.514,-10.806,5.771,True
HC_06,healthy,31.11,0.2376,0.07968,0.97518,3.907,-11.894,4.873,True
HC_06,healthy,31.12,0.21459,0.08852,1.02497,3.006,-10.329,4.523,True
HC_06,healthy,31.13,0.21414,0.04766,1.03073,3.13,-10.778,0.652,True
HC_06,healthy,31.14,0.19049,0.07218,1.0264,1.402,-11.258,1.404,True
HC_06,healthy,31.150000000000002,0.18868,0.07486,1.006,-0.055,-12.447,0.934,True
HC_06,healthy,31.16,0.19867,0.09955,1.03093,0.031,-12.035,-1.345,True
HC_06,healthy,31.17,0.16131,0.08048,1.03193,-2.068,-11.469,-1.712,True
HC_06,healthy,31.18,0.16052,0.06851,1.02549,-3.359,-11.985,-4.497,True
HC_06,healthy,31.19,0.11876,0.10499,0.99134,-3.455,-11.746,-4.709,True
HC_06,healthy,31.2,0.11469,0.06375,0.99741,-6.87,-10.127,-5.335,True
HC_06,healthy,31.21,0.13726,0.09152,1.01261,-6.453,-10.431,-6.011,True
HC_06,healthy,31.220000000000002,0.1217,0.09831,0.98259,-8.22,-11.245,-6.628,True
HC_06,healthy,31.23,0.10478,0.10271,0.9779,-7.952,-9.91,-10.704,True
HC_06,healthy,31.240000000000002,0.09976,0.10438,0.98963,-9.922,-9.77,-10.953,True
HC_06,healthy,31.25,0.08105,0.08714,0.97871,-9.905,-10.912,-10.164,True
HC_06,healthy,31.26,0.05909,0.10633,0.95739,-10.672,-9.498,-13.432,True
HC_06,healthy,31.27,0.05871,0.11292,0.96595,-11.266,-7.253,-13.034,True
HC_06,healthy,31.28,0.03683,0.13137,0.92612,-12.27,-8.419,-13.343,True
HC_06,healthy,31.29,0.04507,0.14346,0.95716,-12.795,-7.376,-13.406,True
HC_06,healthy,31.3,0.03375,0.1494,0.94881,-13.515,-6.058,-14.985,True
HC_06,healthy,31.310000000000002,0.01884,0.15838,0.9232,-13.039,-6.666,-16.484,True
HC_06,healthy,31.32,0.01361,0.15557,0.90297,-15.669,-3.698,-17.048,True
HC_06,healthy,31.330000000000002,0.01179,0.14651,0.87077,-15.428,-4.631,-16.323,True
HC_06,healthy,31.34,0.02789,0.17132,0.908,-14.349,-3.163,-16.54,True
HC_06,healthy,31.35,0.00657,0.17542,0.90086,-15.829,-2.338,-17.802,True
HC_06,healthy,31.36,0.02553,0.19911,0.8762,-15.475,-1.809,-18.126,True
HC_06,healthy,31.37,0.01251,0.19868,0.89069,-15.671,-0.598,-17.288,True
HC_06,healthy,31.38,0.01576,0.22037,0.9137,-15.767,0.681,-17.837,True
HC_06,healthy,31.39,0.0117,0.23085,0.83937,-15.573,-0.504,-18.493,True
HC_06,healthy,31.400000000000002,0.05332,0.23772,0.86737,-16.067,1.133,-17.477,True
HC_06,healthy,31.41,0.01226,0.24792,0.84794,-15.403,2.341,-16.747,True
HC_06,healthy,31.42,0.02433,0.25526,0.87778,-15.568,1.584,-16.443,True
HC_06,healthy,31.43,0.04415,0.25941,0.84112,-14.437,2.697,-15.865,True
HC_06,healthy,31.44,0.02239,0.27136,0.84661,-13.701,4.92,-15.311,True
HC_06,healthy,31.45,0.05328,0.31013,0.8459,-13.949,3.889,-16.492,True
HC_06,healthy,31.46,0.0324,0.31101,0.85323,-13.863,4.871,-15.128,True
HC_06,healthy,31.470000000000002,0.02274,0.28719,0.83692,-12.449,6.641,-16.252,True
HC_06,healthy,31.48,0.04947,0.2991,0.83008,-11.532,7.246,-14.065,True
HC_06,healthy,31.490000000000002,0.04715,0.31336,0.86742,-12.001,6.634,-13.737,True
HC_06,healthy,31.5,0.09586,0.29175,0.85173,-10.565,8.625,-13.699,True
HC_06,healthy,31.51,0.04502,0.33004,0.85642,-9.365,7.668,-12.272,True
HC_06,healthy,31.52,0.07552,0.33334,0.84011,-8.195,9.472,-9.264,True
HC_06,healthy,31.53,0.08706,0.33375,0.88084,-9.399,11.647,-9.515,True
HC_06,healthy,31.54,0.09434,0.36358,0.85677,-7.562,9.382,-9.337,True
HC_06,healthy,31.55,0.09231,0.35407,0.8892,-6.709,11.553,-6.763,True
HC_06,healthy,31.560000000000002,0.12115,0.34764,0.90181,-5.63,10.643,-6.494,True
HC_06,healthy,31.57,0.14372,0.33836,0.91166,-4.713,10.919,-5.408,True
HC_06,healthy,31.580000000000002,0.16342,0.37966,0.89803,-5.15,11.012,-5.342,True
HC_06,healthy,31.59,0.15098,0.36148,0.88401,-2.981,9.823,-4.828,True
HC_06,healthy,31.6,0.1542,0.33912,0.9025,-2.293,11.62,-2.466,True
HC_06,healthy,31.61,0.19114,0.34658,0.90906,0.275,10.514,-0.531,True
HC_06,healthy,31.62,0.17216,0.35458,0.92244,0.738,11.94,1.691,True
HC_06,healthy,31.63,0.20271,0.36476,0.91572,1.506,11.836,2.883,True
HC_06,healthy,31.64,0.21664,0.34148,0.95164,2.085,11.848,3.376,True
HC_06,healthy,31.650000000000002,0.22572,0.34604,0.95667,4.329,12.92,3.524,True
HC_06,healthy,31.66,0.24194,0.33979,0.93834,4.128,9.885,4.772,True
HC_06,healthy,31.67,0.2302,0.35522,1.00625,6.16,10.225,6.23,True
HC_06,healthy,31.68,0.25573,0.33821,0.9846,7.451,10.406,7.825,True
HC_06,healthy,31.69,0.2921,0.34948,0.99481,6.208,9.77,8.587,True
HC_06,healthy,31.7,0.24625,0.31593,0.9793,8.91,8.431,8.9,True
HC_06,healthy,31.71,0.30143,0.33403,0.95983,8.032,9.014,10.629,True
HC_06,healthy,31.720000000000002,0.32032,0.35344,0.98502,9.573,6.834,10.99,True
HC_06,healthy,31.73,0.31018,0.32219,0.98484,9.022,8.708,11.779,True
HC_06,healthy,31.740000000000002,0.33273,0.27914,1.01341,11.339,6.217,11.712,True
HC_06,healthy,31.75,0.28799,0.29771,1.01153,10.578,8.252,14.216,True
HC_06,healthy,31.76,0.30284,0.3042,1.02079,11.386,6.54,14.003,True
HC_06,healthy,31.77,0.3229,0.28335,1.00158,11.694,4.83,14.206,True
HC_06,healthy,31.78,0.35216,0.28545,1.00548,13.092,6.374,14.829,True
HC_06,healthy,31.79,0.33921,0.2957,1.00816,12.845,4.425,15.066,True
HC_06,healthy,31.8,0.36629,0.26422,0.99919,13.743,3.638,15.19,True
HC_06,healthy,31.810000000000002,0.35047,0.25914,0.99217,14.356,3.741,15.278,True
HC_06,healthy,31.82,0.36716,0.25225,1.01342,14.274,1.079,14.979,True
HC_06,healthy,31.830000000000002,0.35545,0.25824,0.97533,13.632,2.184,15.947,True
HC_06,healthy,31.84,0.35821,0.24919,0.9761,13.112,-0.311,15.835,True
HC_06,healthy,31.85,0.35426,0.22729,0.95983,14.247,-0.376,15.988,True
HC_06,healthy,31.86,0.36154,0.21042,0.98874,13.686,1.319,14.503,True
HC_06,healthy,31.87,0.35387,0.2266,0.96598,14.282,-0.662,16.424,True
HC_06,healthy,31.88,0.34476,0.22686,0.93071,14.03,-1.453,15.744,True
HC_06,healthy,31.89,0.32195,0.19065,0.94528,13.22,-3.311,15.162,True
HC_06,healthy,31.900000000000002,0.33612,0.20876,0.93784,12.831,-5.06,16.276,True
HC_06,healthy,31.91,0.33229,0.17222,0.95235,13.344,-4.066,13.787,True
HC_06,healthy,31.92,0.31361,0.16703,0.91614,12.255,-4.563,13.133,True
HC_06,healthy,31.93,0.33191,0.16914,0.90922,11.036,-3.591,12.239,True
HC_06,healthy,31.94,0.31987,0.13952,0.92297,10.63,-5.593,12.908,True
HC_06,healthy,31.95,0.32698,0.17792,0.92104,7.978,-6.838,11.534,True
HC_06,healthy,31.96,0.29521,0.13994,0.89787,10.621,-7.234,12.101,True
HC_06,healthy,31.970000000000002,0.30727,0.12325,0.893,9.08,-6.679,10.616,True
HC_06,healthy,31.98,0.29469,0.12091,0.87882,9.145,-6.697,9.054,True
HC_06,healthy,31.990000000000002,0.27089,0.15571,0.91315,6.76,-7.71,9.882,True
HC_06,healthy,32.0,0.26981,0.12517,0.88509,6.733,-9.26,8.603,True
HC_06,healthy,32.01,0.25934,0.13054,0.87511,5.2,-7.739,7.469,True
HC_06,healthy,32.02,0.26174,0.1204,0.87091,4.607,-8.541,4.504,True
HC_06,healthy,32.03,0.24633,0.11917,0.85622,2.833,-8.148,3.396,True
HC_06,healthy,32.04,0.2457,0.10517,0.86774,3.64,-8.283,3.575,True
HC_06,healthy,32.05,0.22588,0.10053,0.87756,3.677,-10.202,3.613,True
HC_06,healthy,32.06,0.21121,0.13174,0.86408,3.254,-10.26,3.318,True
HC_06,healthy,32.07,0.24211,0.12042,0.84454,0.953,-8.49,1.276,True
HC_06,healthy,32.08,0.21076,0.12955,0.86602,-1.142,-8.678,0.021,True
HC_06,healthy,32.09,0.2017,0.12346,0.86139,-0.796,-8.928,-2.359,True
HC_06,healthy,32.1,0.17785,0.14381,0.8868,-1.49,-8.426,-0.75,True
HC_06,healthy,32.11,0.17504,0.1061,0.86787,-2.674,-8.269,-2.019,True
HC_06,healthy,32.12,0.16787,0.11136,0.8704,-2.044,-7.361,-4.66,True
HC_06,healthy,32.13,0.13951,0.14165,0.86087,-3.599,-8.419,-3.689,True
HC_06,healthy,32.14,0.15196,0.18167,0.88365,-4.263,-8.199,-3.725,True
HC_06,healthy,32.15,0.15917,0.12838,0.89036,-4.305,-5.952,-5.741,True
HC_06,healthy,32.160000000000004,0.12554,0.13091,0.91113,-5.903,-7.594,-6.359,True
HC_06,healthy,32.17,0.0989,0.14973,0.88733,-6.005,-6.978,-8.54,True
HC_06,healthy,32.18,0.09018,0.12519,0.9049,-7.842,-6.352,-7.522,True
HC_06,healthy,32.19,0.1009,0.14817,0.90661,-7.735,-5.846,-8.03,True
HC_06,healthy,32.2,0.13401,0.1991,0.90021,-9.057,-5.839,-8.083,True
HC_06,healthy,32.21,0.10916,0.14402,0.90437,-9.066,-5.843,-8.467,True
HC_06,healthy,32.22,0.09157,0.15798,0.93412,-8.291,-4.844,-9.838,True
HC_06,healthy,32.230000000000004,0.06209,0.1752,0.90955,-8.506,-4.543,-10.318,True
HC_06,healthy,32.24,0.08105,0.18382,0.91965,-9.52,-4.546,-10.715,True
HC_06,healthy,32.25,0.07917,0.20346,0.92862,-9.517,-4.557,-10.459,True
HC_06,healthy,32.26,0.08638,0.18023,0.92633,-11.476,-2.678,-10.823,True
HC_06,healthy,32.27,0.08432,0.22592,0.95787,-10.648,-1.982,-10.397,True
HC_06,healthy,32.28,0.09942,0.18121,0.91456,-10.158,-1.115,-10.498,True
HC_06,healthy,32.29,0.10513,0.21112,0.98211,-11.408,-1.862,-12.336,True
HC_06,healthy,32.3,0.11003,0.21899,0.95249,-9.955,-1.583,-11.343,True
HC_06,healthy,32.31,0.0926,0.21433,0.9361,-10.644,-0.41,-9.093,True
HC_06,healthy,32.32,0.08799,0.23739,0.98656,-10.502,0.788,-10.866,True
HC_06,healthy,32.33,0.12378,0.23521,0.96715,-8.5,0.145,-12.619,True
HC_06,healthy,32.34,0.08108,0.25454,0.95086,-9.631,1.481,-11.32,True
HC_06,healthy,32.35,0.07473,0.24114,0.9818,-9.362,0.837,-9.259,True
HC_06,healthy,32.36,0.07205,0.26312,0.97019,-8.99,2.953,-10.357,True
HC_06,healthy,32.37,0.09447,0.28077,0.96108,-8.225,3.43,-9.614,True
HC_06,healthy,32.38,0.11888,0.24966,0.98681,-7.133,3.017,-8.567,True
HC_06,healthy,32.39,0.13063,0.27517,0.95738,-8.094,3.756,-8.033,True
HC_06,healthy,32.4,0.10271,0.2751,0.97363,-6.42,4.135,-7.557,True
HC_06,healthy,32.410000000000004,0.11943,0.29877,0.95181,-6.604,4.341,-6.655,True
HC_06,healthy,32.42,0.14347,0.2749,0.98229,-6.247,4.223,-6.436,True
HC_06,healthy,32.43,0.12456,0.28137,0.96699,-7.465,4.865,-6.353,True
HC_06,healthy,32.44,0.11818,0.27542,0.98155,-6.631,5.075,-6.585,True
HC_06,healthy,32.45,0.13987,0.2867,0.96596,-7.154,5.193,-8.121,True
HC_06,healthy,32.46,0.14695,0.27496,0.95605,-4.896,5.824,-6.446,True
HC_06,healthy,32.47,0.15044,0.26253,0.97554,-1.685,6.077,-6.075,True
HC_06,healthy,32.480000000000004,0.16329,0.29062,0.92445,-4.645,5.667,-4.761,True
HC_06,healthy,32.49,0.1543,0.29159,0.94026,-2.34,6.016,-3.02,True
HC_06,healthy,32.5,0.16873,0.27174,0.94664,-2.615,5.618,-3.377,True
HC_06,healthy,32.51,0.18845,0.29606,0.93332,-1.875,5.211,-2.474,True
HC_06,healthy,32.52,0.16596,0.31285,0.90419,-0.582,4.268,-2.414,True
HC_06,healthy,32.53,0.17301,0.27992,0.95698,-1.304,5.244,-1.059,True
HC_06,healthy,32.54,0.19713,0.29421,0.89825,0.145,5.227,-0.211,True
HC_06,healthy,32.55,0.21901,0.27055,0.94021,0.433,4.079,0.153,True
HC_06,healthy,32.56,0.22987,0.29735,0.92198,0.339,4.838,-0.243,True
HC_06,healthy,32.57,0.21369,0.27959,0.9311,-0.114,4.992,1.832,True
HC_06,healthy,32.58,0.22306,0.25463,0.92212,1.35,5.764,0.589,True
HC_06,healthy,32.59,0.20869,0.29468,0.91007,3.456,5.954,1.434,True
HC_06,healthy,32.6,0.20978,0.2605,0.91528,2.435,4.298,2.307,True
HC_06,healthy,32.61,0.23151,0.2859,0.916,2.79,5.998,3.153,True
HC_06,healthy,32.62,0.2547,0.30741,0.8901,2.672,3.789,5.063,True
HC_06,healthy,32.63,0.22942,0.27747,0.88054,2.796,4.319,2.538,True
HC_06,healthy,32.64,0.24897,0.27381,0.89078,2.922,4.028,4.329,True
HC_06,healthy,32.65,0.24344,0.26661,0.89614,4.451,2.922,3.756,True
HC_06,healthy,32.660000000000004,0.26151,0.27676,0.88154,3.235,4.003,4.089,True
HC_06,healthy,32.67,0.28599,0.25343,0.88383,4.432,3.487,5.264,True
HC_06,healthy,32.68,0.2521,0.27469,0.9079,5.438,4.578,5.28,True
HC_06,healthy,32.69,0.27887,0.23792,0.87915,3.56,2.102,5.643,True
HC_06,healthy,32.7,0.25601,0.26264,0.89683,4.522,2.951,5.587,True
HC_06,healthy,32.71,0.24391,0.23047,0.92021,5.183,1.816,6.352,True
HC_06,healthy,32.72,0.25519,0.2572,0.92609,4.139,1.797,6.363,True
HC_06,healthy,32.730000000000004,0.25469,0.24824,0.94636,5.177,1.894,5.882,True
HC_06,healthy,32.74,0.24013,0.22855,0.90022,5.439,2.038,7.452,True
HC_06,healthy,32.75,0.27708,0.21876,0.92487,6.481,0.854,5.928,True
HC_06,healthy,32.76,0.28462,0.23418,0.90056,5.683,0.675,6.191,True
HC_06,healthy,32.77,0.28495,0.2074,0.91617,4.801,1.119,6.933,True
HC_06,healthy,32.78,0.26311,0.21961,0.8951,5.113,1.307,6.51,True
HC_06,healthy,32.79,0.23487,0.21421,0.90436,3.986,1.444,5.078,True
HC_06,healthy,32.8,0.25609,0.20639,0.89501,5.139,-1.764,6.993,True
HC_06,healthy,32.81,0.24532,0.19983,0.91467,4.991,0.858,5.623,True
HC_06,healthy,32.82,0.21891,0.22735,0.91178,3.818,-2.421,4.986,True
HC_06,healthy,32.83,0.2731,0.22733,0.92098,5.43,-0.068,5.382,True
HC_06,healthy,32.84,0.22913,0.19877,0.94206,3.961,-1.013,4.973,True
HC_06,healthy,32.85,0.25573,0.18853,0.89837,4.919,-1.595,4.193,True
HC_06,healthy,32.86,0.24352,0.20289,0.93076,4.619,-1.539,3.577,True
HC_06,healthy,32.87,0.24426,0.22129,0.90555,3.891,-2.715,2.623,True
HC_06,healthy,32.88,0.21626,0.16895,0.92155,4.359,-2.315,4.383,True
HC_06,healthy,32.89,0.25439,0.20046,0.9472,4.441,-2.435,4.322,True
HC_06,healthy,32.9,0.22379,0.19998,0.91935,1.336,-1.982,3.112,True
HC_06,healthy,32.910000000000004,0.23618,0.21693,0.9133,3.152,-2.925,2.564,True
HC_06,healthy,32.92,0.22167,0.175,0.92972,2.137,-2.523,2.485,True
HC_06,healthy,32.93,0.24288,0.17856,0.92566,1.999,-2.316,1.248,True
HC_06,healthy,32.94,0.21297,0.20459,0.952,2.332,-2.917,3.727,True
HC_06,healthy,32.95,0.19902,0.20914,0.95009,2.778,-3.16,2.859,True
HC_06,healthy,32.96,0.22054,0.17152,0.93468,1.239,-2.186,0.891,True
HC_06,healthy,32.97,0.19357,0.19856,0.94823,0.771,-2.356,-0.494,True
HC_06,healthy,32.980000000000004,0.21746,0.21349,0.94482,-0.227,-3.19,0.921,True
HC_06,healthy,32.99,0.22459,0.18766,0.93894,0.304,-2.907,2.021,True
HC_06,healthy,33.0,0.18873,0.23089,0.92556,0.627,-0.838,0.612,True
HC_06,healthy,33.01,0.19253,0.22764,0.92048,0.277,-3.002,-2.331,True
HC_06,healthy,33.02,0.19826,0.20702,0.93553,-0.109,-2.547,0.855,True
HC_06,healthy,33.03,0.18982,0.21242,0.95265,-1.519,-3.579,-2.092,True
HC_06,healthy,33.04,0.17954,0.21918,0.95621,-1.425,-1.22,-0.456,True
HC_06,healthy,33.05,0.17855,0.18152,0.93119,-1.895,-2.139,-2.069,True
HC_06,healthy,33.06,0.21605,0.20559,0.94062,-0.041,-1.59,-1.491,True
HC_06,healthy,33.07,0.18391,0.18295,0.92995,-2.212,-2.21,-0.615,True
HC_06,healthy,33.08,0.16977,0.20738,0.94094,-0.277,-1.17,-1.722,True
HC_06,healthy,33.09,0.19754,0.22066,0.97513,-1.876,-1.176,-1.063,True
HC_06,healthy,33.1,0.19384,0.19909,0.9496,-1.548,-0.984,-0.785,True
HC_06,healthy,33.11,0.18666,0.1959,0.96546,-1.677,-0.922,-2.66,True
HC_06,healthy,33.12,0.18546,0.19619,0.9314,-1.695,-3.054,-1.051,True
HC_06,healthy,33.13,0.15298,0.21952,0.9253,-2.461,-0.402,-1.273,True
HC_06,healthy,33.14,0.17616,0.19242,0.92422,-0.825,-1.336,-1.426,True
HC_06,healthy,33.15,0.17092,0.20887,0.94416,-0.787,0.066,-3.928,True
HC_06,healthy,33.160000000000004,0.19382,0.20968,0.94442,-0.998,-0.711,-1.86,True
HC_06,healthy,33.17,0.17558,0.21412,0.90323,-1.467,-1.389,-3.004,True
HC_06,healthy,33.18,0.17451,0.23237,0.92469,-1.866,-0.719,-3.544,True
HC_06,healthy,33.19,0.17903,0.23879,0.95654,-3.319,-1.655,-2.374,True
HC_06,healthy,33.2,0.17715,0.23222,0.93054,-1.744,-0.573,-0.389,True
HC_06,healthy,33.21,0.17658,0.20537,0.93953,-1.262,-0.337,0.368,True
HC_06,healthy,33.22,0.17702,0.21799,0.94197,-1.463,-1.203,-1.2,True
HC_06,healthy,33.230000000000004,0.19613,0.24304,0.9404,-0.491,-0.001,-3.281,True
HC_06,healthy,33.24,0.16211,0.2016,0.93097,-0.956,-0.688,-1.957,True
HC_06,healthy,33.25,0.17463,0.20799,0.92346,-2.341,0.004,-2.861,True
HC_06,healthy,33.26,0.20117,0.22618,0.91409,-1.713,-0.338,-2.708,True
HC_06,healthy,33.27,0.18548,0.21635,0.91621,-1.583,0.238,-3.208,True
HC_06,healthy,33.28,0.18167,0.18197,0.91153,0.893,0.751,-2.274,True
HC_06,healthy,33.29,0.19316,0.22582,0.92842,-1.364,1.18,-1.472,True
HC_06,healthy,33.3,0.16988,0.20925,0.93273,-0.339,0.23,-0.848,True
HC_06,healthy,33.31,0.188,0.21893,0.91928,-0.458,-1.232,-0.72,True
HC_06,healthy,33.32,0.20934,0.21228,0.90519,-1.091,-0.839,-2.37,True
HC_06,healthy,33.33,0.18939,0.21713,0.91104,-0.451,-0.6,-0.3,True
HC_06,healthy,33.34,0.19886,0.21897,0.91568,-0.282,-0.154,0.268,True
HC_06,healthy,33.35,0.18684,0.2129,0.9057,-0.887,-0.605,-1.368,True
HC_06,healthy,33.36,0.19887,0.2261,0.93259,-0.759,0.128,-0.561,True
HC_06,healthy,33.37,0.19802,0.21554,0.92836,-0.245,1.522,-1.376,True
HC_06,healthy,33.38,0.19098,0.24825,0.92317,-0.604,1.996,-0.407,True
HC_06,healthy,33.39,0.15628,0.23454,0.93233,-1.415,0.3,-1.428,True
HC_06,healthy,33.4,0.17691,0.24436,0.95092,-0.958,1.114,-0.106,True
HC_06,healthy,33.410000000000004,0.17612,0.21482,0.94605,0.519,-0.69,-0.391,True
HC_06,healthy,33.42,0.18815,0.22578,0.92155,-0.315,0.334,1.068,True
HC_06,healthy,33.43,0.21078,0.2629,0.90669,-0.522,-0.056,-1.194,True
HC_06,healthy,33.44,0.2218,0.19707,0.92964,0.235,-0.849,0.203,True
HC_06,healthy,33.45,0.1573,0.23288,0.93624,-0.935,0.003,-0.382,True
HC_06,healthy,33.46,0.18917,0.21923,0.91706,0.125,-0.228,1.025,True
HC_06,healthy,33.47,0.22409,0.25953,0.92809,0.038,0.18,-0.017,True
HC_06,healthy,33.480000000000004,0.19078,0.21411,0.94449,0.492,1.549,0.407,True
HC_06,healthy,33.49,0.17575,0.23154,0.92461,0.566,0.99,0.123,True
HC_06,healthy,33.5,0.20803,0.24124,0.91714,-0.14,0.953,-0.189,True
HC_06,healthy,33.51,0.21407,0.23156,0.9319,0.25,-1.027,0.87,True
HC_06,healthy,33.52,0.17812,0.21645,0.92235,-0.512,-0.334,-0.039,True
HC_06,healthy,33.53,0.20299,0.20634,0.93927,-0.191,0.527,1.138,True
HC_06,healthy,33.54,0.20441,0.22906,0.92653,0.194,0.271,0.172,True
HC_06,healthy,33.55,0.18141,0.18846,0.93799,0.186,-0.259,0.619,True
HC_06,healthy,33.56,0.19431,0.22433,0.90675,1.147,1.259,0.72,True
HC_06,healthy,33.57,0.2087,0.19995,0.92552,-0.339,-0.886,1.218,True
HC_06,healthy,33.58,0.17664,0.21555,0.94481,-0.012,-0.349,0.758,True
HC_06,healthy,33.59,0.20107,0.22922,0.90376,0.399,0.901,1.122,True
HC_06,healthy,33.6,0.21953,0.25273,0.92343,0.825,-0.835,0.993,True
HC_06,healthy,33.61,0.21442,0.24099,0.94805,-0.502,-0.237,-0.132,True
HC_06,healthy,33.62,0.1927,0.23447,0.91106,0.336,0.161,-0.987,True
HC_06,healthy,33.63,0.18526,0.17921,0.94763,-0.018,0.539,-0.147,True
HC_06,healthy,33.64,0.18373,0.19326,0.95234,-1.078,-1.666,0.503,True
HC_06,healthy,33.65,0.22169,0.2173,0.91634,-0.336,-0.656,0.42,True
HC_06,healthy,33.660000000000004,0.18634,0.25151,0.946,1.236,-0.374,-0.484,True
HC_06,healthy,33.67,0.18446,0.20694,0.91673,-0.226,-0.383,0.68,True
HC_06,healthy,33.68,0.19107,0.25309,0.92085,-0.471,-0.268,-1.553,True
HC_06,healthy,33.69,0.22525,0.20696,0.92622,-0.98,0.559,0.588,True
HC_06,healthy,33.7,0.18324,0.20359,0.94095,0.633,-0.911,0.093,True
HC_06,healthy,33.71,0.18753,0.19348,0.95405,-0.233,-0.148,-0.657,True
HC_06,healthy,33.72,0.2044,0.21043,0.94139,0.165,0.891,-0.516,True
HC_06,healthy,33.730000000000004,0.18267,0.19955,0.92736,-0.575,-0.015,-0.51,True
HC_06,healthy,33.74,0.17131,0.22902,0.94719,-0.326,-0.551,0.496,True
HC_06,healthy,33.75,0.16591,0.2416,0.92914,-1.308,-1.022,0.096,True
HC_06,healthy,33.76,0.16758,0.22213,0.91274,-0.873,-2.356,-0.406,True
HC_06,healthy,33.77,0.20281,0.20287,0.9277,1.121,-0.315,0.033,True
HC_06,healthy,33.78,0.1912,0.21378,0.92791,0.238,0.241,-1.098,True
HC_06,healthy,33.79,0.18581,0.21527,0.89936,-1.058,-0.256,-0.221,True
HC_06,healthy,33.8,0.18444,0.21036,0.92264,-0.203,0.907,0.25,True
HC_06,healthy,33.81,0.17941,0.21201,0.96322,0.755,1.699,-1.065,True
HC_06,healthy,33.82,0.18062,0.20641,0.93923,0.066,0.627,-0.687,True
HC_06,healthy,33.83,0.20035,0.21605,0.93251,-1.379,-1.046,0.203,True
HC_06,healthy,33.84,0.19526,0.19571,0.94385,0.862,0.484,-0.344,True
HC_06,healthy,33.85,0.16358,0.20162,0.91501,0.026,-0.278,-0.991,True
HC_06,healthy,33.86,0.19007,0.2159,0.94743,-0.624,0.009,-0.59,True
HC_06,healthy,33.87,0.21089,0.21805,0.93141,-0.2,0.451,-0.792,True
HC_06,healthy,33.88,0.17754,0.20279,0.91124,1.063,-0.292,-0.05,True
HC_06,healthy,33.89,0.17117,0.2335,0.94812,0.29,-1.141,0.098,True
HC_06,healthy,33.9,0.16836,0.21694,0.94859,-0.096,-0.244,-0.172,True
HC_06,healthy,33.910000000000004,0.23091,0.20472,0.93806,-0.801,0.5,0.404,True
HC_06,healthy,33.92,0.17229,0.22362,0.94046,-0.198,-1.284,-0.089,True
HC_06,healthy,33.93,0.17991,0.21131,0.93442,0.305,-0.412,-0.016,True
HC_06,healthy,33.94,0.19004,0.21535,0.92039,-0.403,0.817,-0.651,True
HC_06,healthy,33.95,0.18865,0.18153,0.93451,-0.781,-0.979,-0.829,True
HC_06,healthy,33.96,0.17512,0.21992,0.95443,-0.333,-1.065,0.594,True
HC_06,healthy,33.97,0.16343,0.20995,0.94421,-0.749,-0.898,2.465,True
HC_06,healthy,33.980000000000004,0.16153,0.21655,0.91356,0.425,-0.074,0.736,True
HC_06,healthy,33.99,0.21312,0.21001,0.95124,-0.37,0.883,0.886,True
HC_06,healthy,34.0,0.17624,0.21652,0.91548,-0.23,-0.355,-0.175,True
HC_06,healthy,34.01,0.16503,0.1748,0.91997,-0.015,-0.779,1.27,True
HC_06,healthy,34.02,0.17669,0.19996,0.91514,-0.098,-0.058,-0.375,True
HC_06,healthy,34.03,0.18794,0.20524,0.94494,0.106,-1.397,1.422,True
HC_06,healthy,34.04,0.15355,0.20828,0.9269,-0.302,1.284,0.369,True
HC_06,healthy,34.05,0.16381,0.21786,0.92652,0.058,-0.087,-0.601,True
HC_06,healthy,34.06,0.13866,0.21724,0.93995,-0.412,-0.811,-0.531,True
HC_06,healthy,34.07,0.17941,0.22444,0.94369,-0.02,0.524,-1.584,True
HC_06,healthy,34.08,0.14751,0.18185,0.92058,1.588,-1.555,-0.169,True
HC_06,healthy,34.09,0.18882,0.22706,0.91069,-1.31,-0.277,-2.03,True
HC_06,healthy,34.1,0.19266,0.19514,0.91072,0.255,-0.738,-0.916,True
HC_06,healthy,34.11,0.14498,0.21845,0.94982,-2.146,0.195,-1.902,True
HC_06,healthy,34.12,0.16785,0.18625,0.95668,-0.602,-0.242,-0.682,True
HC_06,healthy,34.13,0.18071,0.20466,0.96117,-2.487,-0.427,-1.434,True
HC_06,healthy,34.14,0.16394,0.21893,0.93961,-1.397,1.255,-1.143,True
HC_06,healthy,34.15,0.16202,0.1942,0.9484,-1.979,-0.183,-1.528,True
HC_06,healthy,34.160000000000004,0.17514,0.22673,0.93782,-1.722,-0.645,-1.681,True
HC_06,healthy,34.17,0.16883,0.22139,0.92964,-0.819,0.824,-1.796,True
HC_06,healthy,34.18,0.14627,0.21789,0.94158,-2.147,-0.725,-1.197,True
HC_06,healthy,34.19,0.1655,0.20947,0.9756,-1.468,0.712,-0.74,True
HC_06,healthy,34.2,0.16059,0.2202,0.95875,-1.801,0.51,-2.523,True
HC_06,healthy,34.21,0.15298,0.21319,0.91975,-1.122,-0.071,-1.552,True
HC_06,healthy,34.22,0.14063,0.21013,0.94492,-0.877,1.212,-1.124,True
HC_06,healthy,34.230000000000004,0.16631,0.21238,0.92395,-0.759,0.702,-1.644,True
HC_06,healthy,34.24,0.16115,0.19572,0.93551,-1.032,-1.221,-1.526,True
HC_06,healthy,34.25,0.16275,0.20947,0.94838,-2.264,1.044,-2.461,True
HC_06,healthy,34.26,0.14605,0.23934,0.96021,-1.148,1.939,-1.932,True
HC_06,healthy,34.27,0.13686,0.20635,0.96837,-1.56,1.689,-0.994,True
HC_06,healthy,34.28,0.18942,0.21294,0.94441,-0.257,1.419,-0.877,True
HC_06,healthy,34.29,0.16083,0.20882,0.94513,-0.444,1.188,-1.252,True
HC_06,healthy,34.300000000000004,0.14472,0.23879,0.94202,-1.466,0.622,-1.742,True
HC_06,healthy,34.31,0.14649,0.2294,0.94388,-0.684,1.15,-1.727,True
HC_06,healthy,34.32,0.1502,0.24029,0.94574,-0.724,1.954,-2.551,True
HC_06,healthy,34.33,0.17086,0.24104,0.92008,-0.349,0.894,0.233,True
HC_06,healthy,34.34,0.16889,0.22433,0.96202,-0.56,1.144,-0.176,True
HC_06,healthy,34.35,0.15048,0.21555,0.93074,-0.017,1.886,0.261,True
HC_06,healthy,34.36,0.15395,0.24117,0.97867,0.942,1.184,-0.269,True
HC_06,healthy,34.37,0.16144,0.23009,0.93475,-0.726,2.961,-0.028,True
HC_06,healthy,34.38,0.16544,0.23064,0.94409,0.97,2.191,-0.16,True
HC_06,healthy,34.39,0.18865,0.21504,0.94765,0.868,0.829,-0.9,True
HC_06,healthy,34.4,0.15281,0.22651,0.93092,0.309,0.436,0.705,True
HC_06,healthy,34.410000000000004,0.16802,0.22144,0.93418,0.3,0.507,-0.168,True
HC_06,healthy,34.42,0.14318,0.25522,0.94049,1.581,2.604,-0.303,True
HC_06,healthy,34.43,0.16542,0.23882,0.92295,0.742,0.908,0.087,True
HC_06,healthy,34.44,0.14839,0.21531,0.94986,-0.942,1.06,0.527,True
HC_06,healthy,34.45,0.18237,0.24415,0.92374,2.26,3.447,1.848,True
HC_06,healthy,34.46,0.16845,0.21858,0.9205,1.109,1.355,2.443,True
HC_06,healthy,34.47,0.18047,0.2488,0.93884,0.372,0.812,2.397,True
HC_06,healthy,34.480000000000004,0.17568,0.25696,0.94009,0.977,2.169,1.817,True
HC_06,healthy,34.49,0.16215,0.20771,0.91194,-0.465,2.384,1.641,True
HC_06,healthy,34.5,0.19554,0.22548,0.9323,2.278,2.857,1.72,True
HC_06,healthy,34.51,0.18877,0.22781,0.90309,1.154,2.651,2.224,True
HC_06,healthy,34.52,0.16336,0.21768,0.94136,3.708,1.23,2.857,True
HC_06,healthy,34.53,0.16737,0.22866,0.90109,2.16,2.098,3.729,True
HC_06,healthy,34.54,0.21139,0.23496,0.91196,2.578,1.567,2.246,True
HC_06,healthy,34.550000000000004,0.1738,0.21791,0.93275,3.816,1.394,3.063,True
HC_06,healthy,34.56,0.20339,0.23919,0.91603,5.125,2.702,3.322,True
HC_06,healthy,34.57,0.20744,0.20657,0.93109,2.339,1.011,4.0,True
HC_06,healthy,34.58,0.22631,0.22315,0.9164,4.887,2.483,2.772,True
HC_06,healthy,34.59,0.1905,0.22851,0.93009,3.821,1.459,4.905,True
HC_06,healthy,34.6,0.21475,0.21372,0.93934,4.862,0.436,4.99,True
HC_06,healthy,34.61,0.21478,0.18899,0.93575,4.601,0.774,4.806,True
HC_06,healthy,34.62,0.19041,0.22751,0.92577,4.287,-0.461,4.402,True
HC_06,healthy,34.63,0.20666,0.19636,0.92394,4.142,0.681,3.8,True
HC_06,healthy,34.64,0.20372,0.21133,0.92809,4.118,0.367,6.491,True
HC_06,healthy,34.65,0.19771,0.1832,0.91334,3.244,-0.859,3.789,True
HC_06,healthy,34.660000000000004,0.18762,0.19866,0.9277,4.231,-0.897,3.606,True
HC_06,healthy,34.67,0.21094,0.20661,0.94015,4.739,-0.733,6.072,True
HC_06,healthy,34.68,0.19117,0.20814,0.9353,3.585,-0.173,5.433,True
HC_06,healthy,34.69,0.19647,0.19547,0.92189,5.05,-1.071,5.208,True
HC_06,healthy,34.7,0.22791,0.19777,0.94211,5.561,-1.484,4.989,True
HC_06,healthy,34.71,0.21299,0.19262,0.93777,6.597,-2.583,3.78,True
HC_06,healthy,34.72,0.21023,0.18075,0.94893,5.057,-1.204,5.183,True
HC_06,healthy,34.730000000000004,0.20767,0.18329,0.94954,2.607,-2.951,3.909,True
HC_06,healthy,34.74,0.20455,0.19295,0.92636,3.859,-2.071,4.039,True
HC_06,healthy,34.75,0.1964,0.15501,0.95463,4.926,-2.341,4.666,True
HC_06,healthy,34.76,0.19233,0.16833,0.94102,3.758,-2.017,4.168,True
HC_06,healthy,34.77,0.20828,0.16607,0.93394,3.157,-2.736,3.536,True
HC_06,healthy,34.78,0.20885,0.14026,0.94875,3.62,-3.927,5.175,True
HC_06,healthy,34.79,0.18693,0.13885,0.98301,2.099,-3.611,3.159,True
HC_06,healthy,34.800000000000004,0.17916,0.1345,0.96464,2.852,-4.764,1.885,True
HC_06,healthy,34.81,0.19201,0.14304,0.95654,1.738,-4.522,2.243,True
HC_06,healthy,34.82,0.18839,0.1397,0.98407,1.429,-2.405,1.383,True
HC_06,healthy,34.83,0.18967,0.14577,0.98971,1.78,-3.951,1.351,True
HC_06,healthy,34.84,0.16526,0.14879,0.97433,0.323,-5.809,1.355,True
HC_06,healthy,34.85,0.15561,0.15249,0.95215,1.547,-4.525,0.763,True
HC_06,healthy,34.86,0.14863,0.12517,0.95716,-0.772,-4.801,2.174,True
HC_06,healthy,34.87,0.15993,0.16493,0.9866,0.143,-4.916,-0.278,True
HC_06,healthy,34.88,0.13879,0.15788,0.95884,-1.394,-6.12,0.593,True
HC_06,healthy,34.89,0.13203,0.14277,0.97714,-2.184,-5.15,-1.404,True
HC_06,healthy,34.9,0.11566,0.14444,0.97279,-1.446,-4.7,-1.602,True
HC_06,healthy,34.910000000000004,0.1399,0.12959,0.98847,-0.817,-4.9,-1.204,True
HC_06,healthy,34.92,0.11857,0.13076,0.98258,-1.717,-6.609,-3.178,True
HC_06,healthy,34.93,0.11294,0.14242,0.95241,-3.176,-5.272,-3.221,True
HC_06,healthy,34.94,0.10563,0.1288,0.99182,-2.907,-6.191,-3.546,True
HC_06,healthy,34.95,0.09327,0.13049,0.99483,-3.953,-4.255,-3.271,True
HC_06,healthy,34.96,0.109,0.15027,0.96903,-3.065,-5.07,-4.995,True
HC_06,healthy,34.97,0.08561,0.14109,0.95327,-4.892,-5.337,-5.31,True
HC_06,healthy,34.980000000000004,0.13194,0.12684,0.98377,-6.374,-4.949,-5.849,True
HC_06,healthy,34.99,0.08127,0.16004,0.95149,-5.76,-4.809,-7.208,True
HC_06,healthy,35.0,0.07401,0.15046,0.97286,-6.744,-3.79,-6.81,True
HC_06,healthy,35.01,0.03972,0.17294,0.96354,-6.922,-3.637,-7.763,True
HC_06,healthy,35.02,0.06495,0.14023,0.94496,-6.313,-3.942,-8.573,True
HC_06,healthy,35.03,0.07442,0.14689,0.93181,-7.177,-3.382,-8.66,True
HC_06,healthy,35.04,0.05212,0.15717,0.9544,-8.121,-2.781,-8.622,True
HC_06,healthy,35.050000000000004,0.07633,0.14611,0.96451,-8.052,-2.274,-8.966,True
HC_06,healthy,35.06,0.03257,0.17607,0.92572,-8.027,-1.168,-10.089,True
HC_06,healthy,35.07,0.07123,0.18563,0.93437,-8.788,-1.187,-10.735,True
HC_06,healthy,35.08,0.04478,0.18638,0.93969,-8.556,-0.028,-8.339,True
HC_06,healthy,35.09,0.05629,0.17806,0.94139,-8.666,-0.942,-9.962,True
HC_06,healthy,35.1,0.06432,0.20352,0.9248,-8.778,-1.127,-9.181,True
HC_06,healthy,35.11,0.04827,0.19533,0.90556,-9.396,0.004,-10.771,True
HC_06,healthy,35.12,0.04331,0.19631,0.90679,-10.324,-0.518,-10.108,True
HC_06,healthy,35.13,0.05008,0.20786,0.8699,-8.742,1.602,-12.611,True
HC_06,healthy,35.14,0.01091,0.21145,0.90651,-9.622,1.937,-10.209,True
HC_06,healthy,35.15,0.05043,0.21871,0.91542,-8.575,2.836,-10.758,True
HC_06,healthy,35.160000000000004,0.05706,0.24528,0.91346,-7.332,1.922,-10.099,True
HC_06,healthy,35.17,0.04297,0.22654,0.90064,-9.137,3.219,-8.465,True
HC_06,healthy,35.18,0.05029,0.25382,0.89855,-8.465,5.276,-9.495,True
HC_06,healthy,35.19,0.06667,0.25934,0.88547,-8.291,4.815,-8.782,True
HC_06,healthy,35.2,0.03341,0.24682,0.89175,-8.241,4.228,-9.355,True
HC_06,healthy,35.21,0.04722,0.23883,0.90067,-8.027,4.424,-8.203,True
HC_06,healthy,35.22,0.06602,0.26204,0.91435,-7.269,6.341,-8.881,True
HC_06,healthy,35.230000000000004,0.05285,0.26133,0.89439,-6.418,5.349,-6.701,True
HC_06,healthy,35.24,0.06744,0.27463,0.88921,-6.316,4.91,-7.167,True
HC_06,healthy,35.25,0.07812,0.2542,0.89611,-5.917,5.416,-6.326,True
HC_06,healthy,35.26,0.06605,0.27949,0.91111,-4.899,7.019,-5.619,True
HC_06,healthy,35.27,0.08699,0.27772,0.92111,-5.998,7.427,-4.204,True
HC_06,healthy,35.28,0.09585,0.2511,0.89657,-4.287,8.473,-4.253,True
HC_06,healthy,35.29,0.10719,0.28842,0.93689,-4.378,7.272,-3.429,True
HC_06,healthy,35.300000000000004,0.10326,0.29174,0.9443,-3.278,8.463,-2.375,True
HC_06,healthy,35.31,0.10652,0.30241,0.94297,-2.667,7.753,-1.994,True
HC_06,healthy,35.32,0.12781,0.27158,0.94188,-1.817,7.17,-1.104,True
HC_06,healthy,35.33,0.11828,0.29905,0.9419,0.826,8.148,-0.08,True
HC_06,healthy,35.34,0.16089,0.30136,0.93643,1.997,9.051,-0.572,True
HC_06,healthy,35.35,0.14807,0.28843,0.93758,2.009,8.32,1.291,True
HC_06,healthy,35.36,0.14716,0.27493,0.96526,2.26,9.823,1.319,True
HC_06,healthy,35.37,0.19053,0.29734,0.97448,3.665,8.95,1.528,True
HC_06,healthy,35.38,0.17696,0.27557,0.97356,2.364,7.966,2.773,True
HC_06,healthy,35.39,0.19823,0.27754,0.97662,3.71,7.269,4.824,True
HC_06,healthy,35.4,0.21268,0.28208,0.98864,4.204,7.591,4.524,True
HC_06,healthy,35.410000000000004,0.17292,0.26082,0.99708,5.771,7.318,6.128,True
HC_06,healthy,35.42,0.21713,0.26872,1.01329,8.33,7.944,7.941,True
HC_06,healthy,35.43,0.22718,0.27875,1.01904,7.683,8.775,7.55,True
HC_06,healthy,35.44,0.22613,0.29156,0.996,7.183,7.479,10.253,True
HC_06,healthy,35.45,0.22059,0.25963,1.02992,9.583,7.752,7.372,True
HC_06,healthy,35.46,0.23225,0.26169,0.97881,7.773,5.446,9.322,True
HC_06,healthy,35.47,0.24276,0.26737,1.02222,9.159,6.19,11.761,True
HC_06,healthy,35.480000000000004,0.24285,0.26177,1.01993,11.575,5.188,11.065,True
HC_06,healthy,35.49,0.22811,0.26307,1.01505,11.546,5.131,13.357,True
HC_06,healthy,35.5,0.27065,0.24111,1.00181,12.796,3.742,14.435,True
HC_06,healthy,35.51,0.26206,0.19897,1.04237,11.989,3.663,12.525,True
HC_06,healthy,35.52,0.27319,0.24545,1.0185,11.872,2.38,13.351,True
HC_06,healthy,35.53,0.27868,0.21839,1.03046,14.1,3.296,16.065,True
HC_06,healthy,35.54,0.28653,0.21068,1.00004,13.112,2.415,14.473,True
HC_06,healthy,35.550000000000004,0.27776,0.18415,1.01011,12.021,0.902,15.271,True
HC_06,healthy,35.56,0.30726,0.18443,0.99562,13.815,0.792,14.8,True
HC_06,healthy,35.57,0.27101,0.21922,1.00106,12.659,-0.752,14.899,True
HC_06,healthy,35.58,0.27975,0.16443,1.01987,13.526,-0.639,14.184,True
HC_06,healthy,35.59,0.28221,0.1745,0.98922,13.504,-1.22,14.572,True
HC_06,healthy,35.6,0.26566,0.18672,0.99784,12.987,-2.998,13.671,True
HC_06,healthy,35.61,0.28065,0.14996,0.98649,12.445,-4.147,14.534,True
HC_06,healthy,35.62,0.28338,0.14866,0.98895,13.295,-4.086,15.772,True
HC_06,healthy,35.63,0.29488,0.16512,0.96912,11.464,-2.555,13.056,True
HC_06,healthy,35.64,0.29403,0.14333,0.93503,12.748,-5.225,14.247,True
HC_06,healthy,35.65,0.27877,0.11412,0.93612,13.335,-6.048,13.495,True
HC_06,healthy,35.660000000000004,0.26163,0.1234,0.95859,11.985,-6.352,13.37,True
HC_06,healthy,35.67,0.25571,0.11987,0.92074,12.611,-7.392,12.285,True
HC_06,healthy,35.68,0.21965,0.10344,0.9296,9.246,-7.445,12.148,True
HC_06,healthy,35.69,0.23573,0.07367,0.8903,10.021,-8.009,10.583,True
HC_06,healthy,35.7,0.2245,0.10626,0.90832,9.759,-9.267,11.103,True
HC_06,healthy,35.71,0.23381,0.07129,0.91152,7.1,-8.72,9.986,True
HC_06,healthy,35.72,0.21523,0.10854,0.90264,5.692,-8.206,9.479,True
HC_06,healthy,35.730000000000004,0.21444,0.06005,0.9141,7.658,-8.538,7.905,True
HC_06,healthy,35.74,0.17952,0.08042,0.89823,5.891,-9.757,6.258,True
HC_06,healthy,35.75,0.18832,0.06523,0.89394,6.353,-9.083,5.738,True
HC_06,healthy,35.76,0.16634,0.07226,0.88833,4.483,-10.454,2.979,True
HC_06,healthy,35.77,0.16768,0.09879,0.90595,3.241,-11.064,4.098,True
HC_06,healthy,35.78,0.11713,0.06405,0.88007,1.88,-12.513,2.459,True
HC_06,healthy,35.79,0.15037,0.05322,0.90663,1.407,-11.461,0.486,True
HC_06,healthy,35.800000000000004,0.10082,0.05747,0.89461,0.973,-10.187,0.458,True
HC_06,healthy,35.81,0.10263,0.05777,0.88654,-0.994,-11.078,-1.794,True
HC_06,healthy,35.82,0.08106,0.04254,0.90143,-1.765,-10.031,-2.145,True
HC_06,healthy,35.83,0.07223,0.07029,0.89142,-2.9,-9.863,-3.036,True
HC_06,healthy,35.84,0.10679,0.05542,0.85791,-4.515,-11.204,-3.626,True
HC_06,healthy,35.85,0.07129,0.06649,0.89533,-6.184,-11.351,-5.032,True
HC_06,healthy,35.86,0.07644,0.10043,0.91368,-7.666,-10.406,-6.676,True
HC_06,healthy,35.87,0.06826,0.08358,0.89858,-7.623,-8.759,-6.39,True
HC_06,healthy,35.88,0.0411,0.07208,0.91126,-6.76,-10.473,-9.579,True
HC_06,healthy,35.89,0.00718,0.06314,0.9111,-9.046,-9.854,-9.348,True
HC_06,healthy,35.9,-0.01055,0.08113,0.9154,-8.294,-8.25,-10.373,True
HC_06,healthy,35.910000000000004,0.03159,0.08371,0.93891,-9.225,-7.755,-11.678,True
HC_06,healthy,35.92,-0.02627,0.12296,0.94114,-12.27,-8.358,-13.528,True
HC_06,healthy,35.93,-0.0188,0.10876,0.94151,-12.374,-7.836,-12.372,True
HC_06,healthy,35.94,-0.00443,0.10223,0.94315,-12.687,-5.799,-14.347,True
HC_06,healthy,35.95,-0.02323,0.13902,0.98261,-12.461,-6.511,-15.082,True
HC_06,healthy,35.96,-0.01491,0.09481,0.96436,-13.067,-5.495,-16.491,True
HC_06,healthy,35.97,-0.04975,0.11728,0.97785,-14.45,-6.415,-16.069,True
HC_06,healthy,35.980000000000004,-0.05678,0.11894,0.98426,-14.771,-5.27,-16.553,True
HC_06,healthy,35.99,-0.01435,0.15705,0.98025,-14.763,-2.89,-16.733,True
HC_06,healthy,36.0,-0.06838,0.15159,0.96585,-14.539,-3.614,-16.896,True
HC_06,healthy,36.01,-0.0477,0.17564,1.00959,-17.18,-2.176,-17.461,True
HC_06,healthy,36.02,-0.04769,0.16522,1.02114,-16.737,-1.898,-17.307,True
HC_06,healthy,36.03,-0.04221,0.20518,1.01278,-16.963,0.286,-16.796,True
HC_06,healthy,36.04,-0.05952,0.19199,1.02078,-16.614,1.223,-16.936,True
HC_06,healthy,36.050000000000004,-0.06769,0.22197,1.01886,-14.609,0.0,-17.286,True
HC_06,healthy,36.06,-0.05792,0.16343,1.01359,-15.573,1.769,-16.826,True
HC_06,healthy,36.07,-0.05117,0.21499,1.01325,-14.968,2.586,-17.073,True
HC_06,healthy,36.08,-0.01966,0.21191,1.04109,-16.473,3.566,-17.9,True
HC_06,healthy,36.09,-0.04871,0.20516,1.06572,-14.162,5.001,-15.874,True
HC_06,healthy,36.1,-0.04369,0.26103,1.02718,-14.172,5.242,-16.379,True
HC_06,healthy,36.11,-0.05761,0.22599,1.03373,-13.839,5.868,-14.859,True
HC_06,healthy,36.12,-0.03588,0.23558,1.03012,-12.934,6.88,-15.55,True
HC_06,healthy,36.13,-0.02765,0.26851,1.0288,-10.927,7.416,-13.996,True
HC_06,healthy,36.14,-0.00747,0.28169,1.03662,-11.977,8.169,-13.671,True
HC_06,healthy,36.15,0.01781,0.28528,1.03653,-13.14,9.08,-13.537,True
HC_06,healthy,36.160000000000004,0.01002,0.30016,1.03965,-9.805,9.46,-10.325,True
HC_06,healthy,36.17,0.00809,0.28947,1.0528,-10.726,8.571,-10.998,True
HC_06,healthy,36.18,0.00856,0.32145,1.02272,-9.175,9.931,-10.153,True
HC_06,healthy,36.19,0.02326,0.30985,1.01861,-8.789,10.551,-6.566,True
HC_06,healthy,36.2,0.04092,0.30484,1.01951,-6.589,10.407,-7.422,True
HC_06,healthy,36.21,0.0551,0.30356,1.00195,-6.158,10.343,-7.197,True
HC_06,healthy,36.22,0.07193,0.30383,1.01638,-3.707,11.119,-4.932,True
HC_06,healthy,36.230000000000004,0.07579,0.33082,1.01476,-3.343,11.632,-4.926,True
HC_06,healthy,36.24,0.09957,0.30136,0.98533,-2.998,12.692,-3.712,True
HC_06,healthy,36.25,0.09323,0.32397,0.97489,-1.601,11.496,-2.279,True
HC_06,healthy,36.26,0.09202,0.32855,0.9575,-0.077,11.96,1.567,True
HC_06,healthy,36.27,0.13169,0.29351,0.94455,1.21,11.994,-0.584,True
HC_06,healthy,36.28,0.12681,0.3414,0.94716,2.107,12.188,3.299,True
HC_06,healthy,36.29,0.15144,0.33462,0.94554,1.399,11.458,4.305,True
HC_06,healthy,36.300000000000004,0.15063,0.30709,0.93954,4.452,12.427,3.918,True
HC_06,healthy,36.31,0.12731,0.32158,0.9189,3.69,11.776,6.931,True
HC_06,healthy,36.32,0.18178,0.31833,0.92351,5.364,9.71,7.092,True
HC_06,healthy,36.33,0.15598,0.27325,0.93846,7.152,10.642,8.101,True
HC_06,healthy,36.34,0.22084,0.32448,0.91854,7.489,11.973,9.354,True
HC_06,healthy,36.35,0.21265,0.30074,0.92097,8.821,9.372,9.267,True
HC_06,healthy,36.36,0.22367,0.30086,0.90169,8.832,10.285,10.942,True
HC_06,healthy,36.37,0.23886,0.2775,0.90842,10.615,7.981,11.96,True
HC_06,healthy,36.38,0.21481,0.26948,0.89276,12.685,8.228,12.516,True
HC_06,healthy,36.39,0.2312,0.30123,0.88683,10.661,8.092,14.398,True
HC_06,healthy,36.4,0.23301,0.26741,0.90385,12.72,6.42,12.527,True
HC_06,healthy,36.410000000000004,0.27596,0.27757,0.8747,13.014,6.824,14.314,True
HC_06,healthy,36.42,0.26988,0.24071,0.90349,14.067,6.312,14.369,True
HC_06,healthy,36.43,0.28386,0.25041,0.86749,12.973,5.064,14.643,True
HC_06,healthy,36.44,0.25856,0.25226,0.87847,15.305,5.143,16.906,True
HC_06,healthy,36.45,0.2688,0.22214,0.89522,14.206,4.773,18.114,True
HC_06,healthy,36.46,0.27702,0.21488,0.89466,16.087,4.627,17.656,True
HC_06,healthy,36.47,0.30186,0.21761,0.88883,14.893,1.788,17.74,True
HC_06,healthy,36.480000000000004,0.2872,0.17796,0.91083,13.9,1.892,16.664,True
HC_06,healthy,36.49,0.2783,0.16296,0.90672,16.27,-0.089,18.382,True
HC_06,healthy,36.5,0.26993,0.15468,0.92971,14.364,-0.554,17.288,True
HC_06,healthy,36.51,0.27408,0.15037,0.90815,14.73,-0.172,16.822,True
HC_06,healthy,36.52,0.28023,0.14932,0.93526,15.814,-2.181,17.347,True
HC_06,healthy,36.53,0.26985,0.17469,0.94049,14.503,-3.041,17.645,True
HC_06,healthy,36.54,0.30375,0.1407,0.93607,16.182,-3.626,17.194,True
HC_06,healthy,36.550000000000004,0.28939,0.12849,0.908,15.135,-3.291,15.745,True
HC_06,healthy,36.56,0.2891,0.11869,0.97935,12.799,-4.884,16.742,True
HC_06,healthy,36.57,0.26909,0.12445,0.98019,14.14,-5.164,15.993,True
HC_06,healthy,36.58,0.26936,0.11969,0.97106,12.199,-4.169,14.755,True
HC_06,healthy,36.59,0.25702,0.10159,0.99538,12.957,-6.432,13.883,True
HC_06,healthy,36.6,0.21875,0.12162,0.98465,11.664,-8.406,12.565,True
HC_06,healthy,36.61,0.19702,0.05462,0.96398,10.619,-7.99,12.881,True
HC_06,healthy,36.62,0.23483,0.09957,0.99296,10.012,-7.732,10.512,True
HC_06,healthy,36.63,0.20311,0.0515,1.00189,10.869,-9.005,10.918,True
HC_06,healthy,36.64,0.19468,0.05272,0.9906,9.113,-8.847,9.462,True
HC_06,healthy,36.65,0.17244,0.05293,1.02255,5.744,-8.153,8.654,True
HC_06,healthy,36.660000000000004,0.18709,0.05307,1.00828,5.994,-10.54,8.014,True
HC_06,healthy,36.67,0.18102,0.06597,1.0031,4.992,-10.184,5.909,True
HC_06,healthy,36.68,0.17192,0.06625,1.0274,5.501,-11.368,6.091,True
HC_06,healthy,36.69,0.15473,0.04652,1.05987,3.576,-11.642,3.301,True
HC_06,healthy,36.7,0.12436,0.03938,1.04592,3.177,-10.468,2.481,True
HC_06,healthy,36.71,0.11093,0.06265,1.04659,2.259,-10.575,1.501,True
HC_06,healthy,36.72,0.12441,0.08082,1.06833,1.64,-12.273,1.927,True
HC_06,healthy,36.730000000000004,0.11224,0.05968,1.03455,0.111,-12.06,-0.022,True
HC_06,healthy,36.74,0.08801,0.05984,1.06122,-0.62,-11.334,-0.888,True
HC_06,healthy,36.75,0.09046,0.06679,1.05814,-1.778,-9.658,-2.124,True
HC_06,healthy,36.76,0.09433,0.06408,1.06549,-2.013,-10.263,-2.004,True
HC_06,healthy,36.77,0.07236,0.06025,1.04185,-2.743,-9.835,-5.35,True
HC_06,healthy,36.78,0.06973,0.03057,1.04498,-4.533,-10.105,-4.457,True
HC_06,healthy,36.79,0.03188,0.06127,1.05892,-5.019,-10.167,-5.904,True
HC_06,healthy,36.800000000000004,0.01393,0.05412,1.02458,-4.547,-8.94,-7.032,True
HC_06,healthy,36.81,0.01734,0.06782,1.03634,-6.68,-9.164,-7.789,True
HC_06,healthy,36.82,0.02723,0.05275,0.99636,-8.662,-8.532,-8.195,True
HC_06,healthy,36.83,0.02513,0.09905,1.01066,-9.358,-7.779,-10.188,True
HC_06,healthy,36.84,-0.02022,0.0744,1.01782,-9.83,-6.373,-8.517,True
HC_06,healthy,36.85,-0.00179,0.09073,1.01549,-10.009,-8.816,-10.862,True
HC_06,healthy,36.86,-0.04078,0.10757,0.98437,-12.095,-8.394,-11.155,True
HC_06,healthy,36.87,-0.04097,0.11426,0.9528,-11.045,-5.486,-13.518,True
HC_06,healthy,36.88,-0.03488,0.10721,0.9784,-11.36,-5.043,-13.683,True
HC_06,healthy,36.89,-0.03977,0.13137,0.95676,-11.974,-4.517,-13.167,True
HC_06,healthy,36.9,-0.02163,0.11195,0.97914,-11.658,-4.151,-13.267,True
HC_06,healthy,36.910000000000004,-0.02378,0.11301,0.99259,-13.924,-3.038,-15.047,True
HC_06,healthy,36.92,-0.01525,0.14806,0.93948,-13.822,-3.111,-15.366,True
HC_06,healthy,36.93,-0.02538,0.1568,0.92465,-13.263,-2.66,-15.02,True
HC_06,healthy,36.94,-0.0412,0.15719,0.91095,-12.339,-0.818,-14.768,True
HC_06,healthy,36.95,-0.00892,0.16872,0.94972,-13.303,-1.173,-14.486,True
HC_06,healthy,36.96,-0.05376,0.18364,0.93633,-13.493,-1.171,-15.207,True
HC_06,healthy,36.97,-0.06853,0.18074,0.9093,-12.559,0.544,-15.593,True
HC_06,healthy,36.980000000000004,-0.02661,0.16742,0.93347,-12.62,1.89,-14.483,True
HC_06,healthy,36.99,-0.02862,0.19275,0.91744,-13.914,1.235,-14.719,True
HC_06,healthy,37.0,-0.02343,0.1904,0.90846,-12.073,1.33,-15.016,True
HC_06,healthy,37.01,-0.02097,0.18035,0.91929,-13.036,1.176,-12.438,True
HC_06,healthy,37.02,-0.00236,0.22175,0.91229,-10.142,3.18,-13.398,True
HC_06,healthy,37.03,-0.0262,0.22157,0.93086,-12.008,3.151,-12.641,True
HC_06,healthy,37.04,-0.01008,0.23882,0.93693,-10.579,5.745,-11.52,True
HC_06,healthy,37.050000000000004,-0.01731,0.21627,0.92665,-9.613,5.339,-12.56,True
HC_06,healthy,37.06,-0.02594,0.25083,0.93225,-9.49,6.645,-11.568,True
HC_06,healthy,37.07,-0.00401,0.22829,0.89836,-9.512,5.061,-11.439,True
HC_06,healthy,37.08,-0.00166,0.2629,0.9089,-8.972,6.852,-8.757,True
HC_06,healthy,37.09,0.0271,0.2596,0.93722,-8.536,7.209,-7.787,True
HC_06,healthy,37.1,0.01482,0.25668,0.92314,-7.715,8.577,-6.062,True
HC_06,healthy,37.11,0.05012,0.24949,0.93007,-7.049,7.412,-7.325,True
HC_06,healthy,37.12,0.04547,0.25934,0.92701,-6.855,7.055,-7.702,True
HC_06,healthy,37.13,0.03533,0.2687,0.93142,-3.951,8.039,-4.824,True
HC_06,healthy,37.14,0.04655,0.26251,0.94789,-2.828,9.058,-5.444,True
HC_06,healthy,37.15,0.04472,0.2882,0.96069,-3.626,8.873,-4.837,True
HC_06,healthy,37.160000000000004,0.06652,0.27347,0.96322,-2.587,7.011,-3.858,True
HC_06,healthy,37.17,0.08064,0.27383,0.95439,-1.179,8.567,-2.117,True
HC_06,healthy,37.18,0.06892,0.27725,0.94486,-1.56,8.721,-0.096,True
HC_06,healthy,37.19,0.08959,0.26375,0.97465,2.091,7.795,-1.197,True
HC_06,healthy,37.2,0.11317,0.26994,0.98278,0.723,7.129,-0.327,True
HC_06,healthy,37.21,0.10904,0.28807,0.99234,1.558,7.245,0.398,True
HC_06,healthy,37.22,0.11725,0.24137,0.97568,1.208,7.2,1.685,True
HC_06,healthy,37.230000000000004,0.12679,0.26508,1.00793,3.33,7.466,2.17,True
HC_06,healthy,37.24,0.12694,0.26442,1.00474,1.39,8.012,2.938,True
HC_06,healthy,37.25,0.15566,0.24964,1.00036,3.387,6.887,4.929,True
HC_06,healthy,37.26,0.16901,0.26812,0.99554,6.536,7.424,4.001,True
HC_06,healthy,37.27,0.14564,0.25289,1.02537,3.389,7.459,7.197,True
HC_06,healthy,37.28,0.1703,0.26346,0.99646,5.642,6.652,5.655,True
HC_06,healthy,37.29,0.15176,0.23637,1.01981,5.735,5.593,6.969,True
HC_06,healthy,37.300000000000004,0.15188,0.22142,1.03773,6.731,4.004,7.325,True
HC_06,healthy,37.31,0.16359,0.19429,1.02367,7.113,6.043,8.598,True
HC_06,healthy,37.32,0.17786,0.23196,1.02822,7.456,4.663,9.11,True
HC_06,healthy,37.33,0.16971,0.22526,1.01339,7.394,4.683,8.533,True
HC_06,healthy,37.34,0.19846,0.24352,1.02694,7.793,4.066,8.428,True
HC_06,healthy,37.35,0.22562,0.19313,1.01855,7.544,2.701,8.026,True
HC_06,healthy,37.36,0.14505,0.19865,1.03618,8.094,4.254,8.852,True
HC_06,healthy,37.37,0.18185,0.20783,0.99089,9.336,4.017,10.674,True
HC_06,healthy,37.38,0.19887,0.17696,1.01753,7.873,1.232,9.328,True
HC_06,healthy,37.39,0.19679,0.20241,1.0066,10.173,-0.024,10.428,True
HC_06,healthy,37.4,0.18263,0.19675,0.98963,8.668,2.054,10.854,True
HC_06,healthy,37.410000000000004,0.21806,0.18153,1.01798,7.895,1.192,10.261,True
HC_06,healthy,37.42,0.18594,0.18986,0.99723,8.972,0.79,10.024,True
HC_06,healthy,37.43,0.16967,0.16319,1.01769,7.505,-1.946,8.83,True
HC_06,healthy,37.44,0.20033,0.1697,1.01963,8.616,-1.148,9.165,True
HC_06,healthy,37.45,0.19213,0.16959,1.00273,8.326,0.059,8.052,True
HC_06,healthy,37.46,0.19641,0.15787,0.9932,9.042,-2.401,9.303,True
HC_06,healthy,37.47,0.19542,0.17359,0.97561,7.034,-1.527,9.35,True
HC_06,healthy,37.480000000000004,0.1619,0.15444,0.97086,6.819,-0.733,8.425,True
HC_06,healthy,37.49,0.18588,0.1463,0.98646,8.302,-2.424,7.662,True
HC_06,healthy,37.5,0.189,0.12541,0.97588,7.65,-2.633,6.908,True
HC_06,healthy,37.51,0.16421,0.13938,0.99006,5.166,-4.201,8.187,True
HC_06,healthy,37.52,0.17167,0.13236,0.96114,5.446,-2.753,7.792,True
HC_06,healthy,37.53,0.16113,0.11171,0.97271,6.116,-4.332,7.601,True
HC_06,healthy,37.54,0.15158,0.13596,0.94744,5.643,-2.426,6.525,True
HC_06,healthy,37.550000000000004,0.14822,0.12511,0.95037,3.301,-3.564,5.834,True
HC_06,healthy,37.56,0.13192,0.11479,0.96492,5.648,-4.178,4.965,True
HC_06,healthy,37.57,0.13292,0.12583,0.93002,4.126,-4.687,5.713,True
HC_06,healthy,37.58,0.13527,0.13423,0.93887,3.412,-5.034,4.174,True
HC_06,healthy,37.59,0.13774,0.13582,0.94326,3.232,-5.813,3.519,True
HC_06,healthy,37.6,0.11834,0.10725,0.96988,3.376,-4.871,1.966,True
HC_06,healthy,37.61,0.10595,0.11844,0.96985,1.627,-5.022,1.868,True
HC_06,healthy,37.62,0.09911,0.10475,0.91724,2.268,-3.991,2.209,True
HC_06,healthy,37.63,0.1456,0.14579,0.9526,0.871,-3.88,2.384,True
HC_06,healthy,37.64,0.11307,0.13257,0.96643,0.217,-5.527,1.447,True
HC_06,healthy,37.65,0.09502,0.10643,0.93847,-0.009,-5.761,1.05,True
HC_06,healthy,37.660000000000004,0.07382,0.11755,0.92422,-0.721,-4.852,1.211,True
HC_06,healthy,37.67,0.10787,0.11777,0.94769,0.314,-4.324,-0.786,True
HC_06,healthy,37.68,0.09943,0.13436,0.92765,-1.723,-4.242,-1.193,True
HC_06,healthy,37.69,0.09485,0.1045,0.94155,-2.501,-3.677,-1.703,True
HC_06,healthy,37.7,0.08998,0.13363,0.94085,-0.978,-4.253,-2.647,True
HC_06,healthy,37.71,0.06898,0.10721,0.95576,-3.208,-2.778,-1.949,True
HC_06,healthy,37.72,0.07814,0.1414,0.9658,-2.549,-3.179,-2.894,True
HC_06,healthy,37.730000000000004,0.06986,0.12953,0.95101,-2.441,-4.957,-2.21,True
HC_06,healthy,37.74,0.05617,0.11394,0.9413,-3.892,-3.56,-2.767,True
HC_06,healthy,37.75,0.06561,0.16048,0.96614,-4.649,-4.546,-3.647,True
HC_06,healthy,37.76,0.05373,0.12945,0.94284,-3.313,-2.865,-4.658,True
HC_06,healthy,37.77,0.05052,0.15477,0.96267,-2.114,-2.812,-4.114,True
HC_06,healthy,37.78,0.05266,0.13401,0.97329,-4.729,-3.016,-3.633,True
HC_06,healthy,37.79,0.08224,0.14408,0.98761,-3.438,-2.139,-4.389,True
HC_06,healthy,37.800000000000004,0.07846,0.13663,0.97014,-3.64,-0.832,-5.116,True
HC_06,healthy,37.81,0.0377,0.15983,0.98836,-3.354,-2.71,-5.287,True
HC_06,healthy,37.82,0.05076,0.14494,0.97656,-3.417,-1.013,-4.75,True
HC_06,healthy,37.83,0.06974,0.1666,0.96705,-2.648,-0.913,-5.865,True
HC_06,healthy,37.84,0.03355,0.15986,0.97466,-2.396,-1.316,-4.82,True
HC_06,healthy,37.85,0.05319,0.17913,0.98354,-4.401,-0.325,-3.43,True
HC_06,healthy,37.86,0.07847,0.17673,0.95946,-4.474,-2.119,-4.931,True
HC_06,healthy,37.87,0.0316,0.18513,1.00116,-2.189,0.131,-5.939,True
HC_06,healthy,37.88,0.06252,0.17056,0.97337,-4.067,-0.379,-4.034,True
HC_06,healthy,37.89,0.05874,0.16192,0.99327,-4.593,-0.601,-4.126,True
HC_06,healthy,37.9,0.05599,0.16966,0.9873,-4.519,1.412,-5.469,True
HC_06,healthy,37.910000000000004,0.04021,0.16603,0.98719,-4.35,0.429,-3.891,True
HC_06,healthy,37.92,0.05195,0.19227,0.9839,-4.49,1.418,-3.103,True
HC_06,healthy,37.93,0.07337,0.19257,0.99641,-4.358,1.9,-5.682,True
HC_06,healthy,37.94,0.04762,0.18847,0.97811,-3.643,1.634,-2.364,True
HC_06,healthy,37.95,0.05249,0.20357,0.99923,-3.553,-0.357,-3.639,True
HC_06,healthy,37.96,0.06537,0.1979,0.98405,-3.106,0.739,-4.164,True
HC_06,healthy,37.97,0.08461,0.17907,0.98837,-3.524,3.037,-4.44,True
HC_06,healthy,37.980000000000004,0.07295,0.2236,1.01514,-3.152,-0.315,-3.317,True
HC_06,healthy,37.99,0.06921,0.1762,0.9757,-2.046,0.888,-4.254,True
HC_06,healthy,38.0,0.06257,0.17978,0.9839,-2.196,1.892,-3.779,True
HC_06,healthy,38.01,0.10103,0.19385,1.00369,-2.966,1.691,-1.897,True
HC_06,healthy,38.02,0.07904,0.20674,0.99943,-2.896,1.021,-1.552,True
HC_06,healthy,38.03,0.07876,0.21455,0.98309,-2.561,1.834,-2.346,True
HC_06,healthy,38.04,0.09278,0.20649,0.95789,-2.111,0.074,-2.421,True
HC_06,healthy,38.050000000000004,0.09136,0.18529,0.9697,-2.586,3.461,-1.01,True
HC_06,healthy,38.06,0.08585,0.22641,0.97133,-0.584,2.756,-1.168,True
HC_06,healthy,38.07,0.09728,0.22422,0.98707,-0.245,1.801,-1.293,True
HC_06,healthy,38.08,0.07919,0.20411,0.95819,-1.43,-0.047,-0.518,True
HC_06,healthy,38.09,0.10212,0.18266,0.97092,-1.189,2.0,-0.478,True
HC_06,healthy,38.1,0.12242,0.15888,0.95896,-0.232,1.147,-0.756,True
HC_06,healthy,38.11,0.09785,0.21968,0.98866,-0.07,2.648,-0.886,True
HC_06,healthy,38.12,0.10783,0.20692,0.98971,-0.572,3.278,-1.075,True
HC_06,healthy,38.13,0.08995,0.181,0.95857,-0.602,0.981,-0.569,True
HC_06,healthy,38.14,0.10683,0.22196,0.99381,0.067,1.43,0.807,True
HC_06,healthy,38.15,0.0779,0.17773,0.96709,1.44,1.563,1.047,True
HC_06,healthy,38.160000000000004,0.10851,0.20867,0.94783,-0.518,0.717,-1.62,True
HC_06,healthy,38.17,0.1281,0.16606,0.98038,-0.967,3.066,0.048,True
HC_06,healthy,38.18,0.09724,0.20996,0.98724,-0.637,0.776,-0.869,True
HC_06,healthy,38.19,0.08628,0.18542,0.98856,0.021,1.641,0.702,True
HC_06,healthy,38.2,0.12627,0.19486,0.96487,1.106,1.774,1.533,True
HC_06,healthy,38.21,0.1368,0.17031,0.97502,2.163,1.864,0.908,True
HC_06,healthy,38.22,0.11514,0.18966,0.98294,0.11,-0.094,-0.461,True
HC_06,healthy,38.230000000000004,0.11341,0.17768,0.98201,1.031,2.305,1.205,True
HC_06,healthy,38.24,0.12241,0.18728,0.96145,0.663,1.88,1.907,True
HC_06,healthy,38.25,0.09954,0.20057,0.97183,0.028,1.256,1.25,True
HC_06,healthy,38.26,0.10296,0.18012,0.94636,2.501,0.843,1.448,True
HC_06,healthy,38.27,0.11217,0.18053,0.97902,2.456,0.549,0.013,True
HC_06,healthy,38.28,0.11718,0.18869,0.98486,0.814,2.127,1.583,True
HC_06,healthy,38.29,0.13004,0.16324,0.95783,1.827,0.741,1.453,True
HC_06,healthy,38.300000000000004,0.08929,0.18715,0.97392,1.965,0.563,0.911,True
HC_06,healthy,38.31,0.11084,0.17631,0.99652,-0.406,-0.261,0.625,True
HC_06,healthy,38.32,0.1062,0.16767,0.95888,1.562,-0.889,2.335,True
HC_06,healthy,38.33,0.16588,0.15867,0.96309,1.935,0.388,1.69,True
HC_06,healthy,38.34,0.14259,0.17028,0.98776,1.043,0.992,0.702,True
HC_06,healthy,38.35,0.11051,0.21132,0.97966,0.269,0.887,1.515,True
HC_06,healthy,38.36,0.1033,0.16893,0.96576,0.483,1.175,1.665,True
HC_06,healthy,38.37,0.09215,0.18175,0.96384,0.126,-1.165,-0.198,True
HC_06,healthy,38.38,0.12699,0.18326,0.97755,0.947,-0.574,1.777,True
HC_06,healthy,38.39,0.12163,0.17417,0.96763,0.74,0.46,1.513,True
HC_06,healthy,38.4,0.12413,0.15935,0.97173,0.111,-0.551,0.166,True
HC_06,healthy,38.410000000000004,0.10128,0.18477,0.96559,0.567,0.593,1.363,True
HC_06,healthy,38.42,0.09816,0.16852,0.97078,0.986,-1.123,1.815,True
HC_06,healthy,38.43,0.14565,0.18211,0.97194,-0.235,-0.63,0.996,True
HC_06,healthy,38.44,0.12417,0.16718,0.97165,2.185,-0.591,0.595,True
HC_06,healthy,38.45,0.08496,0.13621,0.9647,0.169,-1.121,0.862,True
HC_06,healthy,38.46,0.08702,0.18859,0.94597,0.592,-0.215,0.21,True
HC_06,healthy,38.47,0.11061,0.17436,0.9906,-0.269,-1.399,1.48,True
HC_06,healthy,38.480000000000004,0.10012,0.21576,0.98538,0.366,-0.751,0.486,True
HC_06,healthy,38.49,0.12055,0.17697,0.97338,0.151,-0.949,0.824,True
HC_06,healthy,38.5,0.10515,0.18243,0.9927,-0.125,0.201,-0.498,True
HC_06,healthy,38.51,0.12955,0.1485,0.96872,0.612,-0.533,0.224,True
HC_06,healthy,38.52,0.12168,0.20136,0.95564,0.32,1.211,0.135,True
HC_06,healthy,38.53,0.11947,0.19465,0.97921,0.015,0.776,-0.266,True
HC_06,healthy,38.54,0.09027,0.16848,0.96661,0.209,-0.907,-0.723,True
HC_06,healthy,38.550000000000004,0.11892,0.16522,0.95937,1.66,-1.423,-0.576,True
HC_06,healthy,38.56,0.09993,0.17012,0.97478,-1.723,1.149,-0.191,True
HC_06,healthy,38.57,0.14251,0.17231,0.98606,-0.498,-0.705,-1.243,True
HC_06,healthy,38.58,0.14467,0.16725,0.97323,0.09,-1.145,0.683,True
HC_06,healthy,38.59,0.08138,0.18484,0.99764,0.056,-0.22,1.168,True
HC_06,healthy,38.6,0.10387,0.15368,0.97358,-0.681,1.369,1.784,True
HC_06,healthy,38.61,0.10637,0.17753,0.96555,-1.592,-0.185,1.744,True
HC_06,healthy,38.62,0.11793,0.18123,0.97381,0.282,0.96,0.739,True
HC_06,healthy,38.63,0.08546,0.19305,0.97896,0.651,1.318,0.689,True
HC_06,healthy,38.64,0.1318,0.16982,0.9631,0.639,-0.523,-1.701,True
HC_06,healthy,38.65,0.11344,0.16698,0.97085,-0.663,0.963,-1.426,True
HC_06,healthy,38.660000000000004,0.10904,0.19758,0.96496,0.74,0.813,0.089,True
HC_06,healthy,38.67,0.12583,0.19837,0.98285,-1.179,-1.11,0.312,True
HC_06,healthy,38.68,0.14158,0.18995,0.96943,-0.096,0.02,-0.909,True
HC_06,healthy,38.69,0.09407,0.19268,0.96718,-0.786,0.045,-0.047,True
HC_06,healthy,38.7,0.11691,0.1988,0.97454,1.451,-0.519,1.21,True
HC_06,healthy,38.71,0.10148,0.18755,0.96886,0.124,0.601,-0.241,True
HC_06,healthy,38.72,0.08853,0.18021,0.97744,1.106,-0.159,-0.254,True
HC_06,healthy,38.730000000000004,0.11392,0.18465,0.96139,0.513,-0.204,-1.414,True
HC_06,healthy,38.74,0.12406,0.19166,0.95575,1.816,1.061,0.506,True
HC_06,healthy,38.75,0.10809,0.18095,0.96238,-2.15,-1.499,0.655,True
HC_06,healthy,38.76,0.10856,0.19232,0.95337,0.772,0.482,0.191,True
HC_06,healthy,38.77,0.1146,0.18777,0.99671,-0.142,0.637,-0.703,True
HC_06,healthy,38.78,0.11276,0.18379,0.98521,-0.031,-0.002,0.015,True
HC_06,healthy,38.79,0.09962,0.18604,0.96853,-0.377,0.844,0.089,True
HC_06,healthy,38.800000000000004,0.12039,0.1671,0.96836,0.985,0.862,-0.774,True
HC_06,healthy,38.81,0.12774,0.1863,0.96102,-2.138,0.01,-0.148,True
HC_06,healthy,38.82,0.14014,0.18999,0.94459,0.062,0.315,-0.397,True
HC_06,healthy,38.83,0.1243,0.15117,0.96837,-0.226,0.69,-0.2,True
HC_06,healthy,38.84,0.15631,0.18074,0.97663,-0.049,0.132,0.573,True
HC_06,healthy,38.85,0.11092,0.17624,0.9527,-0.214,-0.042,-0.328,True
HC_06,healthy,38.86,0.11963,0.18338,0.96345,0.508,1.963,-0.444,True
HC_06,healthy,38.87,0.10787,0.19766,0.97205,0.631,-0.313,-1.172,True
HC_06,healthy,38.88,0.14779,0.16275,0.95435,0.266,0.827,-0.911,True
HC_06,healthy,38.89,0.13892,0.16516,0.97265,-0.26,-0.883,0.367,True
HC_06,healthy,38.9,0.12514,0.17663,0.96757,-0.595,-1.327,-1.779,True
HC_06,healthy,38.910000000000004,0.11036,0.18798,0.95179,-0.182,-0.925,0.081,True
HC_06,healthy,38.92,0.12588,0.19405,0.95722,0.451,-0.341,-0.04,True
HC_06,healthy,38.93,0.10409,0.18891,0.96637,-0.097,1.055,0.653,True
HC_06,healthy,38.94,0.10072,0.18204,0.96097,-0.818,0.437,-0.065,True
HC_06,healthy,38.95,0.13649,0.18892,0.97879,-0.43,0.771,0.99,True
HC_06,healthy,38.96,0.10668,0.20892,0.97536,0.711,1.244,-1.157,True
HC_06,healthy,38.97,0.1351,0.17969,0.95511,-0.632,-0.174,-0.688,True
HC_06,healthy,38.980000000000004,0.11959,0.18884,0.96496,-0.76,2.439,0.461,True
HC_06,healthy,38.99,0.12649,0.17969,0.95354,0.203,0.11,0.172,True
HC_06,healthy,39.0,0.13201,0.19152,0.96641,0.039,0.437,-0.808,True
HC_06,healthy,39.01,0.12226,0.17251,0.95602,-0.377,0.022,-0.664,True
HC_06,healthy,39.02,0.13173,0.18982,0.9924,0.567,0.415,-0.268,True
HC_06,healthy,39.03,0.12656,0.16788,0.96065,-0.125,1.266,1.397,True
HC_06,healthy,39.04,0.0969,0.15405,0.95317,-0.28,0.455,-0.479,True
HC_06,healthy,39.050000000000004,0.15756,0.18794,0.98543,0.405,0.499,0.122,True
HC_06,healthy,39.06,0.15615,0.19828,0.97469,-0.516,0.202,-0.466,True
HC_06,healthy,39.07,0.11699,0.17043,1.00036,0.193,1.23,0.074,True
HC_06,healthy,39.08,0.12099,0.19251,0.96569,0.901,0.149,-0.492,True
HC_06,healthy,39.09,0.12737,0.20972,0.97389,-0.581,-0.188,1.11,True
HC_06,healthy,39.1,0.13544,0.15609,0.95764,1.58,0.432,1.389,True
HC_06,healthy,39.11,0.10219,0.19387,0.97413,0.486,-1.093,0.445,True
HC_06,healthy,39.12,0.11061,0.17866,0.99551,0.087,1.622,-1.803,True
HC_06,healthy,39.13,0.13244,0.21514,0.95524,1.565,0.437,0.113,True
HC_06,healthy,39.14,0.1405,0.19333,0.99807,1.657,0.642,0.145,True
HC_06,healthy,39.15,0.1073,0.21141,0.97322,1.285,-0.876,1.206,True
HC_06,healthy,39.160000000000004,0.11657,0.20314,0.95832,0.897,-1.102,1.002,True
HC_06,healthy,39.17,0.10915,0.19302,0.96284,1.199,-0.41,0.895,True
HC_06,healthy,39.18,0.12529,0.20774,0.97412,1.618,1.664,0.419,True
HC_06,healthy,39.19,0.14825,0.19801,0.97316,1.865,-0.469,0.718,True
HC_06,healthy,39.2,0.1486,0.21241,0.95498,0.574,0.131,2.195,True
HC_06,healthy,39.21,0.13324,0.19472,0.97896,1.489,1.218,0.835,True
HC_06,healthy,39.22,0.15231,0.17144,0.99081,1.68,-0.55,1.122,True
HC_06,healthy,39.230000000000004,0.14175,0.1759,0.96584,0.836,-0.067,1.667,True
HC_06,healthy,39.24,0.16515,0.19268,0.97715,1.789,0.872,2.199,True
HC_06,healthy,39.25,0.13972,0.18152,0.95319,1.395,1.357,1.298,True
HC_06,healthy,39.26,0.14002,0.18479,0.9673,0.9,0.645,2.209,True
HC_06,healthy,39.27,0.1589,0.1888,0.97466,1.898,0.775,0.898,True
HC_06,healthy,39.28,0.13034,0.19019,0.95781,2.15,-0.693,0.594,True
HC_06,healthy,39.29,0.16376,0.19097,0.97027,3.134,-0.122,2.308,True
HC_06,healthy,39.300000000000004,0.15814,0.1838,0.97056,2.88,-0.068,2.737,True
HC_06,healthy,39.31,0.17061,0.19297,0.98708,1.788,-0.577,2.282,True
HC_06,healthy,39.32,0.15974,0.17345,0.9643,2.086,-0.691,3.601,True
HC_06,healthy,39.33,0.15516,0.20946,0.96937,2.869,0.222,2.968,True
HC_06,healthy,39.34,0.15194,0.19234,0.93123,1.418,-0.662,1.09,True
HC_06,healthy,39.35,0.11785,0.19857,0.96989,1.897,-0.757,2.744,True
HC_06,healthy,39.36,0.17276,0.18012,0.96556,0.05,-0.573,2.746,True
HC_06,healthy,39.37,0.14761,0.16912,0.95816,1.937,-1.968,3.056,True
HC_06,healthy,39.38,0.16303,0.17201,0.94833,2.269,-1.212,2.353,True
HC_06,healthy,39.39,0.15728,0.18366,0.9493,2.016,-1.835,3.051,True
HC_06,healthy,39.4,0.16304,0.16836,0.97753,2.844,-0.991,1.94,True
HC_06,healthy,39.410000000000004,0.15304,0.17041,0.94416,1.185,-2.231,-0.207,True
HC_06,healthy,39.42,0.13047,0.18335,0.96076,0.215,-2.399,2.026,True
HC_06,healthy,39.43,0.15395,0.17251,0.94728,0.473,-2.261,1.86,True
HC_06,healthy,39.44,0.16413,0.18936,0.91974,1.163,-3.181,2.165,True
HC_06,healthy,39.45,0.1327,0.14527,0.95122,3.174,-0.161,1.014,True
HC_06,healthy,39.46,0.14677,0.17599,0.96184,0.754,-0.184,0.86,True
HC_06,healthy,39.47,0.12666,0.15571,0.94755,-0.009,-1.54,2.038,True
HC_06,healthy,39.480000000000004,0.16931,0.14572,0.92173,0.897,-2.424,0.969,True
HC_06,healthy,39.49,0.12158,0.16609,0.94786,0.908,-3.989,-0.099,True
HC_06,healthy,39.5,0.14629,0.17043,0.94386,0.17,-2.478,1.018,True
HC_06,healthy,39.51,0.14164,0.18344,0.92992,1.81,-2.509,-0.035,True
HC_06,healthy,39.52,0.11316,0.15628,0.92075,-0.785,-2.104,-0.371,True
HC_06,healthy,39.53,0.11617,0.17766,0.93274,0.136,-2.092,0.128,True
HC_06,healthy,39.54,0.12246,0.15441,0.93843,1.093,-3.353,-1.755,True
HC_06,healthy,39.550000000000004,0.12115,0.17547,0.95296,-1.355,-2.723,-0.638,True
HC_06,healthy,39.56,0.11532,0.16439,0.94279,-0.867,-3.053,-1.5,True
HC_06,healthy,39.57,0.10453,0.16264,0.94158,-0.853,-4.405,-1.39,True
HC_06,healthy,39.58,0.12545,0.18641,0.91426,-1.336,-2.806,-1.774,True
HC_06,healthy,39.59,0.13278,0.16503,0.9358,-1.236,-2.844,-1.835,True
HC_06,healthy,39.6,0.10006,0.16166,0.96758,-1.688,-3.287,-1.978,True
HC_06,healthy,39.61,0.07701,0.14936,0.95816,-2.634,-1.944,-3.837,True
HC_06,healthy,39.62,0.09594,0.14317,0.95164,-2.603,-1.428,-2.333,True
HC_06,healthy,39.63,0.12426,0.183,0.91038,-3.873,-2.431,-3.17,True
HC_06,healthy,39.64,0.10744,0.16668,0.94256,-5.48,-2.978,-2.526,True
HC_06,healthy,39.65,0.11921,0.1903,0.95568,-4.215,-3.023,-4.506,True
HC_06,healthy,39.660000000000004,0.09261,0.15784,0.94937,-4.768,-2.553,-3.041,True
HC_06,healthy,39.67,0.10261,0.18017,0.94405,-3.801,-1.468,-3.637,True
HC_06,healthy,39.68,0.09102,0.17666,0.95811,-3.733,-1.371,-6.393,True
HC_06,healthy,39.69,0.09477,0.16822,0.97067,-5.517,-0.139,-4.209,True
HC_06,healthy,39.7,0.09592,0.17481,0.95927,-5.183,-1.944,-6.766,True
HC_06,healthy,39.71,0.09995,0.17052,0.96258,-3.405,-1.889,-5.578,True
HC_06,healthy,39.72,0.09065,0.21173,0.96681,-4.243,-0.177,-4.96,True
HC_06,healthy,39.730000000000004,0.0641,0.2039,0.97759,-5.031,-0.962,-6.503,True
HC_06,healthy,39.74,0.08796,0.19559,0.96796,-3.825,0.863,-5.899,True
HC_06,healthy,39.75,0.07248,0.17927,0.97695,-4.75,-0.267,-5.479,True
HC_06,healthy,39.76,0.09524,0.19388,0.97682,-5.749,1.674,-6.568,True
HC_06,healthy,39.77,0.09264,0.19697,0.98175,-6.114,0.416,-6.857,True
HC_06,healthy,39.78,0.09559,0.19612,0.99848,-5.431,0.782,-6.218,True
HC_06,healthy,39.79,0.07129,0.20931,0.96789,-6.036,1.123,-6.539,True
HC_06,healthy,39.800000000000004,0.07342,0.19725,0.98393,-6.02,0.478,-5.409,True
HC_06,healthy,39.81,0.0669,0.2326,0.96847,-7.498,1.523,-7.627,True
HC_06,healthy,39.82,0.11832,0.22063,0.95026,-5.439,2.839,-6.263,True
HC_06,healthy,39.83,0.09104,0.24545,0.99994,-5.948,0.876,-5.975,True
HC_06,healthy,39.84,0.06667,0.24234,1.00237,-5.233,1.769,-4.771,True
HC_06,healthy,39.85,0.06082,0.24274,0.97943,-5.47,2.093,-5.16,True
HC_06,healthy,39.86,0.09153,0.23457,0.97794,-5.218,3.886,-3.97,True
HC_06,healthy,39.87,0.11419,0.22375,0.9854,-4.695,3.692,-4.889,True
HC_06,healthy,39.88,0.10474,0.25741,0.98425,-4.437,3.116,-6.248,True
HC_06,healthy,39.89,0.081,0.26705,0.99358,-4.312,2.918,-4.587,True
HC_06,healthy,39.9,0.0888,0.25672,0.98225,-4.771,3.665,-3.239,True
HC_06,healthy,39.910000000000004,0.09856,0.26062,0.9891,-4.351,3.179,-3.639,True
HC_06,healthy,39.92,0.10179,0.27558,1.00966,-2.501,5.33,-4.428,True
HC_06,healthy,39.93,0.14533,0.26276,0.98538,-3.066,3.963,-1.436,True
HC_06,healthy,39.94,0.13752,0.25225,0.97692,-1.692,5.556,-2.501,True
HC_06,healthy,39.95,0.11811,0.2397,0.97087,-2.309,5.66,-1.964,True
HC_06,healthy,39.96,0.15108,0.22633,0.95647,-0.979,4.709,-0.344,True
HC_06,healthy,39.97,0.12036,0.25956,0.94769,-1.44,5.786,-0.345,True
HC_06,healthy,39.980000000000004,0.14121,0.28773,0.9422,0.415,4.898,-0.821,True
HC_06,healthy,39.99,0.15979,0.30463,0.91812,-0.95,5.9,-1.021,True
HC_06,healthy,40.0,0.15348,0.26956,0.93868,1.118,6.839,0.958,True
HC_06,healthy,40.01,0.17455,0.26663,0.95846,1.984,5.32,1.049,True
HC_06,healthy,40.02,0.15218,0.27139,0.96624,3.134,5.782,2.235,True
HC_06,healthy,40.03,0.16919,0.27454,0.91714,1.521,5.321,2.612,True
HC_06,healthy,40.04,0.1838,0.26364,0.90397,2.602,6.87,4.121,True
HC_06,healthy,40.050000000000004,0.17188,0.27281,0.92062,1.961,6.753,4.068,True
HC_06,healthy,40.06,0.1952,0.25812,0.94192,4.19,6.211,5.18,True
HC_06,healthy,40.07,0.20531,0.28856,0.92878,3.773,5.145,5.862,True
HC_06,healthy,40.08,0.21766,0.28887,0.93273,5.436,5.094,5.424,True
HC_06,healthy,40.09,0.22483,0.25426,0.92973,4.888,4.756,6.931,True
HC_06,healthy,40.1,0.2378,0.23971,0.90448,5.187,4.507,6.69,True
HC_06,healthy,40.11,0.22595,0.2524,0.91238,5.976,4.523,6.581,True
HC_06,healthy,40.12,0.25158,0.26112,0.89251,7.86,5.06,7.661,True
HC_06,healthy,40.13,0.22991,0.23849,0.90416,7.186,4.395,8.984,True
HC_06,healthy,40.14,0.26404,0.26831,0.88802,10.005,3.612,8.435,True
HC_06,healthy,40.15,0.23944,0.26542,0.89209,8.589,2.162,9.642,True
HC_06,healthy,40.160000000000004,0.24459,0.22152,0.91332,9.052,3.783,9.832,True
HC_06,healthy,40.17,0.26255,0.2373,0.8999,9.945,2.148,9.905,True
HC_06,healthy,40.18,0.2704,0.24543,0.89286,10.876,2.663,10.284,True
HC_06,healthy,40.19,0.25099,0.22319,0.90763,10.016,1.276,10.673,True
HC_06,healthy,40.2,0.26588,0.22303,0.91636,11.095,1.228,10.266,True
HC_06,healthy,40.21,0.27084,0.22326,0.93334,10.288,-0.907,11.376,True
HC_06,healthy,40.22,0.25741,0.1844,0.90616,9.057,0.671,12.373,True
HC_06,healthy,40.230000000000004,0.27458,0.19806,0.88758,9.752,-0.847,12.246,True
HC_06,healthy,40.24,0.27853,0.20143,0.92862,9.383,-0.545,10.378,True
HC_06,healthy,40.25,0.29746,0.2097,0.90292,9.94,-0.659,12.197,True
HC_06,healthy,40.26,0.29742,0.15065,0.88062,10.976,-1.89,13.316,True
HC_06,healthy,40.27,0.25665,0.15813,0.94867,10.368,-1.668,10.254,True
HC_06,healthy,40.28,0.27745,0.18319,0.93976,9.312,-2.738,10.848,True
HC_06,healthy,40.29,0.28508,0.15206,0.92804,8.463,-1.274,9.113,True
HC_06,healthy,40.300000000000004,0.27482,0.13351,0.94145,9.894,-4.32,10.92,True
HC_06,healthy,40.31,0.26774,0.15342,0.96003,7.887,-5.485,9.349,True
HC_06,healthy,40.32,0.27834,0.14396,0.96102,9.031,-5.396,10.22,True
HC_06,healthy,40.33,0.23172,0.12293,0.97426,9.116,-7.563,8.484,True
HC_06,healthy,40.34,0.23364,0.13904,0.98997,8.723,-7.612,8.752,True
HC_06,healthy,40.35,0.22885,0.1046,0.96213,8.57,-6.371,7.865,True
HC_06,healthy,40.36,0.24179,0.12535,0.97633,6.92,-8.667,7.717,True
HC_06,healthy,40.37,0.21019,0.13864,0.99203,6.212,-7.168,7.405,True
HC_06,healthy,40.38,0.20737,0.09373,0.96562,5.137,-6.152,5.37,True
HC_06,healthy,40.39,0.20936,0.11708,0.97687,5.634,-7.998,6.322,True
HC_06,healthy,40.4,0.21796,0.12546,0.99133,4.866,-7.244,3.785,True
HC_06,healthy,40.410000000000004,0.18985,0.1276,0.98122,3.309,-8.48,3.341,True
HC_06,healthy,40.42,0.20213,0.11879,1.02753,2.855,-8.95,3.106,True
HC_06,healthy,40.43,0.20343,0.11306,1.02014,1.38,-9.23,2.826,True
HC_06,healthy,40.44,0.19027,0.10535,1.01905,0.583,-10.454,1.024,True
HC_06,healthy,40.45,0.16225,0.09898,0.99095,0.687,-9.094,-0.274,True
HC_06,healthy,40.46,0.15678,0.11943,0.99402,0.046,-8.613,-1.063,True
HC_06,healthy,40.47,0.12798,0.09653,1.01059,-1.155,-7.372,-2.474,True
HC_06,healthy,40.480000000000004,0.13162,0.08191,1.00364,-1.641,-8.891,-2.895,True
HC_06,healthy,40.49,0.12246,0.09891,0.9989,-3.069,-9.148,-4.069,True
HC_06,healthy,40.5,0.09798,0.10989,1.00527,-4.75,-7.877,-2.517,True
HC_06,healthy,40.51,0.09488,0.12721,1.01026,-5.325,-10.041,-6.705,True
HC_06,healthy,40.52,0.10521,0.12276,0.99053,-6.274,-8.589,-9.253,True
HC_06,healthy,40.53,0.09989,0.0858,0.97688,-6.356,-7.042,-5.84,True
HC_06,healthy,40.54,0.0656,0.08892,1.00198,-7.818,-7.775,-7.14,True
HC_06,healthy,40.550000000000004,0.06497,0.12972,0.97025,-6.639,-7.071,-7.421,True
HC_06,healthy,40.56,0.06641,0.13418,0.95866,-9.395,-7.024,-9.655,True
HC_06,healthy,40.57,0.03518,0.13237,0.96651,-9.59,-7.586,-11.548,True
HC_06,healthy,40.58,0.04866,0.14667,0.95815,-9.571,-6.314,-12.268,True
HC_06,healthy,40.59,0.05667,0.14991,0.95327,-10.894,-4.965,-12.271,True
HC_06,healthy,40.6,0.04348,0.1153,0.91688,-11.444,-5.733,-12.411,True
HC_06,healthy,40.61,0.00583,0.17138,0.94978,-13.256,-3.695,-13.542,True
HC_06,healthy,40.62,0.00619,0.14138,0.90714,-11.958,-5.102,-14.948,True
HC_06,healthy,40.63,0.04082,0.19418,0.92209,-13.81,-4.879,-14.311,True
HC_06,healthy,40.64,0.00855,0.1865,0.92828,-11.605,-2.74,-15.205,True
HC_06,healthy,40.65,0.01628,0.18166,0.91957,-12.203,-2.488,-14.852,True
HC_06,healthy,40.660000000000004,0.01332,0.17282,0.90094,-13.709,-1.398,-15.373,True
HC_06,healthy,40.67,0.01639,0.19836,0.90909,-13.76,-1.505,-14.475,True
HC_06,healthy,40.68,0.03941,0.19111,0.86976,-15.142,-0.326,-15.841,True
HC_06,healthy,40.69,-0.01809,0.21604,0.87936,-14.399,1.273,-16.718,True
HC_06,healthy,40.7,-0.009,0.20034,0.8959,-13.831,0.563,-15.912,True
HC_06,healthy,40.71,0.0289,0.22352,0.87566,-15.169,3.538,-14.492,True
HC_06,healthy,40.72,0.02461,0.26703,0.86262,-14.551,3.929,-14.85,True
HC_06,healthy,40.730000000000004,0.02365,0.23759,0.85276,-13.787,3.142,-16.342,True
HC_06,healthy,40.74,0.0309,0.27695,0.87593,-14.131,3.942,-15.503,True
HC_06,healthy,40.75,0.02999,0.25907,0.8603,-13.003,6.1,-15.327,True
HC_06,healthy,40.76,0.04342,0.28457,0.87277,-12.139,5.309,-13.884,True
HC_06,healthy,40.77,0.00744,0.28627,0.87222,-12.217,5.816,-13.397,True
HC_06,healthy,40.78,0.03818,0.27729,0.89657,-11.503,7.28,-13.083,True
HC_06,healthy,40.79,0.04253,0.29958,0.85019,-10.407,7.326,-12.221,True
HC_06,healthy,40.800000000000004,0.06261,0.29507,0.86085,-10.138,8.609,-11.239,True
HC_06,healthy,40.81,0.06612,0.29894,0.8858,-11.459,9.508,-11.553,True
HC_06,healthy,40.82,0.02673,0.3387,0.87885,-9.362,6.819,-9.064,True
HC_06,healthy,40.83,0.08248,0.32272,0.88864,-8.698,9.165,-9.239,True
HC_06,healthy,40.84,0.05494,0.33622,0.86976,-7.87,10.384,-7.47,True
HC_06,healthy,40.85,0.11161,0.32326,0.86834,-7.279,10.714,-6.959,True
HC_06,healthy,40.86,0.118,0.33578,0.91385,-7.454,10.839,-5.941,True
HC_06,healthy,40.87,0.12525,0.35145,0.88468,-4.488,11.479,-5.956,True
HC_06,healthy,40.88,0.13027,0.34096,0.94621,-3.703,11.855,-2.598,True
HC_06,healthy,40.89,0.15911,0.33101,0.90747,-1.749,11.109,-2.936,True
HC_06,healthy,40.9,0.17089,0.3388,0.9157,-1.671,12.949,-0.603,True
HC_06,healthy,40.910000000000004,0.1863,0.35471,0.9241,-0.542,10.469,-1.229,True
HC_06,healthy,40.92,0.18005,0.34014,0.93586,0.95,11.284,0.145,True
HC_06,healthy,40.93,0.20354,0.33492,0.94607,1.097,11.697,2.404,True
HC_06,healthy,40.94,0.21903,0.33894,0.95878,2.717,12.038,2.416,True
HC_06,healthy,40.95,0.22278,0.34238,0.9425,2.618,10.988,3.873,True
HC_06,healthy,40.96,0.22225,0.37424,0.98044,4.086,11.078,5.055,True
HC_06,healthy,40.97,0.24277,0.32704,0.9828,4.437,10.466,6.01,True
HC_06,healthy,40.980000000000004,0.26188,0.35467,0.97378,7.273,10.128,7.938,True
HC_06,healthy,40.99,0.26576,0.3412,1.01309,8.136,10.668,7.364,True
HC_06,healthy,41.0,0.27537,0.33049,0.99067,8.311,10.059,8.326,True
HC_06,healthy,41.01,0.28795,0.32455,1.01629,9.148,9.445,11.585,True
HC_06,healthy,41.02,0.307,0.3348,0.98023,10.237,7.873,10.559,True
HC_06,healthy,41.03,0.29843,0.32165,1.02116,8.683,8.92,12.38,True
HC_06,healthy,41.04,0.31244,0.29034,1.0151,11.42,9.084,13.105,True
HC_06,healthy,41.050000000000004,0.31727,0.32528,1.024,11.374,6.754,13.53,True
HC_06,healthy,41.06,0.33059,0.31519,0.99449,12.631,5.605,14.679,True
HC_06,healthy,41.07,0.32057,0.30066,1.00625,13.335,6.346,14.485,True
HC_06,healthy,41.08,0.34937,0.26135,0.99844,14.145,5.868,16.921,True
HC_06,healthy,41.09,0.35262,0.27244,1.01105,15.096,4.481,16.734,True
HC_06,healthy,41.1,0.3407,0.26124,1.01355,16.254,3.598,15.793,True
HC_06,healthy,41.11,0.33928,0.26056,1.01472,16.435,2.53,17.715,True
HC_06,healthy,41.12,0.35622,0.24371,1.01502,15.76,3.402,16.704,True
HC_06,healthy,41.13,0.37383,0.23615,1.01456,15.462,1.405,17.949,True
HC_06,healthy,41.14,0.3203,0.2321,0.9988,16.001,0.321,18.273,True
HC_06,healthy,41.15,0.35553,0.2196,0.9453,15.408,-0.506,15.954,True
HC_06,healthy,41.160000000000004,0.38416,0.21096,0.99516,15.415,-1.732,17.405,True
HC_06,healthy,41.17,0.34888,0.20071,1.00476,17.233,-2.841,18.215,True
HC_06,healthy,41.18,0.37658,0.1948,0.97583,15.327,-2.904,18.526,True
HC_06,healthy,41.19,0.35424,0.17393,0.95594,16.09,-2.994,17.009,True
HC_06,healthy,41.2,0.35156,0.17011,0.91867,14.936,-3.937,17.653,True
HC_06,healthy,41.21,0.34869,0.13687,0.9559,13.765,-5.428,17.166,True
HC_06,healthy,41.22,0.32254,0.18749,0.93625,13.541,-7.042,16.291,True
HC_06,healthy,41.230000000000004,0.33855,0.16003,0.88616,14.198,-5.015,15.966,True
HC_06,healthy,41.24,0.34528,0.15755,0.92006,12.275,-6.325,15.171,True
HC_06,healthy,41.25,0.33166,0.11521,0.90504,11.524,-7.345,15.955,True
HC_06,healthy,41.26,0.34917,0.121,0.93758,10.811,-8.519,12.502,True
HC_06,healthy,41.27,0.2943,0.10355,0.91383,9.981,-9.146,12.165,True
HC_06,healthy,41.28,0.27906,0.12371,0.89807,10.643,-8.843,10.133,True
HC_06,healthy,41.29,0.31436,0.09185,0.88421,9.136,-10.222,11.254,True
HC_06,healthy,41.300000000000004,0.27193,0.09485,0.89065,7.512,-11.51,9.024,True
HC_06,healthy,41.31,0.26492,0.09385,0.85235,8.33,-9.272,8.343,True
HC_06,healthy,41.32,0.24937,0.09448,0.88754,5.351,-11.067,6.646,True
HC_06,healthy,41.33,0.23213,0.11951,0.857,5.391,-11.052,5.795,True
HC_06,healthy,41.34,0.25181,0.03567,0.86073,3.853,-11.124,6.658,True
HC_06,healthy,41.35,0.20392,0.09896,0.86751,3.778,-11.973,3.442,True
HC_06,healthy,41.36,0.22204,0.09592,0.84663,3.716,-11.196,2.07,True
HC_06,healthy,41.37,0.20077,0.09024,0.83268,1.911,-12.165,0.479,True
HC_06,healthy,41.38,0.19289,0.05489,0.83668,-0.379,-12.048,0.274,True
HC_06,healthy,41.39,0.17426,0.0672,0.87625,0.362,-11.512,-0.18,True
HC_06,healthy,41.4,0.14655,0.08954,0.8375,-2.482,-11.329,-3.857,True
HC_06,healthy,41.410000000000004,0.16051,0.08955,0.84225,-4.005,-10.904,-2.296,True
HC_06,healthy,41.42,0.14924,0.08157,0.85787,-4.365,-10.811,-5.343,True
HC_06,healthy,41.43,0.137,0.10742,0.88604,-5.88,-10.082,-5.346,True
HC_06,healthy,41.44,0.11448,0.07253,0.88484,-7.228,-10.298,-6.63,True
HC_06,healthy,41.45,0.1216,0.10461,0.86017,-6.989,-10.497,-7.6,True
HC_06,healthy,41.46,0.09653,0.07822,0.87769,-7.788,-9.552,-8.875,True
HC_06,healthy,41.47,0.09214,0.1266,0.88741,-8.817,-8.135,-10.779,True
HC_06,healthy,41.480000000000004,0.09873,0.11107,0.8804,-11.761,-7.766,-10.556,True
HC_06,healthy,41.49,0.06059,0.10574,0.89359,-12.486,-8.29,-12.332,True
HC_06,healthy,41.5,0.04666,0.10058,0.91534,-11.159,-7.817,-11.766,True
HC_06,healthy,41.51,0.0456,0.13103,0.88764,-13.112,-7.087,-14.066,True
HC_06,healthy,41.52,0.05473,0.13633,0.90441,-11.523,-6.128,-13.094,True
HC_06,healthy,41.53,0.05654,0.1431,0.92749,-11.899,-5.244,-15.641,True
HC_06,healthy,41.54,0.02922,0.16716,0.91043,-12.75,-4.974,-15.517,True
HC_06,healthy,41.550000000000004,0.03195,0.16441,0.92689,-14.248,-4.842,-15.2,True
HC_06,healthy,41.56,0.02192,0.17319,0.94185,-14.514,-4.589,-16.531,True
HC_06,healthy,41.57,0.02276,0.15179,0.97309,-14.744,-5.02,-16.615,True
HC_06,healthy,41.58,0.02918,0.20148,0.99119,-14.764,-2.242,-16.47,True
HC_06,healthy,41.59,0.02409,0.19012,0.98727,-14.544,-2.853,-17.092,True
HC_06,healthy,41.6,0.02979,0.22009,0.95495,-16.426,-2.046,-17.214,True
HC_06,healthy,41.61,0.00484,0.23851,0.99633,-14.321,-0.106,-15.346,True
HC_06,healthy,41.62,0.0328,0.2277,0.98807,-15.555,0.302,-16.175,True
HC_06,healthy,41.63,0.04238,0.2299,0.97858,-16.587,4.083,-16.512,True
HC_06,healthy,41.64,0.01834,0.26021,1.00677,-15.371,2.339,-17.356,True
HC_06,healthy,41.65,0.04215,0.25994,1.00758,-13.792,1.939,-16.998,True
HC_06,healthy,41.660000000000004,0.03592,0.24749,0.9959,-13.299,4.671,-16.445,True
HC_06,healthy,41.67,0.03075,0.256,1.00658,-13.684,3.593,-14.472,True
HC_06,healthy,41.68,0.0424,0.2824,0.97869,-11.225,4.324,-15.424,True
HC_06,healthy,41.69,0.02519,0.29036,0.99091,-12.177,6.629,-13.028,True
HC_06,healthy,41.7,0.03311,0.28888,1.00249,-11.686,6.611,-14.693,True
HC_06,healthy,41.71,0.04713,0.32786,1.02368,-10.568,6.637,-13.657,True
HC_06,healthy,41.72,0.07129,0.29023,0.99281,-10.755,7.58,-12.658,True
HC_06,healthy,41.730000000000004,0.08248,0.32952,0.96871,-11.062,6.345,-10.648,True
HC_06,healthy,41.74,0.08635,0.31246,0.99054,-8.662,8.945,-9.003,True
HC_06,healthy,41.75,0.12032,0.29299,0.9806,-7.056,7.792,-9.89,True
HC_06,healthy,41.76,0.12165,0.35441,0.99333,-10.011,7.805,-10.08,True
HC_06,healthy,41.77,0.11053,0.32109,0.9508,-8.314,8.794,-6.453,True
HC_06,healthy,41.78,0.12567,0.34157,0.99211,-4.829,9.43,-6.6,True
HC_06,healthy,41.79,0.13472,0.33915,0.96907,-3.67,9.585,-4.479,True
HC_06,healthy,41.800000000000004,0.12194,0.33972,0.96046,-3.948,10.721,-4.975,True
HC_06,healthy,41.81,0.15036,0.36762,0.96868,-3.624,10.409,-3.5,True
HC_06,healthy,41.82,0.17507,0.34873,0.92186,-2.884,9.925,-3.26,True
HC_06,healthy,41.83,0.21315,0.34349,0.92098,-0.456,10.375,-2.485,True
HC_06,healthy,41.84,0.18814,0.34393,0.91569,-1.294,10.978,-0.674,True
HC_06,healthy,41.85,0.20458,0.36358,0.94513,0.63,9.496,1.015,True
HC_06,healthy,41.86,0.19934,0.33033,0.92629,0.353,10.755,2.637,True
HC_06,healthy,41.87,0.21701,0.32811,0.88804,2.656,9.943,2.437,True
HC_06,healthy,41.88,0.23496,0.35789,0.91436,3.934,8.464,2.847,True
HC_06,healthy,41.89,0.26216,0.34924,0.89979,4.142,9.747,5.079,True
HC_06,healthy,41.9,0.26301,0.30697,0.8741,3.806,10.666,5.068,True
HC_06,healthy,41.910000000000004,0.24776,0.33297,0.89913,4.357,9.74,5.754,True
HC_06,healthy,41.92,0.27702,0.32662,0.89733,6.285,9.068,6.858,True
HC_06,healthy,41.93,0.28645,0.36621,0.88695,7.722,8.541,7.743,True
HC_06,healthy,41.94,0.26065,0.33215,0.86261,6.04,7.698,8.04,True
HC_06,healthy,41.95,0.27053,0.29544,0.86538,8.351,7.287,8.837,True
HC_06,healthy,41.96,0.29637,0.30952,0.86662,9.545,7.224,8.558,True
HC_06,healthy,41.97,0.29518,0.34007,0.86205,10.198,7.917,9.739,True
HC_06,healthy,41.980000000000004,0.32672,0.29554,0.88536,10.08,6.559,9.988,True
HC_06,healthy,41.99,0.34059,0.29226,0.85488,10.838,4.778,11.829,True
HC_06,healthy,42.0,0.3086,0.26306,0.88248,10.359,5.837,10.908,True
HC_06,healthy,42.01,0.3287,0.261,0.86448,11.661,4.478,11.757,True
HC_06,healthy,42.02,0.32379,0.25096,0.84684,11.974,3.606,12.893,True
HC_06,healthy,42.03,0.32879,0.26735,0.85651,12.424,3.274,14.768,True
HC_06,healthy,42.04,0.32578,0.26424,0.86972,12.785,2.732,13.84,True
HC_06,healthy,42.050000000000004,0.32334,0.23714,0.87366,11.887,1.9,13.791,True
HC_06,healthy,42.06,0.34791,0.23514,0.86437,12.655,2.028,13.434,True
HC_06,healthy,42.07,0.33313,0.24053,0.90169,10.853,1.084,15.06,True
HC_06,healthy,42.08,0.32907,0.23461,0.90297,11.627,1.181,13.943,True
HC_06,healthy,42.09,0.33557,0.21651,0.8831,12.721,0.177,12.256,True
HC_06,healthy,42.1,0.3365,0.21682,0.89055,11.969,-1.44,14.069,True
HC_06,healthy,42.11,0.33684,0.21387,0.90407,12.552,-2.282,12.795,True
HC_06,healthy,42.12,0.31791,0.19485,0.90427,9.979,-1.796,14.182,True
HC_06,healthy,42.13,0.31544,0.20488,0.87996,11.894,-3.709,12.306,True
HC_06,healthy,42.14,0.32761,0.18676,0.93019,10.788,-2.847,10.921,True
HC_06,healthy,42.15,0.31147,0.17276,0.92696,9.994,-5.066,11.381,True
HC_06,healthy,42.160000000000004,0.31259,0.18258,0.95378,9.05,-3.519,13.201,True
HC_06,healthy,42.17,0.31332,0.17674,0.95354,9.551,-4.241,9.872,True
HC_06,healthy,42.18,0.29447,0.16387,0.94856,9.363,-5.359,10.033,True
HC_06,healthy,42.19,0.28029,0.18667,0.92077,8.391,-5.05,8.887,True
HC_06,healthy,42.2,0.28714,0.152,0.96312,8.256,-6.345,8.482,True
HC_06,healthy,42.21,0.26368,0.16654,0.97564,7.231,-6.629,6.473,True
HC_06,healthy,42.22,0.27236,0.16439,0.9332,4.93,-5.74,6.295,True
HC_06,healthy,42.230000000000004,0.29433,0.15818,0.98058,4.693,-7.029,6.754,True
HC_06,healthy,42.24,0.25898,0.14044,0.9538,3.398,-6.806,7.244,True
HC_06,healthy,42.25,0.23845,0.16163,0.9631,4.16,-5.662,4.585,True
HC_06,healthy,42.26,0.25142,0.13884,0.98257,4.193,-9.115,3.125,True
HC_06,healthy,42.27,0.24494,0.13866,0.97792,4.501,-7.406,3.915,True
HC_06,healthy,42.28,0.22664,0.15071,0.98477,1.08,-6.571,2.023,True
HC_06,healthy,42.29,0.20846,0.13808,0.97613,-0.407,-7.657,1.364,True
HC_06,healthy,42.300000000000004,0.22386,0.14493,0.96246,0.081,-7.689,1.945,True
HC_06,healthy,42.31,0.18878,0.14972,0.97048,0.254,-7.103,0.579,True
HC_06,healthy,42.32,0.21247,0.10511,0.94797,-1.121,-7.858,-0.072,True
HC_06,healthy,42.33,0.19839,0.12651,0.98604,-1.917,-7.273,-1.748,True
HC_06,healthy,42.34,0.1621,0.14071,0.99024,-1.12,-6.665,-3.21,True
HC_06,healthy,42.35,0.1657,0.13942,0.98085,-2.638,-7.331,-3.606,True
HC_06,healthy,42.36,0.16148,0.15001,0.97598,-2.325,-6.564,-3.861,True
HC_06,healthy,42.37,0.16512,0.1461,0.97382,-2.921,-5.796,-3.193,True
HC_06,healthy,42.38,0.16046,0.18014,0.98671,-3.512,-6.954,-4.217,True
HC_06,healthy,42.39,0.14817,0.14458,0.95138,-3.338,-6.312,-6.228,True
HC_06,healthy,42.4,0.15623,0.17192,0.96117,-6.333,-7.523,-5.885,True
HC_06,healthy,42.410000000000004,0.16248,0.17235,0.95547,-4.368,-3.919,-5.493,True
HC_06,healthy,42.42,0.10496,0.19003,0.93997,-6.846,-3.037,-6.928,True
HC_06,healthy,42.43,0.14833,0.1635,0.93396,-5.71,-3.885,-7.663,True
HC_06,healthy,42.44,0.11424,0.16255,0.93295,-6.581,-3.592,-6.695,True
HC_06,healthy,42.45,0.11981,0.20192,0.92314,-7.427,-4.927,-6.996,True
HC_06,healthy,42.46,0.12336,0.20914,0.92695,-6.176,-3.117,-8.769,True
HC_06,healthy,42.47,0.11079,0.20813,0.90766,-9.078,-2.56,-8.963,True
HC_06,healthy,42.480000000000004,0.09636,0.182,0.93489,-9.133,-3.414,-7.795,True
HC_06,healthy,42.49,0.10595,0.22398,0.93914,-7.048,-2.174,-8.3,True
HC_06,healthy,42.5,0.1315,0.1938,0.90365,-7.942,-0.247,-8.173,True
HC_06,healthy,42.51,0.12448,0.22063,0.90176,-7.448,-0.823,-9.466,True
HC_06,healthy,42.52,0.10591,0.22374,0.90621,-8.259,-0.253,-10.44,True
HC_06,healthy,42.53,0.10963,0.21323,0.88832,-8.176,-0.293,-8.042,True
HC_06,healthy,42.54,0.12576,0.21052,0.89387,-7.62,1.319,-8.881,True
HC_06,healthy,42.550000000000004,0.13306,0.21135,0.89512,-8.226,1.637,-7.499,True
HC_06,healthy,42.56,0.1088,0.2468,0.90821,-5.955,0.14,-7.816,True
HC_06,healthy,42.57,0.10678,0.2215,0.87923,-7.598,1.103,-7.638,True
HC_06,healthy,42.58,0.09838,0.21245,0.89305,-7.167,1.695,-8.164,True
HC_06,healthy,42.59,0.1336,0.22089,0.89113,-6.35,0.38,-7.471,True
HC_06,healthy,42.6,0.13037,0.25504,0.89328,-7.422,1.603,-6.764,True
HC_06,healthy,42.61,0.15158,0.24711,0.88557,-6.179,1.175,-7.768,True
HC_06,healthy,42.62,0.11236,0.27857,0.88221,-4.744,3.529,-6.529,True
HC_06,healthy,42.63,0.13953,0.26387,0.90138,-3.903,2.213,-6.194,True
HC_06,healthy,42.64,0.16514,0.26026,0.8785,-3.64,3.148,-6.898,True
HC_06,healthy,42.65,0.15151,0.27834,0.87505,-5.857,3.362,-6.075,True
HC_06,healthy,42.660000000000004,0.13084,0.25348,0.90189,-2.373,5.021,-5.965,True
HC_06,healthy,42.67,0.14745,0.25747,0.89477,-4.434,3.576,-4.979,True
HC_06,healthy,42.68,0.17027,0.27204,0.91392,-4.379,3.141,-3.801,True
HC_06,healthy,42.69,0.17302,0.28961,0.9107,-2.696,4.676,-2.911,True
HC_06,healthy,42.7,0.14671,0.28857,0.88413,-2.343,4.196,-3.184,True
HC_06,healthy,42.71,0.17174,0.29163,0.89272,-1.999,4.596,-3.697,True
HC_06,healthy,42.72,0.18056,0.27326,0.89029,-3.135,3.379,-2.135,True
HC_06,healthy,42.730000000000004,0.1419,0.28707,0.9128,-1.662,3.514,-3.154,True
HC_06,healthy,42.74,0.18829,0.28604,0.91922,0.722,2.973,-1.772,True
HC_06,healthy,42.75,0.18472,0.25536,0.90421,-1.618,3.612,-2.607,True
HC_06,healthy,42.76,0.18204,0.26976,0.91768,-0.521,4.264,-1.221,True
HC_06,healthy,42.77,0.18163,0.26917,0.89454,-0.647,4.059,0.538,True
HC_06,healthy,42.78,0.19027,0.27668,0.94881,0.625,3.46,-0.699,True
HC_06,healthy,42.79,0.18599,0.28956,0.91575,0.153,4.675,0.571,True
HC_06,healthy,42.800000000000004,0.21969,0.26262,0.94999,0.246,3.591,1.507,True
HC_06,healthy,42.81,0.21558,0.27917,0.91939,1.946,1.768,0.823,True
HC_06,healthy,42.82,0.20021,0.27442,0.94662,0.816,2.403,1.121,True
HC_06,healthy,42.83,0.23843,0.25794,0.94198,1.453,3.317,2.491,True
HC_06,healthy,42.84,0.20852,0.23805,0.93175,1.652,3.445,2.09,True
HC_06,healthy,42.85,0.22776,0.25508,0.9172,2.163,3.636,0.757,True
HC_06,healthy,42.86,0.23089,0.26004,0.94242,1.876,2.633,2.104,True
HC_06,healthy,42.87,0.2142,0.24675,0.96704,3.132,3.63,2.643,True
HC_06,healthy,42.88,0.22427,0.25823,0.93839,4.299,2.9,3.626,True
HC_06,healthy,42.89,0.2224,0.29057,0.95158,3.798,1.968,1.943,True
HC_06,healthy,42.9,0.21151,0.24911,0.92966,2.547,2.494,2.583,True
HC_06,healthy,42.910000000000004,0.24211,0.25764,0.94588,2.746,2.19,4.541,True
HC_06,healthy,42.92,0.21076,0.23716,0.94192,2.181,2.76,3.285,True
HC_06,healthy,42.93,0.23659,0.2604,0.9414,3.96,2.33,4.661,True
HC_06,healthy,42.94,0.22846,0.23537,0.95773,2.685,1.668,3.214,True
HC_06,healthy,42.95,0.22603,0.23736,0.95301,4.475,1.182,5.433,True
HC_06,healthy,42.96,0.25235,0.2688,0.96599,2.167,0.677,2.358,True
HC_06,healthy,42.97,0.22552,0.23221,0.94701,5.043,-0.253,1.736,True
HC_06,healthy,42.980000000000004,0.21147,0.21129,0.93569,2.692,-2.237,3.694,True
HC_06,healthy,42.99,0.22498,0.2273,0.93487,3.973,1.252,5.26,True
HC_06,healthy,43.0,0.24662,0.20639,0.94574,2.567,-0.255,3.335,True
HC_06,healthy,43.01,0.2003,0.20209,0.94903,2.277,0.35,1.09,True
HC_06,healthy,43.02,0.24982,0.22744,0.92381,4.176,-1.827,4.554,True
HC_06,healthy,43.03,0.25718,0.21205,0.94212,4.03,-0.81,3.885,True
HC_06,healthy,43.04,0.25286,0.22056,0.96789,4.022,-1.575,3.595,True
HC_06,healthy,43.050000000000004,0.22567,0.20786,0.95467,0.997,-0.42,2.131,True
HC_06,healthy,43.06,0.23131,0.22943,0.95562,2.543,-1.611,2.998,True
HC_06,healthy,43.07,0.20823,0.22434,0.91873,3.938,-0.955,2.862,True
HC_06,healthy,43.08,0.21188,0.21343,0.91867,2.8,-0.922,2.116,True
HC_06,healthy,43.09,0.2327,0.19827,0.9342,2.516,-1.899,2.067,True
HC_06,healthy,43.1,0.20561,0.20545,0.89271,1.612,-1.725,2.735,True
HC_06,healthy,43.11,0.20309,0.2258,0.89538,1.881,-2.725,1.866,True
HC_06,healthy,43.12,0.20685,0.19552,0.92342,1.523,-0.65,2.544,True
HC_06,healthy,43.13,0.21649,0.20236,0.92756,3.55,-1.964,0.033,True
HC_06,healthy,43.14,0.21687,0.23674,0.91798,0.537,-2.485,1.128,True
HC_06,healthy,43.15,0.19256,0.20014,0.91767,-0.694,-0.538,2.557,True
HC_06,healthy,43.160000000000004,0.1903,0.21464,0.90253,0.773,-0.656,-0.187,True
HC_06,healthy,43.17,0.19762,0.23725,0.92574,0.912,-1.993,1.106,True
HC_06,healthy,43.18,0.21324,0.20976,0.9169,0.751,-2.063,1.912,True
HC_06,healthy,43.19,0.1433,0.19713,0.92478,0.628,-0.616,0.344,True
HC_06,healthy,43.2,0.1846,0.20947,0.9111,0.365,-0.933,0.992,True
HC_06,healthy,43.21,0.20601,0.18196,0.92254,0.883,-1.081,0.885,True
HC_06,healthy,43.22,0.18479,0.22624,0.89944,0.336,-2.483,1.153,True
HC_06,healthy,43.230000000000004,0.20598,0.22416,0.92453,-0.811,-1.731,0.814,True
HC_06,healthy,43.24,0.18812,0.22949,0.90366,-0.853,-2.544,-0.099,True
HC_06,healthy,43.25,0.16876,0.2041,0.93259,0.844,-1.435,0.235,True
HC_06,healthy,43.26,0.20453,0.22317,0.93314,-1.028,-1.846,-0.125,True
HC_06,healthy,43.27,0.2061,0.22235,0.94146,-1.738,-0.505,0.649,True
HC_06,healthy,43.28,0.2258,0.18492,0.90679,-1.289,-0.697,0.526,True
HC_06,healthy,43.29,0.21794,0.19812,0.92062,-0.482,-0.521,-0.779,True
HC_06,healthy,43.300000000000004,0.18674,0.22742,0.91788,-0.473,-1.649,-1.214,True
HC_06,healthy,43.31,0.17737,0.19978,0.9196,0.224,-1.203,-1.272,True
HC_06,healthy,43.32,0.20483,0.24947,0.92236,0.024,-0.667,-1.32,True
HC_06,healthy,43.33,0.19556,0.23234,0.92912,0.847,-0.656,-0.751,True
HC_06,healthy,43.34,0.19849,0.21892,0.90938,0.01,-0.335,-0.928,True
HC_06,healthy,43.35,0.19053,0.20784,0.90577,-2.028,-0.676,-1.379,True
HC_06,healthy,43.36,0.18861,0.19624,0.9144,-0.769,0.364,-1.128,True
HC_06,healthy,43.37,0.17846,0.19402,0.91555,-1.312,0.136,-0.701,True
HC_06,healthy,43.38,0.18464,0.21813,0.91836,-1.124,-1.166,0.777,True
HC_06,healthy,43.39,0.17181,0.17104,0.92697,0.144,0.243,-2.127,True
HC_06,healthy,43.4,0.20756,0.25769,0.92651,-0.862,0.16,-1.634,True
HC_06,healthy,43.410000000000004,0.18312,0.19857,0.92048,-0.34,0.239,-0.576,True
HC_06,healthy,43.42,0.16361,0.25503,0.93702,0.934,0.371,-0.143,True
HC_06,healthy,43.43,0.17177,0.22587,0.91304,0.314,0.717,1.036,True
HC_06,healthy,43.44,0.18425,0.20002,0.92006,-0.531,0.032,-0.17,True
HC_06,healthy,43.45,0.17549,0.22173,0.94651,-0.285,0.292,-0.06,True
HC_06,healthy,43.46,0.19942,0.19765,0.91949,-1.582,0.88,0.063,True
HC_06,healthy,43.47,0.17826,0.1922,0.93093,-0.501,-1.179,0.724,True
HC_06,healthy,43.480000000000004,0.16212,0.19744,0.90516,-1.792,-1.042,0.283,True
HC_06,healthy,43.49,0.17585,0.24722,0.9344,-0.653,-1.406,-0.03,True
HC_06,healthy,43.5,0.18129,0.24657,0.92771,-0.253,0.298,0.125,True
HC_06,healthy,43.51,0.18049,0.22188,0.94656,-0.829,1.154,0.088,True
HC_06,healthy,43.52,0.15143,0.23122,0.94234,-0.873,-0.704,0.762,True
HC_06,healthy,43.53,0.18139,0.1997,0.94783,0.152,-0.077,0.448,True
HC_06,healthy,43.54,0.22243,0.22375,0.92661,0.628,0.114,0.504,True
HC_06,healthy,43.550000000000004,0.20262,0.21736,0.91364,-0.583,0.747,-0.376,True
HC_06,healthy,43.56,0.18003,0.23539,0.93395,-0.785,-1.039,-0.001,True
HC_06,healthy,43.57,0.20535,0.23573,0.90297,-1.518,0.217,-0.913,True
HC_06,healthy,43.58,0.17417,0.21334,0.93437,-0.168,-0.165,-1.254,True
HC_06,healthy,43.59,0.19215,0.21909,0.94578,-0.175,0.431,-0.199,True
HC_06,healthy,43.6,0.18914,0.19958,0.93484,-1.324,0.869,-0.149,True
HC_06,healthy,43.61,0.18904,0.23895,0.94205,1.027,0.108,1.037,True
HC_06,healthy,43.62,0.17707,0.22746,0.93665,-0.118,-1.935,-0.554,True
HC_06,healthy,43.63,0.14047,0.20617,0.93987,0.579,-1.501,1.032,True
HC_06,healthy,43.64,0.19382,0.21587,0.93066,1.518,0.052,-0.539,True
HC_06,healthy,43.65,0.17176,0.1891,0.92735,-0.097,-1.079,0.053,True
HC_06,healthy,43.660000000000004,0.1822,0.22582,0.91288,0.571,-1.224,0.524,True
HC_06,healthy,43.67,0.18119,0.21331,0.93328,0.629,0.226,-0.961,True
HC_06,healthy,43.68,0.18994,0.20647,0.93361,0.807,0.191,1.982,True
HC_06,healthy,43.69,0.17039,0.21889,0.92315,-0.106,-0.277,1.445,True
HC_06,healthy,43.7,0.1674,0.20201,0.9554,-1.332,1.261,0.157,True
HC_06,healthy,43.71,0.16652,0.23871,0.94108,-0.52,-1.815,0.542,True
HC_06,healthy,43.72,0.17904,0.20152,0.93188,-1.302,0.42,-0.735,True
HC_06,healthy,43.730000000000004,0.20009,0.23325,0.9477,-1.42,0.288,0.271,True
HC_06,healthy,43.74,0.19187,0.22431,0.9601,-0.629,1.517,-0.342,True
HC_06,healthy,43.75,0.17577,0.21604,0.90536,-0.986,0.641,1.314,True
HC_06,healthy,43.76,0.19742,0.22186,0.93262,0.588,1.431,-0.47,True
HC_06,healthy,43.77,0.1895,0.19049,0.92022,-0.324,-0.883,-0.667,True
HC_06,healthy,43.78,0.19563,0.22749,0.92978,-0.31,0.133,-0.982,True
HC_06,healthy,43.79,0.19076,0.23669,0.96372,-0.474,-0.239,-0.032,True
HC_06,healthy,43.800000000000004,0.19505,0.20929,0.91987,0.639,0.388,-0.154,True
HC_06,healthy,43.81,0.18414,0.23179,0.93561,-0.54,1.382,-0.397,True
HC_06,healthy,43.82,0.18617,0.24329,0.94226,-0.581,0.146,-1.041,True
HC_06,healthy,43.83,0.19972,0.18379,0.9408,0.703,0.23,1.027,True
HC_06,healthy,43.84,0.20221,0.219,0.93272,-0.094,0.211,-1.003,True
HC_06,healthy,43.85,0.18945,0.2405,0.9174,-1.642,-0.163,-0.645,True
HC_06,healthy,43.86,0.15781,0.20433,0.94073,0.59,1.586,-1.15,True
HC_06,healthy,43.87,0.17023,0.24005,0.92695,1.146,-0.458,-0.701,True
HC_06,healthy,43.88,0.19969,0.23163,0.93956,-1.033,1.497,-2.232,True
HC_06,healthy,43.89,0.18084,0.20649,0.92768,-0.611,-0.492,0.304,True
HC_06,healthy,43.9,0.19234,0.21367,0.90087,-0.356,0.964,1.014,True
HC_06,healthy,43.910000000000004,0.18425,0.2304,0.96351,-0.314,-0.298,-0.5,True
HC_06,healthy,43.92,0.18364,0.22789,0.91379,0.255,-0.16,0.716,True
HC_06,healthy,43.93,0.17504,0.23388,0.96166,0.09,0.065,-2.62,True
HC_06,healthy,43.94,0.1937,0.21513,0.92119,0.609,-0.152,0.625,True
HC_06,healthy,43.95,0.18527,0.21801,0.94868,-0.104,-0.686,2.095,True
HC_06,healthy,43.96,0.18059,0.19922,0.93426,-0.601,0.923,-0.779,True
HC_06,healthy,43.97,0.194,0.22522,0.94989,-0.208,-0.39,0.595,True
HC_06,healthy,43.980000000000004,0.19244,0.20758,0.93514,-0.332,-0.632,-1.396,True
HC_06,healthy,43.99,0.20582,0.20048,0.92321,0.08,-0.032,-0.805,True
HC_06,healthy,44.0,0.19895,0.22929,0.94802,1.154,0.711,0.213,True
HC_06,healthy,44.01,0.17264,0.19826,0.9195,0.766,0.063,0.477,True
HC_06,healthy,44.02,0.1869,0.20847,0.95058,-0.301,-0.346,-0.248,True
HC_06,healthy,44.03,0.16652,0.19522,0.95105,-0.74,-0.168,0.866,True
HC_06,healthy,44.04,0.15573,0.18858,0.91295,1.015,0.684,0.326,True
HC_06,healthy,44.050000000000004,0.16327,0.1956,0.94692,-0.675,-0.343,-0.788,True
HC_06,healthy,44.06,0.15307,0.21205,0.92206,-0.328,0.548,0.243,True
HC_06,healthy,44.07,0.15391,0.20935,0.94923,1.808,-0.684,-0.296,True
HC_06,healthy,44.08,0.16986,0.22667,0.94269,0.613,0.303,1.549,True
HC_06,healthy,44.09,0.17904,0.19138,0.9326,1.161,-0.298,0.103,True
HC_06,healthy,44.1,0.1842,0.20575,0.94292,0.247,0.569,-0.356,True
HC_06,healthy,44.11,0.16581,0.20331,0.93268,2.147,-0.567,-1.637,True
HC_06,healthy,44.12,0.19727,0.20909,0.93177,-1.681,-1.233,0.98,True
HC_06,healthy,44.13,0.18661,0.22272,0.9418,0.846,-2.249,0.543,True
HC_06,healthy,44.14,0.19173,0.20207,0.93322,1.235,-0.723,0.878,True
HC_06,healthy,44.15,0.16334,0.19096,0.91826,-0.327,-1.672,0.118,True
HC_06,healthy,44.160000000000004,0.17173,0.21101,0.95419,-0.206,-1.212,0.029,True
HC_06,healthy,44.17,0.17363,0.20093,0.96992,-0.278,-0.801,1.036,True
HC_06,healthy,44.18,0.17338,0.19857,0.91992,0.42,-0.476,0.24,True
HC_06,healthy,44.19,0.16831,0.19183,0.95917,-1.129,-1.13,-0.005,True
HC_06,healthy,44.2,0.16541,0.18934,0.95987,0.679,-1.715,1.43,True
HC_06,healthy,44.21,0.16468,0.20711,0.94534,0.39,-1.32,0.319,True
HC_06,healthy,44.22,0.14168,0.19339,0.93726,-0.397,-0.185,-0.123,True
HC_06,healthy,44.230000000000004,0.15218,0.19859,0.95218,-1.407,-1.355,-0.394,True
HC_06,healthy,44.24,0.18353,0.20112,0.93971,-1.257,-0.878,-0.024,True
HC_06,healthy,44.25,0.18221,0.20508,0.95633,-0.614,-1.151,-0.241,True
HC_06,healthy,44.26,0.1833,0.20336,0.93954,-0.492,-2.085,-1.449,True
HC_06,healthy,44.27,0.16661,0.20519,0.95874,-2.136,-1.874,-0.657,True
HC_06,healthy,44.28,0.17012,0.20274,0.94996,-0.824,-1.206,-0.906,True
HC_06,healthy,44.29,0.15794,0.22014,0.94591,-2.481,-0.983,-1.439,True
HC_06,healthy,44.300000000000004,0.16069,0.17287,0.94137,0.526,-0.095,-0.486,True
HC_06,healthy,44.31,0.14629,0.22268,0.95261,-2.985,0.241,-1.726,True
HC_06,healthy,44.32,0.14452,0.17196,0.93523,-1.728,-1.996,-0.65,True
HC_06,healthy,44.33,0.14752,0.17604,0.93878,-1.608,-0.244,-2.793,True
HC_06,healthy,44.34,0.15236,0.21158,0.95614,-2.673,-0.745,-2.075,True
HC_06,healthy,44.35,0.1556,0.1977,0.96214,-1.995,-0.156,-3.079,True
HC_06,healthy,44.36,0.15606,0.22146,0.94243,-2.871,-1.27,-1.301,True
HC_06,healthy,44.37,0.13176,0.19746,0.94074,-2.086,0.039,-2.377,True
HC_06,healthy,44.38,0.13636,0.20035,0.91815,-0.83,-0.111,-2.918,True
HC_06,healthy,44.39,0.1502,0.21919,0.92034,-3.241,-0.253,-2.857,True
HC_06,healthy,44.4,0.16387,0.19757,0.89911,-2.574,-0.59,-2.997,True
HC_06,healthy,44.410000000000004,0.12125,0.20394,0.92728,-1.874,0.371,-2.664,True
HC_06,healthy,44.42,0.12052,0.17532,0.92576,-2.378,0.222,-3.282,True
HC_06,healthy,44.43,0.13327,0.21827,0.93324,-3.266,2.051,-3.364,True
HC_06,healthy,44.44,0.14009,0.22104,0.9401,-0.91,1.583,-3.846,True
HC_06,healthy,44.45,0.16688,0.24296,0.94152,-2.588,0.958,-3.195,True
HC_06,healthy,44.46,0.14063,0.23884,0.91996,-1.642,-0.045,-2.642,True
HC_06,healthy,44.47,0.16957,0.2259,0.96434,-2.248,0.885,-2.297,True
HC_06,healthy,44.480000000000004,0.12784,0.20784,0.908,-2.419,0.028,-3.81,True
HC_06,healthy,44.49,0.14386,0.22242,0.95492,-1.678,1.554,-3.432,True
HC_06,healthy,44.5,0.15291,0.21413,0.91064,-1.589,1.332,-3.218,True
HC_06,healthy,44.51,0.11949,0.22066,0.90883,-2.349,2.75,-4.2,True
HC_06,healthy,44.52,0.12229,0.2502,0.93675,-1.925,1.307,-3.305,True
HC_06,healthy,44.53,0.14537,0.20968,0.93223,-2.855,1.464,-2.378,True
HC_06,healthy,44.54,0.1657,0.22386,0.88723,-2.247,1.603,-1.263,True
HC_06,healthy,44.550000000000004,0.15765,0.23577,0.92084,-1.959,2.92,-2.094,True
HC_06,healthy,44.56,0.12643,0.22659,0.94876,-1.619,1.829,-1.221,True
HC_06,healthy,44.57,0.13862,0.20757,0.93226,-2.437,2.161,-1.722,True
HC_06,healthy,44.58,0.13378,0.23567,0.92159,0.209,2.952,-0.37,True
HC_06,healthy,44.59,0.14527,0.25611,0.89797,-2.166,3.773,-1.102,True
HC_06,healthy,44.6,0.14019,0.22795,0.95315,-0.806,4.29,-0.475,True
HC_06,healthy,44.61,0.14903,0.26159,0.95471,-2.005,3.428,-1.197,True
HC_06,healthy,44.62,0.12716,0.24521,0.95406,-0.592,3.719,-1.183,True
HC_06,healthy,44.63,0.17487,0.21284,0.96715,-0.693,2.51,0.194,True
HC_06,healthy,44.64,0.18329,0.25515,0.97413,-0.925,3.794,1.433,True
HC_06,healthy,44.65,0.18306,0.25517,0.97653,0.757,3.709,0.161,True
HC_06,healthy,44.660000000000004,0.15387,0.23455,0.93235,0.213,4.214,1.166,True
HC_06,healthy,44.67,0.15359,0.27141,0.94915,0.498,3.649,1.66,True
HC_06,healthy,44.68,0.16887,0.249,0.94468,2.597,2.382,2.182,True
HC_06,healthy,44.69,0.1913,0.21787,0.97712,0.825,2.063,2.738,True
HC_06,healthy,44.7,0.18242,0.23446,0.96338,2.727,3.626,1.751,True
HC_06,healthy,44.71,0.18468,0.25787,0.94153,2.173,4.573,2.396,True
HC_06,healthy,44.72,0.19454,0.2449,0.97019,1.933,3.075,2.732,True
HC_06,healthy,44.730000000000004,0.22286,0.25061,0.98344,2.951,2.476,4.544,True
HC_06,healthy,44.74,0.20523,0.24058,0.9729,4.325,4.617,2.633,True
HC_06,healthy,44.75,0.21978,0.24315,0.96634,4.217,2.968,3.505,True
HC_06,healthy,44.76,0.20502,0.23513,0.99103,3.747,4.035,5.033,True
HC_06,healthy,44.77,0.2158,0.24939,0.95892,5.78,1.554,6.95,True
HC_06,healthy,44.78,0.2084,0.22634,0.95311,5.166,2.98,6.499,True
HC_06,healthy,44.79,0.22363,0.23332,0.98185,4.909,2.65,6.601,True
HC_06,healthy,44.800000000000004,0.20519,0.22819,0.98345,7.099,1.851,6.735,True
HC_06,healthy,44.81,0.21426,0.23084,0.97373,4.98,2.541,7.089,True
HC_06,healthy,44.82,0.22523,0.2137,0.96156,6.091,1.269,6.353,True
HC_06,healthy,44.83,0.2412,0.23656,0.99169,6.174,1.491,8.395,True
HC_06,healthy,44.84,0.25045,0.19364,0.99102,6.321,0.883,7.225,True
HC_06,healthy,44.85,0.23895,0.19358,0.95092,6.116,2.39,8.006,True
HC_06,healthy,44.86,0.23689,0.21812,0.96886,7.511,1.735,8.361,True
HC_06,healthy,44.87,0.22698,0.20456,0.96981,5.995,0.292,6.594,True
HC_06,healthy,44.88,0.1902,0.1724,0.94094,7.908,-1.522,7.372,True
HC_06,healthy,44.89,0.21302,0.18612,0.94654,7.217,0.511,8.638,True
HC_06,healthy,44.9,0.22224,0.21942,0.98225,7.796,-0.489,7.349,True
HC_06,healthy,44.910000000000004,0.22921,0.20025,0.96287,7.406,-1.942,8.434,True
HC_06,healthy,44.92,0.22784,0.16793,0.94049,6.193,-1.939,8.742,True
HC_06,healthy,44.93,0.23565,0.18538,0.96753,7.095,-1.488,9.275,True
HC_06,healthy,44.94,0.21932,0.1295,0.93202,6.335,-3.101,7.313,True
HC_06,healthy,44.95,0.20934,0.15421,0.94413,5.691,-3.273,7.566,True
HC_06,healthy,44.96,0.21535,0.15232,0.95106,7.012,-1.44,6.462,True
HC_06,healthy,44.97,0.22604,0.12711,0.94932,7.13,-3.444,6.824,True
HC_06,healthy,44.980000000000004,0.20363,0.14431,0.93604,5.416,-4.11,6.587,True
HC_06,healthy,44.99,0.1842,0.16518,0.91734,5.281,-4.376,6.557,True
