subject_id,label,timestamp,accel_x,accel_y,accel_z,gyro_x,gyro_y,gyro_z,is_synthetic
HC_05,healthy,0.0,0.14732,0.22171,0.95372,0.411,0.196,0.333,True
HC_05,healthy,0.01,0.16478,0.23196,0.9265,0.83,-1.584,1.141,True
HC_05,healthy,0.02,0.16407,0.17777,0.93704,-0.407,-0.349,1.698,True
HC_05,healthy,0.03,0.15308,0.2001,0.96122,-0.882,-0.309,1.215,True
HC_05,healthy,0.04,0.15416,0.18517,0.92939,-0.085,-0.98,0.435,True
HC_05,healthy,0.05,0.16041,0.18938,0.95507,0.129,0.601,0.756,True
HC_05,healthy,0.06,0.14427,0.20801,0.93761,0.979,0.084,-1.532,True
HC_05,healthy,0.07,0.11175,0.20792,0.95212,-0.079,0.24,-1.68,True
HC_05,healthy,0.08,0.14135,0.19984,0.96601,0.365,0.223,-2.454,True
HC_05,healthy,0.09,0.18434,0.19873,0.95309,1.129,-0.65,-2.121,True
HC_05,healthy,0.1,0.1658,0.24658,0.92984,-1.503,0.038,-0.475,True
HC_05,healthy,0.11,0.16304,0.23443,0.95761,-1.251,0.437,1.173,True
HC_05,healthy,0.12,0.17916,0.18425,0.95514,0.51,-0.201,1.314,True
HC_05,healthy,0.13,0.16218,0.22544,0.96015,-0.534,0.284,1.879,True
HC_05,healthy,0.14,0.16376,0.18513,0.98628,-0.504,-0.006,0.688,True
HC_05,healthy,0.15,0.14353,0.1964,0.95972,0.327,0.241,-1.518,True
HC_05,healthy,0.16,0.14278,0.19519,0.96603,0.455,-1.069,-1.698,True
HC_05,healthy,0.17,0.15477,0.20929,0.96173,0.623,-0.546,-1.076,True
HC_05,healthy,0.18,0.14631,0.22412,0.95642,-1.274,-0.013,0.288,True
HC_05,healthy,0.19,0.18023,0.20041,0.94746,-0.448,-0.352,0.505,True
HC_05,healthy,0.2,0.14468,0.21757,0.93931,0.95,0.037,-0.53,True
HC_05,healthy,0.21,0.16372,0.23249,0.96168,-1.489,-0.548,1.094,True
HC_05,healthy,0.22,0.18108,0.19822,0.92725,0.503,-0.802,2.35,True
HC_05,healthy,0.23,0.16994,0.21402,0.96278,0.289,-0.878,1.811,True
HC_05,healthy,0.24,0.13788,0.1801,0.96848,-0.172,0.679,1.06,True
HC_05,healthy,0.25,0.13831,0.18223,0.92382,0.591,-0.828,-0.532,True
HC_05,healthy,0.26,0.12387,0.17811,0.97094,0.241,-0.884,-0.477,True
HC_05,healthy,0.27,0.15679,0.18997,0.94758,1.09,0.037,-1.309,True
HC_05,healthy,0.28,0.10564,0.2189,0.96553,0.836,-0.265,-0.92,True
HC_05,healthy,0.29,0.17652,0.23241,0.94106,0.735,0.721,-1.716,True
HC_05,healthy,0.3,0.14816,0.22927,0.94226,0.107,0.674,0.735,True
HC_05,healthy,0.31,0.19314,0.21113,0.94137,0.357,1.049,1.658,True
HC_05,healthy,0.32,0.19078,0.20835,0.96159,-0.632,0.133,1.724,True
HC_05,healthy,0.33,0.15315,0.19781,0.94275,0.266,-1.401,1.318,True
HC_05,healthy,0.34,0.19074,0.17881,0.93203,0.815,0.385,1.171,True
HC_05,healthy,0.35000000000000003,0.16197,0.20447,0.95212,1.031,-0.009,-0.817,True
HC_05,healthy,0.36,0.12816,0.18092,0.93241,-0.112,0.002,-2.232,True
HC_05,healthy,0.37,0.15838,0.22367,0.96879,2.835,1.306,-3.315,True
HC_05,healthy,0.38,0.12543,0.1988,0.95199,-0.71,0.692,-1.741,True
HC_05,healthy,0.39,0.14217,0.22577,0.95657,0.622,-0.624,-0.897,True
HC_05,healthy,0.4,0.16071,0.21819,0.93747,-0.124,-0.588,0.096,True
HC_05,healthy,0.41000000000000003,0.18101,0.20142,0.96417,1.392,0.051,2.318,True
HC_05,healthy,0.42,0.18386,0.22239,0.95158,0.802,0.19,1.361,True
HC_05,healthy,0.43,0.17739,0.17385,0.96393,0.72,-0.449,0.754,True
HC_05,healthy,0.44,0.15305,0.18918,0.93116,0.165,-0.604,-0.062,True
HC_05,healthy,0.45,0.14476,0.1922,0.95056,0.606,1.313,-0.96,True
HC_05,healthy,0.46,0.12786,0.19523,0.96674,-0.265,-1.762,-2.525,True
HC_05,healthy,0.47000000000000003,0.14814,0.20034,0.92957,0.191,-0.708,-1.176,True
HC_05,healthy,0.48,0.14619,0.21774,0.95751,-0.408,-0.529,-0.358,True
HC_05,healthy,0.49,0.16804,0.21836,0.94281,-0.246,0.464,0.416,True
HC_05,healthy,0.5,0.1818,0.26057,0.9339,1.082,0.955,1.778,True
HC_05,healthy,0.51,0.18554,0.19905,0.92516,0.137,-0.865,-0.145,True
HC_05,healthy,0.52,0.20989,0.18345,0.95137,0.951,0.135,0.651,True
HC_05,healthy,0.53,0.16404,0.19465,0.93878,-1.291,1.131,-0.12,True
HC_05,healthy,0.54,0.16656,0.18663,0.92964,-1.067,-0.591,-0.692,True
HC_05,healthy,0.55,0.15632,0.22035,0.96177,-1.086,0.914,0.707,True
HC_05,healthy,0.56,0.13571,0.19611,0.91165,-0.516,0.379,-0.901,True
HC_05,healthy,0.5700000000000001,0.15094,0.239,0.96864,-0.316,1.105,-2.159,True
HC_05,healthy,0.58,0.15461,0.22015,0.95472,0.907,0.439,2.103,True
HC_05,healthy,0.59,0.1539,0.22311,0.94048,1.766,-0.703,1.952,True
HC_05,healthy,0.6,0.21228,0.2302,0.9444,-0.124,0.43,1.057,True
HC_05,healthy,0.61,0.17317,0.22964,0.94869,-0.169,-0.068,2.421,True
HC_05,healthy,0.62,0.15879,0.20186,0.95767,0.328,-0.43,0.882,True
HC_05,healthy,0.63,0.19841,0.18168,0.97612,-0.634,-0.091,-0.302,True
HC_05,healthy,0.64,0.1593,0.20106,0.93612,-0.71,-1.576,-0.673,True
HC_05,healthy,0.65,0.17323,0.20342,0.9205,-0.228,0.047,-1.572,True
HC_05,healthy,0.66,0.21564,0.21893,0.95237,0.472,0.388,-3.178,True
HC_05,healthy,0.67,0.13175,0.22551,0.92414,0.983,0.382,-0.989,True
HC_05,healthy,0.68,0.17635,0.22159,0.92544,0.436,1.066,0.371,True
HC_05,healthy,0.6900000000000001,0.16906,0.26258,0.95489,-0.254,-0.156,1.189,True
HC_05,healthy,0.7000000000000001,0.18632,0.2149,0.92449,-0.6,0.395,1.481,True
HC_05,healthy,0.71,0.22885,0.20593,0.95597,0.015,0.382,1.567,True
HC_05,healthy,0.72,0.17128,0.20218,0.94212,-0.318,-0.99,0.865,True
HC_05,healthy,0.73,0.1394,0.19721,0.93607,0.468,-0.232,-0.564,True
HC_05,healthy,0.74,0.15613,0.20509,0.94171,0.3,-1.039,-0.853,True
HC_05,healthy,0.75,0.18586,0.21768,0.92645,0.052,0.491,-2.228,True
HC_05,healthy,0.76,0.17183,0.19615,0.93601,-0.265,-0.151,-1.112,True
HC_05,healthy,0.77,0.1632,0.21609,0.94089,0.293,0.764,-0.717,True
HC_05,healthy,0.78,0.1921,0.23332,0.96308,-0.76,-1.2,-0.022,True
HC_05,healthy,0.79,0.17093,0.2164,0.93988,0.228,-0.021,0.525,True
HC_05,healthy,0.8,0.19662,0.24213,0.95714,-1.038,-0.652,0.954,True
HC_05,healthy,0.81,0.18757,0.19719,0.94781,-0.386,0.124,0.274,True
HC_05,healthy,0.8200000000000001,0.1962,0.20268,0.94644,-0.508,0.366,0.512,True
HC_05,healthy,0.8300000000000001,0.16705,0.21498,0.94488,0.791,-0.656,1.606,True
HC_05,healthy,0.84,0.16895,0.18036,0.96053,-0.963,0.056,-1.258,True
HC_05,healthy,0.85,0.15204,0.22257,0.94812,-0.627,-2.013,-1.968,True
HC_05,healthy,0.86,0.15781,0.21074,0.94382,0.213,0.778,-0.484,True
HC_05,healthy,0.87,0.16467,0.21269,0.9403,-0.192,-0.133,0.487,True
HC_05,healthy,0.88,0.20236,0.24567,0.95317,0.415,-0.958,-1.793,True
HC_05,healthy,0.89,0.18385,0.2362,0.95388,0.796,0.764,1.061,True
HC_05,healthy,0.9,0.19641,0.18625,0.93786,0.245,-0.372,1.528,True
HC_05,healthy,0.91,0.1929,0.18912,0.93789,-0.818,1.49,0.845,True
HC_05,healthy,0.92,0.19748,0.21111,0.9334,-0.42,-0.644,0.498,True
HC_05,healthy,0.93,0.17302,0.23523,0.92675,-1.204,-0.657,0.756,True
HC_05,healthy,0.9400000000000001,0.14561,0.20827,0.94393,0.373,-0.434,-1.176,True
HC_05,healthy,0.9500000000000001,0.12991,0.20438,0.95445,-0.826,0.501,-1.701,True
HC_05,healthy,0.96,0.19269,0.20527,0.90758,-0.05,-0.452,-1.409,True
HC_05,healthy,0.97,0.19447,0.24691,0.9575,-0.059,0.134,-0.022,True
HC_05,healthy,0.98,0.1844,0.23287,0.9414,-0.497,0.407,0.423,True
HC_05,healthy,0.99,0.20177,0.2143,0.91814,-0.966,0.63,2.331,True
HC_05,healthy,1.0,0.1893,0.21007,0.94834,-0.405,-0.236,2.845,True
HC_05,healthy,1.01,0.21048,0.19337,0.95055,0.081,-0.825,1.91,True
HC_05,healthy,1.02,0.20096,0.19647,0.95168,-0.056,0.065,-0.327,True
HC_05,healthy,1.03,0.16696,0.19511,0.94824,-0.644,0.493,-0.9,True
HC_05,healthy,1.04,0.16846,0.20994,0.94834,0.762,-0.968,-1.04,True
HC_05,healthy,1.05,0.148,0.19112,0.93215,0.866,-0.113,-0.522,True
HC_05,healthy,1.06,0.15326,0.23843,0.94364,-0.397,1.526,0.313,True
HC_05,healthy,1.07,0.19083,0.24566,0.91602,-0.023,0.453,-1.415,True
HC_05,healthy,1.08,0.19054,0.22186,0.95735,-1.097,0.415,1.693,True
HC_05,healthy,1.09,0.19482,0.2209,0.93421,0.912,0.85,1.684,True
HC_05,healthy,1.1,0.17559,0.19864,0.96285,-1.6,0.044,2.572,True
HC_05,healthy,1.11,0.20857,0.19348,0.91628,-0.233,-0.223,1.075,True
HC_05,healthy,1.12,0.16493,0.22041,0.92743,1.079,-0.786,1.004,True
HC_05,healthy,1.1300000000000001,0.17975,0.207,0.92466,-0.056,-0.273,-0.877,True
HC_05,healthy,1.1400000000000001,0.17823,0.20903,0.95202,0.785,-0.369,-1.179,True
HC_05,healthy,1.1500000000000001,0.17772,0.21016,0.93271,-0.562,0.059,0.213,True
HC_05,healthy,1.16,0.18892,0.21187,0.93241,0.119,-0.256,-0.667,True
HC_05,healthy,1.17,0.18171,0.2242,0.91689,1.447,-1.472,0.032,True
HC_05,healthy,1.18,0.21818,0.24708,0.93535,0.824,-1.118,0.841,True
HC_05,healthy,1.19,0.19341,0.20656,0.92334,1.537,-0.091,2.264,True
HC_05,healthy,1.2,0.18461,0.19917,0.94343,-0.013,0.707,0.901,True
HC_05,healthy,1.21,0.22254,0.20787,0.9203,-0.398,-0.157,0.327,True
HC_05,healthy,1.22,0.17225,0.1968,0.90398,0.131,-1.375,0.624,True
HC_05,healthy,1.23,0.19599,0.18368,0.9349,0.024,-0.159,-1.163,True
HC_05,healthy,1.24,0.18182,0.20614,0.9217,0.171,0.684,-1.079,True
HC_05,healthy,1.25,0.16899,0.20387,0.92865,-0.518,0.205,-2.624,True
HC_05,healthy,1.26,0.16057,0.22895,0.92615,0.57,0.759,-0.343,True
HC_05,healthy,1.27,0.1815,0.20648,0.95804,1.534,-0.388,1.384,True
HC_05,healthy,1.28,0.20733,0.23616,0.93778,-0.088,0.422,1.991,True
HC_05,healthy,1.29,0.23783,0.21783,0.94313,0.919,0.293,0.378,True
HC_05,healthy,1.3,0.17173,0.20633,0.94579,-0.402,1.252,0.815,True
HC_05,healthy,1.31,0.18612,0.21871,0.93213,-0.814,-1.172,0.335,True
HC_05,healthy,1.32,0.17235,0.18942,0.9294,1.103,0.2,-0.023,True
HC_05,healthy,1.33,0.19381,0.22976,0.94605,1.244,1.071,-0.899,True
HC_05,healthy,1.34,0.19225,0.22843,0.92581,0.844,0.223,-1.272,True
HC_05,healthy,1.35,0.18046,0.24524,0.93669,0.175,0.065,-1.221,True
HC_05,healthy,1.36,0.16542,0.23346,0.90822,-1.314,-0.711,0.931,True
HC_05,healthy,1.37,0.19318,0.22428,0.92804,0.023,-0.022,0.702,True
HC_05,healthy,1.3800000000000001,0.19099,0.23907,0.93594,0.756,-0.061,1.998,True
HC_05,healthy,1.3900000000000001,0.17758,0.19254,0.9274,0.001,0.257,2.307,True
HC_05,healthy,1.4000000000000001,0.19251,0.18128,0.92692,-1.932,-0.341,0.49,True
HC_05,healthy,1.41,0.2002,0.20575,0.91302,0.726,-0.445,0.167,True
HC_05,healthy,1.42,0.1785,0.20772,0.94563,-0.998,0.868,-0.756,True
HC_05,healthy,1.43,0.19654,0.21267,0.92786,0.04,0.209,-2.235,True
HC_05,healthy,1.44,0.1919,0.24107,0.90203,0.325,-0.327,-0.06,True
HC_05,healthy,1.45,0.16483,0.2395,0.93415,-0.36,1.568,-0.607,True
HC_05,healthy,1.46,0.20332,0.23119,0.91212,-1.004,0.747,0.541,True
HC_05,healthy,1.47,0.19834,0.22365,0.91359,0.628,0.968,0.246,True
HC_05,healthy,1.48,0.21731,0.20902,0.95584,-0.223,-0.732,2.355,True
HC_05,healthy,1.49,0.21177,0.22039,0.93574,-0.221,-0.226,2.632,True
HC_05,healthy,1.5,0.1914,0.19372,0.91321,-0.235,0.167,0.083,True
HC_05,healthy,1.51,0.19168,0.21987,0.91376,-0.239,-0.608,-1.326,True
HC_05,healthy,1.52,0.17551,0.21502,0.91292,0.209,-0.394,-1.841,True
HC_05,healthy,1.53,0.18794,0.20055,0.93114,-0.244,0.221,-1.698,True
HC_05,healthy,1.54,0.16753,0.21322,0.91603,0.4,0.604,-2.848,True
HC_05,healthy,1.55,0.17884,0.212,0.93593,1.944,0.729,-1.086,True
HC_05,healthy,1.56,0.21282,0.21267,0.94421,-0.683,-0.305,1.138,True
HC_05,healthy,1.57,0.20698,0.21436,0.93952,-0.978,0.119,2.14,True
HC_05,healthy,1.58,0.21269,0.25521,0.96287,-1.025,-0.713,1.552,True
HC_05,healthy,1.59,0.20216,0.21686,0.94225,0.047,-1.921,-0.21,True
HC_05,healthy,1.6,0.1947,0.20084,0.94842,0.059,0.343,2.236,True
HC_05,healthy,1.61,0.15431,0.22625,0.93734,0.252,-1.583,-0.561,True
HC_05,healthy,1.62,0.18371,0.20739,0.91444,1.203,0.876,-1.914,True
HC_05,healthy,1.6300000000000001,0.15841,0.21557,0.93271,1.318,0.847,-1.97,True
HC_05,healthy,1.6400000000000001,0.202,0.22141,0.92434,-0.265,-0.118,-2.064,True
HC_05,healthy,1.6500000000000001,0.21334,0.20463,0.92195,0.205,0.556,-0.404,True
HC_05,healthy,1.6600000000000001,0.19879,0.23131,0.92682,0.216,-0.361,1.83,True
HC_05,healthy,1.67,0.2047,0.22353,0.93661,0.339,-1.225,2.084,True
HC_05,healthy,1.68,0.2262,0.22782,0.92206,-0.36,0.857,0.018,True
HC_05,healthy,1.69,0.21823,0.23078,0.93905,0.433,0.636,0.067,True
HC_05,healthy,1.7,0.17704,0.21591,0.91338,0.804,-0.396,-0.301,True
HC_05,healthy,1.71,0.19615,0.20137,0.95271,-0.154,-0.504,0.51,True
HC_05,healthy,1.72,0.18372,0.23427,0.93634,-0.818,0.161,-1.306,True
HC_05,healthy,1.73,0.16279,0.21595,0.91921,0.266,0.32,-2.409,True
HC_05,healthy,1.74,0.18278,0.19431,0.93691,-0.735,-0.863,-1.017,True
HC_05,healthy,1.75,0.21283,0.23662,0.93972,0.846,-0.007,-0.75,True
HC_05,healthy,1.76,0.1855,0.19333,0.92728,-0.022,-1.047,1.285,True
HC_05,healthy,1.77,0.21556,0.25718,0.93487,0.54,-0.024,1.948,True
HC_05,healthy,1.78,0.20384,0.22035,0.92551,0.813,-0.388,0.812,True
HC_05,healthy,1.79,0.21517,0.21083,0.94246,-1.099,0.189,2.294,True
HC_05,healthy,1.8,0.17699,0.20351,0.92546,1.35,0.709,0.188,True
HC_05,healthy,1.81,0.15167,0.22225,0.93434,0.64,0.176,-1.503,True
HC_05,healthy,1.82,0.18759,0.21305,0.93995,-0.274,0.308,-1.89,True
HC_05,healthy,1.83,0.18547,0.2394,0.92893,0.215,-0.446,-0.237,True
HC_05,healthy,1.84,0.17305,0.21161,0.9197,-0.499,0.211,-1.189,True
HC_05,healthy,1.85,0.23343,0.23863,0.94741,1.488,-1.032,0.477,True
HC_05,healthy,1.86,0.19865,0.21507,0.90457,-0.838,-2.165,-0.552,True
HC_05,healthy,1.87,0.21178,0.2356,0.93761,0.604,-1.04,1.201,True
HC_05,healthy,1.8800000000000001,0.21154,0.20522,0.91121,-0.426,-0.067,2.445,True
HC_05,healthy,1.8900000000000001,0.18118,0.23453,0.94904,0.18,0.569,0.896,True
HC_05,healthy,1.9000000000000001,0.19243,0.21636,0.92108,-1.223,0.702,-1.664,True
HC_05,healthy,1.9100000000000001,0.16164,0.24942,0.95201,-0.419,-0.688,-0.72,True
HC_05,healthy,1.92,0.18264,0.22465,0.91939,-0.666,0.257,-0.503,True
HC_05,healthy,1.93,0.17535,0.21684,0.9111,-0.236,0.075,-0.128,True
HC_05,healthy,1.94,0.18889,0.23475,0.90179,0.44,0.93,-0.103,True
HC_05,healthy,1.95,0.20629,0.25714,0.91982,-1.299,0.864,0.408,True
HC_05,healthy,1.96,0.19772,0.23609,0.92832,-1.117,-0.608,0.974,True
HC_05,healthy,1.97,0.2093,0.2408,0.91346,0.322,0.464,2.7,True
HC_05,healthy,1.98,0.21058,0.23767,0.9227,-0.74,0.012,0.88,True
HC_05,healthy,1.99,0.17999,0.17401,0.92482,-1.397,0.592,-0.1,True
HC_05,healthy,2.0,0.20309,0.21832,0.91521,-0.116,0.746,0.431,True
HC_05,healthy,2.0100000000000002,0.1855,0.24108,0.95889,2.351,0.165,-1.366,True
HC_05,healthy,2.02,0.19754,0.21718,0.93823,0.951,0.285,-1.463,True
HC_05,healthy,2.0300000000000002,0.1948,0.22793,0.93591,-0.08,-0.031,-0.13,True
HC_05,healthy,2.04,0.2238,0.22814,0.89287,0.211,0.057,0.097,True
HC_05,healthy,2.05,0.19912,0.241,0.94098,-0.535,0.434,1.028,True
HC_05,healthy,2.06,0.20774,0.2315,0.93848,1.373,0.377,1.154,True
HC_05,healthy,2.07,0.25686,0.21856,0.93333,-0.064,0.61,1.0,True
HC_05,healthy,2.08,0.20306,0.21341,0.93753,-0.999,-0.188,0.324,True
HC_05,healthy,2.09,0.20217,0.21733,0.93112,1.46,-0.555,-0.913,True
HC_05,healthy,2.1,0.21179,0.21201,0.92365,-0.033,0.991,-0.542,True
HC_05,healthy,2.11,0.19289,0.22451,0.92533,-0.006,-0.046,-2.713,True
HC_05,healthy,2.12,0.18365,0.19998,0.91356,-0.759,0.63,-0.635,True
HC_05,healthy,2.13,0.17602,0.23441,0.92659,1.212,0.797,-0.329,True
HC_05,healthy,2.14,0.19203,0.20292,0.93602,-0.314,-0.09,0.277,True
HC_05,healthy,2.15,0.23229,0.25137,0.91639,0.596,-0.826,1.772,True
HC_05,healthy,2.16,0.2128,0.22507,0.90246,-0.41,-0.604,1.392,True
HC_05,healthy,2.17,0.22129,0.21106,0.9,1.0,0.203,1.803,True
HC_05,healthy,2.18,0.20464,0.20571,0.92369,0.256,0.059,1.251,True
HC_05,healthy,2.19,0.19423,0.18871,0.92884,1.615,0.6,-0.756,True
HC_05,healthy,2.2,0.15763,0.1988,0.91364,0.808,0.784,-2.305,True
HC_05,healthy,2.21,0.19554,0.22298,0.89779,-1.107,-1.707,-1.557,True
HC_05,healthy,2.22,0.19174,0.2135,0.93884,-0.508,0.288,-1.333,True
HC_05,healthy,2.23,0.21909,0.22242,0.9061,1.358,0.367,-0.927,True
HC_05,healthy,2.24,0.20583,0.21404,0.94122,-0.998,-0.714,0.54,True
HC_05,healthy,2.25,0.22219,0.20597,0.94019,-0.066,-0.434,2.24,True
HC_05,healthy,2.2600000000000002,0.23632,0.19322,0.91755,0.735,0.107,1.685,True
HC_05,healthy,2.27,0.20543,0.23125,0.93328,-0.373,-1.936,0.843,True
HC_05,healthy,2.2800000000000002,0.20337,0.22057,0.93665,0.523,-0.438,2.031,True
HC_05,healthy,2.29,0.1944,0.1912,0.93826,-0.143,-0.115,-2.427,True
HC_05,healthy,2.3000000000000003,0.1734,0.20607,0.89888,0.152,0.419,-1.93,True
HC_05,healthy,2.31,0.203,0.23384,0.9249,-0.703,-0.003,-0.595,True
HC_05,healthy,2.32,0.19205,0.23241,0.9338,-1.044,0.049,-1.171,True
HC_05,healthy,2.33,0.19829,0.22181,0.93813,0.62,-0.322,-1.005,True
HC_05,healthy,2.34,0.20344,0.21915,0.93077,-1.294,-1.362,0.006,True
HC_05,healthy,2.35,0.20343,0.24572,0.92903,1.846,-1.268,0.874,True
HC_05,healthy,2.36,0.20373,0.22438,0.91023,1.441,-0.179,0.367,True
HC_05,healthy,2.37,0.20924,0.19552,0.90952,-0.106,-1.76,1.539,True
HC_05,healthy,2.38,0.19919,0.19601,0.92239,0.763,-1.216,0.546,True
HC_05,healthy,2.39,0.2026,0.22657,0.91927,0.802,0.199,-0.945,True
HC_05,healthy,2.4,0.20445,0.20192,0.94836,-0.951,-0.566,-2.467,True
HC_05,healthy,2.41,0.19225,0.22913,0.9298,-0.869,-0.732,-1.275,True
HC_05,healthy,2.42,0.21261,0.25926,0.91816,-0.008,0.225,-1.723,True
HC_05,healthy,2.43,0.19556,0.21994,0.93656,-0.041,-1.419,0.749,True
HC_05,healthy,2.44,0.19032,0.24312,0.93886,-0.691,-0.659,1.7,True
HC_05,healthy,2.45,0.20641,0.24254,0.93681,0.32,-0.139,2.383,True
HC_05,healthy,2.46,0.24089,0.19997,0.92941,-1.246,-0.038,2.654,True
HC_05,healthy,2.47,0.19441,0.21505,0.92064,0.888,0.19,-1.625,True
HC_05,healthy,2.48,0.19564,0.20684,0.92637,1.21,-1.954,0.033,True
HC_05,healthy,2.49,0.19246,0.21606,0.92721,0.415,-0.103,-1.742,True
HC_05,healthy,2.5,0.2234,0.22426,0.94303,0.445,0.851,-0.378,True
HC_05,healthy,2.5100000000000002,0.19907,0.20417,0.92233,-0.044,0.721,-2.065,True
HC_05,healthy,2.52,0.21023,0.23444,0.94307,0.673,2.238,-0.797,True
HC_05,healthy,2.5300000000000002,0.17531,0.22084,0.92185,0.003,-0.243,0.906,True
HC_05,healthy,2.54,0.19019,0.2451,0.93086,0.815,-0.123,1.801,True
HC_05,healthy,2.5500000000000003,0.23751,0.22166,0.91725,-0.024,0.293,2.21,True
HC_05,healthy,2.56,0.22199,0.20585,0.90817,-0.431,0.003,2.701,True
HC_05,healthy,2.57,0.21644,0.22714,0.93279,-1.126,-0.742,-0.347,True
HC_05,healthy,2.58,0.19648,0.19916,0.90463,1.928,-0.227,-1.002,True
HC_05,healthy,2.59,0.19203,0.18782,0.9396,-0.301,-0.426,-2.354,True
HC_05,healthy,2.6,0.17109,0.23521,0.93161,-0.953,-0.105,-1.362,True
HC_05,healthy,2.61,0.17999,0.22897,0.91186,-0.544,0.558,-1.655,True
HC_05,healthy,2.62,0.17846,0.21885,0.90471,0.255,0.105,-1.488,True
HC_05,healthy,2.63,0.18928,0.23734,0.90659,0.509,-0.446,0.547,True
HC_05,healthy,2.64,0.20053,0.21771,0.91744,-0.113,-0.541,1.874,True
HC_05,healthy,2.65,0.20334,0.22858,0.9217,-2.143,-0.796,2.066,True
HC_05,healthy,2.66,0.2262,0.20393,0.89205,0.32,-0.377,1.76,True
HC_05,healthy,2.67,0.21385,0.224,0.92759,0.118,0.223,1.192,True
HC_05,healthy,2.68,0.16837,0.2162,0.93386,-0.614,-1.887,-1.194,True
HC_05,healthy,2.69,0.20015,0.23044,0.89689,0.724,-0.47,-1.215,True
HC_05,healthy,2.7,0.17028,0.21883,0.93366,-0.488,0.028,-0.046,True
HC_05,healthy,2.71,0.21453,0.25401,0.90367,0.492,1.514,-0.171,True
HC_05,healthy,2.72,0.18937,0.248,0.93931,0.79,-0.042,-1.119,True
HC_05,healthy,2.73,0.21208,0.2299,0.89185,1.435,1.086,0.708,True
HC_05,healthy,2.74,0.18979,0.23603,0.89349,-1.076,-0.2,1.711,True
HC_05,healthy,2.75,0.22082,0.22217,0.91988,0.474,-0.435,0.431,True
HC_05,healthy,2.7600000000000002,0.20608,0.21985,0.93883,-0.199,-0.617,0.676,True
HC_05,healthy,2.77,0.20057,0.22256,0.90072,0.853,-0.538,-2.031,True
HC_05,healthy,2.7800000000000002,0.17885,0.24297,0.93903,0.57,0.633,-1.066,True
HC_05,healthy,2.79,0.20602,0.20381,0.90383,-0.055,-0.668,-1.303,True
HC_05,healthy,2.8000000000000003,0.19419,0.19431,0.91631,0.654,-0.203,0.494,True
HC_05,healthy,2.81,0.1819,0.21315,0.93271,-0.728,-0.181,-2.516,True
HC_05,healthy,2.82,0.20768,0.24347,0.94138,0.334,-0.271,-0.068,True
HC_05,healthy,2.83,0.17595,0.22898,0.93692,0.437,1.091,0.905,True
HC_05,healthy,2.84,0.21242,0.24791,0.92575,0.292,-1.003,1.776,True
HC_05,healthy,2.85,0.20224,0.23731,0.94314,-1.515,0.961,-0.287,True
HC_05,healthy,2.86,0.19304,0.20692,0.94755,-0.322,0.322,0.756,True
HC_05,healthy,2.87,0.19444,0.22652,0.91144,0.135,-0.225,-1.484,True
HC_05,healthy,2.88,0.20913,0.20423,0.95842,-0.183,-0.585,-0.779,True
HC_05,healthy,2.89,0.17844,0.23957,0.9105,-0.299,1.277,-0.974,True
HC_05,healthy,2.9,0.17863,0.22261,0.92908,0.918,-0.436,-1.25,True
HC_05,healthy,2.91,0.19645,0.20913,0.90934,-0.126,-0.743,0.265,True
HC_05,healthy,2.92,0.20077,0.25907,0.90935,0.05,-0.96,0.262,True
HC_05,healthy,2.93,0.22566,0.2158,0.92205,0.218,-0.238,0.444,True
HC_05,healthy,2.94,0.19995,0.2012,0.91679,-0.198,0.011,1.794,True
HC_05,healthy,2.95,0.18781,0.20773,0.89505,0.029,0.255,0.258,True
HC_05,healthy,2.96,0.22357,0.19429,0.91377,-1.35,-1.049,0.649,True
HC_05,healthy,2.97,0.18552,0.19944,0.94128,0.645,-0.081,0.256,True
HC_05,healthy,2.98,0.20384,0.22817,0.91523,0.116,0.058,-1.209,True
HC_05,healthy,2.99,0.20849,0.20106,0.94264,-0.137,-0.586,-1.24,True
HC_05,healthy,3.0,0.16279,0.25375,0.89349,-0.279,-0.189,-1.607,True
HC_05,healthy,3.0100000000000002,0.18146,0.26166,0.90356,1.115,0.003,0.923,True
HC_05,healthy,3.02,0.20793,0.24136,0.9242,0.043,0.436,0.161,True
HC_05,healthy,3.0300000000000002,0.21991,0.24068,0.91991,-0.69,-1.499,0.887,True
HC_05,healthy,3.04,0.20045,0.19233,0.9571,-1.593,0.423,1.122,True
HC_05,healthy,3.0500000000000003,0.22824,0.21311,0.91379,0.426,-0.06,1.349,True
HC_05,healthy,3.06,0.21291,0.21119,0.92538,-0.106,0.467,-0.836,True
HC_05,healthy,3.0700000000000003,0.20982,0.21938,0.91781,0.907,-0.299,-1.459,True
HC_05,healthy,3.08,0.18151,0.21242,0.89804,0.251,0.211,-0.98,True
HC_05,healthy,3.09,0.18544,0.21512,0.93553,-0.417,0.876,-2.05,True
HC_05,healthy,3.1,0.18721,0.22437,0.93752,0.468,-0.463,0.211,True
HC_05,healthy,3.11,0.15999,0.224,0.92352,0.879,1.656,-0.314,True
HC_05,healthy,3.12,0.2162,0.229,0.92624,-0.262,-0.253,1.449,True
HC_05,healthy,3.13,0.2035,0.22105,0.9113,0.481,2.876,0.876,True
HC_05,healthy,3.14,0.19249,0.21321,0.92509,0.675,-0.905,1.57,True
HC_05,healthy,3.15,0.20171,0.21762,0.93441,-0.563,-0.372,0.344,True
HC_05,healthy,3.16,0.17709,0.22592,0.95587,0.315,-0.147,-0.543,True
HC_05,healthy,3.17,0.19331,0.20435,0.92062,-0.416,-0.247,-1.312,True
HC_05,healthy,3.18,0.17984,0.23154,0.91996,-0.281,-0.001,-2.662,True
HC_05,healthy,3.19,0.17649,0.20656,0.93147,0.296,0.567,-2.178,True
HC_05,healthy,3.2,0.19341,0.25114,0.94418,0.767,0.339,-0.061,True
HC_05,healthy,3.21,0.18718,0.2274,0.93824,1.119,0.869,0.496,True
HC_05,healthy,3.22,0.19932,0.20913,0.93699,1.76,-0.028,1.329,True
HC_05,healthy,3.23,0.20607,0.20546,0.94753,-0.424,1.239,3.252,True
HC_05,healthy,3.24,0.18337,0.20766,0.92526,0.252,-0.813,-0.331,True
HC_05,healthy,3.25,0.20213,0.22643,0.9088,-1.003,0.685,1.698,True
HC_05,healthy,3.2600000000000002,0.21379,0.22606,0.90668,1.243,0.55,-0.844,True
HC_05,healthy,3.27,0.16212,0.20899,0.9129,0.262,-0.604,0.326,True
HC_05,healthy,3.2800000000000002,0.17466,0.24214,0.95516,-0.189,0.272,-0.349,True
HC_05,healthy,3.29,0.17202,0.22104,0.92529,-0.265,0.802,-1.26,True
HC_05,healthy,3.3000000000000003,0.19047,0.22272,0.92971,-0.61,0.027,0.084,True
HC_05,healthy,3.31,0.18487,0.26219,0.93264,-0.922,0.338,0.704,True
HC_05,healthy,3.3200000000000003,0.20993,0.20512,0.92061,-0.129,0.495,0.344,True
HC_05,healthy,3.33,0.22143,0.23429,0.94716,0.174,-0.435,1.742,True
HC_05,healthy,3.34,0.23677,0.2021,0.94438,0.234,1.58,1.193,True
HC_05,healthy,3.35,0.20873,0.23545,0.92256,-0.664,0.248,-0.309,True
HC_05,healthy,3.36,0.19497,0.18444,0.93284,0.702,0.048,-0.919,True
HC_05,healthy,3.37,0.18217,0.22859,0.92028,0.968,-1.139,-0.013,True
HC_05,healthy,3.38,0.1703,0.22421,0.92064,-0.769,-0.916,-1.014,True
HC_05,healthy,3.39,0.15423,0.24771,0.93099,-0.172,-0.307,-0.539,True
HC_05,healthy,3.4,0.16499,0.22793,0.95473,0.482,-0.775,-1.126,True
HC_05,healthy,3.41,0.22096,0.22453,0.93855,-0.044,-0.727,0.51,True
HC_05,healthy,3.42,0.22191,0.23068,0.93666,-0.685,-0.445,2.135,True
HC_05,healthy,3.43,0.19746,0.22205,0.95323,0.097,-0.205,2.44,True
HC_05,healthy,3.44,0.22463,0.24519,0.95016,-0.487,-0.344,1.065,True
HC_05,healthy,3.45,0.19652,0.20569,0.93022,-0.317,1.622,-0.622,True
HC_05,healthy,3.46,0.16266,0.20562,0.93289,0.528,0.331,-1.278,True
HC_05,healthy,3.47,0.19293,0.23506,0.91552,0.798,-0.475,-2.261,True
HC_05,healthy,3.48,0.16675,0.20251,0.94399,0.519,-0.449,0.294,True
HC_05,healthy,3.49,0.18562,0.23099,0.9502,1.776,1.059,-0.325,True
HC_05,healthy,3.5,0.2121,0.23441,0.93938,0.086,-0.826,-0.837,True
HC_05,healthy,3.5100000000000002,0.20272,0.23797,0.92365,-0.166,-1.547,0.463,True
HC_05,healthy,3.52,0.20334,0.21212,0.94131,0.038,-0.128,0.362,True
HC_05,healthy,3.5300000000000002,0.20986,0.19103,0.91501,-0.35,-0.277,1.098,True
HC_05,healthy,3.54,0.18844,0.21924,0.91919,0.845,-1.194,0.605,True
HC_05,healthy,3.5500000000000003,0.19215,0.20104,0.92993,1.553,-1.549,-0.357,True
HC_05,healthy,3.56,0.15102,0.20242,0.92745,-0.543,0.742,-0.128,True
HC_05,healthy,3.5700000000000003,0.15171,0.1975,0.89985,-0.989,0.888,-1.619,True
HC_05,healthy,3.58,0.17283,0.21993,0.90144,0.801,1.281,-1.561,True
HC_05,healthy,3.59,0.1788,0.23915,0.92129,0.661,-0.511,-0.683,True
HC_05,healthy,3.6,0.19222,0.22755,0.91263,-0.246,1.045,0.072,True
HC_05,healthy,3.61,0.18946,0.22966,0.93567,0.834,-1.194,1.888,True
HC_05,healthy,3.62,0.21179,0.24188,0.91008,0.757,0.381,0.521,True
HC_05,healthy,3.63,0.21872,0.17617,0.91572,0.28,1.565,2.097,True
HC_05,healthy,3.64,0.2118,0.22105,0.93048,-0.226,-0.191,0.694,True
HC_05,healthy,3.65,0.19584,0.22015,0.92205,-1.348,0.563,-0.976,True
HC_05,healthy,3.66,0.15235,0.20412,0.9244,-0.587,0.514,-1.948,True
HC_05,healthy,3.67,0.16305,0.24471,0.95208,0.229,-0.607,-1.449,True
HC_05,healthy,3.68,0.20003,0.19725,0.91701,0.767,-0.276,-2.689,True
HC_05,healthy,3.69,0.19735,0.22435,0.93003,0.367,-0.74,-0.246,True
HC_05,healthy,3.7,0.19631,0.24343,0.95032,-1.513,0.726,-0.448,True
HC_05,healthy,3.71,0.2072,0.23264,0.94172,-0.841,-0.398,1.028,True
HC_05,healthy,3.72,0.19871,0.18921,0.92238,0.068,0.296,1.714,True
HC_05,healthy,3.73,0.1803,0.19125,0.92916,0.037,-1.336,1.932,True
HC_05,healthy,3.74,0.18206,0.19967,0.92911,-0.296,-0.687,1.0,True
HC_05,healthy,3.75,0.15756,0.19252,0.93643,-0.034,-0.332,-1.42,True
HC_05,healthy,3.7600000000000002,0.17187,0.21293,0.90794,1.157,0.51,-0.602,True
HC_05,healthy,3.77,0.17461,0.22621,0.92649,1.025,-1.602,-2.569,True
HC_05,healthy,3.7800000000000002,0.17812,0.21786,0.92323,0.425,-0.567,0.412,True
HC_05,healthy,3.79,0.1707,0.21732,0.93884,1.594,-1.097,-0.916,True
HC_05,healthy,3.8000000000000003,0.18341,0.23069,0.90415,-0.464,0.718,0.718,True
HC_05,healthy,3.81,0.18557,0.22204,0.91192,0.478,0.373,2.013,True
HC_05,healthy,3.8200000000000003,0.20232,0.23012,0.93427,0.172,0.251,0.412,True
HC_05,healthy,3.83,0.16105,0.18189,0.93812,-0.129,1.272,1.808,True
HC_05,healthy,3.84,0.20949,0.21718,0.92239,-0.001,-1.05,-0.675,True
HC_05,healthy,3.85,0.1502,0.18961,0.9585,-0.315,0.492,-1.546,True
HC_05,healthy,3.86,0.15538,0.22685,0.9389,0.453,0.085,-1.917,True
HC_05,healthy,3.87,0.16692,0.22328,0.95749,-0.629,-0.736,-0.217,True
HC_05,healthy,3.88,0.17549,0.23204,0.92938,-0.208,0.139,-0.455,True
HC_05,healthy,3.89,0.18668,0.22425,0.92053,0.997,0.655,-1.057,True
HC_05,healthy,3.9,0.18448,0.2131,0.9332,0.567,-0.635,-0.018,True
HC_05,healthy,3.91,0.19065,0.24036,0.92901,-0.128,-0.325,0.481,True
HC_05,healthy,3.92,0.19783,0.23379,0.93293,0.028,-0.124,1.753,True
HC_05,healthy,3.93,0.20515,0.20965,0.91481,-1.069,-1.665,0.479,True
HC_05,healthy,3.94,0.18723,0.21865,0.95244,0.19,0.777,0.627,True
HC_05,healthy,3.95,0.17019,0.18492,0.91707,-1.361,0.58,-0.007,True
HC_05,healthy,3.96,0.17721,0.20796,0.92458,-0.459,-0.159,-2.046,True
HC_05,healthy,3.97,0.16101,0.24351,0.92554,-1.289,0.274,-0.003,True
HC_05,healthy,3.98,0.17395,0.23483,0.94696,1.463,0.872,-0.407,True
HC_05,healthy,3.99,0.19542,0.23186,0.95575,-0.151,-0.498,-0.025,True
HC_05,healthy,4.0,0.22055,0.21824,0.93148,-0.521,0.549,1.923,True
HC_05,healthy,4.01,0.19622,0.19218,0.94481,-1.008,-0.617,2.337,True
HC_05,healthy,4.0200000000000005,0.17394,0.22417,0.90997,0.54,0.487,0.474,True
HC_05,healthy,4.03,0.17076,0.19802,0.91214,-0.1,0.301,1.012,True
HC_05,healthy,4.04,0.17072,0.20013,0.92501,0.579,-2.746,-1.177,True
HC_05,healthy,4.05,0.19791,0.20773,0.95335,0.787,0.891,-0.909,True
HC_05,healthy,4.0600000000000005,0.17005,0.21211,0.95315,0.156,-0.268,-0.637,True
HC_05,healthy,4.07,0.17836,0.23366,0.95514,-0.544,0.919,-1.174,True
HC_05,healthy,4.08,0.17667,0.23564,0.94365,-0.303,0.969,0.726,True
HC_05,healthy,4.09,0.19181,0.23238,0.96445,-0.138,-0.707,1.761,True
HC_05,healthy,4.1,0.20989,0.21343,0.94555,1.893,0.935,1.145,True
HC_05,healthy,4.11,0.18334,0.19966,0.94329,0.508,-0.801,1.912,True
HC_05,healthy,4.12,0.18989,0.17854,0.92656,0.804,-1.23,1.519,True
HC_05,healthy,4.13,0.16599,0.20205,0.93347,0.681,-0.528,0.297,True
HC_05,healthy,4.14,0.16329,0.22273,0.9184,0.346,0.478,-0.286,True
HC_05,healthy,4.15,0.17926,0.19247,0.9118,1.489,0.835,-2.619,True
HC_05,healthy,4.16,0.17587,0.20086,0.94237,0.111,0.969,0.178,True
HC_05,healthy,4.17,0.18623,0.21547,0.93507,0.078,0.695,-0.007,True
HC_05,healthy,4.18,0.17087,0.2253,0.9652,0.51,0.991,-1.008,True
HC_05,healthy,4.19,0.19679,0.22629,0.93354,1.343,0.292,2.093,True
HC_05,healthy,4.2,0.18138,0.19773,0.94757,-0.406,0.191,0.811,True
HC_05,healthy,4.21,0.1681,0.24885,0.92898,-0.436,-0.139,0.944,True
HC_05,healthy,4.22,0.18782,0.17401,0.91141,1.619,0.163,0.369,True
HC_05,healthy,4.23,0.14356,0.19564,0.94888,1.662,-1.405,0.344,True
HC_05,healthy,4.24,0.1481,0.20966,0.93757,-0.143,-1.603,-1.058,True
HC_05,healthy,4.25,0.15927,0.21852,0.93989,-0.725,-1.113,-1.004,True
HC_05,healthy,4.26,0.18225,0.22571,0.96054,-2.732,-0.092,-2.583,True
HC_05,healthy,4.2700000000000005,0.17034,0.24728,0.91117,0.821,-1.423,-0.377,True
HC_05,healthy,4.28,0.18039,0.21637,0.94202,-1.615,0.102,0.676,True
HC_05,healthy,4.29,0.17101,0.21469,0.942,1.156,-0.913,-0.659,True
HC_05,healthy,4.3,0.18325,0.21147,0.94277,-0.532,0.584,0.385,True
HC_05,healthy,4.3100000000000005,0.19595,0.19483,0.94831,-1.639,0.903,1.5,True
HC_05,healthy,4.32,0.17593,0.19165,0.92911,-1.805,-0.05,-0.625,True
HC_05,healthy,4.33,0.16147,0.19585,0.94295,-0.694,0.677,-2.291,True
HC_05,healthy,4.34,0.15961,0.21284,0.91833,-0.015,-1.971,-3.06,True
HC_05,healthy,4.3500000000000005,0.15121,0.20055,0.929,0.683,0.053,-1.417,True
HC_05,healthy,4.36,0.18872,0.20777,0.92581,-0.954,-0.365,-2.301,True
HC_05,healthy,4.37,0.16592,0.21233,0.9395,0.921,-0.486,-0.631,True
HC_05,healthy,4.38,0.20498,0.20602,0.94377,1.172,2.172,0.624,True
HC_05,healthy,4.39,0.16419,0.19791,0.95351,0.432,-0.712,1.235,True
HC_05,healthy,4.4,0.19685,0.18695,0.94075,1.478,-1.402,1.849,True
HC_05,healthy,4.41,0.20364,0.18869,0.9252,-0.679,1.604,0.023,True
HC_05,healthy,4.42,0.17019,0.19742,0.9483,-1.528,-0.279,1.595,True
HC_05,healthy,4.43,0.16077,0.17542,0.92178,0.439,-0.288,-0.695,True
HC_05,healthy,4.44,0.11941,0.21811,0.93296,1.158,-0.191,-0.307,True
HC_05,healthy,4.45,0.14911,0.19379,0.93463,1.818,-0.01,-2.58,True
HC_05,healthy,4.46,0.16575,0.21449,0.95567,-0.6,0.38,-0.266,True
HC_05,healthy,4.47,0.16232,0.19373,0.92695,-0.011,-0.729,0.622,True
HC_05,healthy,4.48,0.15755,0.21723,0.94824,0.505,0.888,0.544,True
HC_05,healthy,4.49,0.21065,0.22594,0.95667,0.712,0.979,1.659,True
HC_05,healthy,4.5,0.21892,0.19659,0.94105,-0.133,-0.489,0.596,True
HC_05,healthy,4.51,0.17269,0.16921,0.94597,0.138,0.012,1.34,True
HC_05,healthy,4.5200000000000005,0.16579,0.19161,0.95249,0.415,-0.275,-0.389,True
HC_05,healthy,4.53,0.156,0.21027,0.92285,1.255,-0.481,-0.953,True
HC_05,healthy,4.54,0.15752,0.2429,0.94389,1.19,0.131,-2.254,True
HC_05,healthy,4.55,0.13097,0.18459,0.92635,0.301,0.336,-1.394,True
HC_05,healthy,4.5600000000000005,0.16003,0.23041,0.92521,-0.195,-0.638,-0.242,True
HC_05,healthy,4.57,0.14526,0.20649,0.94487,-1.159,0.055,0.306,True
HC_05,healthy,4.58,0.1908,0.20831,0.95561,0.222,-0.204,1.071,True
HC_05,healthy,4.59,0.20328,0.20634,0.94068,1.929,0.347,2.906,True
HC_05,healthy,4.6000000000000005,0.17155,0.19872,0.93043,-0.015,0.652,1.842,True
HC_05,healthy,4.61,0.19796,0.19939,0.92578,-0.491,0.903,0.006,True
HC_05,healthy,4.62,0.16543,0.2058,0.9485,-0.204,-1.651,-0.179,True
HC_05,healthy,4.63,0.15758,0.20605,0.93708,-1.053,-1.602,-0.867,True
HC_05,healthy,4.64,0.1566,0.1958,0.94563,0.89,1.553,-2.056,True
HC_05,healthy,4.65,0.1545,0.21212,0.96036,1.743,0.194,-2.36,True
HC_05,healthy,4.66,0.16174,0.18922,0.97452,1.537,1.136,1.121,True
HC_05,healthy,4.67,0.18496,0.24271,0.94746,0.837,0.167,0.485,True
HC_05,healthy,4.68,0.1622,0.19813,0.9328,-0.102,-0.175,1.562,True
HC_05,healthy,4.69,0.16645,0.21734,0.94678,-1.549,1.963,2.121,True
HC_05,healthy,4.7,0.18179,0.18721,0.9702,0.491,-1.048,0.016,True
HC_05,healthy,4.71,0.14287,0.17845,0.94451,0.192,1.156,1.632,True
HC_05,healthy,4.72,0.15645,0.18049,0.94136,-1.27,1.345,-0.508,True
HC_05,healthy,4.73,0.15231,0.18219,0.93516,-0.162,-0.001,-1.15,True
HC_05,healthy,4.74,0.13606,0.20766,0.9434,-0.238,0.016,-1.225,True
HC_05,healthy,4.75,0.12703,0.23167,0.94064,-0.807,0.023,-2.053,True
HC_05,healthy,4.76,0.16153,0.24396,0.95177,0.567,1.497,-0.095,True
HC_05,healthy,4.7700000000000005,0.17464,0.19032,0.96889,0.761,0.621,0.516,True
HC_05,healthy,4.78,0.14852,0.19281,0.94649,1.287,-0.113,1.611,True
HC_05,healthy,4.79,0.17054,0.18693,0.94189,-0.218,-0.05,1.892,True
HC_05,healthy,4.8,0.16612,0.18145,0.95333,-0.77,0.193,0.188,True
HC_05,healthy,4.8100000000000005,0.15674,0.1936,0.93786,-0.868,-0.445,0.07,True
HC_05,healthy,4.82,0.16166,0.18881,0.92601,-0.238,-0.092,-0.139,True
HC_05,healthy,4.83,0.16649,0.18869,0.95842,-1.233,-0.361,-2.856,True
HC_05,healthy,4.84,0.15138,0.23573,0.93164,-0.885,-1.013,-2.543,True
HC_05,healthy,4.8500000000000005,0.15395,0.20871,0.96034,1.003,-0.079,-0.996,True
HC_05,healthy,4.86,0.14082,0.25278,0.94424,0.696,0.763,-0.045,True
HC_05,healthy,4.87,0.17316,0.21474,0.94325,0.854,-1.584,0.549,True
HC_05,healthy,4.88,0.14721,0.21543,0.92242,1.841,-0.997,2.521,True
HC_05,healthy,4.89,0.18983,0.18649,0.9542,-1.71,-0.945,1.68,True
HC_05,healthy,4.9,0.16181,0.16915,0.9534,0.191,-0.761,1.279,True
HC_05,healthy,4.91,0.14812,0.20182,0.96194,-0.859,0.454,-0.849,True
HC_05,healthy,4.92,0.14563,0.19866,0.94149,0.359,-1.012,-1.202,True
HC_05,healthy,4.93,0.12935,0.19647,0.96174,0.026,0.517,-1.196,True
HC_05,healthy,4.94,0.14628,0.22624,0.95064,-0.42,0.544,-1.652,True
HC_05,healthy,4.95,0.14896,0.21042,0.94153,-1.057,0.034,-1.782,True
HC_05,healthy,4.96,0.12393,0.21585,0.9635,0.07,-1.75,1.133,True
HC_05,healthy,4.97,0.18427,0.20844,0.93843,1.019,-0.23,0.18,True
HC_05,healthy,4.98,0.15611,0.19334,0.94598,0.244,0.637,0.411,True
HC_05,healthy,4.99,0.18018,0.21282,0.96304,-0.136,-0.554,1.494,True
HC_05,healthy,5.0,0.17417,0.17921,0.96889,0.398,-0.046,-0.396,True
HC_05,healthy,5.01,0.15393,0.19141,0.95572,1.154,-0.47,-1.683,True
HC_05,healthy,5.0200000000000005,0.12491,0.18708,0.96998,0.754,-1.939,-1.049,True
HC_05,healthy,5.03,0.1324,0.2251,0.95045,0.621,-0.707,-1.784,True
HC_05,healthy,5.04,0.15222,0.19931,0.9578,0.419,-0.72,-1.826,True
HC_05,healthy,5.05,0.1393,0.19861,0.94628,0.393,1.911,-0.603,True
HC_05,healthy,5.0600000000000005,0.17092,0.21826,0.95971,0.145,0.822,1.326,True
HC_05,healthy,5.07,0.14912,0.20926,0.96632,0.331,0.465,1.696,True
HC_05,healthy,5.08,0.14173,0.18809,0.92687,0.248,-0.579,0.929,True
HC_05,healthy,5.09,0.17414,0.19428,0.92754,0.154,-1.595,1.282,True
HC_05,healthy,5.1000000000000005,0.1381,0.1803,0.95866,0.127,-0.712,0.504,True
HC_05,healthy,5.11,0.1353,0.19756,0.97514,-0.543,-1.126,-1.573,True
HC_05,healthy,5.12,0.12203,0.18619,0.96526,0.528,-0.346,-0.98,True
HC_05,healthy,5.13,0.15695,0.2179,0.95313,1.849,-0.191,-2.198,True
HC_05,healthy,5.14,0.12938,0.21196,0.97924,0.414,-0.857,-0.823,True
HC_05,healthy,5.15,0.15749,0.22572,0.93568,0.41,0.459,0.761,True
HC_05,healthy,5.16,0.13435,0.18238,0.93674,-1.384,0.978,-0.983,True
HC_05,healthy,5.17,0.16161,0.20994,0.97688,1.618,0.45,0.967,True
HC_05,healthy,5.18,0.14225,0.185,0.96009,-0.152,-0.53,0.921,True
HC_05,healthy,5.19,0.13183,0.16826,0.9648,-0.109,0.913,0.965,True
HC_05,healthy,5.2,0.17819,0.18698,0.96902,-0.871,0.452,0.404,True
HC_05,healthy,5.21,0.14172,0.15483,0.93666,0.172,-0.338,-1.683,True
HC_05,healthy,5.22,0.11476,0.18047,0.94912,0.648,0.26,-1.314,True
HC_05,healthy,5.23,0.16048,0.18776,0.95229,0.28,-0.511,-1.945,True
HC_05,healthy,5.24,0.11323,0.18493,0.95865,-0.927,1.062,-1.59,True
HC_05,healthy,5.25,0.15135,0.20027,0.95689,0.565,-0.132,1.876,True
HC_05,healthy,5.26,0.16405,0.18756,0.94291,0.078,-0.222,0.721,True
HC_05,healthy,5.2700000000000005,0.14595,0.21881,0.9708,1.068,0.318,0.835,True
HC_05,healthy,5.28,0.18123,0.19617,0.9652,-0.593,0.113,0.314,True
HC_05,healthy,5.29,0.11816,0.1932,0.92124,-1.193,-0.366,1.508,True
HC_05,healthy,5.3,0.15918,0.19969,0.93671,-0.6,-0.049,0.996,True
HC_05,healthy,5.3100000000000005,0.13328,0.19306,0.9335,-0.313,-0.592,0.004,True
HC_05,healthy,5.32,0.11474,0.20426,0.92183,1.155,-1.467,-1.885,True
HC_05,healthy,5.33,0.14155,0.21429,0.94704,0.879,0.423,0.482,True
HC_05,healthy,5.34,0.13687,0.23461,0.95279,0.369,0.34,-0.017,True
HC_05,healthy,5.3500000000000005,0.15266,0.1883,0.94976,-1.05,-0.483,-0.011,True
HC_05,healthy,5.36,0.13592,0.17295,0.96338,-0.651,-1.062,1.51,True
HC_05,healthy,5.37,0.15813,0.16998,0.94582,-1.01,-0.031,1.085,True
HC_05,healthy,5.38,0.14808,0.17788,0.95428,0.166,0.846,2.618,True
HC_05,healthy,5.39,0.14536,0.17853,0.96295,-0.378,0.089,0.88,True
HC_05,healthy,5.4,0.13764,0.17247,0.94576,-0.979,0.321,0.151,True
HC_05,healthy,5.41,0.11356,0.17712,0.96099,-0.88,-0.369,-0.71,True
HC_05,healthy,5.42,0.12385,0.1767,0.9571,0.338,1.519,-2.655,True
HC_05,healthy,5.43,0.12694,0.17329,0.94033,-0.086,-0.438,-2.563,True
HC_05,healthy,5.44,0.15392,0.23034,0.97448,0.088,1.774,0.284,True
HC_05,healthy,5.45,0.12942,0.19789,0.95556,0.453,-1.421,1.362,True
HC_05,healthy,5.46,0.16723,0.20083,0.96349,0.632,-0.057,1.368,True
HC_05,healthy,5.47,0.16225,0.18561,0.94472,0.197,0.017,1.73,True
HC_05,healthy,5.48,0.1498,0.1873,0.95362,-0.912,-0.621,0.543,True
HC_05,healthy,5.49,0.13863,0.15722,0.94051,-0.536,0.877,-0.108,True
HC_05,healthy,5.5,0.15183,0.18284,0.95221,1.705,1.166,0.331,True
HC_05,healthy,5.51,0.12799,0.19599,0.97448,0.89,0.371,-1.48,True
HC_05,healthy,5.5200000000000005,0.11289,0.19514,0.9604,0.469,0.764,-2.052,True
HC_05,healthy,5.53,0.12212,0.19523,0.94666,0.004,1.513,0.072,True
HC_05,healthy,5.54,0.14656,0.20217,0.95658,-0.326,-0.109,0.196,True
HC_05,healthy,5.55,0.13021,0.19129,0.96934,1.005,-0.226,0.422,True
HC_05,healthy,5.5600000000000005,0.15281,0.21423,0.95897,0.818,-1.183,0.353,True
HC_05,healthy,5.57,0.16367,0.17322,0.95629,0.739,0.172,1.715,True
HC_05,healthy,5.58,0.14508,0.17444,0.95664,-0.292,-0.646,0.969,True
HC_05,healthy,5.59,0.13493,0.1749,0.9561,-0.488,-0.649,-0.54,True
HC_05,healthy,5.6000000000000005,0.13859,0.18835,0.95452,-0.544,0.24,-0.188,True
HC_05,healthy,5.61,0.12584,0.19182,0.97879,-0.487,-0.36,-1.072,True
HC_05,healthy,5.62,0.10889,0.18848,0.9694,0.022,-0.388,-1.637,True
HC_05,healthy,5.63,0.1259,0.19795,0.96166,-0.149,0.575,0.136,True
HC_05,healthy,5.64,0.14335,0.20249,0.95585,-0.509,-0.741,-0.273,True
HC_05,healthy,5.65,0.14646,0.20833,0.96825,-0.143,-0.021,2.456,True
HC_05,healthy,5.66,0.12895,0.20456,0.96012,-0.101,-0.676,1.653,True
HC_05,healthy,5.67,0.13286,0.17123,0.96257,-0.146,0.093,1.519,True
HC_05,healthy,5.68,0.13574,0.19311,0.9831,0.443,0.706,0.377,True
HC_05,healthy,5.69,0.11718,0.14877,0.95183,0.492,0.485,-1.672,True
HC_05,healthy,5.7,0.08559,0.19583,0.95552,0.802,-0.377,-2.838,True
HC_05,healthy,5.71,0.09838,0.1892,0.93701,-0.763,0.039,-0.866,True
HC_05,healthy,5.72,0.1126,0.19354,0.95736,-0.836,-0.005,-0.743,True
HC_05,healthy,5.73,0.11084,0.20455,0.97776,-0.483,0.133,0.214,True
HC_05,healthy,5.74,0.14343,0.15738,0.95357,-0.967,-1.421,0.387,True
HC_05,healthy,5.75,0.10524,0.22197,0.96528,0.888,0.21,2.14,True
HC_05,healthy,5.76,0.15657,0.20528,0.96946,0.387,0.381,1.169,True
HC_05,healthy,5.7700000000000005,0.14728,0.15605,0.95516,0.884,-0.07,0.66,True
HC_05,healthy,5.78,0.14038,0.18116,0.97375,-0.705,0.335,3.588,True
HC_05,healthy,5.79,0.10129,0.15241,0.95367,-0.066,0.546,-1.563,True
HC_05,healthy,5.8,0.12224,0.16653,0.9955,-0.893,-0.419,-0.25,True
HC_05,healthy,5.8100000000000005,0.11066,0.18314,0.95269,-0.308,-0.366,-3.247,True
HC_05,healthy,5.82,0.1135,0.20829,0.94454,0.698,-1.51,-2.129,True
HC_05,healthy,5.83,0.11561,0.1976,0.96573,-0.14,0.011,-0.801,True
HC_05,healthy,5.84,0.12715,0.21579,0.97388,-0.6,0.266,-0.164,True
HC_05,healthy,5.8500000000000005,0.14363,0.21376,0.94173,-0.09,-0.745,1.33,True
HC_05,healthy,5.86,0.15915,0.19792,0.9316,-0.238,0.059,2.246,True
HC_05,healthy,5.87,0.13785,0.1707,0.96581,-0.317,1.392,0.782,True
HC_05,healthy,5.88,0.08954,0.18944,0.97331,-0.988,0.3,0.815,True
HC_05,healthy,5.89,0.1218,0.2061,0.94947,0.092,0.721,-1.18,True
HC_05,healthy,5.9,0.0941,0.18203,0.94044,-1.678,-0.528,-1.245,True
HC_05,healthy,5.91,0.13551,0.17403,0.95167,0.314,0.759,-0.781,True
HC_05,healthy,5.92,0.12511,0.22054,0.96243,0.524,-0.99,-0.489,True
HC_05,healthy,5.93,0.11954,0.2234,0.9753,0.087,0.49,1.694,True
HC_05,healthy,5.94,0.14863,0.17025,0.97307,-0.191,0.102,0.866,True
HC_05,healthy,5.95,0.13641,0.17994,0.97681,0.05,0.425,1.045,True
HC_05,healthy,5.96,0.11602,0.16786,0.96386,-0.953,-0.548,1.26,True
HC_05,healthy,5.97,0.12438,0.14694,0.96065,-0.252,0.062,0.797,True
HC_05,healthy,5.98,0.11728,0.16246,0.97005,-1.155,1.685,0.931,True
HC_05,healthy,5.99,0.08682,0.17656,0.94368,-1.413,-2.236,0.076,True
HC_05,healthy,6.0,0.10063,0.16114,0.95397,-0.405,-0.604,-0.747,True
HC_05,healthy,6.01,0.11238,0.19818,0.98027,-0.63,0.235,-1.434,True
HC_05,healthy,6.0200000000000005,0.11947,0.18002,0.97358,-0.401,-0.465,0.291,True
HC_05,healthy,6.03,0.11823,0.23781,0.97992,-0.478,-0.306,-0.27,True
HC_05,healthy,6.04,0.12122,0.2082,0.96969,-0.975,0.549,1.716,True
HC_05,healthy,6.05,0.11929,0.21043,0.97907,0.172,0.277,1.682,True
HC_05,healthy,6.0600000000000005,0.1139,0.17582,0.93672,-0.1,-0.546,0.842,True
HC_05,healthy,6.07,0.11228,0.16822,0.9787,-0.588,0.126,-0.358,True
HC_05,healthy,6.08,0.10997,0.16973,0.9975,0.984,-0.608,-0.866,True
HC_05,healthy,6.09,0.10581,0.17706,0.96986,0.019,0.246,-1.71,True
HC_05,healthy,6.1000000000000005,0.12132,0.18093,0.97377,-0.61,-1.194,-1.2,True
HC_05,healthy,6.11,0.10086,0.18677,0.9659,0.154,-0.022,-0.766,True
HC_05,healthy,6.12,0.12586,0.2023,0.96346,-0.176,0.444,-1.956,True
HC_05,healthy,6.13,0.10689,0.19426,0.96214,-1.042,0.306,1.003,True
HC_05,healthy,6.140000000000001,0.12649,0.19019,0.96467,-1.016,0.439,0.232,True
HC_05,healthy,6.15,0.15604,0.18918,0.97729,0.361,0.782,2.074,True
HC_05,healthy,6.16,0.153,0.13673,0.96698,-0.261,-0.486,0.982,True
HC_05,healthy,6.17,0.10368,0.16051,0.95712,-1.073,0.574,-0.226,True
HC_05,healthy,6.18,0.11209,0.18192,0.96825,0.195,-0.107,-0.75,True
HC_05,healthy,6.19,0.09489,0.17281,0.98509,-0.046,-0.044,-0.824,True
HC_05,healthy,6.2,0.09599,0.17973,0.95713,-0.363,-0.203,-2.055,True
HC_05,healthy,6.21,0.11294,0.20218,0.94975,0.385,-0.181,-0.172,True
HC_05,healthy,6.22,0.12153,0.18636,0.98243,-0.104,-0.204,-0.273,True
HC_05,healthy,6.23,0.12767,0.17714,0.94694,-0.413,-0.511,0.58,True
HC_05,healthy,6.24,0.13653,0.17951,0.95986,-0.975,0.283,2.52,True
HC_05,healthy,6.25,0.12269,0.16863,0.97011,0.539,0.846,1.364,True
HC_05,healthy,6.26,0.14504,0.14302,0.9576,0.882,0.669,1.483,True
HC_05,healthy,6.2700000000000005,0.10858,0.17386,0.93988,1.623,0.563,-0.695,True
HC_05,healthy,6.28,0.13467,0.15059,0.97491,-0.575,-0.334,-2.425,True
HC_05,healthy,6.29,0.11037,0.19585,0.95182,-0.027,-1.117,-1.822,True
HC_05,healthy,6.3,0.08621,0.19144,0.96793,-1.529,-0.16,-2.656,True
HC_05,healthy,6.3100000000000005,0.11774,0.19838,0.96989,0.91,0.74,-1.481,True
HC_05,healthy,6.32,0.09661,0.18225,0.9437,1.709,0.029,1.615,True
HC_05,healthy,6.33,0.0991,0.18186,0.97521,-2.208,0.683,2.078,True
HC_05,healthy,6.34,0.11357,0.17249,0.97454,-0.4,1.326,0.618,True
HC_05,healthy,6.3500000000000005,0.12409,0.20684,0.95781,0.439,-0.599,2.484,True
HC_05,healthy,6.36,0.09665,0.16709,0.96937,-0.65,0.632,1.209,True
HC_05,healthy,6.37,0.12704,0.17758,0.9672,-0.367,-0.242,-0.386,True
HC_05,healthy,6.38,0.10177,0.15769,0.97528,0.927,-0.899,-1.445,True
HC_05,healthy,6.390000000000001,0.08653,0.16741,0.92984,-0.478,0.58,-1.651,True
HC_05,healthy,6.4,0.09114,0.15934,0.96282,1.182,0.967,-1.797,True
HC_05,healthy,6.41,0.11952,0.19101,0.97419,-0.326,-0.225,-0.444,True
HC_05,healthy,6.42,0.09585,0.16608,0.95334,-0.527,0.235,0.293,True
HC_05,healthy,6.43,0.11397,0.17254,0.98854,0.395,1.263,1.814,True
HC_05,healthy,6.44,0.13009,0.18087,0.9866,0.284,1.176,1.546,True
HC_05,healthy,6.45,0.10733,0.1689,0.9768,-0.638,-0.411,0.998,True
HC_05,healthy,6.46,0.08409,0.18046,0.96635,-0.027,0.399,-0.039,True
HC_05,healthy,6.47,0.10838,0.15176,0.97028,0.151,-1.86,-0.374,True
HC_05,healthy,6.48,0.12946,0.1667,0.97402,-0.313,0.994,-2.581,True
HC_05,healthy,6.49,0.09248,0.17906,0.98244,-0.184,0.446,-1.469,True
HC_05,healthy,6.5,0.11484,0.20578,0.95609,-0.51,0.92,0.107,True
HC_05,healthy,6.51,0.11245,0.17303,0.97682,0.322,0.126,-0.468,True
HC_05,healthy,6.5200000000000005,0.11726,0.17257,0.96883,0.407,-0.821,1.569,True
HC_05,healthy,6.53,0.12499,0.18044,0.95125,-0.55,-0.72,1.85,True
HC_05,healthy,6.54,0.10609,0.18756,0.96608,0.073,-0.844,1.97,True
HC_05,healthy,6.55,0.10559,0.209,0.93091,-0.085,0.765,1.221,True
HC_05,healthy,6.5600000000000005,0.10795,0.1699,0.99006,-0.382,0.291,-0.956,True
HC_05,healthy,6.57,0.0854,0.18204,0.96895,-0.316,-0.82,-0.379,True
HC_05,healthy,6.58,0.08767,0.18605,0.987,0.065,-0.089,0.065,True
HC_05,healthy,6.59,0.09604,0.17639,0.96463,-0.152,-0.15,-0.92,True
HC_05,healthy,6.6000000000000005,0.10697,0.17161,0.98131,0.203,1.846,-0.918,True
HC_05,healthy,6.61,0.11498,0.19522,0.97925,-0.525,-1.634,0.064,True
HC_05,healthy,6.62,0.12196,0.17447,0.95908,-0.521,-0.109,1.06,True
HC_05,healthy,6.63,0.13857,0.17368,0.98194,0.746,0.321,1.021,True
HC_05,healthy,6.640000000000001,0.13026,0.17312,0.97558,1.273,1.688,1.167,True
HC_05,healthy,6.65,0.12028,0.17555,0.98922,-1.22,-2.388,0.627,True
HC_05,healthy,6.66,0.12543,0.17573,0.97816,-0.347,0.819,0.256,True
HC_05,healthy,6.67,0.10585,0.15007,0.95252,-0.76,1.783,-1.559,True
HC_05,healthy,6.68,0.10541,0.17976,0.95132,0.009,1.939,-1.569,True
HC_05,healthy,6.69,0.08757,0.20194,0.96565,-0.159,-0.274,-1.467,True
HC_05,healthy,6.7,0.11462,0.18806,0.95152,1.079,0.29,-1.21,True
HC_05,healthy,6.71,0.11853,0.17618,0.98028,1.254,-0.519,0.383,True
HC_05,healthy,6.72,0.1338,0.20155,0.96048,0.964,-1.166,1.119,True
HC_05,healthy,6.73,0.12929,0.19984,0.9634,-0.43,0.37,1.482,True
HC_05,healthy,6.74,0.09868,0.15337,0.97818,0.092,-1.706,0.767,True
HC_05,healthy,6.75,0.08419,0.15783,0.96007,-0.374,0.025,0.699,True
HC_05,healthy,6.76,0.12748,0.16979,0.95735,-0.035,1.104,0.532,True
HC_05,healthy,6.7700000000000005,0.10493,0.18474,1.00225,-0.546,1.604,-0.068,True
HC_05,healthy,6.78,0.09169,0.16802,0.96033,0.15,-1.929,-2.342,True
HC_05,healthy,6.79,0.09434,0.22428,0.96507,0.21,-0.595,-0.919,True
HC_05,healthy,6.8,0.10893,0.17509,0.98263,-0.575,1.265,-0.905,True
HC_05,healthy,6.8100000000000005,0.12924,0.18229,0.98751,-0.164,1.066,-1.063,True
HC_05,healthy,6.82,0.12064,0.20033,0.99248,-0.103,1.87,1.345,True
HC_05,healthy,6.83,0.12877,0.17857,0.96675,1.778,0.787,1.009,True
HC_05,healthy,6.84,0.10301,0.18975,1.00333,0.95,0.105,1.596,True
HC_05,healthy,6.8500000000000005,0.09444,0.15688,0.97216,0.135,-0.988,-1.101,True
HC_05,healthy,6.86,0.09122,0.17619,0.97496,1.208,0.888,-1.211,True
HC_05,healthy,6.87,0.08698,0.17766,0.99187,-0.381,0.862,-1.67,True
HC_05,healthy,6.88,0.09043,0.17959,0.97514,0.144,0.983,-1.254,True
HC_05,healthy,6.890000000000001,0.12712,0.20197,0.97739,0.437,-0.014,-1.991,True
HC_05,healthy,6.9,0.11243,0.19474,0.96368,0.2,-0.691,0.791,True
HC_05,healthy,6.91,0.1166,0.20016,0.9956,-0.752,0.486,2.443,True
HC_05,healthy,6.92,0.1284,0.17817,0.968,1.508,-0.264,0.917,True
HC_05,healthy,6.93,0.11251,0.1726,0.95438,0.397,0.47,0.934,True
HC_05,healthy,6.94,0.08763,0.19265,0.97206,-0.576,-0.751,2.704,True
HC_05,healthy,6.95,0.11315,0.1685,0.95856,0.518,-0.923,-0.696,True
HC_05,healthy,6.96,0.11627,0.1957,0.97478,0.942,0.528,-0.452,True
HC_05,healthy,6.97,0.08247,0.18267,0.97158,-1.658,1.176,-1.375,True
HC_05,healthy,6.98,0.07984,0.19682,0.97808,0.714,1.155,-0.329,True
HC_05,healthy,6.99,0.10488,0.18012,0.98431,-1.439,-0.293,-1.24,True
HC_05,healthy,7.0,0.09075,0.20798,0.95228,-0.69,-0.166,1.785,True
HC_05,healthy,7.01,0.097,0.18157,0.99552,2.031,1.229,1.524,True
HC_05,healthy,7.0200000000000005,0.08782,0.17179,0.93469,0.519,-0.153,2.059,True
HC_05,healthy,7.03,0.09686,0.17009,0.99125,0.412,-0.246,1.249,True
HC_05,healthy,7.04,0.11011,0.16458,0.95559,-0.066,0.547,1.932,True
HC_05,healthy,7.05,0.08376,0.1534,0.97501,-0.434,-0.375,0.419,True
HC_05,healthy,7.0600000000000005,0.1054,0.14523,0.94878,0.326,-0.078,-1.591,True
HC_05,healthy,7.07,0.10594,0.18002,0.98259,-0.528,-0.96,-2.501,True
HC_05,healthy,7.08,0.08953,0.16818,0.96763,-0.057,0.914,-1.937,True
HC_05,healthy,7.09,0.10059,0.19922,0.94479,-0.217,1.307,-0.497,True
HC_05,healthy,7.1000000000000005,0.11943,0.18701,0.98236,-0.8,1.441,0.134,True
HC_05,healthy,7.11,0.13785,0.23036,0.96169,0.402,0.056,1.004,True
HC_05,healthy,7.12,0.13918,0.17768,0.99364,-2.102,0.64,2.106,True
HC_05,healthy,7.13,0.10228,0.13267,0.94163,-0.146,1.042,1.18,True
HC_05,healthy,7.140000000000001,0.09452,0.18006,0.95547,-1.053,-0.401,-0.063,True
HC_05,healthy,7.15,0.08271,0.17651,0.97004,-0.777,1.069,-1.957,True
HC_05,healthy,7.16,0.07024,0.15884,0.98458,-0.424,-0.232,-0.235,True
HC_05,healthy,7.17,0.07245,0.17931,0.98854,0.31,-0.918,-2.528,True
HC_05,healthy,7.18,0.0856,0.19274,0.97682,-0.366,0.497,-0.338,True
HC_05,healthy,7.19,0.12669,0.18721,0.94604,1.68,-0.004,0.4,True
HC_05,healthy,7.2,0.12263,0.19348,0.97716,0.758,-1.93,1.767,True
HC_05,healthy,7.21,0.08663,0.14663,0.95579,-0.315,1.508,0.697,True
HC_05,healthy,7.22,0.13076,0.18076,0.97687,0.033,-0.726,1.273,True
HC_05,healthy,7.23,0.08669,0.17282,0.98332,0.026,-1.23,1.45,True
HC_05,healthy,7.24,0.08318,0.15298,0.97047,0.42,-0.596,0.526,True
HC_05,healthy,7.25,0.10117,0.14838,0.97312,-0.207,1.498,-0.814,True
HC_05,healthy,7.26,0.1141,0.18435,0.96997,0.562,1.113,-1.747,True
HC_05,healthy,7.2700000000000005,0.0761,0.16913,0.99851,-0.021,0.178,-0.777,True
HC_05,healthy,7.28,0.1114,0.21846,0.97219,0.011,0.429,-0.961,True
HC_05,healthy,7.29,0.08409,0.19593,1.00214,1.095,-0.303,-0.285,True
HC_05,healthy,7.3,0.1127,0.1906,0.97778,0.349,-1.374,-0.414,True
HC_05,healthy,7.3100000000000005,0.12293,0.17684,0.98331,0.53,-0.205,1.227,True
HC_05,healthy,7.32,0.12774,0.16445,0.97308,2.137,0.935,2.056,True
HC_05,healthy,7.33,0.14019,0.18693,0.96793,-0.978,0.274,0.654,True
HC_05,healthy,7.34,0.09017,0.135,0.99776,0.809,-0.096,0.851,True
HC_05,healthy,7.3500000000000005,0.07101,0.17307,0.96817,0.288,-0.085,-2.084,True
HC_05,healthy,7.36,0.08531,0.15043,0.99958,-0.009,-0.821,-1.298,True
HC_05,healthy,7.37,0.10011,0.18632,0.99073,1.438,-0.005,-0.778,True
HC_05,healthy,7.38,0.11461,0.22744,0.98195,0.109,-0.284,-1.08,True
HC_05,healthy,7.390000000000001,0.07126,0.18385,0.97905,1.308,0.446,1.737,True
HC_05,healthy,7.4,0.12448,0.21085,0.95194,-0.357,-0.687,1.418,True
HC_05,healthy,7.41,0.11424,0.18912,0.96549,0.01,-0.713,1.732,True
HC_05,healthy,7.42,0.09182,0.16693,0.97486,0.052,-0.481,0.114,True
HC_05,healthy,7.43,0.09913,0.14763,0.97639,0.817,0.601,-0.539,True
HC_05,healthy,7.44,0.08922,0.16293,0.97966,0.219,-0.427,-1.053,True
HC_05,healthy,7.45,0.1006,0.15451,0.98869,0.801,-0.098,-2.324,True
HC_05,healthy,7.46,0.10157,0.18052,0.97347,0.577,-1.52,-1.336,True
HC_05,healthy,7.47,0.10066,0.18138,0.9435,-0.78,0.317,-0.005,True
HC_05,healthy,7.48,0.09888,0.19877,0.97762,1.04,0.245,-0.471,True
HC_05,healthy,7.49,0.11384,0.20039,0.96543,0.556,-0.672,0.391,True
HC_05,healthy,7.5,0.12425,0.17696,0.95489,0.013,-0.211,0.062,True
HC_05,healthy,7.51,0.11815,0.17629,0.99883,0.132,-0.761,2.207,True
HC_05,healthy,7.5200000000000005,0.09633,0.17889,0.96655,0.093,0.826,0.194,True
HC_05,healthy,7.53,0.09603,0.16272,0.98506,-0.131,-0.818,0.086,True
HC_05,healthy,7.54,0.10443,0.17735,0.99352,-1.028,0.009,-1.015,True
HC_05,healthy,7.55,0.07974,0.18864,0.98059,-1.478,0.317,-1.618,True
HC_05,healthy,7.5600000000000005,0.07421,0.17973,0.93843,-0.239,0.007,-2.263,True
HC_05,healthy,7.57,0.07277,0.20997,0.96855,0.304,1.739,-0.912,True
HC_05,healthy,7.58,0.12452,0.19889,0.97207,1.384,0.891,-0.478,True
HC_05,healthy,7.59,0.11795,0.17889,0.97011,-0.581,0.391,1.369,True
HC_05,healthy,7.6000000000000005,0.11382,0.19764,0.97502,1.029,0.605,1.968,True
HC_05,healthy,7.61,0.09257,0.1839,0.95895,0.922,-0.099,2.597,True
HC_05,healthy,7.62,0.12146,0.15458,0.97318,-0.653,0.608,0.333,True
HC_05,healthy,7.63,0.10088,0.15673,0.96149,0.321,0.966,-1.022,True
HC_05,healthy,7.640000000000001,0.08543,0.18434,0.97543,0.006,1.781,-0.5,True
HC_05,healthy,7.65,0.08751,0.16067,0.97037,-0.586,0.338,-1.912,True
HC_05,healthy,7.66,0.08602,0.19404,0.96558,-0.843,0.346,-1.433,True
HC_05,healthy,7.67,0.11384,0.16301,0.97668,-0.101,-1.177,-0.526,True
HC_05,healthy,7.68,0.10217,0.16699,0.96006,0.474,0.628,0.01,True
HC_05,healthy,7.69,0.11085,0.18957,0.98951,-0.088,0.385,0.925,True
HC_05,healthy,7.7,0.09376,0.17969,0.97535,-0.634,-0.498,2.362,True
HC_05,healthy,7.71,0.11939,0.1792,1.00102,0.086,0.419,1.303,True
HC_05,healthy,7.72,0.11341,0.12922,0.96409,-0.742,0.949,0.062,True
HC_05,healthy,7.73,0.08329,0.17447,0.98948,-0.89,-0.453,-0.36,True
HC_05,healthy,7.74,0.0983,0.14654,0.99308,-0.244,-0.487,-0.212,True
HC_05,healthy,7.75,0.07407,0.15865,1.00008,-1.361,0.958,-0.905,True
HC_05,healthy,7.76,0.06652,0.19372,1.00564,-0.048,-1.265,-0.801,True
HC_05,healthy,7.7700000000000005,0.10696,0.18954,0.98106,-0.52,-1.519,-0.447,True
HC_05,healthy,7.78,0.11015,0.17433,0.98822,1.182,-0.642,0.782,True
HC_05,healthy,7.79,0.12143,0.19854,0.94557,-1.552,0.093,1.724,True
HC_05,healthy,7.8,0.10647,0.18339,0.95416,0.269,-0.743,2.49,True
HC_05,healthy,7.8100000000000005,0.1261,0.18965,0.97257,-0.107,0.856,1.416,True
HC_05,healthy,7.82,0.10699,0.17263,0.97096,0.212,2.051,0.053,True
HC_05,healthy,7.83,0.09839,0.14247,0.97607,1.09,-0.211,-1.606,True
HC_05,healthy,7.84,0.08234,0.15285,0.97443,-1.995,-0.02,-2.499,True
HC_05,healthy,7.8500000000000005,0.09591,0.16679,0.9537,0.246,-1.748,-2.22,True
HC_05,healthy,7.86,0.089,0.20318,0.96607,1.121,0.154,-2.335,True
HC_05,healthy,7.87,0.09518,0.17505,1.00622,-0.935,0.163,1.015,True
HC_05,healthy,7.88,0.10288,0.17645,0.97659,-0.253,-0.991,0.108,True
HC_05,healthy,7.890000000000001,0.11481,0.19039,0.9757,-0.114,0.101,1.183,True
HC_05,healthy,7.9,0.10899,0.18507,0.97536,1.051,-0.642,1.372,True
HC_05,healthy,7.91,0.1097,0.15847,0.96544,0.995,-1.25,1.904,True
HC_05,healthy,7.92,0.11334,0.17301,0.98869,0.438,-0.026,0.197,True
HC_05,healthy,7.930000000000001,0.10889,0.14163,0.98821,-0.788,0.348,-0.662,True
HC_05,healthy,7.94,0.08107,0.19706,0.9848,-1.185,-0.106,-2.145,True
HC_05,healthy,7.95,0.08824,0.20458,0.9843,-0.517,-1.487,-2.349,True
HC_05,healthy,7.96,0.08202,0.18566,0.97554,0.378,2.01,-1.823,True
HC_05,healthy,7.97,0.10331,0.21038,0.99207,0.143,-1.291,-0.939,True
HC_05,healthy,7.98,0.08517,0.18414,0.93876,0.909,0.059,0.661,True
HC_05,healthy,7.99,0.11589,0.20264,0.95684,-0.404,1.539,1.908,True
HC_05,healthy,8.0,0.10335,0.16952,0.95096,0.067,0.092,0.457,True
HC_05,healthy,8.01,0.11905,0.15377,0.96999,-0.424,-0.077,0.48,True
HC_05,healthy,8.02,0.0939,0.15923,0.98626,-0.363,-0.847,-0.587,True
HC_05,healthy,8.03,0.08873,0.15827,0.97695,-0.683,-0.901,-1.25,True
HC_05,healthy,8.040000000000001,0.08736,0.1769,0.98821,-0.538,0.27,-2.149,True
HC_05,healthy,8.05,0.10441,0.18773,0.96934,0.867,-0.371,-1.869,True
HC_05,healthy,8.06,0.07015,0.18575,0.94985,-1.583,-0.584,-2.117,True
HC_05,healthy,8.07,0.11616,0.19826,0.9682,-0.61,0.659,0.497,True
HC_05,healthy,8.08,0.11337,0.17874,0.98801,-1.352,0.315,-0.465,True
HC_05,healthy,8.09,0.11033,0.15778,0.98182,0.615,-0.48,2.42,True
HC_05,healthy,8.1,0.11044,0.17341,0.9562,-0.237,0.243,1.303,True
HC_05,healthy,8.11,0.10834,0.16239,0.95328,0.047,0.105,1.65,True
HC_05,healthy,8.120000000000001,0.10765,0.18061,0.99194,-0.326,0.53,-1.863,True
HC_05,healthy,8.13,0.07402,0.13208,0.99178,-0.126,-1.236,-1.43,True
HC_05,healthy,8.14,0.07147,0.16541,0.9776,0.147,-0.239,-2.321,True
HC_05,healthy,8.15,0.10363,0.17538,0.97469,0.631,0.004,-0.037,True
HC_05,healthy,8.16,0.10937,0.19167,0.95912,-0.025,-1.367,0.409,True
HC_05,healthy,8.17,0.12658,0.164,0.96988,0.605,0.729,0.604,True
HC_05,healthy,8.18,0.1108,0.20432,0.96299,0.025,-0.892,1.301,True
HC_05,healthy,8.19,0.09879,0.1973,0.95547,-0.607,-0.699,1.798,True
HC_05,healthy,8.2,0.11032,0.1642,0.96621,1.789,-0.606,0.155,True
HC_05,healthy,8.21,0.11769,0.18026,0.96385,-0.986,0.16,-0.767,True
HC_05,healthy,8.22,0.09748,0.18487,0.9822,0.001,0.383,-0.293,True
HC_05,healthy,8.23,0.09188,0.17525,0.94511,0.273,-0.551,-1.644,True
HC_05,healthy,8.24,0.0977,0.15631,0.97179,0.717,0.074,-1.159,True
HC_05,healthy,8.25,0.09535,0.18152,0.97883,0.43,0.871,-0.443,True
HC_05,healthy,8.26,0.11445,0.19681,0.97566,-0.413,-0.313,-0.303,True
HC_05,healthy,8.27,0.12531,0.18623,0.97602,0.327,0.636,0.638,True
HC_05,healthy,8.28,0.12109,0.19093,0.9842,0.457,-1.061,-0.209,True
HC_05,healthy,8.290000000000001,0.12592,0.17659,0.97569,0.98,1.004,1.229,True
HC_05,healthy,8.3,0.11189,0.17387,0.95394,1.375,-0.368,1.442,True
HC_05,healthy,8.31,0.12529,0.20035,0.99784,-0.2,1.273,-1.038,True
HC_05,healthy,8.32,0.08083,0.14579,0.96791,0.788,0.258,-1.096,True
HC_05,healthy,8.33,0.1026,0.16607,0.94187,0.568,-0.13,-2.563,True
HC_05,healthy,8.34,0.10276,0.18724,0.98954,-1.001,-0.193,-0.845,True
HC_05,healthy,8.35,0.09571,0.1823,0.98569,1.203,-0.73,-0.094,True
HC_05,healthy,8.36,0.09551,0.169,0.94759,0.598,-0.304,0.507,True
HC_05,healthy,8.370000000000001,0.11547,0.17136,0.99135,-0.913,0.517,0.291,True
HC_05,healthy,8.38,0.12472,0.21232,0.96583,0.817,0.498,1.673,True
HC_05,healthy,8.39,0.12502,0.17395,0.94694,0.733,-0.059,1.363,True
HC_05,healthy,8.4,0.08513,0.16728,0.96778,-1.336,0.228,0.777,True
HC_05,healthy,8.41,0.10793,0.17462,0.96032,-1.042,-0.465,-0.548,True
HC_05,healthy,8.42,0.07743,0.17101,0.96565,-0.801,0.427,0.493,True
HC_05,healthy,8.43,0.09618,0.14518,0.95849,-0.616,0.867,-1.008,True
HC_05,healthy,8.44,0.10616,0.18898,0.96586,0.982,-1.862,-2.189,True
HC_05,healthy,8.45,0.10756,0.22124,0.96962,0.288,0.703,-1.485,True
HC_05,healthy,8.46,0.1225,0.16972,0.99514,-1.616,2.234,0.555,True
HC_05,healthy,8.47,0.14134,0.19374,0.98651,-0.636,-0.006,1.203,True
HC_05,healthy,8.48,0.13991,0.18351,0.96183,0.825,0.381,1.664,True
HC_05,healthy,8.49,0.11555,0.20012,0.96545,-0.077,0.952,2.097,True
HC_05,healthy,8.5,0.1193,0.19807,0.9599,1.132,-0.187,0.89,True
HC_05,healthy,8.51,0.08527,0.18381,0.96348,1.002,0.41,0.848,True
HC_05,healthy,8.52,0.08366,0.18565,0.96278,0.742,0.313,-0.513,True
HC_05,healthy,8.53,0.09007,0.18987,0.99002,0.451,0.231,-0.629,True
HC_05,healthy,8.540000000000001,0.10455,0.18635,0.94573,1.431,0.314,-0.634,True
HC_05,healthy,8.55,0.13939,0.20506,0.96296,-0.269,0.846,-0.341,True
HC_05,healthy,8.56,0.11423,0.18043,0.98088,0.617,0.243,1.162,True
HC_05,healthy,8.57,0.12196,0.17334,0.97521,1.729,0.296,1.545,True
HC_05,healthy,8.58,0.11885,0.18272,0.96754,-0.153,-0.336,1.835,True
HC_05,healthy,8.59,0.11691,0.15985,0.94693,-2.03,-0.091,0.747,True
HC_05,healthy,8.6,0.11024,0.18334,0.98045,-0.763,-0.639,-0.213,True
HC_05,healthy,8.61,0.07928,0.16548,0.97196,0.17,0.492,-1.222,True
HC_05,healthy,8.620000000000001,0.08515,0.18646,0.95298,-0.017,-1.058,-1.145,True
HC_05,healthy,8.63,0.09033,0.16061,1.01035,-0.556,0.685,-1.177,True
HC_05,healthy,8.64,0.10517,0.17387,0.93497,0.044,-0.007,0.092,True
HC_05,healthy,8.65,0.12659,0.20359,0.95597,0.148,-0.071,0.234,True
HC_05,healthy,8.66,0.11886,0.19383,0.97191,0.934,0.568,0.94,True
HC_05,healthy,8.67,0.14059,0.16602,0.97272,0.686,1.386,1.622,True
HC_05,healthy,8.68,0.13793,0.1621,1.00729,-2.31,0.553,1.97,True
HC_05,healthy,8.69,0.1324,0.17099,0.96189,0.379,0.314,-0.102,True
HC_05,healthy,8.700000000000001,0.08246,0.16831,0.96573,0.372,-0.734,-0.545,True
HC_05,healthy,8.71,0.09299,0.20738,0.96782,-0.239,0.007,-1.11,True
HC_05,healthy,8.72,0.08997,0.2083,0.95611,0.275,-0.927,-1.535,True
HC_05,healthy,8.73,0.11668,0.18111,0.96637,0.679,1.247,-0.996,True
HC_05,healthy,8.74,0.09515,0.19616,0.94573,1.059,1.573,1.602,True
HC_05,healthy,8.75,0.1122,0.20034,0.98154,0.057,-0.705,-0.122,True
HC_05,healthy,8.76,0.13496,0.1948,0.96328,0.279,0.171,0.976,True
HC_05,healthy,8.77,0.11894,0.1611,0.93928,-1.031,-0.068,-1.139,True
HC_05,healthy,8.78,0.12315,0.2002,0.97593,0.07,-0.799,0.79,True
HC_05,healthy,8.790000000000001,0.10053,0.14342,0.95759,-0.037,-0.513,1.156,True
HC_05,healthy,8.8,0.08644,0.1926,0.96726,-0.494,-0.346,0.024,True
HC_05,healthy,8.81,0.11304,0.13901,0.97718,-0.211,-1.11,-0.167,True
HC_05,healthy,8.82,0.10146,0.2052,0.97906,0.256,0.418,-1.657,True
HC_05,healthy,8.83,0.09767,0.13718,0.97783,1.013,-1.138,-2.488,True
HC_05,healthy,8.84,0.09955,0.19456,0.97522,0.513,-0.687,0.739,True
HC_05,healthy,8.85,0.1149,0.16508,0.97507,-0.817,-0.362,1.422,True
HC_05,healthy,8.86,0.12562,0.19167,0.939,-0.478,-0.363,-0.075,True
HC_05,healthy,8.870000000000001,0.13556,0.18908,0.98421,-0.531,0.529,1.234,True
HC_05,healthy,8.88,0.12174,0.14856,0.99322,-0.585,0.243,0.921,True
HC_05,healthy,8.89,0.11532,0.17596,0.95806,-0.431,0.005,1.266,True
HC_05,healthy,8.9,0.10807,0.18929,0.99272,-1.035,1.057,-0.434,True
HC_05,healthy,8.91,0.122,0.18258,0.9772,0.159,-0.141,-1.472,True
HC_05,healthy,8.92,0.09667,0.18711,0.96351,-0.636,-1.405,-1.839,True
HC_05,healthy,8.93,0.13962,0.20026,0.97609,-0.305,0.695,-0.814,True
HC_05,healthy,8.94,0.08958,0.20932,0.94555,0.194,0.499,-0.195,True
HC_05,healthy,8.950000000000001,0.12179,0.19173,0.95247,0.006,-0.972,0.356,True
HC_05,healthy,8.96,0.13048,0.18709,0.95908,-1.079,1.804,1.47,True
HC_05,healthy,8.97,0.15407,0.15563,0.98043,-0.43,2.054,2.156,True
HC_05,healthy,8.98,0.12698,0.16121,0.98285,0.709,-1.451,2.109,True
HC_05,healthy,8.99,0.13235,0.15928,0.94375,0.459,-0.748,0.518,True
HC_05,healthy,9.0,0.09074,0.18256,0.96177,1.343,0.138,-1.003,True
HC_05,healthy,9.01,0.10908,0.16681,0.96792,-0.437,1.482,-2.776,True
HC_05,healthy,9.02,0.09568,0.20743,0.96303,0.551,-0.069,-2.467,True
HC_05,healthy,9.03,0.13132,0.19919,0.95132,1.228,0.625,-1.21,True
HC_05,healthy,9.040000000000001,0.12543,0.21273,0.98041,0.303,-0.048,-0.101,True
HC_05,healthy,9.05,0.13619,0.21289,0.95124,1.164,0.739,0.795,True
HC_05,healthy,9.06,0.13769,0.18448,0.95059,1.976,-0.25,2.042,True
HC_05,healthy,9.07,0.1431,0.168,0.96887,-0.239,-0.999,2.108,True
HC_05,healthy,9.08,0.13071,0.18039,0.98575,-0.012,0.597,0.233,True
HC_05,healthy,9.09,0.12236,0.16446,0.98115,0.714,-0.206,-1.143,True
HC_05,healthy,9.1,0.09681,0.16018,0.97268,-0.649,-0.286,0.605,True
HC_05,healthy,9.11,0.11807,0.16244,0.95031,-1.208,-0.428,-0.928,True
HC_05,healthy,9.120000000000001,0.10217,0.17831,0.98693,-0.559,-0.174,-2.289,True
HC_05,healthy,9.13,0.10871,0.19086,0.93155,1.008,-0.062,-0.574,True
HC_05,healthy,9.14,0.15449,0.20941,0.95694,-0.301,-1.469,0.623,True
HC_05,healthy,9.15,0.14784,0.1938,0.96529,0.196,-0.218,0.576,True
HC_05,healthy,9.16,0.15715,0.16021,0.95966,-0.402,0.539,1.052,True
HC_05,healthy,9.17,0.14117,0.17667,0.96648,-0.324,0.682,2.031,True
HC_05,healthy,9.18,0.1313,0.14384,0.97076,0.003,0.322,0.26,True
HC_05,healthy,9.19,0.13183,0.19247,0.95058,0.113,-0.699,-1.754,True
HC_05,healthy,9.200000000000001,0.12575,0.17256,0.97966,0.515,-0.5,-2.075,True
HC_05,healthy,9.21,0.11639,0.16424,0.94252,0.597,-1.179,-1.772,True
HC_05,healthy,9.22,0.11375,0.20238,0.99661,0.887,0.002,-0.321,True
HC_05,healthy,9.23,0.09996,0.18765,0.97672,-0.24,-0.77,-1.663,True
HC_05,healthy,9.24,0.14035,0.18139,0.98065,-0.33,-0.977,0.721,True
HC_05,healthy,9.25,0.12124,0.19922,0.97192,-1.072,-0.494,1.662,True
HC_05,healthy,9.26,0.14933,0.20302,0.97483,-0.103,-0.482,1.798,True
HC_05,healthy,9.27,0.12438,0.18475,0.9545,-0.567,-0.094,1.997,True
HC_05,healthy,9.28,0.10631,0.15119,0.95533,-0.678,-0.268,1.165,True
HC_05,healthy,9.290000000000001,0.08733,0.1753,0.97266,0.129,-0.246,-1.026,True
HC_05,healthy,9.3,0.13938,0.17282,0.97537,-0.52,0.609,-1.938,True
HC_05,healthy,9.31,0.1234,0.19917,0.96785,-0.465,-0.337,-0.72,True
HC_05,healthy,9.32,0.09489,0.18314,0.97171,1.308,0.893,-0.246,True
HC_05,healthy,9.33,0.12464,0.1852,0.97073,1.459,0.059,1.118,True
HC_05,healthy,9.34,0.14483,0.19025,0.98262,-1.35,0.586,-1.508,True
HC_05,healthy,9.35,0.16679,0.17937,0.96574,-1.364,-0.505,1.819,True
HC_05,healthy,9.36,0.11956,0.16803,0.95575,0.142,1.109,1.96,True
HC_05,healthy,9.370000000000001,0.14706,0.18461,0.97191,-0.365,0.579,0.15,True
HC_05,healthy,9.38,0.10589,0.17138,0.9349,0.909,0.269,0.646,True
HC_05,healthy,9.39,0.12123,0.17073,0.96396,-0.404,0.986,-1.582,True
HC_05,healthy,9.4,0.10134,0.17721,0.94514,-0.426,0.409,-0.881,True
HC_05,healthy,9.41,0.11502,0.20425,0.96136,0.809,0.046,-0.236,True
HC_05,healthy,9.42,0.11609,0.20679,0.98007,-0.176,0.444,-0.149,True
HC_05,healthy,9.43,0.15295,0.18726,0.97597,-0.348,0.754,0.652,True
HC_05,healthy,9.44,0.15147,0.19114,0.95449,0.381,0.158,0.574,True
HC_05,healthy,9.450000000000001,0.15419,0.18798,0.9583,0.3,-0.47,0.738,True
HC_05,healthy,9.46,0.12126,0.20113,0.95479,0.197,-0.482,1.5,True
HC_05,healthy,9.47,0.15761,0.18107,0.97693,0.116,0.087,-0.56,True
HC_05,healthy,9.48,0.11468,0.17396,0.94106,0.626,-1.133,0.452,True
HC_05,healthy,9.49,0.10929,0.17997,0.94505,1.319,0.637,-1.706,True
HC_05,healthy,9.5,0.13267,0.14803,0.9539,1.463,0.499,-1.832,True
HC_05,healthy,9.51,0.08435,0.17635,0.97909,0.205,0.307,-0.716,True
HC_05,healthy,9.52,0.13284,0.20063,0.94872,0.116,-1.099,0.001,True
HC_05,healthy,9.53,0.14887,0.2273,0.97164,0.562,1.409,0.425,True
HC_05,healthy,9.540000000000001,0.14816,0.22642,0.95847,-0.474,0.557,2.227,True
HC_05,healthy,9.55,0.16354,0.20532,0.95884,0.477,-0.038,1.212,True
HC_05,healthy,9.56,0.13793,0.19124,0.95058,-0.682,-0.045,0.725,True
HC_05,healthy,9.57,0.13981,0.16831,0.96075,-1.562,0.854,-0.008,True
HC_05,healthy,9.58,0.14266,0.17734,0.96314,0.162,1.564,-0.899,True
HC_05,healthy,9.59,0.09579,0.16866,0.96953,-0.521,0.419,-0.906,True
HC_05,healthy,9.6,0.12771,0.21795,0.95012,0.922,0.28,-0.819,True
HC_05,healthy,9.61,0.10994,0.21726,0.95877,-0.102,-0.973,-2.93,True
HC_05,healthy,9.620000000000001,0.14101,0.18891,0.99799,0.018,-1.496,-0.252,True
HC_05,healthy,9.63,0.12283,0.22791,0.95318,-0.479,1.254,1.343,True
HC_05,healthy,9.64,0.13882,0.19916,0.96237,0.258,1.471,2.109,True
HC_05,healthy,9.65,0.14935,0.16035,0.96795,0.105,-0.343,2.252,True
HC_05,healthy,9.66,0.13263,0.17886,0.94763,0.477,-0.25,0.255,True
HC_05,healthy,9.67,0.14101,0.17492,0.96898,-0.849,-0.156,-1.092,True
HC_05,healthy,9.68,0.12198,0.17804,0.95975,-0.914,-0.395,-1.287,True
HC_05,healthy,9.69,0.12785,0.19134,0.9373,0.815,-0.751,-1.675,True
HC_05,healthy,9.700000000000001,0.10484,0.2211,0.96802,0.518,-0.718,-1.909,True
HC_05,healthy,9.71,0.14418,0.19051,0.94002,1.225,-1.601,-1.522,True
HC_05,healthy,9.72,0.14126,0.19364,0.95265,1.323,-1.143,1.754,True
HC_05,healthy,9.73,0.16341,0.2123,0.95672,1.197,-0.172,0.707,True
HC_05,healthy,9.74,0.13831,0.183,0.93985,-0.848,-0.962,1.818,True
HC_05,healthy,9.75,0.15778,0.20005,0.96823,0.299,1.61,1.616,True
HC_05,healthy,9.76,0.14743,0.19076,0.93169,-1.206,-0.15,1.212,True
HC_05,healthy,9.77,0.13784,0.1809,0.93289,0.419,1.045,1.141,True
HC_05,healthy,9.78,0.14632,0.17621,0.95658,0.173,-1.089,-1.879,True
HC_05,healthy,9.790000000000001,0.1229,0.1918,0.9455,-0.598,0.007,-2.75,True
HC_05,healthy,9.8,0.13405,0.22007,0.91998,-0.021,0.15,-1.276,True
HC_05,healthy,9.81,0.13578,0.18498,0.924,-0.351,-0.17,-0.169,True
HC_05,healthy,9.82,0.15931,0.24171,0.9743,-0.559,-1.493,1.032,True
HC_05,healthy,9.83,0.15494,0.19581,0.94693,-0.368,0.808,0.682,True
HC_05,healthy,9.84,0.15398,0.18832,0.94548,0.244,-0.476,1.587,True
HC_05,healthy,9.85,0.17074,0.18638,0.9612,1.07,0.541,2.669,True
HC_05,healthy,9.86,0.1407,0.20213,0.94866,0.571,0.369,-0.363,True
HC_05,healthy,9.870000000000001,0.13743,0.20254,0.95731,-0.647,-0.274,-0.933,True
HC_05,healthy,9.88,0.11453,0.18643,0.92758,0.958,0.929,-1.147,True
HC_05,healthy,9.89,0.12846,0.19991,0.92874,0.032,-0.539,-2.949,True
HC_05,healthy,9.9,0.13534,0.2103,0.95665,-0.424,0.441,-0.731,True
HC_05,healthy,9.91,0.1401,0.21135,0.9592,-0.068,1.496,-0.182,True
HC_05,healthy,9.92,0.16802,0.22029,0.94638,1.091,-1.256,1.166,True
HC_05,healthy,9.93,0.12978,0.2029,0.94294,0.675,0.482,1.327,True
HC_05,healthy,9.94,0.16373,0.17445,0.94687,1.143,0.949,3.397,True
HC_05,healthy,9.950000000000001,0.17048,0.18655,0.94468,1.179,0.888,1.464,True
HC_05,healthy,9.96,0.1516,0.18885,0.94439,-1.372,-0.899,0.519,True
HC_05,healthy,9.97,0.13415,0.17819,0.96078,-0.397,-1.198,-0.098,True
HC_05,healthy,9.98,0.14382,0.19521,0.95513,-1.157,-0.019,0.002,True
HC_05,healthy,9.99,0.13884,0.16937,0.94246,-0.937,0.475,-1.51,True
HC_05,healthy,10.0,0.12509,0.20152,0.95449,-0.126,0.677,-0.931,True
HC_05,healthy,10.01,0.16163,0.21243,0.96005,-0.283,0.265,-2.017,True
HC_05,healthy,10.02,0.19001,0.19976,0.96215,-0.344,-0.485,2.199,True
HC_05,healthy,10.03,0.16736,0.21517,0.95776,0.525,0.039,2.15,True
HC_05,healthy,10.040000000000001,0.1774,0.21351,0.95637,0.38,-0.444,0.773,True
HC_05,healthy,10.05,0.16474,0.18486,0.94678,0.16,0.132,0.299,True
HC_05,healthy,10.06,0.14881,0.18933,0.95279,0.101,-0.833,-0.52,True
HC_05,healthy,10.07,0.14735,0.16829,0.93951,-0.771,0.206,-0.142,True
HC_05,healthy,10.08,0.12486,0.19735,0.9566,-0.591,0.947,-2.321,True
HC_05,healthy,10.09,0.15883,0.1994,0.95603,0.666,0.024,-1.71,True
HC_05,healthy,10.1,0.14957,0.22204,0.94585,-0.874,-1.161,-1.736,True
HC_05,healthy,10.11,0.1694,0.22975,0.96209,0.346,-0.255,1.128,True
HC_05,healthy,10.120000000000001,0.15712,0.20717,0.94246,0.848,-0.438,0.291,True
HC_05,healthy,10.13,0.16626,0.21548,0.9488,0.698,0.44,1.569,True
HC_05,healthy,10.14,0.18774,0.20011,0.92872,0.321,1.022,1.81,True
HC_05,healthy,10.15,0.16316,0.20801,0.96088,-0.717,0.434,0.407,True
HC_05,healthy,10.16,0.16902,0.19091,0.92585,-0.941,0.205,-0.064,True
HC_05,healthy,10.17,0.15178,0.1858,0.94277,0.66,0.993,-0.675,True
HC_05,healthy,10.18,0.11897,0.2025,0.96118,1.747,-0.92,-0.675,True
HC_05,healthy,10.19,0.1721,0.23516,0.94023,-0.581,0.287,-1.793,True
HC_05,healthy,10.200000000000001,0.16493,0.23015,0.95714,-0.054,0.383,-0.03,True
HC_05,healthy,10.21,0.18184,0.21591,0.94566,-1.204,-0.081,0.037,True
HC_05,healthy,10.22,0.15637,0.22528,0.94193,0.22,0.691,1.162,True
HC_05,healthy,10.23,0.17047,0.22403,0.94489,0.206,-0.537,1.625,True
HC_05,healthy,10.24,0.18234,0.17093,0.94517,-0.284,-2.036,1.794,True
HC_05,healthy,10.25,0.16372,0.18739,0.95085,-0.952,0.956,1.975,True
HC_05,healthy,10.26,0.16689,0.18995,0.91295,-0.391,-0.403,-1.306,True
HC_05,healthy,10.27,0.11729,0.17898,0.93022,0.078,-1.017,-1.403,True
HC_05,healthy,10.28,0.12848,0.18093,0.92394,0.9,0.239,-1.0,True
HC_05,healthy,10.290000000000001,0.15737,0.19403,0.94811,1.329,-0.753,0.36,True
HC_05,healthy,10.3,0.15493,0.17482,0.92917,-0.884,1.401,1.266,True
HC_05,healthy,10.31,0.1867,0.20387,0.96328,0.069,-0.043,0.449,True
HC_05,healthy,10.32,0.15656,0.19593,0.93996,1.619,-1.009,1.454,True
HC_05,healthy,10.33,0.16291,0.19468,0.9478,0.441,-0.398,1.101,True
HC_05,healthy,10.34,0.17441,0.18607,0.92671,0.564,-0.978,1.045,True
HC_05,healthy,10.35,0.17408,0.19935,0.94647,-0.276,0.762,0.906,True
HC_05,healthy,10.36,0.13543,0.18777,0.94946,-0.46,-0.222,-0.755,True
HC_05,healthy,10.370000000000001,0.14513,0.20034,0.96069,-1.114,0.152,-1.109,True
HC_05,healthy,10.38,0.14721,0.21752,0.95333,-0.863,0.472,-1.537,True
HC_05,healthy,10.39,0.14402,0.21573,0.94551,-0.142,-0.36,-1.492,True
HC_05,healthy,10.4,0.17275,0.20293,0.91499,-0.59,-0.066,2.1,True
HC_05,healthy,10.41,0.18835,0.20009,0.92903,0.29,-0.07,1.975,True
HC_05,healthy,10.42,0.17392,0.20994,0.92173,0.796,-0.821,2.414,True
HC_05,healthy,10.43,0.18772,0.18654,0.9422,0.399,-0.51,2.204,True
HC_05,healthy,10.44,0.19088,0.17837,0.96381,0.168,0.109,0.006,True
HC_05,healthy,10.450000000000001,0.1348,0.20694,0.90506,1.171,-0.267,-2.418,True
HC_05,healthy,10.46,0.13501,0.19999,0.9753,0.377,0.031,-0.695,True
HC_05,healthy,10.47,0.14807,0.18347,0.95277,-1.679,-1.157,-0.949,True
HC_05,healthy,10.48,0.16784,0.22529,0.96762,0.186,0.795,-1.719,True
HC_05,healthy,10.49,0.15404,0.20465,0.94033,0.41,0.228,0.042,True
HC_05,healthy,10.5,0.16908,0.2182,0.95058,-0.485,-1.155,-0.702,True
HC_05,healthy,10.51,0.17008,0.20886,0.93838,-0.378,-0.777,0.115,True
HC_05,healthy,10.52,0.19511,0.21668,0.92348,-0.014,0.457,1.798,True
HC_05,healthy,10.53,0.16424,0.20166,0.9438,0.501,0.781,2.167,True
HC_05,healthy,10.540000000000001,0.16171,0.18995,0.92383,-1.5,-0.435,-0.27,True
HC_05,healthy,10.55,0.14898,0.19661,0.96055,-1.464,1.562,-0.404,True
HC_05,healthy,10.56,0.16871,0.19205,0.93917,-0.072,-0.258,0.285,True
HC_05,healthy,10.57,0.15418,0.20625,0.94006,-0.37,0.711,-2.302,True
HC_05,healthy,10.58,0.16298,0.18401,0.91278,-0.081,-0.391,-1.84,True
HC_05,healthy,10.59,0.17096,0.19653,0.96626,0.375,-0.663,-2.435,True
HC_05,healthy,10.6,0.16467,0.23748,0.94411,-0.567,0.044,0.21,True
HC_05,healthy,10.61,0.17823,0.20376,0.94274,-0.1,1.474,0.884,True
HC_05,healthy,10.620000000000001,0.20621,0.20636,0.96728,0.353,0.396,3.043,True
HC_05,healthy,10.63,0.1655,0.18125,0.93788,1.068,0.962,0.551,True
HC_05,healthy,10.64,0.1653,0.2133,0.9372,0.086,0.164,0.547,True
HC_05,healthy,10.65,0.17121,0.19038,0.93155,1.0,0.402,1.046,True
HC_05,healthy,10.66,0.15208,0.20919,0.93161,1.366,-0.837,-0.206,True
HC_05,healthy,10.67,0.16461,0.20488,0.94353,-0.006,-0.415,-3.399,True
HC_05,healthy,10.68,0.17874,0.20882,0.95662,-0.186,-0.117,-1.102,True
HC_05,healthy,10.69,0.18609,0.23459,0.94856,0.458,-0.419,0.93,True
HC_05,healthy,10.700000000000001,0.17703,0.23553,0.93121,0.68,0.587,0.475,True
HC_05,healthy,10.71,0.16383,0.21365,0.94156,0.606,1.06,2.132,True
HC_05,healthy,10.72,0.18323,0.20602,0.98205,0.345,0.696,-0.288,True
HC_05,healthy,10.73,0.19252,0.20727,0.9293,-0.447,1.553,0.353,True
HC_05,healthy,10.74,0.18325,0.21091,0.90871,0.569,0.933,-0.794,True
HC_05,healthy,10.75,0.16332,0.22093,0.95371,-0.513,0.553,0.549,True
HC_05,healthy,10.76,0.15218,0.19373,0.93373,-0.09,-0.169,-0.682,True
HC_05,healthy,10.77,0.15169,0.2224,0.93985,0.52,-0.951,-0.564,True
HC_05,healthy,10.78,0.1596,0.2403,0.942,-0.165,0.282,-0.737,True
HC_05,healthy,10.790000000000001,0.17695,0.23524,0.96765,-0.147,-0.822,0.963,True
HC_05,healthy,10.8,0.15225,0.21675,0.92214,-1.291,0.24,0.383,True
HC_05,healthy,10.81,0.19981,0.22298,0.96415,-0.434,0.993,-0.169,True
HC_05,healthy,10.82,0.16778,0.19255,0.9136,0.493,-0.466,0.389,True
HC_05,healthy,10.83,0.17246,0.20262,0.91275,0.414,-0.106,-0.716,True
HC_05,healthy,10.84,0.14689,0.21674,0.90458,0.209,0.56,-0.444,True
HC_05,healthy,10.85,0.17198,0.19827,0.94034,-0.408,1.013,-1.236,True
HC_05,healthy,10.86,0.17513,0.1893,0.91783,0.624,0.364,-1.663,True
HC_05,healthy,10.870000000000001,0.15973,0.22658,0.91562,-0.205,0.096,1.234,True
HC_05,healthy,10.88,0.16612,0.20112,0.93475,-0.974,-0.993,0.695,True
HC_05,healthy,10.89,0.18161,0.22537,0.92093,-0.335,0.91,-0.157,True
HC_05,healthy,10.9,0.20166,0.22328,0.9327,-1.009,-0.43,1.505,True
HC_05,healthy,10.91,0.20614,0.19448,0.92865,-0.105,0.734,1.285,True
HC_05,healthy,10.92,0.20279,0.23784,0.92376,-0.137,-0.894,3.311,True
HC_05,healthy,10.93,0.18213,0.21612,0.95929,-2.223,1.094,1.132,True
HC_05,healthy,10.94,0.18111,0.21742,0.93928,-0.299,-0.043,-0.736,True
HC_05,healthy,10.950000000000001,0.16711,0.21991,0.90716,-1.458,-0.33,-0.944,True
HC_05,healthy,10.96,0.15202,0.19865,0.93901,-0.964,-0.975,-1.635,True
HC_05,healthy,10.97,0.17196,0.21942,0.94436,-0.634,-0.39,-0.468,True
HC_05,healthy,10.98,0.17832,0.23976,0.94771,0.518,-0.593,0.606,True
HC_05,healthy,10.99,0.17624,0.23429,0.94961,-0.114,0.195,1.177,True
HC_05,healthy,11.0,0.19791,0.20421,0.92797,-0.202,0.306,2.46,True
HC_05,healthy,11.01,0.18558,0.20547,0.9445,0.056,0.786,1.67,True
HC_05,healthy,11.02,0.16867,0.21394,0.93731,-0.774,-0.902,0.331,True
HC_05,healthy,11.03,0.16052,0.2232,0.93859,0.148,0.132,1.081,True
HC_05,healthy,11.040000000000001,0.17417,0.24217,0.94524,0.493,-1.076,0.02,True
HC_05,healthy,11.05,0.17062,0.20122,0.9231,-1.767,1.4,-1.956,True
HC_05,healthy,11.06,0.16921,0.18993,0.93912,0.07,0.713,-2.284,True
HC_05,healthy,11.07,0.17391,0.22119,0.94135,-0.641,-0.603,-0.117,True
HC_05,healthy,11.08,0.1682,0.21677,0.96262,0.138,-0.347,0.209,True
HC_05,healthy,11.09,0.21653,0.25351,0.95527,-1.45,-0.524,0.729,True
HC_05,healthy,11.1,0.20425,0.2369,0.90597,-0.81,0.442,1.717,True
HC_05,healthy,11.11,0.19819,0.20918,0.94955,0.002,0.279,0.99,True
HC_05,healthy,11.120000000000001,0.19843,0.21073,0.93664,-0.85,1.058,-0.021,True
HC_05,healthy,11.13,0.13926,0.18161,0.94482,0.293,-0.249,0.644,True
HC_05,healthy,11.14,0.17793,0.21607,0.93775,0.501,-0.138,-1.35,True
HC_05,healthy,11.15,0.13498,0.22072,0.93321,0.233,-2.412,-1.694,True
HC_05,healthy,11.16,0.19486,0.21987,0.93885,-0.68,1.72,-1.027,True
HC_05,healthy,11.17,0.18793,0.23952,0.93434,0.857,-0.213,-0.271,True
HC_05,healthy,11.18,0.18175,0.26161,0.96511,1.249,0.322,0.815,True
HC_05,healthy,11.19,0.2145,0.19058,0.94777,-0.271,-0.613,1.296,True
HC_05,healthy,11.200000000000001,0.20083,0.20723,0.93774,-0.33,0.478,1.038,True
HC_05,healthy,11.21,0.20924,0.21561,0.94597,-0.061,-1.073,1.281,True
HC_05,healthy,11.22,0.19543,0.21479,0.93923,-1.308,-1.216,-0.977,True
HC_05,healthy,11.23,0.14689,0.20426,0.93608,0.31,-0.296,-1.016,True
HC_05,healthy,11.24,0.17578,0.19168,0.92367,-0.387,1.053,-0.959,True
HC_05,healthy,11.25,0.19406,0.21273,0.91971,1.169,0.299,-1.692,True
HC_05,healthy,11.26,0.15985,0.24019,0.93269,-0.328,0.481,-0.484,True
HC_05,healthy,11.27,0.23354,0.24804,0.93591,-0.244,-1.905,-1.688,True
HC_05,healthy,11.28,0.20512,0.21543,0.95488,1.803,1.356,1.177,True
HC_05,healthy,11.290000000000001,0.19712,0.24991,0.91033,1.741,-0.253,0.867,True
HC_05,healthy,11.3,0.20809,0.22762,0.93207,0.698,-1.179,0.696,True
HC_05,healthy,11.31,0.19585,0.2196,0.9352,-0.392,-1.204,2.134,True
HC_05,healthy,11.32,0.22846,0.20599,0.91006,0.99,-0.685,0.162,True
HC_05,healthy,11.33,0.19101,0.21414,0.93313,0.741,-0.004,1.001,True
HC_05,healthy,11.34,0.16733,0.18898,0.92267,0.464,0.572,-0.265,True
HC_05,healthy,11.35,0.17223,0.23463,0.91788,-0.411,0.349,-0.916,True
HC_05,healthy,11.36,0.17004,0.23498,0.94099,-0.128,-0.74,-1.647,True
HC_05,healthy,11.370000000000001,0.18159,0.23852,0.92893,0.177,0.338,-0.469,True
HC_05,healthy,11.38,0.18065,0.24956,0.92197,-1.033,-1.077,0.583,True
HC_05,healthy,11.39,0.18093,0.21778,0.92947,-1.068,-1.223,0.698,True
HC_05,healthy,11.4,0.19956,0.22428,0.95499,-0.593,1.544,2.113,True
HC_05,healthy,11.41,0.19351,0.20592,0.89835,-0.026,-0.872,1.65,True
HC_05,healthy,11.42,0.19618,0.21523,0.94716,-0.069,-0.209,0.582,True
HC_05,healthy,11.43,0.16357,0.16675,0.94892,1.458,-0.057,-0.585,True
HC_05,healthy,11.44,0.16997,0.21683,0.94307,-0.4,0.187,-3.333,True
HC_05,healthy,11.450000000000001,0.1807,0.22371,0.91448,2.628,-0.989,-1.53,True
HC_05,healthy,11.46,0.17955,0.23116,0.95018,0.467,-0.435,-2.002,True
HC_05,healthy,11.47,0.20784,0.22516,0.92708,-0.015,0.17,0.147,True
HC_05,healthy,11.48,0.17285,0.23746,0.92472,0.636,-0.116,1.258,True
HC_05,healthy,11.49,0.21432,0.2119,0.92025,-0.612,-0.146,1.001,True
HC_05,healthy,11.5,0.19842,0.21768,0.92774,-0.589,0.53,1.704,True
HC_05,healthy,11.51,0.19724,0.22562,0.93696,0.256,-0.063,0.861,True
HC_05,healthy,11.52,0.17895,0.22285,0.92722,-0.354,-0.686,-1.479,True
HC_05,healthy,11.53,0.18082,0.19842,0.92378,-0.062,-0.397,-1.533,True
HC_05,healthy,11.540000000000001,0.17169,0.2329,0.89339,1.057,0.372,-0.058,True
HC_05,healthy,11.55,0.17786,0.2137,0.89321,-0.149,1.067,-0.413,True
HC_05,healthy,11.56,0.15829,0.2261,0.92427,-1.262,-1.263,-0.357,True
HC_05,healthy,11.57,0.19108,0.23116,0.92368,0.337,-0.588,0.424,True
HC_05,healthy,11.58,0.23425,0.249,0.92884,0.364,0.984,2.455,True
HC_05,healthy,11.59,0.21527,0.22826,0.93208,0.063,1.595,1.019,True
HC_05,healthy,11.6,0.2151,0.20818,0.91955,-0.118,0.717,0.542,True
HC_05,healthy,11.61,0.23058,0.19906,0.92466,0.038,0.803,0.328,True
HC_05,healthy,11.620000000000001,0.16952,0.20772,0.9346,-0.686,-0.213,-0.746,True
HC_05,healthy,11.63,0.16546,0.21579,0.93696,0.088,-0.022,-1.544,True
HC_05,healthy,11.64,0.16655,0.22812,0.88885,0.52,-0.45,-1.719,True
HC_05,healthy,11.65,0.18699,0.23044,0.9402,0.173,0.171,-0.455,True
HC_05,healthy,11.66,0.19223,0.22435,0.92438,0.011,1.013,-1.838,True
HC_05,healthy,11.67,0.18962,0.22543,0.93794,-0.762,0.259,1.089,True
HC_05,healthy,11.68,0.17528,0.22894,0.93051,0.661,-0.17,1.03,True
HC_05,healthy,11.69,0.21324,0.20102,0.92036,-0.004,0.697,2.237,True
HC_05,healthy,11.700000000000001,0.21123,0.20485,0.95833,-0.452,-0.284,0.011,True
HC_05,healthy,11.71,0.20024,0.22931,0.94973,0.714,0.865,0.461,True
HC_05,healthy,11.72,0.18111,0.22343,0.93018,-0.186,-0.495,-1.175,True
HC_05,healthy,11.73,0.14777,0.22123,0.92608,0.53,-1.093,-2.021,True
HC_05,healthy,11.74,0.16861,0.24037,0.93891,-1.851,0.605,-1.73,True
HC_05,healthy,11.75,0.16164,0.24077,0.88971,-0.451,-0.199,-0.746,True
HC_05,healthy,11.76,0.19617,0.25679,0.95771,-0.934,0.775,-0.968,True
HC_05,healthy,11.77,0.17231,0.23562,0.94756,-0.331,-0.987,0.426,True
HC_05,healthy,11.78,0.22011,0.23572,0.94081,-0.446,0.611,1.714,True
HC_05,healthy,11.790000000000001,0.21959,0.24546,0.91846,0.73,0.223,1.365,True
HC_05,healthy,11.8,0.17667,0.21956,0.91101,-0.071,0.314,-0.524,True
HC_05,healthy,11.81,0.20593,0.2003,0.93641,-0.609,1.028,-1.563,True
HC_05,healthy,11.82,0.19732,0.21016,0.89432,-1.267,0.62,-0.607,True
HC_05,healthy,11.83,0.19053,0.19252,0.92911,0.973,-0.956,-1.8,True
HC_05,healthy,11.84,0.16717,0.23422,0.90864,0.597,-0.711,-0.435,True
HC_05,healthy,11.85,0.18303,0.2534,0.93231,-0.613,0.702,-0.87,True
HC_05,healthy,11.86,0.19309,0.22736,0.93408,-0.053,-1.505,0.135,True
HC_05,healthy,11.870000000000001,0.21762,0.21574,0.94359,0.656,0.847,0.353,True
HC_05,healthy,11.88,0.22479,0.19393,0.96308,1.649,-0.871,2.02,True
HC_05,healthy,11.89,0.22848,0.21029,0.93673,1.493,-0.393,0.623,True
HC_05,healthy,11.9,0.21612,0.23201,0.91843,0.434,0.827,-0.798,True
HC_05,healthy,11.91,0.2001,0.20253,0.9214,-0.99,-0.58,-0.373,True
HC_05,healthy,11.92,0.18867,0.23024,0.93641,0.72,-0.204,-0.648,True
HC_05,healthy,11.93,0.18731,0.21775,0.88147,2.362,0.242,-1.474,True
HC_05,healthy,11.94,0.19226,0.22667,0.93505,1.464,-1.401,-2.487,True
HC_05,healthy,11.950000000000001,0.17393,0.22722,0.94369,-1.768,0.414,-1.69,True
HC_05,healthy,11.96,0.1852,0.27587,0.92933,-0.696,0.847,0.39,True
HC_05,healthy,11.97,0.21086,0.19647,0.94963,0.909,1.517,0.852,True
HC_05,healthy,11.98,0.21728,0.21008,0.93364,1.323,-0.707,1.353,True
HC_05,healthy,11.99,0.20116,0.21576,0.91475,0.336,-0.002,1.712,True
HC_05,healthy,12.0,0.20214,0.22236,0.93877,-1.219,0.136,0.409,True
HC_05,healthy,12.01,0.16049,0.21948,0.91659,0.303,-0.31,0.673,True
HC_05,healthy,12.02,0.18053,0.24022,0.91506,0.59,-0.743,-2.285,True
HC_05,healthy,12.030000000000001,0.15775,0.21005,0.89954,-0.013,0.253,-2.011,True
HC_05,healthy,12.040000000000001,0.18802,0.22679,0.94158,-0.298,0.71,-0.511,True
HC_05,healthy,12.05,0.16401,0.20963,0.90639,0.079,0.363,-1.767,True
HC_05,healthy,12.06,0.18154,0.22782,0.91018,-0.185,0.029,1.942,True
HC_05,healthy,12.07,0.20759,0.23284,0.9492,0.307,-0.311,2.169,True
HC_05,healthy,12.08,0.20407,0.22422,0.92869,-0.451,1.105,1.232,True
HC_05,healthy,12.09,0.22549,0.23829,0.9174,-1.323,0.241,0.854,True
HC_05,healthy,12.1,0.21677,0.21048,0.93052,-0.311,0.075,0.664,True
HC_05,healthy,12.11,0.17093,0.22916,0.92113,0.284,0.687,0.374,True
HC_05,healthy,12.120000000000001,0.21354,0.22224,0.91921,0.115,0.728,-1.167,True
HC_05,healthy,12.13,0.18132,0.23087,0.92104,-1.659,0.377,-1.717,True
HC_05,healthy,12.14,0.21888,0.22858,0.93257,0.734,0.217,-2.281,True
HC_05,healthy,12.15,0.21576,0.24349,0.91956,-0.634,-0.011,-0.073,True
HC_05,healthy,12.16,0.19632,0.22428,0.94073,0.459,0.726,0.097,True
HC_05,healthy,12.17,0.19204,0.22509,0.92784,0.769,-0.589,1.231,True
HC_05,healthy,12.18,0.21343,0.20451,0.91024,0.374,-0.722,1.156,True
HC_05,healthy,12.19,0.19647,0.22813,0.93592,-1.896,-0.026,0.913,True
HC_05,healthy,12.200000000000001,0.20564,0.20891,0.9402,1.116,-0.467,0.001,True
HC_05,healthy,12.21,0.18021,0.20911,0.91889,-0.984,0.152,-1.332,True
HC_05,healthy,12.22,0.20049,0.22364,0.91443,0.163,-0.956,-2.04,True
HC_05,healthy,12.23,0.16841,0.2178,0.91062,-0.549,1.449,-1.368,True
HC_05,healthy,12.24,0.19543,0.23955,0.93253,-0.145,-0.63,-1.648,True
HC_05,healthy,12.25,0.20424,0.21152,0.9096,1.56,-0.028,-0.49,True
HC_05,healthy,12.26,0.23507,0.23822,0.91503,0.695,-0.128,1.064,True
HC_05,healthy,12.27,0.21505,0.25281,0.94636,-0.455,-0.115,1.789,True
HC_05,healthy,12.280000000000001,0.19598,0.2042,0.94701,1.038,-0.344,1.25,True
HC_05,healthy,12.290000000000001,0.20634,0.21737,0.91999,0.46,0.328,1.684,True
HC_05,healthy,12.3,0.1923,0.22587,0.91112,1.323,0.937,-1.061,True
HC_05,healthy,12.31,0.19686,0.22407,0.91517,-0.471,-0.056,-0.672,True
HC_05,healthy,12.32,0.19272,0.21821,0.93127,0.061,-0.847,-1.977,True
HC_05,healthy,12.33,0.22418,0.22052,0.8946,-1.519,-0.198,-0.762,True
HC_05,healthy,12.34,0.21183,0.25482,0.94119,0.086,0.702,-0.636,True
HC_05,healthy,12.35,0.21594,0.23456,0.93133,-1.148,0.669,-0.241,True
HC_05,healthy,12.36,0.22255,0.2354,0.92534,0.736,0.569,0.964,True
HC_05,healthy,12.370000000000001,0.22138,0.23523,0.92676,0.794,-0.881,1.089,True
HC_05,healthy,12.38,0.20667,0.21873,0.94346,-0.336,0.947,2.545,True
HC_05,healthy,12.39,0.2239,0.21903,0.9036,1.179,0.598,-0.252,True
HC_05,healthy,12.4,0.19519,0.22118,0.91365,1.212,-0.799,-0.996,True
HC_05,healthy,12.41,0.19955,0.22989,0.93557,-0.683,-0.235,-2.045,True
HC_05,healthy,12.42,0.15412,0.22061,0.92122,1.925,-0.372,-1.669,True
HC_05,healthy,12.43,0.18578,0.23292,0.91247,0.065,0.631,-1.711,True
HC_05,healthy,12.44,0.20728,0.24214,0.92257,0.402,-0.957,0.357,True
HC_05,healthy,12.450000000000001,0.20794,0.23874,0.92071,0.071,0.844,1.718,True
HC_05,healthy,12.46,0.20275,0.21115,0.93263,0.572,0.09,1.844,True
HC_05,healthy,12.47,0.22455,0.22543,0.89154,-0.917,0.356,1.366,True
HC_05,healthy,12.48,0.19533,0.22609,0.93441,-0.231,1.45,0.595,True
HC_05,healthy,12.49,0.22743,0.19328,0.90978,0.136,-1.234,0.693,True
HC_05,healthy,12.5,0.18354,0.21194,0.92324,1.238,-0.863,0.64,True
HC_05,healthy,12.51,0.17975,0.2199,0.9107,-1.706,-0.836,-0.352,True
HC_05,healthy,12.52,0.17618,0.2304,0.93487,-0.738,0.401,-0.542,True
HC_05,healthy,12.530000000000001,0.19375,0.23824,0.9117,1.55,0.89,-1.895,True
HC_05,healthy,12.540000000000001,0.17398,0.22294,0.92372,-0.33,0.139,-1.344,True
HC_05,healthy,12.55,0.19391,0.23134,0.9265,0.657,-0.226,0.15,True
HC_05,healthy,12.56,0.19742,0.22037,0.94662,0.465,1.125,2.331,True
HC_05,healthy,12.57,0.21083,0.22581,0.93954,1.348,-0.588,2.851,True
HC_05,healthy,12.58,0.18357,0.21607,0.94626,0.15,0.107,-0.817,True
HC_05,healthy,12.59,0.2198,0.20616,0.95361,0.79,0.866,-0.366,True
HC_05,healthy,12.6,0.19347,0.19026,0.92501,0.255,0.487,-0.869,True
HC_05,healthy,12.61,0.17273,0.19918,0.9164,-0.507,-0.159,-2.394,True
HC_05,healthy,12.620000000000001,0.19174,0.2282,0.96255,-0.127,-0.107,0.114,True
HC_05,healthy,12.63,0.19817,0.22618,0.93601,0.538,0.045,-1.067,True
HC_05,healthy,12.64,0.19038,0.23335,0.92536,-0.809,0.118,0.283,True
HC_05,healthy,12.65,0.20754,0.21855,0.94505,-0.268,-0.675,1.079,True
HC_05,healthy,12.66,0.19667,0.23589,0.91033,-0.464,0.778,1.924,True
HC_05,healthy,12.67,0.22751,0.19671,0.93431,0.514,-0.396,1.432,True
HC_05,healthy,12.68,0.17337,0.20933,0.91719,-0.796,0.569,1.809,True
HC_05,healthy,12.69,0.19317,0.21968,0.94841,0.309,-1.601,-1.053,True
HC_05,healthy,12.700000000000001,0.2104,0.22148,0.92425,1.242,-0.361,-2.182,True
HC_05,healthy,12.71,0.16536,0.21329,0.95021,-0.679,0.243,-0.725,True
HC_05,healthy,12.72,0.18335,0.23129,0.90509,-1.16,0.642,-1.315,True
HC_05,healthy,12.73,0.20754,0.22883,0.91428,-0.931,0.362,-0.248,True
HC_05,healthy,12.74,0.19245,0.22358,0.93777,-0.463,-1.678,0.122,True
HC_05,healthy,12.75,0.23077,0.23479,0.94433,0.22,0.684,1.408,True
HC_05,healthy,12.76,0.21657,0.26335,0.9059,0.625,-1.055,0.445,True
HC_05,healthy,12.77,0.20002,0.2183,0.89916,1.037,1.925,2.046,True
HC_05,healthy,12.780000000000001,0.20262,0.2159,0.94281,-0.181,-1.386,-0.276,True
HC_05,healthy,12.790000000000001,0.19656,0.20132,0.92553,-0.876,-0.061,-1.36,True
HC_05,healthy,12.8,0.19935,0.22057,0.91265,-0.02,2.125,-1.025,True
HC_05,healthy,12.81,0.19607,0.24487,0.90202,0.524,-1.616,-0.701,True
HC_05,healthy,12.82,0.19013,0.25281,0.93243,-0.548,1.015,0.118,True
HC_05,healthy,12.83,0.22597,0.21804,0.92498,-0.39,0.518,-0.439,True
HC_05,healthy,12.84,0.21463,0.20832,0.91237,0.156,0.051,-0.399,True
HC_05,healthy,12.85,0.23008,0.2228,0.90587,0.794,-0.16,1.765,True
HC_05,healthy,12.86,0.21523,0.22926,0.92035,-0.31,-0.636,2.326,True
HC_05,healthy,12.870000000000001,0.23136,0.20463,0.92612,-0.758,0.139,1.088,True
HC_05,healthy,12.88,0.19313,0.22718,0.90334,0.84,-1.185,-0.555,True
HC_05,healthy,12.89,0.18114,0.21129,0.93154,-0.338,-0.155,-0.223,True
HC_05,healthy,12.9,0.15874,0.22654,0.88932,0.27,-1.214,-0.634,True
HC_05,healthy,12.91,0.16898,0.19961,0.94828,-2.107,0.658,-1.56,True
HC_05,healthy,12.92,0.17959,0.21751,0.92193,-0.651,-0.992,-1.449,True
HC_05,healthy,12.93,0.21481,0.24377,0.95051,-1.271,0.823,1.116,True
HC_05,healthy,12.94,0.21131,0.26927,0.93199,0.073,0.091,1.382,True
HC_05,healthy,12.950000000000001,0.25201,0.21446,0.95338,0.22,1.376,2.089,True
HC_05,healthy,12.96,0.20337,0.2071,0.94696,-0.79,-0.828,0.355,True
HC_05,healthy,12.97,0.19564,0.19712,0.94929,-0.087,-0.047,-0.524,True
HC_05,healthy,12.98,0.19747,0.19059,0.94568,-1.664,-0.218,-0.95,True
HC_05,healthy,12.99,0.18495,0.21443,0.9404,-0.315,0.864,-1.094,True
HC_05,healthy,13.0,0.18634,0.21733,0.92763,-1.001,-0.42,-2.294,True
HC_05,healthy,13.01,0.18077,0.23356,0.90728,0.774,-0.086,-1.409,True
HC_05,healthy,13.02,0.20905,0.22792,0.93266,0.92,-0.016,0.085,True
HC_05,healthy,13.030000000000001,0.21862,0.23296,0.8993,-0.256,-2.399,0.718,True
HC_05,healthy,13.040000000000001,0.21636,0.2255,0.93219,1.46,0.841,0.749,True
HC_05,healthy,13.05,0.21333,0.2192,0.91175,-0.789,-0.292,2.345,True
HC_05,healthy,13.06,0.19963,0.20607,0.91408,0.957,-0.115,0.728,True
HC_05,healthy,13.07,0.23022,0.20293,0.92889,-0.499,-0.709,-0.802,True
HC_05,healthy,13.08,0.20645,0.22725,0.94753,0.471,0.515,-2.362,True
HC_05,healthy,13.09,0.18596,0.21436,0.89901,0.743,-0.265,-0.866,True
HC_05,healthy,13.1,0.20347,0.19184,0.93722,-0.256,-1.241,-2.551,True
HC_05,healthy,13.11,0.20787,0.23085,0.90854,-0.635,-0.043,-0.945,True
HC_05,healthy,13.120000000000001,0.20772,0.2116,0.93106,-0.249,0.591,-0.94,True
HC_05,healthy,13.13,0.21879,0.24126,0.94453,0.046,-1.056,1.015,True
HC_05,healthy,13.14,0.22277,0.23825,0.94041,-1.533,1.342,1.784,True
HC_05,healthy,13.15,0.193,0.23255,0.9333,1.121,0.286,1.367,True
HC_05,healthy,13.16,0.1562,0.22977,0.92675,1.008,-0.38,0.18,True
HC_05,healthy,13.17,0.22019,0.23005,0.94501,-0.242,0.363,0.537,True
HC_05,healthy,13.18,0.17209,0.20972,0.9262,0.306,-0.182,-2.159,True
HC_05,healthy,13.19,0.17525,0.22792,0.93288,0.592,-1.514,-0.811,True
HC_05,healthy,13.200000000000001,0.17441,0.22057,0.91755,0.229,0.659,-0.61,True
HC_05,healthy,13.21,0.17904,0.23204,0.92277,0.186,-0.115,-0.123,True
HC_05,healthy,13.22,0.22168,0.21501,0.95546,-0.239,-1.0,-0.521,True
HC_05,healthy,13.23,0.21708,0.21136,0.94313,-0.798,-0.584,0.81,True
HC_05,healthy,13.24,0.20007,0.17872,0.93137,-1.986,0.278,2.66,True
HC_05,healthy,13.25,0.21768,0.20295,0.9573,-1.17,0.892,1.66,True
HC_05,healthy,13.26,0.20932,0.21441,0.92586,-1.021,0.535,1.255,True
HC_05,healthy,13.27,0.20207,0.19298,0.93658,0.765,-0.062,-0.312,True
HC_05,healthy,13.280000000000001,0.2039,0.22746,0.94017,-0.817,0.087,-0.369,True
HC_05,healthy,13.290000000000001,0.18073,0.19681,0.90928,0.894,0.994,-2.036,True
HC_05,healthy,13.3,0.15933,0.22317,0.92023,-0.714,0.893,-0.717,True
HC_05,healthy,13.31,0.17145,0.22337,0.90815,1.276,-0.496,-0.687,True
HC_05,healthy,13.32,0.20825,0.24918,0.90777,1.719,1.142,0.082,True
HC_05,healthy,13.33,0.20065,0.25562,0.91154,0.68,1.48,0.948,True
HC_05,healthy,13.34,0.20856,0.22084,0.9347,0.853,-0.57,0.23,True
HC_05,healthy,13.35,0.18847,0.22181,0.93744,0.376,0.059,2.63,True
HC_05,healthy,13.36,0.20455,0.19954,0.92046,-0.693,-0.024,-0.363,True
HC_05,healthy,13.370000000000001,0.21628,0.21665,0.92582,-0.734,-1.407,-0.326,True
HC_05,healthy,13.38,0.17608,0.23458,0.93895,-1.32,1.153,-0.883,True
HC_05,healthy,13.39,0.20845,0.23143,0.93659,0.024,1.162,-1.118,True
HC_05,healthy,13.4,0.16006,0.21443,0.94809,-0.309,-0.622,-0.562,True
HC_05,healthy,13.41,0.20301,0.23901,0.9126,-1.26,-0.433,-0.68,True
HC_05,healthy,13.42,0.19188,0.2237,0.94476,0.536,-0.041,-0.764,True
HC_05,healthy,13.43,0.21226,0.23292,0.92964,0.256,0.476,2.177,True
HC_05,healthy,13.44,0.18195,0.21915,0.94991,-0.485,-1.636,1.828,True
HC_05,healthy,13.450000000000001,0.20174,0.19555,0.93492,-1.837,0.145,1.433,True
HC_05,healthy,13.46,0.21248,0.19825,0.95426,-0.508,-1.232,1.236,True
HC_05,healthy,13.47,0.1658,0.20803,0.93587,-0.142,-0.183,-1.455,True
HC_05,healthy,13.48,0.13984,0.19298,0.92884,-0.408,0.308,-1.225,True
HC_05,healthy,13.49,0.16603,0.2297,0.93302,0.04,0.472,-2.669,True
HC_05,healthy,13.5,0.18553,0.24689,0.93331,-0.115,-1.184,-1.113,True
HC_05,healthy,13.51,0.19753,0.24524,0.92874,-0.087,-0.383,-0.092,True
HC_05,healthy,13.52,0.19395,0.22648,0.90584,0.684,-0.147,0.97,True
HC_05,healthy,13.530000000000001,0.2262,0.22241,0.96077,-0.019,0.729,0.764,True
HC_05,healthy,13.540000000000001,0.21149,0.21775,0.93982,1.545,0.714,0.808,True
HC_05,healthy,13.55,0.21718,0.22741,0.93785,1.093,-1.411,1.866,True
HC_05,healthy,13.56,0.20116,0.19687,0.93173,-1.424,0.299,1.572,True
HC_05,healthy,13.57,0.13696,0.19581,0.94764,-1.414,0.054,-0.185,True
HC_05,healthy,13.58,0.16395,0.21692,0.92574,0.808,-1.024,-0.747,True
HC_05,healthy,13.59,0.18455,0.2089,0.93901,0.82,-0.414,-0.353,True
HC_05,healthy,13.6,0.20537,0.24824,0.92747,0.897,0.154,-1.208,True
HC_05,healthy,13.61,0.20752,0.25089,0.89706,-1.505,0.795,-1.046,True
HC_05,healthy,13.620000000000001,0.19861,0.18621,0.92648,-1.865,0.04,1.436,True
HC_05,healthy,13.63,0.20623,0.22436,0.89507,-1.236,1.524,2.105,True
HC_05,healthy,13.64,0.21081,0.21484,0.95006,0.36,1.027,-0.02,True
HC_05,healthy,13.65,0.15901,0.19814,0.95937,-0.155,0.307,-0.55,True
HC_05,healthy,13.66,0.20722,0.16986,0.92245,-0.419,0.781,-1.242,True
HC_05,healthy,13.67,0.16,0.22791,0.94733,1.822,-0.921,-3.329,True
HC_05,healthy,13.68,0.17107,0.21099,0.94018,0.518,0.491,-3.208,True
HC_05,healthy,13.69,0.17584,0.23398,0.91442,-0.309,0.593,-0.924,True
HC_05,healthy,13.700000000000001,0.15238,0.21913,0.94524,-0.794,-0.469,-0.292,True
HC_05,healthy,13.71,0.20586,0.20571,0.937,0.982,-0.492,-0.642,True
HC_05,healthy,13.72,0.18834,0.24039,0.92237,-1.484,-0.012,0.737,True
HC_05,healthy,13.73,0.21193,0.24702,0.93906,-0.869,0.204,1.043,True
HC_05,healthy,13.74,0.20579,0.23746,0.94073,-0.091,0.658,1.832,True
HC_05,healthy,13.75,0.19809,0.2036,0.91355,-0.54,0.134,0.131,True
HC_05,healthy,13.76,0.17144,0.2011,0.92355,-0.606,-1.067,-2.198,True
HC_05,healthy,13.77,0.15665,0.21586,0.94081,-0.517,1.359,-0.898,True
HC_05,healthy,13.780000000000001,0.18762,0.22441,0.9527,0.661,-0.587,-1.151,True
HC_05,healthy,13.790000000000001,0.18963,0.23166,0.91293,-0.394,0.35,-1.016,True
HC_05,healthy,13.8,0.20583,0.20007,0.91375,0.528,0.6,-0.943,True
HC_05,healthy,13.81,0.17519,0.22547,0.95105,-1.465,0.374,1.107,True
HC_05,healthy,13.82,0.20438,0.22634,0.92506,-0.029,-1.397,1.731,True
HC_05,healthy,13.83,0.17412,0.2446,0.91741,0.613,0.074,0.328,True
HC_05,healthy,13.84,0.17939,0.19947,0.94139,1.407,-0.776,0.33,True
HC_05,healthy,13.85,0.20636,0.17796,0.93121,-0.686,0.201,1.155,True
HC_05,healthy,13.86,0.17554,0.19653,0.94104,0.481,1.105,-0.046,True
HC_05,healthy,13.870000000000001,0.20397,0.19208,0.90705,-0.505,0.752,-0.175,True
HC_05,healthy,13.88,0.18431,0.24022,0.93205,-0.357,1.023,-1.048,True
HC_05,healthy,13.89,0.17843,0.20727,0.92992,-0.225,-0.913,-0.425,True
HC_05,healthy,13.9,0.16471,0.23624,0.94444,0.889,0.935,-1.134,True
HC_05,healthy,13.91,0.17356,0.24311,0.93598,0.502,0.152,0.531,True
HC_05,healthy,13.92,0.19229,0.21393,0.92886,-0.716,0.264,2.094,True
HC_05,healthy,13.93,0.19237,0.21443,0.93234,-0.744,-0.427,1.076,True
HC_05,healthy,13.94,0.20412,0.20521,0.94148,-0.196,-0.223,0.281,True
HC_05,healthy,13.950000000000001,0.17838,0.23031,0.93318,-0.752,0.683,-0.89,True
HC_05,healthy,13.96,0.16476,0.19069,0.92074,-1.016,0.343,-0.357,True
HC_05,healthy,13.97,0.17865,0.23251,0.92162,0.118,-0.192,-1.055,True
HC_05,healthy,13.98,0.14726,0.21231,0.93654,-0.636,-0.29,-2.333,True
HC_05,healthy,13.99,0.18809,0.20021,0.92085,0.848,0.453,-0.014,True
HC_05,healthy,14.0,0.16176,0.22066,0.95186,0.168,-0.666,1.163,True
HC_05,healthy,14.01,0.17886,0.22764,0.90192,-0.935,0.161,-0.231,True
HC_05,healthy,14.02,0.20898,0.2116,0.93085,1.235,-0.667,0.877,True
HC_05,healthy,14.030000000000001,0.1599,0.21324,0.93837,2.714,0.466,1.177,True
HC_05,healthy,14.040000000000001,0.19023,0.17,0.94511,1.223,0.499,2.224,True
HC_05,healthy,14.05,0.16813,0.20922,0.92917,0.574,-0.101,-0.655,True
HC_05,healthy,14.06,0.13517,0.19563,0.93789,0.019,-0.792,-0.983,True
HC_05,healthy,14.07,0.16884,0.22981,0.95605,0.858,1.455,-2.193,True
HC_05,healthy,14.08,0.14894,0.22951,0.93947,-0.103,0.073,0.87,True
HC_05,healthy,14.09,0.19464,0.2056,0.94031,-0.137,1.436,0.216,True
HC_05,healthy,14.1,0.19225,0.21497,0.92603,0.885,1.177,0.555,True
HC_05,healthy,14.11,0.20947,0.20827,0.92988,0.621,0.206,2.33,True
HC_05,healthy,14.120000000000001,0.19511,0.21375,0.9461,-1.082,1.851,1.561,True
HC_05,healthy,14.13,0.22315,0.22867,0.94223,0.878,-0.966,0.48,True
HC_05,healthy,14.14,0.16745,0.2047,0.92706,-0.426,-0.697,-1.272,True
HC_05,healthy,14.15,0.16283,0.2188,0.94408,0.977,-0.479,0.498,True
HC_05,healthy,14.16,0.14835,0.23963,0.93597,-0.289,-0.729,-2.567,True
HC_05,healthy,14.17,0.15476,0.20839,0.93684,-0.215,-0.44,-2.529,True
HC_05,healthy,14.18,0.15831,0.21014,0.95374,0.467,1.081,-1.526,True
HC_05,healthy,14.19,0.1547,0.21811,0.94668,0.188,-1.937,-0.021,True
HC_05,healthy,14.200000000000001,0.18133,0.2009,0.91323,-0.306,-0.816,-0.364,True
HC_05,healthy,14.21,0.19331,0.22658,0.93923,-1.112,0.039,0.473,True
HC_05,healthy,14.22,0.19165,0.19736,0.93178,-1.03,0.457,1.258,True
HC_05,healthy,14.23,0.1917,0.18543,0.93925,0.722,1.054,1.365,True
HC_05,healthy,14.24,0.15817,0.21603,0.92007,0.047,-0.675,-0.31,True
HC_05,healthy,14.25,0.17335,0.19157,0.92847,-0.316,0.212,-1.649,True
HC_05,healthy,14.26,0.12874,0.21176,0.94773,-0.427,-0.484,-2.428,True
HC_05,healthy,14.27,0.15704,0.22367,0.92131,0.252,0.686,-1.087,True
HC_05,healthy,14.280000000000001,0.15471,0.21427,0.92038,0.39,0.259,-0.961,True
HC_05,healthy,14.290000000000001,0.17464,0.19371,0.94969,-1.171,-1.338,0.626,True
HC_05,healthy,14.3,0.17959,0.24517,0.95063,0.141,0.662,0.06,True
HC_05,healthy,14.31,0.17493,0.23616,0.93246,-0.151,0.523,1.953,True
HC_05,healthy,14.32,0.18935,0.23176,0.93868,0.838,-0.023,2.289,True
HC_05,healthy,14.33,0.17814,0.20316,0.91743,0.984,-0.809,0.334,True
HC_05,healthy,14.34,0.13898,0.18366,0.94958,0.938,-1.358,-0.104,True
HC_05,healthy,14.35,0.15953,0.19226,0.94206,-0.447,0.343,-0.537,True
HC_05,healthy,14.36,0.1753,0.21887,0.92971,-0.609,-0.198,-0.684,True
HC_05,healthy,14.370000000000001,0.15893,0.24225,0.94704,0.409,0.126,-1.381,True
HC_05,healthy,14.38,0.14171,0.23604,0.93037,0.339,0.588,-1.356,True
HC_05,healthy,14.39,0.15877,0.22714,0.9207,0.726,-0.242,0.247,True
HC_05,healthy,14.4,0.18887,0.2185,0.91918,1.396,-0.492,-0.086,True
HC_05,healthy,14.41,0.18292,0.21611,0.96072,-0.919,-0.881,-0.213,True
HC_05,healthy,14.42,0.16965,0.22395,0.91603,0.072,-0.683,0.894,True
HC_05,healthy,14.43,0.1671,0.18356,0.94942,1.177,-0.679,-0.448,True
HC_05,healthy,14.44,0.16465,0.20426,0.92737,-0.824,0.578,-1.311,True
HC_05,healthy,14.450000000000001,0.14891,0.20815,0.92854,1.147,0.387,-1.28,True
HC_05,healthy,14.46,0.14645,0.18564,0.97138,1.044,-0.74,-0.643,True
HC_05,healthy,14.47,0.13026,0.25816,0.94766,-0.385,0.704,-0.373,True
HC_05,healthy,14.48,0.1914,0.23502,0.94757,0.289,-0.261,-0.439,True
HC_05,healthy,14.49,0.18409,0.21404,0.93955,-0.025,0.797,1.204,True
HC_05,healthy,14.5,0.18437,0.21729,0.946,-0.971,1.273,1.472,True
HC_05,healthy,14.51,0.19094,0.20654,0.94519,1.359,-0.658,1.377,True
HC_05,healthy,14.52,0.1661,0.20471,0.96223,-1.756,-0.302,1.416,True
HC_05,healthy,14.530000000000001,0.13114,0.18992,0.93407,-0.032,0.334,-0.955,True
HC_05,healthy,14.540000000000001,0.17264,0.18862,0.92935,0.841,-0.212,-1.547,True
HC_05,healthy,14.55,0.13665,0.22017,0.91642,-0.589,-1.189,-1.488,True
HC_05,healthy,14.56,0.15711,0.22893,0.94379,-0.751,-0.333,-2.789,True
HC_05,healthy,14.57,0.12657,0.22534,0.9218,-0.62,-0.967,-0.236,True
HC_05,healthy,14.58,0.14965,0.20149,0.94596,0.727,-0.445,0.922,True
HC_05,healthy,14.59,0.19168,0.23064,0.94371,-0.045,-0.284,1.43,True
HC_05,healthy,14.6,0.17538,0.19936,0.98651,1.569,0.481,1.833,True
HC_05,healthy,14.61,0.16021,0.18838,0.93703,-0.71,-1.726,1.758,True
HC_05,healthy,14.620000000000001,0.18074,0.18061,0.94852,-0.353,0.449,0.702,True
HC_05,healthy,14.63,0.16104,0.20958,0.96273,0.557,-1.092,-0.289,True
HC_05,healthy,14.64,0.14742,0.2227,0.97235,-0.036,2.123,-1.554,True
HC_05,healthy,14.65,0.1497,0.20458,0.91327,0.967,-0.049,-1.952,True
HC_05,healthy,14.66,0.15803,0.19062,0.95632,0.993,0.054,-1.542,True
HC_05,healthy,14.67,0.14185,0.19584,0.92777,-0.423,0.772,0.07,True
HC_05,healthy,14.68,0.18392,0.22811,0.95375,-1.013,0.205,-0.014,True
HC_05,healthy,14.69,0.16348,0.18945,0.96321,0.175,-0.158,2.249,True
HC_05,healthy,14.700000000000001,0.16718,0.2179,0.94246,1.275,-0.167,1.596,True
HC_05,healthy,14.71,0.17267,0.19174,0.96689,-0.919,-0.287,1.735,True
HC_05,healthy,14.72,0.1833,0.20914,0.96458,0.452,0.453,0.146,True
HC_05,healthy,14.73,0.15441,0.17094,0.93291,1.177,-0.606,-0.44,True
HC_05,healthy,14.74,0.15035,0.18237,0.95522,0.363,-0.849,-0.964,True
HC_05,healthy,14.75,0.12966,0.21464,0.95831,-0.519,0.436,-1.365,True
HC_05,healthy,14.76,0.12434,0.21439,0.93722,-0.262,0.213,-1.248,True
HC_05,healthy,14.77,0.13166,0.21267,0.94121,0.316,1.018,-1.909,True
HC_05,healthy,14.780000000000001,0.17824,0.19387,0.95519,1.669,-1.43,2.688,True
HC_05,healthy,14.790000000000001,0.13405,0.18376,0.96846,-0.223,-0.582,1.766,True
HC_05,healthy,14.8,0.1589,0.19058,0.95086,-0.406,-0.832,1.118,True
HC_05,healthy,14.81,0.17242,0.17419,0.94768,-0.681,-0.115,0.617,True
HC_05,healthy,14.82,0.14383,0.20542,0.96118,-1.262,0.851,-0.469,True
HC_05,healthy,14.83,0.15481,0.21102,0.95295,0.506,-0.216,0.33,True
HC_05,healthy,14.84,0.1188,0.20044,0.9751,-0.338,1.08,-0.489,True
HC_05,healthy,14.85,0.12759,0.21674,0.9566,2.002,-0.346,-2.128,True
HC_05,healthy,14.86,0.11203,0.21169,0.94635,-1.053,2.188,-0.916,True
HC_05,healthy,14.870000000000001,0.16071,0.21422,0.94683,0.662,0.397,-1.225,True
HC_05,healthy,14.88,0.15881,0.20941,0.95757,0.098,-0.064,0.768,True
HC_05,healthy,14.89,0.17887,0.20395,0.93885,-0.017,-0.164,2.83,True
HC_05,healthy,14.9,0.15718,0.18207,0.94817,0.643,0.394,1.785,True
HC_05,healthy,14.91,0.16471,0.21933,0.97123,-1.276,0.286,0.537,True
HC_05,healthy,14.92,0.13845,0.2058,0.96104,-0.03,0.368,0.621,True
HC_05,healthy,14.93,0.12535,0.18148,0.92856,0.279,-1.086,-1.197,True
HC_05,healthy,14.94,0.12761,0.19635,0.9446,0.554,-0.196,-1.068,True
HC_05,healthy,14.950000000000001,0.11911,0.20096,0.92653,-1.664,0.606,-2.956,True
HC_05,healthy,14.96,0.12263,0.20526,0.95097,0.299,0.434,0.396,True
HC_05,healthy,14.97,0.14301,0.22364,0.97046,-0.347,-1.25,0.485,True
HC_05,healthy,14.98,0.14301,0.21052,0.94307,-0.037,-0.075,0.373,True
HC_05,healthy,14.99,0.17062,0.21391,0.9587,-0.543,-0.841,1.305,True
HC_05,healthy,15.0,0.16727,0.19669,0.96036,1.633,-0.378,1.661,True
HC_05,healthy,15.01,0.17621,0.19658,0.94924,-0.477,1.019,0.863,True
HC_05,healthy,15.02,0.14653,0.19393,0.96267,-0.368,0.38,-0.327,True
HC_05,healthy,15.030000000000001,0.13812,0.18701,0.95436,-0.093,0.195,-1.365,True
HC_05,healthy,15.040000000000001,0.11344,0.18777,0.95091,-0.626,-0.207,0.242,True
HC_05,healthy,15.05,0.15621,0.20507,0.94589,-0.083,-0.479,-1.402,True
HC_05,healthy,15.06,0.14789,0.19476,0.95744,-0.808,0.372,-1.264,True
HC_05,healthy,15.07,0.12931,0.2142,0.94564,-0.507,-0.994,0.713,True
HC_05,healthy,15.08,0.17321,0.20174,0.97471,0.733,-0.018,1.068,True
HC_05,healthy,15.09,0.14021,0.16369,0.96303,-0.59,-0.59,1.638,True
HC_05,healthy,15.1,0.11717,0.18374,0.95243,-0.471,1.406,1.902,True
HC_05,healthy,15.11,0.18498,0.19808,0.96921,-0.464,1.709,1.213,True
HC_05,healthy,15.120000000000001,0.11919,0.19507,0.96819,-0.921,0.084,-0.75,True
HC_05,healthy,15.13,0.13305,0.20228,0.95208,0.101,-0.865,0.104,True
HC_05,healthy,15.14,0.1733,0.19354,0.96305,1.01,1.074,-0.991,True
HC_05,healthy,15.15,0.13612,0.20368,0.95244,0.006,0.457,-1.27,True
HC_05,healthy,15.16,0.1326,0.19768,0.93867,-0.367,0.253,0.811,True
HC_05,healthy,15.17,0.14979,0.22566,0.94928,-1.397,0.17,0.516,True
HC_05,healthy,15.18,0.15438,0.18928,0.94365,1.35,-0.071,1.224,True
HC_05,healthy,15.19,0.15086,0.19242,0.95427,-0.465,-0.423,0.81,True
HC_05,healthy,15.200000000000001,0.14468,0.20246,0.96611,0.642,0.516,0.484,True
HC_05,healthy,15.21,0.16732,0.18736,0.94509,1.46,1.809,0.083,True
HC_05,healthy,15.22,0.11081,0.21116,0.9533,-0.979,-0.964,-0.237,True
HC_05,healthy,15.23,0.11118,0.18483,0.92934,-0.152,-0.7,-1.756,True
HC_05,healthy,15.24,0.14643,0.19053,0.94528,-0.337,-0.282,-1.781,True
HC_05,healthy,15.25,0.15718,0.19925,0.96335,-0.954,-1.184,-0.438,True
HC_05,healthy,15.26,0.13875,0.19474,0.97838,0.573,-1.416,0.393,True
HC_05,healthy,15.27,0.14534,0.20023,0.93966,1.793,-0.082,2.124,True
HC_05,healthy,15.280000000000001,0.15047,0.18703,0.94903,-0.077,0.003,1.278,True
HC_05,healthy,15.290000000000001,0.14633,0.20485,0.96164,0.596,0.295,2.094,True
HC_05,healthy,15.3,0.12638,0.20943,0.92845,-1.126,0.369,1.51,True
HC_05,healthy,15.31,0.14642,0.15996,0.9571,0.061,1.109,-1.106,True
HC_05,healthy,15.32,0.13931,0.20924,0.97797,-0.215,-0.675,-0.014,True
HC_05,healthy,15.33,0.12619,0.19404,0.98075,0.437,1.333,-0.996,True
HC_05,healthy,15.34,0.15483,0.20262,0.92445,0.06,-0.723,-0.744,True
HC_05,healthy,15.35,0.14315,0.19382,0.95852,1.458,0.511,-0.567,True
HC_05,healthy,15.36,0.12098,0.23122,0.93831,0.507,-0.749,0.856,True
HC_05,healthy,15.370000000000001,0.14487,0.17637,0.9391,-0.703,1.452,1.457,True
HC_05,healthy,15.38,0.1665,0.20928,0.94751,0.76,0.029,1.833,True
HC_05,healthy,15.39,0.16603,0.18708,0.93665,0.638,-0.385,0.948,True
HC_05,healthy,15.4,0.12581,0.19962,0.95995,0.306,1.543,1.623,True
HC_05,healthy,15.41,0.14881,0.21195,0.93434,-0.071,-0.469,-0.513,True
HC_05,healthy,15.42,0.13753,0.18524,0.95563,1.096,0.964,-0.738,True
HC_05,healthy,15.43,0.14244,0.23291,0.9782,-0.226,-0.364,-0.904,True
HC_05,healthy,15.44,0.10885,0.21757,0.94303,0.782,0.102,-0.749,True
HC_05,healthy,15.450000000000001,0.12363,0.19572,0.98124,-0.13,-0.185,0.187,True
HC_05,healthy,15.46,0.12783,0.2097,0.95017,-0.988,-0.084,0.972,True
HC_05,healthy,15.47,0.13588,0.18175,0.95858,-0.729,0.506,2.453,True
HC_05,healthy,15.48,0.12865,0.20518,0.97249,0.4,0.962,0.615,True
HC_05,healthy,15.49,0.13847,0.18087,0.96018,0.043,0.769,0.448,True
HC_05,healthy,15.5,0.12492,0.16688,0.96583,0.214,0.132,0.367,True
HC_05,healthy,15.51,0.13221,0.16909,0.96527,0.347,0.058,-0.878,True
HC_05,healthy,15.52,0.11613,0.19351,0.96551,1.369,0.796,-0.168,True
HC_05,healthy,15.530000000000001,0.12143,0.17165,0.95754,-1.116,0.745,-2.016,True
HC_05,healthy,15.540000000000001,0.12336,0.1965,0.97778,0.854,-0.842,0.001,True
HC_05,healthy,15.55,0.1378,0.22796,0.94675,-0.75,-0.808,0.624,True
HC_05,healthy,15.56,0.13297,0.21622,0.94837,0.883,0.0,1.585,True
HC_05,healthy,15.57,0.16058,0.19489,0.92774,-1.321,0.078,2.548,True
HC_05,healthy,15.58,0.14115,0.20297,0.94182,-0.413,1.801,2.526,True
HC_05,healthy,15.59,0.14899,0.17353,1.00416,0.211,-0.349,0.56,True
HC_05,healthy,15.6,0.11293,0.17448,0.94948,0.158,-1.004,0.328,True
HC_05,healthy,15.610000000000001,0.11373,0.16853,0.96637,-0.005,-0.634,-1.898,True
HC_05,healthy,15.620000000000001,0.09556,0.19353,0.96785,0.413,-0.199,-0.105,True
HC_05,healthy,15.63,0.11297,0.16545,0.96011,1.528,0.223,-1.102,True
HC_05,healthy,15.64,0.09436,0.18935,0.97753,-0.205,-1.205,-3.094,True
HC_05,healthy,15.65,0.13044,0.16934,0.93442,-0.651,1.769,0.23,True
HC_05,healthy,15.66,0.14459,0.21042,0.94075,-0.189,0.367,1.507,True
HC_05,healthy,15.67,0.12925,0.19701,0.95452,0.45,1.032,2.868,True
HC_05,healthy,15.68,0.13411,0.19046,0.97232,0.108,-1.645,1.572,True
HC_05,healthy,15.69,0.12664,0.19424,0.96514,0.301,0.724,1.726,True
HC_05,healthy,15.700000000000001,0.11867,0.17112,0.95706,-0.008,0.675,0.184,True
HC_05,healthy,15.71,0.10899,0.16914,0.96396,-1.001,-0.232,-0.351,True
HC_05,healthy,15.72,0.11336,0.20005,0.96931,0.021,-0.116,-0.698,True
HC_05,healthy,15.73,0.13326,0.20948,0.96918,0.699,-0.844,-0.591,True
HC_05,healthy,15.74,0.11411,0.18923,0.98407,1.105,-0.956,0.811,True
HC_05,healthy,15.75,0.13125,0.21379,0.96273,-0.089,-0.409,-2.29,True
HC_05,healthy,15.76,0.16115,0.19227,0.99072,0.213,0.011,0.563,True
HC_05,healthy,15.77,0.1408,0.19915,1.00083,-0.33,-0.235,1.667,True
HC_05,healthy,15.780000000000001,0.13751,0.18069,0.9537,-0.444,0.707,1.568,True
HC_05,healthy,15.790000000000001,0.13993,0.17504,0.99126,-0.527,0.74,0.81,True
HC_05,healthy,15.8,0.11917,0.1613,0.96324,0.122,0.938,-0.045,True
HC_05,healthy,15.81,0.10583,0.17087,0.9963,-0.532,-0.465,-2.02,True
HC_05,healthy,15.82,0.10708,0.18049,0.96627,0.459,1.472,-1.513,True
HC_05,healthy,15.83,0.11423,0.20576,0.96482,-0.574,0.005,-0.496,True
HC_05,healthy,15.84,0.12807,0.20017,0.94211,-1.142,1.158,0.039,True
HC_05,healthy,15.85,0.12175,0.23173,0.94094,-0.464,-0.474,-0.029,True
HC_05,healthy,15.860000000000001,0.16476,0.17158,0.97643,-0.918,-0.353,0.677,True
HC_05,healthy,15.870000000000001,0.14647,0.17322,0.94607,-0.286,-1.252,2.058,True
HC_05,healthy,15.88,0.14789,0.16237,0.95891,-1.05,0.643,0.635,True
HC_05,healthy,15.89,0.12949,0.18574,0.96085,1.233,-0.462,-0.252,True
HC_05,healthy,15.9,0.10378,0.17401,0.97124,-0.517,0.274,0.372,True
HC_05,healthy,15.91,0.14278,0.16833,0.96629,-0.064,-0.143,-0.227,True
HC_05,healthy,15.92,0.11822,0.21093,0.94992,-0.272,-0.15,-2.462,True
HC_05,healthy,15.93,0.10674,0.17862,0.95983,0.183,-0.202,-3.327,True
HC_05,healthy,15.94,0.10656,0.18218,0.9463,0.191,0.257,-0.116,True
HC_05,healthy,15.950000000000001,0.14216,0.15363,0.99064,0.502,-0.976,0.356,True
HC_05,healthy,15.96,0.13483,0.19002,0.97442,1.638,-0.292,2.51,True
HC_05,healthy,15.97,0.11305,0.20317,0.96905,-0.059,-0.717,1.962,True
HC_05,healthy,15.98,0.13665,0.15196,0.96036,-0.793,0.621,1.568,True
HC_05,healthy,15.99,0.1165,0.17421,0.97504,0.468,-0.009,-0.477,True
HC_05,healthy,16.0,0.11873,0.18248,0.967,-0.996,-0.815,-0.657,True
HC_05,healthy,16.01,0.10806,0.15589,0.95807,0.878,-0.915,-2.328,True
HC_05,healthy,16.02,0.12809,0.18744,0.95118,0.119,-0.561,-2.873,True
HC_05,healthy,16.03,0.1096,0.18554,0.95839,-0.533,0.334,-0.902,True
HC_05,healthy,16.04,0.12037,0.21251,0.97985,-0.063,0.461,1.778,True
HC_05,healthy,16.05,0.12552,0.21371,0.97579,0.313,0.013,0.633,True
HC_05,healthy,16.06,0.12756,0.18533,0.97054,1.264,0.274,1.548,True
HC_05,healthy,16.07,0.13378,0.172,0.95767,0.011,-0.675,0.551,True
HC_05,healthy,16.080000000000002,0.13245,0.20383,0.98082,-0.36,0.728,1.816,True
HC_05,healthy,16.09,0.13821,0.15921,0.9827,0.083,0.398,0.363,True
HC_05,healthy,16.1,0.07892,0.18922,0.97573,0.247,-0.863,0.083,True
HC_05,healthy,16.11,0.11018,0.18864,0.9759,0.272,-0.898,-2.074,True
HC_05,healthy,16.12,0.1054,0.20437,1.01806,-1.248,-0.412,-0.359,True
HC_05,healthy,16.13,0.1041,0.18896,0.96079,0.308,0.71,0.176,True
HC_05,healthy,16.14,0.11545,0.19137,0.95203,0.113,0.347,-0.008,True
HC_05,healthy,16.15,0.13003,0.17264,0.98479,-0.652,0.067,1.439,True
HC_05,healthy,16.16,0.15176,0.19351,0.96198,-0.581,0.591,1.703,True
HC_05,healthy,16.17,0.11798,0.16215,0.99009,1.589,-0.38,0.46,True
HC_05,healthy,16.18,0.12073,0.16607,0.97954,0.155,-1.912,1.132,True
HC_05,healthy,16.19,0.11479,0.14822,0.9714,-1.194,0.814,-0.691,True
HC_05,healthy,16.2,0.12122,0.17014,0.97957,-1.051,-0.596,-1.873,True
HC_05,healthy,16.21,0.10952,0.17523,0.98649,0.394,-0.156,-3.034,True
HC_05,healthy,16.22,0.13532,0.20262,0.99623,0.35,0.851,-0.677,True
HC_05,healthy,16.23,0.11311,0.19782,0.97893,0.556,1.531,0.098,True
HC_05,healthy,16.240000000000002,0.10117,0.18492,0.94934,1.42,0.651,0.974,True
HC_05,healthy,16.25,0.12215,0.17561,0.97908,1.039,1.137,1.887,True
HC_05,healthy,16.26,0.12738,0.17224,0.96655,-0.271,0.041,1.352,True
HC_05,healthy,16.27,0.13648,0.17839,0.97443,0.373,-0.48,0.248,True
HC_05,healthy,16.28,0.13127,0.15486,0.97471,0.473,0.201,-0.106,True
HC_05,healthy,16.29,0.12732,0.1872,0.98297,-0.795,-0.416,-0.046,True
HC_05,healthy,16.3,0.09676,0.16608,0.97181,0.333,1.039,-3.117,True
HC_05,healthy,16.31,0.09108,0.17886,0.96802,0.136,0.962,-1.049,True
HC_05,healthy,16.32,0.07149,0.16999,0.96633,-0.032,-0.321,-1.207,True
HC_05,healthy,16.330000000000002,0.1304,0.20405,0.97147,-0.681,-0.337,0.738,True
HC_05,healthy,16.34,0.12144,0.17127,0.97962,-0.038,-0.183,2.351,True
HC_05,healthy,16.35,0.14129,0.18692,1.00444,-0.917,0.051,1.201,True
HC_05,healthy,16.36,0.1398,0.17865,0.94644,-0.003,-0.519,0.545,True
HC_05,healthy,16.37,0.10782,0.16026,0.97678,0.393,-0.215,1.11,True
HC_05,healthy,16.38,0.1198,0.15624,0.9955,-0.591,0.628,-0.168,True
HC_05,healthy,16.39,0.10518,0.17086,0.95983,1.074,-0.126,-1.726,True
HC_05,healthy,16.4,0.09834,0.17974,1.00228,0.132,-0.88,-2.072,True
HC_05,healthy,16.41,0.10341,0.21005,0.96545,0.038,-1.211,-0.083,True
HC_05,healthy,16.42,0.10021,0.21122,1.00792,1.134,0.639,-0.472,True
HC_05,healthy,16.43,0.11042,0.18863,0.92555,-0.272,0.742,-0.612,True
HC_05,healthy,16.44,0.15841,0.20971,0.95618,-0.362,0.513,-1.022,True
HC_05,healthy,16.45,0.1178,0.18635,0.95384,-0.133,0.386,2.417,True
HC_05,healthy,16.46,0.13075,0.17127,0.97516,-0.732,-0.345,3.445,True
HC_05,healthy,16.47,0.08526,0.17515,0.96626,-0.016,0.1,-0.848,True
HC_05,healthy,16.48,0.12277,0.14653,0.9653,-0.403,-0.791,-0.086,True
HC_05,healthy,16.490000000000002,0.09402,0.18168,0.98421,-0.091,-1.234,-0.735,True
HC_05,healthy,16.5,0.07931,0.18186,0.95609,-1.383,-1.31,-2.53,True
HC_05,healthy,16.51,0.07441,0.18753,0.96704,0.148,0.32,-2.339,True
HC_05,healthy,16.52,0.13541,0.20315,0.96404,0.131,-1.423,-0.981,True
HC_05,healthy,16.53,0.14112,0.19842,0.99014,0.237,0.741,-0.229,True
HC_05,healthy,16.54,0.15507,0.17123,0.96326,-0.685,0.129,1.734,True
HC_05,healthy,16.55,0.12131,0.19504,0.94658,-0.193,-1.047,1.101,True
HC_05,healthy,16.56,0.0919,0.1464,0.95537,1.003,0.256,1.207,True
HC_05,healthy,16.57,0.11606,0.18828,0.96181,0.498,0.278,0.171,True
HC_05,healthy,16.580000000000002,0.10512,0.15434,0.95295,0.088,0.703,-0.841,True
HC_05,healthy,16.59,0.07318,0.18305,0.9871,-0.264,-0.611,-0.496,True
HC_05,healthy,16.6,0.09023,0.20102,0.96895,0.841,-0.011,-2.333,True
HC_05,healthy,16.61,0.07715,0.20304,0.9684,0.521,-0.797,-0.657,True
HC_05,healthy,16.62,0.0827,0.1919,0.95794,0.28,-0.395,-0.353,True
HC_05,healthy,16.63,0.11775,0.20038,0.95219,0.369,1.14,0.411,True
HC_05,healthy,16.64,0.10235,0.18561,0.95537,-0.67,-0.254,1.251,True
HC_05,healthy,16.65,0.10875,0.16301,0.97314,-0.287,0.062,1.816,True
HC_05,healthy,16.66,0.12919,0.17633,0.99047,0.733,0.39,1.732,True
HC_05,healthy,16.67,0.07866,0.17355,0.9921,0.286,0.335,-2.063,True
HC_05,healthy,16.68,0.09129,0.1231,0.95298,-0.66,-0.148,-0.408,True
HC_05,healthy,16.69,0.07963,0.2009,0.97517,-0.404,-0.013,-1.293,True
HC_05,healthy,16.7,0.06994,0.16798,0.95337,-0.754,-0.988,-1.97,True
HC_05,healthy,16.71,0.13412,0.18264,0.95468,-0.495,-0.026,-0.178,True
HC_05,healthy,16.72,0.09773,0.19742,0.9708,-1.126,0.36,-0.037,True
HC_05,healthy,16.73,0.10783,0.15837,0.98398,-0.122,1.018,0.236,True
HC_05,healthy,16.740000000000002,0.12039,0.18056,0.92559,1.369,-0.516,0.829,True
HC_05,healthy,16.75,0.12593,0.17767,0.98858,-0.564,0.264,2.225,True
HC_05,healthy,16.76,0.11059,0.17577,0.97464,-0.365,0.915,1.018,True
HC_05,healthy,16.77,0.10423,0.16535,0.99527,0.222,0.236,-0.052,True
HC_05,healthy,16.78,0.11152,0.16398,0.96931,-1.444,-1.528,-0.542,True
HC_05,healthy,16.79,0.08295,0.18077,0.96612,0.377,1.676,-3.072,True
HC_05,healthy,16.8,0.08002,0.2042,0.96643,-1.203,1.181,-0.391,True
HC_05,healthy,16.81,0.09916,0.18371,0.97383,0.194,-0.575,-1.283,True
HC_05,healthy,16.82,0.07547,0.18542,0.98704,0.89,0.301,2.1,True
HC_05,healthy,16.830000000000002,0.11079,0.18069,0.9527,-0.365,1.7,1.934,True
HC_05,healthy,16.84,0.11043,0.21155,0.96999,-0.235,0.164,2.539,True
HC_05,healthy,16.85,0.13116,0.16239,0.97114,-1.884,-0.097,1.79,True
HC_05,healthy,16.86,0.09491,0.1756,0.95663,-0.078,0.511,0.538,True
HC_05,healthy,16.87,0.11309,0.16023,0.99836,1.61,0.541,-2.043,True
HC_05,healthy,16.88,0.06099,0.14632,1.00126,1.099,-0.249,-0.613,True
HC_05,healthy,16.89,0.10429,0.17836,0.96607,-0.622,-0.398,-1.803,True
HC_05,healthy,16.9,0.09819,0.16203,0.96347,0.893,-1.235,0.193,True
HC_05,healthy,16.91,0.1039,0.18389,0.95688,-1.409,0.363,-0.282,True
HC_05,healthy,16.92,0.1323,0.1971,0.99421,0.32,-0.421,-0.173,True
HC_05,healthy,16.93,0.11692,0.18597,0.97641,-1.134,0.914,0.841,True
HC_05,healthy,16.94,0.13603,0.18821,1.01456,0.616,0.57,1.81,True
HC_05,healthy,16.95,0.07894,0.15765,0.95052,-0.644,-0.582,0.822,True
HC_05,healthy,16.96,0.08303,0.16974,0.96417,1.2,0.192,0.317,True
HC_05,healthy,16.97,0.08426,0.14671,0.97903,0.991,-0.314,-0.888,True
HC_05,healthy,16.98,0.07562,0.16662,0.98068,1.168,-0.507,-1.651,True
HC_05,healthy,16.990000000000002,0.09087,0.20225,0.96062,-0.2,-0.837,-1.064,True
HC_05,healthy,17.0,0.12723,0.20848,0.96904,-0.11,-0.192,-0.303,True
HC_05,healthy,17.01,0.11685,0.1874,0.95026,0.445,-2.046,-2.025,True
HC_05,healthy,17.02,0.12082,0.19189,0.9719,-1.536,-0.578,0.836,True
HC_05,healthy,17.03,0.11968,0.19261,0.96585,-0.545,-0.318,0.459,True
HC_05,healthy,17.04,0.11285,0.18846,0.95678,-0.586,-0.58,1.028,True
HC_05,healthy,17.05,0.0948,0.19468,0.95788,-0.202,-1.546,-1.141,True
HC_05,healthy,17.06,0.11216,0.13548,0.95519,-0.004,-0.345,0.273,True
HC_05,healthy,17.07,0.1145,0.16389,0.96948,0.989,-0.173,-0.222,True
HC_05,healthy,17.080000000000002,0.09607,0.16409,0.96922,0.976,-0.842,-1.897,True
HC_05,healthy,17.09,0.09562,0.19577,1.00306,-0.156,-0.834,-1.699,True
HC_05,healthy,17.1,0.10039,0.18991,0.96372,1.083,-1.674,-0.57,True
HC_05,healthy,17.11,0.09532,0.19088,0.97309,-0.996,0.824,0.302,True
HC_05,healthy,17.12,0.12153,0.17529,0.99232,-0.463,0.726,1.647,True
HC_05,healthy,17.13,0.12466,0.18944,0.97522,-1.127,1.167,0.405,True
HC_05,healthy,17.14,0.10376,0.11787,0.97423,1.324,1.174,1.348,True
HC_05,healthy,17.150000000000002,0.0931,0.17467,1.00782,0.713,0.419,-1.065,True
HC_05,healthy,17.16,0.10624,0.18068,0.9641,0.756,-0.908,-0.647,True
HC_05,healthy,17.17,0.06336,0.14711,0.96819,0.135,0.519,-1.935,True
HC_05,healthy,17.18,0.09959,0.162,0.95687,0.065,-1.589,-1.076,True
HC_05,healthy,17.19,0.08327,0.16938,0.98031,0.194,-0.536,-1.567,True
HC_05,healthy,17.2,0.09677,0.19932,0.99286,-0.032,0.044,-2.014,True
HC_05,healthy,17.21,0.08679,0.21017,0.96228,-0.019,0.601,1.081,True
HC_05,healthy,17.22,0.13,0.21078,0.94766,0.926,-1.352,0.811,True
HC_05,healthy,17.23,0.13093,0.18188,0.95943,-0.441,0.506,2.767,True
HC_05,healthy,17.240000000000002,0.10409,0.15593,0.95136,-0.48,0.211,0.314,True
HC_05,healthy,17.25,0.11555,0.1577,0.97786,-0.305,-0.118,-2.146,True
HC_05,healthy,17.26,0.1048,0.17633,0.97683,0.226,-0.334,-1.649,True
HC_05,healthy,17.27,0.10357,0.17382,0.96712,0.84,0.517,-0.374,True
HC_05,healthy,17.28,0.09432,0.1802,0.9814,-0.907,-0.355,-1.937,True
HC_05,healthy,17.29,0.06989,0.19734,0.98286,0.947,1.214,-1.452,True
HC_05,healthy,17.3,0.08164,0.20257,0.97692,-0.301,0.359,-0.847,True
HC_05,healthy,17.31,0.1038,0.18199,0.95225,0.042,-0.513,0.054,True
HC_05,healthy,17.32,0.086,0.18444,0.99566,0.504,0.664,1.654,True
HC_05,healthy,17.330000000000002,0.13956,0.16677,0.97836,-0.305,-0.455,0.533,True
HC_05,healthy,17.34,0.11542,0.18058,1.0043,0.379,0.396,0.861,True
HC_05,healthy,17.35,0.11295,0.16054,0.96205,1.081,-0.286,-0.269,True
HC_05,healthy,17.36,0.08392,0.1821,0.96087,0.083,-0.894,-1.476,True
HC_05,healthy,17.37,0.08526,0.14632,1.00859,-0.363,-0.117,-1.178,True
HC_05,healthy,17.38,0.06544,0.19423,0.94056,1.542,-0.94,-0.451,True
HC_05,healthy,17.39,0.10298,0.19528,0.95162,0.32,1.193,-1.203,True
HC_05,healthy,17.400000000000002,0.08913,0.15059,0.98911,-0.856,-0.642,0.112,True
HC_05,healthy,17.41,0.09916,0.17893,0.94759,0.417,-1.688,-0.172,True
HC_05,healthy,17.42,0.07761,0.18259,0.97016,-0.423,0.525,2.47,True
HC_05,healthy,17.43,0.1321,0.14082,0.98622,-0.855,0.077,0.447,True
HC_05,healthy,17.44,0.12689,0.16419,0.9619,-1.495,-0.003,0.387,True
HC_05,healthy,17.45,0.11505,0.16783,0.99043,0.111,0.852,-0.714,True
HC_05,healthy,17.46,0.08897,0.14102,0.97055,-0.38,-0.54,-0.974,True
HC_05,healthy,17.47,0.10711,0.17321,0.97317,-0.348,1.645,-2.928,True
HC_05,healthy,17.48,0.10135,0.14553,0.94924,-0.625,0.601,-2.37,True
HC_05,healthy,17.490000000000002,0.10342,0.17664,0.97897,-1.42,0.382,0.089,True
HC_05,healthy,17.5,0.13656,0.18899,0.97348,1.275,-0.453,-0.149,True
HC_05,healthy,17.51,0.10803,0.17905,0.95963,-0.759,-0.994,1.107,True
HC_05,healthy,17.52,0.14504,0.15834,0.96612,-1.356,1.009,2.621,True
HC_05,healthy,17.53,0.12654,0.16035,1.00312,0.34,0.966,3.163,True
HC_05,healthy,17.54,0.1047,0.15854,0.99116,0.391,-1.033,0.411,True
HC_05,healthy,17.55,0.09062,0.16408,0.9616,0.5,-0.2,-0.872,True
HC_05,healthy,17.56,0.08867,0.16183,1.00493,-0.321,0.554,-1.042,True
HC_05,healthy,17.57,0.09283,0.18408,0.9689,-0.134,-0.568,-1.47,True
HC_05,healthy,17.580000000000002,0.07989,0.16621,0.99292,0.371,0.461,-1.208,True
HC_05,healthy,17.59,0.13839,0.2155,0.97603,-2.247,-0.349,-0.259,True
HC_05,healthy,17.6,0.10821,0.18424,1.00331,-0.214,0.381,0.334,True
HC_05,healthy,17.61,0.12853,0.16163,0.95519,-0.862,1.619,2.008,True
HC_05,healthy,17.62,0.10303,0.15291,0.98153,0.082,0.547,0.903,True
HC_05,healthy,17.63,0.09982,0.17258,0.96944,-0.473,0.589,0.892,True
HC_05,healthy,17.64,0.09092,0.1911,0.95698,0.627,-0.145,-0.819,True
HC_05,healthy,17.650000000000002,0.07676,0.1634,0.98207,-1.11,-0.195,-0.385,True
HC_05,healthy,17.66,0.04306,0.13566,0.94451,0.008,0.767,-0.729,True
HC_05,healthy,17.67,0.07971,0.16706,0.93646,-0.14,0.041,-1.455,True
HC_05,healthy,17.68,0.08441,0.1724,0.96216,-0.529,-1.281,-1.367,True
HC_05,healthy,17.69,0.09512,0.20209,0.97644,0.382,-0.319,0.159,True
HC_05,healthy,17.7,0.12956,0.17696,0.95344,-0.589,0.128,0.044,True
HC_05,healthy,17.71,0.11883,0.17111,0.96432,1.405,0.857,2.393,True
HC_05,healthy,17.72,0.09396,0.16436,1.00598,-0.192,-0.758,0.484,True
HC_05,healthy,17.73,0.12649,0.15628,0.96218,-1.475,0.03,0.314,True
HC_05,healthy,17.740000000000002,0.08869,0.12953,0.99372,-0.626,0.795,0.173,True
HC_05,healthy,17.75,0.10359,0.17588,0.97514,-0.961,0.1,-1.766,True
HC_05,healthy,17.76,0.0531,0.17804,0.97759,-0.301,-1.39,-1.564,True
HC_05,healthy,17.77,0.09116,0.18749,0.98884,-0.802,-0.654,-0.973,True
HC_05,healthy,17.78,0.0863,0.18511,0.99312,-0.534,0.873,-1.714,True
HC_05,healthy,17.79,0.09906,0.16023,0.96722,0.068,-0.074,1.852,True
HC_05,healthy,17.8,0.13289,0.19739,0.96524,0.748,0.555,0.255,True
HC_05,healthy,17.81,0.11999,0.18159,0.98714,0.417,-0.183,1.645,True
HC_05,healthy,17.82,0.11415,0.19887,0.94783,0.896,-1.267,1.849,True
HC_05,healthy,17.830000000000002,0.10764,0.15749,0.96424,0.005,-0.851,1.371,True
HC_05,healthy,17.84,0.11317,0.17562,0.98461,-0.983,2.344,-1.402,True
HC_05,healthy,17.85,0.09655,0.1569,0.98636,0.466,0.146,-0.931,True
HC_05,healthy,17.86,0.07167,0.14891,0.96377,-0.803,-1.477,-1.988,True
HC_05,healthy,17.87,0.0971,0.19209,0.97119,0.047,-0.27,-0.464,True
HC_05,healthy,17.88,0.11734,0.16446,0.95882,0.105,-0.553,0.009,True
HC_05,healthy,17.89,0.12674,0.19363,0.95455,1.443,0.679,0.999,True
HC_05,healthy,17.900000000000002,0.11642,0.19144,0.96187,0.173,1.053,2.018,True
HC_05,healthy,17.91,0.12354,0.18523,0.99397,-0.912,0.653,2.242,True
HC_05,healthy,17.92,0.13966,0.12022,0.96779,0.554,0.444,0.315,True
HC_05,healthy,17.93,0.10528,0.15639,0.97018,0.357,0.803,-0.32,True
HC_05,healthy,17.94,0.08798,0.17593,0.96386,-1.247,-0.998,-0.791,True
HC_05,healthy,17.95,0.09781,0.18797,0.97949,0.172,-1.24,-1.326,True
HC_05,healthy,17.96,0.04812,0.18412,0.97024,-0.828,0.342,-2.373,True
HC_05,healthy,17.97,0.0899,0.1935,0.98173,0.516,0.753,-2.022,True
HC_05,healthy,17.98,0.08407,0.18304,0.95463,1.231,-0.242,0.409,True
HC_05,healthy,17.990000000000002,0.12641,0.18763,0.97995,-0.359,-0.563,-0.651,True
HC_05,healthy,18.0,0.12071,0.19373,0.97262,1.25,0.279,2.505,True
HC_05,healthy,18.01,0.10723,0.18968,0.96838,-0.756,1.751,0.824,True
HC_05,healthy,18.02,0.11755,0.17164,0.94504,-0.661,1.284,1.613,True
HC_05,healthy,18.03,0.09847,0.16238,0.98209,1.572,-0.175,-0.283,True
HC_05,healthy,18.04,0.10459,0.18802,0.96845,-0.055,-0.383,-0.079,True
HC_05,healthy,18.05,0.08747,0.17994,0.97626,0.448,-0.708,-2.191,True
HC_05,healthy,18.06,0.07606,0.17493,0.95421,0.231,0.238,-1.25,True
HC_05,healthy,18.07,0.08876,0.1594,0.95681,0.372,-0.343,-1.95,True
HC_05,healthy,18.080000000000002,0.12055,0.18116,0.94924,-1.208,-1.064,0.258,True
HC_05,healthy,18.09,0.10977,0.223,0.98784,-0.423,0.837,1.798,True
HC_05,healthy,18.1,0.13155,0.19159,0.97827,0.033,-0.413,2.597,True
HC_05,healthy,18.11,0.11261,0.19177,0.97013,-1.07,-0.367,1.589,True
HC_05,healthy,18.12,0.10219,0.17102,0.97621,-0.477,0.92,0.126,True
HC_05,healthy,18.13,0.08586,0.18944,0.99407,0.274,0.006,-0.206,True
HC_05,healthy,18.14,0.06041,0.1793,0.97822,-0.332,1.663,-0.854,True
HC_05,healthy,18.150000000000002,0.10027,0.16711,0.9722,-0.971,-0.264,-1.699,True
HC_05,healthy,18.16,0.06353,0.15624,0.97834,-0.52,0.723,-2.432,True
HC_05,healthy,18.17,0.09377,0.17429,0.95932,-0.148,1.202,-0.649,True
HC_05,healthy,18.18,0.12461,0.19256,0.94346,0.333,0.621,0.883,True
HC_05,healthy,18.19,0.13462,0.18359,0.9635,0.187,-0.7,0.635,True
HC_05,healthy,18.2,0.12257,0.18239,0.9866,0.428,-1.474,0.613,True
HC_05,healthy,18.21,0.10288,0.15342,0.9527,-0.439,0.254,0.612,True
HC_05,healthy,18.22,0.10151,0.18253,0.98488,-0.563,-0.141,0.889,True
HC_05,healthy,18.23,0.11782,0.19584,0.99456,-1.166,-0.127,-1.606,True
HC_05,healthy,18.240000000000002,0.08826,0.1612,0.97153,0.463,-2.288,-0.786,True
HC_05,healthy,18.25,0.09854,0.18021,0.96502,0.065,0.298,-1.424,True
HC_05,healthy,18.26,0.08068,0.19337,0.99236,0.012,-0.344,-0.817,True
HC_05,healthy,18.27,0.09169,0.17847,0.96586,-0.748,-1.362,0.37,True
HC_05,healthy,18.28,0.10472,0.17197,0.98588,-0.218,-0.405,0.613,True
HC_05,healthy,18.29,0.12272,0.19317,0.96686,-0.023,0.379,2.787,True
HC_05,healthy,18.3,0.13432,0.18607,0.9526,0.433,0.682,2.539,True
HC_05,healthy,18.31,0.10317,0.18106,0.98668,-0.42,-0.5,3.227,True
HC_05,healthy,18.32,0.10728,0.16991,0.9692,-1.104,-0.468,-0.764,True
HC_05,healthy,18.330000000000002,0.06869,0.19514,0.95675,-0.529,0.687,-1.092,True
HC_05,healthy,18.34,0.11104,0.18252,0.96507,-0.213,-0.198,-2.849,True
HC_05,healthy,18.35,0.11377,0.18384,0.97511,-0.601,-0.929,-0.362,True
HC_05,healthy,18.36,0.11775,0.18191,0.9766,0.092,-1.474,-0.301,True
HC_05,healthy,18.37,0.09722,0.19084,0.96315,-0.67,-1.346,0.021,True
HC_05,healthy,18.38,0.08666,0.18958,0.96882,-0.494,0.292,0.578,True
HC_05,healthy,18.39,0.12116,0.168,0.96334,0.209,-0.229,3.703,True
HC_05,healthy,18.400000000000002,0.1424,0.18312,0.97073,1.733,0.081,2.084,True
HC_05,healthy,18.41,0.12123,0.16378,0.95855,-0.837,0.178,1.524,True
HC_05,healthy,18.42,0.1118,0.15714,0.96472,-0.52,-1.6,0.213,True
HC_05,healthy,18.43,0.10516,0.1721,0.97975,-0.063,-1.552,-2.177,True
HC_05,healthy,18.44,0.106,0.18293,0.97352,-0.015,0.436,-0.913,True
HC_05,healthy,18.45,0.08847,0.17969,0.96782,-0.067,0.255,-0.366,True
HC_05,healthy,18.46,0.10336,0.16429,0.97387,-1.027,0.614,-0.074,True
HC_05,healthy,18.47,0.1034,0.19684,0.95147,-0.709,0.05,-0.506,True
HC_05,healthy,18.48,0.09546,0.20267,0.98184,0.317,0.253,0.86,True
HC_05,healthy,18.490000000000002,0.1058,0.19975,0.95401,-0.628,0.421,1.837,True
HC_05,healthy,18.5,0.1237,0.16675,0.97974,0.383,0.127,2.403,True
HC_05,healthy,18.51,0.1003,0.15967,0.94029,-0.57,-0.103,1.021,True
HC_05,healthy,18.52,0.1332,0.16136,0.96863,0.982,-0.243,-0.742,True
HC_05,healthy,18.53,0.09534,0.17271,0.96944,0.42,0.398,-0.751,True
HC_05,healthy,18.54,0.09249,0.14995,0.95595,-0.309,1.684,-1.573,True
HC_05,healthy,18.55,0.09489,0.19109,0.9653,1.556,0.051,-0.046,True
HC_05,healthy,18.56,0.09446,0.17843,0.96795,0.339,-0.587,-0.161,True
HC_05,healthy,18.57,0.1386,0.17549,0.95623,-0.727,1.026,0.89,True
HC_05,healthy,18.580000000000002,0.13619,0.19703,0.97218,-0.428,1.796,2.383,True
HC_05,healthy,18.59,0.13693,0.16954,0.95657,0.292,-0.961,1.228,True
HC_05,healthy,18.6,0.13313,0.17112,1.00012,0.948,-0.202,1.131,True
HC_05,healthy,18.61,0.11256,0.18321,0.96189,-0.817,-0.376,-0.587,True
HC_05,healthy,18.62,0.09444,0.1778,0.98294,0.38,-0.19,-0.702,True
HC_05,healthy,18.63,0.10117,0.1743,0.95772,0.487,1.945,-2.144,True
HC_05,healthy,18.64,0.09504,0.20265,0.95552,0.881,0.148,-2.243,True
HC_05,healthy,18.650000000000002,0.10988,0.17658,0.98242,-1.037,-1.506,-0.729,True
HC_05,healthy,18.66,0.09824,0.18344,0.96029,-0.168,-1.519,-0.201,True
HC_05,healthy,18.67,0.12428,0.18969,0.98212,-0.315,0.105,0.691,True
HC_05,healthy,18.68,0.10401,0.18419,0.98621,0.705,1.229,2.26,True
HC_05,healthy,18.69,0.12808,0.17605,0.96139,1.508,0.785,0.463,True
HC_05,healthy,18.7,0.12156,0.14523,0.94428,0.207,-0.828,1.194,True
HC_05,healthy,18.71,0.10639,0.16661,0.98091,0.579,0.654,-0.702,True
HC_05,healthy,18.72,0.10281,0.17206,0.96311,-0.404,1.612,-0.932,True
HC_05,healthy,18.73,0.1088,0.17587,0.9461,-0.251,-0.111,-3.426,True
HC_05,healthy,18.740000000000002,0.10803,0.18199,0.94317,-0.013,1.339,-2.718,True
HC_05,healthy,18.75,0.1065,0.20673,0.99885,0.676,-1.776,0.494,True
HC_05,healthy,18.76,0.11802,0.1889,0.98486,-0.083,0.163,1.081,True
HC_05,healthy,18.77,0.1465,0.21191,0.9585,1.552,-0.691,-0.088,True
HC_05,healthy,18.78,0.13989,0.20712,0.97519,0.939,0.353,0.636,True
HC_05,healthy,18.79,0.15508,0.185,0.97134,0.194,-1.398,1.881,True
HC_05,healthy,18.8,0.16396,0.17315,0.95251,-0.224,-1.052,1.535,True
HC_05,healthy,18.81,0.14179,0.17954,0.96292,-0.37,1.419,-1.215,True
HC_05,healthy,18.82,0.1102,0.15839,0.95775,-0.128,0.72,-1.82,True
HC_05,healthy,18.830000000000002,0.09962,0.191,0.98487,-0.388,0.477,-0.908,True
HC_05,healthy,18.84,0.10601,0.18544,0.95152,-0.732,0.578,-2.369,True
HC_05,healthy,18.85,0.11366,0.18787,0.98134,-0.368,-0.677,-1.613,True
HC_05,healthy,18.86,0.11171,0.19068,0.96977,-2.049,-0.54,0.637,True
HC_05,healthy,18.87,0.13349,0.19248,0.96428,1.51,0.36,2.792,True
HC_05,healthy,18.88,0.15177,0.16646,0.96177,0.349,1.226,0.707,True
HC_05,healthy,18.89,0.12431,0.19091,0.94765,0.226,-0.923,2.565,True
HC_05,healthy,18.900000000000002,0.11416,0.16994,0.98687,1.424,-0.49,1.602,True
HC_05,healthy,18.91,0.14934,0.17806,0.96557,-0.122,-0.536,-1.048,True
HC_05,healthy,18.92,0.12086,0.19186,0.98738,-0.627,-0.262,-0.988,True
HC_05,healthy,18.93,0.11678,0.18514,0.95142,-0.399,-0.127,-1.128,True
HC_05,healthy,18.94,0.12746,0.15497,0.93111,-0.595,-0.052,-0.368,True
HC_05,healthy,18.95,0.10334,0.19225,0.96588,-0.908,-1.541,0.709,True
HC_05,healthy,18.96,0.15043,0.16427,0.97037,0.985,0.181,-0.065,True
HC_05,healthy,18.97,0.13759,0.18674,0.96801,0.53,1.339,1.634,True
HC_05,healthy,18.98,0.14928,0.18378,0.95323,0.137,0.991,3.16,True
HC_05,healthy,18.990000000000002,0.13939,0.19899,0.95779,-1.085,0.746,0.555,True
HC_05,healthy,19.0,0.12552,0.18416,0.95833,0.869,-0.028,-0.104,True
HC_05,healthy,19.01,0.10336,0.18291,0.98439,1.096,0.784,-0.632,True
HC_05,healthy,19.02,0.11996,0.15392,0.97226,-0.36,-0.358,-2.338,True
HC_05,healthy,19.03,0.09345,0.20294,0.98281,-0.462,1.036,-2.127,True
HC_05,healthy,19.04,0.09453,0.18934,0.97792,0.524,-0.708,0.199,True
HC_05,healthy,19.05,0.12112,0.21191,0.9726,0.845,-0.973,-0.288,True
HC_05,healthy,19.06,0.12993,0.18812,0.9692,-0.093,-0.821,0.322,True
HC_05,healthy,19.07,0.16506,0.17828,0.98015,0.661,0.483,1.926,True
HC_05,healthy,19.080000000000002,0.13244,0.18703,0.96851,0.538,0.37,1.888,True
HC_05,healthy,19.09,0.13322,0.18593,0.9863,-1.199,-0.518,-0.14,True
HC_05,healthy,19.1,0.08954,0.16066,0.96341,1.257,-1.64,0.161,True
HC_05,healthy,19.11,0.1127,0.1746,0.95281,-0.177,0.231,-1.785,True
HC_05,healthy,19.12,0.10743,0.19213,0.96443,1.475,-0.424,-3.036,True
HC_05,healthy,19.13,0.06894,0.16283,0.96524,0.332,0.574,-1.047,True
HC_05,healthy,19.14,0.11203,0.20457,0.95424,-0.142,0.12,-1.533,True
HC_05,healthy,19.150000000000002,0.11447,0.18774,0.95989,-1.0,-0.677,-0.219,True
HC_05,healthy,19.16,0.11475,0.19494,0.95889,-1.466,0.478,0.145,True
HC_05,healthy,19.17,0.16918,0.21528,0.9561,-0.562,0.392,1.223,True
HC_05,healthy,19.18,0.10444,0.182,0.95448,0.313,0.713,-0.369,True
HC_05,healthy,19.19,0.1659,0.17081,0.95414,-0.483,0.038,0.996,True
HC_05,healthy,19.2,0.09598,0.20024,0.95931,-0.2,1.68,-0.044,True
HC_05,healthy,19.21,0.12098,0.17686,0.97354,0.771,0.075,-0.476,True
HC_05,healthy,19.22,0.11197,0.19,0.98179,0.412,0.229,-2.285,True
HC_05,healthy,19.23,0.13634,0.22519,0.98174,-1.189,0.793,-1.17,True
HC_05,healthy,19.240000000000002,0.11368,0.20344,0.96014,-0.864,-0.968,-0.403,True
HC_05,healthy,19.25,0.10548,0.23596,0.96455,0.167,-0.685,-0.373,True
HC_05,healthy,19.26,0.13558,0.16812,0.98736,0.56,1.023,0.632,True
HC_05,healthy,19.27,0.1284,0.19778,0.94858,0.595,-0.471,0.867,True
HC_05,healthy,19.28,0.13458,0.17458,0.95211,0.041,0.053,1.214,True
HC_05,healthy,19.29,0.13555,0.14769,0.93563,-0.17,0.146,1.149,True
HC_05,healthy,19.3,0.16008,0.17695,0.96184,-0.89,0.257,0.328,True
HC_05,healthy,19.31,0.14165,0.18986,0.95039,0.406,-1.091,-1.64,True
HC_05,healthy,19.32,0.13744,0.19856,0.94988,-0.089,-0.608,-1.413,True
HC_05,healthy,19.330000000000002,0.11916,0.21211,0.95472,-0.519,0.255,0.207,True
HC_05,healthy,19.34,0.1044,0.19265,0.95214,0.247,0.5,1.348,True
HC_05,healthy,19.35,0.14557,0.19593,0.93857,-0.749,-0.133,0.883,True
HC_05,healthy,19.36,0.16085,0.17791,0.9355,-0.378,-0.927,0.779,True
HC_05,healthy,19.37,0.16744,0.19223,0.98319,0.914,-1.035,1.176,True
HC_05,healthy,19.38,0.15078,0.17555,0.96194,0.939,-0.153,0.314,True
HC_05,healthy,19.39,0.14744,0.15286,0.97316,-1.256,-0.428,0.705,True
HC_05,healthy,19.400000000000002,0.11351,0.17812,0.93803,2.477,1.053,0.332,True
HC_05,healthy,19.41,0.10373,0.20269,0.9538,0.509,0.207,-1.909,True
HC_05,healthy,19.42,0.11449,0.18788,0.93589,0.782,-0.021,-2.381,True
HC_05,healthy,19.43,0.10955,0.19802,0.89361,-0.208,0.338,-2.072,True
HC_05,healthy,19.44,0.12213,0.21757,0.95543,0.828,0.369,-0.24,True
HC_05,healthy,19.45,0.14613,0.19091,0.96454,-0.683,-0.637,1.72,True
HC_05,healthy,19.46,0.15699,0.21622,0.97852,0.164,0.084,3.352,True
HC_05,healthy,19.47,0.16908,0.2065,0.9582,-0.589,-1.119,0.63,True
HC_05,healthy,19.48,0.16872,0.18572,0.98428,-0.395,-0.721,0.596,True
HC_05,healthy,19.490000000000002,0.13184,0.16804,0.97438,-0.149,-0.308,-1.071,True
HC_05,healthy,19.5,0.13796,0.20139,0.9672,0.586,0.426,-2.19,True
HC_05,healthy,19.51,0.1103,0.19792,0.95562,-0.202,0.502,0.019,True
HC_05,healthy,19.52,0.11056,0.18352,0.96776,0.284,-0.069,-0.995,True
HC_05,healthy,19.53,0.17361,0.17449,0.98524,1.02,-1.437,-1.048,True
HC_05,healthy,19.54,0.14942,0.21506,0.96096,0.911,-0.674,1.51,True
HC_05,healthy,19.55,0.13584,0.18806,0.93655,-0.328,-0.248,0.607,True
HC_05,healthy,19.56,0.13692,0.20309,0.93302,-0.885,1.216,1.765,True
HC_05,healthy,19.57,0.1642,0.18922,0.94359,-0.582,0.783,3.014,True
HC_05,healthy,19.580000000000002,0.14408,0.17948,0.95845,-0.192,0.212,0.577,True
HC_05,healthy,19.59,0.09735,0.16568,0.9685,1.141,-1.428,0.567,True
HC_05,healthy,19.6,0.09747,0.17414,0.97119,0.528,-0.288,-2.055,True
HC_05,healthy,19.61,0.12301,0.2108,0.95185,0.455,0.08,-1.34,True
HC_05,healthy,19.62,0.11147,0.20847,0.92718,0.571,0.215,-1.346,True
HC_05,healthy,19.63,0.14956,0.23398,0.96824,-0.366,0.661,-0.154,True
HC_05,healthy,19.64,0.13565,0.19139,0.946,1.235,0.318,1.111,True
HC_05,healthy,19.650000000000002,0.15493,0.23116,0.9666,-0.928,0.436,2.261,True
HC_05,healthy,19.66,0.1827,0.18212,0.94674,0.706,-0.623,1.69,True
HC_05,healthy,19.67,0.13991,0.16039,0.93407,0.142,-0.134,0.251,True
HC_05,healthy,19.68,0.14196,0.17948,0.95017,0.734,-2.032,0.383,True
HC_05,healthy,19.69,0.14504,0.17495,0.95049,-0.924,0.504,-0.265,True
HC_05,healthy,19.7,0.12508,0.18651,0.96815,-0.31,0.732,-1.07,True
HC_05,healthy,19.71,0.136,0.20356,0.98778,-0.689,-0.742,-2.818,True
HC_05,healthy,19.72,0.13298,0.2237,0.95898,0.026,-0.643,-0.733,True
HC_05,healthy,19.73,0.15861,0.16819,0.94873,-0.252,0.738,-0.901,True
HC_05,healthy,19.740000000000002,0.14799,0.22888,0.95698,0.3,0.08,0.959,True
HC_05,healthy,19.75,0.12635,0.20254,0.94855,0.369,0.132,1.211,True
HC_05,healthy,19.76,0.1489,0.17282,0.96145,0.3,1.01,1.345,True
HC_05,healthy,19.77,0.14211,0.18885,0.95185,-0.089,-0.737,-2.233,True
HC_05,healthy,19.78,0.1806,0.1743,0.9284,-0.368,-0.171,-1.061,True
HC_05,healthy,19.79,0.09665,0.19453,0.96507,2.232,-0.237,-1.528,True
HC_05,healthy,19.8,0.16043,0.17778,0.95172,-0.157,0.037,-1.49,True
HC_05,healthy,19.81,0.11994,0.18538,0.93761,-0.16,-0.625,-0.954,True
HC_05,healthy,19.82,0.11043,0.19384,0.93378,0.223,-0.554,-1.15,True
HC_05,healthy,19.830000000000002,0.13712,0.22316,0.95737,0.83,0.431,0.696,True
HC_05,healthy,19.84,0.14876,0.18921,0.94861,-0.854,-1.85,1.214,True
HC_05,healthy,19.85,0.1533,0.20326,0.95803,-0.638,0.821,1.513,True
HC_05,healthy,19.86,0.17373,0.17741,0.93607,-0.014,-0.048,0.813,True
HC_05,healthy,19.87,0.14647,0.19709,0.9653,1.969,0.332,1.006,True
HC_05,healthy,19.88,0.12158,0.21215,0.95818,0.103,-0.997,0.041,True
HC_05,healthy,19.89,0.13649,0.18405,0.91116,-0.201,0.685,-1.908,True
HC_05,healthy,19.900000000000002,0.12238,0.19088,0.95341,-0.265,-1.898,-1.013,True
HC_05,healthy,19.91,0.15552,0.19775,0.94688,-0.843,0.563,-0.334,True
HC_05,healthy,19.92,0.14241,0.22855,0.95424,-0.098,-1.905,0.82,True
HC_05,healthy,19.93,0.15216,0.22238,0.93088,0.914,0.329,1.74,True
HC_05,healthy,19.94,0.16127,0.20172,0.94075,0.045,-1.006,1.4,True
HC_05,healthy,19.95,0.16048,0.19679,0.95144,1.287,0.142,1.904,True
HC_05,healthy,19.96,0.17188,0.20973,0.9733,-0.416,-0.932,1.161,True
HC_05,healthy,19.97,0.16734,0.17019,0.9452,-0.762,0.331,-0.019,True
HC_05,healthy,19.98,0.16199,0.19497,0.94415,0.307,-0.879,0.45,True
HC_05,healthy,19.990000000000002,0.161,0.16986,0.96037,0.082,-1.128,-1.334,True
HC_05,healthy,20.0,0.13963,0.22339,0.97496,-1.545,-0.635,-0.817,True
HC_05,healthy,20.01,0.12668,0.21811,0.97071,-0.837,-0.421,-2.322,True
HC_05,healthy,20.02,0.16351,0.2142,0.96488,-1.839,-0.604,0.486,True
HC_05,healthy,20.03,0.15731,0.21596,0.96982,0.459,1.342,2.793,True
HC_05,healthy,20.04,0.18396,0.22001,0.93867,-0.596,-0.843,0.672,True
HC_05,healthy,20.05,0.15614,0.19502,0.95458,-1.676,0.705,1.285,True
HC_05,healthy,20.06,0.16004,0.17384,0.92785,-0.251,-0.067,1.029,True
HC_05,healthy,20.07,0.13657,0.19637,0.95957,-0.172,-0.272,-0.754,True
HC_05,healthy,20.080000000000002,0.14043,0.18903,0.90849,-1.137,0.429,-0.677,True
HC_05,healthy,20.09,0.13765,0.18497,0.93206,0.755,-0.148,-3.012,True
HC_05,healthy,20.1,0.1464,0.21324,0.95384,-0.046,1.011,-0.702,True
HC_05,healthy,20.11,0.159,0.25018,0.95727,0.111,1.188,-0.913,True
HC_05,healthy,20.12,0.14357,0.18895,0.92995,-0.626,0.103,-0.072,True
HC_05,healthy,20.13,0.16999,0.21006,0.93691,-0.135,-0.534,1.23,True
HC_05,healthy,20.14,0.17588,0.17831,0.92169,0.174,-0.872,2.182,True
HC_05,healthy,20.150000000000002,0.17283,0.19397,0.96564,-1.309,-0.099,0.951,True
HC_05,healthy,20.16,0.16574,0.21013,0.9301,0.357,0.724,3.155,True
HC_05,healthy,20.17,0.14912,0.18751,0.95826,-0.156,0.924,-0.277,True
HC_05,healthy,20.18,0.13644,0.16887,0.9321,-0.706,-0.649,-0.444,True
HC_05,healthy,20.19,0.14064,0.22695,0.97723,1.132,0.544,0.259,True
HC_05,healthy,20.2,0.13841,0.16757,0.92316,-0.891,1.109,-1.527,True
HC_05,healthy,20.21,0.16486,0.2097,0.94875,-0.604,0.574,0.401,True
HC_05,healthy,20.22,0.16064,0.21299,0.9568,-0.132,-0.396,1.044,True
HC_05,healthy,20.23,0.17581,0.17953,0.91177,-0.129,0.018,0.735,True
HC_05,healthy,20.240000000000002,0.1506,0.22742,0.95282,-0.431,-1.628,1.404,True
HC_05,healthy,20.25,0.17097,0.18658,0.95036,-0.918,-0.473,2.003,True
HC_05,healthy,20.26,0.17293,0.17257,0.94489,-0.34,0.721,0.378,True
HC_05,healthy,20.27,0.14512,0.21164,0.9325,-0.752,-1.021,-0.466,True
HC_05,healthy,20.28,0.12769,0.22371,0.93414,0.595,-0.088,-0.745,True
HC_05,healthy,20.29,0.13638,0.21159,0.94215,-1.217,-0.504,-3.582,True
HC_05,healthy,20.3,0.16846,0.20452,0.94158,-0.258,2.246,0.375,True
HC_05,healthy,20.31,0.16673,0.22931,0.92409,0.628,0.282,-0.855,True
HC_05,healthy,20.32,0.1536,0.21511,0.94792,-0.426,0.66,0.673,True
HC_05,healthy,20.330000000000002,0.16317,0.21638,0.94442,0.027,-0.665,0.507,True
HC_05,healthy,20.34,0.20607,0.22846,0.95144,-1.484,0.495,1.232,True
HC_05,healthy,20.35,0.15312,0.19167,0.93801,-1.628,-0.29,0.661,True
HC_05,healthy,20.36,0.18199,0.21685,0.92959,0.077,-1.229,1.253,True
HC_05,healthy,20.37,0.17422,0.17856,0.94599,0.666,-0.173,0.056,True
HC_05,healthy,20.38,0.14343,0.19994,0.9406,0.177,-1.187,-2.389,True
HC_05,healthy,20.39,0.14687,0.22432,0.93562,0.989,-1.281,-1.399,True
HC_05,healthy,20.400000000000002,0.14515,0.20554,0.94411,0.643,1.045,-1.208,True
HC_05,healthy,20.41,0.14738,0.21758,0.9569,-1.047,1.64,1.675,True
HC_05,healthy,20.42,0.17094,0.19934,0.94928,0.29,0.842,0.928,True
HC_05,healthy,20.43,0.14902,0.18124,0.91234,-0.095,0.546,0.651,True
HC_05,healthy,20.44,0.18328,0.21204,0.96197,-0.754,-0.904,0.946,True
HC_05,healthy,20.45,0.17397,0.17248,0.91866,0.664,0.521,0.959,True
HC_05,healthy,20.46,0.16416,0.20131,0.95112,-0.426,-0.821,0.4,True
HC_05,healthy,20.47,0.18928,0.20704,0.94257,-0.457,-0.967,-0.708,True
HC_05,healthy,20.48,0.12892,0.20433,0.9282,1.211,1.256,-1.917,True
HC_05,healthy,20.490000000000002,0.15009,0.20236,0.93162,-0.235,0.414,-2.3,True
HC_05,healthy,20.5,0.16106,0.21989,0.95629,0.154,1.603,-0.268,True
HC_05,healthy,20.51,0.16273,0.20775,0.93209,-0.787,0.124,0.431,True
HC_05,healthy,20.52,0.19749,0.20936,0.93643,-0.663,-0.372,2.143,True
HC_05,healthy,20.53,0.18034,0.19165,0.91631,-0.273,-0.501,0.938,True
HC_05,healthy,20.54,0.17043,0.19072,0.93907,0.271,1.43,1.469,True
HC_05,healthy,20.55,0.18334,0.20284,0.9531,0.332,-0.333,0.916,True
HC_05,healthy,20.56,0.16387,0.19657,0.96255,-0.209,-0.654,-1.423,True
HC_05,healthy,20.57,0.15937,0.21996,0.95009,0.639,0.043,-0.99,True
HC_05,healthy,20.580000000000002,0.15778,0.20569,0.9295,1.439,-0.045,-1.335,True
HC_05,healthy,20.59,0.14632,0.22092,0.94643,0.302,-0.233,-0.622,True
HC_05,healthy,20.6,0.16021,0.1923,0.9521,-0.443,0.777,-1.07,True
HC_05,healthy,20.61,0.182,0.22165,0.94663,0.61,0.46,1.27,True
HC_05,healthy,20.62,0.18743,0.22893,0.94013,0.539,0.563,2.373,True
HC_05,healthy,20.63,0.15303,0.21642,0.93922,0.258,0.292,1.656,True
HC_05,healthy,20.64,0.1981,0.21404,0.96525,0.341,-1.179,0.981,True
HC_05,healthy,20.650000000000002,0.16834,0.20372,0.95776,-0.247,0.01,1.119,True
HC_05,healthy,20.66,0.14605,0.19419,0.94742,1.207,0.286,0.683,True
HC_05,healthy,20.67,0.15398,0.20357,0.92223,-0.09,1.071,-1.881,True
HC_05,healthy,20.68,0.13687,0.21114,0.91518,-0.405,-0.151,-2.114,True
HC_05,healthy,20.69,0.15904,0.2261,0.97577,0.519,-1.954,0.717,True
HC_05,healthy,20.7,0.17615,0.20997,0.93867,0.116,1.865,-1.635,True
HC_05,healthy,20.71,0.19246,0.21529,0.94228,1.081,-0.224,-1.052,True
HC_05,healthy,20.72,0.18165,0.22393,0.94633,0.112,-0.636,1.339,True
HC_05,healthy,20.73,0.18396,0.19725,0.93983,-0.724,-2.124,1.006,True
HC_05,healthy,20.740000000000002,0.16473,0.2052,0.95078,-0.563,0.751,1.101,True
HC_05,healthy,20.75,0.18988,0.18238,0.97082,0.623,0.325,-0.86,True
HC_05,healthy,20.76,0.16383,0.20854,0.94393,1.054,-0.141,0.281,True
HC_05,healthy,20.77,0.13868,0.2004,0.93657,-1.424,-0.153,-0.928,True
HC_05,healthy,20.78,0.16033,0.19724,0.92221,0.924,-0.519,-0.634,True
HC_05,healthy,20.79,0.16213,0.21692,0.95312,0.166,-0.037,-0.813,True
HC_05,healthy,20.8,0.18426,0.19959,0.93658,-1.371,-0.026,0.262,True
HC_05,healthy,20.81,0.17834,0.22497,0.95628,0.216,1.566,1.294,True
HC_05,healthy,20.82,0.1931,0.2169,0.93188,-0.252,0.85,1.64,True
HC_05,healthy,20.830000000000002,0.17727,0.19941,0.94019,-0.055,-1.104,1.602,True
HC_05,healthy,20.84,0.18608,0.21367,0.93485,-0.978,0.102,0.688,True
HC_05,healthy,20.85,0.15041,0.22146,0.93049,0.866,0.001,-0.743,True
HC_05,healthy,20.86,0.16534,0.19977,0.94371,0.225,-0.248,-2.449,True
HC_05,healthy,20.87,0.1435,0.19511,0.94778,-0.45,1.398,-1.411,True
HC_05,healthy,20.88,0.17231,0.22473,0.96592,-1.477,0.999,-1.458,True
HC_05,healthy,20.89,0.18969,0.20414,0.91487,0.007,-0.513,-0.58,True
HC_05,healthy,20.900000000000002,0.1926,0.23746,0.93786,-0.85,0.076,0.981,True
HC_05,healthy,20.91,0.19259,0.24938,0.92763,-0.793,-0.118,-0.484,True
HC_05,healthy,20.92,0.17917,0.24026,0.95606,-0.047,0.052,0.702,True
HC_05,healthy,20.93,0.16984,0.22446,0.95465,2.175,1.48,0.477,True
HC_05,healthy,20.94,0.16958,0.18317,0.92048,-0.727,-0.033,-0.004,True
HC_05,healthy,20.95,0.18422,0.21917,0.93356,0.467,-0.113,0.816,True
HC_05,healthy,20.96,0.15708,0.21181,0.95499,0.661,0.027,-1.183,True
HC_05,healthy,20.97,0.16134,0.22324,0.94186,-0.582,0.151,-0.468,True
HC_05,healthy,20.98,0.16211,0.22064,0.91347,-0.771,-1.631,-0.203,True
HC_05,healthy,20.990000000000002,0.16691,0.24509,0.92721,-1.39,-0.279,-0.616,True
HC_05,healthy,21.0,0.18134,0.21059,0.91389,-0.222,-0.151,0.716,True
HC_05,healthy,21.01,0.18349,0.21189,0.91631,-0.308,0.323,0.736,True
HC_05,healthy,21.02,0.17951,0.2205,0.91972,0.207,-0.255,1.531,True
HC_05,healthy,21.03,0.15913,0.20231,0.9597,-0.651,-0.156,-0.195,True
HC_05,healthy,21.04,0.19383,0.20675,0.92363,0.461,0.144,-0.123,True
HC_05,healthy,21.05,0.1495,0.20857,0.93773,0.911,0.693,-0.965,True
HC_05,healthy,21.06,0.18149,0.20475,0.9134,-1.552,0.091,-0.931,True
HC_05,healthy,21.07,0.16093,0.21055,0.95522,-0.078,-0.348,-0.954,True
HC_05,healthy,21.080000000000002,0.15861,0.23208,0.9489,-0.043,-0.315,-0.7,True
HC_05,healthy,21.09,0.16397,0.24952,0.93057,-0.564,-1.71,0.609,True
HC_05,healthy,21.1,0.19895,0.21702,0.93322,-0.463,0.592,1.721,True
HC_05,healthy,21.11,0.18488,0.23361,0.94704,-1.037,0.856,0.416,True
HC_05,healthy,21.12,0.20713,0.20142,0.93038,-0.458,-0.257,-0.352,True
HC_05,healthy,21.13,0.17759,0.19688,0.93301,-0.918,-0.69,-0.385,True
HC_05,healthy,21.14,0.19424,0.19429,0.912,-0.716,-0.037,0.696,True
HC_05,healthy,21.150000000000002,0.20013,0.21027,0.9406,-1.022,0.892,-0.557,True
HC_05,healthy,21.16,0.15825,0.21854,0.92999,-0.287,0.84,-1.897,True
HC_05,healthy,21.17,0.1624,0.20099,0.9434,0.148,-1.007,-1.779,True
HC_05,healthy,21.18,0.15988,0.22939,0.96111,0.089,1.246,-0.565,True
HC_05,healthy,21.19,0.18995,0.22959,0.92113,0.83,-0.164,-0.997,True
HC_05,healthy,21.2,0.18229,0.21771,0.92871,-0.163,1.188,0.877,True
HC_05,healthy,21.21,0.1826,0.21413,0.93586,-1.789,0.727,2.725,True
HC_05,healthy,21.22,0.20228,0.23746,0.94386,0.435,-1.091,2.094,True
HC_05,healthy,21.23,0.18241,0.21303,0.92972,0.534,0.146,2.213,True
HC_05,healthy,21.240000000000002,0.19293,0.19015,0.9372,1.345,-0.545,-0.627,True
HC_05,healthy,21.25,0.16726,0.23023,0.93979,-0.985,-0.766,-0.931,True
HC_05,healthy,21.26,0.15402,0.23104,0.93445,0.243,-0.995,-2.912,True
HC_05,healthy,21.27,0.16608,0.22878,0.92503,-0.158,-0.748,-1.818,True
HC_05,healthy,21.28,0.1707,0.24817,0.90942,0.559,2.769,-0.92,True
HC_05,healthy,21.29,0.20129,0.24582,0.94937,-0.391,0.654,0.898,True
HC_05,healthy,21.3,0.22143,0.22361,0.95351,0.01,-0.013,1.252,True
HC_05,healthy,21.31,0.21788,0.21243,0.93327,0.322,0.708,1.183,True
HC_05,healthy,21.32,0.20269,0.21304,0.93964,0.527,1.139,1.771,True
HC_05,healthy,21.330000000000002,0.21349,0.20452,0.91515,0.629,0.554,0.81,True
HC_05,healthy,21.34,0.17357,0.2158,0.95377,-1.925,1.055,0.212,True
HC_05,healthy,21.35,0.19508,0.20701,0.92298,0.56,0.876,-0.841,True
HC_05,healthy,21.36,0.19366,0.22371,0.93395,1.832,0.191,-1.839,True
HC_05,healthy,21.37,0.19536,0.20151,0.93835,-0.409,-0.441,-0.759,True
HC_05,healthy,21.38,0.20888,0.22866,0.93314,-0.18,0.8,0.553,True
HC_05,healthy,21.39,0.19608,0.23457,0.89787,-0.724,-1.057,0.868,True
HC_05,healthy,21.400000000000002,0.18223,0.23216,0.95876,0.424,-0.467,1.983,True
HC_05,healthy,21.41,0.19339,0.20312,0.90278,-0.138,-0.566,2.863,True
HC_05,healthy,21.42,0.20018,0.19223,0.90034,-0.699,-0.412,0.825,True
HC_05,healthy,21.43,0.18587,0.1978,0.91213,1.15,1.254,0.515,True
HC_05,healthy,21.44,0.18979,0.2192,0.9308,0.881,-1.009,-0.147,True
HC_05,healthy,21.45,0.15932,0.24095,0.91727,-0.396,-0.813,-0.532,True
HC_05,healthy,21.46,0.15723,0.22644,0.93282,0.725,-0.262,-1.174,True
HC_05,healthy,21.47,0.19869,0.23441,0.91947,0.408,0.364,-1.324,True
HC_05,healthy,21.48,0.19545,0.23361,0.95506,-1.147,-0.551,-0.808,True
HC_05,healthy,21.490000000000002,0.18442,0.21915,0.90369,0.117,-1.263,0.797,True
HC_05,healthy,21.5,0.18895,0.24014,0.90535,-1.544,-0.065,0.502,True
HC_05,healthy,21.51,0.20593,0.23834,0.93152,-1.05,-1.27,1.797,True
HC_05,healthy,21.52,0.18396,0.20747,0.96896,-0.117,0.876,-0.319,True
HC_05,healthy,21.53,0.19513,0.20177,0.92096,0.021,-0.581,0.133,True
HC_05,healthy,21.54,0.16735,0.19747,0.94204,-0.032,0.344,-0.962,True
HC_05,healthy,21.55,0.177,0.20297,0.9329,0.327,-0.917,-2.563,True
HC_05,healthy,21.56,0.16297,0.22421,0.93348,0.991,-0.569,-0.783,True
HC_05,healthy,21.57,0.19876,0.227,0.95273,0.852,0.163,-0.237,True
HC_05,healthy,21.580000000000002,0.19909,0.22531,0.91863,-0.203,-0.383,1.022,True
HC_05,healthy,21.59,0.21303,0.22788,0.9305,-0.338,1.097,0.058,True
HC_05,healthy,21.6,0.18372,0.21307,0.95014,0.312,-0.305,1.527,True
HC_05,healthy,21.61,0.21685,0.22392,0.92735,0.542,1.089,-0.388,True
HC_05,healthy,21.62,0.18953,0.20316,0.90999,-0.04,-0.008,3.077,True
HC_05,healthy,21.63,0.19509,0.22246,0.92775,-0.011,-0.198,-1.318,True
HC_05,healthy,21.64,0.1517,0.2337,0.92508,0.883,2.138,-0.335,True
HC_05,healthy,21.650000000000002,0.2038,0.18909,0.93576,0.228,-0.702,-1.83,True
HC_05,healthy,21.66,0.19812,0.25594,0.92016,-1.128,0.804,-2.19,True
HC_05,healthy,21.67,0.17765,0.22545,0.93169,0.779,-0.643,0.82,True
HC_05,healthy,21.68,0.18225,0.24928,0.90932,1.146,-0.171,0.018,True
HC_05,healthy,21.69,0.21368,0.24044,0.92283,1.108,0.032,0.1,True
HC_05,healthy,21.7,0.20565,0.20741,0.92001,0.241,0.266,1.014,True
HC_05,healthy,21.71,0.20715,0.211,0.90401,0.663,0.721,0.154,True
HC_05,healthy,21.72,0.18283,0.19395,0.93444,0.986,-0.33,-0.123,True
HC_05,healthy,21.73,0.1882,0.19367,0.96298,0.152,-1.065,0.724,True
HC_05,healthy,21.740000000000002,0.18967,0.22158,0.91229,-0.246,0.223,-2.957,True
HC_05,healthy,21.75,0.16355,0.23269,0.92643,-0.044,0.356,-2.339,True
HC_05,healthy,21.76,0.18986,0.20357,0.93317,0.151,2.152,-0.551,True
HC_05,healthy,21.77,0.20146,0.23896,0.93918,-0.602,-1.116,-0.322,True
HC_05,healthy,21.78,0.17253,0.24124,0.95422,0.605,-0.777,0.147,True
HC_05,healthy,21.79,0.19207,0.23614,0.95641,0.095,0.447,0.322,True
HC_05,healthy,21.8,0.21089,0.22359,0.95593,-0.591,0.184,1.184,True
HC_05,healthy,21.81,0.21375,0.22062,0.94119,0.926,0.048,2.328,True
HC_05,healthy,21.82,0.20151,0.19852,0.91003,1.917,-0.021,-0.807,True
HC_05,healthy,21.830000000000002,0.19054,0.21014,0.91841,-0.656,-0.868,-0.741,True
HC_05,healthy,21.84,0.16963,0.20088,0.92757,0.328,0.444,-2.427,True
HC_05,healthy,21.85,0.1906,0.24103,0.90293,0.505,-0.837,-1.607,True
HC_05,healthy,21.86,0.22444,0.26338,0.95512,1.028,-0.24,-0.536,True
HC_05,healthy,21.87,0.1985,0.25517,0.96013,-1.501,-0.761,1.086,True
HC_05,healthy,21.88,0.21759,0.23023,0.94283,0.644,0.684,2.436,True
HC_05,healthy,21.89,0.227,0.21577,0.91858,1.452,0.851,0.975,True
HC_05,healthy,21.900000000000002,0.20596,0.2186,0.92114,-0.949,1.081,1.336,True
HC_05,healthy,21.91,0.21268,0.21166,0.94875,-0.684,-0.165,1.521,True
HC_05,healthy,21.92,0.17621,0.21367,0.92735,-0.816,0.919,-0.182,True
HC_05,healthy,21.93,0.18815,0.20184,0.90966,1.043,0.026,1.06,True
HC_05,healthy,21.94,0.20223,0.20526,0.93177,-0.263,0.662,-1.153,True
HC_05,healthy,21.95,0.16566,0.25749,0.94299,-0.723,-0.506,-1.138,True
HC_05,healthy,21.96,0.16501,0.2372,0.92731,-1.531,1.169,0.584,True
HC_05,healthy,21.97,0.19665,0.2662,0.9382,-0.188,0.12,-0.394,True
HC_05,healthy,21.98,0.20078,0.22218,0.93919,0.443,-0.123,-0.513,True
HC_05,healthy,21.990000000000002,0.221,0.21782,0.93266,-0.737,0.007,0.74,True
HC_05,healthy,22.0,0.19853,0.20679,0.91041,-0.043,0.144,1.777,True
HC_05,healthy,22.01,0.20406,0.20609,0.94427,-0.671,0.457,1.469,True
HC_05,healthy,22.02,0.19491,0.21573,0.91911,-0.302,-0.636,-1.2,True
HC_05,healthy,22.03,0.17506,0.23385,0.9691,-0.605,0.298,-1.73,True
HC_05,healthy,22.04,0.20872,0.22553,0.91004,0.227,-0.845,-0.989,True
HC_05,healthy,22.05,0.22579,0.22646,0.9103,0.912,-0.709,-0.848,True
HC_05,healthy,22.06,0.19218,0.23963,0.92785,1.375,0.045,-0.009,True
HC_05,healthy,22.07,0.19135,0.23952,0.92932,-1.765,-0.861,1.61,True
HC_05,healthy,22.080000000000002,0.19204,0.22712,0.93046,1.988,1.486,0.485,True
HC_05,healthy,22.09,0.21997,0.23773,0.91488,-0.387,-0.422,1.929,True
HC_05,healthy,22.1,0.18855,0.20039,0.93485,2.088,0.078,-0.036,True
HC_05,healthy,22.11,0.19595,0.19011,0.91802,0.458,0.048,-0.205,True
HC_05,healthy,22.12,0.19303,0.23491,0.91421,-1.057,-0.011,0.183,True
HC_05,healthy,22.13,0.19709,0.2236,0.95364,1.29,1.401,-1.823,True
HC_05,healthy,22.14,0.17079,0.23988,0.91578,0.602,-0.178,-1.353,True
HC_05,healthy,22.150000000000002,0.21111,0.23483,0.93593,0.745,0.246,-0.726,True
HC_05,healthy,22.16,0.2041,0.22551,0.93549,-0.092,0.584,0.615,True
HC_05,healthy,22.17,0.23798,0.21623,0.9044,-0.126,0.467,0.7,True
HC_05,healthy,22.18,0.23659,0.24376,0.92067,1.182,-0.278,1.124,True
HC_05,healthy,22.19,0.23316,0.20524,0.94199,-1.136,-0.107,1.709,True
HC_05,healthy,22.2,0.18778,0.2374,0.91104,1.373,-1.079,0.658,True
HC_05,healthy,22.21,0.18716,0.213,0.93384,0.792,0.704,-2.045,True
HC_05,healthy,22.22,0.19051,0.20343,0.89767,-0.185,-0.673,0.566,True
HC_05,healthy,22.23,0.18107,0.24127,0.9417,-1.517,1.371,-1.256,True
HC_05,healthy,22.240000000000002,0.17258,0.25202,0.90901,-0.796,0.486,0.209,True
HC_05,healthy,22.25,0.20487,0.26977,0.93761,-0.608,-0.76,-1.109,True
HC_05,healthy,22.26,0.19413,0.24861,0.94665,-1.041,-0.274,0.402,True
HC_05,healthy,22.27,0.21418,0.21301,0.91215,-0.696,0.996,2.812,True
HC_05,healthy,22.28,0.22045,0.21384,0.92359,0.297,0.766,1.378,True
HC_05,healthy,22.29,0.20247,0.20111,0.93209,-0.236,-1.607,2.497,True
HC_05,healthy,22.3,0.19223,0.22851,0.90716,-0.831,0.659,0.693,True
HC_05,healthy,22.31,0.19282,0.21062,0.96696,0.024,-0.16,0.974,True
HC_05,healthy,22.32,0.188,0.21732,0.92816,0.189,-0.315,-1.905,True
HC_05,healthy,22.330000000000002,0.20163,0.21047,0.96096,-0.012,0.141,-3.182,True
HC_05,healthy,22.34,0.17535,0.19699,0.90424,-0.925,-0.169,-0.846,True
HC_05,healthy,22.35,0.19437,0.26046,0.93963,0.372,0.138,0.399,True
HC_05,healthy,22.36,0.20015,0.23091,0.92338,-0.431,-1.815,1.39,True
HC_05,healthy,22.37,0.19064,0.2199,0.92266,2.198,-0.971,0.241,True
HC_05,healthy,22.38,0.22136,0.21589,0.9121,-1.377,-0.556,-0.194,True
HC_05,healthy,22.39,0.19144,0.19774,0.92132,0.574,1.918,0.425,True
HC_05,healthy,22.400000000000002,0.20533,0.21704,0.93314,0.463,1.553,-1.074,True
HC_05,healthy,22.41,0.18212,0.20146,0.90635,0.079,1.878,0.672,True
HC_05,healthy,22.42,0.18998,0.20671,0.94291,0.294,0.423,-0.878,True
HC_05,healthy,22.43,0.18771,0.22774,0.91185,-1.355,-0.163,-1.612,True
HC_05,healthy,22.44,0.1773,0.22435,0.9111,1.073,0.664,-0.61,True
HC_05,healthy,22.45,0.20072,0.21889,0.92825,-0.671,-0.199,-0.242,True
HC_05,healthy,22.46,0.20692,0.23131,0.94418,0.335,0.332,-0.385,True
HC_05,healthy,22.47,0.21502,0.24474,0.90845,1.147,-0.816,-0.037,True
HC_05,healthy,22.48,0.21846,0.21655,0.93208,-1.124,0.876,1.673,True
HC_05,healthy,22.490000000000002,0.20567,0.20596,0.91732,0.009,-0.892,-0.248,True
HC_05,healthy,22.5,0.20194,0.21953,0.91265,1.296,-0.255,0.763,True
HC_05,healthy,22.51,0.20381,0.18603,0.92369,1.917,0.018,-1.581,True
HC_05,healthy,22.52,0.17751,0.22152,0.92631,-0.245,-0.719,-1.284,True
HC_05,healthy,22.53,0.19178,0.19728,0.91909,0.702,-0.91,0.091,True
HC_05,healthy,22.54,0.20133,0.23377,0.938,-0.368,-0.115,-1.423,True
HC_05,healthy,22.55,0.20439,0.23052,0.939,0.673,-0.181,-1.122,True
HC_05,healthy,22.56,0.22034,0.21885,0.95456,0.304,-0.256,0.792,True
HC_05,healthy,22.57,0.2311,0.2426,0.92071,-0.467,0.17,2.326,True
HC_05,healthy,22.580000000000002,0.18178,0.19781,0.93562,-0.053,-0.733,1.746,True
HC_05,healthy,22.59,0.22114,0.20965,0.91768,-0.287,-0.275,0.552,True
HC_05,healthy,22.6,0.22588,0.22578,0.93311,-0.969,0.282,0.519,True
HC_05,healthy,22.61,0.21976,0.21566,0.94582,-1.068,0.313,-2.421,True
HC_05,healthy,22.62,0.1923,0.23657,0.91562,-1.376,-0.606,-0.084,True
HC_05,healthy,22.63,0.17934,0.22599,0.89142,-1.592,0.26,-0.92,True
HC_05,healthy,22.64,0.20795,0.25531,0.93016,0.795,1.825,-2.131,True
HC_05,healthy,22.650000000000002,0.19689,0.24959,0.94018,0.333,-0.714,0.76,True
HC_05,healthy,22.66,0.2443,0.215,0.90209,0.349,-0.347,0.564,True
HC_05,healthy,22.67,0.20851,0.23809,0.93496,0.401,0.281,1.111,True
HC_05,healthy,22.68,0.21981,0.23428,0.91817,-0.731,-1.005,-0.389,True
HC_05,healthy,22.69,0.22331,0.20557,0.94501,-0.908,1.046,1.606,True
HC_05,healthy,22.7,0.17389,0.19515,0.92027,-0.474,0.106,-0.108,True
HC_05,healthy,22.71,0.19284,0.20588,0.90982,-0.124,0.365,-1.788,True
HC_05,healthy,22.72,0.20719,0.22549,0.90691,-0.593,0.335,-0.235,True
HC_05,healthy,22.73,0.17161,0.23117,0.91422,0.624,-0.688,-1.656,True
HC_05,healthy,22.740000000000002,0.18639,0.24059,0.90236,-1.021,-0.187,-0.638,True
HC_05,healthy,22.75,0.18581,0.24689,0.93116,0.916,-2.214,-1.061,True
HC_05,healthy,22.76,0.22232,0.2317,0.90862,-0.35,-0.59,0.498,True
HC_05,healthy,22.77,0.20861,0.24121,0.92368,0.058,-1.298,1.846,True
HC_05,healthy,22.78,0.20996,0.22203,0.94535,0.226,0.602,0.643,True
HC_05,healthy,22.79,0.18453,0.22218,0.9042,1.775,-0.307,1.057,True
HC_05,healthy,22.8,0.20376,0.18052,0.89523,-0.416,-0.56,-0.442,True
HC_05,healthy,22.81,0.18692,0.20498,0.91299,1.352,0.702,-1.017,True
HC_05,healthy,22.82,0.16223,0.2366,0.90812,0.045,0.144,-0.538,True
HC_05,healthy,22.830000000000002,0.1828,0.22773,0.92409,0.294,0.352,-0.616,True
HC_05,healthy,22.84,0.22708,0.25618,0.92237,0.465,0.305,-1.206,True
HC_05,healthy,22.85,0.19851,0.19731,0.96208,1.529,-0.506,0.73,True
HC_05,healthy,22.86,0.23489,0.22066,0.9368,0.943,0.066,0.709,True
HC_05,healthy,22.87,0.22182,0.22628,0.92174,-0.2,1.497,1.304,True
HC_05,healthy,22.88,0.20287,0.22336,0.94437,0.51,-0.089,2.529,True
HC_05,healthy,22.89,0.22731,0.21258,0.95802,-0.184,-0.464,0.12,True
HC_05,healthy,22.900000000000002,0.22981,0.21841,0.93124,-0.372,-0.588,0.255,True
HC_05,healthy,22.91,0.14224,0.2411,0.91945,0.195,0.331,0.067,True
HC_05,healthy,22.92,0.1302,0.25202,0.92924,-0.593,0.058,-0.956,True
HC_05,healthy,22.93,0.19921,0.25436,0.93307,0.028,0.644,-1.532,True
HC_05,healthy,22.94,0.19682,0.20456,0.91773,-0.042,0.54,1.341,True
HC_05,healthy,22.95,0.19673,0.22143,0.9473,-0.173,0.577,0.344,True
HC_05,healthy,22.96,0.20058,0.22406,0.91935,1.104,-0.222,1.542,True
HC_05,healthy,22.97,0.21404,0.23116,0.92966,-0.506,0.134,2.458,True
HC_05,healthy,22.98,0.20615,0.21393,0.92789,0.372,1.471,1.046,True
HC_05,healthy,22.990000000000002,0.1939,0.21539,0.94521,0.413,0.968,0.112,True
HC_05,healthy,23.0,0.16294,0.19439,0.95147,-0.316,0.181,-1.463,True
HC_05,healthy,23.01,0.1764,0.21051,0.91496,-0.147,1.963,-1.019,True
HC_05,healthy,23.02,0.16802,0.2244,0.94246,-0.628,-0.131,-0.257,True
HC_05,healthy,23.03,0.21083,0.24143,0.93134,1.425,1.389,-1.718,True
HC_05,healthy,23.04,0.2004,0.23825,0.93873,-0.106,0.025,0.839,True
HC_05,healthy,23.05,0.21041,0.2241,0.90742,0.199,-0.189,1.834,True
HC_05,healthy,23.06,0.22021,0.20146,0.91948,-0.479,-1.047,2.107,True
HC_05,healthy,23.07,0.20665,0.24767,0.9323,0.656,0.895,0.938,True
HC_05,healthy,23.080000000000002,0.20316,0.22623,0.94271,0.986,-0.255,-0.152,True
HC_05,healthy,23.09,0.19589,0.20842,0.95068,-0.416,-0.318,-1.6,True
HC_05,healthy,23.1,0.17051,0.22201,0.92756,0.469,1.466,-3.531,True
HC_05,healthy,23.11,0.16028,0.21562,0.93205,0.102,0.112,-1.033,True
HC_05,healthy,23.12,0.18605,0.22228,0.94618,0.116,0.433,0.172,True
HC_05,healthy,23.13,0.17395,0.22955,0.94746,0.881,-0.021,0.369,True
HC_05,healthy,23.14,0.20271,0.24054,0.90265,-0.886,-0.404,-0.705,True
HC_05,healthy,23.150000000000002,0.1927,0.22065,0.94662,-0.213,1.125,0.593,True
HC_05,healthy,23.16,0.2226,0.21799,0.91465,0.189,-0.055,-0.398,True
HC_05,healthy,23.17,0.22211,0.21167,0.94969,-0.919,-0.457,1.908,True
HC_05,healthy,23.18,0.19123,0.21636,0.94045,0.702,-1.47,-0.23,True
HC_05,healthy,23.19,0.17712,0.1946,0.94023,0.407,0.287,-0.854,True
HC_05,healthy,23.2,0.16648,0.19832,0.92936,0.674,0.024,-0.09,True
HC_05,healthy,23.21,0.19047,0.21914,0.95209,-0.55,0.221,-1.494,True
HC_05,healthy,23.22,0.18356,0.24687,0.92133,0.188,-0.404,-0.933,True
HC_05,healthy,23.23,0.20872,0.22797,0.91258,0.294,1.554,-1.452,True
HC_05,healthy,23.240000000000002,0.18629,0.2368,0.92121,-0.791,-0.962,1.377,True
HC_05,healthy,23.25,0.19617,0.22235,0.95833,0.511,1.76,0.942,True
HC_05,healthy,23.26,0.22962,0.20942,0.93065,0.046,0.298,2.094,True
HC_05,healthy,23.27,0.21524,0.20498,0.90859,-0.399,-0.559,0.422,True
HC_05,healthy,23.28,0.17594,0.21377,0.91894,-0.213,0.212,-0.133,True
HC_05,healthy,23.29,0.17261,0.22023,0.93128,-1.144,0.265,-0.037,True
HC_05,healthy,23.3,0.16959,0.21301,0.93851,0.242,-1.094,-2.005,True
HC_05,healthy,23.31,0.18636,0.21258,0.95408,0.27,-0.867,-2.577,True
HC_05,healthy,23.32,0.18058,0.24016,0.96518,0.315,-0.76,-0.472,True
HC_05,healthy,23.330000000000002,0.19697,0.22936,0.93993,0.765,-0.392,-0.02,True
HC_05,healthy,23.34,0.20879,0.24418,0.95251,-0.291,-0.025,1.154,True
HC_05,healthy,23.35,0.182,0.23973,0.90971,0.797,0.087,-0.049,True
HC_05,healthy,23.36,0.18836,0.19814,0.91883,1.405,-0.112,0.755,True
HC_05,healthy,23.37,0.21533,0.19738,0.91969,0.162,0.393,1.124,True
HC_05,healthy,23.38,0.18406,0.19563,0.91358,0.627,0.827,-0.407,True
HC_05,healthy,23.39,0.1728,0.2212,0.91382,-0.695,0.951,-0.683,True
HC_05,healthy,23.400000000000002,0.16842,0.20425,0.95906,0.509,0.844,-2.009,True
HC_05,healthy,23.41,0.1631,0.24671,0.92031,0.568,-0.359,-2.595,True
HC_05,healthy,23.42,0.20884,0.22533,0.92531,0.472,-0.926,-1.684,True
HC_05,healthy,23.43,0.18019,0.23325,0.92415,1.254,-1.903,0.567,True
HC_05,healthy,23.44,0.22386,0.20059,0.9098,0.919,-0.081,0.328,True
HC_05,healthy,23.45,0.20545,0.21988,0.92933,-0.421,-0.407,1.807,True
HC_05,healthy,23.46,0.22955,0.23553,0.94071,0.001,-0.461,0.657,True
HC_05,healthy,23.47,0.17914,0.2038,0.93475,1.408,1.074,-0.521,True
HC_05,healthy,23.48,0.18646,0.19369,0.91008,-0.065,-0.02,-0.337,True
HC_05,healthy,23.490000000000002,0.18811,0.24936,0.91953,-0.412,-0.767,0.086,True
HC_05,healthy,23.5,0.18113,0.21828,0.93848,-0.477,0.634,-1.027,True
HC_05,healthy,23.51,0.16393,0.21541,0.90128,-0.413,-0.095,-1.043,True
HC_05,healthy,23.52,0.18342,0.21967,0.92726,0.11,1.19,0.075,True
HC_05,healthy,23.53,0.18426,0.21246,0.91057,-1.299,0.346,0.655,True
HC_05,healthy,23.54,0.17963,0.23688,0.95786,-0.795,0.436,1.285,True
HC_05,healthy,23.55,0.20561,0.17819,0.92601,0.623,-0.318,0.706,True
HC_05,healthy,23.56,0.19549,0.21655,0.93809,-0.274,-0.852,2.155,True
HC_05,healthy,23.57,0.18998,0.20988,0.92235,-0.649,-1.463,1.122,True
HC_05,healthy,23.580000000000002,0.19191,0.22651,0.93758,0.131,-0.168,-1.565,True
HC_05,healthy,23.59,0.21028,0.21063,0.9463,-0.527,1.067,-1.49,True
HC_05,healthy,23.6,0.19834,0.21028,0.9706,-0.439,-0.417,-1.799,True
HC_05,healthy,23.61,0.20118,0.22025,0.97017,-0.708,0.609,-1.574,True
HC_05,healthy,23.62,0.18549,0.20422,0.90708,-1.166,-1.08,0.296,True
HC_05,healthy,23.63,0.19804,0.22229,0.93484,-1.139,-0.983,2.11,True
HC_05,healthy,23.64,0.18841,0.21733,0.93892,0.886,-0.131,2.491,True
HC_05,healthy,23.650000000000002,0.20628,0.20449,0.92142,-0.218,0.922,0.759,True
HC_05,healthy,23.66,0.21832,0.21472,0.93111,-0.853,0.207,-0.6,True
HC_05,healthy,23.67,0.17982,0.21796,0.91682,-0.197,0.254,1.02,True
HC_05,healthy,23.68,0.20646,0.22047,0.96346,0.153,0.676,-0.494,True
HC_05,healthy,23.69,0.18702,0.2137,0.92328,1.212,1.427,-1.055,True
HC_05,healthy,23.7,0.15641,0.2281,0.93384,0.461,-1.049,-0.73,True
HC_05,healthy,23.71,0.17923,0.26101,0.91451,-0.069,-0.234,-1.505,True
HC_05,healthy,23.72,0.18899,0.21259,0.93849,0.552,1.041,0.285,True
HC_05,healthy,23.73,0.19245,0.21039,0.93921,0.581,-0.279,2.485,True
HC_05,healthy,23.740000000000002,0.22569,0.21435,0.92486,0.269,0.498,1.707,True
HC_05,healthy,23.75,0.21003,0.21124,0.93004,-0.74,-0.167,1.759,True
HC_05,healthy,23.76,0.19847,0.21126,0.9452,-1.12,-0.123,0.673,True
HC_05,healthy,23.77,0.18615,0.20478,0.93963,-1.096,-0.293,0.293,True
HC_05,healthy,23.78,0.16045,0.21641,0.94558,1.735,-0.057,-3.152,True
HC_05,healthy,23.79,0.18392,0.22271,0.9465,-0.597,-0.618,-0.954,True
HC_05,healthy,23.8,0.18963,0.24917,0.95705,0.256,0.294,-0.318,True
HC_05,healthy,23.81,0.20869,0.24153,0.95247,-0.781,-0.553,-0.686,True
HC_05,healthy,23.82,0.18175,0.22733,0.95852,-0.331,-0.845,-0.033,True
HC_05,healthy,23.830000000000002,0.20058,0.20505,0.92878,0.877,1.468,2.867,True
HC_05,healthy,23.84,0.21151,0.21227,0.93835,0.278,-0.008,0.535,True
HC_05,healthy,23.85,0.19687,0.21441,0.93398,-1.343,0.041,1.712,True
HC_05,healthy,23.86,0.19,0.2161,0.95704,0.55,-0.073,-0.109,True
HC_05,healthy,23.87,0.1759,0.19689,0.93583,0.617,-1.565,-0.862,True
HC_05,healthy,23.88,0.17862,0.218,0.93397,0.499,1.522,-0.251,True
HC_05,healthy,23.89,0.15189,0.22105,0.94887,0.749,-0.21,-2.512,True
HC_05,healthy,23.900000000000002,0.14984,0.22303,0.91523,0.612,-0.373,-1.109,True
HC_05,healthy,23.91,0.18373,0.2252,0.94644,0.939,0.938,-1.01,True
HC_05,healthy,23.92,0.17842,0.21629,0.91596,-0.924,-0.264,0.941,True
HC_05,healthy,23.93,0.20924,0.26649,0.93783,1.615,-1.246,0.549,True
HC_05,healthy,23.94,0.1752,0.23716,0.95745,-0.076,-0.683,1.412,True
HC_05,healthy,23.95,0.1789,0.19859,0.90418,0.738,0.874,2.092,True
HC_05,healthy,23.96,0.19203,0.21155,0.9535,-0.546,-0.389,-0.259,True
HC_05,healthy,23.97,0.15358,0.21263,0.91584,0.59,-0.299,-0.862,True
HC_05,healthy,23.98,0.15548,0.21816,0.94482,1.124,-0.565,-0.719,True
HC_05,healthy,23.990000000000002,0.15113,0.23425,0.93567,-0.413,0.814,-1.658,True
HC_05,healthy,24.0,0.15585,0.19109,0.93417,-0.084,0.809,0.533,True
HC_05,healthy,24.01,0.20751,0.21408,0.92341,0.364,1.018,1.696,True
HC_05,healthy,24.02,0.20226,0.21193,0.95342,0.46,0.533,1.226,True
HC_05,healthy,24.03,0.21074,0.23039,0.94529,-0.196,0.478,0.844,True
HC_05,healthy,24.04,0.19832,0.20801,0.93332,-0.505,-0.479,0.389,True
HC_05,healthy,24.05,0.1877,0.18946,0.9382,-0.518,0.397,0.849,True
HC_05,healthy,24.060000000000002,0.18796,0.21185,0.93123,-0.927,0.7,-0.677,True
HC_05,healthy,24.07,0.15786,0.20307,0.95025,1.71,-0.042,-1.652,True
HC_05,healthy,24.080000000000002,0.18741,0.20429,0.93301,0.532,-0.161,-0.979,True
HC_05,healthy,24.09,0.1721,0.2275,0.95647,0.543,1.328,-1.32,True
HC_05,healthy,24.1,0.17541,0.2354,0.94772,-0.214,-0.68,0.4,True
HC_05,healthy,24.11,0.17603,0.22096,0.93129,0.474,-0.25,1.017,True
HC_05,healthy,24.12,0.1806,0.2103,0.93418,-1.013,0.64,0.568,True
HC_05,healthy,24.13,0.18039,0.21807,0.93897,-0.096,-0.415,0.736,True
HC_05,healthy,24.14,0.16143,0.19617,0.92068,-0.475,-0.03,0.248,True
HC_05,healthy,24.150000000000002,0.17248,0.20532,0.91904,-1.547,-0.341,0.51,True
HC_05,healthy,24.16,0.16407,0.19962,0.91548,0.611,-1.384,-0.23,True
HC_05,healthy,24.17,0.16381,0.20119,0.94356,0.323,-0.457,-0.156,True
HC_05,healthy,24.18,0.18088,0.20163,0.93383,-0.462,-0.076,-1.645,True
HC_05,healthy,24.19,0.16613,0.20876,0.95512,0.409,0.75,-0.394,True
HC_05,healthy,24.2,0.16518,0.21354,0.93663,-0.448,0.682,0.125,True
HC_05,healthy,24.21,0.19141,0.22609,0.94088,-1.409,-1.03,0.553,True
HC_05,healthy,24.22,0.19746,0.20624,0.94867,-0.629,0.285,3.238,True
HC_05,healthy,24.23,0.19987,0.21999,0.93404,-0.227,-0.201,0.995,True
HC_05,healthy,24.240000000000002,0.17798,0.19966,0.93963,1.359,0.01,-0.632,True
HC_05,healthy,24.25,0.1937,0.18635,0.94975,-0.523,1.339,0.868,True
HC_05,healthy,24.26,0.18237,0.21299,0.93514,0.961,-0.438,-0.334,True
HC_05,healthy,24.27,0.14368,0.17315,0.91537,0.466,-0.086,-1.345,True
HC_05,healthy,24.28,0.13151,0.21756,0.94143,0.401,1.496,-0.922,True
HC_05,healthy,24.29,0.12778,0.22495,0.94455,0.317,-0.17,-1.061,True
HC_05,healthy,24.3,0.15774,0.2318,0.95778,-0.09,-0.115,0.257,True
HC_05,healthy,24.310000000000002,0.20019,0.20719,0.92783,0.169,0.061,0.538,True
HC_05,healthy,24.32,0.19941,0.21193,0.9223,-1.931,-0.052,1.698,True
HC_05,healthy,24.330000000000002,0.17659,0.20667,0.91802,0.849,0.903,1.434,True
HC_05,healthy,24.34,0.14493,0.21298,0.94747,-0.153,0.222,0.285,True
HC_05,healthy,24.35,0.17954,0.20385,0.94515,0.209,-2.195,-1.154,True
HC_05,healthy,24.36,0.14923,0.18806,0.93284,-1.323,-0.293,-1.001,True
HC_05,healthy,24.37,0.15778,0.21944,0.95022,-0.545,-0.348,-0.796,True
HC_05,healthy,24.38,0.16553,0.20816,0.9307,-0.053,1.243,-1.366,True
HC_05,healthy,24.39,0.17557,0.23842,0.93788,-0.934,-0.289,-0.912,True
HC_05,healthy,24.400000000000002,0.18037,0.21899,0.9396,0.087,1.684,0.525,True
HC_05,healthy,24.41,0.17225,0.19409,0.94075,-0.179,1.207,1.051,True
HC_05,healthy,24.42,0.18613,0.21016,0.96759,0.275,-0.755,-0.089,True
HC_05,healthy,24.43,0.17286,0.18695,0.95511,-0.028,-1.167,-0.227,True
HC_05,healthy,24.44,0.19748,0.19406,0.93075,-0.579,-0.512,0.956,True
HC_05,healthy,24.45,0.14344,0.18756,0.93375,0.014,0.958,-0.015,True
HC_05,healthy,24.46,0.15631,0.21058,0.93473,-0.8,0.798,-3.289,True
HC_05,healthy,24.47,0.15774,0.18536,0.91862,-1.28,2.065,-2.044,True
HC_05,healthy,24.48,0.1459,0.20692,0.9479,-1.085,-0.65,-1.002,True
HC_05,healthy,24.490000000000002,0.16543,0.21133,0.93465,0.634,-0.098,0.459,True
HC_05,healthy,24.5,0.19292,0.22021,0.93713,0.223,0.235,0.938,True
HC_05,healthy,24.51,0.18062,0.20409,0.96008,-0.976,0.19,1.745,True
HC_05,healthy,24.52,0.20501,0.22941,0.95178,-0.852,-0.824,1.586,True
HC_05,healthy,24.53,0.19162,0.16778,0.94983,0.615,-1.205,2.601,True
HC_05,healthy,24.54,0.16837,0.2058,0.94294,-0.276,1.134,-0.049,True
HC_05,healthy,24.55,0.16518,0.18443,0.93016,-1.798,0.176,-1.887,True
HC_05,healthy,24.560000000000002,0.15251,0.21609,0.94925,-0.161,1.042,-2.677,True
HC_05,healthy,24.57,0.13482,0.19621,0.94307,-0.142,-0.277,0.409,True
HC_05,healthy,24.580000000000002,0.15142,0.21657,0.92117,-0.483,0.128,-2.389,True
HC_05,healthy,24.59,0.14575,0.22303,0.93051,0.257,-1.579,-0.331,True
HC_05,healthy,24.6,0.15038,0.21757,0.91682,-1.073,-0.736,0.37,True
HC_05,healthy,24.61,0.17369,0.21988,0.95572,0.729,-1.371,1.691,True
HC_05,healthy,24.62,0.17263,0.20403,0.9351,-0.214,-0.449,3.521,True
HC_05,healthy,24.63,0.13602,0.19125,0.95216,0.802,-0.76,0.837,True
HC_05,healthy,24.64,0.15183,0.16848,0.94669,-0.542,-0.765,0.017,True
HC_05,healthy,24.650000000000002,0.1405,0.21088,0.93366,-0.737,-0.375,-2.194,True
HC_05,healthy,24.66,0.15219,0.18921,0.95231,1.06,-0.437,-2.555,True
HC_05,healthy,24.67,0.14378,0.22077,0.9554,0.864,-1.301,-1.163,True
HC_05,healthy,24.68,0.12527,0.21092,0.95355,-0.255,0.892,-2.357,True
HC_05,healthy,24.69,0.16085,0.21728,0.93394,-0.328,0.574,0.913,True
HC_05,healthy,24.7,0.17848,0.22423,0.93471,0.584,-0.93,1.555,True
HC_05,healthy,24.71,0.15837,0.21985,0.92677,-0.595,0.261,1.5,True
HC_05,healthy,24.72,0.18341,0.21723,0.97378,1.02,0.652,0.521,True
HC_05,healthy,24.73,0.1505,0.1941,0.93521,0.671,1.087,1.875,True
HC_05,healthy,24.740000000000002,0.15868,0.19705,0.95701,0.969,0.425,-1.008,True
HC_05,healthy,24.75,0.14923,0.19584,0.94063,0.572,0.718,-1.547,True
HC_05,healthy,24.76,0.14912,0.20542,0.91132,-0.421,-0.152,-0.53,True
HC_05,healthy,24.77,0.13935,0.21879,0.94264,1.261,-0.81,-0.423,True
HC_05,healthy,24.78,0.12277,0.21883,0.96966,-0.566,-0.665,-0.638,True
HC_05,healthy,24.79,0.14649,0.22663,0.93496,-0.599,0.281,1.476,True
HC_05,healthy,24.8,0.18976,0.19031,0.91971,1.269,-0.104,4.034,True
HC_05,healthy,24.810000000000002,0.15609,0.20682,0.95891,-1.013,-0.879,0.55,True
HC_05,healthy,24.82,0.1943,0.20122,0.96034,0.205,-0.815,2.219,True
HC_05,healthy,24.830000000000002,0.13954,0.17477,0.93832,0.501,0.273,-1.15,True
HC_05,healthy,24.84,0.16602,0.18772,0.94577,0.477,-0.171,-1.673,True
HC_05,healthy,24.85,0.13553,0.18863,0.94924,-0.199,0.282,-1.897,True
HC_05,healthy,24.86,0.1629,0.18961,0.92073,0.315,-0.547,-2.415,True
HC_05,healthy,24.87,0.13177,0.23615,0.91957,-0.005,-2.458,-1.491,True
HC_05,healthy,24.88,0.14857,0.22968,0.95472,2.045,-0.631,-1.441,True
HC_05,healthy,24.89,0.14336,0.23202,0.94935,0.736,-1.311,2.371,True
HC_05,healthy,24.900000000000002,0.15579,0.2085,0.95237,-0.346,-1.276,2.293,True
HC_05,healthy,24.91,0.17466,0.19085,0.93982,-0.211,0.058,0.466,True
HC_05,healthy,24.92,0.15704,0.19748,0.93249,-1.916,1.239,0.837,True
HC_05,healthy,24.93,0.151,0.1733,0.94834,-0.118,0.595,0.776,True
HC_05,healthy,24.94,0.12156,0.18125,0.95374,1.033,-0.044,-1.972,True
HC_05,healthy,24.95,0.13112,0.19768,0.94874,1.172,-0.587,0.034,True
HC_05,healthy,24.96,0.10517,0.21158,0.95845,-0.755,-0.051,-2.07,True
HC_05,healthy,24.97,0.13997,0.17177,0.96135,0.583,0.622,-1.281,True
HC_05,healthy,24.98,0.11892,0.2136,0.96478,0.486,-0.723,0.312,True
HC_05,healthy,24.990000000000002,0.14071,0.20031,0.95176,0.296,0.307,1.782,True
HC_05,healthy,25.0,0.15307,0.21183,0.96108,-0.325,0.138,1.796,True
HC_05,healthy,25.01,0.15353,0.20621,0.93231,-1.209,-0.255,1.62,True
HC_05,healthy,25.02,0.18636,0.21201,0.93427,-0.031,0.079,-0.123,True
HC_05,healthy,25.03,0.15967,0.1926,0.95433,-1.124,0.381,-0.151,True
HC_05,healthy,25.04,0.14859,0.19603,0.93999,-1.897,-1.885,-1.661,True
HC_05,healthy,25.05,0.14794,0.20177,0.96413,0.611,-0.54,-1.993,True
HC_05,healthy,25.060000000000002,0.14334,0.20156,0.95116,-0.47,2.526,-3.061,True
HC_05,healthy,25.07,0.15357,0.18899,0.91762,0.559,0.236,-1.046,True
HC_05,healthy,25.080000000000002,0.15945,0.18693,0.97034,-0.363,1.755,-0.268,True
HC_05,healthy,25.09,0.15886,0.21875,0.94223,0.35,-0.334,0.833,True
HC_05,healthy,25.1,0.16264,0.21228,0.9613,-0.189,-0.255,-0.303,True
HC_05,healthy,25.11,0.13417,0.1851,0.95538,0.228,0.417,0.855,True
HC_05,healthy,25.12,0.15511,0.16649,0.95194,-1.176,0.157,-0.302,True
HC_05,healthy,25.13,0.14002,0.19644,0.97292,0.114,1.625,-0.342,True
HC_05,healthy,25.14,0.1417,0.17933,0.95256,0.351,0.968,-1.893,True
HC_05,healthy,25.150000000000002,0.10446,0.20302,0.95153,0.141,1.189,-1.607,True
HC_05,healthy,25.16,0.11944,0.204,0.96393,-1.077,0.938,-0.868,True
HC_05,healthy,25.17,0.14034,0.23105,0.94056,-1.375,-0.677,-0.635,True
HC_05,healthy,25.18,0.14523,0.22013,0.97521,-2.094,-0.457,1.445,True
HC_05,healthy,25.19,0.15406,0.19474,0.95802,0.622,-0.433,3.315,True
HC_05,healthy,25.2,0.16015,0.19441,0.93771,-0.476,0.264,0.996,True
HC_05,healthy,25.21,0.14554,0.18946,0.98023,-0.836,0.352,0.088,True
HC_05,healthy,25.22,0.14283,0.19486,0.95819,-0.034,0.845,0.612,True
HC_05,healthy,25.23,0.14059,0.17,0.9295,-1.889,-1.189,-1.258,True
HC_05,healthy,25.240000000000002,0.13008,0.17198,0.93414,-0.024,0.119,-2.011,True
HC_05,healthy,25.25,0.13994,0.21413,0.96868,0.372,-0.729,-1.291,True
HC_05,healthy,25.26,0.14128,0.21927,0.96099,0.707,0.201,-0.505,True
HC_05,healthy,25.27,0.1558,0.17861,0.9764,-0.383,0.015,0.708,True
HC_05,healthy,25.28,0.15198,0.19317,0.94077,-0.069,-0.486,0.776,True
HC_05,healthy,25.29,0.1794,0.22416,0.95562,1.46,0.328,1.004,True
HC_05,healthy,25.3,0.17424,0.17454,0.94641,1.471,-0.76,1.478,True
HC_05,healthy,25.310000000000002,0.12563,0.18444,0.95573,0.792,1.2,-1.168,True
HC_05,healthy,25.32,0.139,0.16339,0.95643,0.614,0.783,1.56,True
HC_05,healthy,25.330000000000002,0.09962,0.20891,0.95724,0.381,0.815,-0.251,True
HC_05,healthy,25.34,0.13118,0.16887,0.95899,0.016,-0.072,-2.167,True
HC_05,healthy,25.35,0.12614,0.20312,0.96431,0.075,0.129,-1.101,True
HC_05,healthy,25.36,0.11005,0.19496,0.96463,0.223,-0.023,-0.709,True
HC_05,healthy,25.37,0.13785,0.23203,0.96629,1.072,-0.848,-0.872,True
HC_05,healthy,25.38,0.15355,0.19181,0.94624,0.544,-0.869,2.352,True
HC_05,healthy,25.39,0.14657,0.19623,0.95537,-0.258,-0.974,2.286,True
HC_05,healthy,25.400000000000002,0.14129,0.20918,0.9896,1.327,-0.208,0.836,True
HC_05,healthy,25.41,0.14811,0.17135,0.94112,-0.108,-0.703,-0.62,True
HC_05,healthy,25.42,0.13781,0.15896,0.94212,0.163,-0.323,1.554,True
HC_05,healthy,25.43,0.13134,0.16537,0.9529,0.002,-0.066,-0.46,True
HC_05,healthy,25.44,0.1066,0.23073,0.95016,-1.032,0.889,0.456,True
HC_05,healthy,25.45,0.13725,0.19979,0.967,-0.632,-0.262,-1.542,True
HC_05,healthy,25.46,0.13896,0.21108,0.94765,0.243,-0.722,0.662,True
HC_05,healthy,25.47,0.11543,0.22033,0.98063,1.475,-1.119,1.341,True
HC_05,healthy,25.48,0.1614,0.20475,0.94018,0.473,-0.155,0.834,True
HC_05,healthy,25.490000000000002,0.12749,0.23018,0.94986,-0.023,-0.048,2.643,True
HC_05,healthy,25.5,0.14335,0.17986,0.93653,0.573,-0.012,1.04,True
HC_05,healthy,25.51,0.14636,0.18044,0.93724,0.193,-0.921,0.057,True
HC_05,healthy,25.52,0.13195,0.20103,0.93253,0.114,0.695,-0.667,True
HC_05,healthy,25.53,0.1528,0.15416,0.94187,-0.202,-0.639,-3.083,True
HC_05,healthy,25.54,0.12356,0.19166,0.98097,-0.096,-1.796,-0.478,True
HC_05,healthy,25.55,0.10578,0.20299,0.95957,-1.198,-0.291,-1.939,True
HC_05,healthy,25.560000000000002,0.11423,0.21015,0.98968,1.614,0.938,0.592,True
HC_05,healthy,25.57,0.11906,0.19045,0.91937,-0.683,0.966,0.064,True
HC_05,healthy,25.580000000000002,0.16031,0.19965,0.95235,-1.848,0.71,1.288,True
HC_05,healthy,25.59,0.1586,0.18029,0.95148,1.125,0.043,0.379,True
HC_05,healthy,25.6,0.15851,0.19402,0.96637,-0.566,-2.639,-0.022,True
HC_05,healthy,25.61,0.13088,0.19426,0.96067,1.86,-0.198,0.481,True
HC_05,healthy,25.62,0.11141,0.20131,0.94784,0.222,-0.661,-0.612,True
HC_05,healthy,25.63,0.08349,0.19931,0.96032,0.033,-0.311,-1.297,True
HC_05,healthy,25.64,0.12344,0.20654,0.93615,-1.128,2.114,-1.391,True
HC_05,healthy,25.650000000000002,0.10702,0.2219,0.94347,0.225,-0.448,-0.584,True
HC_05,healthy,25.66,0.14831,0.17239,0.93586,-0.295,1.07,-0.429,True
HC_05,healthy,25.67,0.1294,0.19394,0.90867,-0.342,-0.075,2.193,True
HC_05,healthy,25.68,0.17395,0.1934,0.93897,-0.695,0.424,1.034,True
HC_05,healthy,25.69,0.16119,0.18667,0.97383,1.596,1.537,0.818,True
HC_05,healthy,25.7,0.15525,0.17745,0.95482,0.437,-0.143,0.976,True
HC_05,healthy,25.71,0.1248,0.15647,0.93871,-0.318,-0.622,-0.98,True
HC_05,healthy,25.72,0.12746,0.16864,0.95759,0.697,1.274,-1.041,True
HC_05,healthy,25.73,0.10434,0.1876,0.91618,-0.614,-0.002,-1.012,True
HC_05,healthy,25.740000000000002,0.10225,0.20625,0.95984,-0.883,-0.805,-2.674,True
HC_05,healthy,25.75,0.13068,0.17279,0.93503,0.584,0.166,-0.929,True
HC_05,healthy,25.76,0.12879,0.17488,0.96145,0.089,-2.597,0.594,True
HC_05,healthy,25.77,0.11823,0.2081,0.93834,0.304,-0.921,1.236,True
HC_05,healthy,25.78,0.15111,0.17722,0.94287,-0.095,-0.363,0.586,True
HC_05,healthy,25.79,0.15012,0.17813,0.95242,0.336,0.924,-0.339,True
HC_05,healthy,25.8,0.12912,0.17297,0.96768,1.006,-1.26,0.427,True
HC_05,healthy,25.810000000000002,0.11067,0.17287,0.96477,-0.148,-0.061,0.955,True
HC_05,healthy,25.82,0.14602,0.18427,0.95323,0.332,1.112,-0.153,True
HC_05,healthy,25.830000000000002,0.09882,0.17169,0.97178,0.378,-0.433,-1.425,True
HC_05,healthy,25.84,0.11494,0.17325,0.95779,0.57,0.978,-0.686,True
HC_05,healthy,25.85,0.15121,0.19109,0.96454,0.658,0.817,-1.574,True
HC_05,healthy,25.86,0.12253,0.18014,0.93818,0.559,-0.64,2.024,True
HC_05,healthy,25.87,0.14238,0.1992,0.97099,0.2,-0.999,0.347,True
HC_05,healthy,25.88,0.14928,0.1673,0.95092,1.53,1.075,1.033,True
HC_05,healthy,25.89,0.11606,0.22951,0.98109,0.013,1.136,0.162,True
HC_05,healthy,25.900000000000002,0.12953,0.16296,0.94737,1.334,0.525,-0.075,True
HC_05,healthy,25.91,0.11832,0.16989,0.97327,-1.0,0.323,-1.183,True
HC_05,healthy,25.92,0.08666,0.16314,0.95129,0.048,0.847,-1.701,True
HC_05,healthy,25.93,0.08743,0.18491,0.94869,1.83,0.944,0.707,True
HC_05,healthy,25.94,0.10074,0.17971,0.97704,0.194,-0.492,-0.404,True
HC_05,healthy,25.95,0.10374,0.18051,0.96336,0.273,-0.836,-2.031,True
HC_05,healthy,25.96,0.1346,0.21475,0.95981,0.615,1.891,0.131,True
HC_05,healthy,25.97,0.12328,0.19056,0.9326,-0.9,-0.732,1.348,True
HC_05,healthy,25.98,0.13888,0.196,0.98948,1.071,-0.648,0.222,True
HC_05,healthy,25.990000000000002,0.13666,0.18279,0.96874,-0.662,0.328,1.731,True
HC_05,healthy,26.0,0.09479,0.18195,0.96778,0.59,0.116,1.218,True
HC_05,healthy,26.01,0.07869,0.17348,0.95436,-0.268,-1.124,-2.248,True
HC_05,healthy,26.02,0.11089,0.15731,0.9806,-0.971,-0.348,-0.86,True
HC_05,healthy,26.03,0.10975,0.20607,0.95961,0.164,-1.549,-2.984,True
HC_05,healthy,26.04,0.1205,0.22664,0.9476,-2.486,-0.174,-0.867,True
HC_05,healthy,26.05,0.12342,0.16327,0.97342,0.107,0.317,-1.223,True
HC_05,healthy,26.060000000000002,0.14206,0.20262,0.95096,-0.512,-0.565,1.013,True
HC_05,healthy,26.07,0.13367,0.18445,0.97246,-0.085,-0.238,2.819,True
HC_05,healthy,26.080000000000002,0.12147,0.1738,0.97498,-0.412,-1.68,2.442,True
HC_05,healthy,26.09,0.12798,0.16862,0.96035,-0.418,0.663,1.965,True
HC_05,healthy,26.1,0.12566,0.15075,0.95804,0.842,0.585,-0.681,True
HC_05,healthy,26.11,0.08621,0.19056,0.95874,-0.41,-0.184,-2.041,True
HC_05,healthy,26.12,0.07429,0.17051,0.9654,1.203,-1.148,-1.927,True
HC_05,healthy,26.13,0.08922,0.19153,0.96727,-0.617,0.312,-0.483,True
HC_05,healthy,26.14,0.14012,0.19211,0.99088,0.847,-0.992,-0.154,True
HC_05,healthy,26.150000000000002,0.10659,0.1936,0.97819,-0.434,0.65,1.25,True
HC_05,healthy,26.16,0.15363,0.2021,0.95668,-0.399,-0.452,2.374,True
HC_05,healthy,26.17,0.13626,0.14845,0.94517,0.03,0.032,2.902,True
HC_05,healthy,26.18,0.17097,0.19217,0.94721,0.306,-0.3,0.396,True
HC_05,healthy,26.19,0.13705,0.18854,0.96588,1.103,-1.166,1.511,True
HC_05,healthy,26.2,0.12725,0.18512,0.98521,-0.465,1.308,0.517,True
HC_05,healthy,26.21,0.10493,0.17225,0.96796,-0.574,0.046,-0.803,True
HC_05,healthy,26.22,0.09303,0.18758,0.93978,0.269,-0.928,-1.208,True
HC_05,healthy,26.23,0.0893,0.17465,0.94236,0.501,-3.161,-2.315,True
HC_05,healthy,26.240000000000002,0.11044,0.19567,0.97016,0.788,-0.678,-0.424,True
HC_05,healthy,26.25,0.10416,0.20791,0.96295,0.667,-0.526,1.922,True
HC_05,healthy,26.26,0.11851,0.18835,0.98251,-0.073,1.285,0.683,True
HC_05,healthy,26.27,0.12196,0.18664,0.97561,-0.995,-0.158,1.483,True
HC_05,healthy,26.28,0.12273,0.18123,0.98359,-0.811,0.094,1.016,True
HC_05,healthy,26.29,0.09426,0.18528,0.9678,0.287,-1.145,1.862,True
HC_05,healthy,26.3,0.11746,0.15861,1.00662,-1.017,0.579,-0.253,True
HC_05,healthy,26.310000000000002,0.11225,0.16273,0.96708,-0.717,0.142,-1.464,True
HC_05,healthy,26.32,0.09276,0.18319,0.97538,-0.96,0.42,0.364,True
HC_05,healthy,26.330000000000002,0.07117,0.20093,0.94725,-1.266,0.268,0.015,True
HC_05,healthy,26.34,0.11535,0.18017,0.95225,-0.976,0.318,0.191,True
HC_05,healthy,26.35,0.09367,0.18623,0.97782,-1.425,1.584,1.609,True
HC_05,healthy,26.36,0.14485,0.18531,0.96407,1.395,1.119,2.222,True
HC_05,healthy,26.37,0.13618,0.17424,0.9783,-0.361,-0.057,0.433,True
HC_05,healthy,26.38,0.12336,0.17957,0.96114,-0.118,-0.359,-0.009,True
HC_05,healthy,26.39,0.09401,0.15482,0.95772,-0.295,-0.688,0.501,True
HC_05,healthy,26.400000000000002,0.08539,0.16932,0.94974,-0.261,0.008,-1.914,True
HC_05,healthy,26.41,0.07319,0.17424,0.95425,-0.778,0.719,-1.866,True
HC_05,healthy,26.42,0.11944,0.21157,0.9922,0.938,0.604,-0.334,True
HC_05,healthy,26.43,0.09388,0.20274,0.96661,1.396,-0.158,-1.726,True
HC_05,healthy,26.44,0.11986,0.19311,0.96072,0.293,-0.766,0.033,True
HC_05,healthy,26.45,0.12538,0.19785,0.99223,2.42,-0.92,0.673,True
HC_05,healthy,26.46,0.11129,0.16955,0.97245,1.641,-0.216,1.914,True
HC_05,healthy,26.47,0.1188,0.15136,0.95011,-0.194,0.552,0.946,True
HC_05,healthy,26.48,0.08639,0.15203,0.97421,-1.294,-1.679,0.182,True
HC_05,healthy,26.490000000000002,0.07342,0.17441,0.99985,-0.117,1.019,-0.075,True
HC_05,healthy,26.5,0.09705,0.16618,0.9421,1.425,1.278,-1.972,True
HC_05,healthy,26.51,0.09882,0.18755,0.96667,-0.057,0.607,-0.429,True
HC_05,healthy,26.52,0.0936,0.19683,0.97837,0.777,-0.232,-2.262,True
HC_05,healthy,26.53,0.08602,0.18151,0.96792,0.124,0.171,0.205,True
HC_05,healthy,26.54,0.12925,0.20423,0.98584,-0.951,-0.759,-0.398,True
HC_05,healthy,26.55,0.1331,0.17563,0.92881,-0.639,-2.288,-0.318,True
HC_05,healthy,26.560000000000002,0.14972,0.17873,0.97451,-1.789,-0.179,0.532,True
HC_05,healthy,26.57,0.136,0.16562,0.95543,0.023,0.398,-0.475,True
HC_05,healthy,26.580000000000002,0.09362,0.14461,1.00108,-0.638,-0.598,-0.021,True
HC_05,healthy,26.59,0.12734,0.13758,1.00901,0.769,-0.206,-0.174,True
HC_05,healthy,26.6,0.07585,0.1601,0.96261,-1.099,-1.704,-1.445,True
HC_05,healthy,26.61,0.08664,0.18884,0.98597,-1.346,-1.426,-1.373,True
HC_05,healthy,26.62,0.08138,0.18046,0.97497,-0.196,-0.555,-1.188,True
HC_05,healthy,26.63,0.09805,0.19959,0.98001,0.195,0.799,-0.425,True
HC_05,healthy,26.64,0.11897,0.17787,0.94733,-0.179,-1.139,-1.511,True
HC_05,healthy,26.650000000000002,0.13058,0.18516,0.96191,0.399,0.024,1.664,True
HC_05,healthy,26.66,0.12969,0.2148,0.97676,0.316,-1.358,1.919,True
HC_05,healthy,26.67,0.10924,0.13254,0.96038,-0.568,0.942,0.535,True
HC_05,healthy,26.68,0.10606,0.15322,0.98112,-0.95,0.237,1.648,True
HC_05,healthy,26.69,0.11138,0.16701,0.95809,0.284,-1.036,-0.631,True
HC_05,healthy,26.7,0.08845,0.15985,0.95783,-1.179,-0.408,-1.937,True
HC_05,healthy,26.71,0.09791,0.18431,0.97504,0.595,0.544,0.15,True
HC_05,healthy,26.72,0.09009,0.18412,0.96223,0.788,0.898,0.217,True
HC_05,healthy,26.73,0.08883,0.16555,0.98672,0.178,0.417,-0.826,True
HC_05,healthy,26.740000000000002,0.11451,0.1788,0.98862,0.072,-0.433,0.541,True
HC_05,healthy,26.75,0.12184,0.16475,0.96105,-0.164,-0.82,1.104,True
HC_05,healthy,26.76,0.10165,0.19556,0.97873,0.777,0.007,1.513,True
HC_05,healthy,26.77,0.12432,0.16524,0.96805,-0.658,-0.368,-0.356,True
HC_05,healthy,26.78,0.09725,0.13651,0.99847,-0.578,-0.294,0.607,True
HC_05,healthy,26.79,0.11098,0.17078,0.9607,1.117,-0.566,-1.091,True
HC_05,healthy,26.8,0.09175,0.18069,0.96574,0.949,-0.438,-0.673,True
HC_05,healthy,26.810000000000002,0.09593,0.16471,0.96579,0.571,-0.173,-1.456,True
HC_05,healthy,26.82,0.10862,0.18889,0.97059,-0.627,1.136,-0.54,True
HC_05,healthy,26.830000000000002,0.10317,0.2078,0.95502,-1.259,-0.929,-0.159,True
HC_05,healthy,26.84,0.1301,0.18426,0.95952,-1.077,0.373,0.899,True
HC_05,healthy,26.85,0.10446,0.16152,0.96415,-0.414,0.907,0.234,True
HC_05,healthy,26.86,0.1194,0.16329,0.98758,0.292,-1.14,2.316,True
HC_05,healthy,26.87,0.09059,0.164,0.98378,-1.056,0.648,1.759,True
HC_05,healthy,26.88,0.07327,0.14622,0.96756,0.661,-0.15,0.785,True
HC_05,healthy,26.89,0.05612,0.18944,0.94858,0.119,-1.202,-1.636,True
HC_05,healthy,26.900000000000002,0.07438,0.18782,1.00255,1.208,1.176,-1.693,True
HC_05,healthy,26.91,0.11315,0.1952,0.96402,1.915,-0.997,-1.392,True
HC_05,healthy,26.92,0.06997,0.18395,0.98411,-0.338,-0.99,-0.103,True
HC_05,healthy,26.93,0.12343,0.18565,0.97512,-0.721,0.175,-0.519,True
HC_05,healthy,26.94,0.15334,0.1889,0.96171,-0.907,-0.066,2.295,True
HC_05,healthy,26.95,0.10442,0.22153,0.95933,-0.919,0.924,1.687,True
HC_05,healthy,26.96,0.07659,0.14814,0.98241,0.154,-0.454,0.904,True
HC_05,healthy,26.97,0.10946,0.17997,0.95452,-0.572,1.206,0.692,True
HC_05,healthy,26.98,0.1039,0.16193,0.97869,0.014,-0.236,-0.123,True
HC_05,healthy,26.990000000000002,0.1248,0.14591,0.97086,-0.465,-0.781,-2.151,True
HC_05,healthy,27.0,0.09766,0.1738,0.98048,0.875,-1.012,-1.222,True
HC_05,healthy,27.01,0.08328,0.19383,0.96883,1.035,0.771,-0.019,True
HC_05,healthy,27.02,0.11618,0.1745,0.96409,0.45,-0.01,-0.117,True
HC_05,healthy,27.03,0.09638,0.19349,0.974,1.268,-0.112,0.856,True
HC_05,healthy,27.04,0.13257,0.17933,0.97053,0.938,0.864,1.516,True
HC_05,healthy,27.05,0.13451,0.14751,0.99702,1.302,0.513,1.734,True
HC_05,healthy,27.060000000000002,0.11952,0.15521,0.98098,0.981,-0.295,0.223,True
HC_05,healthy,27.07,0.11066,0.17254,0.96017,-0.906,-1.426,1.175,True
HC_05,healthy,27.080000000000002,0.1006,0.13949,0.97865,0.618,0.939,-1.927,True
HC_05,healthy,27.09,0.10413,0.15795,0.97839,1.404,0.227,-2.875,True
HC_05,healthy,27.1,0.10148,0.15412,0.97137,0.562,-0.06,0.44,True
HC_05,healthy,27.11,0.09475,0.1952,0.95882,-0.262,0.88,-0.332,True
HC_05,healthy,27.12,0.12015,0.18921,0.97484,1.177,-0.126,1.683,True
HC_05,healthy,27.13,0.1148,0.1559,0.96107,-0.438,0.048,0.649,True
HC_05,healthy,27.14,0.12786,0.21236,0.96887,1.4,-1.221,-0.176,True
HC_05,healthy,27.150000000000002,0.11209,0.17922,0.9744,-0.809,-0.985,1.102,True
HC_05,healthy,27.16,0.11112,0.13972,0.96616,-0.18,-0.728,2.121,True
HC_05,healthy,27.17,0.09312,0.14674,0.96059,1.027,0.168,0.515,True
HC_05,healthy,27.18,0.08588,0.17708,0.99697,0.098,-1.125,-0.777,True
HC_05,healthy,27.19,0.11524,0.16554,0.97179,-0.27,0.136,-1.999,True
HC_05,healthy,27.2,0.10483,0.16994,0.98404,-1.395,0.243,-1.487,True
HC_05,healthy,27.21,0.1123,0.18622,0.97854,0.738,-0.301,-0.365,True
HC_05,healthy,27.22,0.11134,0.20507,0.97688,-0.416,0.69,0.668,True
HC_05,healthy,27.23,0.13655,0.14793,0.97644,0.136,0.446,0.301,True
HC_05,healthy,27.240000000000002,0.11918,0.17628,1.01571,-0.858,-0.454,-0.122,True
HC_05,healthy,27.25,0.10914,0.17588,0.95934,-1.298,-1.24,1.369,True
HC_05,healthy,27.26,0.09903,0.14438,0.97276,0.213,0.281,-1.52,True
HC_05,healthy,27.27,0.09561,0.15795,0.99533,0.074,-0.286,0.745,True
HC_05,healthy,27.28,0.06978,0.15852,0.94637,0.085,0.916,-1.001,True
HC_05,healthy,27.29,0.08326,0.18477,0.9842,1.16,0.898,-1.291,True
HC_05,healthy,27.3,0.09344,0.18416,0.97842,0.64,-1.554,-0.076,True
HC_05,healthy,27.310000000000002,0.07425,0.18054,0.9662,1.103,-0.152,-0.401,True
HC_05,healthy,27.32,0.11111,0.20356,0.95917,-0.716,0.749,1.037,True
HC_05,healthy,27.330000000000002,0.14305,0.17211,0.99466,-0.599,-0.956,0.221,True
HC_05,healthy,27.34,0.14787,0.16333,0.98785,-0.608,0.227,0.164,True
HC_05,healthy,27.35,0.10038,0.17944,0.94783,-0.028,0.057,1.344,True
HC_05,healthy,27.36,0.11315,0.14566,0.98457,-1.037,1.314,-0.742,True
HC_05,healthy,27.37,0.09533,0.1686,0.92061,-0.601,-0.066,0.446,True
HC_05,healthy,27.38,0.09371,0.18883,0.99855,0.571,-0.198,-0.414,True
HC_05,healthy,27.39,0.09947,0.19325,0.9659,-0.776,-0.817,-2.148,True
HC_05,healthy,27.400000000000002,0.12218,0.17367,0.932,-0.019,-0.266,-1.07,True
HC_05,healthy,27.41,0.11898,0.16344,0.97918,-1.396,0.591,-0.637,True
HC_05,healthy,27.42,0.13643,0.20949,0.95801,-0.309,1.127,-0.503,True
HC_05,healthy,27.43,0.13054,0.14284,0.98881,-0.352,0.03,0.938,True
HC_05,healthy,27.44,0.11294,0.17263,0.98168,-0.747,0.531,1.103,True
HC_05,healthy,27.45,0.10353,0.1507,0.99889,0.44,0.263,1.377,True
HC_05,healthy,27.46,0.09379,0.16628,0.9676,0.064,-0.168,0.506,True
HC_05,healthy,27.47,0.09941,0.15541,0.97202,0.695,-0.453,-1.817,True
HC_05,healthy,27.48,0.08917,0.14821,0.97399,0.367,1.405,0.091,True
HC_05,healthy,27.490000000000002,0.09874,0.1906,0.95764,-0.206,0.182,-1.904,True
HC_05,healthy,27.5,0.09056,0.20424,0.99037,-0.496,-0.254,-1.74,True
HC_05,healthy,27.51,0.11631,0.18634,0.98481,0.3,-1.093,0.853,True
HC_05,healthy,27.52,0.09818,0.15311,0.99272,-0.194,0.016,-0.802,True
HC_05,healthy,27.53,0.12189,0.19344,0.99734,-0.322,-0.76,1.138,True
HC_05,healthy,27.54,0.12534,0.17081,1.01382,1.643,-0.005,0.637,True
HC_05,healthy,27.55,0.10199,0.17745,0.96496,0.77,-0.864,0.017,True
HC_05,healthy,27.560000000000002,0.10843,0.17044,0.97007,-1.753,-0.659,0.079,True
HC_05,healthy,27.57,0.11821,0.14923,0.99456,-0.287,0.732,-1.738,True
HC_05,healthy,27.580000000000002,0.0764,0.18567,0.97629,0.239,-0.14,0.022,True
HC_05,healthy,27.59,0.07552,0.19163,0.96482,-0.053,1.417,-1.55,True
HC_05,healthy,27.6,0.08925,0.19408,0.99028,-1.972,-0.338,-0.709,True
HC_05,healthy,27.61,0.10787,0.17782,0.98329,0.087,-0.542,-0.551,True
HC_05,healthy,27.62,0.08082,0.1878,0.98441,-1.841,0.088,0.547,True
HC_05,healthy,27.63,0.14519,0.18393,0.97738,1.153,-0.465,1.67,True
HC_05,healthy,27.64,0.0718,0.17839,1.00952,-1.275,0.227,1.81,True
HC_05,healthy,27.650000000000002,0.09806,0.16539,0.98733,-1.092,0.114,-0.571,True
HC_05,healthy,27.66,0.12009,0.17972,0.99917,-0.693,0.241,-0.774,True
HC_05,healthy,27.67,0.068,0.17128,0.9717,1.637,-1.218,-1.182,True
HC_05,healthy,27.68,0.04832,0.18803,0.98337,1.756,2.292,-2.217,True
HC_05,healthy,27.69,0.12151,0.18583,0.99023,1.333,-0.515,-0.79,True
HC_05,healthy,27.7,0.09182,0.19391,0.98226,-0.724,0.968,-0.669,True
HC_05,healthy,27.71,0.10126,0.17676,0.98865,0.545,-1.013,0.755,True
HC_05,healthy,27.72,0.12931,0.1889,0.95629,1.155,0.964,1.164,True
HC_05,healthy,27.73,0.10988,0.19677,0.98218,0.136,-0.425,1.938,True
HC_05,healthy,27.740000000000002,0.13187,0.1547,0.97076,2.392,0.041,0.834,True
HC_05,healthy,27.75,0.09157,0.16423,0.9777,0.554,-0.244,-1.611,True
HC_05,healthy,27.76,0.08622,0.14382,0.98565,-0.789,0.629,-1.271,True
HC_05,healthy,27.77,0.09604,0.16717,0.97335,1.635,0.37,-0.572,True
HC_05,healthy,27.78,0.10075,0.2053,1.01238,0.199,-0.132,-1.26,True
HC_05,healthy,27.79,0.08791,0.15934,0.98392,0.834,0.379,0.3,True
HC_05,healthy,27.8,0.08253,0.19743,0.99794,-1.058,-0.994,0.211,True
HC_05,healthy,27.810000000000002,0.09835,0.1782,0.97125,-1.251,1.388,1.216,True
HC_05,healthy,27.82,0.08778,0.17526,0.97798,-0.028,-1.245,0.621,True
HC_05,healthy,27.830000000000002,0.11463,0.15934,0.9746,0.843,-1.022,1.297,True
HC_05,healthy,27.84,0.07227,0.14914,0.97346,0.233,0.521,0.324,True
HC_05,healthy,27.85,0.10626,0.13921,0.96934,1.462,0.516,-0.876,True
HC_05,healthy,27.86,0.05677,0.16914,0.95765,0.156,-0.808,-0.055,True
HC_05,healthy,27.87,0.09226,0.1801,0.94747,-1.497,-0.384,-1.896,True
HC_05,healthy,27.88,0.08133,0.19061,0.98674,0.08,0.668,-1.578,True
HC_05,healthy,27.89,0.08883,0.18987,0.97354,0.513,0.394,0.506,True
HC_05,healthy,27.900000000000002,0.10659,0.19712,0.97787,-0.45,-0.639,0.189,True
HC_05,healthy,27.91,0.12425,0.19186,0.97033,1.639,-0.543,1.381,True
HC_05,healthy,27.92,0.13655,0.17717,0.9779,0.302,-1.489,2.079,True
HC_05,healthy,27.93,0.12903,0.13359,0.98139,0.682,0.565,1.647,True
HC_05,healthy,27.94,0.10014,0.15586,0.9665,-0.522,-0.608,1.059,True
HC_05,healthy,27.95,0.10352,0.13854,0.96804,0.196,-0.104,-0.154,True
HC_05,healthy,27.96,0.11002,0.17105,0.98229,-0.052,-0.201,-1.254,True
HC_05,healthy,27.97,0.11898,0.1682,0.97257,-0.107,0.046,-1.187,True
HC_05,healthy,27.98,0.06562,0.16132,0.94719,0.289,0.163,-0.004,True
HC_05,healthy,27.990000000000002,0.09267,0.18158,0.95508,-0.45,0.647,-0.153,True
HC_05,healthy,28.0,0.10024,0.16775,0.95597,-0.228,0.472,1.286,True
HC_05,healthy,28.01,0.09547,0.18707,0.96563,-0.971,-0.675,1.681,True
HC_05,healthy,28.02,0.11426,0.20172,1.00997,-0.419,-0.472,2.15,True
HC_05,healthy,28.03,0.16413,0.16847,0.95292,-0.909,1.719,2.289,True
HC_05,healthy,28.04,0.09124,0.15367,0.99089,1.304,1.042,0.909,True
HC_05,healthy,28.05,0.09633,0.14288,1.01048,-0.8,-0.795,-0.077,True
HC_05,healthy,28.060000000000002,0.12184,0.19649,0.97845,-0.155,1.019,-1.239,True
HC_05,healthy,28.07,0.09607,0.17249,0.98144,0.288,1.781,-1.032,True
HC_05,healthy,28.080000000000002,0.07338,0.19159,0.9564,0.416,-0.098,0.446,True
HC_05,healthy,28.09,0.0905,0.20948,0.95973,0.985,0.753,-0.85,True
HC_05,healthy,28.1,0.12903,0.17587,0.96058,-0.458,1.357,-1.507,True
HC_05,healthy,28.11,0.1336,0.18564,0.95834,-0.682,1.201,1.385,True
HC_05,healthy,28.12,0.11676,0.1833,0.97101,0.549,-1.017,1.612,True
HC_05,healthy,28.13,0.08369,0.14731,0.96732,-0.162,0.256,1.579,True
HC_05,healthy,28.14,0.12242,0.17422,0.96408,-1.057,0.357,0.333,True
HC_05,healthy,28.150000000000002,0.09173,0.15002,0.98413,-0.638,1.169,-0.597,True
HC_05,healthy,28.16,0.1087,0.16343,0.95441,0.034,-0.144,-1.095,True
HC_05,healthy,28.17,0.09215,0.1982,0.96555,0.311,-1.688,-0.894,True
HC_05,healthy,28.18,0.10528,0.18629,0.95834,0.242,0.686,-0.512,True
HC_05,healthy,28.19,0.13118,0.19024,0.9704,0.439,0.517,0.164,True
HC_05,healthy,28.2,0.10054,0.15179,0.96814,-0.414,1.017,0.968,True
HC_05,healthy,28.21,0.13418,0.18272,0.96934,-1.0,-0.902,1.738,True
HC_05,healthy,28.22,0.13704,0.152,0.95715,-1.235,2.078,1.163,True
HC_05,healthy,28.23,0.12982,0.20184,0.97248,1.054,0.655,-0.717,True
HC_05,healthy,28.240000000000002,0.10593,0.18698,0.97487,-0.151,0.019,-0.103,True
HC_05,healthy,28.25,0.0955,0.21325,0.96087,-0.902,-0.517,0.102,True
HC_05,healthy,28.26,0.07151,0.19001,0.98007,0.858,0.885,-2.033,True
HC_05,healthy,28.27,0.10858,0.18521,0.94905,-0.807,0.678,-0.842,True
HC_05,healthy,28.28,0.09741,0.18444,0.98928,1.563,-0.687,-0.588,True
HC_05,healthy,28.29,0.10408,0.19601,0.9634,0.378,1.038,-1.19,True
HC_05,healthy,28.3,0.11963,0.18756,0.98329,1.155,1.273,1.725,True
HC_05,healthy,28.310000000000002,0.11445,0.17107,0.97116,-0.14,0.857,1.641,True
HC_05,healthy,28.32,0.13148,0.14162,0.97177,-0.123,-0.256,1.863,True
HC_05,healthy,28.330000000000002,0.11531,0.17982,0.93466,0.022,-1.022,-0.684,True
HC_05,healthy,28.34,0.08439,0.17326,0.9704,-0.021,1.104,0.005,True
HC_05,healthy,28.35,0.10983,0.15409,0.98145,0.579,1.376,-1.006,True
HC_05,healthy,28.36,0.10099,0.19028,0.96062,0.096,-0.802,-0.816,True
HC_05,healthy,28.37,0.05927,0.18055,0.95759,2.076,0.384,-1.099,True
HC_05,healthy,28.38,0.12511,0.17971,0.96795,-0.87,0.556,1.088,True
HC_05,healthy,28.39,0.11978,0.16928,0.96963,0.383,-0.299,0.876,True
HC_05,healthy,28.400000000000002,0.14355,0.15646,0.98862,0.008,1.044,1.611,True
HC_05,healthy,28.41,0.14301,0.16639,0.98658,-0.041,-0.002,1.336,True
HC_05,healthy,28.42,0.1205,0.18155,0.96766,-0.915,-0.382,1.437,True
HC_05,healthy,28.43,0.11201,0.17257,0.97874,-0.865,0.541,-0.217,True
HC_05,healthy,28.44,0.07953,0.15276,0.97099,0.273,0.016,0.287,True
HC_05,healthy,28.45,0.10439,0.21027,0.96204,1.719,-0.318,-1.985,True
HC_05,healthy,28.46,0.09786,0.20498,0.99052,0.947,-0.101,-0.852,True
HC_05,healthy,28.47,0.11007,0.19625,0.95112,-0.993,-1.021,-1.321,True
HC_05,healthy,28.48,0.10606,0.18368,0.96702,-1.297,0.696,-0.072,True
HC_05,healthy,28.490000000000002,0.12124,0.19252,0.95814,0.14,1.984,0.389,True
HC_05,healthy,28.5,0.11674,0.19892,0.95781,0.849,-0.017,1.163,True
HC_05,healthy,28.51,0.10999,0.19918,0.96614,-0.606,-0.95,1.169,True
HC_05,healthy,28.52,0.11404,0.15323,0.95446,-0.463,-0.83,-0.307,True
HC_05,healthy,28.53,0.12751,0.14568,0.9839,-0.209,0.991,-0.711,True
HC_05,healthy,28.54,0.08815,0.16902,0.95851,-1.311,-1.27,-0.311,True
HC_05,healthy,28.55,0.09076,0.17275,0.97308,-0.624,-0.057,-1.367,True
HC_05,healthy,28.560000000000002,0.07407,0.19326,0.97162,-0.486,1.112,-1.171,True
HC_05,healthy,28.57,0.11004,0.20285,1.00169,-0.002,-0.212,-0.539,True
HC_05,healthy,28.580000000000002,0.11689,0.18731,0.95262,-0.234,1.13,-0.119,True
HC_05,healthy,28.59,0.12695,0.18157,0.95873,-0.166,1.423,1.779,True
HC_05,healthy,28.6,0.10976,0.18788,0.96419,-0.221,-0.1,1.13,True
HC_05,healthy,28.61,0.1158,0.18644,0.95866,1.296,-1.276,-0.148,True
HC_05,healthy,28.62,0.10313,0.17338,0.96821,1.465,-0.632,3.057,True
HC_05,healthy,28.63,0.10122,0.15366,0.98716,-0.561,-0.97,-1.188,True
HC_05,healthy,28.64,0.10954,0.15765,0.96315,1.586,0.386,-1.975,True
HC_05,healthy,28.650000000000002,0.10726,0.17692,0.93688,0.032,-0.155,-2.433,True
HC_05,healthy,28.66,0.10585,0.18473,0.97768,1.401,0.093,-1.671,True
HC_05,healthy,28.67,0.1136,0.18231,0.9435,0.45,-1.132,-0.312,True
HC_05,healthy,28.68,0.11732,0.19065,0.96027,0.114,1.007,0.525,True
HC_05,healthy,28.69,0.1295,0.18485,0.94369,0.144,1.488,1.961,True
HC_05,healthy,28.7,0.12388,0.19343,0.953,0.776,0.81,0.294,True
HC_05,healthy,28.71,0.1232,0.1771,0.95407,-0.445,0.496,0.199,True
HC_05,healthy,28.72,0.10733,0.15565,0.94596,0.329,-0.349,1.031,True
HC_05,healthy,28.73,0.09859,0.15256,0.95484,-0.292,1.249,0.071,True
HC_05,healthy,28.740000000000002,0.08527,0.16882,0.99368,-0.743,0.758,-1.529,True
HC_05,healthy,28.75,0.0802,0.16702,0.96885,-0.721,0.098,-1.657,True
HC_05,healthy,28.76,0.13144,0.18946,0.9635,0.594,-0.207,-0.864,True
HC_05,healthy,28.77,0.11583,0.21687,0.95972,1.308,-0.908,-1.532,True
HC_05,healthy,28.78,0.13066,0.18394,0.95488,-0.577,-0.144,1.188,True
HC_05,healthy,28.79,0.12816,0.177,0.94346,0.646,0.163,2.466,True
HC_05,healthy,28.8,0.12778,0.19429,0.95476,0.661,-0.263,1.216,True
HC_05,healthy,28.810000000000002,0.10095,0.16365,0.9803,1.547,0.302,-0.119,True
HC_05,healthy,28.82,0.10189,0.1924,0.92601,1.598,0.454,-1.175,True
HC_05,healthy,28.830000000000002,0.09965,0.1767,0.94264,-2.125,-0.593,-0.694,True
HC_05,healthy,28.84,0.10137,0.19326,0.95659,1.608,0.502,-2.793,True
HC_05,healthy,28.85,0.11522,0.18026,0.96475,-0.306,1.558,-2.057,True
HC_05,healthy,28.86,0.1269,0.17329,0.97144,-0.966,-0.134,-0.86,True
HC_05,healthy,28.87,0.1192,0.21894,0.93893,-0.788,-0.062,0.848,True
HC_05,healthy,28.88,0.11442,0.20545,0.97397,-0.111,0.082,2.096,True
HC_05,healthy,28.89,0.11594,0.18612,0.94827,0.665,-0.328,0.281,True
HC_05,healthy,28.900000000000002,0.1434,0.18554,0.94989,-1.815,-0.876,0.294,True
HC_05,healthy,28.91,0.11843,0.1708,0.95166,0.406,-1.101,0.359,True
HC_05,healthy,28.92,0.11212,0.17253,0.97615,0.54,-0.38,0.424,True
HC_05,healthy,28.93,0.1063,0.16254,0.97215,0.079,0.682,-1.275,True
HC_05,healthy,28.94,0.1289,0.17942,0.95524,-0.588,-0.23,-1.042,True
HC_05,healthy,28.95,0.10189,0.22185,0.96892,0.571,0.211,-1.593,True
HC_05,healthy,28.96,0.13288,0.19163,0.95491,0.194,0.091,-0.391,True
HC_05,healthy,28.97,0.11462,0.21653,0.94981,0.274,-0.912,0.403,True
HC_05,healthy,28.98,0.1152,0.18013,0.97186,0.711,-0.373,1.795,True
HC_05,healthy,28.990000000000002,0.13454,0.14149,0.96402,0.593,0.203,0.688,True
HC_05,healthy,29.0,0.14474,0.20035,0.94468,-0.648,0.863,1.67,True
HC_05,healthy,29.01,0.11191,0.1859,0.96321,0.103,-0.051,-0.388,True
HC_05,healthy,29.02,0.12128,0.17471,0.94476,0.137,0.145,-0.759,True
HC_05,healthy,29.03,0.1094,0.19566,0.9709,0.531,-0.935,-1.816,True
HC_05,healthy,29.04,0.09142,0.18507,0.97828,-0.179,0.419,-1.881,True
HC_05,healthy,29.05,0.12208,0.17747,0.9681,-1.826,0.049,-0.09,True
HC_05,healthy,29.060000000000002,0.13208,0.20216,0.98475,0.089,0.07,0.327,True
HC_05,healthy,29.07,0.12806,0.18349,0.95525,0.351,-0.845,-0.19,True
HC_05,healthy,29.080000000000002,0.15091,0.18461,0.96986,1.047,-2.177,2.387,True
HC_05,healthy,29.09,0.13455,0.19555,0.95222,0.5,-1.321,1.3,True
HC_05,healthy,29.1,0.12427,0.1874,0.97818,0.428,0.193,2.733,True
HC_05,healthy,29.11,0.13255,0.18664,0.96916,-0.734,-0.097,0.796,True
HC_05,healthy,29.12,0.10555,0.15176,0.95224,-0.271,0.428,0.209,True
HC_05,healthy,29.13,0.08864,0.19148,0.97274,0.157,0.845,-2.491,True
HC_05,healthy,29.14,0.11247,0.2152,0.94426,1.482,0.332,-1.833,True
HC_05,healthy,29.150000000000002,0.13338,0.19296,0.94884,-0.841,-0.175,0.687,True
HC_05,healthy,29.16,0.09195,0.20956,0.96229,-0.054,-1.224,0.127,True
HC_05,healthy,29.17,0.11898,0.20167,0.95039,-0.453,-0.175,1.202,True
HC_05,healthy,29.18,0.14835,0.17793,0.9845,0.858,-1.03,2.592,True
HC_05,healthy,29.19,0.13662,0.18222,0.96973,0.62,1.021,2.16,True
HC_05,healthy,29.2,0.13702,0.17237,0.97095,-0.543,0.536,0.308,True
HC_05,healthy,29.21,0.09706,0.18014,0.97672,0.472,0.854,-1.136,True
HC_05,healthy,29.22,0.1073,0.17346,0.96555,0.506,-0.484,-2.11,True
HC_05,healthy,29.23,0.12263,0.17508,0.96951,2.029,0.292,-1.087,True
HC_05,healthy,29.240000000000002,0.13075,0.23269,0.948,0.135,0.282,-1.785,True
HC_05,healthy,29.25,0.10863,0.21571,0.93993,1.148,-1.58,-0.751,True
HC_05,healthy,29.26,0.12773,0.17363,0.96786,-0.3,-1.557,-0.817,True
HC_05,healthy,29.27,0.14192,0.21408,0.93497,0.24,0.472,0.811,True
HC_05,healthy,29.28,0.12868,0.20526,0.96633,-0.839,0.693,2.365,True
HC_05,healthy,29.29,0.12693,0.20408,0.94851,0.008,0.128,1.831,True
HC_05,healthy,29.3,0.12408,0.18622,0.9572,1.301,-0.506,-1.584,True
HC_05,healthy,29.310000000000002,0.11029,0.19271,0.9887,-0.184,0.79,-0.126,True
HC_05,healthy,29.32,0.10252,0.17386,0.98326,-0.409,0.278,-2.175,True
HC_05,healthy,29.330000000000002,0.1102,0.17712,0.97488,0.229,0.334,-1.048,True
HC_05,healthy,29.34,0.1262,0.20935,0.9675,-0.695,0.262,0.108,True
HC_05,healthy,29.35,0.14285,0.21839,0.96336,0.194,0.029,-0.084,True
HC_05,healthy,29.36,0.14506,0.20617,0.98083,0.884,0.007,-0.534,True
HC_05,healthy,29.37,0.12484,0.19799,0.9809,-2.035,-0.016,1.871,True
HC_05,healthy,29.38,0.15094,0.20261,0.97731,-0.643,1.055,1.839,True
HC_05,healthy,29.39,0.14714,0.17842,0.93916,0.741,0.143,2.02,True
HC_05,healthy,29.400000000000002,0.14314,0.18588,0.95926,0.039,0.265,0.272,True
HC_05,healthy,29.41,0.12791,0.18817,0.97636,0.25,0.119,0.283,True
HC_05,healthy,29.42,0.12497,0.20661,0.95875,-1.17,-0.059,-0.41,True
HC_05,healthy,29.43,0.12912,0.19247,0.93754,1.194,1.065,-1.515,True
HC_05,healthy,29.44,0.14281,0.19043,0.95973,0.686,-0.066,-2.166,True
HC_05,healthy,29.45,0.13349,0.21507,0.96922,-1.33,0.123,-1.23,True
HC_05,healthy,29.46,0.14682,0.1687,0.96431,-0.779,1.01,1.099,True
HC_05,healthy,29.47,0.1381,0.19648,0.97251,1.288,0.014,2.411,True
HC_05,healthy,29.48,0.13728,0.22382,0.94633,0.044,-0.395,0.518,True
HC_05,healthy,29.490000000000002,0.12725,0.189,0.94533,0.452,0.04,1.652,True
HC_05,healthy,29.5,0.1578,0.18548,0.95659,-0.12,0.714,0.414,True
HC_05,healthy,29.51,0.14795,0.15428,0.94878,0.784,0.002,-2.103,True
HC_05,healthy,29.52,0.14147,0.21432,0.94947,-0.428,-1.011,-1.527,True
HC_05,healthy,29.53,0.11652,0.18497,0.9555,0.333,0.424,-1.892,True
HC_05,healthy,29.54,0.11456,0.20539,0.97401,0.239,-0.029,-1.368,True
HC_05,healthy,29.55,0.14258,0.21573,0.95162,0.95,0.174,0.701,True
HC_05,healthy,29.560000000000002,0.15832,0.22902,0.95009,1.284,-0.386,1.044,True
HC_05,healthy,29.57,0.16997,0.18922,0.94951,-0.092,0.22,2.521,True
HC_05,healthy,29.580000000000002,0.15146,0.19122,0.9563,0.933,0.485,1.821,True
HC_05,healthy,29.59,0.14424,0.21093,0.9518,0.944,-1.192,0.572,True
HC_05,healthy,29.6,0.13182,0.18266,0.95686,-0.475,0.587,-1.954,True
HC_05,healthy,29.61,0.13156,0.21722,0.94884,0.926,-0.039,-1.184,True
HC_05,healthy,29.62,0.12899,0.18064,0.94869,-1.306,-0.238,-2.094,True
HC_05,healthy,29.63,0.12163,0.20145,0.94591,1.648,0.994,0.004,True
HC_05,healthy,29.64,0.14038,0.21159,0.91981,-0.844,0.79,-1.081,True
HC_05,healthy,29.650000000000002,0.14518,0.19968,0.97125,-1.345,-0.393,-0.035,True
HC_05,healthy,29.66,0.13963,0.18967,0.91697,0.031,-0.116,1.385,True
HC_05,healthy,29.67,0.14959,0.1967,0.96455,0.486,-1.426,2.576,True
HC_05,healthy,29.68,0.17538,0.18624,0.92847,0.935,-1.211,2.419,True
HC_05,healthy,29.69,0.13072,0.16793,0.95827,-0.193,0.541,0.39,True
HC_05,healthy,29.7,0.14547,0.18255,0.97149,0.957,0.499,0.074,True
HC_05,healthy,29.71,0.13449,0.20457,0.93569,0.233,0.302,-2.345,True
HC_05,healthy,29.72,0.13637,0.21035,0.94734,0.118,0.931,-1.081,True
HC_05,healthy,29.73,0.15095,0.23327,0.96212,0.177,0.289,-1.106,True
HC_05,healthy,29.740000000000002,0.15445,0.22303,0.93874,-0.133,-0.27,0.669,True
HC_05,healthy,29.75,0.13713,0.18507,0.99458,-0.174,0.539,0.467,True
HC_05,healthy,29.76,0.15141,0.21809,0.93705,-0.141,-0.3,0.844,True
HC_05,healthy,29.77,0.16214,0.19989,0.93534,0.471,1.256,0.605,True
HC_05,healthy,29.78,0.15408,0.19774,0.96076,-0.385,0.548,1.624,True
HC_05,healthy,29.79,0.1612,0.1778,0.94345,0.874,-0.9,0.745,True
HC_05,healthy,29.8,0.11545,0.1793,0.95916,-0.575,-0.113,-1.144,True
HC_05,healthy,29.810000000000002,0.12265,0.20011,0.9657,-0.46,-0.255,-1.107,True
HC_05,healthy,29.82,0.12716,0.18189,0.93689,-0.152,-0.63,-1.385,True
HC_05,healthy,29.830000000000002,0.14259,0.21379,0.94125,-0.587,1.385,-0.086,True
HC_05,healthy,29.84,0.15993,0.20645,0.93556,-0.026,0.441,0.176,True
HC_05,healthy,29.85,0.13814,0.20355,0.93195,0.223,-0.494,0.378,True
HC_05,healthy,29.86,0.18127,0.2344,0.97408,0.693,-0.722,2.515,True
HC_05,healthy,29.87,0.16584,0.21354,0.94684,-0.435,-0.005,1.025,True
HC_05,healthy,29.88,0.1722,0.18808,0.9418,0.317,0.443,1.359,True
HC_05,healthy,29.89,0.17108,0.18756,0.9619,-0.339,-0.203,-0.572,True
HC_05,healthy,29.900000000000002,0.15117,0.21485,0.93352,-0.946,-1.224,-1.027,True
HC_05,healthy,29.91,0.15415,0.18685,0.92054,-0.063,-0.839,-1.319,True
HC_05,healthy,29.92,0.12164,0.19053,0.96021,-0.899,0.324,-1.705,True
HC_05,healthy,29.93,0.1357,0.21997,0.93509,-0.354,1.267,-2.247,True
HC_05,healthy,29.94,0.16174,0.2059,0.97192,-0.452,0.308,0.25,True
HC_05,healthy,29.95,0.17243,0.1998,0.93145,-0.205,1.01,0.361,True
HC_05,healthy,29.96,0.19229,0.2029,0.9331,-0.016,0.935,1.81,True
HC_05,healthy,29.97,0.1815,0.20284,0.93707,0.395,-1.352,1.901,True
HC_05,healthy,29.98,0.16726,0.19188,0.96472,-1.42,-0.194,-0.207,True
HC_05,healthy,29.990000000000002,0.13844,0.22686,0.9492,-0.536,-0.113,-0.82,True
HC_05,healthy,30.0,0.14719,0.21457,0.96008,0.853,-0.009,-0.787,True
HC_05,healthy,30.01,0.12539,0.2079,0.91598,0.258,-1.087,-1.994,True
HC_05,healthy,30.02,0.13977,0.22503,0.94482,0.566,-0.469,-2.042,True
HC_05,healthy,30.03,0.17669,0.186,0.97332,-0.549,1.148,-0.389,True
HC_05,healthy,30.04,0.1273,0.22937,0.94925,0.378,-0.028,1.16,True
HC_05,healthy,30.05,0.18679,0.21176,0.96748,-0.443,1.036,0.729,True
HC_05,healthy,30.060000000000002,0.16311,0.22757,0.94508,-1.635,2.085,0.615,True
HC_05,healthy,30.07,0.16104,0.17797,0.94059,-0.101,-0.143,0.234,True
HC_05,healthy,30.080000000000002,0.17525,0.21039,0.95268,0.677,-0.466,0.367,True
HC_05,healthy,30.09,0.14191,0.1937,0.92766,-0.607,1.348,-0.08,True
HC_05,healthy,30.1,0.13656,0.19463,0.94919,1.251,0.33,-1.009,True
HC_05,healthy,30.11,0.17047,0.22297,0.9344,-0.866,0.527,-1.095,True
HC_05,healthy,30.12,0.17788,0.19616,0.943,-1.17,-0.305,-0.884,True
HC_05,healthy,30.13,0.14127,0.21429,0.95204,-0.548,-0.072,-0.229,True
HC_05,healthy,30.14,0.14176,0.22429,0.94415,-0.798,-1.046,1.009,True
HC_05,healthy,30.150000000000002,0.17085,0.24589,0.94895,-0.698,-0.399,1.59,True
HC_05,healthy,30.16,0.17448,0.19115,0.92433,1.973,-0.088,2.079,True
HC_05,healthy,30.17,0.17692,0.2012,0.94327,-0.665,-0.8,1.794,True
HC_05,healthy,30.18,0.13573,0.17671,0.95618,-1.078,-1.146,0.379,True
HC_05,healthy,30.19,0.13924,0.18769,0.9536,0.774,1.143,-0.768,True
HC_05,healthy,30.2,0.13707,0.19949,0.9542,-0.138,1.371,-2.481,True
HC_05,healthy,30.21,0.11523,0.22591,0.94019,0.103,0.357,-1.12,True
HC_05,healthy,30.22,0.13482,0.19813,0.97399,-0.261,-0.349,0.148,True
HC_05,healthy,30.23,0.15572,0.20574,0.93227,-0.827,-0.519,0.354,True
HC_05,healthy,30.240000000000002,0.17627,0.1835,0.92941,0.596,0.245,2.082,True
HC_05,healthy,30.25,0.15016,0.20966,0.9534,-0.438,-0.592,-0.163,True
HC_05,healthy,30.26,0.17458,0.18917,0.97615,0.718,0.071,0.669,True
HC_05,healthy,30.27,0.1504,0.20404,0.92068,0.577,0.083,0.861,True
HC_05,healthy,30.28,0.16617,0.18131,0.95779,-0.469,-0.759,0.248,True
HC_05,healthy,30.29,0.16131,0.20313,0.94277,-1.635,-0.289,-0.336,True
HC_05,healthy,30.3,0.16858,0.21358,0.95505,-1.242,-0.168,-0.07,True
HC_05,healthy,30.310000000000002,0.1236,0.22269,0.9387,2.031,-0.389,-1.146,True
HC_05,healthy,30.32,0.15871,0.17273,0.94081,-0.454,-0.386,0.25,True
HC_05,healthy,30.330000000000002,0.18955,0.23607,0.9434,-1.117,0.759,-1.124,True
HC_05,healthy,30.34,0.1784,0.19611,0.92959,-0.485,-1.169,2.26,True
HC_05,healthy,30.35,0.18216,0.20584,0.94501,-0.156,0.955,2.301,True
HC_05,healthy,30.36,0.17403,0.19137,0.95061,0.094,-0.849,1.267,True
HC_05,healthy,30.37,0.16039,0.18764,0.9537,-0.163,-0.328,0.25,True
HC_05,healthy,30.38,0.16865,0.19575,0.9342,0.26,0.276,-0.897,True
HC_05,healthy,30.39,0.15193,0.20606,0.95666,0.869,-0.29,-1.656,True
HC_05,healthy,30.400000000000002,0.13219,0.20676,0.94038,0.029,-1.633,-0.87,True
HC_05,healthy,30.41,0.18312,0.20321,0.93844,0.3,0.179,-2.17,True
HC_05,healthy,30.42,0.17244,0.22921,0.94168,-0.818,0.231,0.97,True
HC_05,healthy,30.43,0.14961,0.20707,0.96329,-0.294,-0.96,0.615,True
HC_05,healthy,30.44,0.18475,0.20409,0.89859,-0.339,-0.178,3.007,True
HC_05,healthy,30.45,0.15729,0.21246,0.95403,-1.18,-0.249,1.424,True
HC_05,healthy,30.46,0.18368,0.18073,0.92658,0.184,0.125,0.773,True
HC_05,healthy,30.47,0.15522,0.2052,0.92813,0.913,0.019,0.112,True
HC_05,healthy,30.48,0.16312,0.18974,0.91672,-1.435,-0.171,-0.945,True
HC_05,healthy,30.490000000000002,0.16745,0.20323,0.95603,-0.428,0.614,-1.211,True
HC_05,healthy,30.5,0.16536,0.22525,0.93905,-0.324,-0.199,-0.453,True
HC_05,healthy,30.51,0.13426,0.23537,0.9292,-0.209,-0.327,-2.134,True
HC_05,healthy,30.52,0.1703,0.22796,0.92544,0.818,-0.758,0.617,True
HC_05,healthy,30.53,0.19066,0.24357,0.9482,1.081,-0.024,0.721,True
HC_05,healthy,30.54,0.18865,0.21649,0.93721,-0.811,1.319,1.666,True
HC_05,healthy,30.55,0.16996,0.18226,0.9383,0.512,-0.607,2.545,True
HC_05,healthy,30.560000000000002,0.14789,0.17697,0.97816,-1.153,0.275,1.074,True
HC_05,healthy,30.57,0.17275,0.18796,0.94864,-0.576,0.851,-0.298,True
HC_05,healthy,30.580000000000002,0.12903,0.2045,0.94868,0.359,1.124,-0.701,True
HC_05,healthy,30.59,0.17349,0.20386,0.94473,0.433,0.518,-1.602,True
HC_05,healthy,30.6,0.15253,0.23723,0.94485,-0.665,1.189,-1.335,True
HC_05,healthy,30.61,0.12193,0.21075,0.92187,-1.722,0.925,-0.257,True
HC_05,healthy,30.62,0.18763,0.20902,0.94642,-1.449,-0.198,-0.709,True
HC_05,healthy,30.63,0.17157,0.21422,0.9583,0.687,1.45,1.581,True
HC_05,healthy,30.64,0.15539,0.2078,0.94123,-0.088,-0.658,1.283,True
HC_05,healthy,30.650000000000002,0.21202,0.20999,0.96968,0.131,-0.322,2.685,True
HC_05,healthy,30.66,0.16385,0.17823,0.9202,-0.482,0.804,0.393,True
HC_05,healthy,30.67,0.18664,0.17486,0.93702,1.263,-0.035,0.062,True
HC_05,healthy,30.68,0.12892,0.21085,0.95059,-0.791,0.823,-1.275,True
HC_05,healthy,30.69,0.14254,0.21511,0.94393,0.013,-0.508,-0.953,True
HC_05,healthy,30.7,0.17434,0.20767,0.96453,0.201,-1.293,-0.44,True
HC_05,healthy,30.71,0.14921,0.21558,0.94285,-1.293,-0.137,0.057,True
HC_05,healthy,30.72,0.18577,0.23755,0.92562,-0.346,1.386,1.706,True
HC_05,healthy,30.73,0.19147,0.24352,0.93525,0.716,0.233,0.308,True
HC_05,healthy,30.740000000000002,0.21689,0.21625,0.9448,0.114,0.32,2.279,True
HC_05,healthy,30.75,0.19531,0.21958,0.92917,-1.168,0.422,0.532,True
HC_05,healthy,30.76,0.15885,0.18082,0.94984,0.991,-0.865,1.131,True
HC_05,healthy,30.77,0.15364,0.21143,0.92346,-0.527,1.114,-1.252,True
HC_05,healthy,30.78,0.15694,0.20486,0.93501,-0.968,0.808,-1.581,True
HC_05,healthy,30.79,0.17152,0.22444,0.92557,0.745,-0.076,-1.558,True
HC_05,healthy,30.8,0.15874,0.22114,0.93388,0.619,0.864,-0.404,True
HC_05,healthy,30.810000000000002,0.17611,0.23293,0.92781,1.302,0.333,0.606,True
HC_05,healthy,30.82,0.15681,0.22569,0.93779,-0.705,-0.32,1.55,True
HC_05,healthy,30.830000000000002,0.20333,0.18903,0.93928,-0.477,0.817,1.321,True
HC_05,healthy,30.84,0.20479,0.18277,0.92022,0.211,0.239,1.011,True
HC_05,healthy,30.85,0.20218,0.18955,0.92715,0.326,0.765,0.368,True
HC_05,healthy,30.86,0.1742,0.22839,0.94923,-1.117,0.681,-0.858,True
HC_05,healthy,30.87,0.1853,0.19815,0.92252,-0.937,1.716,0.442,True
HC_05,healthy,30.88,0.1874,0.23042,0.94039,0.761,1.298,-0.369,True
HC_05,healthy,30.89,0.15601,0.239,0.93183,0.077,0.549,-1.28,True
HC_05,healthy,30.900000000000002,0.16393,0.22129,0.94078,0.101,0.093,-0.927,True
HC_05,healthy,30.91,0.19408,0.23426,0.93526,0.528,-0.385,0.474,True
HC_05,healthy,30.92,0.16809,0.18855,0.90989,0.041,-1.116,0.792,True
HC_05,healthy,30.93,0.20793,0.18873,0.91198,0.276,0.066,2.478,True
HC_05,healthy,30.94,0.18064,0.1977,0.91736,-0.26,-0.643,1.75,True
HC_05,healthy,30.95,0.15269,0.22248,0.92388,0.94,1.346,0.805,True
HC_05,healthy,30.96,0.19462,0.19193,0.93668,-0.975,-2.379,-0.032,True
HC_05,healthy,30.970000000000002,0.18313,0.18558,0.91589,-1.009,0.961,-0.365,True
HC_05,healthy,30.98,0.15832,0.22163,0.92068,-0.379,-0.575,-0.89,True
HC_05,healthy,30.990000000000002,0.17013,0.20101,0.94598,0.941,0.086,-1.319,True
HC_05,healthy,31.0,0.16582,0.21154,0.93887,0.274,1.354,-0.91,True
HC_05,healthy,31.01,0.17892,0.24065,0.91553,0.429,-0.431,0.567,True
HC_05,healthy,31.02,0.17818,0.22954,0.94274,0.485,-0.474,1.2,True
HC_05,healthy,31.03,0.19007,0.21062,0.9639,-2.033,-0.121,1.214,True
HC_05,healthy,31.04,0.19972,0.2189,0.9496,-1.588,1.3,1.375,True
HC_05,healthy,31.05,0.19481,0.2174,0.92063,1.659,0.694,0.273,True
HC_05,healthy,31.060000000000002,0.17875,0.2002,0.94825,-0.875,1.426,-1.244,True
HC_05,healthy,31.07,0.16149,0.19633,0.92946,-0.758,0.415,-0.675,True
HC_05,healthy,31.080000000000002,0.16835,0.22037,0.93431,-1.268,0.596,-0.425,True
HC_05,healthy,31.09,0.14303,0.24001,0.94322,1.435,-1.511,0.328,True
HC_05,healthy,31.1,0.20561,0.216,0.94204,0.876,0.287,-2.362,True
HC_05,healthy,31.11,0.20198,0.22107,0.94318,1.202,-1.058,-0.143,True
HC_05,healthy,31.12,0.18031,0.21784,0.93055,-0.792,0.835,0.479,True
HC_05,healthy,31.13,0.1899,0.20862,0.95253,1.182,-0.516,1.164,True
HC_05,healthy,31.14,0.19312,0.19299,0.93642,0.242,0.543,1.237,True
HC_05,healthy,31.150000000000002,0.18575,0.18338,0.95002,0.829,1.171,0.076,True
HC_05,healthy,31.16,0.18589,0.20499,0.92623,-0.911,-0.514,-0.264,True
HC_05,healthy,31.17,0.16343,0.20985,0.9391,-0.7,0.306,-1.15,True
HC_05,healthy,31.18,0.16132,0.22816,0.94609,1.19,0.17,-2.352,True
HC_05,healthy,31.19,0.18443,0.2319,0.93184,0.763,0.028,-1.299,True
HC_05,healthy,31.2,0.1827,0.22659,0.94464,0.822,0.474,0.417,True
HC_05,healthy,31.21,0.20462,0.21375,0.92464,0.409,-0.058,-0.203,True
HC_05,healthy,31.220000000000002,0.21081,0.25357,0.94354,-0.286,0.492,2.205,True
HC_05,healthy,31.23,0.20042,0.21014,0.93832,0.873,-0.686,0.911,True
HC_05,healthy,31.240000000000002,0.18534,0.20892,0.95433,-0.606,0.333,0.319,True
HC_05,healthy,31.25,0.18386,0.17054,0.92466,-0.869,0.595,1.595,True
HC_05,healthy,31.26,0.17207,0.21262,0.9379,0.367,-0.339,0.367,True
HC_05,healthy,31.27,0.1872,0.21742,0.93244,-0.932,-0.072,-1.512,True
HC_05,healthy,31.28,0.16461,0.22427,0.92546,-0.082,0.003,0.214,True
HC_05,healthy,31.29,0.1894,0.23023,0.96109,0.044,-0.048,-1.419,True
HC_05,healthy,31.3,0.17986,0.24189,0.92988,0.455,0.43,1.14,True
HC_05,healthy,31.310000000000002,0.22178,0.21303,0.9241,-0.275,0.229,2.025,True
HC_05,healthy,31.32,0.20041,0.22062,0.94852,-1.2,-0.721,1.803,True
HC_05,healthy,31.330000000000002,0.18788,0.22314,0.91698,-1.35,0.028,0.905,True
HC_05,healthy,31.34,0.18634,0.22668,0.94239,0.497,-0.667,-0.274,True
HC_05,healthy,31.35,0.1779,0.20278,0.96059,-0.472,-1.321,-1.022,True
HC_05,healthy,31.36,0.17892,0.1796,0.9311,-0.996,-0.818,0.217,True
HC_05,healthy,31.37,0.15552,0.21762,0.92183,1.125,-0.041,-1.31,True
HC_05,healthy,31.38,0.18246,0.22315,0.92192,-0.661,0.272,-2.12,True
HC_05,healthy,31.39,0.16849,0.23243,0.94939,0.837,-0.662,-0.385,True
HC_05,healthy,31.400000000000002,0.20502,0.23528,0.93771,-0.996,1.079,1.48,True
HC_05,healthy,31.41,0.20966,0.22357,0.94205,-1.094,-0.806,2.212,True
HC_05,healthy,31.42,0.19824,0.22862,0.95732,1.267,0.387,2.139,True
HC_05,healthy,31.43,0.20479,0.21145,0.92563,0.162,0.47,-0.163,True
HC_05,healthy,31.44,0.16737,0.21655,0.93026,1.434,-1.324,1.242,True
HC_05,healthy,31.45,0.17959,0.23286,0.92929,0.319,1.498,0.06,True
HC_05,healthy,31.46,0.21119,0.20691,0.90891,-0.571,-0.103,-1.652,True
HC_05,healthy,31.470000000000002,0.19716,0.22303,0.92278,-0.0,-0.486,-2.193,True
HC_05,healthy,31.48,0.18411,0.22539,0.94535,-0.709,1.155,-0.935,True
HC_05,healthy,31.490000000000002,0.21857,0.238,0.921,0.0,0.149,-0.295,True
HC_05,healthy,31.5,0.20474,0.24105,0.93156,1.143,-0.049,1.146,True
HC_05,healthy,31.51,0.20715,0.2163,0.92971,-0.682,0.888,2.717,True
HC_05,healthy,31.52,0.23242,0.22358,0.93495,0.013,-0.4,1.606,True
HC_05,healthy,31.53,0.18625,0.23629,0.91848,0.335,0.773,1.537,True
HC_05,healthy,31.54,0.21898,0.19132,0.90752,-0.179,0.859,-0.294,True
HC_05,healthy,31.55,0.18514,0.20719,0.94216,-0.402,0.995,-1.634,True
HC_05,healthy,31.560000000000002,0.15749,0.22085,0.94112,0.108,0.543,-1.788,True
HC_05,healthy,31.57,0.19465,0.23149,0.89637,0.48,0.451,-1.182,True
HC_05,healthy,31.580000000000002,0.20557,0.23408,0.93554,0.706,-0.847,-0.02,True
HC_05,healthy,31.59,0.20593,0.25757,0.92886,-0.594,1.214,0.316,True
HC_05,healthy,31.6,0.19737,0.20399,0.95236,-0.839,-0.076,2.276,True
HC_05,healthy,31.61,0.207,0.22261,0.90592,-2.573,-0.352,1.338,True
HC_05,healthy,31.62,0.18208,0.23724,0.92372,-0.882,-0.334,0.387,True
HC_05,healthy,31.63,0.19407,0.20755,0.93006,1.297,-0.244,0.907,True
HC_05,healthy,31.64,0.18452,0.22925,0.91152,-0.648,-0.563,-1.003,True
HC_05,healthy,31.650000000000002,0.20364,0.23765,0.91083,-1.221,0.033,-1.959,True
HC_05,healthy,31.66,0.18982,0.20272,0.93163,1.085,-0.439,-2.138,True
HC_05,healthy,31.67,0.16187,0.22305,0.90278,0.169,1.932,-1.298,True
HC_05,healthy,31.68,0.19116,0.2188,0.92397,-0.162,-0.279,-0.826,True
HC_05,healthy,31.69,0.21752,0.24261,0.91686,-0.158,0.936,0.382,True
HC_05,healthy,31.7,0.21062,0.22554,0.92063,-2.957,-0.613,1.278,True
HC_05,healthy,31.71,0.20299,0.24467,0.92974,-0.296,0.795,1.227,True
HC_05,healthy,31.720000000000002,0.22363,0.22783,0.90549,0.658,-0.633,0.637,True
HC_05,healthy,31.73,0.19145,0.21703,0.9375,-0.16,-1.047,-0.855,True
HC_05,healthy,31.740000000000002,0.19905,0.22211,0.90639,-0.505,-0.091,-1.916,True
HC_05,healthy,31.75,0.18666,0.19582,0.93145,-0.356,0.084,-1.518,True
HC_05,healthy,31.76,0.18865,0.22425,0.92742,-1.772,0.569,-1.755,True
HC_05,healthy,31.77,0.19558,0.21835,0.95533,0.022,-0.031,-3.577,True
HC_05,healthy,31.78,0.18285,0.22174,0.92704,-0.858,0.098,0.776,True
HC_05,healthy,31.79,0.21087,0.23971,0.9375,-0.154,0.011,-0.728,True
HC_05,healthy,31.8,0.21006,0.22086,0.92547,0.128,-0.752,2.521,True
HC_05,healthy,31.810000000000002,0.18437,0.20746,0.91958,-0.252,-0.713,1.541,True
HC_05,healthy,31.82,0.19843,0.2253,0.96311,0.783,-0.281,2.13,True
HC_05,healthy,31.830000000000002,0.18557,0.19563,0.95654,0.854,0.517,1.282,True
HC_05,healthy,31.84,0.17703,0.18004,0.91883,0.659,-0.355,-1.828,True
HC_05,healthy,31.85,0.16931,0.20156,0.97117,0.186,-0.173,-2.025,True
HC_05,healthy,31.86,0.19445,0.21619,0.93574,0.349,0.669,-1.118,True
HC_05,healthy,31.87,0.19189,0.22985,0.9328,-1.224,-0.173,0.116,True
HC_05,healthy,31.88,0.21227,0.2124,0.92027,0.784,-0.277,-0.796,True
HC_05,healthy,31.89,0.17448,0.22363,0.95477,0.101,-0.232,0.893,True
HC_05,healthy,31.900000000000002,0.19719,0.22732,0.90944,0.812,0.54,2.33,True
HC_05,healthy,31.91,0.21253,0.20616,0.91407,0.849,-1.326,2.232,True
HC_05,healthy,31.92,0.20225,0.19716,0.91004,-0.647,-0.341,0.588,True
HC_05,healthy,31.93,0.20897,0.19936,0.94443,-0.902,-0.38,0.843,True
HC_05,healthy,31.94,0.1856,0.22473,0.90343,-1.226,0.444,-2.454,True
HC_05,healthy,31.95,0.18182,0.2429,0.95124,1.021,-1.001,-0.481,True
HC_05,healthy,31.96,0.16776,0.2059,0.91714,-0.8,0.826,-2.112,True
HC_05,healthy,31.970000000000002,0.21724,0.21273,0.93059,0.921,-1.74,-1.115,True
HC_05,healthy,31.98,0.18787,0.24531,0.9422,0.609,-0.375,-1.16,True
HC_05,healthy,31.990000000000002,0.21112,0.21162,0.9446,0.406,1.452,-0.127,True
HC_05,healthy,32.0,0.21969,0.24515,0.93912,0.739,1.221,2.557,True
HC_05,healthy,32.01,0.18128,0.21719,0.90527,-1.349,-0.683,-0.234,True
HC_05,healthy,32.02,0.23417,0.19826,0.93332,0.948,0.399,-0.124,True
HC_05,healthy,32.03,0.18186,0.19225,0.93569,0.803,1.192,-0.351,True
HC_05,healthy,32.04,0.18133,0.22072,0.92336,-0.894,0.697,-0.902,True
HC_05,healthy,32.05,0.17341,0.24003,0.93804,-0.143,0.532,-1.58,True
HC_05,healthy,32.06,0.17247,0.22427,0.91504,-1.864,-0.71,-0.452,True
HC_05,healthy,32.07,0.16818,0.23591,0.90843,0.034,0.401,-0.975,True
HC_05,healthy,32.08,0.20701,0.21548,0.91919,0.779,0.614,1.252,True
HC_05,healthy,32.09,0.18625,0.24636,0.92889,0.619,-2.012,-0.194,True
HC_05,healthy,32.1,0.23278,0.21225,0.93558,-0.274,-0.004,1.919,True
HC_05,healthy,32.11,0.1961,0.18163,0.92278,-0.799,0.045,1.592,True
HC_05,healthy,32.12,0.22263,0.1951,0.89815,1.197,1.389,0.67,True
HC_05,healthy,32.13,0.16473,0.22019,0.92685,-0.173,0.68,-1.098,True
HC_05,healthy,32.14,0.16699,0.21937,0.93046,-1.119,-0.482,-1.252,True
HC_05,healthy,32.15,0.19617,0.22413,0.94713,-0.299,-1.499,-2.247,True
HC_05,healthy,32.160000000000004,0.18793,0.23632,0.95545,0.281,-0.264,-1.052,True
HC_05,healthy,32.17,0.20082,0.23198,0.93812,-0.937,-1.246,-0.497,True
HC_05,healthy,32.18,0.21888,0.25285,0.93495,-0.577,1.51,1.112,True
HC_05,healthy,32.19,0.21684,0.24231,0.92819,0.107,-0.791,0.169,True
HC_05,healthy,32.2,0.20057,0.22934,0.91325,1.222,0.34,1.266,True
HC_05,healthy,32.21,0.18004,0.21762,0.93496,-0.222,1.786,1.835,True
HC_05,healthy,32.22,0.20106,0.17736,0.91879,1.129,0.713,-1.407,True
HC_05,healthy,32.230000000000004,0.1809,0.22135,0.9186,0.158,0.93,-0.208,True
HC_05,healthy,32.24,0.19009,0.21136,0.94839,-0.072,0.726,-1.283,True
HC_05,healthy,32.25,0.1703,0.22736,0.91819,0.39,0.287,-1.63,True
HC_05,healthy,32.26,0.17811,0.22603,0.9098,-0.902,-0.749,-0.162,True
HC_05,healthy,32.27,0.19596,0.22365,0.91644,0.719,-0.178,0.701,True
HC_05,healthy,32.28,0.1873,0.21936,0.91843,1.041,-1.93,0.987,True
HC_05,healthy,32.29,0.21796,0.22451,0.94581,-0.907,-0.099,0.655,True
HC_05,healthy,32.3,0.21544,0.196,0.91248,0.885,-1.053,2.915,True
HC_05,healthy,32.31,0.19576,0.20362,0.91074,0.632,0.856,0.783,True
HC_05,healthy,32.32,0.18487,0.22391,0.92242,0.05,-1.24,-0.624,True
HC_05,healthy,32.33,0.20988,0.21505,0.92933,0.98,-1.239,-1.849,True
HC_05,healthy,32.34,0.19067,0.21535,0.91593,-0.173,1.016,-1.601,True
HC_05,healthy,32.35,0.18078,0.2231,0.92181,-1.104,1.484,-1.057,True
HC_05,healthy,32.36,0.18017,0.2355,0.91762,-0.102,0.453,-0.411,True
HC_05,healthy,32.37,0.20213,0.21015,0.91592,-0.085,-0.642,0.166,True
HC_05,healthy,32.38,0.21219,0.21737,0.96176,0.489,-1.103,1.152,True
HC_05,healthy,32.39,0.19326,0.2104,0.94449,-0.461,0.314,2.238,True
HC_05,healthy,32.4,0.22152,0.22631,0.92946,0.201,-0.588,2.492,True
HC_05,healthy,32.410000000000004,0.20247,0.22252,0.93413,-0.469,0.905,0.854,True
HC_05,healthy,32.42,0.20428,0.23263,0.9352,1.347,-0.899,-0.19,True
HC_05,healthy,32.43,0.18708,0.20648,0.89669,0.308,0.314,-2.99,True
HC_05,healthy,32.44,0.18417,0.22984,0.92221,-0.794,0.831,-0.975,True
HC_05,healthy,32.45,0.19416,0.24226,0.8895,0.585,0.772,-0.856,True
HC_05,healthy,32.46,0.18153,0.22432,0.93742,-0.379,-0.474,-2.092,True
HC_05,healthy,32.47,0.1951,0.22244,0.92989,-0.029,-1.269,0.255,True
HC_05,healthy,32.480000000000004,0.2215,0.23623,0.93531,1.022,-0.851,1.23,True
HC_05,healthy,32.49,0.21031,0.21892,0.93778,0.625,0.161,2.747,True
HC_05,healthy,32.5,0.19077,0.20367,0.93636,-0.77,0.552,2.322,True
HC_05,healthy,32.51,0.19205,0.22278,0.92661,0.247,-0.144,-0.53,True
HC_05,healthy,32.52,0.19325,0.20638,0.89293,0.12,-0.783,0.643,True
HC_05,healthy,32.53,0.15477,0.21518,0.90346,-0.549,0.078,-1.706,True
HC_05,healthy,32.54,0.17751,0.2298,0.9186,0.275,0.994,-1.146,True
HC_05,healthy,32.55,0.1618,0.23139,0.93147,-0.633,-0.015,-3.085,True
HC_05,healthy,32.56,0.18328,0.24759,0.89598,-1.234,-1.315,0.321,True
HC_05,healthy,32.57,0.23595,0.21276,0.94534,-0.578,1.904,0.103,True
HC_05,healthy,32.58,0.22381,0.20679,0.92251,0.909,0.111,2.008,True
HC_05,healthy,32.59,0.22129,0.21178,0.93628,1.093,-0.688,0.55,True
HC_05,healthy,32.6,0.19632,0.2197,0.91759,0.749,-0.146,2.715,True
HC_05,healthy,32.61,0.18539,0.2267,0.92577,0.265,0.108,0.108,True
HC_05,healthy,32.62,0.19672,0.20641,0.90681,-0.779,-0.902,-1.187,True
HC_05,healthy,32.63,0.17155,0.20467,0.9133,1.323,0.246,-1.967,True
HC_05,healthy,32.64,0.19235,0.23083,0.90686,-0.228,-0.379,-2.07,True
HC_05,healthy,32.65,0.18462,0.24859,0.95289,-0.175,-0.549,-1.149,True
HC_05,healthy,32.660000000000004,0.20614,0.2415,0.92158,1.017,0.03,-0.17,True
HC_05,healthy,32.67,0.18498,0.21836,0.95555,-0.267,1.025,1.63,True
HC_05,healthy,32.68,0.22531,0.2196,0.92434,-0.464,-0.289,1.35,True
HC_05,healthy,32.69,0.21275,0.19739,0.92386,1.229,1.394,2.335,True
HC_05,healthy,32.7,0.20904,0.20076,0.92085,0.062,0.79,1.193,True
HC_05,healthy,32.71,0.19038,0.19696,0.91808,1.621,0.525,0.408,True
HC_05,healthy,32.72,0.18737,0.20537,0.92838,-0.88,0.149,-1.336,True
HC_05,healthy,32.730000000000004,0.17887,0.22542,0.94047,-0.162,-1.948,-1.772,True
HC_05,healthy,32.74,0.20784,0.21247,0.91154,-0.297,-0.298,-0.464,True
HC_05,healthy,32.75,0.18734,0.23747,0.90251,1.715,0.974,-0.307,True
HC_05,healthy,32.76,0.20666,0.24113,0.94609,0.842,1.197,0.911,True
HC_05,healthy,32.77,0.22847,0.21777,0.91926,-0.547,-0.64,1.045,True
HC_05,healthy,32.78,0.20373,0.22743,0.94151,-0.605,0.077,2.888,True
HC_05,healthy,32.79,0.21435,0.21487,0.92101,1.119,-1.297,3.105,True
HC_05,healthy,32.8,0.19956,0.2011,0.95678,-0.556,-0.105,-0.611,True
HC_05,healthy,32.81,0.19483,0.2078,0.91198,-0.452,0.943,-0.429,True
HC_05,healthy,32.82,0.17817,0.23004,0.92582,0.628,-0.276,-0.969,True
HC_05,healthy,32.83,0.17217,0.21474,0.94065,-0.046,1.262,-1.871,True
HC_05,healthy,32.84,0.18335,0.2397,0.95402,-0.882,0.997,-1.872,True
HC_05,healthy,32.85,0.18946,0.22392,0.91455,-0.74,-0.265,0.025,True
HC_05,healthy,32.86,0.19441,0.24017,0.93102,-0.065,0.046,0.79,True
HC_05,healthy,32.87,0.23262,0.25341,0.92059,-0.452,-0.32,1.592,True
HC_05,healthy,32.88,0.22645,0.25673,0.92103,-0.117,-0.127,1.246,True
HC_05,healthy,32.89,0.22663,0.21851,0.93077,-0.507,0.09,0.055,True
HC_05,healthy,32.9,0.19172,0.21617,0.91788,-0.473,-0.535,-1.453,True
HC_05,healthy,32.910000000000004,0.1738,0.23107,0.92805,-0.032,-0.631,-0.65,True
HC_05,healthy,32.92,0.18782,0.22806,0.93903,-0.382,-0.264,-2.14,True
HC_05,healthy,32.93,0.19753,0.21645,0.93344,1.663,1.278,-2.16,True
HC_05,healthy,32.94,0.19162,0.22804,0.92046,0.274,0.439,-1.778,True
HC_05,healthy,32.95,0.18657,0.24624,0.90434,-0.722,-0.728,-1.021,True
HC_05,healthy,32.96,0.21324,0.25474,0.88538,-0.586,1.383,0.941,True
HC_05,healthy,32.97,0.24734,0.22626,0.92585,-0.171,-1.104,1.388,True
HC_05,healthy,32.980000000000004,0.22137,0.23787,0.96234,-0.345,1.325,0.44,True
HC_05,healthy,32.99,0.20843,0.19087,0.95045,-1.583,0.842,1.198,True
HC_05,healthy,33.0,0.18019,0.20401,0.93017,1.357,-0.246,-1.67,True
HC_05,healthy,33.01,0.17447,0.22965,0.89896,-0.832,-0.48,-0.896,True
HC_05,healthy,33.02,0.18751,0.2331,0.95231,0.272,0.534,-2.247,True
HC_05,healthy,33.03,0.21278,0.22051,0.88603,0.696,0.863,-0.451,True
HC_05,healthy,33.04,0.18808,0.25924,0.8984,1.392,-0.698,1.43,True
HC_05,healthy,33.05,0.21902,0.23456,0.93812,1.121,-0.385,1.126,True
HC_05,healthy,33.06,0.21125,0.24624,0.93915,-0.392,-0.613,1.195,True
HC_05,healthy,33.07,0.22172,0.22798,0.90172,1.239,-0.861,1.06,True
HC_05,healthy,33.08,0.23006,0.21673,0.92907,0.002,0.551,2.404,True
HC_05,healthy,33.09,0.18811,0.21039,0.9434,0.247,1.433,1.826,True
HC_05,healthy,33.1,0.18382,0.2347,0.93933,-0.054,-0.358,-1.0,True
HC_05,healthy,33.11,0.16688,0.20929,0.95049,0.724,-1.438,-2.235,True
HC_05,healthy,33.12,0.16232,0.24707,0.9294,0.305,-0.365,-1.423,True
HC_05,healthy,33.13,0.19888,0.22821,0.92784,-0.669,-0.515,-1.832,True
HC_05,healthy,33.14,0.20426,0.23186,0.93933,0.571,0.448,0.818,True
HC_05,healthy,33.15,0.17947,0.22213,0.94058,-1.22,-0.234,0.534,True
HC_05,healthy,33.160000000000004,0.19243,0.23903,0.913,0.526,0.315,1.609,True
HC_05,healthy,33.17,0.18368,0.20987,0.90405,-0.349,0.243,1.125,True
HC_05,healthy,33.18,0.21253,0.2155,0.93886,0.075,-0.369,0.736,True
HC_05,healthy,33.19,0.18608,0.20711,0.92526,0.054,-0.389,1.756,True
HC_05,healthy,33.2,0.19878,0.21739,0.92961,0.1,-0.326,-0.675,True
HC_05,healthy,33.21,0.19583,0.20898,0.91142,0.285,0.392,-1.651,True
HC_05,healthy,33.22,0.17485,0.23144,0.92135,-0.849,-0.413,-1.785,True
HC_05,healthy,33.230000000000004,0.17533,0.24969,0.92354,-0.656,0.189,-0.705,True
HC_05,healthy,33.24,0.18128,0.26336,0.91881,-1.135,-0.612,-1.037,True
HC_05,healthy,33.25,0.21262,0.25076,0.93766,0.829,-0.739,0.946,True
HC_05,healthy,33.26,0.18344,0.21083,0.94416,0.647,-0.023,1.629,True
HC_05,healthy,33.27,0.20925,0.22497,0.95586,0.759,-0.401,2.362,True
HC_05,healthy,33.28,0.19873,0.21249,0.92888,-0.399,-0.358,0.657,True
HC_05,healthy,33.29,0.18565,0.21526,0.93262,0.05,-0.609,-0.652,True
HC_05,healthy,33.3,0.17839,0.19769,0.92155,-0.112,0.308,-1.957,True
HC_05,healthy,33.31,0.18791,0.19102,0.93915,0.045,0.157,-0.013,True
HC_05,healthy,33.32,0.1664,0.24672,0.93232,0.74,0.185,-2.041,True
HC_05,healthy,33.33,0.18386,0.201,0.93369,1.278,1.127,-1.792,True
HC_05,healthy,33.34,0.18191,0.26016,0.91859,-0.335,1.233,-1.289,True
HC_05,healthy,33.35,0.16432,0.22841,0.94035,-1.939,0.201,1.476,True
HC_05,healthy,33.36,0.20879,0.23565,0.92236,-0.313,-0.389,1.266,True
HC_05,healthy,33.37,0.21247,0.2087,0.95205,0.22,-0.058,1.002,True
HC_05,healthy,33.38,0.19096,0.21388,0.9222,0.312,-2.716,0.638,True
HC_05,healthy,33.39,0.20526,0.18783,0.92431,-0.037,-1.451,-0.28,True
HC_05,healthy,33.4,0.18404,0.22976,0.9159,-0.046,-0.057,-2.251,True
HC_05,healthy,33.410000000000004,0.15815,0.23334,0.90863,0.86,0.473,-3.335,True
HC_05,healthy,33.42,0.18718,0.20953,0.91488,-0.305,0.259,-1.322,True
HC_05,healthy,33.43,0.18737,0.2328,0.9542,0.157,0.229,-2.844,True
HC_05,healthy,33.44,0.24469,0.24578,0.93045,0.131,-1.307,0.191,True
HC_05,healthy,33.45,0.19452,0.26082,0.93515,1.629,1.293,1.566,True
HC_05,healthy,33.46,0.20825,0.22912,0.918,-0.386,-0.825,1.086,True
HC_05,healthy,33.47,0.23019,0.21516,0.94733,-0.21,-0.589,1.46,True
HC_05,healthy,33.480000000000004,0.1924,0.18732,0.96658,-0.686,-1.062,0.631,True
HC_05,healthy,33.49,0.1521,0.21308,0.93546,1.149,0.078,0.231,True
HC_05,healthy,33.5,0.19872,0.20709,0.9011,0.686,0.708,-2.989,True
HC_05,healthy,33.51,0.18238,0.21976,0.92669,-0.463,-0.964,-2.833,True
HC_05,healthy,33.52,0.18839,0.22909,0.9366,-0.594,0.338,-0.992,True
HC_05,healthy,33.53,0.19163,0.22478,0.9431,-0.395,-1.594,-0.13,True
HC_05,healthy,33.54,0.20455,0.23323,0.92745,-0.239,1.227,-0.301,True
HC_05,healthy,33.55,0.20841,0.23033,0.92577,-1.266,-0.108,1.09,True
HC_05,healthy,33.56,0.22042,0.23224,0.93345,-0.606,-0.648,1.408,True
HC_05,healthy,33.57,0.22807,0.20362,0.92201,-0.371,0.335,0.559,True
HC_05,healthy,33.58,0.18205,0.19706,0.93139,-0.826,-1.317,-0.083,True
HC_05,healthy,33.59,0.19286,0.23473,0.94861,0.026,0.114,-1.153,True
HC_05,healthy,33.6,0.16924,0.23413,0.91822,-1.262,-0.21,-1.075,True
HC_05,healthy,33.61,0.14885,0.21559,0.91308,0.782,-0.152,-1.94,True
HC_05,healthy,33.62,0.16636,0.2384,0.92546,0.993,0.199,-1.638,True
HC_05,healthy,33.63,0.16784,0.23262,0.91504,0.35,0.078,-0.455,True
HC_05,healthy,33.64,0.18723,0.2259,0.95809,0.752,0.403,1.423,True
HC_05,healthy,33.65,0.17985,0.23883,0.9425,0.058,0.596,1.177,True
HC_05,healthy,33.660000000000004,0.19721,0.19207,0.93662,-0.169,0.168,0.91,True
HC_05,healthy,33.67,0.19636,0.20798,0.93117,-0.991,0.866,1.591,True
HC_05,healthy,33.68,0.18,0.19405,0.952,-0.78,-1.308,-1.933,True
HC_05,healthy,33.69,0.17518,0.18778,0.93142,0.744,0.186,-1.607,True
HC_05,healthy,33.7,0.18838,0.21497,0.92644,0.251,1.12,-2.763,True
HC_05,healthy,33.71,0.14871,0.23209,0.9234,0.08,0.669,-0.991,True
HC_05,healthy,33.72,0.18077,0.20419,0.9473,-0.024,-0.263,0.994,True
HC_05,healthy,33.730000000000004,0.18236,0.20774,0.94048,-0.751,0.432,0.747,True
HC_05,healthy,33.74,0.20304,0.21699,0.95423,-0.405,-0.164,0.668,True
HC_05,healthy,33.75,0.19796,0.21531,0.92777,-0.905,-1.408,0.216,True
HC_05,healthy,33.76,0.20768,0.20681,0.91178,-0.044,-0.349,1.548,True
HC_05,healthy,33.77,0.1774,0.21632,0.93169,-0.35,-0.01,0.069,True
HC_05,healthy,33.78,0.15734,0.19206,0.92033,-0.902,1.159,-1.241,True
HC_05,healthy,33.79,0.1756,0.20481,0.96841,-0.07,0.803,-1.819,True
HC_05,healthy,33.8,0.16967,0.24771,0.91293,-0.202,-0.375,-1.412,True
HC_05,healthy,33.81,0.15464,0.2151,0.94329,0.734,-0.321,-1.036,True
HC_05,healthy,33.82,0.1978,0.21387,0.93672,0.531,-0.427,0.361,True
HC_05,healthy,33.83,0.17796,0.22478,0.92555,0.661,0.631,-0.867,True
HC_05,healthy,33.84,0.22671,0.24751,0.95231,0.016,0.73,0.964,True
HC_05,healthy,33.85,0.21273,0.20108,0.9356,-0.135,-0.527,1.198,True
HC_05,healthy,33.86,0.19466,0.2123,0.90815,0.962,0.177,0.354,True
HC_05,healthy,33.87,0.2094,0.19161,0.9488,-0.16,-1.673,0.279,True
HC_05,healthy,33.88,0.17693,0.23283,0.9331,-0.235,-0.656,-0.803,True
HC_05,healthy,33.89,0.15877,0.20525,0.94381,-0.389,-0.548,-0.915,True
HC_05,healthy,33.9,0.1845,0.22288,0.9382,-0.916,0.955,-2.34,True
HC_05,healthy,33.910000000000004,0.15914,0.22573,0.91269,0.925,-0.576,-1.177,True
HC_05,healthy,33.92,0.17353,0.22071,0.91659,0.209,-0.732,0.413,True
HC_05,healthy,33.93,0.15264,0.22367,0.92608,0.651,1.364,0.317,True
HC_05,healthy,33.94,0.17887,0.21705,0.91741,-0.036,0.498,1.592,True
HC_05,healthy,33.95,0.20173,0.20617,0.93528,0.64,0.068,0.439,True
HC_05,healthy,33.96,0.20644,0.20816,0.92498,-1.16,-1.696,1.384,True
HC_05,healthy,33.97,0.1763,0.20663,0.92207,0.644,-0.414,-0.081,True
HC_05,healthy,33.980000000000004,0.20318,0.20642,0.93606,-0.284,0.601,-0.884,True
HC_05,healthy,33.99,0.13827,0.20297,0.91915,-0.918,-0.431,-1.767,True
HC_05,healthy,34.0,0.15884,0.22394,0.93682,0.51,-0.478,-2.536,True
HC_05,healthy,34.01,0.17482,0.22791,0.93135,0.912,0.136,-1.325,True
HC_05,healthy,34.02,0.19819,0.24319,0.95765,0.037,0.54,-0.837,True
HC_05,healthy,34.03,0.19432,0.24056,0.95505,-0.009,0.75,2.474,True
HC_05,healthy,34.04,0.18404,0.24606,0.92514,-0.474,0.818,2.522,True
HC_05,healthy,34.05,0.18247,0.18841,0.92433,-1.107,1.047,1.165,True
HC_05,healthy,34.06,0.20525,0.22667,0.94536,0.369,-0.039,1.733,True
HC_05,healthy,34.07,0.18136,0.20159,0.93108,0.753,0.397,-0.27,True
HC_05,healthy,34.08,0.16931,0.17939,0.92316,-0.0,0.066,-0.825,True
HC_05,healthy,34.09,0.15927,0.22672,0.92168,0.688,-2.372,-2.089,True
HC_05,healthy,34.1,0.15408,0.24424,0.93231,0.152,0.64,-1.746,True
HC_05,healthy,34.11,0.16817,0.2044,0.94001,-0.484,0.271,0.896,True
HC_05,healthy,34.12,0.19958,0.21957,0.92027,-0.723,0.998,0.208,True
HC_05,healthy,34.13,0.20438,0.21669,0.95002,-0.863,1.173,1.708,True
HC_05,healthy,34.14,0.18777,0.2132,0.96137,-0.661,0.529,0.294,True
HC_05,healthy,34.15,0.18378,0.20557,0.94974,-0.556,1.171,0.36,True
HC_05,healthy,34.160000000000004,0.19925,0.19435,0.94322,0.642,1.65,1.521,True
HC_05,healthy,34.17,0.1544,0.18825,0.9395,-0.376,-0.05,-1.262,True
HC_05,healthy,34.18,0.14249,0.19522,0.93611,-0.637,0.005,-0.648,True
HC_05,healthy,34.19,0.13822,0.2217,0.94224,0.04,-0.286,-0.574,True
HC_05,healthy,34.2,0.17918,0.21755,0.95595,-0.954,0.593,-1.567,True
HC_05,healthy,34.21,0.17157,0.22849,0.93644,0.842,0.472,-0.147,True
HC_05,healthy,34.22,0.14902,0.24255,0.96338,0.644,-0.298,0.559,True
HC_05,healthy,34.230000000000004,0.18122,0.25094,0.94724,-0.457,-2.255,1.469,True
HC_05,healthy,34.24,0.1984,0.21058,0.94542,-0.316,-1.153,0.208,True
HC_05,healthy,34.25,0.16594,0.22504,0.94105,0.794,-0.402,1.136,True
HC_05,healthy,34.26,0.1796,0.17369,0.92596,-0.021,0.836,0.057,True
HC_05,healthy,34.27,0.14215,0.21007,0.93405,-0.11,0.136,-0.639,True
HC_05,healthy,34.28,0.16592,0.22974,0.94835,2.217,-0.441,-0.604,True
HC_05,healthy,34.29,0.15193,0.21841,0.91743,-1.958,0.24,-3.76,True
HC_05,healthy,34.300000000000004,0.16969,0.20862,0.93668,0.065,-1.313,0.704,True
HC_05,healthy,34.31,0.18086,0.23177,0.93207,-0.81,-1.309,-1.495,True
HC_05,healthy,34.32,0.17686,0.24577,0.94637,-0.579,-0.024,1.082,True
HC_05,healthy,34.33,0.17749,0.2165,0.9132,-0.898,0.535,0.101,True
HC_05,healthy,34.34,0.168,0.21414,0.92742,-0.519,0.12,0.642,True
HC_05,healthy,34.35,0.16867,0.20504,0.94822,0.43,1.333,2.55,True
HC_05,healthy,34.36,0.16286,0.21183,0.93469,-1.204,0.122,0.754,True
HC_05,healthy,34.37,0.1629,0.20282,0.94824,-0.072,-0.901,-0.622,True
HC_05,healthy,34.38,0.12464,0.24022,0.92934,0.506,0.604,-1.983,True
HC_05,healthy,34.39,0.13017,0.2034,0.93191,1.522,0.428,-1.5,True
HC_05,healthy,34.4,0.1754,0.22316,0.96732,0.319,-0.104,-1.469,True
HC_05,healthy,34.410000000000004,0.17292,0.21075,0.94371,0.882,0.417,-0.125,True
HC_05,healthy,34.42,0.17953,0.24186,0.93396,-0.083,0.06,1.835,True
HC_05,healthy,34.43,0.16811,0.24465,0.93836,0.169,0.023,2.26,True
HC_05,healthy,34.44,0.17775,0.19975,0.94116,-1.547,-0.155,2.294,True
HC_05,healthy,34.45,0.13617,0.20728,0.93948,-0.128,0.027,-0.02,True
HC_05,healthy,34.46,0.18295,0.21037,0.9455,-0.584,0.374,-0.172,True
HC_05,healthy,34.47,0.15309,0.22555,0.95291,-0.376,-0.925,-2.439,True
HC_05,healthy,34.480000000000004,0.14529,0.1873,0.93457,-0.253,0.48,-1.616,True
HC_05,healthy,34.49,0.16488,0.21685,0.94426,-0.176,-0.014,-1.381,True
HC_05,healthy,34.5,0.16683,0.17323,0.95554,-0.492,1.143,-1.101,True
HC_05,healthy,34.51,0.16447,0.21588,0.9252,-0.283,0.108,-0.072,True
HC_05,healthy,34.52,0.17834,0.19997,0.9354,0.956,0.294,2.157,True
HC_05,healthy,34.53,0.18458,0.19716,0.93417,-0.396,0.206,1.111,True
HC_05,healthy,34.54,0.19724,0.20573,0.92794,0.52,-1.37,1.715,True
HC_05,healthy,34.550000000000004,0.18321,0.2068,0.93829,-1.462,-0.918,0.45,True
HC_05,healthy,34.56,0.15451,0.18572,0.95192,0.997,1.242,-0.95,True
HC_05,healthy,34.57,0.1342,0.1776,0.96261,1.216,-0.014,-1.666,True
HC_05,healthy,34.58,0.15539,0.19574,0.94264,-0.517,1.803,-0.785,True
HC_05,healthy,34.59,0.14182,0.23958,0.91623,-0.917,0.673,-1.596,True
HC_05,healthy,34.6,0.18265,0.217,0.92251,-0.181,0.259,0.84,True
HC_05,healthy,34.61,0.15822,0.23626,0.93328,-0.675,-0.327,1.099,True
HC_05,healthy,34.62,0.19042,0.21883,0.92445,0.776,0.212,1.214,True
HC_05,healthy,34.63,0.16353,0.18599,0.95604,-0.071,-0.88,1.576,True
HC_05,healthy,34.64,0.16668,0.18615,0.93248,0.246,-0.166,0.997,True
HC_05,healthy,34.65,0.15213,0.18571,0.94315,-0.457,-0.708,2.201,True
HC_05,healthy,34.660000000000004,0.17308,0.19701,0.94113,-0.439,0.525,-0.853,True
HC_05,healthy,34.67,0.15317,0.19202,0.95082,-0.03,0.166,-1.271,True
HC_05,healthy,34.68,0.15521,0.20505,0.9404,-0.073,0.997,-0.111,True
HC_05,healthy,34.69,0.17655,0.2285,0.94912,1.02,-0.86,0.459,True
HC_05,healthy,34.7,0.17125,0.22067,0.95318,0.052,-0.008,0.783,True
HC_05,healthy,34.71,0.18481,0.19549,0.96386,-0.092,-0.302,2.212,True
HC_05,healthy,34.72,0.17139,0.22407,0.9453,-0.477,-1.418,0.859,True
HC_05,healthy,34.730000000000004,0.1769,0.17143,0.9631,-0.145,-0.7,1.468,True
HC_05,healthy,34.74,0.14731,0.201,0.92983,-0.044,0.573,0.524,True
HC_05,healthy,34.75,0.1738,0.19019,0.90345,0.245,-1.825,-0.271,True
HC_05,healthy,34.76,0.13707,0.2135,0.95246,0.718,0.12,-0.55,True
HC_05,healthy,34.77,0.14313,0.19404,0.96557,0.628,0.867,-1.715,True
HC_05,healthy,34.78,0.14577,0.19649,0.95568,0.426,1.666,-0.293,True
HC_05,healthy,34.79,0.1639,0.23354,0.95301,-0.639,-1.307,-0.201,True
HC_05,healthy,34.800000000000004,0.16585,0.20806,0.94936,1.423,-0.725,-0.228,True
HC_05,healthy,34.81,0.18329,0.2165,0.97952,0.254,-1.1,0.429,True
HC_05,healthy,34.82,0.16686,0.17048,0.95043,-1.091,0.053,0.979,True
HC_05,healthy,34.83,0.17678,0.20168,0.948,-0.273,0.414,0.454,True
HC_05,healthy,34.84,0.1728,0.18361,0.92965,0.75,0.661,3.023,True
HC_05,healthy,34.85,0.1515,0.18121,0.91753,0.75,-0.652,-0.451,True
HC_05,healthy,34.86,0.13904,0.21088,0.9599,-0.429,1.11,-0.914,True
HC_05,healthy,34.87,0.14691,0.20851,0.9878,-1.683,1.009,-1.976,True
HC_05,healthy,34.88,0.18581,0.20904,0.9458,-0.937,-0.091,-0.82,True
HC_05,healthy,34.89,0.16892,0.23079,0.93812,-0.69,-0.177,0.06,True
HC_05,healthy,34.9,0.14106,0.21913,0.9767,-0.26,-0.745,-1.309,True
HC_05,healthy,34.910000000000004,0.15735,0.2129,0.95487,-0.38,0.313,1.309,True
HC_05,healthy,34.92,0.16293,0.22518,0.95715,-0.945,1.034,1.676,True
HC_05,healthy,34.93,0.17428,0.19822,0.96435,0.123,0.444,1.419,True
HC_05,healthy,34.94,0.14851,0.18222,0.94991,-0.871,-1.419,0.633,True
HC_05,healthy,34.95,0.17005,0.16582,0.94712,0.279,0.346,-0.13,True
HC_05,healthy,34.96,0.16533,0.18758,0.92332,0.552,-0.078,-1.169,True
HC_05,healthy,34.97,0.13987,0.19257,0.94738,-0.428,-0.015,-2.627,True
HC_05,healthy,34.980000000000004,0.14196,0.19175,0.96087,2.166,-1.423,-0.131,True
HC_05,healthy,34.99,0.16522,0.20849,0.98183,-0.227,0.274,-0.131,True
HC_05,healthy,35.0,0.14657,0.21083,0.95974,0.79,0.523,0.078,True
HC_05,healthy,35.01,0.18269,0.18986,0.95843,-0.876,1.068,1.519,True
HC_05,healthy,35.02,0.18384,0.19048,0.97689,-1.337,-0.279,1.099,True
HC_05,healthy,35.03,0.16372,0.22159,0.94496,0.403,1.119,1.463,True
HC_05,healthy,35.04,0.14874,0.17557,0.9275,-0.54,-0.377,-0.231,True
HC_05,healthy,35.050000000000004,0.12799,0.18018,0.95503,-0.332,0.027,-0.266,True
HC_05,healthy,35.06,0.13241,0.20219,0.95781,-0.325,0.447,-0.202,True
HC_05,healthy,35.07,0.11568,0.20863,0.96947,0.352,1.202,-1.209,True
HC_05,healthy,35.08,0.12968,0.22633,0.97494,0.749,-0.462,0.246,True
HC_05,healthy,35.09,0.13989,0.22375,0.93983,-0.439,1.337,0.478,True
HC_05,healthy,35.1,0.14574,0.21565,0.95807,1.633,-0.232,0.397,True
HC_05,healthy,35.11,0.14662,0.17798,0.95328,-0.553,0.427,1.335,True
HC_05,healthy,35.12,0.17274,0.18651,0.9631,-0.157,0.497,3.042,True
HC_05,healthy,35.13,0.12121,0.18135,0.93642,0.547,0.499,-0.241,True
HC_05,healthy,35.14,0.13833,0.19048,0.95783,0.157,-1.156,0.373,True
HC_05,healthy,35.15,0.1231,0.2317,0.9439,-1.896,-0.94,-1.692,True
HC_05,healthy,35.160000000000004,0.12884,0.18138,0.95854,-0.556,0.608,-2.199,True
HC_05,healthy,35.17,0.10892,0.20018,0.93689,-0.619,-0.924,-0.216,True
HC_05,healthy,35.18,0.14459,0.2113,0.97597,1.559,0.001,-0.065,True
HC_05,healthy,35.19,0.19209,0.18213,0.92698,-0.666,1.689,-0.512,True
HC_05,healthy,35.2,0.15667,0.20325,0.9472,0.464,-0.385,1.729,True
HC_05,healthy,35.21,0.14472,0.1992,0.94874,0.699,0.27,1.151,True
HC_05,healthy,35.22,0.14965,0.21455,0.96864,1.061,2.011,0.535,True
HC_05,healthy,35.230000000000004,0.13697,0.19397,0.96906,0.713,-0.352,-0.572,True
HC_05,healthy,35.24,0.14893,0.18529,0.95823,-0.731,0.509,-0.583,True
HC_05,healthy,35.25,0.10861,0.16731,0.96452,0.414,0.907,-1.234,True
HC_05,healthy,35.26,0.13271,0.18618,0.93979,0.259,0.968,-0.107,True
HC_05,healthy,35.27,0.13651,0.22175,0.96272,0.234,1.136,-1.107,True
HC_05,healthy,35.28,0.11826,0.21696,0.96216,-0.808,-1.782,-0.716,True
HC_05,healthy,35.29,0.12568,0.21032,0.94833,1.514,0.48,1.398,True
HC_05,healthy,35.300000000000004,0.15837,0.20205,0.95137,-1.039,0.489,0.679,True
HC_05,healthy,35.31,0.14991,0.20849,0.92566,-0.547,0.856,1.755,True
HC_05,healthy,35.32,0.13654,0.17889,0.98707,0.47,1.031,2.36,True
HC_05,healthy,35.33,0.11523,0.20318,0.93906,0.66,0.431,0.565,True
HC_05,healthy,35.34,0.1363,0.20177,0.94413,-0.408,-0.356,-0.991,True
HC_05,healthy,35.35,0.10957,0.19676,0.95667,-1.181,1.485,-0.092,True
HC_05,healthy,35.36,0.14297,0.21005,0.91793,-0.389,-0.233,-1.43,True
HC_05,healthy,35.37,0.10805,0.204,0.92795,0.162,0.221,-1.363,True
HC_05,healthy,35.38,0.15518,0.19762,0.97191,0.185,-0.669,0.82,True
HC_05,healthy,35.39,0.15633,0.18932,0.95891,0.125,-0.222,0.56,True
HC_05,healthy,35.4,0.12973,0.20491,0.9316,0.717,-0.468,1.113,True
HC_05,healthy,35.410000000000004,0.1334,0.17646,0.96895,-1.113,1.251,1.474,True
HC_05,healthy,35.42,0.13775,0.19341,0.98103,-0.409,0.292,0.982,True
HC_05,healthy,35.43,0.12849,0.16079,0.96632,0.695,0.143,0.204,True
HC_05,healthy,35.44,0.14813,0.20286,0.94878,-0.659,-0.477,-1.185,True
HC_05,healthy,35.45,0.12449,0.20321,0.97652,0.723,-1.115,-1.293,True
HC_05,healthy,35.46,0.12286,0.202,0.97086,-1.509,0.067,-2.418,True
HC_05,healthy,35.47,0.13825,0.19155,0.94966,0.41,-0.98,-0.712,True
HC_05,healthy,35.480000000000004,0.14203,0.22541,0.96364,-0.293,1.064,0.665,True
HC_05,healthy,35.49,0.12953,0.19914,0.94854,-1.183,0.03,2.366,True
HC_05,healthy,35.5,0.1576,0.17459,0.96115,0.101,0.226,2.717,True
HC_05,healthy,35.51,0.11619,0.19904,0.96149,-0.444,1.778,0.499,True
HC_05,healthy,35.52,0.1465,0.1894,0.97089,0.086,0.903,2.233,True
HC_05,healthy,35.53,0.11899,0.15809,0.95574,0.69,0.205,0.504,True
HC_05,healthy,35.54,0.10846,0.19267,0.97045,-0.23,-0.056,-0.518,True
HC_05,healthy,35.550000000000004,0.12255,0.1938,0.94782,-0.382,-0.049,-1.286,True
HC_05,healthy,35.56,0.12465,0.1907,0.9658,1.492,-0.558,-1.271,True
HC_05,healthy,35.57,0.112,0.19825,0.95545,-1.079,0.479,-1.59,True
HC_05,healthy,35.58,0.14545,0.21087,0.96115,-0.507,-1.201,1.713,True
HC_05,healthy,35.59,0.14163,0.19231,0.94718,-0.014,0.138,1.032,True
HC_05,healthy,35.6,0.14215,0.19024,0.9552,0.495,-1.015,1.037,True
HC_05,healthy,35.61,0.17118,0.22123,0.96307,0.421,-0.23,-0.667,True
HC_05,healthy,35.62,0.13556,0.16408,0.96045,0.063,0.025,0.808,True
HC_05,healthy,35.63,0.09801,0.19281,0.94228,-0.241,0.254,-2.175,True
HC_05,healthy,35.64,0.13308,0.18169,0.94998,-0.168,-0.387,-0.056,True
HC_05,healthy,35.65,0.10408,0.19427,0.9521,0.215,-0.385,-1.028,True
HC_05,healthy,35.660000000000004,0.10649,0.19078,0.9525,-0.324,0.357,-1.308,True
HC_05,healthy,35.67,0.10193,0.2179,0.96437,-0.435,-0.181,-1.151,True
HC_05,healthy,35.68,0.13654,0.1962,0.95121,0.345,0.734,1.47,True
HC_05,healthy,35.69,0.15248,0.2023,0.97304,-0.74,-0.712,0.622,True
HC_05,healthy,35.7,0.14449,0.15197,0.99036,1.174,1.127,2.397,True
HC_05,healthy,35.71,0.13528,0.14992,0.95092,-0.648,0.714,-0.317,True
HC_05,healthy,35.72,0.13749,0.18804,0.98931,-0.604,-0.505,-0.406,True
HC_05,healthy,35.730000000000004,0.09931,0.16977,0.97944,-1.449,-0.744,-1.788,True
HC_05,healthy,35.74,0.12004,0.18042,0.96708,-0.411,0.025,-2.392,True
HC_05,healthy,35.75,0.1442,0.21442,0.92599,-0.043,-0.073,-1.759,True
HC_05,healthy,35.76,0.10894,0.17356,0.95611,-0.831,0.457,-0.764,True
HC_05,healthy,35.77,0.14148,0.19303,0.94929,-0.72,-0.764,0.294,True
HC_05,healthy,35.78,0.14635,0.20547,0.94269,0.768,-1.049,0.201,True
HC_05,healthy,35.79,0.13867,0.2044,0.95383,-1.226,0.609,2.101,True
HC_05,healthy,35.800000000000004,0.16996,0.18013,0.98162,-0.206,0.201,1.418,True
HC_05,healthy,35.81,0.14078,0.17716,0.94334,-1.203,1.137,-0.676,True
HC_05,healthy,35.82,0.10554,0.14921,0.99098,0.43,0.588,-0.275,True
HC_05,healthy,35.83,0.09258,0.19885,0.98351,1.65,2.316,-1.198,True
HC_05,healthy,35.84,0.10084,0.17417,0.97777,-0.375,-0.31,-0.626,True
HC_05,healthy,35.85,0.10736,0.17364,0.94193,0.041,-0.374,-1.41,True
HC_05,healthy,35.86,0.1239,0.21379,0.96028,0.768,-0.277,-0.255,True
HC_05,healthy,35.87,0.13146,0.17745,0.96776,0.679,-2.168,0.951,True
HC_05,healthy,35.88,0.14472,0.2115,0.9725,-0.898,-0.124,2.117,True
HC_05,healthy,35.89,0.1215,0.19369,0.96581,0.673,1.568,0.861,True
HC_05,healthy,35.9,0.1152,0.17645,0.98203,0.468,0.031,1.676,True
HC_05,healthy,35.910000000000004,0.12899,0.18127,0.97079,0.151,-0.544,0.64,True
HC_05,healthy,35.92,0.12893,0.17815,0.97816,0.283,0.572,-0.025,True
HC_05,healthy,35.93,0.11384,0.18087,0.95893,-0.396,0.692,-1.709,True
HC_05,healthy,35.94,0.10322,0.1869,0.99124,1.231,0.273,-1.888,True
HC_05,healthy,35.95,0.11198,0.18067,0.9487,-0.21,-0.993,-1.147,True
HC_05,healthy,35.96,0.1139,0.19935,0.97292,0.68,-0.825,-0.705,True
HC_05,healthy,35.97,0.14083,0.20584,0.97322,-0.709,0.142,1.755,True
HC_05,healthy,35.980000000000004,0.13213,0.20073,0.95893,0.117,-0.055,1.191,True
HC_05,healthy,35.99,0.14753,0.15965,0.97414,-0.792,-0.196,2.275,True
HC_05,healthy,36.0,0.11481,0.1956,0.97066,1.504,-0.127,-0.358,True
HC_05,healthy,36.01,0.12374,0.18321,0.98966,-0.278,-0.223,0.369,True
HC_05,healthy,36.02,0.09431,0.17095,0.98599,0.6,-0.591,-0.146,True
HC_05,healthy,36.03,0.0986,0.16394,0.95389,0.921,-0.647,-0.803,True
HC_05,healthy,36.04,0.08561,0.20702,0.97365,-0.587,0.498,-1.528,True
HC_05,healthy,36.050000000000004,0.10189,0.19861,0.96612,-0.49,0.515,-0.718,True
HC_05,healthy,36.06,0.11317,0.20911,0.99454,0.051,0.282,-0.183,True
HC_05,healthy,36.07,0.11907,0.18479,0.96616,0.901,0.401,0.905,True
HC_05,healthy,36.08,0.14666,0.20171,0.93395,-1.365,-0.153,1.3,True
HC_05,healthy,36.09,0.1449,0.18345,0.967,1.105,0.367,2.999,True
HC_05,healthy,36.1,0.11607,0.17916,0.93206,-0.565,0.632,1.385,True
HC_05,healthy,36.11,0.11041,0.17191,0.97595,-2.342,-0.764,1.413,True
HC_05,healthy,36.12,0.09164,0.1615,1.00027,0.793,-0.129,-0.856,True
HC_05,healthy,36.13,0.10643,0.1862,0.96638,1.31,0.232,-0.694,True
HC_05,healthy,36.14,0.09468,0.20101,0.96332,-1.003,1.166,-0.721,True
HC_05,healthy,36.15,0.11457,0.19726,0.97235,-0.613,-0.772,-0.186,True
HC_05,healthy,36.160000000000004,0.11443,0.18681,0.96473,1.463,-0.765,1.708,True
HC_05,healthy,36.17,0.11804,0.19234,0.97079,0.366,1.33,1.506,True
HC_05,healthy,36.18,0.10697,0.20642,0.97485,-0.244,-0.556,1.835,True
HC_05,healthy,36.19,0.12377,0.17704,0.96629,-0.422,-0.956,2.175,True
HC_05,healthy,36.2,0.13569,0.17617,0.9511,-0.011,-1.006,1.136,True
HC_05,healthy,36.21,0.10904,0.16982,0.95248,-0.843,1.091,0.04,True
HC_05,healthy,36.22,0.10015,0.1425,0.96858,-0.218,-0.925,-0.463,True
HC_05,healthy,36.230000000000004,0.09278,0.19143,0.95072,0.436,0.866,-0.284,True
HC_05,healthy,36.24,0.12305,0.16275,0.97046,0.824,0.524,-1.8,True
HC_05,healthy,36.25,0.11237,0.1842,0.94574,0.821,0.498,-0.337,True
HC_05,healthy,36.26,0.11186,0.20335,0.96614,0.034,0.517,-0.355,True
HC_05,healthy,36.27,0.14243,0.19168,0.96511,1.123,-1.4,0.915,True
HC_05,healthy,36.28,0.15324,0.18486,0.95685,1.312,-0.328,1.199,True
HC_05,healthy,36.29,0.13447,0.17584,0.9839,-0.914,-0.626,2.091,True
HC_05,healthy,36.300000000000004,0.13807,0.15463,0.9511,-1.225,-0.646,0.608,True
HC_05,healthy,36.31,0.1259,0.16838,0.96299,-0.761,0.371,-0.421,True
HC_05,healthy,36.32,0.10408,0.16294,0.94614,0.209,-0.68,-0.636,True
HC_05,healthy,36.33,0.10725,0.18681,0.98073,-0.618,0.569,-1.156,True
HC_05,healthy,36.34,0.09958,0.17527,0.96718,-0.704,-1.199,0.151,True
HC_05,healthy,36.35,0.12391,0.18196,0.94872,0.162,1.113,1.072,True
HC_05,healthy,36.36,0.10914,0.18206,0.96401,1.53,-0.013,-0.043,True
HC_05,healthy,36.37,0.13242,0.18847,0.95498,-0.919,0.116,2.364,True
HC_05,healthy,36.38,0.12443,0.15795,0.94451,1.096,-0.981,2.652,True
HC_05,healthy,36.39,0.09793,0.16542,0.96828,-0.13,0.574,0.642,True
HC_05,healthy,36.4,0.08441,0.15622,0.98244,-0.431,-0.089,-0.526,True
HC_05,healthy,36.410000000000004,0.11493,0.18831,0.95287,0.665,1.073,0.346,True
HC_05,healthy,36.42,0.09238,0.18336,0.97819,-0.391,-0.798,-0.838,True
HC_05,healthy,36.43,0.09976,0.1738,1.007,-0.032,1.122,-0.081,True
HC_05,healthy,36.44,0.10029,0.1796,0.99112,-1.524,0.588,-0.088,True
HC_05,healthy,36.45,0.12103,0.17582,0.9613,1.307,-0.514,-0.738,True
HC_05,healthy,36.46,0.12049,0.19891,0.97869,0.442,-0.118,0.931,True
HC_05,healthy,36.47,0.11886,0.19026,0.96991,-0.787,-0.595,1.956,True
HC_05,healthy,36.480000000000004,0.13754,0.18429,0.97895,0.93,-0.012,1.954,True
HC_05,healthy,36.49,0.13111,0.16322,0.97103,0.588,-0.547,1.177,True
HC_05,healthy,36.5,0.10035,0.19276,0.96255,-1.073,0.286,0.546,True
HC_05,healthy,36.51,0.10191,0.17225,0.98379,0.468,-0.111,-1.198,True
HC_05,healthy,36.52,0.07392,0.16552,0.98662,0.025,-0.215,-1.46,True
HC_05,healthy,36.53,0.0793,0.19066,0.96973,-0.446,-1.056,-0.974,True
HC_05,healthy,36.54,0.09027,0.20082,0.99198,-0.799,0.527,-0.429,True
HC_05,healthy,36.550000000000004,0.10657,0.19088,0.9861,0.276,-0.988,0.202,True
HC_05,healthy,36.56,0.09798,0.19253,0.93762,1.005,0.244,0.122,True
HC_05,healthy,36.57,0.14117,0.16011,0.9738,-0.819,-0.495,2.777,True
HC_05,healthy,36.58,0.12013,0.16447,0.95087,-2.319,-0.34,1.969,True
HC_05,healthy,36.59,0.11025,0.12738,0.98043,0.189,0.653,0.886,True
HC_05,healthy,36.6,0.09979,0.1784,0.98089,0.893,0.418,-2.022,True
HC_05,healthy,36.61,0.09392,0.17577,0.97242,1.821,-0.399,-1.744,True
HC_05,healthy,36.62,0.10323,0.20138,1.00979,0.563,0.412,-0.224,True
HC_05,healthy,36.63,0.11786,0.19191,0.98015,1.11,-2.497,0.243,True
HC_05,healthy,36.64,0.11494,0.20412,0.99544,0.235,0.408,-1.104,True
HC_05,healthy,36.65,0.14652,0.16632,0.99006,0.162,0.832,0.479,True
HC_05,healthy,36.660000000000004,0.10779,0.17389,0.97815,0.752,-0.219,1.82,True
HC_05,healthy,36.67,0.1211,0.1732,0.9522,-0.232,0.13,1.269,True
HC_05,healthy,36.68,0.14487,0.17104,0.95522,0.039,-0.353,-0.307,True
HC_05,healthy,36.69,0.09805,0.16161,0.93962,-0.799,-1.432,0.027,True
HC_05,healthy,36.7,0.12232,0.18557,1.00923,-0.966,-0.266,-1.508,True
HC_05,healthy,36.71,0.09646,0.18407,0.97691,-0.771,0.068,-0.989,True
HC_05,healthy,36.72,0.04932,0.18438,0.95591,0.107,0.221,-0.73,True
HC_05,healthy,36.730000000000004,0.09981,0.16806,0.96558,0.127,0.184,-2.052,True
HC_05,healthy,36.74,0.08434,0.20427,0.94446,0.709,0.364,-0.601,True
HC_05,healthy,36.75,0.12974,0.18022,0.96751,-0.559,0.426,0.488,True
HC_05,healthy,36.76,0.09243,0.18786,0.96137,1.038,-1.172,2.138,True
HC_05,healthy,36.77,0.10747,0.17548,1.00039,0.053,-0.013,1.235,True
HC_05,healthy,36.78,0.0925,0.16449,0.98798,-0.123,0.572,1.351,True
HC_05,healthy,36.79,0.08743,0.16091,0.94761,-0.976,-1.497,-0.533,True
HC_05,healthy,36.800000000000004,0.10216,0.14493,0.99628,1.904,-0.516,-1.365,True
HC_05,healthy,36.81,0.08771,0.15732,0.98892,1.404,0.384,-1.933,True
HC_05,healthy,36.82,0.07878,0.20243,0.98079,0.779,-0.119,-1.069,True
HC_05,healthy,36.83,0.08417,0.17564,0.94552,-0.196,0.986,-0.179,True
HC_05,healthy,36.84,0.09752,0.19183,0.98357,1.015,0.676,-0.004,True
HC_05,healthy,36.85,0.13574,0.17291,0.9656,0.465,-0.693,0.411,True
HC_05,healthy,36.86,0.10912,0.17726,1.01036,0.421,0.097,1.5,True
HC_05,healthy,36.87,0.11824,0.19708,0.95935,-0.783,-0.987,0.347,True
HC_05,healthy,36.88,0.10645,0.16256,0.9733,0.239,0.429,1.056,True
HC_05,healthy,36.89,0.09767,0.13185,0.97621,0.827,-0.243,-0.427,True
HC_05,healthy,36.9,0.1068,0.16294,0.96988,-0.402,-0.472,-1.563,True
HC_05,healthy,36.910000000000004,0.09279,0.15373,0.98018,-0.444,-0.477,-0.917,True
HC_05,healthy,36.92,0.09643,0.21039,0.96735,0.002,0.311,-0.818,True
HC_05,healthy,36.93,0.10774,0.19885,0.97026,-0.364,0.364,-0.592,True
HC_05,healthy,36.94,0.11963,0.20411,0.94488,-1.799,0.118,-0.063,True
HC_05,healthy,36.95,0.12089,0.18865,0.98668,0.556,-0.347,1.085,True
HC_05,healthy,36.96,0.124,0.17416,0.97947,-0.044,0.533,1.124,True
HC_05,healthy,36.97,0.12276,0.15409,0.9773,1.482,-0.579,0.497,True
HC_05,healthy,36.980000000000004,0.10022,0.17439,0.95273,1.066,-0.465,-0.784,True
HC_05,healthy,36.99,0.11787,0.14898,1.00276,1.539,-0.347,0.136,True
HC_05,healthy,37.0,0.09696,0.17789,0.94478,-1.981,0.781,-0.981,True
HC_05,healthy,37.01,0.09947,0.19101,0.97363,-1.186,0.182,-0.445,True
HC_05,healthy,37.02,0.11694,0.2044,0.97254,0.183,1.415,-1.129,True
HC_05,healthy,37.03,0.1024,0.20174,0.99811,-0.83,-1.051,-0.211,True
HC_05,healthy,37.04,0.10543,0.18702,0.9929,1.688,-0.359,0.593,True
HC_05,healthy,37.050000000000004,0.09356,0.17756,0.98232,-2.93,-0.794,2.295,True
HC_05,healthy,37.06,0.15044,0.16342,0.96875,-0.252,1.05,2.066,True
HC_05,healthy,37.07,0.09557,0.16588,0.965,0.146,0.467,1.561,True
HC_05,healthy,37.08,0.10364,0.17569,0.99168,-1.116,-1.171,0.286,True
HC_05,healthy,37.09,0.10662,0.16228,0.98113,-1.307,1.042,-1.171,True
HC_05,healthy,37.1,0.09547,0.15755,0.94823,0.231,1.301,-3.675,True
HC_05,healthy,37.11,0.09326,0.17191,0.9341,-0.645,-0.703,-0.132,True
HC_05,healthy,37.12,0.10132,0.206,0.98732,0.694,-0.672,-0.482,True
HC_05,healthy,37.13,0.11075,0.20178,0.97314,-0.085,-0.51,0.114,True
HC_05,healthy,37.14,0.12452,0.19604,0.97109,0.604,-0.203,0.624,True
HC_05,healthy,37.15,0.1216,0.18371,0.95498,-0.216,0.207,1.38,True
HC_05,healthy,37.160000000000004,0.11993,0.18111,0.98219,-1.071,-0.076,0.877,True
HC_05,healthy,37.17,0.10153,0.1746,0.99241,-0.708,0.811,0.366,True
HC_05,healthy,37.18,0.07018,0.17752,0.99218,-0.35,-1.059,0.382,True
HC_05,healthy,37.19,0.08582,0.15241,0.99656,0.578,-0.069,-0.606,True
HC_05,healthy,37.2,0.08273,0.16894,0.97642,-1.503,1.734,-1.004,True
HC_05,healthy,37.21,0.10311,0.17681,0.97823,1.048,-0.334,-0.546,True
HC_05,healthy,37.22,0.08604,0.19926,0.98985,-0.583,0.582,-0.327,True
HC_05,healthy,37.230000000000004,0.08967,0.16892,0.97357,0.456,-0.408,0.478,True
HC_05,healthy,37.24,0.13516,0.16852,0.96539,-0.495,-0.836,2.354,True
HC_05,healthy,37.25,0.09746,0.15961,0.97563,0.148,0.92,1.1,True
HC_05,healthy,37.26,0.088,0.17492,0.97978,1.547,-0.601,0.727,True
HC_05,healthy,37.27,0.1201,0.15805,0.98148,0.846,-0.557,1.25,True
HC_05,healthy,37.28,0.08566,0.18,0.99242,0.505,-1.559,-0.033,True
HC_05,healthy,37.29,0.07992,0.17772,0.98468,-0.041,1.315,-1.504,True
HC_05,healthy,37.300000000000004,0.06774,0.16737,0.97186,-0.238,0.002,-1.572,True
HC_05,healthy,37.31,0.09973,0.18688,0.98461,-0.306,-0.936,-0.254,True
HC_05,healthy,37.32,0.0813,0.17853,0.95995,-0.349,-0.001,-0.307,True
HC_05,healthy,37.33,0.12393,0.20271,0.97096,0.061,0.504,1.934,True
HC_05,healthy,37.34,0.13934,0.18653,0.97203,-0.65,-1.225,1.441,True
HC_05,healthy,37.35,0.10926,0.19613,0.94353,1.118,-0.213,1.461,True
HC_05,healthy,37.36,0.1227,0.17061,0.97286,0.931,0.619,0.313,True
HC_05,healthy,37.37,0.12126,0.14863,0.98589,1.035,0.229,-0.009,True
HC_05,healthy,37.38,0.08331,0.16817,0.97817,1.03,-1.006,1.225,True
HC_05,healthy,37.39,0.06406,0.20734,0.97727,-0.113,-1.312,-0.795,True
HC_05,healthy,37.4,0.08677,0.16192,0.99508,-0.16,-0.754,-1.094,True
HC_05,healthy,37.410000000000004,0.08631,0.21091,0.9614,-1.069,-0.957,-2.38,True
HC_05,healthy,37.42,0.09867,0.20158,0.96455,1.676,-0.354,0.507,True
HC_05,healthy,37.43,0.12287,0.18129,0.98879,-0.478,0.027,0.229,True
HC_05,healthy,37.44,0.0904,0.18715,0.96946,1.894,1.248,1.711,True
HC_05,healthy,37.45,0.09206,0.16757,0.97489,0.482,-0.023,1.209,True
HC_05,healthy,37.46,0.10231,0.17663,0.96296,-1.094,-0.007,0.528,True
HC_05,healthy,37.47,0.12002,0.15153,0.96813,1.339,-0.788,1.053,True
HC_05,healthy,37.480000000000004,0.04663,0.15289,0.97457,1.083,-0.927,-1.451,True
HC_05,healthy,37.49,0.07671,0.1785,0.9591,0.639,-1.16,-1.726,True
HC_05,healthy,37.5,0.07828,0.16729,0.96757,-0.458,0.148,-1.492,True
HC_05,healthy,37.51,0.08223,0.18477,0.95131,-0.148,0.598,-0.789,True
HC_05,healthy,37.52,0.09528,0.20297,0.95507,0.536,-1.144,-0.231,True
HC_05,healthy,37.53,0.122,0.19893,0.93791,0.986,-1.555,1.312,True
HC_05,healthy,37.54,0.13667,0.19704,0.95309,0.419,-2.108,2.271,True
HC_05,healthy,37.550000000000004,0.11319,0.19114,0.97101,-0.162,-0.07,0.824,True
HC_05,healthy,37.56,0.1025,0.14664,0.98655,-0.572,-0.208,-0.709,True
HC_05,healthy,37.57,0.08481,0.15639,0.97053,0.226,-0.142,0.047,True
HC_05,healthy,37.58,0.08893,0.1506,0.97939,0.143,0.806,-1.394,True
HC_05,healthy,37.59,0.0861,0.15066,0.95553,0.265,0.73,-0.685,True
HC_05,healthy,37.6,0.08488,0.19908,0.96418,-1.091,0.199,-0.778,True
HC_05,healthy,37.61,0.07208,0.18528,0.98948,-0.133,0.615,-0.524,True
HC_05,healthy,37.62,0.10394,0.16556,0.96877,0.389,1.047,0.376,True
HC_05,healthy,37.63,0.11684,0.15777,0.97338,-0.332,1.738,0.76,True
HC_05,healthy,37.64,0.0961,0.19759,0.98407,0.352,-0.323,1.342,True
HC_05,healthy,37.65,0.09031,0.17235,0.98526,0.333,-0.243,0.288,True
HC_05,healthy,37.660000000000004,0.08535,0.17985,0.99375,-0.66,0.684,0.835,True
HC_05,healthy,37.67,0.11966,0.18112,0.97199,0.941,0.031,-0.021,True
HC_05,healthy,37.68,0.11586,0.17056,0.9719,0.501,-0.2,-1.026,True
HC_05,healthy,37.69,0.08834,0.17103,1.00001,1.148,-0.574,-3.0,True
HC_05,healthy,37.7,0.10197,0.17474,0.96228,-0.375,-0.247,0.363,True
HC_05,healthy,37.71,0.08788,0.15563,0.96467,0.039,-1.79,-0.755,True
HC_05,healthy,37.72,0.09502,0.16695,0.98756,-0.377,1.013,-0.261,True
HC_05,healthy,37.730000000000004,0.13452,0.16874,0.97738,1.895,0.081,1.813,True
HC_05,healthy,37.74,0.11865,0.19111,0.99993,0.678,0.704,1.376,True
HC_05,healthy,37.75,0.12262,0.15623,0.97203,-0.233,0.067,1.194,True
HC_05,healthy,37.76,0.09829,0.18479,0.97124,0.211,-0.269,0.971,True
HC_05,healthy,37.77,0.10035,0.15402,0.97507,0.066,1.682,-0.877,True
HC_05,healthy,37.78,0.0836,0.16935,0.99011,-0.504,0.058,-1.052,True
HC_05,healthy,37.79,0.0856,0.20417,0.99339,-1.345,-0.824,-2.283,True
HC_05,healthy,37.800000000000004,0.09846,0.20681,0.97388,-0.158,1.56,-0.39,True
HC_05,healthy,37.81,0.1158,0.17079,0.97495,0.876,0.674,-0.269,True
HC_05,healthy,37.82,0.13301,0.15843,0.97677,-0.336,-0.364,1.759,True
HC_05,healthy,37.83,0.09458,0.17411,0.98582,-1.249,0.273,1.735,True
HC_05,healthy,37.84,0.12667,0.16075,0.97101,-0.146,-0.597,1.614,True
HC_05,healthy,37.85,0.11463,0.17197,0.96303,-1.41,-0.089,-0.162,True
HC_05,healthy,37.86,0.08772,0.12107,1.0081,0.196,-0.728,0.741,True
HC_05,healthy,37.87,0.08918,0.16226,0.98144,0.184,-0.311,-0.077,True
HC_05,healthy,37.88,0.07598,0.15831,0.96603,-0.378,-0.647,-2.803,True
HC_05,healthy,37.89,0.12004,0.1717,0.95199,-0.412,0.431,-2.077,True
HC_05,healthy,37.9,0.10549,0.17601,0.97481,-0.822,-1.17,-1.14,True
HC_05,healthy,37.910000000000004,0.07991,0.16977,0.97378,-0.076,0.775,0.837,True
HC_05,healthy,37.92,0.10281,0.17873,0.9713,-0.358,0.781,0.379,True
HC_05,healthy,37.93,0.12472,0.18003,0.94959,0.401,0.345,1.441,True
HC_05,healthy,37.94,0.08644,0.16484,0.96666,1.277,-0.437,1.235,True
HC_05,healthy,37.95,0.13697,0.15107,0.96057,0.066,1.021,-1.329,True
HC_05,healthy,37.96,0.08709,0.18572,0.95545,-0.071,0.119,0.044,True
HC_05,healthy,37.97,0.08838,0.16421,0.97454,0.009,0.001,-1.92,True
HC_05,healthy,37.980000000000004,0.08469,0.19218,0.99649,-0.657,0.394,-1.205,True
HC_05,healthy,37.99,0.07681,0.20176,0.99943,-1.723,-0.688,-1.152,True
HC_05,healthy,38.0,0.08678,0.18935,0.96478,-0.613,-0.966,-0.804,True
HC_05,healthy,38.01,0.09992,0.19427,0.99853,-0.962,-0.409,-0.521,True
HC_05,healthy,38.02,0.12055,0.16036,0.96586,-0.067,-1.703,0.673,True
HC_05,healthy,38.03,0.1064,0.16051,0.96402,-0.92,0.013,1.4,True
HC_05,healthy,38.04,0.11906,0.17689,0.98178,-0.191,-1.044,0.806,True
HC_05,healthy,38.050000000000004,0.11781,0.17156,0.98212,-0.977,-0.936,0.207,True
HC_05,healthy,38.06,0.08537,0.19534,0.99442,-0.207,-0.547,-1.196,True
HC_05,healthy,38.07,0.07166,0.20514,0.97963,-0.659,-0.532,-2.131,True
HC_05,healthy,38.08,0.10193,0.16534,0.98422,-0.105,0.044,-1.638,True
HC_05,healthy,38.09,0.09317,0.17612,0.95937,-0.673,0.443,-0.733,True
HC_05,healthy,38.1,0.10622,0.19137,0.95994,0.097,0.797,0.759,True
HC_05,healthy,38.11,0.10094,0.21507,0.96293,1.243,0.477,1.678,True
HC_05,healthy,38.12,0.1093,0.17912,0.97519,-0.256,-0.377,1.675,True
HC_05,healthy,38.13,0.09453,0.1551,0.95474,0.293,-0.162,-0.511,True
HC_05,healthy,38.14,0.11514,0.17038,0.94787,-0.478,-0.539,0.752,True
HC_05,healthy,38.15,0.08581,0.13889,0.96756,-0.5,0.58,-0.876,True
HC_05,healthy,38.160000000000004,0.09028,0.17773,0.96636,-0.621,1.72,-1.546,True
HC_05,healthy,38.17,0.10051,0.16493,0.96641,0.018,1.614,-1.553,True
HC_05,healthy,38.18,0.07428,0.16946,0.97851,-0.534,-0.264,-2.187,True
HC_05,healthy,38.19,0.09282,0.19307,0.99622,0.534,-0.07,0.148,True
HC_05,healthy,38.2,0.12626,0.20574,0.97469,1.432,0.137,0.876,True
HC_05,healthy,38.21,0.11539,0.1986,0.98213,0.496,1.104,1.962,True
HC_05,healthy,38.22,0.12832,0.17383,0.99094,0.443,0.119,3.047,True
HC_05,healthy,38.230000000000004,0.11702,0.16368,0.97753,0.355,0.29,1.358,True
HC_05,healthy,38.24,0.12864,0.15411,0.9716,1.151,-1.174,0.179,True
HC_05,healthy,38.25,0.09852,0.16675,0.96404,-0.339,0.085,0.148,True
HC_05,healthy,38.26,0.07868,0.16138,0.9689,-1.317,0.312,-0.617,True
HC_05,healthy,38.27,0.07369,0.18578,0.97448,-0.818,-1.278,-1.969,True
HC_05,healthy,38.28,0.1024,0.17862,0.96256,-0.074,0.918,-0.703,True
HC_05,healthy,38.29,0.09398,0.17736,0.95422,-0.316,-1.134,-0.815,True
HC_05,healthy,38.300000000000004,0.10075,0.16304,0.97748,-0.135,-1.557,0.561,True
HC_05,healthy,38.31,0.11577,0.16225,0.98053,0.644,0.096,1.008,True
HC_05,healthy,38.32,0.11765,0.17005,0.94932,-0.045,1.482,2.721,True
HC_05,healthy,38.33,0.12938,0.17327,0.97345,0.392,-0.647,0.895,True
HC_05,healthy,38.34,0.09705,0.15929,0.96732,-0.72,1.039,-0.585,True
HC_05,healthy,38.35,0.08918,0.17658,0.96748,-0.8,-1.078,-1.427,True
HC_05,healthy,38.36,0.08958,0.19539,0.961,0.343,0.262,0.253,True
HC_05,healthy,38.37,0.0877,0.1658,0.98047,0.277,0.511,-2.047,True
HC_05,healthy,38.38,0.10283,0.17952,0.96802,-0.039,-0.323,-1.403,True
HC_05,healthy,38.39,0.08677,0.20225,0.99831,0.889,-1.056,-1.409,True
HC_05,healthy,38.4,0.12108,0.21183,0.96312,0.389,0.427,0.173,True
HC_05,healthy,38.410000000000004,0.13564,0.19716,0.96696,-0.212,1.52,0.911,True
HC_05,healthy,38.42,0.12117,0.17618,0.9815,-0.268,-0.732,2.329,True
HC_05,healthy,38.43,0.0854,0.17323,0.98082,0.251,-0.302,1.89,True
HC_05,healthy,38.44,0.10407,0.17067,0.96504,0.45,-0.198,0.005,True
HC_05,healthy,38.45,0.08932,0.18525,0.97604,-0.034,0.547,-2.544,True
HC_05,healthy,38.46,0.08984,0.16074,0.95774,-0.28,-0.675,-0.191,True
HC_05,healthy,38.47,0.10611,0.16942,0.98672,0.901,-0.779,-2.245,True
HC_05,healthy,38.480000000000004,0.09456,0.21305,0.97675,0.376,0.974,0.256,True
HC_05,healthy,38.49,0.12511,0.18555,0.9877,0.066,0.433,-0.45,True
HC_05,healthy,38.5,0.09987,0.18846,0.96983,-1.133,-0.173,1.64,True
HC_05,healthy,38.51,0.10419,0.18187,0.96053,-0.157,0.407,3.108,True
HC_05,healthy,38.52,0.0972,0.20643,0.97347,-0.508,-0.115,1.023,True
HC_05,healthy,38.53,0.09713,0.17308,0.98895,0.586,0.996,0.421,True
HC_05,healthy,38.54,0.10035,0.19921,0.98808,1.09,0.023,-1.452,True
HC_05,healthy,38.550000000000004,0.10229,0.18998,0.97066,-0.897,0.668,-0.207,True
HC_05,healthy,38.56,0.11573,0.1719,0.97038,-0.204,-0.687,-2.175,True
HC_05,healthy,38.57,0.10821,0.17759,0.9789,1.264,-0.307,-0.651,True
HC_05,healthy,38.58,0.08672,0.18287,0.96514,-0.017,-0.252,-1.694,True
HC_05,healthy,38.59,0.13291,0.17156,0.95527,-0.715,-0.081,1.091,True
HC_05,healthy,38.6,0.11417,0.1736,0.95146,0.893,-1.097,0.083,True
HC_05,healthy,38.61,0.12753,0.18696,0.93815,-0.872,-0.483,1.044,True
HC_05,healthy,38.62,0.128,0.1704,0.9674,1.32,-0.554,0.471,True
HC_05,healthy,38.63,0.1078,0.16764,0.95891,0.42,0.617,0.892,True
HC_05,healthy,38.64,0.12677,0.15118,0.96886,-1.138,-0.361,-0.02,True
HC_05,healthy,38.65,0.09354,0.18098,0.97804,1.121,-1.6,-1.532,True
HC_05,healthy,38.660000000000004,0.09802,0.15849,0.94525,-0.782,-0.225,-0.668,True
HC_05,healthy,38.67,0.08725,0.17086,0.97774,0.676,-1.26,-1.149,True
HC_05,healthy,38.68,0.10613,0.18553,0.94459,-0.284,0.83,-0.333,True
HC_05,healthy,38.69,0.1028,0.19339,0.97161,1.035,-0.601,0.651,True
HC_05,healthy,38.7,0.11835,0.20543,0.95794,1.143,0.268,1.226,True
HC_05,healthy,38.71,0.12316,0.17218,0.95282,-1.109,1.98,1.422,True
HC_05,healthy,38.72,0.13156,0.1796,0.98626,0.361,1.463,1.538,True
HC_05,healthy,38.730000000000004,0.14129,0.18238,0.96284,-1.018,0.399,-1.361,True
HC_05,healthy,38.74,0.12871,0.16611,0.96271,0.118,0.397,-0.273,True
HC_05,healthy,38.75,0.09202,0.16194,0.97818,-0.256,0.425,-3.806,True
HC_05,healthy,38.76,0.08106,0.18835,0.94963,-0.421,1.016,-0.49,True
HC_05,healthy,38.77,0.1308,0.1531,0.95486,-1.198,-0.544,-2.386,True
HC_05,healthy,38.78,0.11392,0.19887,0.97621,-0.441,-0.761,-0.286,True
HC_05,healthy,38.79,0.14197,0.21469,0.9891,-0.207,0.493,0.349,True
HC_05,healthy,38.800000000000004,0.13113,0.20524,0.95714,-0.237,0.637,1.602,True
HC_05,healthy,38.81,0.10999,0.17396,0.97761,-0.385,-0.129,2.046,True
HC_05,healthy,38.82,0.14643,0.1639,0.95532,-0.33,-0.438,-0.644,True
HC_05,healthy,38.83,0.09104,0.15645,0.96475,-0.122,0.339,0.257,True
HC_05,healthy,38.84,0.12037,0.19005,0.95478,-0.479,0.071,-0.542,True
HC_05,healthy,38.85,0.07186,0.15652,0.98758,0.263,0.729,-1.298,True
HC_05,healthy,38.86,0.11909,0.17234,0.97152,-0.537,1.278,-0.362,True
HC_05,healthy,38.87,0.1027,0.17889,0.93433,0.559,0.697,-0.872,True
HC_05,healthy,38.88,0.11065,0.20042,0.9621,-0.963,0.749,-0.297,True
HC_05,healthy,38.89,0.11701,0.20907,0.96627,-0.316,-0.11,1.142,True
HC_05,healthy,38.9,0.12958,0.21076,0.94959,-0.305,-0.048,1.049,True
HC_05,healthy,38.910000000000004,0.11075,0.18,0.97628,1.043,-0.115,0.454,True
HC_05,healthy,38.92,0.13649,0.17262,0.9695,-1.463,-0.806,0.724,True
HC_05,healthy,38.93,0.1269,0.18465,0.97597,0.382,-1.851,-0.167,True
HC_05,healthy,38.94,0.10162,0.17163,0.98295,-0.022,1.074,-2.12,True
HC_05,healthy,38.95,0.11359,0.17087,0.985,0.333,-0.008,-1.515,True
HC_05,healthy,38.96,0.12969,0.20626,0.95749,-0.125,-1.46,-1.692,True
HC_05,healthy,38.97,0.12712,0.18465,0.98635,-0.894,0.218,-1.527,True
HC_05,healthy,38.980000000000004,0.14864,0.20308,0.97843,0.355,-0.225,1.832,True
HC_05,healthy,38.99,0.12796,0.18288,0.96672,1.31,-0.363,1.314,True
HC_05,healthy,39.0,0.13076,0.21583,0.96617,0.701,0.023,1.155,True
HC_05,healthy,39.01,0.11866,0.14729,0.99818,0.379,-1.055,2.699,True
HC_05,healthy,39.02,0.0887,0.17062,0.97679,1.786,0.584,0.081,True
HC_05,healthy,39.03,0.10634,0.16118,0.96948,0.255,0.257,-1.053,True
HC_05,healthy,39.04,0.13645,0.17536,0.96837,-1.173,0.707,-0.423,True
HC_05,healthy,39.050000000000004,0.11824,0.18324,0.97456,0.602,-1.275,-2.068,True
HC_05,healthy,39.06,0.09855,0.19021,0.95689,-1.049,-1.095,-0.966,True
HC_05,healthy,39.07,0.13045,0.20649,0.94434,1.578,1.333,-0.514,True
HC_05,healthy,39.08,0.11542,0.19449,0.95237,-1.166,-0.087,1.299,True
HC_05,healthy,39.09,0.12382,0.21835,0.96901,-1.317,1.111,1.881,True
HC_05,healthy,39.1,0.16068,0.18669,0.99078,0.663,0.432,2.739,True
HC_05,healthy,39.11,0.12417,0.197,0.96184,0.166,0.876,2.325,True
HC_05,healthy,39.12,0.09261,0.17109,0.98606,0.111,0.513,0.419,True
HC_05,healthy,39.13,0.11763,0.19132,0.98967,1.626,0.98,-0.997,True
HC_05,healthy,39.14,0.1228,0.18562,0.96823,1.503,0.064,-2.118,True
HC_05,healthy,39.15,0.11959,0.20878,0.95867,-0.078,-0.055,-0.873,True
HC_05,healthy,39.160000000000004,0.10704,0.20566,0.98227,-0.419,0.379,-1.285,True
HC_05,healthy,39.17,0.12411,0.21457,0.96373,1.053,0.957,-0.311,True
HC_05,healthy,39.18,0.16637,0.19186,0.95338,1.494,-0.213,1.229,True
HC_05,healthy,39.19,0.14875,0.17386,0.9406,-2.073,-0.943,2.011,True
HC_05,healthy,39.2,0.14481,0.18388,0.96441,0.353,0.595,0.565,True
HC_05,healthy,39.21,0.11319,0.15933,0.95398,0.887,-0.391,0.669,True
HC_05,healthy,39.22,0.11276,0.1646,0.96104,-0.776,-0.29,0.625,True
HC_05,healthy,39.230000000000004,0.1312,0.17642,0.96291,-0.146,0.131,-0.892,True
HC_05,healthy,39.24,0.11475,0.1663,0.98358,0.326,0.263,-1.865,True
HC_05,healthy,39.25,0.13203,0.19936,0.94663,0.021,0.393,-0.809,True
HC_05,healthy,39.26,0.13161,0.18738,0.98653,-0.395,-0.081,-1.25,True
HC_05,healthy,39.27,0.13637,0.16798,0.9368,0.563,-0.26,0.516,True
HC_05,healthy,39.28,0.15008,0.19633,0.94678,-1.411,0.269,-0.016,True
HC_05,healthy,39.29,0.14903,0.19421,0.94174,-0.611,0.093,0.771,True
HC_05,healthy,39.300000000000004,0.13615,0.19889,0.96277,0.631,0.041,2.974,True
HC_05,healthy,39.31,0.12714,0.17473,0.94738,1.398,0.809,0.97,True
HC_05,healthy,39.32,0.10327,0.16718,0.96771,0.71,-0.663,0.311,True
HC_05,healthy,39.33,0.11158,0.17807,0.95846,0.332,0.641,-2.234,True
HC_05,healthy,39.34,0.11157,0.19297,0.94421,0.213,0.081,-0.849,True
HC_05,healthy,39.35,0.10868,0.20656,0.95617,-1.822,-0.38,0.064,True
HC_05,healthy,39.36,0.12504,0.20329,0.97331,-0.599,0.022,-0.126,True
HC_05,healthy,39.37,0.12338,0.208,0.95576,0.51,0.166,0.563,True
HC_05,healthy,39.38,0.14268,0.18413,0.96489,-1.731,0.755,0.262,True
HC_05,healthy,39.39,0.10063,0.22032,0.95701,0.447,0.025,2.471,True
HC_05,healthy,39.4,0.13761,0.18774,0.98408,-0.322,-0.331,1.438,True
HC_05,healthy,39.410000000000004,0.13501,0.1949,0.96021,-0.481,-1.454,0.931,True
HC_05,healthy,39.42,0.10881,0.20594,0.97275,-0.99,-0.429,0.906,True
HC_05,healthy,39.43,0.10736,0.19703,0.94308,-0.352,0.786,0.292,True
HC_05,healthy,39.44,0.11092,0.18534,0.92803,0.663,-0.349,-1.528,True
HC_05,healthy,39.45,0.13842,0.24059,0.96214,0.409,1.398,-1.016,True
HC_05,healthy,39.46,0.1473,0.18688,0.96837,0.775,-0.775,-0.273,True
HC_05,healthy,39.47,0.13542,0.16167,0.98757,-0.858,-0.579,0.62,True
HC_05,healthy,39.480000000000004,0.12553,0.20059,0.96043,-0.223,0.749,1.38,True
HC_05,healthy,39.49,0.15074,0.20037,0.96412,0.184,0.774,2.489,True
HC_05,healthy,39.5,0.14336,0.19723,0.96952,1.897,0.171,0.458,True
HC_05,healthy,39.51,0.15618,0.13048,0.9656,-1.109,-0.226,-0.365,True
HC_05,healthy,39.52,0.14255,0.18374,0.96405,-0.99,0.548,-1.931,True
HC_05,healthy,39.53,0.11112,0.18945,0.96069,-0.336,0.17,-1.512,True
HC_05,healthy,39.54,0.10055,0.21898,0.97146,0.61,-1.001,-1.693,True
HC_05,healthy,39.550000000000004,0.123,0.20755,0.9752,0.53,1.596,-1.363,True
HC_05,healthy,39.56,0.13135,0.21178,0.95812,-0.533,-0.618,0.414,True
HC_05,healthy,39.57,0.13186,0.1817,0.94314,1.43,-0.024,0.821,True
HC_05,healthy,39.58,0.1447,0.21493,0.95197,0.08,1.159,0.434,True
HC_05,healthy,39.59,0.13196,0.20087,0.92655,-1.078,0.069,4.071,True
HC_05,healthy,39.6,0.13727,0.18372,0.96411,0.457,-0.681,0.695,True
HC_05,healthy,39.61,0.10796,0.18922,0.95875,0.128,1.133,-0.328,True
HC_05,healthy,39.62,0.12289,0.20104,0.95511,-0.166,-0.625,-0.741,True
HC_05,healthy,39.63,0.12605,0.17099,0.9531,-0.305,0.397,-0.875,True
HC_05,healthy,39.64,0.10625,0.19807,0.95606,0.207,-0.793,-1.886,True
HC_05,healthy,39.65,0.15256,0.21229,0.95965,-0.008,-0.553,-1.509,True
HC_05,healthy,39.660000000000004,0.11363,0.21582,0.97363,0.983,0.37,1.334,True
HC_05,healthy,39.67,0.15393,0.1789,0.9576,-0.317,0.302,1.768,True
HC_05,healthy,39.68,0.16097,0.19987,0.97165,0.71,0.037,1.413,True
HC_05,healthy,39.69,0.15136,0.18735,0.96594,0.756,0.074,0.867,True
HC_05,healthy,39.7,0.14032,0.17561,0.94139,0.337,0.644,0.747,True
HC_05,healthy,39.71,0.11209,0.17237,0.95586,1.273,-0.725,-1.536,True
HC_05,healthy,39.72,0.14627,0.1826,0.9658,1.214,0.033,-0.262,True
HC_05,healthy,39.730000000000004,0.14501,0.19283,0.93795,0.138,0.512,-1.926,True
HC_05,healthy,39.74,0.14398,0.19696,0.96927,1.274,0.005,-0.04,True
HC_05,healthy,39.75,0.12544,0.23674,0.94969,0.328,0.188,-0.256,True
HC_05,healthy,39.76,0.13637,0.19381,0.94446,-1.116,-0.877,1.749,True
HC_05,healthy,39.77,0.18148,0.20541,0.93284,-0.29,1.021,0.74,True
HC_05,healthy,39.78,0.15073,0.17874,0.95559,-0.681,-0.558,1.079,True
HC_05,healthy,39.79,0.16001,0.16965,0.9388,-0.422,-0.018,1.077,True
HC_05,healthy,39.800000000000004,0.14036,0.20505,0.94283,0.669,0.288,0.702,True
HC_05,healthy,39.81,0.14247,0.18663,0.96313,-0.885,0.82,-0.913,True
HC_05,healthy,39.82,0.12549,0.1923,0.99751,0.216,-1.468,-2.053,True
HC_05,healthy,39.83,0.11461,0.19052,0.95449,-0.779,0.654,-2.116,True
HC_05,healthy,39.84,0.13355,0.19771,0.94473,1.29,0.385,-0.847,True
HC_05,healthy,39.85,0.14094,0.21566,0.93727,-1.587,0.265,0.501,True
HC_05,healthy,39.86,0.15639,0.19939,0.94593,-0.34,-0.377,1.697,True
HC_05,healthy,39.87,0.16276,0.20702,0.95387,0.176,0.855,1.239,True
HC_05,healthy,39.88,0.15134,0.19162,0.96043,-0.466,0.068,2.24,True
HC_05,healthy,39.89,0.13759,0.23161,0.9465,-0.602,-1.93,-0.058,True
HC_05,healthy,39.9,0.14549,0.19303,0.98015,0.098,-0.516,0.031,True
HC_05,healthy,39.910000000000004,0.14883,0.18573,0.949,0.118,-0.42,-2.459,True
HC_05,healthy,39.92,0.13314,0.23744,0.96677,0.379,0.349,-0.799,True
HC_05,healthy,39.93,0.14826,0.19235,0.94191,0.847,-1.375,-0.979,True
HC_05,healthy,39.94,0.14053,0.21601,0.95783,1.018,0.444,-0.048,True
HC_05,healthy,39.95,0.16164,0.23929,0.96912,1.496,0.081,-0.37,True
HC_05,healthy,39.96,0.14903,0.21517,0.92839,0.642,0.477,1.096,True
HC_05,healthy,39.97,0.14635,0.20859,0.92878,-1.768,-1.099,2.301,True
HC_05,healthy,39.980000000000004,0.14571,0.19836,0.95428,0.214,0.792,1.851,True
HC_05,healthy,39.99,0.18219,0.16566,0.96323,-0.069,0.689,-0.098,True
HC_05,healthy,40.0,0.14508,0.17081,0.94427,-0.261,-0.696,-0.237,True
HC_05,healthy,40.01,0.09789,0.19638,0.93595,-0.704,-0.611,0.219,True
HC_05,healthy,40.02,0.14024,0.2068,0.95333,1.092,-0.564,-2.212,True
HC_05,healthy,40.03,0.13998,0.19183,0.96494,0.152,1.179,-1.672,True
HC_05,healthy,40.04,0.15481,0.22174,0.95188,0.867,0.408,-2.731,True
HC_05,healthy,40.050000000000004,0.16428,0.21675,0.96211,0.249,0.359,0.867,True
HC_05,healthy,40.06,0.17435,0.21059,0.93479,1.37,-0.462,2.301,True
HC_05,healthy,40.07,0.1563,0.17739,0.96376,0.524,-0.113,1.945,True
HC_05,healthy,40.08,0.18435,0.1874,0.92767,0.566,-0.046,0.753,True
HC_05,healthy,40.09,0.15317,0.17369,0.96549,1.104,1.803,0.289,True
HC_05,healthy,40.1,0.14639,0.20434,0.92942,-0.233,-0.863,-0.386,True
HC_05,healthy,40.11,0.14547,0.1828,0.93462,-0.492,0.373,-1.496,True
HC_05,healthy,40.12,0.13175,0.22205,0.93275,-0.147,-0.506,-2.67,True
HC_05,healthy,40.13,0.13718,0.19641,0.95878,-1.006,0.424,0.027,True
HC_05,healthy,40.14,0.15503,0.23613,0.92907,0.618,-0.347,0.045,True
HC_05,healthy,40.15,0.1326,0.2231,0.94854,-0.125,-0.256,0.095,True
HC_05,healthy,40.160000000000004,0.16036,0.21671,0.94369,-0.395,0.599,1.414,True
HC_05,healthy,40.17,0.15149,0.18991,0.93806,0.198,-0.709,0.904,True
HC_05,healthy,40.18,0.16469,0.20474,0.93483,-1.004,-1.304,1.603,True
HC_05,healthy,40.19,0.15184,0.20119,0.96514,1.514,0.145,-0.623,True
HC_05,healthy,40.2,0.13745,0.18834,0.93273,-0.053,-1.389,-0.4,True
HC_05,healthy,40.21,0.14952,0.21288,0.96762,-0.538,0.398,-0.593,True
HC_05,healthy,40.22,0.15329,0.20115,0.9148,0.229,0.999,-0.488,True
HC_05,healthy,40.230000000000004,0.12231,0.20591,0.94551,0.541,-1.392,-0.961,True
HC_05,healthy,40.24,0.17379,0.20974,0.93519,-1.184,1.234,0.089,True
HC_05,healthy,40.25,0.14987,0.22773,0.96075,0.889,1.185,-0.182,True
HC_05,healthy,40.26,0.15544,0.2014,0.96914,-0.87,1.052,1.862,True
HC_05,healthy,40.27,0.15261,0.19297,0.91004,0.732,0.261,1.82,True
HC_05,healthy,40.28,0.14157,0.20222,0.91428,-0.351,0.695,0.529,True
HC_05,healthy,40.29,0.14664,0.19099,0.92993,-0.289,0.664,-0.218,True
HC_05,healthy,40.300000000000004,0.14108,0.17212,0.93118,0.877,1.818,-1.055,True
HC_05,healthy,40.31,0.16209,0.18676,0.9346,0.357,0.42,-2.501,True
HC_05,healthy,40.32,0.14338,0.23889,0.96041,-0.915,-1.186,-1.063,True
HC_05,healthy,40.33,0.13286,0.20629,0.93942,-0.605,0.947,-0.5,True
HC_05,healthy,40.34,0.15138,0.19519,0.94283,0.791,-0.188,-0.352,True
HC_05,healthy,40.35,0.18562,0.2308,0.94262,-0.706,-0.08,0.735,True
HC_05,healthy,40.36,0.17952,0.18016,0.93932,1.381,-0.438,1.492,True
HC_05,healthy,40.37,0.18799,0.21365,0.95778,0.896,0.461,-0.199,True
HC_05,healthy,40.38,0.17332,0.1707,0.94955,1.157,-0.857,0.332,True
HC_05,healthy,40.39,0.15935,0.21053,0.93188,0.241,-0.713,0.954,True
HC_05,healthy,40.4,0.14776,0.18847,0.98803,0.113,-0.8,-2.78,True
HC_05,healthy,40.410000000000004,0.15747,0.20132,0.94304,0.158,-0.528,-1.889,True
HC_05,healthy,40.42,0.13516,0.22067,0.93688,0.68,-0.996,-1.495,True
HC_05,healthy,40.43,0.14906,0.24727,0.95153,0.724,0.053,0.073,True
HC_05,healthy,40.44,0.15606,0.18435,0.94101,-0.653,-0.666,-0.332,True
HC_05,healthy,40.45,0.17565,0.21559,0.94237,0.118,0.074,0.981,True
HC_05,healthy,40.46,0.18472,0.20674,0.92319,0.864,1.411,1.19,True
HC_05,healthy,40.47,0.16419,0.21123,0.9611,1.095,1.395,0.391,True
HC_05,healthy,40.480000000000004,0.17466,0.17648,0.95027,0.022,0.47,-0.016,True
HC_05,healthy,40.49,0.16484,0.20099,0.94054,-0.142,0.188,0.271,True
HC_05,healthy,40.5,0.16174,0.21638,0.93007,-0.668,0.016,-1.416,True
HC_05,healthy,40.51,0.16325,0.21367,0.97213,0.365,0.136,-0.344,True
HC_05,healthy,40.52,0.19041,0.21102,0.92391,-0.594,0.054,0.861,True
HC_05,healthy,40.53,0.13534,0.2039,0.93013,-0.275,0.622,1.591,True
HC_05,healthy,40.54,0.18159,0.20044,0.94559,0.354,0.594,0.794,True
HC_05,healthy,40.550000000000004,0.18295,0.18795,0.93414,-0.119,-0.866,-0.111,True
HC_05,healthy,40.56,0.19522,0.20207,0.93766,0.539,1.05,0.688,True
HC_05,healthy,40.57,0.17329,0.19808,0.95777,-0.895,1.424,0.695,True
HC_05,healthy,40.58,0.14525,0.22236,0.94032,-0.07,-0.584,0.46,True
HC_05,healthy,40.59,0.17028,0.19724,0.92495,-0.584,-0.939,-0.98,True
HC_05,healthy,40.6,0.18819,0.23076,0.9751,0.697,-0.523,-2.396,True
HC_05,healthy,40.61,0.16092,0.22068,0.98022,0.882,0.848,-1.2,True
HC_05,healthy,40.62,0.16334,0.21324,0.94514,-0.955,0.304,-0.848,True
HC_05,healthy,40.63,0.17096,0.23434,0.94275,-0.277,-1.512,-0.663,True
HC_05,healthy,40.64,0.19841,0.21708,0.92041,-1.308,-1.146,1.109,True
HC_05,healthy,40.65,0.17572,0.2099,0.94432,-0.305,-0.05,1.735,True
HC_05,healthy,40.660000000000004,0.16929,0.20931,0.95193,0.564,-1.598,1.84,True
HC_05,healthy,40.67,0.18928,0.21043,0.95482,-0.322,-0.918,0.789,True
HC_05,healthy,40.68,0.15897,0.19374,0.94351,-0.423,-1.032,-1.28,True
HC_05,healthy,40.69,0.14831,0.18703,0.93485,0.424,-0.512,-1.337,True
HC_05,healthy,40.7,0.14428,0.22045,0.91188,0.264,0.642,-1.117,True
HC_05,healthy,40.71,0.1522,0.2375,0.92309,0.823,-0.422,-0.754,True
HC_05,healthy,40.72,0.1469,0.19558,0.92939,-0.697,-0.626,-0.307,True
HC_05,healthy,40.730000000000004,0.17013,0.22661,0.95658,-0.035,0.996,0.51,True
HC_05,healthy,40.74,0.18364,0.21771,0.92514,-0.227,0.177,1.297,True
HC_05,healthy,40.75,0.2028,0.20391,0.94722,0.255,0.066,1.367,True
HC_05,healthy,40.76,0.19385,0.22356,0.93694,0.614,0.438,1.799,True
HC_05,healthy,40.77,0.17755,0.17024,0.93404,1.124,0.591,0.642,True
HC_05,healthy,40.78,0.17967,0.21488,0.93909,-0.474,-0.063,-1.008,True
HC_05,healthy,40.79,0.13127,0.19951,0.9287,0.582,1.379,-0.926,True
HC_05,healthy,40.800000000000004,0.17185,0.21532,0.94166,0.728,0.494,-0.88,True
HC_05,healthy,40.81,0.19083,0.23794,0.94214,1.446,-0.066,-1.468,True
HC_05,healthy,40.82,0.15436,0.22778,0.93202,1.379,0.896,0.422,True
HC_05,healthy,40.83,0.20139,0.23788,0.94506,-0.14,-0.563,0.846,True
HC_05,healthy,40.84,0.19938,0.21221,0.92569,0.763,0.307,2.154,True
HC_05,healthy,40.85,0.20755,0.22313,0.94324,-2.151,0.966,1.136,True
HC_05,healthy,40.86,0.19498,0.20556,0.93685,-0.502,1.507,0.644,True
HC_05,healthy,40.87,0.19041,0.19009,0.91953,1.017,-0.003,1.042,True
HC_05,healthy,40.88,0.17146,0.18183,0.94784,-0.651,1.267,-0.687,True
HC_05,healthy,40.89,0.16386,0.2193,0.95155,0.323,0.826,-1.317,True
HC_05,healthy,40.9,0.14915,0.20897,0.90939,0.47,0.01,-2.267,True
HC_05,healthy,40.910000000000004,0.17154,0.22641,0.94292,0.293,1.777,-0.03,True
HC_05,healthy,40.92,0.20528,0.21064,0.96183,-1.19,0.486,1.536,True
HC_05,healthy,40.93,0.18276,0.21086,0.93593,-1.13,1.061,0.008,True
HC_05,healthy,40.94,0.18388,0.20754,0.94415,-0.234,-1.424,1.942,True
HC_05,healthy,40.95,0.16986,0.2288,0.94724,-0.51,-0.265,0.703,True
HC_05,healthy,40.96,0.15742,0.20702,0.94501,-1.425,0.505,2.145,True
HC_05,healthy,40.97,0.17858,0.22396,0.92512,-0.355,-1.201,0.128,True
HC_05,healthy,40.980000000000004,0.19203,0.19038,0.89713,-0.671,-0.746,-1.846,True
HC_05,healthy,40.99,0.17209,0.19828,0.94915,-0.522,0.514,-3.424,True
HC_05,healthy,41.0,0.18747,0.22229,0.90937,0.166,0.62,-1.219,True
HC_05,healthy,41.01,0.16201,0.24005,0.94961,-1.655,0.102,0.28,True
HC_05,healthy,41.02,0.18041,0.21599,0.91244,0.144,0.231,-0.849,True
HC_05,healthy,41.03,0.18634,0.238,0.94038,0.474,0.9,1.065,True
HC_05,healthy,41.04,0.19299,0.19502,0.93044,0.6,-0.331,0.988,True
HC_05,healthy,41.050000000000004,0.20107,0.24487,0.92743,1.555,0.065,1.275,True
HC_05,healthy,41.06,0.20113,0.20693,0.95769,0.316,-0.011,0.437,True
HC_05,healthy,41.07,0.19091,0.20623,0.96386,-0.403,-1.29,-0.647,True
HC_05,healthy,41.08,0.1557,0.20335,0.92024,0.784,-0.692,-2.304,True
HC_05,healthy,41.09,0.15027,0.22214,0.92002,1.678,0.17,0.04,True
HC_05,healthy,41.1,0.18196,0.22965,0.94028,-1.233,-0.028,-1.215,True
HC_05,healthy,41.11,0.1851,0.25325,0.9187,-1.105,0.323,-1.51,True
HC_05,healthy,41.12,0.1838,0.22641,0.92224,0.749,-0.55,0.365,True
HC_05,healthy,41.13,0.18679,0.22154,0.9299,0.298,-0.045,0.987,True
HC_05,healthy,41.14,0.20815,0.20845,0.92477,-0.482,-0.36,1.885,True
HC_05,healthy,41.15,0.19735,0.21069,0.92784,0.286,-0.008,1.556,True
HC_05,healthy,41.160000000000004,0.18153,0.183,0.95983,0.287,-0.664,0.094,True
HC_05,healthy,41.17,0.15927,0.20112,0.9474,0.184,-1.649,0.009,True
HC_05,healthy,41.18,0.18173,0.18176,0.93932,0.797,0.25,-1.791,True
HC_05,healthy,41.19,0.14445,0.2243,0.92727,-0.19,0.311,-0.606,True
HC_05,healthy,41.2,0.15917,0.23696,0.91868,0.23,0.346,-1.394,True
HC_05,healthy,41.21,0.19425,0.24564,0.90926,0.02,1.829,-0.853,True
HC_05,healthy,41.22,0.19163,0.25015,0.94274,1.496,0.215,0.953,True
HC_05,healthy,41.230000000000004,0.22497,0.22327,0.95074,0.571,-0.495,1.652,True
HC_05,healthy,41.24,0.19704,0.23227,0.94363,0.636,0.372,1.438,True
HC_05,healthy,41.25,0.2076,0.20457,0.92287,-1.053,0.702,0.194,True
HC_05,healthy,41.26,0.18286,0.22885,0.92051,-1.201,-0.326,-0.435,True
HC_05,healthy,41.27,0.15382,0.19554,0.94732,-1.934,-0.139,-0.677,True
HC_05,healthy,41.28,0.19544,0.19306,0.93554,1.092,-0.901,-1.662,True
HC_05,healthy,41.29,0.20243,0.23837,0.94069,-0.51,-0.206,-2.332,True
HC_05,healthy,41.300000000000004,0.17331,0.21872,0.9414,0.486,-0.397,-0.711,True
HC_05,healthy,41.31,0.18052,0.24789,0.94178,0.452,0.134,0.392,True
HC_05,healthy,41.32,0.20178,0.23599,0.92773,-0.221,-0.057,0.863,True
HC_05,healthy,41.33,0.20913,0.22825,0.91211,-1.986,-0.945,1.461,True
HC_05,healthy,41.34,0.22326,0.21605,0.93049,-1.386,1.122,1.404,True
HC_05,healthy,41.35,0.19371,0.18584,0.94363,0.213,1.167,1.439,True
HC_05,healthy,41.36,0.19385,0.2198,0.91509,-0.163,0.524,-0.78,True
HC_05,healthy,41.37,0.19345,0.20123,0.94,-0.452,-0.628,-0.0,True
HC_05,healthy,41.38,0.17951,0.23828,0.9456,0.388,-0.422,-0.715,True
HC_05,healthy,41.39,0.23279,0.21219,0.91525,0.25,1.398,-0.174,True
HC_05,healthy,41.4,0.16939,0.26227,0.94489,-0.089,-0.643,-0.55,True
HC_05,healthy,41.410000000000004,0.17922,0.23251,0.94,-0.699,0.27,0.502,True
HC_05,healthy,41.42,0.22862,0.22117,0.9416,-0.317,0.963,1.396,True
HC_05,healthy,41.43,0.20215,0.20177,0.9207,-1.076,0.096,0.677,True
HC_05,healthy,41.44,0.2175,0.21215,0.92509,-0.695,0.234,1.236,True
HC_05,healthy,41.45,0.19419,0.22924,0.9086,-1.228,-0.106,-0.767,True
HC_05,healthy,41.46,0.17102,0.19912,0.92397,-0.689,0.202,0.622,True
HC_05,healthy,41.47,0.20275,0.19362,0.91976,-1.119,0.033,-1.511,True
HC_05,healthy,41.480000000000004,0.18634,0.22675,0.93056,1.549,1.357,-1.179,True
HC_05,healthy,41.49,0.18326,0.21949,0.9028,-0.61,0.183,0.193,True
HC_05,healthy,41.5,0.17203,0.25845,0.9221,0.489,-0.021,1.308,True
HC_05,healthy,41.51,0.21377,0.2327,0.91955,-1.232,0.375,-0.06,True
HC_05,healthy,41.52,0.20676,0.23369,0.92111,-0.382,-0.21,1.759,True
HC_05,healthy,41.53,0.19131,0.22828,0.9262,0.765,0.926,1.334,True
HC_05,healthy,41.54,0.21423,0.21849,0.91866,-0.666,-0.436,1.26,True
HC_05,healthy,41.550000000000004,0.20579,0.22142,0.94132,0.052,0.021,0.075,True
HC_05,healthy,41.56,0.18102,0.21142,0.91747,1.277,0.348,-0.457,True
HC_05,healthy,41.57,0.16765,0.20631,0.93175,0.092,-1.507,-2.34,True
HC_05,healthy,41.58,0.156,0.24812,0.92198,0.254,0.91,-1.899,True
HC_05,healthy,41.59,0.19867,0.24329,0.94706,0.022,0.413,-0.207,True
HC_05,healthy,41.6,0.20062,0.22728,0.90944,1.3,0.887,0.48,True
HC_05,healthy,41.61,0.21202,0.24496,0.91685,-0.195,1.364,1.342,True
HC_05,healthy,41.62,0.18934,0.22104,0.9396,-0.443,0.686,-0.73,True
HC_05,healthy,41.63,0.22274,0.23109,0.91159,1.713,-0.829,2.572,True
HC_05,healthy,41.64,0.19506,0.21136,0.92829,-0.288,0.927,1.686,True
HC_05,healthy,41.65,0.17281,0.22952,0.92138,-0.111,1.223,-1.308,True
HC_05,healthy,41.660000000000004,0.17501,0.21932,0.94782,0.444,-0.685,-0.666,True
HC_05,healthy,41.67,0.15785,0.20671,0.92634,-0.144,0.506,-1.651,True
HC_05,healthy,41.68,0.18212,0.20748,0.93584,-0.776,-0.422,-1.063,True
HC_05,healthy,41.69,0.19323,0.24628,0.90796,1.765,0.094,-0.642,True
HC_05,healthy,41.7,0.20709,0.24498,0.92027,-0.944,-0.53,1.356,True
HC_05,healthy,41.71,0.22769,0.22652,0.9367,1.641,-0.859,1.699,True
HC_05,healthy,41.72,0.19473,0.20268,0.93802,0.205,0.368,0.209,True
HC_05,healthy,41.730000000000004,0.21021,0.18993,0.93984,-0.691,0.619,1.34,True
HC_05,healthy,41.74,0.18319,0.19363,0.92383,0.033,-0.228,1.926,True
HC_05,healthy,41.75,0.18426,0.20316,0.8982,-1.587,-1.005,-0.467,True
HC_05,healthy,41.76,0.18453,0.23073,0.90955,0.669,-0.557,-0.863,True
HC_05,healthy,41.77,0.18735,0.19661,0.93459,0.814,0.274,-2.382,True
HC_05,healthy,41.78,0.19493,0.22909,0.92955,-2.079,0.387,-1.346,True
HC_05,healthy,41.79,0.19718,0.20985,0.90827,2.015,-0.295,-1.48,True
HC_05,healthy,41.800000000000004,0.20656,0.24381,0.92624,-0.905,0.656,0.403,True
HC_05,healthy,41.81,0.20613,0.23001,0.9268,-1.273,-1.99,0.904,True
HC_05,healthy,41.82,0.21748,0.22538,0.94855,-0.47,-0.425,2.183,True
HC_05,healthy,41.83,0.18528,0.20482,0.94734,-0.715,0.081,1.334,True
HC_05,healthy,41.84,0.2067,0.21568,0.90889,-0.167,0.239,-0.443,True
HC_05,healthy,41.85,0.19055,0.16585,0.92397,0.085,-1.547,-0.564,True
HC_05,healthy,41.86,0.17294,0.22345,0.9163,-0.151,0.506,-0.848,True
HC_05,healthy,41.87,0.20148,0.18249,0.94381,-0.835,-0.803,-0.572,True
HC_05,healthy,41.88,0.1719,0.24496,0.92673,0.193,-1.856,-1.824,True
HC_05,healthy,41.89,0.18864,0.25012,0.94804,0.221,0.251,-1.527,True
HC_05,healthy,41.9,0.19522,0.23599,0.91481,-1.485,-0.849,-0.482,True
HC_05,healthy,41.910000000000004,0.19443,0.25629,0.90866,0.084,1.252,0.21,True
HC_05,healthy,41.92,0.24167,0.2245,0.9266,0.681,-0.044,-0.138,True
HC_05,healthy,41.93,0.19749,0.19618,0.92833,1.07,0.339,2.076,True
HC_05,healthy,41.94,0.22976,0.18874,0.90193,0.064,1.285,2.0,True
HC_05,healthy,41.95,0.19856,0.19244,0.93537,1.697,1.66,0.14,True
HC_05,healthy,41.96,0.18842,0.21273,0.92086,0.2,-0.321,-2.736,True
HC_05,healthy,41.97,0.18187,0.22557,0.92275,-0.317,0.469,-3.524,True
HC_05,healthy,41.980000000000004,0.19542,0.20842,0.92001,-0.645,0.059,-1.172,True
HC_05,healthy,41.99,0.21257,0.21728,0.92478,-0.027,-0.399,0.611,True
HC_05,healthy,42.0,0.2296,0.24941,0.93362,0.021,-0.166,1.37,True
HC_05,healthy,42.01,0.19132,0.2375,0.91909,-0.426,-0.256,1.486,True
HC_05,healthy,42.02,0.21141,0.19183,0.92906,0.065,-0.899,0.715,True
HC_05,healthy,42.03,0.20527,0.20121,0.92457,-1.232,-0.493,0.759,True
HC_05,healthy,42.04,0.21747,0.20383,0.92892,0.496,0.867,-1.05,True
HC_05,healthy,42.050000000000004,0.16062,0.22453,0.90099,0.752,-0.49,-0.111,True
HC_05,healthy,42.06,0.19474,0.19939,0.93765,-0.631,0.298,-1.019,True
HC_05,healthy,42.07,0.19851,0.24205,0.94193,0.222,-0.225,-0.803,True
HC_05,healthy,42.08,0.2141,0.22838,0.93353,-1.263,1.122,-0.122,True
HC_05,healthy,42.09,0.17842,0.24993,0.9307,-0.116,-1.026,0.534,True
HC_05,healthy,42.1,0.18772,0.2151,0.93486,0.172,0.071,1.011,True
HC_05,healthy,42.11,0.21203,0.2157,0.94322,1.285,-0.289,2.216,True
HC_05,healthy,42.12,0.20696,0.21692,0.93025,-0.529,0.401,2.459,True
HC_05,healthy,42.13,0.20857,0.20948,0.88606,-0.672,1.073,1.655,True
HC_05,healthy,42.14,0.18131,0.20283,0.92182,0.309,0.715,0.092,True
HC_05,healthy,42.15,0.19722,0.21366,0.93274,0.158,-0.496,-0.889,True
HC_05,healthy,42.160000000000004,0.18023,0.20746,0.93944,1.468,0.712,-0.667,True
HC_05,healthy,42.17,0.19586,0.23163,0.92386,-0.563,-0.32,-0.628,True
HC_05,healthy,42.18,0.20521,0.25933,0.92527,-1.223,0.934,-0.627,True
HC_05,healthy,42.19,0.21286,0.23709,0.91112,0.693,-0.179,0.553,True
HC_05,healthy,42.2,0.24441,0.21728,0.93818,-0.186,-0.173,2.3,True
HC_05,healthy,42.21,0.18499,0.2394,0.91753,0.306,0.47,0.574,True
HC_05,healthy,42.22,0.20247,0.21751,0.9216,-0.689,1.064,1.287,True
HC_05,healthy,42.230000000000004,0.20347,0.23411,0.93449,-0.854,-0.062,-0.179,True
HC_05,healthy,42.24,0.18687,0.22119,0.93883,0.696,-0.492,0.064,True
HC_05,healthy,42.25,0.18489,0.22018,0.93399,-0.941,0.141,-0.574,True
HC_05,healthy,42.26,0.19847,0.23674,0.92134,-0.464,0.068,-1.642,True
HC_05,healthy,42.27,0.19053,0.24901,0.90983,-0.466,2.208,-0.41,True
HC_05,healthy,42.28,0.1961,0.22613,0.92037,-0.385,-0.746,-1.159,True
HC_05,healthy,42.29,0.20761,0.21534,0.91757,-0.29,0.288,0.659,True
HC_05,healthy,42.300000000000004,0.19531,0.23948,0.93148,-0.704,-1.624,0.854,True
HC_05,healthy,42.31,0.24625,0.23591,0.91858,0.92,1.019,0.13,True
HC_05,healthy,42.32,0.19747,0.21546,0.91287,0.547,2.044,0.889,True
HC_05,healthy,42.33,0.17194,0.18782,0.92417,0.382,0.773,-0.235,True
HC_05,healthy,42.34,0.19532,0.20266,0.91413,0.487,-0.044,-1.868,True
HC_05,healthy,42.35,0.16177,0.18825,0.93633,-0.974,-1.733,-1.105,True
HC_05,healthy,42.36,0.20162,0.23617,0.92179,-1.125,0.217,-1.785,True
HC_05,healthy,42.37,0.20609,0.25421,0.93433,-0.47,-0.86,-0.319,True
HC_05,healthy,42.38,0.19672,0.22587,0.91005,-0.3,0.79,-0.47,True
HC_05,healthy,42.39,0.19009,0.22036,0.90989,-1.781,-0.797,0.7,True
HC_05,healthy,42.4,0.20336,0.24031,0.90707,-1.391,0.173,2.027,True
HC_05,healthy,42.410000000000004,0.20052,0.20378,0.90876,-0.71,-0.292,0.225,True
HC_05,healthy,42.42,0.20398,0.1848,0.94918,-0.031,0.065,0.109,True
HC_05,healthy,42.43,0.19709,0.2141,0.92425,2.154,0.347,0.267,True
HC_05,healthy,42.44,0.18043,0.21512,0.94869,0.211,0.491,-1.315,True
HC_05,healthy,42.45,0.20724,0.21352,0.9017,0.458,0.001,-2.458,True
HC_05,healthy,42.46,0.21825,0.24198,0.96113,-0.363,0.712,-0.363,True
HC_05,healthy,42.47,0.22725,0.26843,0.91157,-1.624,0.056,1.127,True
HC_05,healthy,42.480000000000004,0.23054,0.2412,0.92952,-1.518,-0.218,0.507,True
HC_05,healthy,42.49,0.21803,0.22441,0.91675,-0.409,-0.141,1.502,True
HC_05,healthy,42.5,0.24082,0.21926,0.93207,0.762,-0.155,0.399,True
HC_05,healthy,42.51,0.20666,0.20491,0.92006,-0.165,1.389,1.886,True
HC_05,healthy,42.52,0.1978,0.20176,0.94077,0.568,-0.383,0.076,True
HC_05,healthy,42.53,0.19945,0.22232,0.91802,0.26,0.495,0.073,True
HC_05,healthy,42.54,0.17262,0.21367,0.91116,-1.896,1.208,-2.238,True
HC_05,healthy,42.550000000000004,0.19495,0.21866,0.91582,0.419,-0.476,-2.435,True
HC_05,healthy,42.56,0.19333,0.20524,0.91423,-0.715,0.201,-1.332,True
HC_05,healthy,42.57,0.16587,0.22397,0.90499,1.331,0.565,0.032,True
HC_05,healthy,42.58,0.20919,0.21964,0.93365,-0.285,-0.956,1.458,True
HC_05,healthy,42.59,0.20241,0.2252,0.93987,-0.536,0.309,1.411,True
HC_05,healthy,42.6,0.22967,0.24663,0.92522,0.69,0.686,3.195,True
HC_05,healthy,42.61,0.21673,0.21156,0.91618,-0.474,0.381,1.092,True
HC_05,healthy,42.62,0.19539,0.20917,0.93494,0.13,-0.42,1.391,True
HC_05,healthy,42.63,0.19561,0.21438,0.91944,1.816,-0.232,-0.708,True
HC_05,healthy,42.64,0.1902,0.21854,0.91894,0.365,-0.392,-0.791,True
HC_05,healthy,42.65,0.18565,0.23301,0.90116,-2.096,-0.31,-1.698,True
HC_05,healthy,42.660000000000004,0.20542,0.21734,0.91307,-0.556,0.741,-0.482,True
HC_05,healthy,42.67,0.20483,0.22463,0.94452,-0.064,0.126,-0.956,True
HC_05,healthy,42.68,0.21922,0.2456,0.91644,-0.072,0.914,1.243,True
HC_05,healthy,42.69,0.22503,0.21183,0.91552,-1.185,0.535,2.069,True
HC_05,healthy,42.7,0.21605,0.23838,0.91598,-0.424,0.105,0.944,True
HC_05,healthy,42.71,0.21107,0.23588,0.9299,0.994,0.363,0.971,True
HC_05,healthy,42.72,0.20006,0.2135,0.93736,0.043,-0.276,-1.139,True
HC_05,healthy,42.730000000000004,0.1897,0.24293,0.89862,-1.067,-0.519,-0.91,True
HC_05,healthy,42.74,0.17932,0.22733,0.92307,-0.952,0.878,-1.275,True
HC_05,healthy,42.75,0.16932,0.23741,0.94751,0.015,-0.048,-1.442,True
HC_05,healthy,42.76,0.21107,0.25342,0.91876,-0.882,1.043,0.487,True
HC_05,healthy,42.77,0.20787,0.2499,0.93978,1.1,0.407,1.018,True
HC_05,healthy,42.78,0.19296,0.23782,0.9359,-0.61,0.728,0.773,True
HC_05,healthy,42.79,0.21295,0.21408,0.93155,-1.256,0.167,0.463,True
HC_05,healthy,42.800000000000004,0.18809,0.22528,0.92471,-0.899,0.468,1.7,True
HC_05,healthy,42.81,0.19162,0.21908,0.91796,0.628,0.403,-0.044,True
HC_05,healthy,42.82,0.20374,0.18656,0.95055,0.241,1.749,0.557,True
HC_05,healthy,42.83,0.21851,0.2163,0.89872,0.682,-1.455,-0.023,True
HC_05,healthy,42.84,0.19797,0.22052,0.95865,0.881,0.214,-0.531,True
HC_05,healthy,42.85,0.18542,0.19623,0.91487,-1.188,0.398,-0.246,True
HC_05,healthy,42.86,0.20006,0.20449,0.92728,0.948,-0.397,0.236,True
HC_05,healthy,42.87,0.18448,0.2428,0.91904,-0.173,0.101,1.637,True
HC_05,healthy,42.88,0.2017,0.22636,0.9445,0.308,0.176,2.158,True
HC_05,healthy,42.89,0.23066,0.21016,0.92913,-0.139,0.205,0.622,True
HC_05,healthy,42.9,0.21964,0.20357,0.92961,1.983,0.202,0.444,True
HC_05,healthy,42.910000000000004,0.20651,0.22431,0.94189,0.016,0.591,-0.19,True
HC_05,healthy,42.92,0.21379,0.21216,0.94383,-0.84,0.597,0.18,True
HC_05,healthy,42.93,0.19308,0.22339,0.92054,1.646,0.434,-1.504,True
HC_05,healthy,42.94,0.18109,0.2444,0.937,-0.281,-0.312,-2.208,True
HC_05,healthy,42.95,0.17608,0.2141,0.92203,-0.9,-0.545,-2.813,True
HC_05,healthy,42.96,0.16589,0.22559,0.93482,-1.354,1.113,-0.502,True
HC_05,healthy,42.97,0.19311,0.22024,0.9142,0.204,-0.774,2.13,True
HC_05,healthy,42.980000000000004,0.193,0.26439,0.92752,0.911,0.14,1.745,True
HC_05,healthy,42.99,0.25963,0.22784,0.95832,1.407,-0.416,2.188,True
HC_05,healthy,43.0,0.2249,0.21516,0.92228,0.719,0.275,1.123,True
HC_05,healthy,43.01,0.19502,0.20404,0.92185,0.806,-0.089,0.251,True
HC_05,healthy,43.02,0.19661,0.20215,0.93943,-0.72,0.659,-1.448,True
HC_05,healthy,43.03,0.18789,0.24882,0.92891,-1.554,0.504,-1.762,True
HC_05,healthy,43.04,0.18977,0.24277,0.93403,-0.351,-0.901,0.664,True
HC_05,healthy,43.050000000000004,0.2013,0.21806,0.92433,-1.182,-0.316,-0.8,True
HC_05,healthy,43.06,0.20234,0.24559,0.90557,-0.233,-0.637,0.372,True
HC_05,healthy,43.07,0.20302,0.24087,0.92074,-0.095,-1.323,-0.172,True
HC_05,healthy,43.08,0.22371,0.232,0.94305,-0.897,-0.456,1.008,True
HC_05,healthy,43.09,0.18724,0.21768,0.91027,1.39,0.948,0.362,True
HC_05,healthy,43.1,0.19495,0.20489,0.91753,-0.2,0.336,-0.651,True
HC_05,healthy,43.11,0.19485,0.18529,0.94756,0.308,-0.216,-0.584,True
HC_05,healthy,43.12,0.20934,0.1833,0.95197,0.696,0.499,-1.239,True
HC_05,healthy,43.13,0.17216,0.23089,0.93837,0.259,-1.522,-2.68,True
HC_05,healthy,43.14,0.1837,0.25874,0.89868,0.179,0.252,-1.297,True
HC_05,healthy,43.15,0.20941,0.22023,0.93262,-1.446,1.544,1.448,True
HC_05,healthy,43.160000000000004,0.17115,0.26197,0.93631,0.351,0.569,0.414,True
HC_05,healthy,43.17,0.21888,0.20827,0.91808,0.746,0.781,1.373,True
HC_05,healthy,43.18,0.20379,0.23182,0.91628,-0.688,0.11,1.114,True
HC_05,healthy,43.19,0.18758,0.21273,0.92481,-0.147,-1.379,1.239,True
HC_05,healthy,43.2,0.19925,0.21449,0.93898,0.28,-0.692,-0.883,True
HC_05,healthy,43.21,0.19354,0.2047,0.91844,-0.081,0.262,-0.265,True
HC_05,healthy,43.22,0.16919,0.19847,0.91481,0.22,-0.149,-1.157,True
HC_05,healthy,43.230000000000004,0.18732,0.22357,0.92776,0.393,-0.677,-1.168,True
HC_05,healthy,43.24,0.17504,0.2163,0.91863,-0.602,-0.453,-0.271,True
HC_05,healthy,43.25,0.20842,0.24189,0.92178,0.655,-1.438,-0.032,True
HC_05,healthy,43.26,0.23192,0.23409,0.9234,-0.347,0.444,0.698,True
HC_05,healthy,43.27,0.1876,0.21629,0.93138,0.187,-0.245,1.951,True
HC_05,healthy,43.28,0.20917,0.21449,0.95035,0.656,-0.27,3.133,True
HC_05,healthy,43.29,0.22831,0.22099,0.92185,0.319,1.474,2.648,True
HC_05,healthy,43.300000000000004,0.19382,0.19565,0.92573,0.425,0.852,0.853,True
HC_05,healthy,43.31,0.16963,0.18296,0.92148,0.124,0.732,-2.403,True
HC_05,healthy,43.32,0.17913,0.23392,0.9303,-0.236,-1.372,-0.277,True
HC_05,healthy,43.33,0.17148,0.20955,0.91244,0.843,-1.009,-2.224,True
HC_05,healthy,43.34,0.22145,0.23203,0.91729,0.545,-1.198,-0.99,True
HC_05,healthy,43.35,0.18244,0.24836,0.92072,-0.553,0.616,0.819,True
HC_05,healthy,43.36,0.19043,0.2462,0.93353,1.152,0.44,1.88,True
HC_05,healthy,43.37,0.21605,0.22599,0.93893,0.218,0.997,1.764,True
HC_05,healthy,43.38,0.20723,0.22293,0.91364,0.697,-0.117,0.214,True
HC_05,healthy,43.39,0.19053,0.20268,0.93339,-0.191,1.346,0.913,True
HC_05,healthy,43.4,0.18113,0.20768,0.97233,-0.172,0.788,-0.591,True
HC_05,healthy,43.410000000000004,0.17416,0.19883,0.91342,0.248,0.009,-1.141,True
HC_05,healthy,43.42,0.17969,0.19014,0.91712,-0.345,1.731,-2.106,True
HC_05,healthy,43.43,0.20776,0.21304,0.91078,-0.059,-0.317,-1.545,True
HC_05,healthy,43.44,0.19697,0.24304,0.9249,-0.881,-0.605,-0.734,True
HC_05,healthy,43.45,0.20613,0.23937,0.95169,-0.865,-0.352,-1.205,True
HC_05,healthy,43.46,0.22716,0.2325,0.92086,-0.973,-0.14,0.921,True
HC_05,healthy,43.47,0.21932,0.21641,0.93036,-0.528,-1.006,1.752,True
HC_05,healthy,43.480000000000004,0.20396,0.23809,0.91292,-0.061,1.377,1.517,True
HC_05,healthy,43.49,0.16174,0.2269,0.91569,0.712,-0.12,0.253,True
HC_05,healthy,43.5,0.16684,0.2015,0.9099,1.117,0.481,-0.344,True
HC_05,healthy,43.51,0.15952,0.20926,0.92616,-0.196,-0.366,-2.261,True
HC_05,healthy,43.52,0.18066,0.22825,0.91469,1.67,-1.548,-0.885,True
HC_05,healthy,43.53,0.16167,0.22414,0.95567,-0.143,0.433,-0.271,True
HC_05,healthy,43.54,0.20111,0.2301,0.91303,-0.408,0.243,-0.305,True
HC_05,healthy,43.550000000000004,0.18803,0.24093,0.95646,-1.1,0.8,0.711,True
HC_05,healthy,43.56,0.18763,0.22586,0.92167,0.594,0.587,0.68,True
HC_05,healthy,43.57,0.22207,0.20519,0.97193,-1.33,-0.351,1.856,True
HC_05,healthy,43.58,0.17626,0.22148,0.94637,-0.417,-2.464,1.743,True
HC_05,healthy,43.59,0.20774,0.21749,0.93189,0.876,-0.117,0.348,True
HC_05,healthy,43.6,0.18216,0.22426,0.95372,-0.002,-0.272,-0.122,True
HC_05,healthy,43.61,0.14247,0.20702,0.96112,-1.76,-0.621,0.07,True
HC_05,healthy,43.62,0.1955,0.18972,0.92837,1.186,-0.478,-2.766,True
HC_05,healthy,43.63,0.21836,0.22603,0.93737,0.011,-0.906,-1.45,True
HC_05,healthy,43.64,0.17977,0.19295,0.92664,0.251,0.536,0.736,True
HC_05,healthy,43.65,0.19279,0.23836,0.92198,-0.114,-0.963,1.941,True
HC_05,healthy,43.660000000000004,0.21127,0.19595,0.91802,-0.794,-0.963,1.592,True
HC_05,healthy,43.67,0.21543,0.19959,0.93829,-0.103,-0.343,-0.15,True
HC_05,healthy,43.68,0.17865,0.20937,0.96011,-0.245,0.151,1.342,True
HC_05,healthy,43.69,0.18881,0.23132,0.93251,1.019,0.422,-0.893,True
HC_05,healthy,43.7,0.20649,0.1888,0.9192,-0.581,0.294,-1.322,True
HC_05,healthy,43.71,0.16916,0.21069,0.93538,0.029,-0.16,-1.625,True
HC_05,healthy,43.72,0.15049,0.19713,0.93404,-0.866,-1.263,-1.688,True
HC_05,healthy,43.730000000000004,0.1524,0.22676,0.94671,-0.438,-0.535,-2.907,True
HC_05,healthy,43.74,0.18698,0.24059,0.92421,-2.587,1.162,0.664,True
HC_05,healthy,43.75,0.18229,0.23638,0.95054,0.142,0.15,0.742,True
HC_05,healthy,43.76,0.19649,0.22691,0.92563,-0.355,-0.619,1.275,True
HC_05,healthy,43.77,0.19304,0.21731,0.93673,0.261,-0.233,1.463,True
HC_05,healthy,43.78,0.2057,0.20296,0.92016,0.503,-0.438,0.631,True
HC_05,healthy,43.79,0.20016,0.21187,0.92459,-1.133,-0.733,-0.773,True
HC_05,healthy,43.800000000000004,0.19602,0.20459,0.91985,0.127,0.617,-0.43,True
HC_05,healthy,43.81,0.16389,0.19929,0.94897,-0.374,0.466,-0.396,True
HC_05,healthy,43.82,0.16822,0.25155,0.95618,0.202,-1.803,-1.65,True
HC_05,healthy,43.83,0.18439,0.20064,0.94648,-0.672,-0.54,-0.857,True
HC_05,healthy,43.84,0.20019,0.21011,0.93875,-0.368,-1.0,0.222,True
HC_05,healthy,43.85,0.16734,0.24219,0.94407,-0.399,0.93,2.064,True
HC_05,healthy,43.86,0.18574,0.18602,0.92992,-1.517,0.174,1.109,True
HC_05,healthy,43.87,0.16897,0.19108,0.91733,-1.903,-0.218,1.079,True
HC_05,healthy,43.88,0.18471,0.20491,0.95933,0.127,0.354,2.126,True
HC_05,healthy,43.89,0.18025,0.19961,0.94392,-1.132,0.855,-1.767,True
HC_05,healthy,43.9,0.15903,0.21866,0.9432,-0.804,0.31,-2.076,True
HC_05,healthy,43.910000000000004,0.15525,0.21529,0.90567,0.953,-0.253,-1.539,True
HC_05,healthy,43.92,0.16906,0.23229,0.91667,-0.2,0.439,-1.024,True
HC_05,healthy,43.93,0.17841,0.22934,0.90456,-1.122,-0.925,-1.121,True
HC_05,healthy,43.94,0.19383,0.2075,0.94163,-0.33,0.105,-1.305,True
HC_05,healthy,43.95,0.20835,0.21486,0.93594,0.11,-0.642,1.856,True
HC_05,healthy,43.96,0.17943,0.21664,0.89167,2.036,0.022,2.049,True
HC_05,healthy,43.97,0.22086,0.20695,0.91923,0.249,-0.736,0.293,True
HC_05,healthy,43.980000000000004,0.16606,0.22603,0.91329,0.927,0.26,1.992,True
HC_05,healthy,43.99,0.20035,0.2026,0.93993,0.173,-1.484,-0.333,True
HC_05,healthy,44.0,0.18575,0.215,0.92206,-0.104,0.215,-1.646,True
HC_05,healthy,44.01,0.16708,0.23729,0.93163,-1.219,0.787,-1.578,True
HC_05,healthy,44.02,0.15059,0.22902,0.94739,-0.518,0.464,-1.312,True
HC_05,healthy,44.03,0.18143,0.20391,0.95981,0.479,0.486,-0.845,True
HC_05,healthy,44.04,0.19183,0.23344,0.95089,0.862,0.829,0.612,True
HC_05,healthy,44.050000000000004,0.20772,0.21321,0.90744,0.19,-0.543,-0.388,True
HC_05,healthy,44.06,0.213,0.21,0.89394,-0.904,0.489,1.88,True
HC_05,healthy,44.07,0.18837,0.17787,0.94382,-0.654,0.189,2.029,True
HC_05,healthy,44.08,0.17406,0.18952,0.92772,-0.507,1.267,0.908,True
HC_05,healthy,44.09,0.17327,0.16986,0.93316,1.008,-1.338,-2.647,True
HC_05,healthy,44.1,0.16002,0.2181,0.92766,-1.236,0.234,-0.903,True
HC_05,healthy,44.11,0.15645,0.24104,0.91286,-0.494,0.713,-0.456,True
HC_05,healthy,44.12,0.15383,0.23194,0.97606,-0.261,0.107,-2.562,True
HC_05,healthy,44.13,0.19624,0.20568,0.94676,-0.432,-0.105,0.722,True
HC_05,healthy,44.14,0.1721,0.24281,0.93085,0.221,0.881,1.538,True
HC_05,healthy,44.15,0.20393,0.19852,0.93943,-0.203,-1.229,3.051,True
HC_05,healthy,44.160000000000004,0.19448,0.23087,0.91966,1.134,-0.999,1.229,True
HC_05,healthy,44.17,0.20897,0.196,0.94898,-0.861,0.345,1.123,True
HC_05,healthy,44.18,0.19176,0.19583,0.93279,-0.664,-1.584,0.26,True
HC_05,healthy,44.19,0.14327,0.2071,0.9337,0.423,1.44,-2.223,True
HC_05,healthy,44.2,0.15324,0.24677,0.93355,-0.593,0.243,-1.912,True
HC_05,healthy,44.21,0.17289,0.2235,0.91163,-0.26,0.443,-1.165,True
HC_05,healthy,44.22,0.16233,0.2265,0.93601,0.263,-0.063,0.389,True
HC_05,healthy,44.230000000000004,0.18677,0.22536,0.91122,-0.09,-0.133,-0.761,True
HC_05,healthy,44.24,0.21546,0.22178,0.93211,0.589,0.737,-0.098,True
HC_05,healthy,44.25,0.18336,0.20316,0.93308,0.497,-0.45,1.452,True
HC_05,healthy,44.26,0.17548,0.20817,0.95547,-0.045,0.684,1.58,True
HC_05,healthy,44.27,0.20999,0.20568,0.92287,0.045,0.725,1.698,True
HC_05,healthy,44.28,0.17011,0.18661,0.93658,0.224,0.411,-0.141,True
HC_05,healthy,44.29,0.16915,0.20807,0.92392,-0.093,0.434,-2.005,True
HC_05,healthy,44.300000000000004,0.16541,0.21277,0.91581,-0.006,0.02,-2.648,True
HC_05,healthy,44.31,0.17103,0.22279,0.94759,-1.034,0.306,-0.482,True
HC_05,healthy,44.32,0.18149,0.2353,0.96272,0.653,0.758,0.788,True
HC_05,healthy,44.33,0.15748,0.2082,0.95366,-0.647,0.543,-0.28,True
HC_05,healthy,44.34,0.15982,0.20602,0.95149,-0.189,-0.475,1.22,True
HC_05,healthy,44.35,0.18128,0.19083,0.96653,0.51,0.077,2.318,True
HC_05,healthy,44.36,0.19123,0.19409,0.92324,-1.917,0.829,2.419,True
HC_05,healthy,44.37,0.16987,0.1941,0.94424,-1.027,-0.013,1.323,True
HC_05,healthy,44.38,0.14849,0.20013,0.95937,0.233,-0.661,0.753,True
HC_05,healthy,44.39,0.14521,0.20525,0.93649,0.531,-0.071,-0.946,True
HC_05,healthy,44.4,0.16723,0.23358,0.92713,-0.643,-0.455,-0.447,True
HC_05,healthy,44.410000000000004,0.15497,0.22539,0.94094,0.169,-0.455,-1.481,True
HC_05,healthy,44.42,0.14395,0.21728,0.9433,-0.304,-0.82,0.093,True
HC_05,healthy,44.43,0.17212,0.23773,0.9136,-0.801,0.857,1.862,True
HC_05,healthy,44.44,0.19047,0.19684,0.92611,0.989,0.742,0.546,True
HC_05,healthy,44.45,0.17729,0.1923,0.92135,-0.158,-0.123,2.323,True
HC_05,healthy,44.46,0.17969,0.20321,0.94011,-1.229,0.327,0.938,True
HC_05,healthy,44.47,0.16783,0.19447,0.95277,-0.61,1.331,0.149,True
HC_05,healthy,44.480000000000004,0.12283,0.15502,0.90581,-0.761,0.449,-1.772,True
HC_05,healthy,44.49,0.12694,0.20872,0.9304,-0.929,0.924,-1.161,True
HC_05,healthy,44.5,0.14433,0.20364,0.93478,-1.537,-0.189,0.317,True
HC_05,healthy,44.51,0.17174,0.21924,0.93938,0.052,-0.577,-0.41,True
HC_05,healthy,44.52,0.13228,0.22638,0.95812,-0.592,0.109,0.903,True
HC_05,healthy,44.53,0.15533,0.17763,0.91404,0.952,0.046,0.81,True
HC_05,healthy,44.54,0.18982,0.21335,0.95507,-0.844,0.654,1.134,True
HC_05,healthy,44.550000000000004,0.2043,0.1953,0.98381,-0.51,0.148,0.038,True
HC_05,healthy,44.56,0.17501,0.20959,0.91848,-0.101,-0.614,1.606,True
HC_05,healthy,44.57,0.17665,0.1903,0.957,-1.494,0.708,-1.352,True
HC_05,healthy,44.58,0.13986,0.19797,0.94115,-0.948,0.657,-1.577,True
HC_05,healthy,44.59,0.1436,0.21333,0.94415,0.188,0.27,0.332,True
HC_05,healthy,44.6,0.15634,0.19758,0.93626,0.664,0.307,-2.922,True
HC_05,healthy,44.61,0.15895,0.21623,0.95866,-0.265,-0.063,-1.063,True
HC_05,healthy,44.62,0.16706,0.21698,0.94725,-0.098,0.307,-0.136,True
HC_05,healthy,44.63,0.16645,0.2049,0.94614,-0.426,-0.718,2.004,True
HC_05,healthy,44.64,0.17398,0.19903,0.96062,-0.963,-0.933,3.283,True
HC_05,healthy,44.65,0.20847,0.18717,0.94599,-0.756,-0.567,1.663,True
HC_05,healthy,44.660000000000004,0.16018,0.17267,0.91602,-0.442,-1.971,-1.481,True
HC_05,healthy,44.67,0.14412,0.19917,0.92526,-0.072,0.133,0.265,True
HC_05,healthy,44.68,0.15908,0.18122,0.93245,0.865,-1.065,-1.164,True
HC_05,healthy,44.69,0.14938,0.18719,0.9419,-0.595,-0.542,-0.184,True
HC_05,healthy,44.7,0.1627,0.20476,0.92692,0.081,0.271,0.321,True
HC_05,healthy,44.71,0.17317,0.23436,0.94054,2.509,0.157,0.032,True
HC_05,healthy,44.72,0.17562,0.19021,0.95436,-0.704,-0.11,0.485,True
HC_05,healthy,44.730000000000004,0.16698,0.19437,0.93452,1.057,0.731,1.973,True
HC_05,healthy,44.74,0.17765,0.19912,0.90897,0.837,0.751,1.047,True
HC_05,healthy,44.75,0.15909,0.17803,0.94193,1.522,-0.184,0.983,True
HC_05,healthy,44.76,0.16532,0.18485,0.94315,-0.767,0.812,-0.29,True
HC_05,healthy,44.77,0.14052,0.20165,0.97291,0.742,0.535,-1.374,True
HC_05,healthy,44.78,0.15928,0.21189,0.95383,-0.072,-0.472,-1.982,True
HC_05,healthy,44.79,0.13617,0.19949,0.93587,-0.992,-0.93,-2.139,True
HC_05,healthy,44.800000000000004,0.15917,0.21947,0.96094,-0.699,1.16,-0.435,True
HC_05,healthy,44.81,0.18711,0.24064,0.94294,-0.602,-1.257,-1.192,True
HC_05,healthy,44.82,0.15495,0.20798,0.93946,-0.609,-0.643,0.007,True
HC_05,healthy,44.83,0.15534,0.21333,0.94966,0.835,-1.245,1.795,True
HC_05,healthy,44.84,0.15056,0.21861,0.95853,0.411,-0.152,1.493,True
HC_05,healthy,44.85,0.11629,0.17709,0.96925,-0.561,0.003,0.803,True
HC_05,healthy,44.86,0.17137,0.18936,0.94115,1.061,-1.496,0.759,True
HC_05,healthy,44.87,0.14362,0.19212,0.99005,0.461,-0.129,-0.364,True
HC_05,healthy,44.88,0.13992,0.20189,0.93037,0.737,0.635,-2.423,True
HC_05,healthy,44.89,0.15527,0.21436,0.94147,0.161,0.538,-0.463,True
HC_05,healthy,44.9,0.14793,0.19345,0.94359,-0.097,1.771,-1.298,True
HC_05,healthy,44.910000000000004,0.1835,0.21132,0.94562,-0.58,0.481,0.373,True
HC_05,healthy,44.92,0.15565,0.22725,0.92756,-0.633,0.111,1.439,True
HC_05,healthy,44.93,0.14545,0.20331,0.94931,1.978,-0.429,0.834,True
HC_05,healthy,44.94,0.19092,0.22374,0.93229,-0.346,0.184,0.608,True
HC_05,healthy,44.95,0.16891,0.17983,0.96392,-1.166,0.39,1.994,True
HC_05,healthy,44.96,0.15913,0.19991,0.95992,-0.105,0.308,0.062,True
HC_05,healthy,44.97,0.17008,0.17969,0.94808,0.305,1.829,-0.658,True
HC_05,healthy,44.980000000000004,0.13662,0.18561,0.97839,0.538,-0.139,-2.31,True
HC_05,healthy,44.99,0.13776,0.18665,0.96853,-0.29,-1.227,-1.563,True
