subject_id,label,timestamp,accel_x,accel_y,accel_z,gyro_x,gyro_y,gyro_z,is_synthetic
HC_04,healthy,0.0,0.14475,0.21787,0.98196,0.417,0.052,-0.599,True
HC_04,healthy,0.01,0.14686,0.2217,0.9526,-1.68,-0.502,0.679,True
HC_04,healthy,0.02,0.17697,0.19242,0.96787,0.246,-0.29,3.209,True
HC_04,healthy,0.03,0.17338,0.19122,0.96264,-0.707,0.153,1.399,True
HC_04,healthy,0.04,0.16117,0.22898,0.97176,1.1,-0.863,1.022,True
HC_04,healthy,0.05,0.16756,0.18911,0.94457,1.079,-1.718,-1.256,True
HC_04,healthy,0.06,0.1491,0.19619,0.92406,-0.258,-0.992,-0.95,True
HC_04,healthy,0.07,0.13381,0.20983,0.95014,0.479,-0.672,-1.299,True
HC_04,healthy,0.08,0.1542,0.19926,0.94452,-0.283,1.878,-2.678,True
HC_04,healthy,0.09,0.12595,0.20657,0.94563,1.558,-0.626,-1.829,True
HC_04,healthy,0.1,0.15534,0.22725,0.94561,1.026,-0.111,-0.474,True
HC_04,healthy,0.11,0.15777,0.20671,0.96215,1.118,0.806,0.022,True
HC_04,healthy,0.12,0.1572,0.2266,0.95874,1.141,-0.194,2.536,True
HC_04,healthy,0.13,0.15247,0.21531,0.95392,0.219,-0.324,1.686,True
HC_04,healthy,0.14,0.16181,0.18727,0.91514,0.74,-0.013,1.039,True
HC_04,healthy,0.15,0.17212,0.19965,0.94549,0.838,0.807,-0.367,True
HC_04,healthy,0.16,0.14212,0.20304,0.95631,-0.231,-0.138,0.087,True
HC_04,healthy,0.17,0.127,0.16525,0.97249,0.126,1.639,0.149,True
HC_04,healthy,0.18,0.11486,0.20583,0.91513,0.238,-0.36,-1.662,True
HC_04,healthy,0.19,0.16285,0.19156,0.93874,-0.406,0.472,-0.755,True
HC_04,healthy,0.2,0.16969,0.20764,0.94547,-1.145,0.486,-0.027,True
HC_04,healthy,0.21,0.18645,0.21458,0.93801,-0.259,-0.102,2.686,True
HC_04,healthy,0.22,0.16261,0.19018,0.97059,0.694,-0.186,1.629,True
HC_04,healthy,0.23,0.13825,0.18151,0.96216,-0.716,-1.164,-0.55,True
HC_04,healthy,0.24,0.12389,0.16898,0.9377,-0.188,1.119,0.083,True
HC_04,healthy,0.25,0.16443,0.19441,0.95689,0.375,-0.996,0.446,True
HC_04,healthy,0.26,0.16719,0.18472,0.93758,-1.187,1.201,-1.954,True
HC_04,healthy,0.27,0.12128,0.22487,0.94293,0.328,0.252,-1.867,True
HC_04,healthy,0.28,0.16166,0.1921,0.93796,-0.405,0.92,-0.125,True
HC_04,healthy,0.29,0.15725,0.21922,0.97891,0.589,-1.095,0.251,True
HC_04,healthy,0.3,0.16986,0.21558,0.93567,0.242,1.025,0.003,True
HC_04,healthy,0.31,0.19993,0.20995,0.96898,1.887,0.22,1.047,True
HC_04,healthy,0.32,0.18155,0.18217,0.95361,0.366,0.248,1.458,True
HC_04,healthy,0.33,0.16387,0.1922,0.95858,0.531,-0.583,-1.504,True
HC_04,healthy,0.34,0.16019,0.16624,0.95981,0.253,-0.378,0.546,True
HC_04,healthy,0.35000000000000003,0.14126,0.20876,0.93695,0.48,0.451,-0.796,True
HC_04,healthy,0.36,0.15684,0.19682,0.92565,1.068,0.391,-2.164,True
HC_04,healthy,0.37,0.15253,0.20188,0.94886,-1.674,-0.607,-2.118,True
HC_04,healthy,0.38,0.16293,0.24827,0.96492,0.645,-0.159,-1.524,True
HC_04,healthy,0.39,0.18271,0.19971,0.96484,-0.37,-0.664,2.11,True
HC_04,healthy,0.4,0.17258,0.19066,0.93294,0.764,-0.566,1.227,True
HC_04,healthy,0.41000000000000003,0.1885,0.20472,0.9366,0.512,-0.34,1.476,True
HC_04,healthy,0.42,0.18439,0.2165,0.94357,1.493,0.016,1.602,True
HC_04,healthy,0.43,0.17552,0.201,0.94379,0.184,0.431,0.128,True
HC_04,healthy,0.44,0.14689,0.19233,0.91081,-0.673,-0.153,-0.26,True
HC_04,healthy,0.45,0.17513,0.21607,0.92856,1.175,0.766,-2.491,True
HC_04,healthy,0.46,0.1298,0.21149,0.96601,-0.439,-1.349,-1.764,True
HC_04,healthy,0.47000000000000003,0.16365,0.22301,0.93138,0.091,-0.248,-1.415,True
HC_04,healthy,0.48,0.18762,0.23389,0.94428,0.222,0.209,-0.275,True
HC_04,healthy,0.49,0.17134,0.20445,0.9439,-1.942,-0.459,0.135,True
HC_04,healthy,0.5,0.19318,0.21817,0.93269,0.196,-0.846,2.246,True
HC_04,healthy,0.51,0.19955,0.21563,0.94749,0.051,0.382,0.95,True
HC_04,healthy,0.52,0.20381,0.18722,0.93873,-1.647,1.04,0.271,True
HC_04,healthy,0.53,0.16076,0.19368,0.96356,0.626,0.08,-1.227,True
HC_04,healthy,0.54,0.19098,0.19265,0.94991,0.936,-1.034,-1.262,True
HC_04,healthy,0.55,0.15043,0.21067,0.92171,-0.021,0.799,-1.417,True
HC_04,healthy,0.56,0.17023,0.20771,0.92248,-0.371,1.703,-0.892,True
HC_04,healthy,0.5700000000000001,0.16535,0.20386,0.93731,1.381,-0.124,-0.565,True
HC_04,healthy,0.58,0.15531,0.23653,0.91849,-0.357,-0.157,1.226,True
HC_04,healthy,0.59,0.15889,0.20702,0.92327,-1.615,-0.375,1.626,True
HC_04,healthy,0.6,0.20399,0.20406,0.92966,0.595,-0.462,3.139,True
HC_04,healthy,0.61,0.19191,0.18891,0.936,1.093,-0.009,1.199,True
HC_04,healthy,0.62,0.19353,0.19813,0.94155,0.02,-0.612,1.058,True
HC_04,healthy,0.63,0.1805,0.21467,0.9528,0.618,0.08,-0.139,True
HC_04,healthy,0.64,0.15127,0.21985,0.9268,0.415,-0.737,-2.344,True
HC_04,healthy,0.65,0.15132,0.23586,0.91614,-0.156,1.29,-2.507,True
HC_04,healthy,0.66,0.14325,0.22407,0.93659,-0.504,0.391,-1.27,True
HC_04,healthy,0.67,0.19068,0.22984,0.91689,1.365,-0.021,-0.871,True
HC_04,healthy,0.68,0.16498,0.22,0.93188,-0.161,0.856,0.375,True
HC_04,healthy,0.6900000000000001,0.22049,0.24723,0.9759,0.858,0.119,0.865,True
HC_04,healthy,0.7000000000000001,0.18627,0.20349,0.93252,0.321,-0.716,1.32,True
HC_04,healthy,0.71,0.15624,0.19998,0.94831,-0.889,-0.25,1.883,True
HC_04,healthy,0.72,0.18612,0.20426,0.93206,0.183,0.671,-1.492,True
HC_04,healthy,0.73,0.15682,0.20269,0.93885,-0.405,0.857,-1.646,True
HC_04,healthy,0.74,0.14146,0.19536,0.93658,-1.019,0.689,0.064,True
HC_04,healthy,0.75,0.17719,0.21092,0.93197,1.58,0.73,-1.442,True
HC_04,healthy,0.76,0.17396,0.2363,0.94759,-0.922,-0.88,-0.241,True
HC_04,healthy,0.77,0.1911,0.23468,0.95367,-0.794,0.766,0.25,True
HC_04,healthy,0.78,0.1706,0.21715,0.93441,-0.476,-1.154,-0.182,True
HC_04,healthy,0.79,0.1574,0.2133,0.92395,0.59,0.802,2.144,True
HC_04,healthy,0.8,0.19436,0.19321,0.94268,-0.162,-0.466,0.899,True
HC_04,healthy,0.81,0.17836,0.17141,0.93825,0.717,0.463,0.428,True
HC_04,healthy,0.8200000000000001,0.17793,0.19846,0.92387,0.374,0.94,-0.207,True
HC_04,healthy,0.8300000000000001,0.15312,0.20632,0.95159,-2.479,-0.109,-0.641,True
HC_04,healthy,0.84,0.17917,0.20887,0.95064,-0.249,0.977,-1.212,True
HC_04,healthy,0.85,0.18139,0.21614,0.92784,-0.483,0.748,-0.948,True
HC_04,healthy,0.86,0.15661,0.22315,0.93187,-0.663,0.266,-0.47,True
HC_04,healthy,0.87,0.17004,0.27077,0.94443,0.351,0.342,0.886,True
HC_04,healthy,0.88,0.19694,0.24085,0.91355,-0.82,-0.171,1.968,True
HC_04,healthy,0.89,0.19857,0.23612,0.95217,0.488,0.117,0.998,True
HC_04,healthy,0.9,0.17206,0.22146,0.93743,1.272,0.49,-0.606,True
HC_04,healthy,0.91,0.21358,0.19549,0.94018,1.047,-1.171,1.058,True
HC_04,healthy,0.92,0.1739,0.22212,0.92288,0.776,0.184,-0.705,True
HC_04,healthy,0.93,0.15127,0.20663,0.9094,-0.014,0.305,-0.934,True
HC_04,healthy,0.9400000000000001,0.15867,0.2038,0.93652,-0.876,-0.237,-2.08,True
HC_04,healthy,0.9500000000000001,0.16225,0.24511,0.93692,0.747,0.936,-0.739,True
HC_04,healthy,0.96,0.17349,0.23223,0.94216,-1.186,1.692,-0.136,True
HC_04,healthy,0.97,0.18046,0.18718,0.92807,-0.024,-0.001,1.567,True
HC_04,healthy,0.98,0.18505,0.22104,0.93902,-0.031,0.661,1.919,True
HC_04,healthy,0.99,0.19352,0.22837,0.93993,-0.459,-0.58,2.359,True
HC_04,healthy,1.0,0.20669,0.20612,0.9185,0.104,0.482,0.187,True
HC_04,healthy,1.01,0.1745,0.17876,0.92397,0.799,0.311,-0.096,True
HC_04,healthy,1.02,0.17673,0.19939,0.95182,-0.877,0.146,-1.154,True
HC_04,healthy,1.03,0.16539,0.20997,0.96614,-2.431,2.072,-1.13,True
HC_04,healthy,1.04,0.20774,0.24116,0.93069,0.422,0.096,-3.355,True
HC_04,healthy,1.05,0.15415,0.21365,0.93368,1.299,0.266,-0.135,True
HC_04,healthy,1.06,0.18226,0.23755,0.94272,2.097,-1.217,0.054,True
HC_04,healthy,1.07,0.20135,0.22268,0.92703,-0.391,-1.441,0.258,True
HC_04,healthy,1.08,0.18237,0.21185,0.95568,-0.419,-0.871,1.878,True
HC_04,healthy,1.09,0.2165,0.20084,0.95607,0.005,-0.357,2.345,True
HC_04,healthy,1.1,0.19027,0.20561,0.95779,-0.382,0.996,2.101,True
HC_04,healthy,1.11,0.20866,0.1927,0.93703,-0.131,-0.508,-1.817,True
HC_04,healthy,1.12,0.1487,0.21668,0.97077,-0.235,1.32,-2.009,True
HC_04,healthy,1.1300000000000001,0.16801,0.21424,0.92869,-0.587,-0.008,-0.806,True
HC_04,healthy,1.1400000000000001,0.17291,0.23276,0.95748,-0.449,-0.161,-1.944,True
HC_04,healthy,1.1500000000000001,0.17094,0.2317,0.909,-0.133,-0.807,0.343,True
HC_04,healthy,1.16,0.19943,0.24549,0.93034,0.738,-0.347,0.853,True
HC_04,healthy,1.17,0.18173,0.22608,0.94037,0.73,0.803,1.906,True
HC_04,healthy,1.18,0.20166,0.23317,0.91179,-0.351,-0.222,2.439,True
HC_04,healthy,1.19,0.18281,0.20356,0.93771,0.016,-0.352,1.604,True
HC_04,healthy,1.2,0.18114,0.22495,0.95148,-0.223,-0.819,-1.13,True
HC_04,healthy,1.21,0.17616,0.19414,0.90958,0.162,0.401,-3.234,True
HC_04,healthy,1.22,0.19011,0.22873,0.90521,-0.293,0.49,-0.171,True
HC_04,healthy,1.23,0.20579,0.23092,0.93623,0.472,-0.381,-2.626,True
HC_04,healthy,1.24,0.17881,0.24702,0.94542,-0.985,-0.502,-1.873,True
HC_04,healthy,1.25,0.19212,0.23927,0.9412,-0.819,-0.115,0.877,True
HC_04,healthy,1.26,0.20691,0.20052,0.93178,-0.171,0.059,0.906,True
HC_04,healthy,1.27,0.2175,0.22944,0.94902,0.821,0.896,1.791,True
HC_04,healthy,1.28,0.20895,0.20473,0.96065,-0.017,0.151,0.568,True
HC_04,healthy,1.29,0.16836,0.16628,0.94833,-0.56,-1.06,1.064,True
HC_04,healthy,1.3,0.21074,0.19546,0.92721,-0.025,0.957,0.5,True
HC_04,healthy,1.31,0.16676,0.20024,0.91937,-1.772,-1.44,-1.771,True
HC_04,healthy,1.32,0.18271,0.19188,0.94118,0.686,0.497,-1.111,True
HC_04,healthy,1.33,0.16863,0.2552,0.91172,0.1,0.201,1.099,True
HC_04,healthy,1.34,0.19856,0.21839,0.91557,0.592,-0.578,1.622,True
HC_04,healthy,1.35,0.19912,0.24223,0.96006,-1.323,0.246,0.4,True
HC_04,healthy,1.36,0.22006,0.23186,0.93395,-0.664,-0.515,0.459,True
HC_04,healthy,1.37,0.24009,0.21497,0.93135,1.12,-0.762,-1.113,True
HC_04,healthy,1.3800000000000001,0.21027,0.21212,0.93896,-0.43,0.456,2.893,True
HC_04,healthy,1.3900000000000001,0.19309,0.20452,0.90849,-0.138,0.694,-0.646,True
HC_04,healthy,1.4000000000000001,0.20722,0.20023,0.93882,-0.516,0.391,-0.395,True
HC_04,healthy,1.41,0.17127,0.25068,0.956,-0.697,-0.874,-0.474,True
HC_04,healthy,1.42,0.20904,0.22779,0.93673,-0.059,-0.128,-1.41,True
HC_04,healthy,1.43,0.15942,0.24312,0.93248,0.208,0.461,-1.237,True
HC_04,healthy,1.44,0.16399,0.23446,0.92244,-1.063,-0.449,1.357,True
HC_04,healthy,1.45,0.20407,0.22944,0.94074,0.496,0.662,-0.587,True
HC_04,healthy,1.46,0.22506,0.21222,0.93613,-0.776,0.12,0.547,True
HC_04,healthy,1.47,0.2166,0.23799,0.93847,-0.26,-0.462,1.944,True
HC_04,healthy,1.48,0.17988,0.19968,0.94185,0.986,0.486,-0.774,True
HC_04,healthy,1.49,0.17138,0.21843,0.93373,0.047,-0.766,-0.525,True
HC_04,healthy,1.5,0.17223,0.21041,0.9301,0.677,0.371,-2.105,True
HC_04,healthy,1.51,0.18396,0.23127,0.93739,1.083,0.094,-1.156,True
HC_04,healthy,1.52,0.20586,0.25846,0.93303,0.948,-0.515,-1.737,True
HC_04,healthy,1.53,0.19475,0.23563,0.94433,-0.362,1.908,-0.424,True
HC_04,healthy,1.54,0.21086,0.24048,0.92706,-1.026,-1.428,0.506,True
HC_04,healthy,1.55,0.18411,0.23236,0.95957,-1.363,-0.275,0.71,True
HC_04,healthy,1.56,0.18986,0.24827,0.9228,0.795,0.206,1.728,True
HC_04,healthy,1.57,0.21208,0.20154,0.93083,-0.598,0.94,1.045,True
HC_04,healthy,1.58,0.18676,0.20454,0.91151,-0.69,-0.498,1.16,True
HC_04,healthy,1.59,0.18751,0.18614,0.9437,-0.511,-0.432,-0.456,True
HC_04,healthy,1.6,0.18482,0.22763,0.90121,-0.285,-0.191,-2.295,True
HC_04,healthy,1.61,0.18394,0.25702,0.93252,0.387,0.305,-0.36,True
HC_04,healthy,1.62,0.16646,0.22721,0.9247,-1.069,1.376,0.816,True
HC_04,healthy,1.6300000000000001,0.20079,0.23431,0.94233,0.971,-0.83,0.937,True
HC_04,healthy,1.6400000000000001,0.20101,0.22547,0.92269,0.621,-0.139,-0.039,True
HC_04,healthy,1.6500000000000001,0.1986,0.22331,0.93827,-0.159,1.169,0.196,True
HC_04,healthy,1.6600000000000001,0.19175,0.21591,0.93758,-1.005,-0.319,1.481,True
HC_04,healthy,1.67,0.2073,0.20143,0.94161,-0.625,0.527,0.834,True
HC_04,healthy,1.68,0.20268,0.20976,0.93951,0.283,-0.768,-1.507,True
HC_04,healthy,1.69,0.17746,0.2297,0.93864,-0.815,0.49,-1.026,True
HC_04,healthy,1.7,0.19428,0.21949,0.93892,-0.169,0.043,-1.458,True
HC_04,healthy,1.71,0.1692,0.23586,0.94954,-0.307,-1.287,-2.039,True
HC_04,healthy,1.72,0.16415,0.25172,0.92397,0.275,0.062,-0.557,True
HC_04,healthy,1.73,0.2067,0.25597,0.92755,0.063,0.935,0.218,True
HC_04,healthy,1.74,0.21425,0.20741,0.90407,3.175,-0.787,0.99,True
HC_04,healthy,1.75,0.19505,0.23822,0.91863,-0.227,-0.838,0.806,True
HC_04,healthy,1.76,0.21164,0.19797,0.92097,-1.173,-0.689,1.935,True
HC_04,healthy,1.77,0.19059,0.20209,0.90969,1.168,-1.468,0.79,True
HC_04,healthy,1.78,0.1788,0.21539,0.93793,0.769,0.277,-0.547,True
HC_04,healthy,1.79,0.19226,0.21078,0.93871,0.042,-1.338,-2.469,True
HC_04,healthy,1.8,0.1926,0.2231,0.93293,0.551,-0.062,-1.538,True
HC_04,healthy,1.81,0.18717,0.25067,0.92781,-0.028,0.208,-0.823,True
HC_04,healthy,1.82,0.17839,0.25254,0.9246,0.954,0.247,0.196,True
HC_04,healthy,1.83,0.22631,0.23526,0.93444,0.471,0.001,-0.001,True
HC_04,healthy,1.84,0.20204,0.21605,0.92877,0.97,0.969,0.609,True
HC_04,healthy,1.85,0.21254,0.23395,0.92489,0.653,0.423,2.398,True
HC_04,healthy,1.86,0.20302,0.22419,0.93674,-1.31,1.047,2.242,True
HC_04,healthy,1.87,0.19915,0.21973,0.91562,-0.164,-0.113,0.269,True
HC_04,healthy,1.8800000000000001,0.17472,0.2222,0.94691,-0.272,-0.077,-1.812,True
HC_04,healthy,1.8900000000000001,0.14308,0.22042,0.93197,-0.717,-0.451,0.132,True
HC_04,healthy,1.9000000000000001,0.17493,0.23154,0.91121,-0.257,-0.533,-1.746,True
HC_04,healthy,1.9100000000000001,0.14304,0.24293,0.93431,-0.55,0.051,-1.212,True
HC_04,healthy,1.92,0.21654,0.26082,0.9099,1.07,-0.69,-0.732,True
HC_04,healthy,1.93,0.18681,0.22456,0.89426,-0.061,0.851,0.175,True
HC_04,healthy,1.94,0.2347,0.2414,0.92596,-0.429,0.697,1.125,True
HC_04,healthy,1.95,0.17894,0.22167,0.92446,0.031,-0.049,1.532,True
HC_04,healthy,1.96,0.20008,0.21404,0.94633,0.523,0.266,-0.637,True
HC_04,healthy,1.97,0.1987,0.19495,0.90615,-1.178,0.083,-0.311,True
HC_04,healthy,1.98,0.17856,0.19741,0.90415,0.969,-0.997,-0.715,True
HC_04,healthy,1.99,0.157,0.2196,0.9004,-0.502,1.118,-2.596,True
HC_04,healthy,2.0,0.18815,0.22749,0.92178,0.766,0.922,-1.357,True
HC_04,healthy,2.0100000000000002,0.18302,0.22788,0.933,0.19,-0.136,-0.643,True
HC_04,healthy,2.02,0.21169,0.24627,0.93737,-0.083,-0.683,0.878,True
HC_04,healthy,2.0300000000000002,0.2011,0.23406,0.92746,0.918,0.52,2.31,True
HC_04,healthy,2.04,0.22938,0.21075,0.93379,0.287,0.667,0.008,True
HC_04,healthy,2.05,0.21101,0.21642,0.93474,0.948,0.011,1.852,True
HC_04,healthy,2.06,0.17391,0.22271,0.92457,-0.97,-0.306,0.14,True
HC_04,healthy,2.07,0.19903,0.20611,0.93524,0.654,-0.016,0.291,True
HC_04,healthy,2.08,0.19363,0.21111,0.94193,-0.434,1.191,-1.414,True
HC_04,healthy,2.09,0.19465,0.23304,0.92024,-0.078,0.8,-0.101,True
HC_04,healthy,2.1,0.19676,0.2321,0.92004,-0.973,0.596,-1.614,True
HC_04,healthy,2.11,0.19899,0.25136,0.92333,0.513,0.431,1.779,True
HC_04,healthy,2.12,0.21041,0.22929,0.92651,-1.015,0.481,2.003,True
HC_04,healthy,2.13,0.22448,0.19712,0.92716,-0.806,-0.535,1.517,True
HC_04,healthy,2.14,0.21,0.22748,0.91802,-0.53,-0.213,1.065,True
HC_04,healthy,2.15,0.1943,0.25596,0.91582,0.261,0.206,0.917,True
HC_04,healthy,2.16,0.18915,0.21568,0.94277,0.274,-0.09,0.205,True
HC_04,healthy,2.17,0.17447,0.23002,0.92323,-0.798,1.132,-1.419,True
HC_04,healthy,2.18,0.20109,0.20488,0.94054,0.644,-0.553,-2.657,True
HC_04,healthy,2.19,0.20122,0.21811,0.93557,-0.303,0.602,-0.754,True
HC_04,healthy,2.2,0.20515,0.24312,0.93104,0.688,-0.043,-2.42,True
HC_04,healthy,2.21,0.21742,0.26609,0.9416,-0.441,2.475,0.609,True
HC_04,healthy,2.22,0.19622,0.21187,0.92317,-0.463,0.916,0.612,True
HC_04,healthy,2.23,0.23288,0.23462,0.94111,-1.007,1.341,1.429,True
HC_04,healthy,2.24,0.20816,0.22306,0.88062,0.601,1.077,1.852,True
HC_04,healthy,2.25,0.20996,0.23231,0.92812,-0.445,0.688,0.102,True
HC_04,healthy,2.2600000000000002,0.20174,0.22857,0.928,0.157,-0.137,-0.215,True
HC_04,healthy,2.27,0.18756,0.17278,0.90754,1.628,0.162,-1.73,True
HC_04,healthy,2.2800000000000002,0.17067,0.23397,0.94066,1.563,-1.384,-2.296,True
HC_04,healthy,2.29,0.21467,0.22257,0.94586,1.144,-0.784,-0.767,True
HC_04,healthy,2.3000000000000003,0.20849,0.25851,0.91672,0.744,0.944,-1.047,True
HC_04,healthy,2.31,0.1983,0.23947,0.91152,-0.414,-0.141,0.972,True
HC_04,healthy,2.32,0.22646,0.25964,0.92442,-0.588,0.829,2.433,True
HC_04,healthy,2.33,0.20195,0.22804,0.93014,-0.986,-1.062,2.809,True
HC_04,healthy,2.34,0.18992,0.21914,0.93582,0.708,0.009,0.742,True
HC_04,healthy,2.35,0.20386,0.22529,0.91779,0.475,0.22,0.377,True
HC_04,healthy,2.36,0.20165,0.23493,0.93277,-1.979,-0.54,-2.571,True
HC_04,healthy,2.37,0.18871,0.20059,0.92314,-0.319,-1.263,-0.991,True
HC_04,healthy,2.38,0.17933,0.20731,0.92457,-0.367,0.193,-1.391,True
HC_04,healthy,2.39,0.19136,0.24054,0.93891,1.257,0.126,0.17,True
HC_04,healthy,2.4,0.20073,0.23657,0.9073,-0.551,-0.368,-0.639,True
HC_04,healthy,2.41,0.19861,0.21502,0.92803,0.808,0.539,1.502,True
HC_04,healthy,2.42,0.22826,0.19464,0.92062,1.213,-0.279,0.954,True
HC_04,healthy,2.43,0.21959,0.23419,0.94365,0.351,-0.227,1.789,True
HC_04,healthy,2.44,0.2493,0.20409,0.93088,-0.841,0.013,-0.096,True
HC_04,healthy,2.45,0.20771,0.21074,0.92609,-0.403,-0.263,0.331,True
HC_04,healthy,2.46,0.20975,0.22574,0.91583,-0.866,-0.905,-1.374,True
HC_04,healthy,2.47,0.175,0.23538,0.91901,-1.437,-1.21,-2.326,True
HC_04,healthy,2.48,0.17921,0.26413,0.92524,-0.727,0.064,-2.357,True
HC_04,healthy,2.49,0.17447,0.25067,0.90465,0.86,1.232,-1.646,True
HC_04,healthy,2.5,0.18164,0.22565,0.93318,-0.102,0.579,1.553,True
HC_04,healthy,2.5100000000000002,0.20079,0.22804,0.93487,-0.026,0.262,0.944,True
HC_04,healthy,2.52,0.20915,0.22523,0.90316,0.138,-0.638,2.043,True
HC_04,healthy,2.5300000000000002,0.21588,0.24824,0.91066,1.135,-0.582,0.642,True
HC_04,healthy,2.54,0.22234,0.19605,0.9109,-0.762,1.097,0.152,True
HC_04,healthy,2.5500000000000003,0.22459,0.21019,0.9378,0.274,1.041,-0.258,True
HC_04,healthy,2.56,0.19452,0.22594,0.93841,-0.595,-0.441,0.089,True
HC_04,healthy,2.57,0.20865,0.23652,0.91138,0.001,-0.216,-2.326,True
HC_04,healthy,2.58,0.19171,0.2258,0.92508,0.549,-0.33,0.063,True
HC_04,healthy,2.59,0.21563,0.2476,0.92608,-0.141,0.141,0.357,True
HC_04,healthy,2.6,0.19812,0.21721,0.91159,0.024,-0.471,1.303,True
HC_04,healthy,2.61,0.21123,0.19986,0.90213,-1.508,-0.628,2.062,True
HC_04,healthy,2.62,0.20054,0.21334,0.8918,-0.545,-0.142,1.683,True
HC_04,healthy,2.63,0.21873,0.20206,0.9168,0.099,0.461,0.71,True
HC_04,healthy,2.64,0.21514,0.20367,0.917,-0.602,0.973,-0.236,True
HC_04,healthy,2.65,0.20126,0.23007,0.93568,-0.095,-0.18,-1.519,True
HC_04,healthy,2.66,0.18758,0.20628,0.93925,-0.309,0.433,-0.239,True
HC_04,healthy,2.67,0.19293,0.2389,0.92141,0.617,-0.033,-1.078,True
HC_04,healthy,2.68,0.18605,0.23657,0.91109,0.771,0.571,0.323,True
HC_04,healthy,2.69,0.20989,0.24716,0.9435,-0.7,0.97,0.064,True
HC_04,healthy,2.7,0.19866,0.23883,0.91608,0.407,0.409,2.371,True
HC_04,healthy,2.71,0.22496,0.20415,0.92685,-0.557,-0.109,2.295,True
HC_04,healthy,2.72,0.197,0.20722,0.93309,-0.149,-0.811,1.65,True
HC_04,healthy,2.73,0.21601,0.21983,0.9235,0.566,0.004,1.494,True
HC_04,healthy,2.74,0.20954,0.191,0.93872,-0.506,0.991,-0.117,True
HC_04,healthy,2.75,0.18458,0.19922,0.92865,0.19,-0.898,-2.542,True
HC_04,healthy,2.7600000000000002,0.1849,0.19956,0.90929,0.707,0.716,-0.697,True
HC_04,healthy,2.77,0.16823,0.2308,0.88934,-1.32,-1.306,-0.637,True
HC_04,healthy,2.7800000000000002,0.18803,0.25619,0.92443,0.339,0.744,0.719,True
HC_04,healthy,2.79,0.20945,0.22418,0.94911,0.658,0.562,-0.188,True
HC_04,healthy,2.8000000000000003,0.20325,0.24047,0.89587,1.774,0.169,1.079,True
HC_04,healthy,2.81,0.18504,0.25456,0.9244,-1.083,0.218,1.888,True
HC_04,healthy,2.82,0.21285,0.21522,0.91916,0.315,-0.745,1.386,True
HC_04,healthy,2.83,0.18542,0.21155,0.91862,0.979,-1.622,0.267,True
HC_04,healthy,2.84,0.17412,0.20078,0.9109,0.947,0.501,-1.151,True
HC_04,healthy,2.85,0.21095,0.22577,0.93413,-0.629,0.494,-2.523,True
HC_04,healthy,2.86,0.18005,0.22976,0.88446,0.408,0.04,-2.821,True
HC_04,healthy,2.87,0.19995,0.24561,0.92074,-0.721,0.217,-0.726,True
HC_04,healthy,2.88,0.19657,0.25142,0.8926,0.481,-0.851,-0.091,True
HC_04,healthy,2.89,0.19373,0.23566,0.93767,0.035,-0.339,1.094,True
HC_04,healthy,2.9,0.19959,0.23736,0.94177,0.368,-1.216,1.484,True
HC_04,healthy,2.91,0.21639,0.23035,0.90844,-0.207,-0.074,1.07,True
HC_04,healthy,2.92,0.21532,0.20864,0.93048,-0.111,-0.083,0.702,True
HC_04,healthy,2.93,0.19648,0.205,0.91864,0.969,0.248,-0.089,True
HC_04,healthy,2.94,0.17888,0.2176,0.91589,0.167,0.55,-0.264,True
HC_04,healthy,2.95,0.19482,0.22068,0.90222,1.494,0.783,-1.853,True
HC_04,healthy,2.96,0.2101,0.20109,0.9381,0.917,-0.14,-1.874,True
HC_04,healthy,2.97,0.19364,0.26244,0.94731,-0.384,-0.167,-0.519,True
HC_04,healthy,2.98,0.21543,0.2298,0.91055,0.613,0.528,0.798,True
HC_04,healthy,2.99,0.21752,0.23061,0.9176,0.064,-0.759,1.759,True
HC_04,healthy,3.0,0.20815,0.2263,0.9055,-0.622,0.32,0.941,True
HC_04,healthy,3.0100000000000002,0.2206,0.22468,0.93585,0.545,1.094,0.793,True
HC_04,healthy,3.02,0.22887,0.24209,0.92096,0.497,0.899,-0.927,True
HC_04,healthy,3.0300000000000002,0.21306,0.21924,0.93569,0.684,-0.208,-1.887,True
HC_04,healthy,3.04,0.17008,0.22544,0.95299,0.465,-1.757,-1.531,True
HC_04,healthy,3.0500000000000003,0.17334,0.228,0.94126,-0.045,-0.338,-2.129,True
HC_04,healthy,3.06,0.18794,0.22275,0.95291,1.065,2.306,0.284,True
HC_04,healthy,3.0700000000000003,0.18017,0.23744,0.95812,0.931,0.613,-0.261,True
HC_04,healthy,3.08,0.20757,0.25133,0.93746,-0.093,-0.014,1.655,True
HC_04,healthy,3.09,0.21756,0.21165,0.94254,1.226,1.057,0.922,True
HC_04,healthy,3.1,0.23392,0.23898,0.92236,-1.586,0.327,0.44,True
HC_04,healthy,3.11,0.1899,0.2149,0.93749,0.639,0.138,0.575,True
HC_04,healthy,3.12,0.19136,0.18973,0.93608,0.277,1.953,-1.229,True
HC_04,healthy,3.13,0.14959,0.22232,0.92788,-0.145,1.134,-0.907,True
HC_04,healthy,3.14,0.18277,0.21999,0.92655,0.424,-0.265,-1.2,True
HC_04,healthy,3.15,0.19023,0.24791,0.93835,-0.561,0.823,-1.723,True
HC_04,healthy,3.16,0.20175,0.24704,0.92242,-0.262,-0.09,-0.824,True
HC_04,healthy,3.17,0.19777,0.23202,0.941,0.278,1.163,0.78,True
HC_04,healthy,3.18,0.21777,0.22584,0.94487,0.221,-0.307,1.478,True
HC_04,healthy,3.19,0.22113,0.18836,0.91412,-0.974,0.736,1.263,True
HC_04,healthy,3.2,0.2275,0.17831,0.92857,-0.849,-0.706,0.919,True
HC_04,healthy,3.21,0.20133,0.18944,0.92542,-0.111,-0.5,0.738,True
HC_04,healthy,3.22,0.16829,0.22103,0.92616,0.412,0.438,-0.489,True
HC_04,healthy,3.23,0.19426,0.19857,0.9227,-0.365,0.257,-2.315,True
HC_04,healthy,3.24,0.17357,0.20486,0.95093,-1.261,0.264,-2.347,True
HC_04,healthy,3.25,0.21529,0.2257,0.94256,0.76,0.412,-0.791,True
HC_04,healthy,3.2600000000000002,0.16979,0.24222,0.92497,-0.296,-0.538,-0.541,True
HC_04,healthy,3.27,0.2006,0.22555,0.90325,0.212,-0.537,1.171,True
HC_04,healthy,3.2800000000000002,0.2287,0.24273,0.94275,0.449,0.601,1.063,True
HC_04,healthy,3.29,0.20731,0.22231,0.94695,0.268,1.426,1.176,True
HC_04,healthy,3.3000000000000003,0.21698,0.21092,0.91922,-0.85,-0.635,1.075,True
HC_04,healthy,3.31,0.18752,0.20671,0.92588,0.08,0.71,-1.093,True
HC_04,healthy,3.3200000000000003,0.20138,0.19625,0.93902,0.326,0.145,-1.99,True
HC_04,healthy,3.33,0.20544,0.25436,0.9326,-1.295,0.002,-0.957,True
HC_04,healthy,3.34,0.18707,0.26342,0.94585,-0.848,-0.208,-0.328,True
HC_04,healthy,3.35,0.20829,0.24912,0.92753,0.085,0.208,-0.607,True
HC_04,healthy,3.36,0.19422,0.23153,0.93532,0.804,-0.934,0.863,True
HC_04,healthy,3.37,0.22609,0.24649,0.93868,-1.029,1.171,1.622,True
HC_04,healthy,3.38,0.20722,0.20421,0.92032,-0.982,-0.71,2.44,True
HC_04,healthy,3.39,0.18974,0.21412,0.95443,-0.055,0.632,1.02,True
HC_04,healthy,3.4,0.21127,0.21775,0.93261,-0.088,-0.904,1.107,True
HC_04,healthy,3.41,0.19619,0.21292,0.93243,-0.711,0.473,-0.232,True
HC_04,healthy,3.42,0.16934,0.20537,0.9207,1.114,-0.118,-0.775,True
HC_04,healthy,3.43,0.18516,0.21345,0.94099,0.043,0.516,-2.116,True
HC_04,healthy,3.44,0.18549,0.21606,0.93404,-0.861,-0.698,-2.305,True
HC_04,healthy,3.45,0.21306,0.21843,0.92754,-0.579,-1.175,0.31,True
HC_04,healthy,3.46,0.20537,0.24539,0.94501,-0.143,-0.035,0.019,True
HC_04,healthy,3.47,0.19027,0.21885,0.92189,0.756,-0.26,0.996,True
HC_04,healthy,3.48,0.20783,0.20908,0.92503,-0.692,-0.601,0.777,True
HC_04,healthy,3.49,0.21375,0.22473,0.92773,0.998,0.443,0.944,True
HC_04,healthy,3.5,0.17342,0.22668,0.92415,-0.145,-0.195,0.687,True
HC_04,healthy,3.5100000000000002,0.17386,0.21772,0.92641,-0.408,0.607,-0.083,True
HC_04,healthy,3.52,0.16442,0.19439,0.931,0.232,0.535,-1.151,True
HC_04,healthy,3.5300000000000002,0.15542,0.20004,0.92308,0.969,0.324,0.497,True
HC_04,healthy,3.54,0.15164,0.20304,0.91673,-0.458,0.981,-0.498,True
HC_04,healthy,3.5500000000000003,0.1766,0.24796,0.91089,0.655,0.1,1.406,True
HC_04,healthy,3.56,0.2242,0.23342,0.92251,-0.908,1.58,1.541,True
HC_04,healthy,3.5700000000000003,0.16959,0.2084,0.9285,0.054,-1.137,1.528,True
HC_04,healthy,3.58,0.22042,0.22325,0.93793,-0.878,0.445,1.431,True
HC_04,healthy,3.59,0.18241,0.18337,0.92868,-0.045,-0.396,1.298,True
HC_04,healthy,3.6,0.1854,0.22469,0.90277,-0.712,0.216,-0.068,True
HC_04,healthy,3.61,0.19372,0.21011,0.93383,0.194,-0.786,-1.894,True
HC_04,healthy,3.62,0.15838,0.20738,0.93843,-0.092,0.651,-1.798,True
HC_04,healthy,3.63,0.18458,0.21915,0.91471,1.152,0.315,-1.075,True
HC_04,healthy,3.64,0.18298,0.23919,0.91446,-0.567,0.156,-0.013,True
HC_04,healthy,3.65,0.18169,0.20674,0.96054,0.207,-0.615,0.78,True
HC_04,healthy,3.66,0.1987,0.21435,0.9533,1.708,1.076,0.09,True
HC_04,healthy,3.67,0.21897,0.21743,0.9463,1.692,-0.496,1.112,True
HC_04,healthy,3.68,0.19142,0.19719,0.92833,-1.502,0.554,1.681,True
HC_04,healthy,3.69,0.22685,0.20304,0.93255,-0.294,0.552,-0.133,True
HC_04,healthy,3.7,0.17942,0.21067,0.95001,-0.856,0.655,-0.265,True
HC_04,healthy,3.71,0.14854,0.21303,0.93636,-1.409,-0.579,-2.224,True
HC_04,healthy,3.72,0.17225,0.24068,0.94661,0.07,-0.179,-1.345,True
HC_04,healthy,3.73,0.18962,0.23821,0.93933,0.571,-0.868,-1.714,True
HC_04,healthy,3.74,0.18031,0.22215,0.94385,0.225,0.375,-0.826,True
HC_04,healthy,3.75,0.21348,0.24862,0.91759,-1.737,0.241,1.224,True
HC_04,healthy,3.7600000000000002,0.18038,0.20184,0.94464,0.084,0.047,2.55,True
HC_04,healthy,3.77,0.17625,0.19352,0.93494,0.566,0.626,0.754,True
HC_04,healthy,3.7800000000000002,0.19802,0.20787,0.9274,-1.328,-0.448,1.52,True
HC_04,healthy,3.79,0.17441,0.18154,0.92038,-1.271,2.118,-0.375,True
HC_04,healthy,3.8000000000000003,0.18999,0.218,0.91287,0.537,-0.454,-1.771,True
HC_04,healthy,3.81,0.18743,0.23412,0.94042,0.452,1.306,-0.678,True
HC_04,healthy,3.8200000000000003,0.1869,0.22885,0.92415,1.668,0.418,-1.137,True
HC_04,healthy,3.83,0.17922,0.25176,0.9289,0.61,-1.022,-0.465,True
HC_04,healthy,3.84,0.19991,0.2436,0.94131,-1.43,-3.116,-0.059,True
HC_04,healthy,3.85,0.21053,0.22584,0.92662,0.393,0.527,0.825,True
HC_04,healthy,3.86,0.18999,0.1938,0.92657,-0.326,-0.378,1.616,True
HC_04,healthy,3.87,0.21098,0.2043,0.94204,0.004,-1.167,0.619,True
HC_04,healthy,3.88,0.1787,0.19963,0.91336,1.384,0.02,-0.606,True
HC_04,healthy,3.89,0.17315,0.21865,0.93345,-0.243,-0.834,-1.421,True
HC_04,healthy,3.9,0.16309,0.18171,0.92016,-0.355,-0.014,-1.768,True
HC_04,healthy,3.91,0.1821,0.22233,0.91724,1.2,-2.221,-2.212,True
HC_04,healthy,3.92,0.17659,0.21374,0.91839,-0.095,0.723,-1.311,True
HC_04,healthy,3.93,0.1981,0.23623,0.9336,0.857,0.868,-0.747,True
HC_04,healthy,3.94,0.15634,0.21485,0.93997,0.288,-0.728,0.705,True
HC_04,healthy,3.95,0.21786,0.23663,0.91904,-0.463,-1.184,2.25,True
HC_04,healthy,3.96,0.20205,0.20469,0.92191,-0.295,0.856,0.825,True
HC_04,healthy,3.97,0.17221,0.20375,0.92174,1.287,-0.16,1.699,True
HC_04,healthy,3.98,0.19168,0.20067,0.88895,-0.271,-2.137,0.741,True
HC_04,healthy,3.99,0.16757,0.18733,0.94319,-1.146,1.081,-0.144,True
HC_04,healthy,4.0,0.1686,0.23119,0.94357,-0.207,-1.014,-2.691,True
HC_04,healthy,4.01,0.15376,0.20212,0.91827,0.804,1.037,-0.949,True
HC_04,healthy,4.0200000000000005,0.17152,0.20024,0.94874,-1.834,1.44,-0.519,True
HC_04,healthy,4.03,0.18,0.2265,0.94504,-0.658,-0.618,0.405,True
HC_04,healthy,4.04,0.19895,0.2229,0.94604,0.388,0.158,1.553,True
HC_04,healthy,4.05,0.16933,0.23868,0.90201,-0.72,0.784,-0.058,True
HC_04,healthy,4.0600000000000005,0.17228,0.17909,0.9445,-1.054,-1.833,0.608,True
HC_04,healthy,4.07,0.15462,0.19561,0.94458,-0.191,-0.485,-0.131,True
HC_04,healthy,4.08,0.16227,0.18462,0.93664,0.614,0.002,-0.988,True
HC_04,healthy,4.09,0.19518,0.20725,0.93334,-0.074,1.512,-2.056,True
HC_04,healthy,4.1,0.18426,0.21764,0.95626,-0.836,0.813,-1.676,True
HC_04,healthy,4.11,0.17312,0.20063,0.93907,-0.257,-0.857,-1.459,True
HC_04,healthy,4.12,0.13496,0.22904,0.93089,0.782,-0.742,-0.553,True
HC_04,healthy,4.13,0.2006,0.21601,0.94652,0.392,-0.496,-0.832,True
HC_04,healthy,4.14,0.19353,0.21065,0.94279,0.637,-0.002,1.199,True
HC_04,healthy,4.15,0.17183,0.19922,0.9051,-0.262,-0.589,1.151,True
HC_04,healthy,4.16,0.18422,0.20137,0.96441,-0.95,0.009,0.141,True
HC_04,healthy,4.17,0.19478,0.20574,0.94721,-0.451,0.172,2.058,True
HC_04,healthy,4.18,0.15783,0.21283,0.91432,0.915,-0.09,-1.819,True
HC_04,healthy,4.19,0.14813,0.2187,0.93603,-0.158,0.181,-0.996,True
HC_04,healthy,4.2,0.15423,0.23396,0.92658,1.028,-1.044,-1.791,True
HC_04,healthy,4.21,0.15556,0.21595,0.94202,-0.437,0.788,0.12,True
HC_04,healthy,4.22,0.18372,0.21067,0.93449,0.151,2.327,-0.45,True
HC_04,healthy,4.23,0.18787,0.22481,0.92056,0.397,0.807,1.249,True
HC_04,healthy,4.24,0.19564,0.22267,0.96024,0.571,0.358,0.954,True
HC_04,healthy,4.25,0.20916,0.20981,0.9238,-0.713,-1.539,2.083,True
HC_04,healthy,4.26,0.17064,0.18512,0.94673,-0.985,0.115,0.671,True
HC_04,healthy,4.2700000000000005,0.15845,0.19736,0.94038,-1.47,-0.476,-1.483,True
HC_04,healthy,4.28,0.16965,0.19525,0.9679,-0.622,-1.743,-0.089,True
HC_04,healthy,4.29,0.15577,0.20542,0.93278,-0.319,-0.472,-0.188,True
HC_04,healthy,4.3,0.13461,0.22223,0.93317,-0.59,-1.101,-2.151,True
HC_04,healthy,4.3100000000000005,0.18331,0.23595,0.94851,-0.609,-0.09,-1.137,True
HC_04,healthy,4.32,0.15927,0.23275,0.9504,-0.652,0.089,0.799,True
HC_04,healthy,4.33,0.16671,0.21623,0.93362,-0.494,0.941,1.38,True
HC_04,healthy,4.34,0.19882,0.22754,0.94194,-0.264,1.127,1.35,True
HC_04,healthy,4.3500000000000005,0.17869,0.20072,0.97805,-0.079,0.524,0.767,True
HC_04,healthy,4.36,0.16498,0.18496,0.93854,0.178,0.52,0.366,True
HC_04,healthy,4.37,0.15546,0.19165,0.94811,0.36,0.37,-1.793,True
HC_04,healthy,4.38,0.14053,0.18184,0.92713,0.264,-0.483,-1.389,True
HC_04,healthy,4.39,0.1412,0.23407,0.96379,0.12,0.192,-1.359,True
HC_04,healthy,4.4,0.16525,0.2243,0.94506,0.645,-0.046,-0.146,True
HC_04,healthy,4.41,0.20368,0.24345,0.95887,-1.698,-1.346,0.479,True
HC_04,healthy,4.42,0.14209,0.18123,0.94081,-0.22,1.357,2.622,True
HC_04,healthy,4.43,0.1841,0.21934,0.96181,0.275,1.017,2.335,True
HC_04,healthy,4.44,0.19585,0.2054,0.93291,0.212,-1.377,3.769,True
HC_04,healthy,4.45,0.15617,0.21749,0.96255,1.314,0.616,1.704,True
HC_04,healthy,4.46,0.18034,0.2208,0.96066,-1.488,0.43,-1.126,True
HC_04,healthy,4.47,0.16182,0.19375,0.96675,-0.396,-0.272,-0.865,True
HC_04,healthy,4.48,0.15434,0.19723,0.92815,-0.936,0.989,-1.812,True
HC_04,healthy,4.49,0.16036,0.22762,0.95562,-0.437,1.236,-0.909,True
HC_04,healthy,4.5,0.16021,0.2135,0.93624,0.692,-0.293,-0.087,True
HC_04,healthy,4.51,0.18725,0.2327,0.96331,1.086,-1.357,-0.869,True
HC_04,healthy,4.5200000000000005,0.15579,0.22244,0.93113,0.174,-0.668,2.315,True
HC_04,healthy,4.53,0.18142,0.22237,0.95976,0.902,-0.147,2.384,True
HC_04,healthy,4.54,0.17572,0.19281,0.931,-1.294,1.116,1.046,True
HC_04,healthy,4.55,0.15133,0.18472,0.94394,0.122,-0.227,1.62,True
HC_04,healthy,4.5600000000000005,0.16447,0.19878,0.96312,1.351,0.415,-1.5,True
HC_04,healthy,4.57,0.15958,0.20182,0.9397,0.61,-0.78,-1.0,True
HC_04,healthy,4.58,0.15336,0.18929,0.97639,-0.784,0.282,-1.316,True
HC_04,healthy,4.59,0.12855,0.23334,0.92351,-0.53,0.006,-2.391,True
HC_04,healthy,4.6000000000000005,0.15423,0.19903,0.9397,-1.275,0.133,-0.82,True
HC_04,healthy,4.61,0.14767,0.18894,0.93806,-0.539,0.573,0.844,True
HC_04,healthy,4.62,0.17378,0.21098,0.94128,-0.173,-0.224,1.124,True
HC_04,healthy,4.63,0.18597,0.18715,0.92346,-0.507,1.017,1.596,True
HC_04,healthy,4.64,0.17189,0.20395,0.93041,1.75,-1.781,1.289,True
HC_04,healthy,4.65,0.14574,0.19943,0.93567,-1.448,-0.179,0.083,True
HC_04,healthy,4.66,0.16632,0.19111,0.93365,-0.69,-1.18,-1.333,True
HC_04,healthy,4.67,0.16307,0.18494,0.94006,2.805,-0.145,-0.807,True
HC_04,healthy,4.68,0.13497,0.18538,0.93849,-0.108,0.134,-0.899,True
HC_04,healthy,4.69,0.14316,0.20977,0.92875,-0.428,-1.141,-3.003,True
HC_04,healthy,4.7,0.16672,0.21649,0.93251,-0.092,-1.098,1.092,True
HC_04,healthy,4.71,0.19191,0.20359,0.94018,-0.319,0.301,1.523,True
HC_04,healthy,4.72,0.1842,0.21383,0.94397,0.439,2.623,1.514,True
HC_04,healthy,4.73,0.17082,0.1832,0.96399,0.326,0.007,1.484,True
HC_04,healthy,4.74,0.17439,0.19534,0.92121,0.176,0.093,0.532,True
HC_04,healthy,4.75,0.15097,0.2077,0.93875,0.079,0.332,0.339,True
HC_04,healthy,4.76,0.15141,0.17633,0.94427,-0.897,-1.458,-0.899,True
HC_04,healthy,4.7700000000000005,0.13226,0.20309,0.94471,-0.232,-0.442,-0.708,True
HC_04,healthy,4.78,0.13874,0.19494,0.95711,-0.811,-1.213,-1.198,True
HC_04,healthy,4.79,0.1662,0.20477,0.9434,0.974,-0.737,-0.828,True
HC_04,healthy,4.8,0.16319,0.19264,0.92573,0.282,0.385,-0.137,True
HC_04,healthy,4.8100000000000005,0.15648,0.17836,0.95222,0.63,0.203,0.611,True
HC_04,healthy,4.82,0.12921,0.23318,0.91854,-0.248,0.141,1.651,True
HC_04,healthy,4.83,0.15849,0.19988,0.93914,0.007,-0.392,0.633,True
HC_04,healthy,4.84,0.1353,0.17003,0.92793,-0.62,-0.354,1.222,True
HC_04,healthy,4.8500000000000005,0.16593,0.18856,0.94458,-1.272,-0.212,-0.425,True
HC_04,healthy,4.86,0.16354,0.20345,0.94881,-0.405,0.194,-0.698,True
HC_04,healthy,4.87,0.13162,0.19762,0.96115,1.673,0.78,-1.194,True
HC_04,healthy,4.88,0.15905,0.20735,0.94747,1.277,0.015,-1.804,True
HC_04,healthy,4.89,0.16349,0.23261,0.95062,0.53,0.304,-0.454,True
HC_04,healthy,4.9,0.14852,0.20846,0.9431,-0.037,0.071,1.349,True
HC_04,healthy,4.91,0.17654,0.20656,0.94973,-2.036,-1.149,1.536,True
HC_04,healthy,4.92,0.18273,0.18383,0.95574,0.735,-1.009,1.526,True
HC_04,healthy,4.93,0.16916,0.19825,0.94612,-0.757,1.003,1.697,True
HC_04,healthy,4.94,0.13529,0.17424,0.93721,-0.012,-0.083,-0.853,True
HC_04,healthy,4.95,0.14714,0.2002,0.94792,0.23,-0.823,-0.681,True
HC_04,healthy,4.96,0.14691,0.19995,0.93858,1.116,-0.668,-1.521,True
HC_04,healthy,4.97,0.15029,0.20345,0.95547,-0.382,-0.207,-0.53,True
HC_04,healthy,4.98,0.13924,0.20149,0.97638,0.883,-1.057,-2.336,True
HC_04,healthy,4.99,0.15152,0.23169,0.94665,-1.091,0.746,1.074,True
HC_04,healthy,5.0,0.19269,0.19385,0.94569,-0.692,0.799,0.307,True
HC_04,healthy,5.01,0.16343,0.19656,0.95481,0.121,-0.07,1.387,True
HC_04,healthy,5.0200000000000005,0.14032,0.18891,0.9475,-1.208,-0.879,1.917,True
HC_04,healthy,5.03,0.16622,0.18663,0.95666,-0.402,-0.112,0.785,True
HC_04,healthy,5.04,0.14571,0.17256,0.92988,0.481,0.392,-1.126,True
HC_04,healthy,5.05,0.12072,0.18127,0.94194,0.093,-0.737,-1.411,True
HC_04,healthy,5.0600000000000005,0.15268,0.2421,0.94754,0.004,1.4,-1.614,True
HC_04,healthy,5.07,0.15138,0.21751,0.95811,-0.797,0.362,-2.121,True
HC_04,healthy,5.08,0.13833,0.19527,0.96953,-0.847,0.248,-0.658,True
HC_04,healthy,5.09,0.18691,0.22196,0.95867,0.53,-1.524,1.558,True
HC_04,healthy,5.1000000000000005,0.15067,0.21117,0.94837,-0.271,-0.435,1.679,True
HC_04,healthy,5.11,0.13726,0.20056,0.95235,-0.469,0.621,1.078,True
HC_04,healthy,5.12,0.16502,0.1859,0.96078,-0.338,0.687,-0.752,True
HC_04,healthy,5.13,0.11686,0.19061,0.93169,-0.04,1.75,1.575,True
HC_04,healthy,5.14,0.13788,0.17918,0.95191,-0.858,1.623,0.579,True
HC_04,healthy,5.15,0.13703,0.18751,0.95159,-0.917,-0.58,-1.364,True
HC_04,healthy,5.16,0.13381,0.19389,0.93511,-0.348,1.345,-2.222,True
HC_04,healthy,5.17,0.14013,0.20139,0.94493,-0.022,-0.628,-0.721,True
HC_04,healthy,5.18,0.1613,0.20346,0.96258,-0.24,0.203,0.367,True
HC_04,healthy,5.19,0.12722,0.20222,0.94943,0.461,0.286,1.494,True
HC_04,healthy,5.2,0.16412,0.19437,0.94975,-0.658,-0.061,1.966,True
HC_04,healthy,5.21,0.1904,0.18335,0.97174,-0.936,0.674,1.407,True
HC_04,healthy,5.22,0.12105,0.16994,0.95005,-1.558,1.174,0.189,True
HC_04,healthy,5.23,0.15826,0.1723,0.93026,-0.496,0.621,-1.413,True
HC_04,healthy,5.24,0.11942,0.20529,0.94868,-1.528,-0.275,0.554,True
HC_04,healthy,5.25,0.13132,0.20917,0.92748,0.093,0.729,-1.512,True
HC_04,healthy,5.26,0.11708,0.20052,0.95025,-0.689,-0.092,-3.013,True
HC_04,healthy,5.2700000000000005,0.13797,0.21148,0.97856,-0.22,-0.025,0.623,True
HC_04,healthy,5.28,0.14257,0.20097,0.97382,0.114,-0.27,0.691,True
HC_04,healthy,5.29,0.15726,0.18726,0.92543,0.603,0.274,1.473,True
HC_04,healthy,5.3,0.14838,0.20203,0.9886,-0.578,-0.211,1.555,True
HC_04,healthy,5.3100000000000005,0.14377,0.18855,0.97674,0.042,1.899,2.021,True
HC_04,healthy,5.32,0.12126,0.20951,0.95918,0.891,0.162,0.284,True
HC_04,healthy,5.33,0.13701,0.20833,0.9455,-0.897,-0.391,1.982,True
HC_04,healthy,5.34,0.09888,0.18496,0.95383,-0.733,1.358,-2.368,True
HC_04,healthy,5.3500000000000005,0.16068,0.18325,0.9518,-0.508,-0.048,-2.085,True
HC_04,healthy,5.36,0.10725,0.19909,0.94807,1.15,-0.455,-1.421,True
HC_04,healthy,5.37,0.14955,0.20195,0.94847,0.203,-0.492,0.63,True
HC_04,healthy,5.38,0.14596,0.19186,0.96177,-0.481,0.991,2.522,True
HC_04,healthy,5.39,0.15918,0.20522,0.95929,-0.662,1.787,1.983,True
HC_04,healthy,5.4,0.15482,0.1813,0.9583,0.698,-0.557,1.377,True
HC_04,healthy,5.41,0.13506,0.18433,0.96655,0.445,1.006,1.415,True
HC_04,healthy,5.42,0.13048,0.19306,0.97392,-0.164,0.101,0.744,True
HC_04,healthy,5.43,0.13354,0.18344,0.9744,-0.069,0.096,-1.697,True
HC_04,healthy,5.44,0.13557,0.20198,0.95171,0.66,1.249,-1.852,True
HC_04,healthy,5.45,0.09295,0.22141,0.95728,1.236,0.418,-2.211,True
HC_04,healthy,5.46,0.16582,0.17704,0.97356,0.296,-0.209,-0.223,True
HC_04,healthy,5.47,0.13071,0.21332,0.91565,0.47,0.219,-0.37,True
HC_04,healthy,5.48,0.1512,0.19724,0.97755,0.893,0.809,1.258,True
HC_04,healthy,5.49,0.14091,0.2009,0.95834,0.153,0.814,1.501,True
HC_04,healthy,5.5,0.17075,0.18847,0.98632,-0.882,1.72,1.185,True
HC_04,healthy,5.51,0.11513,0.16507,0.96422,1.441,-0.822,0.618,True
HC_04,healthy,5.5200000000000005,0.1134,0.17491,0.94808,0.338,-1.262,-0.599,True
HC_04,healthy,5.53,0.15074,0.19259,0.95012,-0.585,-1.374,-1.167,True
HC_04,healthy,5.54,0.12655,0.18588,0.96206,0.039,0.188,-2.253,True
HC_04,healthy,5.55,0.09312,0.20855,0.97517,0.257,0.118,-1.557,True
HC_04,healthy,5.5600000000000005,0.13848,0.20001,0.94382,-0.103,0.319,0.321,True
HC_04,healthy,5.57,0.14931,0.19608,0.9472,0.689,-1.376,1.109,True
HC_04,healthy,5.58,0.15763,0.19803,0.96067,-0.845,0.117,1.262,True
HC_04,healthy,5.59,0.14521,0.18375,0.93581,-0.313,0.858,-0.318,True
HC_04,healthy,5.6000000000000005,0.16497,0.19627,0.97907,0.76,-0.537,2.087,True
HC_04,healthy,5.61,0.14204,0.17239,1.00239,-1.512,-0.669,-0.801,True
HC_04,healthy,5.62,0.12658,0.17753,0.97868,0.474,0.925,-1.14,True
HC_04,healthy,5.63,0.13251,0.2052,0.93374,-0.075,0.089,-2.099,True
HC_04,healthy,5.64,0.09623,0.19762,0.95474,-1.857,1.171,-1.829,True
HC_04,healthy,5.65,0.12826,0.2039,0.95828,-0.158,0.567,-0.988,True
HC_04,healthy,5.66,0.08612,0.21699,0.95516,-0.376,0.474,0.435,True
HC_04,healthy,5.67,0.12991,0.2007,0.96274,0.064,0.11,1.469,True
HC_04,healthy,5.68,0.14945,0.20366,0.97458,1.03,0.353,0.683,True
HC_04,healthy,5.69,0.14354,0.18367,0.95705,1.019,-0.033,2.335,True
HC_04,healthy,5.7,0.14283,0.20149,0.97404,-1.109,-1.3,1.989,True
HC_04,healthy,5.71,0.15818,0.16268,0.95356,-0.319,0.53,0.33,True
HC_04,healthy,5.72,0.11536,0.18201,0.9739,-0.127,1.3,-1.861,True
HC_04,healthy,5.73,0.12535,0.20594,0.95988,1.434,1.539,-0.219,True
HC_04,healthy,5.74,0.10796,0.18727,0.93655,-1.101,0.818,-1.504,True
HC_04,healthy,5.75,0.10916,0.20234,0.96605,0.135,-1.934,-0.067,True
HC_04,healthy,5.76,0.14798,0.18107,0.94289,-0.636,-0.55,-0.834,True
HC_04,healthy,5.7700000000000005,0.15359,0.19174,0.94329,0.721,-1.134,1.12,True
HC_04,healthy,5.78,0.13988,0.18557,0.94416,0.029,-0.686,0.138,True
HC_04,healthy,5.79,0.15,0.17377,0.97918,-1.325,-0.492,0.097,True
HC_04,healthy,5.8,0.12484,0.16882,0.95537,-0.77,0.951,-0.82,True
HC_04,healthy,5.8100000000000005,0.10631,0.19702,0.95335,-0.484,-0.024,-1.208,True
HC_04,healthy,5.82,0.09832,0.19899,0.95717,-0.297,-0.719,-1.058,True
HC_04,healthy,5.83,0.12008,0.17329,0.97218,-0.097,1.818,-1.441,True
HC_04,healthy,5.84,0.12766,0.19404,0.95446,-1.06,-0.3,-1.036,True
HC_04,healthy,5.8500000000000005,0.13504,0.20265,0.97424,0.483,1.16,0.085,True
HC_04,healthy,5.86,0.08387,0.2249,0.96247,0.757,-0.058,-0.072,True
HC_04,healthy,5.87,0.12165,0.20269,0.97792,0.353,0.01,2.58,True
HC_04,healthy,5.88,0.12978,0.19698,0.97016,-1.563,0.721,2.295,True
HC_04,healthy,5.89,0.14242,0.17794,0.92988,-0.98,-0.414,1.636,True
HC_04,healthy,5.9,0.14726,0.18244,0.99615,-1.372,0.575,0.656,True
HC_04,healthy,5.91,0.09207,0.18605,0.96416,0.212,-0.018,-2.932,True
HC_04,healthy,5.92,0.12808,0.20434,0.95188,-0.177,-0.504,-2.122,True
HC_04,healthy,5.93,0.1073,0.19938,0.9741,0.867,0.561,-0.809,True
HC_04,healthy,5.94,0.10733,0.20489,0.9847,0.181,-1.185,-0.218,True
HC_04,healthy,5.95,0.10938,0.18765,0.97741,-0.307,0.093,1.114,True
HC_04,healthy,5.96,0.12314,0.18424,0.97917,0.22,-0.956,0.004,True
HC_04,healthy,5.97,0.10562,0.1752,0.97585,-1.214,-1.056,0.526,True
HC_04,healthy,5.98,0.11256,0.16081,0.94224,0.401,0.393,1.659,True
HC_04,healthy,5.99,0.11551,0.1756,0.93879,-1.001,0.072,-0.142,True
HC_04,healthy,6.0,0.10451,0.17024,0.94729,-0.375,0.786,-1.449,True
HC_04,healthy,6.01,0.12985,0.18223,0.98008,0.225,0.196,-1.581,True
HC_04,healthy,6.0200000000000005,0.10191,0.21168,0.9668,-0.754,0.265,-1.559,True
HC_04,healthy,6.03,0.1227,0.16144,0.99252,-0.297,0.595,-0.013,True
HC_04,healthy,6.04,0.12663,0.21128,0.96989,1.07,0.088,-0.554,True
HC_04,healthy,6.05,0.13325,0.21016,0.97641,-0.13,-0.242,0.925,True
HC_04,healthy,6.0600000000000005,0.11912,0.19629,0.99471,0.725,0.309,1.415,True
HC_04,healthy,6.07,0.13465,0.17519,0.97781,-0.08,-0.122,1.567,True
HC_04,healthy,6.08,0.13733,0.17969,0.94966,1.153,-1.021,-0.338,True
HC_04,healthy,6.09,0.09521,0.17749,0.98047,-0.778,-0.443,-0.588,True
HC_04,healthy,6.1000000000000005,0.10477,0.18416,0.96211,0.313,0.476,-0.327,True
HC_04,healthy,6.11,0.09417,0.17628,0.98721,0.058,0.077,-1.754,True
HC_04,healthy,6.12,0.13409,0.17005,0.9694,0.44,0.608,-1.655,True
HC_04,healthy,6.13,0.09466,0.20674,0.95072,1.261,-0.886,-0.724,True
HC_04,healthy,6.140000000000001,0.08272,0.18253,0.94177,-1.089,-0.977,-0.482,True
HC_04,healthy,6.15,0.12435,0.18242,0.97544,0.432,-0.93,1.221,True
HC_04,healthy,6.16,0.1288,0.19426,0.95942,-1.956,1.212,1.915,True
HC_04,healthy,6.17,0.13032,0.18248,0.94809,-0.561,-2.111,1.642,True
HC_04,healthy,6.18,0.11179,0.16352,0.97573,0.098,0.547,1.323,True
HC_04,healthy,6.19,0.09979,0.14357,0.96802,-0.892,-0.12,-0.99,True
HC_04,healthy,6.2,0.10747,0.14996,0.95671,0.201,0.524,-0.508,True
HC_04,healthy,6.21,0.1074,0.15875,0.96804,0.996,-1.47,-1.677,True
HC_04,healthy,6.22,0.09224,0.18837,0.97846,-0.064,1.464,-2.001,True
HC_04,healthy,6.23,0.10213,0.18499,0.96615,0.47,0.444,-0.753,True
HC_04,healthy,6.24,0.12553,0.21402,0.97764,-0.468,-0.018,0.361,True
HC_04,healthy,6.25,0.1031,0.19687,0.967,0.176,0.005,1.84,True
HC_04,healthy,6.26,0.13854,0.20222,0.95905,-0.415,1.078,0.054,True
HC_04,healthy,6.2700000000000005,0.14473,0.17277,0.93632,0.999,0.955,0.33,True
HC_04,healthy,6.28,0.10137,0.1614,0.95686,-0.333,-0.359,-0.521,True
HC_04,healthy,6.29,0.10733,0.17567,0.95667,0.141,-0.376,-1.88,True
HC_04,healthy,6.3,0.09063,0.16864,0.9912,-0.255,0.398,-1.677,True
HC_04,healthy,6.3100000000000005,0.08323,0.20739,0.95985,-0.106,2.274,-2.115,True
HC_04,healthy,6.32,0.08934,0.18837,0.9509,0.829,0.144,-0.92,True
HC_04,healthy,6.33,0.11574,0.1772,0.96379,-0.885,0.185,-0.549,True
HC_04,healthy,6.34,0.1102,0.18149,0.97232,-0.445,1.211,1.311,True
HC_04,healthy,6.3500000000000005,0.11442,0.1913,0.95775,-0.211,-0.379,1.964,True
HC_04,healthy,6.36,0.1366,0.15189,0.96745,0.748,-0.259,-0.07,True
HC_04,healthy,6.37,0.13174,0.17836,0.98014,-0.38,-0.703,2.303,True
HC_04,healthy,6.38,0.10892,0.1694,0.93288,0.293,-0.154,-0.58,True
HC_04,healthy,6.390000000000001,0.08805,0.1867,0.96227,-0.198,0.27,-0.458,True
HC_04,healthy,6.4,0.11202,0.19501,0.9604,0.993,0.279,-1.04,True
HC_04,healthy,6.41,0.07904,0.1842,0.99507,0.368,-0.916,-1.986,True
HC_04,healthy,6.42,0.10605,0.18303,0.94517,1.088,-1.604,0.19,True
HC_04,healthy,6.43,0.1364,0.19428,0.99374,-0.617,-0.475,1.029,True
HC_04,healthy,6.44,0.11049,0.1616,0.99941,0.69,1.375,1.115,True
HC_04,healthy,6.45,0.10749,0.1637,0.96456,-0.508,-0.53,2.354,True
HC_04,healthy,6.46,0.11874,0.13478,0.96887,-0.397,1.343,1.407,True
HC_04,healthy,6.47,0.11206,0.14423,0.97267,-0.108,0.233,0.801,True
HC_04,healthy,6.48,0.10381,0.18057,0.94976,1.126,0.174,-1.467,True
HC_04,healthy,6.49,0.09199,0.17095,0.97951,-0.423,-0.872,-2.122,True
HC_04,healthy,6.5,0.11709,0.18708,0.97639,-0.144,-0.083,-2.042,True
HC_04,healthy,6.51,0.10417,0.18602,0.96495,0.148,-1.712,-1.036,True
HC_04,healthy,6.5200000000000005,0.13134,0.20666,0.99014,0.894,0.498,-0.965,True
HC_04,healthy,6.53,0.12293,0.18472,0.96871,0.197,0.235,-0.06,True
HC_04,healthy,6.54,0.135,0.18511,0.97955,0.366,-0.07,2.073,True
HC_04,healthy,6.55,0.12803,0.15809,0.97825,-0.685,-0.269,1.635,True
HC_04,healthy,6.5600000000000005,0.11973,0.17732,0.9848,-1.306,0.582,1.735,True
HC_04,healthy,6.57,0.11364,0.17664,1.00092,-2.153,0.09,-0.568,True
HC_04,healthy,6.58,0.11891,0.19185,0.98454,-0.3,-0.296,-0.94,True
HC_04,healthy,6.59,0.08762,0.15883,0.97845,0.47,0.444,-1.7,True
HC_04,healthy,6.6000000000000005,0.08953,0.17482,0.99245,-0.52,-0.062,0.701,True
HC_04,healthy,6.61,0.12055,0.1852,0.99314,-0.669,0.053,-0.994,True
HC_04,healthy,6.62,0.11738,0.18458,0.96255,0.765,-0.609,0.738,True
HC_04,healthy,6.63,0.10537,0.15578,0.97946,0.297,-0.571,2.071,True
HC_04,healthy,6.640000000000001,0.11793,0.19185,0.94754,-0.874,0.438,0.567,True
HC_04,healthy,6.65,0.12355,0.17966,0.96088,0.872,1.637,1.953,True
HC_04,healthy,6.66,0.1262,0.18233,0.95995,-0.207,-0.971,1.571,True
HC_04,healthy,6.67,0.11995,0.1447,0.98056,0.271,-0.138,-0.681,True
HC_04,healthy,6.68,0.09179,0.17579,0.98,0.936,0.16,-0.123,True
HC_04,healthy,6.69,0.07906,0.19589,0.96398,0.35,-1.177,-2.882,True
HC_04,healthy,6.7,0.11571,0.18721,0.99065,1.364,1.181,-1.326,True
HC_04,healthy,6.71,0.10722,0.18638,0.96698,-0.339,-0.758,0.642,True
HC_04,healthy,6.72,0.1006,0.18936,0.9596,1.364,-0.084,0.165,True
HC_04,healthy,6.73,0.12408,0.20653,0.94374,-0.019,-0.436,2.649,True
HC_04,healthy,6.74,0.12942,0.15149,0.9737,-1.59,-0.095,2.51,True
HC_04,healthy,6.75,0.10808,0.15365,0.96139,0.146,-1.119,0.21,True
HC_04,healthy,6.76,0.1144,0.18149,0.95666,0.533,1.445,-0.121,True
HC_04,healthy,6.7700000000000005,0.07663,0.15941,0.95951,1.612,-1.528,-0.741,True
HC_04,healthy,6.78,0.09429,0.16419,0.97496,-0.132,-0.018,-1.973,True
HC_04,healthy,6.79,0.09687,0.1874,0.99103,0.259,-1.448,-1.864,True
HC_04,healthy,6.8,0.09805,0.19511,0.95464,-0.671,-0.195,-0.917,True
HC_04,healthy,6.8100000000000005,0.11002,0.18773,0.96871,0.81,1.493,0.518,True
HC_04,healthy,6.82,0.09187,0.17254,0.97351,-1.343,0.615,1.089,True
HC_04,healthy,6.83,0.13296,0.16187,0.96994,-0.503,-0.351,1.485,True
HC_04,healthy,6.84,0.11018,0.17377,0.97461,0.24,0.734,0.978,True
HC_04,healthy,6.8500000000000005,0.12394,0.13162,0.97031,0.028,-2.361,1.435,True
HC_04,healthy,6.86,0.12183,0.16072,0.96794,0.173,-1.55,-1.12,True
HC_04,healthy,6.87,0.09693,0.17245,0.967,-0.751,-0.422,-1.53,True
HC_04,healthy,6.88,0.12758,0.183,0.98703,1.011,-0.712,-0.544,True
HC_04,healthy,6.890000000000001,0.11356,0.16953,0.97572,-0.435,0.0,-2.659,True
HC_04,healthy,6.9,0.08225,0.20216,0.96424,-0.118,0.113,-0.008,True
HC_04,healthy,6.91,0.11604,0.18621,0.96585,0.099,-0.537,0.895,True
HC_04,healthy,6.92,0.11891,0.20213,0.98775,0.806,0.549,1.788,True
HC_04,healthy,6.93,0.10201,0.14483,0.97965,-0.528,-1.056,0.44,True
HC_04,healthy,6.94,0.10971,0.15688,0.98995,-0.967,0.108,1.246,True
HC_04,healthy,6.95,0.09066,0.17251,0.96951,-0.532,-0.666,1.221,True
HC_04,healthy,6.96,0.10299,0.13073,0.97003,0.081,-0.281,-0.786,True
HC_04,healthy,6.97,0.11066,0.15062,0.97604,1.239,0.844,-2.43,True
HC_04,healthy,6.98,0.09239,0.18621,0.9474,2.66,0.686,-2.315,True
HC_04,healthy,6.99,0.07654,0.19149,0.98317,-0.579,-1.318,-0.325,True
HC_04,healthy,7.0,0.10603,0.19585,0.97617,0.192,-0.81,0.196,True
HC_04,healthy,7.01,0.12096,0.19299,0.96307,-0.49,-0.506,0.133,True
HC_04,healthy,7.0200000000000005,0.10346,0.18092,0.98464,-0.604,0.819,1.615,True
HC_04,healthy,7.03,0.12609,0.12757,0.9558,0.156,0.5,2.013,True
HC_04,healthy,7.04,0.1268,0.17036,0.97105,-1.111,1.158,0.867,True
HC_04,healthy,7.05,0.07251,0.17972,0.97473,-1.326,0.199,-0.612,True
HC_04,healthy,7.0600000000000005,0.09488,0.15793,0.976,0.496,-0.216,-0.635,True
HC_04,healthy,7.07,0.08616,0.15405,0.98764,-0.622,0.185,-1.6,True
HC_04,healthy,7.08,0.05775,0.17493,1.01175,0.18,-0.431,-2.329,True
HC_04,healthy,7.09,0.09143,0.20325,0.96984,0.275,0.262,-0.559,True
HC_04,healthy,7.1000000000000005,0.1057,0.18569,0.99294,-0.432,-0.855,0.583,True
HC_04,healthy,7.11,0.09767,0.19857,0.97099,-0.022,-0.452,2.678,True
HC_04,healthy,7.12,0.11602,0.19027,0.96724,2.01,-0.457,2.24,True
HC_04,healthy,7.13,0.14178,0.19257,0.98973,-0.287,-0.301,2.002,True
HC_04,healthy,7.140000000000001,0.12756,0.18493,1.0154,-0.638,0.717,1.746,True
HC_04,healthy,7.15,0.09979,0.17954,0.98969,-0.618,0.287,-0.239,True
HC_04,healthy,7.16,0.10567,0.18008,0.96745,-0.495,0.229,-0.892,True
HC_04,healthy,7.17,0.07817,0.18157,0.99043,0.605,-1.095,-0.028,True
HC_04,healthy,7.18,0.06025,0.17446,0.9802,-1.625,-1.18,-0.3,True
HC_04,healthy,7.19,0.10848,0.19764,0.96747,0.469,-0.319,-1.164,True
HC_04,healthy,7.2,0.08928,0.22057,1.00189,-0.206,-1.366,1.597,True
HC_04,healthy,7.21,0.11664,0.16912,0.99224,0.46,-0.836,1.484,True
HC_04,healthy,7.22,0.12629,0.18103,0.98399,0.44,-0.709,1.506,True
HC_04,healthy,7.23,0.14002,0.15421,0.9663,0.125,-0.017,-0.099,True
HC_04,healthy,7.24,0.10804,0.14633,0.93816,-0.726,0.151,0.792,True
HC_04,healthy,7.25,0.09256,0.1776,0.97076,-1.537,1.136,-1.293,True
HC_04,healthy,7.26,0.08446,0.17789,0.97562,0.557,-0.869,-1.211,True
HC_04,healthy,7.2700000000000005,0.10443,0.19501,0.96591,-0.325,-2.299,-1.545,True
HC_04,healthy,7.28,0.08912,0.18169,0.93864,-0.504,0.263,-2.159,True
HC_04,healthy,7.29,0.11187,0.18735,0.97216,-0.195,-0.867,0.36,True
HC_04,healthy,7.3,0.11581,0.18788,0.94084,-0.784,0.407,1.236,True
HC_04,healthy,7.3100000000000005,0.12813,0.17178,0.96888,-0.61,0.701,1.706,True
HC_04,healthy,7.32,0.12699,0.14942,0.97398,1.877,0.957,1.035,True
HC_04,healthy,7.33,0.13871,0.18118,0.9806,-1.701,-0.853,-0.19,True
HC_04,healthy,7.34,0.08776,0.1696,0.96381,-1.359,-0.221,0.379,True
HC_04,healthy,7.3500000000000005,0.07117,0.16281,0.9771,0.173,-0.23,-2.026,True
HC_04,healthy,7.36,0.07688,0.19671,0.98919,0.924,0.603,-0.752,True
HC_04,healthy,7.37,0.08444,0.16232,0.95478,0.552,0.78,-0.349,True
HC_04,healthy,7.38,0.08753,0.15678,0.97452,0.636,0.992,-1.159,True
HC_04,healthy,7.390000000000001,0.10509,0.18068,0.98301,0.206,0.015,1.06,True
HC_04,healthy,7.4,0.1167,0.18346,0.99482,0.409,-1.536,2.042,True
HC_04,healthy,7.41,0.13867,0.18076,0.95836,0.263,-0.945,0.349,True
HC_04,healthy,7.42,0.08876,0.17803,0.97123,0.686,-0.808,0.467,True
HC_04,healthy,7.43,0.0853,0.15365,0.97627,1.283,-0.115,0.642,True
HC_04,healthy,7.44,0.0919,0.16628,1.00566,1.065,0.074,-0.58,True
HC_04,healthy,7.45,0.09506,0.1551,0.98385,1.872,1.05,-0.132,True
HC_04,healthy,7.46,0.07557,0.15665,0.97371,-0.143,-0.488,-3.056,True
HC_04,healthy,7.47,0.08815,0.15882,0.97753,0.8,0.656,-1.336,True
HC_04,healthy,7.48,0.09891,0.17654,0.98253,0.651,0.354,0.571,True
HC_04,healthy,7.49,0.07071,0.1706,0.97017,0.637,-0.813,-0.048,True
HC_04,healthy,7.5,0.1335,0.17144,0.94764,-0.059,0.208,0.852,True
HC_04,healthy,7.51,0.10916,0.16084,0.99827,0.445,0.794,2.109,True
HC_04,healthy,7.5200000000000005,0.12758,0.19625,0.96937,-0.289,-0.774,1.515,True
HC_04,healthy,7.53,0.08366,0.15996,0.97817,-1.124,-0.173,-1.972,True
HC_04,healthy,7.54,0.08986,0.16292,1.00222,1.094,0.119,-0.323,True
HC_04,healthy,7.55,0.09479,0.19656,0.96214,0.248,0.097,-0.901,True
HC_04,healthy,7.5600000000000005,0.11018,0.15717,0.97084,-0.517,-0.638,-1.73,True
HC_04,healthy,7.57,0.07393,0.19559,0.95091,-1.058,-0.013,0.446,True
HC_04,healthy,7.58,0.10265,0.18492,0.97834,-0.247,0.086,-0.047,True
HC_04,healthy,7.59,0.106,0.16957,0.98876,0.959,-0.483,1.468,True
HC_04,healthy,7.6000000000000005,0.10619,0.1509,0.95754,-0.205,0.174,3.337,True
HC_04,healthy,7.61,0.1157,0.16524,0.97227,0.393,-0.692,1.754,True
HC_04,healthy,7.62,0.09945,0.1463,0.97937,0.24,0.721,-0.094,True
HC_04,healthy,7.63,0.08428,0.15805,0.97592,-0.644,-0.261,-1.684,True
HC_04,healthy,7.640000000000001,0.06746,0.15527,0.97642,-0.632,0.59,-0.299,True
HC_04,healthy,7.65,0.08671,0.1613,0.99374,-0.028,0.519,-2.373,True
HC_04,healthy,7.66,0.10465,0.19358,0.97244,0.535,0.189,-1.026,True
HC_04,healthy,7.67,0.1234,0.1796,0.96499,-0.222,-0.876,-0.188,True
HC_04,healthy,7.68,0.11843,0.18739,0.98336,-0.085,1.205,1.504,True
HC_04,healthy,7.69,0.12488,0.1725,1.00067,-0.602,-0.135,1.159,True
HC_04,healthy,7.7,0.14457,0.15239,0.99238,0.883,-0.35,-0.801,True
HC_04,healthy,7.71,0.11187,0.16127,0.98259,0.804,0.393,0.462,True
HC_04,healthy,7.72,0.0899,0.1463,0.9826,0.135,-0.536,-0.739,True
HC_04,healthy,7.73,0.09727,0.17358,0.96346,0.804,-1.599,-0.523,True
HC_04,healthy,7.74,0.08663,0.15292,0.98474,-1.142,0.122,-1.399,True
HC_04,healthy,7.75,0.08892,0.2004,0.96925,0.579,0.147,-1.648,True
HC_04,healthy,7.76,0.10926,0.18744,0.94992,1.014,0.477,-1.991,True
HC_04,healthy,7.7700000000000005,0.10968,0.17271,0.9748,0.737,0.462,-0.037,True
HC_04,healthy,7.78,0.10872,0.18697,1.01624,0.371,0.675,1.23,True
HC_04,healthy,7.79,0.14349,0.17103,0.96803,-0.697,0.069,1.869,True
HC_04,healthy,7.8,0.11786,0.17033,0.96577,0.411,-0.386,2.139,True
HC_04,healthy,7.8100000000000005,0.09842,0.1636,0.98221,-0.123,-1.02,0.71,True
HC_04,healthy,7.82,0.08926,0.18557,1.00363,0.247,-0.932,-0.957,True
HC_04,healthy,7.83,0.10925,0.20327,0.96753,0.823,1.151,-2.423,True
HC_04,healthy,7.84,0.06464,0.20153,1.00402,-1.324,-0.527,-2.106,True
HC_04,healthy,7.8500000000000005,0.0715,0.17664,0.97106,-0.619,1.058,-1.479,True
HC_04,healthy,7.86,0.08935,0.1927,0.97365,-0.274,0.958,-0.581,True
HC_04,healthy,7.87,0.09796,0.18852,0.96242,0.753,-1.051,-0.325,True
HC_04,healthy,7.88,0.11953,0.19,0.98244,-0.236,0.143,1.008,True
HC_04,healthy,7.890000000000001,0.11046,0.18924,0.99672,-0.719,-1.172,1.857,True
HC_04,healthy,7.9,0.10359,0.17236,0.9891,-0.065,-0.057,1.848,True
HC_04,healthy,7.91,0.09284,0.17197,0.9588,-0.579,-1.656,-0.422,True
HC_04,healthy,7.92,0.09814,0.18681,0.97529,-0.092,-0.013,-1.391,True
HC_04,healthy,7.930000000000001,0.09305,0.19112,0.999,-1.208,-1.13,-1.815,True
HC_04,healthy,7.94,0.09305,0.16871,0.96208,-0.326,-1.144,-1.426,True
HC_04,healthy,7.95,0.1041,0.17571,0.95134,1.503,0.752,-0.176,True
HC_04,healthy,7.96,0.08549,0.15509,0.97436,0.683,1.553,0.376,True
HC_04,healthy,7.97,0.10767,0.19376,0.95923,-1.102,0.465,0.464,True
HC_04,healthy,7.98,0.09199,0.19095,0.97397,-0.1,1.107,0.748,True
HC_04,healthy,7.99,0.10586,0.16209,0.99177,-1.601,1.127,1.154,True
HC_04,healthy,8.0,0.09961,0.1856,1.00109,-0.087,0.434,0.58,True
HC_04,healthy,8.01,0.10709,0.15136,0.98662,-1.628,0.959,-1.602,True
HC_04,healthy,8.02,0.08407,0.15815,0.96377,-0.177,1.057,-1.397,True
HC_04,healthy,8.03,0.09102,0.18678,0.98788,1.543,1.178,-2.25,True
HC_04,healthy,8.040000000000001,0.08233,0.17201,0.96336,-1.208,0.068,-1.434,True
HC_04,healthy,8.05,0.08047,0.20182,0.98551,-1.117,1.227,-1.04,True
HC_04,healthy,8.06,0.1007,0.18398,0.97354,-0.704,-0.742,0.69,True
HC_04,healthy,8.07,0.09686,0.1746,0.96087,-0.02,0.872,0.926,True
HC_04,healthy,8.08,0.13221,0.16725,0.97451,0.875,0.962,1.586,True
HC_04,healthy,8.09,0.10726,0.16141,0.96966,0.239,0.402,1.423,True
HC_04,healthy,8.1,0.12136,0.16886,0.95098,0.493,-0.164,-0.539,True
HC_04,healthy,8.11,0.10079,0.17121,0.99112,-0.328,0.712,-0.965,True
HC_04,healthy,8.120000000000001,0.10095,0.14698,0.98982,-0.111,-0.559,0.02,True
HC_04,healthy,8.13,0.11164,0.19056,0.97348,0.41,0.62,-1.932,True
HC_04,healthy,8.14,0.09211,0.17058,0.98415,-0.252,-0.095,-2.007,True
HC_04,healthy,8.15,0.11339,0.18205,0.97791,-0.796,0.165,0.479,True
HC_04,healthy,8.16,0.107,0.225,0.96766,1.128,0.335,-0.029,True
HC_04,healthy,8.17,0.09877,0.18576,0.98275,0.533,0.285,2.206,True
HC_04,healthy,8.18,0.13696,0.15241,0.97717,-0.688,-0.824,1.214,True
HC_04,healthy,8.19,0.1135,0.15916,0.98114,1.046,-0.04,0.903,True
HC_04,healthy,8.2,0.08764,0.16303,0.96747,0.353,0.043,-1.045,True
HC_04,healthy,8.21,0.10014,0.15271,0.95348,-0.727,-0.558,-0.363,True
HC_04,healthy,8.22,0.10095,0.17274,0.95819,-0.525,-0.162,-0.277,True
HC_04,healthy,8.23,0.10516,0.18793,0.96676,-0.532,-0.713,-1.931,True
HC_04,healthy,8.24,0.10402,0.19881,0.96621,-0.44,0.383,0.956,True
HC_04,healthy,8.25,0.10213,0.19508,0.98088,0.632,1.231,0.836,True
HC_04,healthy,8.26,0.13088,0.1827,0.9732,-0.145,-0.149,0.333,True
HC_04,healthy,8.27,0.14222,0.20322,0.99872,-0.116,0.227,1.789,True
HC_04,healthy,8.28,0.13161,0.17412,0.97294,-0.214,-0.636,-0.182,True
HC_04,healthy,8.290000000000001,0.13573,0.169,0.99252,-0.388,0.835,-0.023,True
HC_04,healthy,8.3,0.11365,0.17383,0.98472,0.303,0.093,-0.907,True
HC_04,healthy,8.31,0.08967,0.17316,0.97571,-0.233,1.928,-1.951,True
HC_04,healthy,8.32,0.09524,0.14412,0.97995,1.074,-0.659,-2.526,True
HC_04,healthy,8.33,0.1202,0.16645,0.99184,1.661,0.758,-1.957,True
HC_04,healthy,8.34,0.11641,0.19092,0.95477,0.057,-0.49,0.221,True
HC_04,healthy,8.35,0.09714,0.16223,0.98295,0.223,1.297,2.081,True
HC_04,healthy,8.36,0.12895,0.18694,0.98543,-1.159,-0.439,1.272,True
HC_04,healthy,8.370000000000001,0.12445,0.17595,0.98308,0.564,0.298,-0.168,True
HC_04,healthy,8.38,0.13072,0.17674,0.96404,1.035,-0.087,1.119,True
HC_04,healthy,8.39,0.12113,0.18636,0.96761,0.946,-0.852,-0.571,True
HC_04,healthy,8.4,0.1049,0.17032,0.97164,-0.557,-0.059,-0.679,True
HC_04,healthy,8.41,0.0897,0.17189,0.97189,0.408,-1.16,-2.279,True
HC_04,healthy,8.42,0.10326,0.20203,0.9582,-0.914,1.152,-2.653,True
HC_04,healthy,8.43,0.09006,0.18891,0.97197,0.474,-0.629,-0.691,True
HC_04,healthy,8.44,0.08186,0.17571,0.9619,-0.711,0.861,-0.23,True
HC_04,healthy,8.45,0.1108,0.1979,0.96506,0.096,-0.205,0.604,True
HC_04,healthy,8.46,0.1382,0.18066,0.95107,0.381,0.214,1.5,True
HC_04,healthy,8.47,0.1433,0.16643,0.95765,0.412,-0.652,2.132,True
HC_04,healthy,8.48,0.12857,0.18937,0.9821,-0.801,-0.712,-0.305,True
HC_04,healthy,8.49,0.08961,0.18097,0.98705,0.402,-0.808,-1.013,True
HC_04,healthy,8.5,0.10632,0.16842,0.94758,-0.959,-0.635,-1.013,True
HC_04,healthy,8.51,0.09649,0.17805,0.96084,-0.781,-1.536,-1.788,True
HC_04,healthy,8.52,0.0865,0.19537,0.96526,0.164,-0.539,-1.777,True
HC_04,healthy,8.53,0.1149,0.17705,0.9726,0.502,1.375,0.075,True
HC_04,healthy,8.540000000000001,0.102,0.20429,0.97143,-0.161,-0.154,0.95,True
HC_04,healthy,8.55,0.12844,0.18419,0.96884,0.607,0.111,-0.265,True
HC_04,healthy,8.56,0.10951,0.16673,0.96274,-0.149,0.065,-0.432,True
HC_04,healthy,8.57,0.09608,0.1878,0.96876,-0.454,0.856,1.78,True
HC_04,healthy,8.58,0.10933,0.17887,0.97761,0.484,-0.791,0.359,True
HC_04,healthy,8.59,0.08945,0.18646,0.97737,-0.018,0.338,-1.409,True
HC_04,healthy,8.6,0.09207,0.17267,0.94479,0.757,0.508,-1.46,True
HC_04,healthy,8.61,0.10672,0.19223,0.96506,-1.451,-0.028,-1.038,True
HC_04,healthy,8.620000000000001,0.0875,0.19555,0.93845,1.398,-1.127,-0.964,True
HC_04,healthy,8.63,0.1212,0.16166,0.98358,0.619,0.778,-0.528,True
HC_04,healthy,8.64,0.10688,0.19924,0.98024,0.106,-0.293,2.254,True
HC_04,healthy,8.65,0.11003,0.17405,0.95955,-0.38,-0.204,0.749,True
HC_04,healthy,8.66,0.14724,0.18436,0.96801,1.038,-1.459,1.848,True
HC_04,healthy,8.67,0.12229,0.18087,0.97705,-0.184,-0.525,2.162,True
HC_04,healthy,8.68,0.11129,0.17601,0.9908,-0.601,-0.617,0.162,True
HC_04,healthy,8.69,0.09681,0.14624,0.96798,1.181,0.793,-0.241,True
HC_04,healthy,8.700000000000001,0.09924,0.16272,0.95019,0.07,-0.072,-2.684,True
HC_04,healthy,8.71,0.12305,0.21499,0.9704,-0.063,0.973,0.049,True
HC_04,healthy,8.72,0.10185,0.22905,0.9993,-0.35,-1.126,0.504,True
HC_04,healthy,8.73,0.10043,0.20822,0.97184,0.223,-0.17,0.255,True
HC_04,healthy,8.74,0.10784,0.16356,0.98551,-1.252,-0.606,1.065,True
HC_04,healthy,8.75,0.12154,0.19711,0.97157,0.489,0.252,3.565,True
HC_04,healthy,8.76,0.12937,0.17356,0.95797,0.269,-0.469,-0.22,True
HC_04,healthy,8.77,0.13814,0.14639,0.98814,0.38,-2.224,1.06,True
HC_04,healthy,8.78,0.10514,0.17024,0.98858,-0.676,0.036,-0.076,True
HC_04,healthy,8.790000000000001,0.11013,0.16781,0.98501,-0.69,1.639,-1.067,True
HC_04,healthy,8.8,0.09826,0.17392,0.97627,0.197,0.033,-1.927,True
HC_04,healthy,8.81,0.12207,0.19135,0.96089,-0.277,0.285,0.012,True
HC_04,healthy,8.82,0.13609,0.17322,0.97273,-0.474,-0.796,0.815,True
HC_04,healthy,8.83,0.13101,0.15467,0.94293,-1.33,1.041,1.992,True
HC_04,healthy,8.84,0.09593,0.19635,0.98474,-0.747,0.076,2.088,True
HC_04,healthy,8.85,0.12409,0.16387,0.98531,0.012,-0.09,0.959,True
HC_04,healthy,8.86,0.10856,0.13826,0.97355,0.464,-0.409,0.518,True
HC_04,healthy,8.870000000000001,0.11973,0.15891,0.98486,0.249,1.246,-0.007,True
HC_04,healthy,8.88,0.09523,0.18487,0.97419,-0.429,1.152,-1.493,True
HC_04,healthy,8.89,0.11138,0.18447,0.95022,0.806,-0.609,-0.61,True
HC_04,healthy,8.9,0.11991,0.21796,0.9721,1.266,-0.479,-1.447,True
HC_04,healthy,8.91,0.10786,0.19208,0.98424,1.403,-1.274,-0.323,True
HC_04,healthy,8.92,0.11584,0.17751,0.95701,-1.152,-0.726,0.723,True
HC_04,healthy,8.93,0.1373,0.18756,0.96399,0.503,0.164,-0.785,True
HC_04,healthy,8.94,0.13193,0.17503,0.96649,-0.661,0.187,1.658,True
HC_04,healthy,8.950000000000001,0.13433,0.17763,0.9974,-0.889,1.397,1.399,True
HC_04,healthy,8.96,0.09483,0.14443,0.93758,-1.213,0.047,1.127,True
HC_04,healthy,8.97,0.11915,0.17657,0.9814,-0.575,-0.168,-2.493,True
HC_04,healthy,8.98,0.10267,0.18578,0.95288,-0.454,0.367,-0.448,True
HC_04,healthy,8.99,0.08528,0.16392,0.97013,-0.973,-0.711,-2.3,True
HC_04,healthy,9.0,0.09211,0.16025,0.96862,0.365,0.147,-2.015,True
HC_04,healthy,9.01,0.10514,0.23944,0.95099,0.622,-0.052,-0.75,True
HC_04,healthy,9.02,0.12923,0.2037,0.95058,-1.152,-0.893,2.0,True
HC_04,healthy,9.03,0.15596,0.18707,0.98691,0.378,0.636,3.491,True
HC_04,healthy,9.040000000000001,0.11965,0.17012,0.94038,0.391,1.048,1.062,True
HC_04,healthy,9.05,0.14596,0.17984,0.94457,0.198,0.412,1.679,True
HC_04,healthy,9.06,0.12882,0.18258,0.95276,0.409,0.483,0.612,True
HC_04,healthy,9.07,0.12215,0.16773,0.97809,-0.487,0.863,1.125,True
HC_04,healthy,9.08,0.10488,0.17919,0.95057,-0.121,-0.145,-1.27,True
HC_04,healthy,9.09,0.09165,0.21461,0.98027,0.258,-1.084,-1.445,True
HC_04,healthy,9.1,0.10725,0.1762,0.98818,-1.24,1.412,-0.863,True
HC_04,healthy,9.11,0.11008,0.20291,0.97918,-0.934,-0.912,-0.333,True
HC_04,healthy,9.120000000000001,0.13457,0.22424,0.92495,0.579,0.983,1.742,True
HC_04,healthy,9.13,0.15262,0.18179,0.9498,0.916,-0.006,0.547,True
HC_04,healthy,9.14,0.14719,0.1818,0.93413,-0.646,0.188,3.067,True
HC_04,healthy,9.15,0.11031,0.17573,0.96669,-0.562,0.046,-0.278,True
HC_04,healthy,9.16,0.12651,0.18599,0.93846,1.206,0.732,-0.292,True
HC_04,healthy,9.17,0.1072,0.15106,0.97036,0.347,-1.035,0.155,True
HC_04,healthy,9.18,0.09364,0.19398,0.96253,0.692,-0.872,-1.381,True
HC_04,healthy,9.19,0.08016,0.20992,0.97895,0.357,0.369,-2.256,True
HC_04,healthy,9.200000000000001,0.14072,0.21271,0.95325,0.116,0.235,-0.312,True
HC_04,healthy,9.21,0.13602,0.19763,0.93989,-0.469,0.268,0.784,True
HC_04,healthy,9.22,0.14337,0.18581,0.94955,0.766,0.924,1.05,True
HC_04,healthy,9.23,0.12553,0.17827,0.9541,1.386,0.199,2.508,True
HC_04,healthy,9.24,0.09828,0.1884,0.97462,0.046,0.447,1.772,True
HC_04,healthy,9.25,0.1271,0.18096,0.9599,0.909,1.351,1.39,True
HC_04,healthy,9.26,0.10811,0.15843,0.96708,0.339,-0.048,-0.017,True
HC_04,healthy,9.27,0.12459,0.17562,0.94775,-0.739,0.195,-0.626,True
HC_04,healthy,9.28,0.1028,0.18626,0.95693,0.589,0.168,-1.411,True
HC_04,healthy,9.290000000000001,0.11779,0.19255,0.98166,-0.252,0.569,-1.244,True
HC_04,healthy,9.3,0.11731,0.20886,0.96991,-1.374,0.163,-0.025,True
HC_04,healthy,9.31,0.13762,0.20799,0.99825,-0.354,0.242,-0.362,True
HC_04,healthy,9.32,0.12197,0.17727,0.96425,-0.354,0.728,2.823,True
HC_04,healthy,9.33,0.16892,0.2023,0.96101,-0.52,0.306,0.732,True
HC_04,healthy,9.34,0.13656,0.19131,0.97155,0.221,-1.164,1.015,True
HC_04,healthy,9.35,0.12837,0.18743,0.93003,0.754,0.544,0.645,True
HC_04,healthy,9.36,0.15196,0.17326,0.95336,0.063,0.186,0.861,True
HC_04,healthy,9.370000000000001,0.095,0.18608,0.98496,-0.581,-0.302,-0.688,True
HC_04,healthy,9.38,0.11228,0.20895,0.95497,-0.127,-0.787,-1.961,True
HC_04,healthy,9.39,0.14811,0.20459,0.96536,-0.099,-1.413,0.085,True
HC_04,healthy,9.4,0.1165,0.21596,0.96514,0.715,0.627,-0.825,True
HC_04,healthy,9.41,0.10059,0.20089,0.95829,0.614,-0.374,0.094,True
HC_04,healthy,9.42,0.15338,0.19844,0.94258,-0.41,-0.028,2.465,True
HC_04,healthy,9.43,0.13759,0.21058,0.97067,0.42,0.85,0.731,True
HC_04,healthy,9.44,0.11519,0.17608,0.9702,0.337,-1.48,0.541,True
HC_04,healthy,9.450000000000001,0.1391,0.20563,0.95071,0.026,-0.403,-0.036,True
HC_04,healthy,9.46,0.11325,0.18393,0.95666,-0.029,-1.03,0.298,True
HC_04,healthy,9.47,0.12374,0.19631,0.95144,0.156,-0.982,-0.815,True
HC_04,healthy,9.48,0.11621,0.19515,0.95312,1.259,-0.257,-1.592,True
HC_04,healthy,9.49,0.09341,0.20766,0.96796,-0.019,1.268,-0.517,True
HC_04,healthy,9.5,0.1409,0.18849,0.98528,-0.097,-0.002,0.024,True
HC_04,healthy,9.51,0.14545,0.18785,0.95977,1.528,0.107,0.15,True
HC_04,healthy,9.52,0.14073,0.1943,0.95775,-0.432,-0.577,-1.134,True
HC_04,healthy,9.53,0.14159,0.17798,0.95298,0.67,0.898,2.889,True
HC_04,healthy,9.540000000000001,0.14974,0.1891,0.9612,-0.359,-0.221,1.46,True
HC_04,healthy,9.55,0.14241,0.16497,0.93866,0.043,-0.039,-1.377,True
HC_04,healthy,9.56,0.11354,0.18519,0.93888,0.469,0.618,-0.35,True
HC_04,healthy,9.57,0.11965,0.18986,0.94778,0.917,1.152,-2.158,True
HC_04,healthy,9.58,0.13045,0.20765,0.96542,-0.132,2.119,-0.708,True
HC_04,healthy,9.59,0.14485,0.18811,0.93859,-2.771,-1.224,-0.141,True
HC_04,healthy,9.6,0.13709,0.20459,0.96186,-0.271,0.781,1.655,True
HC_04,healthy,9.61,0.12573,0.19319,0.96637,-0.294,-0.162,0.144,True
HC_04,healthy,9.620000000000001,0.16748,0.21201,0.94947,-0.437,0.129,1.39,True
HC_04,healthy,9.63,0.17044,0.16594,0.96351,0.256,-0.227,1.341,True
HC_04,healthy,9.64,0.12647,0.18474,0.97559,-0.576,0.668,0.067,True
HC_04,healthy,9.65,0.15265,0.19626,0.99122,-1.537,-0.66,-1.383,True
HC_04,healthy,9.66,0.15092,0.19371,0.98403,-0.961,0.687,-1.386,True
HC_04,healthy,9.67,0.10201,0.17784,0.95849,-0.831,0.108,-0.151,True
HC_04,healthy,9.68,0.13702,0.22079,0.93739,-0.93,0.224,0.009,True
HC_04,healthy,9.69,0.12916,0.21024,0.93511,0.047,1.987,0.98,True
HC_04,healthy,9.700000000000001,0.1559,0.19058,0.96171,-0.167,-0.629,1.416,True
HC_04,healthy,9.71,0.15378,0.20166,0.96887,0.14,-0.048,2.66,True
HC_04,healthy,9.72,0.14009,0.18229,0.97324,0.211,0.22,1.331,True
HC_04,healthy,9.73,0.14921,0.18075,0.95632,0.534,-0.079,1.624,True
HC_04,healthy,9.74,0.15463,0.17715,0.93946,-1.079,-0.313,-0.821,True
HC_04,healthy,9.75,0.13865,0.20502,0.96079,-0.637,0.03,-1.871,True
HC_04,healthy,9.76,0.12544,0.21775,0.92706,1.098,-0.443,-1.483,True
HC_04,healthy,9.77,0.13975,0.19347,0.93754,0.214,-0.532,-1.927,True
HC_04,healthy,9.78,0.14683,0.19317,0.95244,-0.094,0.358,0.159,True
HC_04,healthy,9.790000000000001,0.14646,0.20524,0.9521,0.16,1.231,0.891,True
HC_04,healthy,9.8,0.17482,0.2008,0.95115,0.082,0.775,2.137,True
HC_04,healthy,9.81,0.1538,0.17888,0.9553,-0.334,0.891,1.017,True
HC_04,healthy,9.82,0.15403,0.16863,0.93213,1.437,0.287,-0.657,True
HC_04,healthy,9.83,0.13229,0.15612,0.94104,-0.869,1.474,-0.304,True
HC_04,healthy,9.84,0.13665,0.20067,0.94181,0.964,0.603,-1.239,True
HC_04,healthy,9.85,0.14244,0.2031,0.91916,-0.723,0.027,-1.344,True
HC_04,healthy,9.86,0.12169,0.20839,0.9524,-0.784,-0.04,-0.153,True
HC_04,healthy,9.870000000000001,0.14374,0.22934,0.94215,-0.382,-1.276,0.263,True
HC_04,healthy,9.88,0.14037,0.23256,0.95293,0.139,-0.126,0.925,True
HC_04,healthy,9.89,0.17381,0.21464,0.95601,0.03,-0.776,1.383,True
HC_04,healthy,9.9,0.16053,0.17737,0.94939,-0.397,0.875,1.765,True
HC_04,healthy,9.91,0.15656,0.17972,0.92793,-0.457,-0.742,0.799,True
HC_04,healthy,9.92,0.16597,0.19489,0.94007,0.208,-1.483,0.031,True
HC_04,healthy,9.93,0.18032,0.20265,0.93953,-1.014,0.031,-2.4,True
HC_04,healthy,9.94,0.12312,0.20104,0.95168,-0.265,0.479,-1.597,True
HC_04,healthy,9.950000000000001,0.12568,0.23748,0.96136,-0.612,-0.889,-0.958,True
HC_04,healthy,9.96,0.12721,0.21446,0.94267,-0.217,-1.204,-1.712,True
HC_04,healthy,9.97,0.14076,0.2042,0.97679,0.593,-0.255,0.137,True
HC_04,healthy,9.98,0.15757,0.22468,0.95935,-0.889,0.702,0.025,True
HC_04,healthy,9.99,0.16995,0.20521,0.92154,0.806,-1.266,1.76,True
HC_04,healthy,10.0,0.17622,0.17563,0.95552,1.279,-0.978,1.012,True
HC_04,healthy,10.01,0.16517,0.19025,0.97012,0.461,0.229,1.965,True
HC_04,healthy,10.02,0.12647,0.16851,0.96487,-0.2,1.329,1.813,True
HC_04,healthy,10.03,0.1565,0.19463,0.93355,-0.966,0.242,-0.195,True
HC_04,healthy,10.040000000000001,0.13062,0.17924,0.95397,-0.41,1.243,-0.839,True
HC_04,healthy,10.05,0.13931,0.17183,0.92882,-0.703,-0.802,-0.008,True
HC_04,healthy,10.06,0.14006,0.2356,0.96691,0.235,-0.539,-1.112,True
HC_04,healthy,10.07,0.16691,0.21149,0.93028,-1.005,-0.632,1.122,True
HC_04,healthy,10.08,0.14749,0.2134,0.96104,0.427,-0.934,0.539,True
HC_04,healthy,10.09,0.17528,0.19681,0.943,0.954,-0.748,2.274,True
HC_04,healthy,10.1,0.15864,0.20341,0.95129,0.673,0.558,1.155,True
HC_04,healthy,10.11,0.17576,0.17673,0.94769,1.007,-0.796,0.03,True
HC_04,healthy,10.120000000000001,0.14989,0.21442,0.97109,0.594,1.095,0.575,True
HC_04,healthy,10.13,0.11133,0.18645,0.94442,-0.012,-0.76,0.493,True
HC_04,healthy,10.14,0.1484,0.18962,0.94838,-1.358,-0.052,-1.749,True
HC_04,healthy,10.15,0.14922,0.20661,0.94001,0.167,-0.437,-0.024,True
HC_04,healthy,10.16,0.14106,0.21882,0.92249,1.127,0.082,0.133,True
HC_04,healthy,10.17,0.17585,0.22212,0.97218,0.014,0.048,0.9,True
HC_04,healthy,10.18,0.15831,0.21189,0.94614,0.353,-0.74,0.663,True
HC_04,healthy,10.19,0.17626,0.19422,0.94278,0.558,1.048,0.576,True
HC_04,healthy,10.200000000000001,0.17205,0.18794,0.949,-1.175,-0.514,0.118,True
HC_04,healthy,10.21,0.17138,0.22286,0.93684,-0.628,-0.713,-0.767,True
HC_04,healthy,10.22,0.17363,0.16984,0.95187,-0.437,1.458,1.002,True
HC_04,healthy,10.23,0.16264,0.19195,0.94848,0.491,0.552,-1.485,True
HC_04,healthy,10.24,0.14953,0.23863,0.90936,-0.362,1.044,-1.568,True
HC_04,healthy,10.25,0.14591,0.2156,0.9457,1.753,-0.536,-0.364,True
HC_04,healthy,10.26,0.15382,0.22573,0.95335,-0.518,-0.294,1.209,True
HC_04,healthy,10.27,0.14921,0.20965,0.95971,0.307,-0.356,2.245,True
HC_04,healthy,10.28,0.182,0.20759,0.95105,-0.546,0.527,0.717,True
HC_04,healthy,10.290000000000001,0.16307,0.18835,0.93947,-0.159,0.085,-0.078,True
HC_04,healthy,10.3,0.17326,0.18189,0.9439,0.146,0.044,0.909,True
HC_04,healthy,10.31,0.17007,0.19612,0.95156,0.788,-0.745,-1.849,True
HC_04,healthy,10.32,0.14053,0.20033,0.91665,0.314,0.388,-0.863,True
HC_04,healthy,10.33,0.13779,0.23615,0.92741,-0.588,-0.107,-2.517,True
HC_04,healthy,10.34,0.14758,0.21506,0.94842,-1.517,0.068,-0.764,True
HC_04,healthy,10.35,0.15858,0.21923,0.94436,0.672,-0.327,-1.532,True
HC_04,healthy,10.36,0.16119,0.19451,0.93776,-0.545,-0.19,0.912,True
HC_04,healthy,10.370000000000001,0.15119,0.20598,0.94715,0.58,-0.817,1.071,True
HC_04,healthy,10.38,0.16234,0.20177,0.9466,-0.087,0.378,2.585,True
HC_04,healthy,10.39,0.16116,0.18872,0.93053,0.175,1.063,1.721,True
HC_04,healthy,10.4,0.16047,0.19524,0.94269,-0.264,0.475,0.172,True
HC_04,healthy,10.41,0.14903,0.21328,0.95802,0.489,-0.115,-0.119,True
HC_04,healthy,10.42,0.16498,0.2066,0.95091,-0.403,0.312,-0.422,True
HC_04,healthy,10.43,0.14682,0.22723,0.95912,-1.167,-0.837,-0.76,True
HC_04,healthy,10.44,0.13603,0.21525,0.91347,1.063,-0.339,-1.216,True
HC_04,healthy,10.450000000000001,0.18746,0.23087,0.93521,0.228,0.562,-0.103,True
HC_04,healthy,10.46,0.17684,0.24802,0.96692,1.144,0.594,0.488,True
HC_04,healthy,10.47,0.17944,0.20849,0.95192,-0.016,0.182,1.076,True
HC_04,healthy,10.48,0.18423,0.18594,0.93846,0.541,0.697,0.214,True
HC_04,healthy,10.49,0.171,0.19408,0.95471,-0.107,0.241,1.182,True
HC_04,healthy,10.5,0.18668,0.20893,0.94945,-0.331,-1.005,0.242,True
HC_04,healthy,10.51,0.13812,0.18727,0.95048,-0.203,1.384,-0.314,True
HC_04,healthy,10.52,0.13833,0.22988,0.93865,1.258,-0.54,-2.028,True
HC_04,healthy,10.53,0.14491,0.20433,0.94314,-1.134,-0.397,-1.544,True
HC_04,healthy,10.540000000000001,0.15691,0.23203,0.93938,-1.203,-1.088,-1.077,True
HC_04,healthy,10.55,0.1729,0.22766,0.93505,0.845,-0.654,-0.58,True
HC_04,healthy,10.56,0.17183,0.23184,0.90269,-0.408,1.463,0.993,True
HC_04,healthy,10.57,0.16524,0.21684,0.93962,0.198,-0.657,1.647,True
HC_04,healthy,10.58,0.18231,0.18941,0.92043,-0.638,1.048,1.525,True
HC_04,healthy,10.59,0.18786,0.20206,0.93832,-0.352,0.447,0.673,True
HC_04,healthy,10.6,0.16569,0.17,0.92529,0.509,-1.937,-1.16,True
HC_04,healthy,10.61,0.13469,0.18753,0.95544,0.356,-0.671,-1.296,True
HC_04,healthy,10.620000000000001,0.15172,0.21069,0.92404,0.741,0.573,-2.297,True
HC_04,healthy,10.63,0.17086,0.21034,0.93396,-0.143,0.137,-1.258,True
HC_04,healthy,10.64,0.1634,0.22339,0.94898,-0.729,-0.85,-0.077,True
HC_04,healthy,10.65,0.16572,0.23333,0.92613,-1.545,0.213,0.186,True
HC_04,healthy,10.66,0.18264,0.21875,0.93723,-0.407,-0.259,2.234,True
HC_04,healthy,10.67,0.16405,0.22567,0.94259,0.203,-0.197,1.732,True
HC_04,healthy,10.68,0.20065,0.21084,0.92939,-1.118,-0.201,0.513,True
HC_04,healthy,10.69,0.18235,0.19407,0.93344,0.391,-0.203,3.256,True
HC_04,healthy,10.700000000000001,0.17155,0.21251,0.96063,0.929,0.23,0.601,True
HC_04,healthy,10.71,0.15259,0.20192,0.97088,-0.032,0.007,-1.474,True
HC_04,healthy,10.72,0.15316,0.2017,0.94444,-0.157,-0.058,-1.708,True
HC_04,healthy,10.73,0.16297,0.21166,0.93536,0.293,-0.212,0.396,True
HC_04,healthy,10.74,0.17076,0.22922,0.92806,1.371,-1.386,0.199,True
HC_04,healthy,10.75,0.18044,0.2419,0.93684,-0.812,0.773,0.766,True
HC_04,healthy,10.76,0.19177,0.184,0.90113,-0.502,-0.406,2.19,True
HC_04,healthy,10.77,0.19799,0.20727,0.95408,0.338,-0.497,1.003,True
HC_04,healthy,10.78,0.18358,0.2073,0.93535,1.592,0.236,1.484,True
HC_04,healthy,10.790000000000001,0.1625,0.17748,0.94115,-1.992,0.234,-0.805,True
HC_04,healthy,10.8,0.14712,0.18685,0.93773,-0.589,-0.578,-1.208,True
HC_04,healthy,10.81,0.13167,0.23243,0.92402,0.146,-1.04,-1.871,True
HC_04,healthy,10.82,0.17459,0.20125,0.95174,0.666,0.897,-1.175,True
HC_04,healthy,10.83,0.18457,0.23046,0.92902,0.489,-0.875,0.194,True
HC_04,healthy,10.84,0.18273,0.2143,0.94737,-1.356,0.488,0.253,True
HC_04,healthy,10.85,0.21379,0.2194,0.93435,0.445,0.097,0.125,True
HC_04,healthy,10.86,0.18293,0.23143,0.91043,-1.551,-0.004,3.013,True
HC_04,healthy,10.870000000000001,0.18526,0.21834,0.95958,-1.125,0.691,1.213,True
HC_04,healthy,10.88,0.15264,0.20459,0.94456,-0.748,-1.491,0.925,True
HC_04,healthy,10.89,0.17144,0.18125,0.92353,-0.748,-0.147,-0.94,True
HC_04,healthy,10.9,0.17193,0.19333,0.94087,0.04,-1.387,-2.519,True
HC_04,healthy,10.91,0.18557,0.19994,0.95161,0.216,0.618,-1.195,True
HC_04,healthy,10.92,0.19818,0.24354,0.92291,-0.895,0.91,-2.785,True
HC_04,healthy,10.93,0.15971,0.21588,0.95342,0.231,-0.096,0.009,True
HC_04,healthy,10.94,0.19142,0.21804,0.91292,0.095,-1.398,1.7,True
HC_04,healthy,10.950000000000001,0.20739,0.21114,0.90764,-0.227,0.566,1.184,True
HC_04,healthy,10.96,0.1924,0.18892,0.90569,-0.606,0.913,0.496,True
HC_04,healthy,10.97,0.18244,0.19674,0.93789,0.086,0.784,1.148,True
HC_04,healthy,10.98,0.18254,0.2151,0.95491,-0.261,-0.492,-0.526,True
HC_04,healthy,10.99,0.16844,0.18667,0.94428,0.304,0.368,-1.262,True
HC_04,healthy,11.0,0.14992,0.19059,0.93824,-1.017,-0.907,-0.724,True
HC_04,healthy,11.01,0.15245,0.22855,0.91505,0.95,0.409,-1.565,True
HC_04,healthy,11.02,0.18292,0.24324,0.93986,-0.097,-0.689,0.473,True
HC_04,healthy,11.03,0.17522,0.24559,0.93484,-0.598,-0.994,-0.89,True
HC_04,healthy,11.040000000000001,0.20364,0.21422,0.96951,1.053,-0.003,0.722,True
HC_04,healthy,11.05,0.19616,0.21922,0.9163,1.137,-1.258,0.664,True
HC_04,healthy,11.06,0.19296,0.19855,0.94336,-0.061,0.789,2.053,True
HC_04,healthy,11.07,0.1914,0.20371,0.91741,-0.246,-0.32,0.741,True
HC_04,healthy,11.08,0.17961,0.21919,0.94098,1.087,-0.289,-0.469,True
HC_04,healthy,11.09,0.15771,0.20445,0.94668,-1.131,-0.303,-1.457,True
HC_04,healthy,11.1,0.16404,0.23163,0.95019,-0.353,-0.053,-0.096,True
HC_04,healthy,11.11,0.16451,0.19584,0.92943,1.444,-0.827,-1.393,True
HC_04,healthy,11.120000000000001,0.18788,0.24676,0.92268,-0.507,-1.142,-1.299,True
HC_04,healthy,11.13,0.20944,0.22313,0.95175,1.264,-0.06,0.603,True
HC_04,healthy,11.14,0.18845,0.23353,0.92529,0.341,0.404,0.556,True
HC_04,healthy,11.15,0.18302,0.19699,0.92917,1.636,-0.478,1.964,True
HC_04,healthy,11.16,0.20173,0.221,0.9238,0.248,-0.923,0.285,True
HC_04,healthy,11.17,0.19693,0.19837,0.92468,-0.261,0.803,0.536,True
HC_04,healthy,11.18,0.15318,0.22192,0.94611,0.222,-0.603,0.425,True
HC_04,healthy,11.19,0.17154,0.21747,0.92823,1.024,0.89,-1.394,True
HC_04,healthy,11.200000000000001,0.16639,0.22225,0.93421,-0.709,0.057,-1.265,True
HC_04,healthy,11.21,0.1481,0.23978,0.92941,-2.24,-0.144,-1.096,True
HC_04,healthy,11.22,0.18713,0.24537,0.94745,-0.248,0.023,-0.64,True
HC_04,healthy,11.23,0.19788,0.23212,0.92712,1.158,1.429,1.139,True
HC_04,healthy,11.24,0.17271,0.2073,0.94661,-0.072,1.3,2.016,True
HC_04,healthy,11.25,0.19365,0.20752,0.92798,0.499,0.544,0.666,True
HC_04,healthy,11.26,0.18025,0.18205,0.93503,0.01,1.243,-0.504,True
HC_04,healthy,11.27,0.19395,0.23311,0.9374,-1.297,-0.283,-0.145,True
HC_04,healthy,11.28,0.18779,0.21616,0.90696,0.89,0.679,-1.022,True
HC_04,healthy,11.290000000000001,0.1574,0.19056,0.94696,-0.078,0.168,-1.349,True
HC_04,healthy,11.3,0.17258,0.24266,0.91287,0.614,0.531,-1.446,True
HC_04,healthy,11.31,0.1442,0.22466,0.92815,-0.992,-0.651,-1.26,True
HC_04,healthy,11.32,0.18177,0.25416,0.9209,-0.209,0.572,-0.1,True
HC_04,healthy,11.33,0.1916,0.22745,0.93874,0.374,-0.24,0.183,True
HC_04,healthy,11.34,0.19087,0.2238,0.90998,-0.454,0.523,2.15,True
HC_04,healthy,11.35,0.21495,0.16953,0.91101,0.427,-1.118,1.232,True
HC_04,healthy,11.36,0.21714,0.19933,0.93883,-0.103,-0.46,0.211,True
HC_04,healthy,11.370000000000001,0.19967,0.20191,0.94776,0.624,-0.015,0.327,True
HC_04,healthy,11.38,0.17067,0.19514,0.91205,-0.788,0.891,-0.775,True
HC_04,healthy,11.39,0.18826,0.2344,0.9598,0.196,0.969,-1.29,True
HC_04,healthy,11.4,0.17077,0.22259,0.94394,0.607,-0.248,-0.492,True
HC_04,healthy,11.41,0.18945,0.2188,0.93744,-0.191,-0.434,-0.094,True
HC_04,healthy,11.42,0.22642,0.20825,0.93782,0.644,0.251,1.233,True
HC_04,healthy,11.43,0.18902,0.21553,0.90953,-1.424,-0.578,1.04,True
HC_04,healthy,11.44,0.19537,0.21244,0.93779,0.249,-0.148,1.274,True
HC_04,healthy,11.450000000000001,0.18848,0.23806,0.93364,-1.536,0.112,0.884,True
HC_04,healthy,11.46,0.18237,0.24045,0.93223,-0.561,-0.626,0.23,True
HC_04,healthy,11.47,0.19101,0.21101,0.94919,0.995,0.328,-1.542,True
HC_04,healthy,11.48,0.18512,0.19245,0.93223,-0.637,1.295,-2.493,True
HC_04,healthy,11.49,0.17938,0.23355,0.93223,-0.997,0.867,-1.783,True
HC_04,healthy,11.5,0.1945,0.24069,0.94719,0.14,-1.038,-1.735,True
HC_04,healthy,11.51,0.19165,0.21449,0.92786,0.069,1.03,1.219,True
HC_04,healthy,11.52,0.19903,0.24679,0.91045,-0.357,0.899,1.811,True
HC_04,healthy,11.53,0.21772,0.21661,0.92799,0.336,-0.399,3.198,True
HC_04,healthy,11.540000000000001,0.21509,0.21861,0.93911,-0.419,0.622,0.819,True
HC_04,healthy,11.55,0.22623,0.21025,0.91833,-0.205,-1.421,0.747,True
HC_04,healthy,11.56,0.18762,0.20457,0.92413,0.835,-0.544,0.429,True
HC_04,healthy,11.57,0.17044,0.19315,0.93782,0.32,0.137,0.197,True
HC_04,healthy,11.58,0.21265,0.2205,0.92195,-1.407,-0.411,-1.658,True
HC_04,healthy,11.59,0.19345,0.23894,0.94288,0.023,1.093,-1.172,True
HC_04,healthy,11.6,0.17222,0.22404,0.9303,0.043,-0.54,-0.137,True
HC_04,healthy,11.61,0.22068,0.20627,0.95133,0.334,0.487,-1.055,True
HC_04,healthy,11.620000000000001,0.18788,0.19658,0.91379,1.558,-1.249,1.475,True
HC_04,healthy,11.63,0.22188,0.18631,0.92084,-1.269,0.416,1.908,True
HC_04,healthy,11.64,0.22108,0.23803,0.9047,1.364,0.597,1.822,True
HC_04,healthy,11.65,0.18196,0.22575,0.89739,0.184,0.024,-0.252,True
HC_04,healthy,11.66,0.19077,0.20237,0.93307,0.266,1.528,-0.505,True
HC_04,healthy,11.67,0.177,0.19503,0.91354,0.153,-0.267,-2.079,True
HC_04,healthy,11.68,0.1775,0.20461,0.91662,0.753,-0.182,-1.846,True
HC_04,healthy,11.69,0.20354,0.24294,0.94172,0.093,0.696,-1.107,True
HC_04,healthy,11.700000000000001,0.18624,0.20284,0.92102,-0.313,0.903,-0.124,True
HC_04,healthy,11.71,0.1993,0.23385,0.92528,-0.856,0.597,1.425,True
HC_04,healthy,11.72,0.24195,0.21819,0.89567,-0.02,0.106,1.573,True
HC_04,healthy,11.73,0.20913,0.25052,0.94226,0.644,-1.258,1.729,True
HC_04,healthy,11.74,0.21599,0.21457,0.9136,-0.841,-0.264,1.947,True
HC_04,healthy,11.75,0.22618,0.22193,0.90161,0.045,0.316,-0.289,True
HC_04,healthy,11.76,0.16064,0.19555,0.94494,-0.902,-0.022,0.817,True
HC_04,healthy,11.77,0.20775,0.22762,0.94843,1.636,-0.769,-0.424,True
HC_04,healthy,11.78,0.19432,0.22085,0.91427,0.08,0.109,-0.985,True
HC_04,healthy,11.790000000000001,0.18301,0.22694,0.9233,-1.581,0.643,-2.363,True
HC_04,healthy,11.8,0.18092,0.22488,0.92517,-1.014,-0.814,0.797,True
HC_04,healthy,11.81,0.18517,0.21754,0.91673,1.086,-0.357,1.42,True
HC_04,healthy,11.82,0.23576,0.23746,0.92716,0.208,-0.297,1.886,True
HC_04,healthy,11.83,0.20842,0.19929,0.95562,-0.116,0.858,1.82,True
HC_04,healthy,11.84,0.20348,0.19889,0.90709,0.186,-0.807,1.288,True
HC_04,healthy,11.85,0.2183,0.21836,0.91633,0.896,-0.317,0.19,True
HC_04,healthy,11.86,0.19161,0.24572,0.92428,0.579,1.36,-1.283,True
HC_04,healthy,11.870000000000001,0.19074,0.2239,0.94176,0.108,-0.991,-1.877,True
HC_04,healthy,11.88,0.18978,0.22927,0.92875,0.717,-0.607,-0.966,True
HC_04,healthy,11.89,0.1871,0.23738,0.91212,-0.131,-0.188,0.186,True
HC_04,healthy,11.9,0.20335,0.23136,0.94085,0.458,0.663,0.367,True
HC_04,healthy,11.91,0.22232,0.22421,0.90212,-2.499,0.744,1.455,True
HC_04,healthy,11.92,0.21835,0.23631,0.9161,0.509,0.301,1.29,True
HC_04,healthy,11.93,0.21834,0.22044,0.91159,-0.147,-0.101,1.026,True
HC_04,healthy,11.94,0.20081,0.21633,0.94033,0.062,-0.395,0.412,True
HC_04,healthy,11.950000000000001,0.21779,0.21661,0.92877,-0.489,0.366,-0.349,True
HC_04,healthy,11.96,0.18267,0.23206,0.89747,0.018,1.814,-0.799,True
HC_04,healthy,11.97,0.18952,0.25429,0.90694,1.326,-0.129,-0.956,True
HC_04,healthy,11.98,0.17906,0.2448,0.89891,0.36,-0.147,-0.331,True
HC_04,healthy,11.99,0.20445,0.21835,0.93786,0.811,-0.724,-0.792,True
HC_04,healthy,12.0,0.20587,0.22866,0.90987,1.054,-0.556,2.358,True
HC_04,healthy,12.01,0.23764,0.20893,0.94662,-0.401,0.121,1.831,True
HC_04,healthy,12.02,0.2065,0.20597,0.9334,-0.279,-0.881,1.929,True
HC_04,healthy,12.030000000000001,0.21815,0.2088,0.92485,0.104,-0.211,-0.447,True
HC_04,healthy,12.040000000000001,0.17927,0.20243,0.91997,2.335,0.118,0.341,True
HC_04,healthy,12.05,0.19266,0.22327,0.92823,-0.998,-0.28,-0.602,True
HC_04,healthy,12.06,0.16854,0.20913,0.91033,-0.566,-1.011,-2.248,True
HC_04,healthy,12.07,0.17167,0.23871,0.93188,-1.312,-0.476,-0.462,True
HC_04,healthy,12.08,0.22952,0.27362,0.92257,0.685,-0.749,0.097,True
HC_04,healthy,12.09,0.18243,0.204,0.94802,1.503,-0.449,0.698,True
HC_04,healthy,12.1,0.22564,0.23214,0.905,0.736,0.995,0.133,True
HC_04,healthy,12.11,0.24749,0.22896,0.94336,-0.536,0.467,1.977,True
HC_04,healthy,12.120000000000001,0.21389,0.22102,0.92301,-0.216,-0.663,1.681,True
HC_04,healthy,12.13,0.20579,0.21249,0.9119,0.008,-0.048,-0.89,True
HC_04,healthy,12.14,0.18628,0.22386,0.89775,-0.435,1.036,0.143,True
HC_04,healthy,12.15,0.20309,0.23318,0.93193,-1.004,-1.899,-0.698,True
HC_04,healthy,12.16,0.1714,0.20606,0.93417,0.566,-0.382,-0.628,True
HC_04,healthy,12.17,0.16384,0.2236,0.94229,-0.935,-0.319,-0.059,True
HC_04,healthy,12.18,0.22226,0.23191,0.91688,-0.259,0.566,-1.114,True
HC_04,healthy,12.19,0.21496,0.23321,0.91226,0.035,1.221,0.854,True
HC_04,healthy,12.200000000000001,0.1927,0.21437,0.92135,-0.716,0.952,-0.059,True
HC_04,healthy,12.21,0.20825,0.22087,0.92572,1.187,0.9,1.686,True
HC_04,healthy,12.22,0.21597,0.22352,0.93933,-1.258,-0.876,0.91,True
HC_04,healthy,12.23,0.20948,0.22285,0.92321,-1.848,-0.04,-0.164,True
HC_04,healthy,12.24,0.19481,0.22477,0.91156,-0.535,0.637,-0.33,True
HC_04,healthy,12.25,0.16439,0.22929,0.92603,-0.714,1.104,-0.918,True
HC_04,healthy,12.26,0.17455,0.22561,0.94566,-0.314,-0.735,0.325,True
HC_04,healthy,12.27,0.18475,0.24501,0.94162,0.08,-1.629,0.151,True
HC_04,healthy,12.280000000000001,0.22393,0.24025,0.93229,0.472,0.404,0.364,True
HC_04,healthy,12.290000000000001,0.23092,0.24493,0.94126,0.436,0.348,1.457,True
HC_04,healthy,12.3,0.25478,0.21116,0.92541,-1.077,-1.032,2.143,True
HC_04,healthy,12.31,0.19138,0.21615,0.90803,0.014,0.574,1.418,True
HC_04,healthy,12.32,0.19331,0.22711,0.92923,-0.283,1.337,1.187,True
HC_04,healthy,12.33,0.20575,0.22318,0.94966,1.564,-0.401,-1.195,True
HC_04,healthy,12.34,0.16049,0.21322,0.92901,1.287,-0.667,-1.57,True
HC_04,healthy,12.35,0.17982,0.22506,0.94273,-0.595,0.026,-1.477,True
HC_04,healthy,12.36,0.20675,0.24457,0.93778,1.691,-0.998,-1.425,True
HC_04,healthy,12.370000000000001,0.20542,0.2449,0.92169,-0.333,-0.997,0.153,True
HC_04,healthy,12.38,0.22578,0.23985,0.91842,0.444,0.273,0.775,True
HC_04,healthy,12.39,0.24041,0.21045,0.90086,0.121,0.029,0.973,True
HC_04,healthy,12.4,0.19583,0.22468,0.9216,0.111,0.511,0.915,True
HC_04,healthy,12.41,0.24397,0.20602,0.91439,-1.34,-0.388,0.693,True
HC_04,healthy,12.42,0.21195,0.23416,0.91961,0.467,0.821,1.267,True
HC_04,healthy,12.43,0.16828,0.20819,0.92203,-0.728,0.824,-0.161,True
HC_04,healthy,12.44,0.17442,0.22946,0.92928,0.544,-0.623,-0.234,True
HC_04,healthy,12.450000000000001,0.17982,0.23195,0.944,0.177,-0.258,-1.051,True
HC_04,healthy,12.46,0.19033,0.23939,0.91407,-0.936,0.305,-0.504,True
HC_04,healthy,12.47,0.20796,0.24562,0.9145,-0.27,0.362,0.515,True
HC_04,healthy,12.48,0.19298,0.22523,0.95049,-0.266,1.333,1.648,True
HC_04,healthy,12.49,0.19612,0.24258,0.93208,0.622,0.218,1.388,True
HC_04,healthy,12.5,0.21689,0.20968,0.88831,-1.553,0.629,-0.172,True
HC_04,healthy,12.51,0.19398,0.19152,0.92465,-0.632,-0.963,2.221,True
HC_04,healthy,12.52,0.2174,0.22622,0.9234,0.576,-1.21,-0.529,True
HC_04,healthy,12.530000000000001,0.20866,0.21503,0.90464,-0.713,-0.3,-0.253,True
HC_04,healthy,12.540000000000001,0.1951,0.24719,0.88854,0.532,-1.191,-1.835,True
HC_04,healthy,12.55,0.18099,0.2134,0.90882,-0.095,1.566,-0.481,True
HC_04,healthy,12.56,0.19662,0.25093,0.90591,-0.326,0.101,-0.054,True
HC_04,healthy,12.57,0.18767,0.24307,0.9359,-0.118,0.869,0.696,True
HC_04,healthy,12.58,0.19208,0.25104,0.92897,0.512,-1.153,0.827,True
HC_04,healthy,12.59,0.20655,0.20401,0.91335,-0.001,-0.905,1.389,True
HC_04,healthy,12.6,0.21419,0.19362,0.9354,0.381,0.228,1.559,True
HC_04,healthy,12.61,0.20878,0.19966,0.94749,1.149,0.572,0.115,True
HC_04,healthy,12.620000000000001,0.19616,0.21126,0.94169,0.321,-0.06,0.341,True
HC_04,healthy,12.63,0.2014,0.20246,0.93208,0.74,0.269,-1.954,True
HC_04,healthy,12.64,0.17886,0.23711,0.9319,-0.192,0.605,-1.389,True
HC_04,healthy,12.65,0.18455,0.22803,0.9129,0.068,-0.914,-0.026,True
HC_04,healthy,12.66,0.18752,0.26915,0.92742,0.302,-0.067,0.461,True
HC_04,healthy,12.67,0.20436,0.2403,0.93371,-0.848,0.734,1.295,True
HC_04,healthy,12.68,0.21159,0.2253,0.9434,-0.165,0.194,1.524,True
HC_04,healthy,12.69,0.22302,0.23174,0.94321,0.725,-0.599,1.634,True
HC_04,healthy,12.700000000000001,0.1866,0.24168,0.92747,-1.074,1.005,0.851,True
HC_04,healthy,12.71,0.18398,0.22736,0.91523,-1.036,-0.766,-0.264,True
HC_04,healthy,12.72,0.18594,0.23293,0.9234,0.553,-1.027,-1.074,True
HC_04,healthy,12.73,0.19555,0.21827,0.91579,-0.701,-0.923,-1.398,True
HC_04,healthy,12.74,0.16224,0.24024,0.92772,-0.371,-0.838,-0.136,True
HC_04,healthy,12.75,0.19963,0.27258,0.90227,-0.056,-0.555,0.145,True
HC_04,healthy,12.76,0.20296,0.24339,0.93332,1.695,1.011,0.228,True
HC_04,healthy,12.77,0.21773,0.2485,0.9104,-0.244,0.089,0.831,True
HC_04,healthy,12.780000000000001,0.21524,0.23703,0.92972,-0.186,0.789,0.747,True
HC_04,healthy,12.790000000000001,0.21285,0.21673,0.93474,0.176,-1.123,0.327,True
HC_04,healthy,12.8,0.19109,0.2317,0.91713,-0.743,0.224,-0.332,True
HC_04,healthy,12.81,0.21055,0.21885,0.92561,0.244,0.463,0.259,True
HC_04,healthy,12.82,0.17277,0.2028,0.93353,0.069,1.037,-0.175,True
HC_04,healthy,12.83,0.19509,0.23954,0.93496,-0.289,1.074,-2.244,True
HC_04,healthy,12.84,0.18677,0.22936,0.93557,0.712,1.363,-1.859,True
HC_04,healthy,12.85,0.18578,0.25835,0.93018,0.579,-0.676,-0.572,True
HC_04,healthy,12.86,0.19514,0.25645,0.9343,0.729,-0.331,1.347,True
HC_04,healthy,12.870000000000001,0.19424,0.2122,0.9226,-0.705,0.319,0.523,True
HC_04,healthy,12.88,0.21074,0.20673,0.93544,-0.116,1.212,1.389,True
HC_04,healthy,12.89,0.2098,0.20445,0.93397,0.276,-1.192,1.505,True
HC_04,healthy,12.9,0.1915,0.2148,0.92168,-0.538,0.19,-0.655,True
HC_04,healthy,12.91,0.21172,0.2295,0.90371,-1.607,0.322,-0.485,True
HC_04,healthy,12.92,0.18427,0.22865,0.91796,-1.551,-0.143,-0.748,True
HC_04,healthy,12.93,0.17821,0.2432,0.92355,-0.468,-0.312,0.896,True
HC_04,healthy,12.94,0.19354,0.24599,0.90022,-0.556,-1.604,-0.456,True
HC_04,healthy,12.950000000000001,0.19629,0.23301,0.94974,-0.556,0.786,-0.233,True
HC_04,healthy,12.96,0.22053,0.22703,0.92506,0.248,-0.384,0.776,True
HC_04,healthy,12.97,0.20776,0.21086,0.92177,-0.77,1.01,1.654,True
HC_04,healthy,12.98,0.19823,0.22763,0.91361,0.604,-0.481,1.525,True
HC_04,healthy,12.99,0.2054,0.23619,0.94757,0.613,-0.417,0.008,True
HC_04,healthy,13.0,0.18837,0.18523,0.95087,-0.328,0.726,0.616,True
HC_04,healthy,13.01,0.20317,0.20667,0.92167,-0.469,0.868,-2.469,True
HC_04,healthy,13.02,0.19654,0.23811,0.93488,1.064,0.266,-1.876,True
HC_04,healthy,13.030000000000001,0.17962,0.25515,0.89879,-1.011,1.08,-2.209,True
HC_04,healthy,13.040000000000001,0.20679,0.21769,0.93623,0.95,0.547,-0.477,True
HC_04,healthy,13.05,0.17733,0.23158,0.91519,-0.116,0.238,0.64,True
HC_04,healthy,13.06,0.20269,0.23487,0.9163,-0.575,-0.843,3.434,True
HC_04,healthy,13.07,0.19906,0.22818,0.9465,-0.07,0.671,1.495,True
HC_04,healthy,13.08,0.19299,0.20407,0.93167,0.064,0.03,-0.406,True
HC_04,healthy,13.09,0.21719,0.21235,0.91928,-0.406,-0.71,1.456,True
HC_04,healthy,13.1,0.16979,0.18301,0.90123,-0.819,0.118,-0.355,True
HC_04,healthy,13.11,0.18558,0.22747,0.9449,0.689,-1.072,-0.278,True
HC_04,healthy,13.120000000000001,0.18784,0.24167,0.91316,0.396,-0.401,-2.464,True
HC_04,healthy,13.13,0.19273,0.23267,0.92347,0.786,0.736,0.079,True
HC_04,healthy,13.14,0.18902,0.25907,0.91856,0.343,-0.636,0.076,True
HC_04,healthy,13.15,0.21468,0.20591,0.95856,1.114,-1.057,0.183,True
HC_04,healthy,13.16,0.21166,0.21607,0.94919,0.068,-1.166,0.852,True
HC_04,healthy,13.17,0.20598,0.21857,0.91206,-0.063,0.285,1.301,True
HC_04,healthy,13.18,0.19156,0.21782,0.94557,-0.098,-0.821,0.123,True
HC_04,healthy,13.19,0.21365,0.22918,0.90531,1.457,0.075,-1.128,True
HC_04,healthy,13.200000000000001,0.19815,0.22165,0.90955,0.54,0.109,-0.21,True
HC_04,healthy,13.21,0.18638,0.22064,0.95065,-0.083,-0.921,-0.691,True
HC_04,healthy,13.22,0.19981,0.22281,0.93311,-0.557,-1.782,-2.928,True
HC_04,healthy,13.23,0.18479,0.2475,0.92202,-0.438,1.445,-0.197,True
HC_04,healthy,13.24,0.2133,0.218,0.92139,0.061,0.113,1.249,True
HC_04,healthy,13.25,0.20335,0.22488,0.89684,0.522,-0.724,-0.407,True
HC_04,healthy,13.26,0.22365,0.23972,0.91529,0.855,1.261,0.594,True
HC_04,healthy,13.27,0.20848,0.19387,0.93563,0.105,0.442,-0.144,True
HC_04,healthy,13.280000000000001,0.18672,0.20999,0.91995,0.509,-0.095,-0.041,True
HC_04,healthy,13.290000000000001,0.18805,0.20013,0.93421,-1.281,-1.194,0.594,True
HC_04,healthy,13.3,0.18639,0.2385,0.94281,0.846,-0.811,-1.912,True
HC_04,healthy,13.31,0.17607,0.21144,0.9149,-0.5,0.08,-1.464,True
HC_04,healthy,13.32,0.19655,0.24577,0.93979,0.266,-0.717,-0.843,True
HC_04,healthy,13.33,0.1892,0.2545,0.92051,0.622,0.121,-0.606,True
HC_04,healthy,13.34,0.17371,0.23118,0.92129,0.444,-0.766,1.904,True
HC_04,healthy,13.35,0.23102,0.2254,0.94081,-0.3,0.935,1.702,True
HC_04,healthy,13.36,0.21125,0.22823,0.91539,-0.699,0.091,0.35,True
HC_04,healthy,13.370000000000001,0.2142,0.22664,0.91383,0.504,-1.212,1.705,True
HC_04,healthy,13.38,0.19836,0.22647,0.93228,-0.169,-0.321,-0.284,True
HC_04,healthy,13.39,0.17789,0.21274,0.92531,-0.482,0.55,-0.79,True
HC_04,healthy,13.4,0.17034,0.2194,0.92313,-1.747,0.268,-1.298,True
HC_04,healthy,13.41,0.18715,0.22732,0.91626,-1.457,-0.89,-0.687,True
HC_04,healthy,13.42,0.15368,0.24315,0.95333,0.49,-0.554,-0.137,True
HC_04,healthy,13.43,0.20611,0.23025,0.96292,0.337,-1.039,-0.365,True
HC_04,healthy,13.44,0.19028,0.22277,0.93003,1.024,-0.667,1.548,True
HC_04,healthy,13.450000000000001,0.24292,0.23171,0.93885,-0.297,0.716,1.743,True
HC_04,healthy,13.46,0.21195,0.21719,0.91895,-1.298,0.119,1.777,True
HC_04,healthy,13.47,0.19351,0.24112,0.96279,-0.072,-0.036,-0.736,True
HC_04,healthy,13.48,0.18283,0.20643,0.89565,0.889,-0.371,-0.481,True
HC_04,healthy,13.49,0.17815,0.22574,0.91801,-0.346,0.105,-0.589,True
HC_04,healthy,13.5,0.17154,0.22495,0.90241,0.332,1.19,-0.264,True
HC_04,healthy,13.51,0.16061,0.23681,0.92676,-0.345,0.381,-0.694,True
HC_04,healthy,13.52,0.1942,0.23432,0.93321,0.918,0.205,1.404,True
HC_04,healthy,13.530000000000001,0.19997,0.21464,0.93004,0.517,0.43,1.433,True
HC_04,healthy,13.540000000000001,0.21081,0.2103,0.92325,0.23,0.219,1.635,True
HC_04,healthy,13.55,0.19473,0.2042,0.95378,-0.983,-0.302,1.51,True
HC_04,healthy,13.56,0.1872,0.21041,0.93277,-0.628,0.634,2.035,True
HC_04,healthy,13.57,0.2058,0.226,0.93123,0.486,0.909,-0.959,True
HC_04,healthy,13.58,0.18493,0.19702,0.92117,0.969,0.124,-1.75,True
HC_04,healthy,13.59,0.15797,0.22959,0.92707,1.544,0.984,-0.389,True
HC_04,healthy,13.6,0.18454,0.22785,0.94565,-1.523,0.345,-1.461,True
HC_04,healthy,13.61,0.18296,0.23108,0.94784,0.849,0.022,-1.616,True
HC_04,healthy,13.620000000000001,0.21138,0.22604,0.93829,0.633,0.258,0.659,True
HC_04,healthy,13.63,0.20051,0.22598,0.93633,-0.749,0.127,2.557,True
HC_04,healthy,13.64,0.1699,0.20228,0.94486,0.76,-0.219,0.552,True
HC_04,healthy,13.65,0.2104,0.2196,0.94203,0.103,-0.047,1.206,True
HC_04,healthy,13.66,0.17123,0.21412,0.95275,-0.014,0.881,0.787,True
HC_04,healthy,13.67,0.14032,0.20977,0.92234,-1.405,-0.573,0.348,True
HC_04,healthy,13.68,0.16905,0.21878,0.92779,-0.231,-0.286,-0.592,True
HC_04,healthy,13.69,0.17739,0.21064,0.93109,0.319,0.87,-0.362,True
HC_04,healthy,13.700000000000001,0.17474,0.229,0.92132,-0.307,0.093,-0.72,True
HC_04,healthy,13.71,0.20707,0.25095,0.94234,-1.551,0.435,-0.595,True
HC_04,healthy,13.72,0.20492,0.22068,0.90686,0.69,0.377,0.606,True
HC_04,healthy,13.73,0.18605,0.22293,0.9191,-1.052,0.23,2.18,True
HC_04,healthy,13.74,0.18764,0.23525,0.93958,0.388,-0.152,2.033,True
HC_04,healthy,13.75,0.21202,0.20973,0.94148,-0.185,0.293,1.752,True
HC_04,healthy,13.76,0.18671,0.22215,0.91892,-0.856,-0.084,1.32,True
HC_04,healthy,13.77,0.1763,0.19186,0.92387,-1.391,0.542,-0.727,True
HC_04,healthy,13.780000000000001,0.16443,0.21435,0.95074,1.23,0.37,-0.892,True
HC_04,healthy,13.790000000000001,0.18188,0.21453,0.92827,-0.144,-0.446,-2.048,True
HC_04,healthy,13.8,0.20188,0.2088,0.94104,0.79,0.769,-0.395,True
HC_04,healthy,13.81,0.17654,0.23976,0.94941,-0.574,0.142,-0.29,True
HC_04,healthy,13.82,0.19122,0.22271,0.91207,-0.383,-0.739,1.825,True
HC_04,healthy,13.83,0.2172,0.22438,0.93568,0.035,0.651,0.972,True
HC_04,healthy,13.84,0.18394,0.21111,0.92862,-1.418,0.273,1.073,True
HC_04,healthy,13.85,0.18197,0.20648,0.96378,0.254,0.563,1.211,True
HC_04,healthy,13.86,0.15808,0.18628,0.92052,0.528,1.439,0.266,True
HC_04,healthy,13.870000000000001,0.16848,0.19425,0.93332,-0.924,1.619,-2.151,True
HC_04,healthy,13.88,0.18114,0.19768,0.94422,-0.075,0.127,-2.253,True
HC_04,healthy,13.89,0.17292,0.20414,0.92479,-1.221,-0.356,0.22,True
HC_04,healthy,13.9,0.1991,0.23686,0.92803,0.513,0.81,0.57,True
HC_04,healthy,13.91,0.19624,0.21939,0.93792,-1.584,0.109,1.508,True
HC_04,healthy,13.92,0.20054,0.21204,0.92787,0.074,0.017,2.227,True
HC_04,healthy,13.93,0.17244,0.22935,0.9225,0.048,-0.719,2.883,True
HC_04,healthy,13.94,0.20158,0.21028,0.93223,-1.18,0.15,2.164,True
HC_04,healthy,13.950000000000001,0.18972,0.16981,0.93816,-0.204,0.119,0.966,True
HC_04,healthy,13.96,0.16717,0.22552,0.94795,-1.026,-0.249,0.662,True
HC_04,healthy,13.97,0.15998,0.2019,0.94735,-0.436,1.382,-1.369,True
HC_04,healthy,13.98,0.17586,0.24062,0.95522,1.001,1.677,-2.325,True
HC_04,healthy,13.99,0.14372,0.23831,0.95816,0.78,0.121,-1.419,True
HC_04,healthy,14.0,0.17801,0.19466,0.93428,-1.669,0.353,0.03,True
HC_04,healthy,14.01,0.20924,0.22397,0.9457,0.786,1.055,1.456,True
HC_04,healthy,14.02,0.19241,0.23958,0.94356,0.423,-0.737,0.557,True
HC_04,healthy,14.030000000000001,0.18148,0.24404,0.941,0.527,-1.1,0.781,True
HC_04,healthy,14.040000000000001,0.16275,0.20633,0.94373,0.634,0.363,-0.502,True
HC_04,healthy,14.05,0.17184,0.20476,0.94516,-0.547,0.432,-0.173,True
HC_04,healthy,14.06,0.18091,0.21059,0.95473,-0.887,-0.524,-1.249,True
HC_04,healthy,14.07,0.13818,0.19031,0.92252,-0.301,-0.169,-0.273,True
HC_04,healthy,14.08,0.17597,0.2388,0.95521,-0.763,0.585,-1.363,True
HC_04,healthy,14.09,0.19249,0.21423,0.95187,0.013,0.583,0.431,True
HC_04,healthy,14.1,0.17367,0.22624,0.92221,-1.529,-1.095,0.047,True
HC_04,healthy,14.11,0.20534,0.20983,0.9273,-1.146,-0.463,1.483,True
HC_04,healthy,14.120000000000001,0.18376,0.22458,0.90022,-0.619,-0.68,0.786,True
HC_04,healthy,14.13,0.19893,0.18992,0.93632,-2.169,1.011,0.808,True
HC_04,healthy,14.14,0.16673,0.20052,0.9564,-0.997,0.573,0.122,True
HC_04,healthy,14.15,0.14322,0.16646,0.93393,0.872,0.082,-1.913,True
HC_04,healthy,14.16,0.17049,0.19272,0.9517,1.256,0.511,-2.438,True
HC_04,healthy,14.17,0.13807,0.20413,0.94071,-1.326,-0.903,-1.668,True
HC_04,healthy,14.18,0.1573,0.2253,0.9668,0.755,0.169,-0.516,True
HC_04,healthy,14.19,0.18733,0.18322,0.9568,0.791,-0.267,-0.093,True
HC_04,healthy,14.200000000000001,0.18425,0.21789,0.96795,0.024,-0.228,0.897,True
HC_04,healthy,14.21,0.17176,0.21386,0.92277,0.711,-0.249,1.454,True
HC_04,healthy,14.22,0.19947,0.20085,0.93301,0.282,0.811,1.86,True
HC_04,healthy,14.23,0.20163,0.19956,0.95422,-0.107,-0.027,0.881,True
HC_04,healthy,14.24,0.16848,0.20655,0.94283,-0.072,0.034,-0.407,True
HC_04,healthy,14.25,0.14503,0.20339,0.94812,0.959,0.082,-0.539,True
HC_04,healthy,14.26,0.15061,0.20577,0.92706,0.275,0.129,-1.333,True
HC_04,healthy,14.27,0.14836,0.22054,0.92194,0.662,0.856,-0.662,True
HC_04,healthy,14.280000000000001,0.16665,0.19677,0.94281,-0.533,0.011,-1.22,True
HC_04,healthy,14.290000000000001,0.17982,0.22666,0.92974,-0.074,0.927,0.797,True
HC_04,healthy,14.3,0.18629,0.20503,0.93814,-1.388,-0.119,1.161,True
HC_04,healthy,14.31,0.17791,0.21346,0.96318,-0.446,0.314,1.526,True
HC_04,healthy,14.32,0.18992,0.20483,0.93321,-0.508,1.115,1.246,True
HC_04,healthy,14.33,0.19642,0.20234,0.93328,0.013,-1.029,0.259,True
HC_04,healthy,14.34,0.14499,0.18501,0.95053,0.224,0.73,-0.818,True
HC_04,healthy,14.35,0.14317,0.20789,0.93608,-0.669,0.294,-2.423,True
HC_04,healthy,14.36,0.16677,0.21375,0.93863,0.429,0.569,-2.677,True
HC_04,healthy,14.370000000000001,0.15174,0.20321,0.91906,-0.931,-0.285,-0.761,True
HC_04,healthy,14.38,0.14754,0.22041,0.9209,0.336,0.05,-1.531,True
HC_04,healthy,14.39,0.16002,0.22197,0.91991,-0.721,0.37,1.21,True
HC_04,healthy,14.4,0.16566,0.24967,0.94046,1.035,-0.643,0.311,True
HC_04,healthy,14.41,0.1728,0.21223,0.93362,0.667,-0.501,0.682,True
HC_04,healthy,14.42,0.17278,0.19893,0.93461,-0.862,-0.853,1.212,True
HC_04,healthy,14.43,0.16281,0.18974,0.95616,-0.019,0.559,-1.261,True
HC_04,healthy,14.44,0.1717,0.21145,0.95269,-0.435,0.103,-2.651,True
HC_04,healthy,14.450000000000001,0.14363,0.20154,0.96533,-1.492,0.568,-1.031,True
HC_04,healthy,14.46,0.14093,0.2004,0.9419,0.673,0.327,-3.374,True
HC_04,healthy,14.47,0.13681,0.24555,0.93624,0.539,-0.53,-1.063,True
HC_04,healthy,14.48,0.187,0.19768,0.92878,-0.149,-1.211,-0.402,True
HC_04,healthy,14.49,0.13019,0.21045,0.94046,0.211,0.252,-0.072,True
HC_04,healthy,14.5,0.16637,0.24217,0.94073,0.963,0.147,1.996,True
HC_04,healthy,14.51,0.16214,0.18819,0.95869,0.059,-0.442,2.211,True
HC_04,healthy,14.52,0.17666,0.19127,0.94729,0.278,1.199,1.095,True
HC_04,healthy,14.530000000000001,0.14989,0.19175,0.94171,0.741,-1.588,-1.225,True
HC_04,healthy,14.540000000000001,0.15986,0.17833,0.95532,-0.222,-0.62,-0.718,True
HC_04,healthy,14.55,0.15297,0.20687,0.92159,0.547,-0.209,-0.201,True
HC_04,healthy,14.56,0.14484,0.21331,0.93853,0.19,-0.743,-1.747,True
HC_04,healthy,14.57,0.16312,0.19105,0.95742,-0.306,-0.304,-2.014,True
HC_04,healthy,14.58,0.18509,0.21331,0.92278,0.012,1.172,-0.078,True
HC_04,healthy,14.59,0.1715,0.22494,0.95699,0.427,-0.083,0.697,True
HC_04,healthy,14.6,0.1675,0.1712,0.95569,0.702,-0.064,0.916,True
HC_04,healthy,14.61,0.18182,0.21265,0.94639,-0.139,-0.153,0.487,True
HC_04,healthy,14.620000000000001,0.14845,0.18359,0.94474,-0.64,0.216,0.714,True
HC_04,healthy,14.63,0.1907,0.18982,0.935,0.569,0.379,0.192,True
HC_04,healthy,14.64,0.15623,0.17231,0.91153,0.517,-0.167,-2.338,True
HC_04,healthy,14.65,0.15229,0.21108,0.94125,0.422,0.386,-1.185,True
HC_04,healthy,14.66,0.17477,0.2363,0.93884,-0.924,0.074,-1.205,True
HC_04,healthy,14.67,0.17222,0.22738,0.93562,0.535,0.038,-0.627,True
HC_04,healthy,14.68,0.1748,0.20285,0.98288,-0.792,0.581,0.372,True
HC_04,healthy,14.69,0.17983,0.2033,0.94932,-0.602,-0.236,0.666,True
HC_04,healthy,14.700000000000001,0.1822,0.23173,0.97741,0.345,0.322,1.91,True
HC_04,healthy,14.71,0.12524,0.21053,0.91981,0.163,-0.387,0.392,True
HC_04,healthy,14.72,0.18157,0.18659,0.92955,0.712,-1.16,0.454,True
HC_04,healthy,14.73,0.16146,0.20052,0.94425,-1.161,-1.257,-0.288,True
HC_04,healthy,14.74,0.1798,0.23243,0.94156,0.351,-0.847,-1.489,True
HC_04,healthy,14.75,0.12454,0.19798,0.9537,-0.414,0.31,-2.029,True
HC_04,healthy,14.76,0.14689,0.21286,0.95649,0.384,0.666,-0.668,True
HC_04,healthy,14.77,0.15389,0.21938,0.97151,-2.357,-0.977,0.163,True
HC_04,healthy,14.780000000000001,0.15923,0.20092,0.93742,-0.918,0.686,3.285,True
HC_04,healthy,14.790000000000001,0.16339,0.20625,0.96255,1.403,0.753,1.135,True
HC_04,healthy,14.8,0.17899,0.20559,0.9592,-1.308,0.376,0.4,True
HC_04,healthy,14.81,0.17426,0.15466,0.95412,0.748,1.212,0.163,True
HC_04,healthy,14.82,0.14738,0.1762,0.94644,1.74,0.38,-0.149,True
HC_04,healthy,14.83,0.13518,0.20531,0.96756,0.951,-0.542,-1.563,True
HC_04,healthy,14.84,0.13551,0.19565,0.97228,-0.911,-0.545,-1.041,True
HC_04,healthy,14.85,0.14731,0.19436,0.9784,-0.151,0.978,-0.376,True
HC_04,healthy,14.86,0.1225,0.22052,0.92998,0.094,0.43,0.211,True
HC_04,healthy,14.870000000000001,0.16711,0.21779,0.96343,0.395,0.242,2.897,True
HC_04,healthy,14.88,0.14746,0.20637,0.95533,-0.227,-1.742,-0.831,True
HC_04,healthy,14.89,0.16136,0.2065,0.94445,-0.199,0.913,1.458,True
HC_04,healthy,14.9,0.17498,0.21041,0.94094,-0.135,0.433,1.293,True
HC_04,healthy,14.91,0.15931,0.20168,0.93654,1.015,-0.726,0.588,True
HC_04,healthy,14.92,0.14177,0.18986,0.96502,-0.478,0.259,-0.289,True
HC_04,healthy,14.93,0.15567,0.23616,0.94146,0.73,1.265,-0.447,True
HC_04,healthy,14.94,0.13641,0.22511,0.95647,-0.07,0.727,-1.289,True
HC_04,healthy,14.950000000000001,0.17109,0.19769,0.94524,0.017,2.217,-0.992,True
HC_04,healthy,14.96,0.15909,0.21728,0.94665,-0.862,-0.794,-0.289,True
HC_04,healthy,14.97,0.17076,0.19322,0.94827,1.341,-0.309,1.049,True
HC_04,healthy,14.98,0.17899,0.17841,0.95592,0.703,0.031,1.238,True
HC_04,healthy,14.99,0.1851,0.1875,0.93512,0.108,0.536,1.13,True
HC_04,healthy,15.0,0.16675,0.19576,0.93727,-0.018,0.142,0.389,True
HC_04,healthy,15.01,0.14331,0.19037,0.9581,0.427,0.661,0.614,True
HC_04,healthy,15.02,0.1612,0.17737,0.96029,-0.996,-1.107,-1.011,True
HC_04,healthy,15.030000000000001,0.13817,0.21835,0.93444,1.229,-0.028,-2.124,True
HC_04,healthy,15.040000000000001,0.14995,0.19766,0.94464,-0.425,1.031,-1.939,True
HC_04,healthy,15.05,0.12864,0.22686,0.9302,-1.723,-0.149,-0.595,True
HC_04,healthy,15.06,0.16022,0.2325,0.94527,0.19,0.067,0.764,True
HC_04,healthy,15.07,0.16241,0.18775,0.95156,1.146,-0.788,1.181,True
HC_04,healthy,15.08,0.14472,0.22479,0.94065,1.927,0.112,1.814,True
HC_04,healthy,15.09,0.15645,0.18934,0.92233,0.776,0.813,0.593,True
HC_04,healthy,15.1,0.11077,0.22931,0.94092,-0.47,0.209,0.927,True
HC_04,healthy,15.11,0.18017,0.19531,0.94416,1.04,-0.718,0.134,True
HC_04,healthy,15.120000000000001,0.15047,0.21003,0.93006,-1.044,-0.409,-0.766,True
HC_04,healthy,15.13,0.14048,0.23329,0.96345,0.296,0.11,-2.49,True
HC_04,healthy,15.14,0.15923,0.19465,0.94807,-0.926,0.657,-1.639,True
HC_04,healthy,15.15,0.13944,0.20428,0.92933,-0.973,0.328,0.604,True
HC_04,healthy,15.16,0.15135,0.19165,0.96372,0.1,0.608,-0.052,True
HC_04,healthy,15.17,0.12695,0.19322,0.96081,-1.552,0.415,1.103,True
HC_04,healthy,15.18,0.16359,0.19249,0.97131,-0.572,-0.947,0.277,True
HC_04,healthy,15.19,0.16131,0.1916,0.95414,-1.326,-1.002,1.277,True
HC_04,healthy,15.200000000000001,0.13694,0.19835,0.96335,-1.293,-0.395,-1.308,True
HC_04,healthy,15.21,0.13823,0.20493,0.92417,0.24,-0.549,0.477,True
HC_04,healthy,15.22,0.11806,0.18949,0.98154,-0.435,-0.38,-1.331,True
HC_04,healthy,15.23,0.11751,0.19722,0.94565,-0.887,0.114,-1.383,True
HC_04,healthy,15.24,0.14762,0.20923,0.95218,1.058,0.356,0.169,True
HC_04,healthy,15.25,0.1425,0.22479,0.96196,-0.905,0.189,0.029,True
HC_04,healthy,15.26,0.15381,0.20838,0.95562,-0.222,-0.744,1.421,True
HC_04,healthy,15.27,0.14464,0.19837,0.97835,-1.452,-0.264,1.976,True
HC_04,healthy,15.280000000000001,0.1266,0.19639,0.98736,1.465,-0.065,-0.399,True
HC_04,healthy,15.290000000000001,0.13877,0.18028,0.93234,0.008,1.194,1.879,True
HC_04,healthy,15.3,0.12787,0.17486,0.95406,0.586,-1.319,1.073,True
HC_04,healthy,15.31,0.13241,0.19787,0.95699,0.267,0.027,-1.473,True
HC_04,healthy,15.32,0.13675,0.22676,0.97906,-0.215,-0.855,-1.83,True
HC_04,healthy,15.33,0.10646,0.21551,0.9599,0.561,-1.299,-0.088,True
HC_04,healthy,15.34,0.14306,0.20973,0.95125,0.099,-0.873,0.891,True
HC_04,healthy,15.35,0.13749,0.23161,0.96242,0.648,-1.112,2.669,True
HC_04,healthy,15.36,0.14431,0.19191,0.95289,-0.17,-0.043,1.126,True
HC_04,healthy,15.370000000000001,0.16759,0.17791,0.94102,-0.637,0.625,1.716,True
HC_04,healthy,15.38,0.13455,0.17039,0.94968,0.135,0.589,1.425,True
HC_04,healthy,15.39,0.14049,0.1876,0.95516,0.264,0.487,-0.287,True
HC_04,healthy,15.4,0.14038,0.17799,0.95481,0.005,0.543,-1.994,True
HC_04,healthy,15.41,0.15502,0.16342,0.94246,1.366,0.373,-1.496,True
HC_04,healthy,15.42,0.11713,0.18848,0.95597,0.128,-0.079,-1.097,True
HC_04,healthy,15.43,0.13546,0.2039,0.96123,0.132,-0.517,-2.047,True
HC_04,healthy,15.44,0.13261,0.19319,0.98418,-0.5,1.199,0.606,True
HC_04,healthy,15.450000000000001,0.17767,0.20076,0.9486,0.362,0.563,2.275,True
HC_04,healthy,15.46,0.1289,0.19101,0.94851,-1.23,-0.359,1.229,True
HC_04,healthy,15.47,0.14717,0.16799,0.95401,-0.194,-0.615,1.747,True
HC_04,healthy,15.48,0.14091,0.18969,0.92454,-0.291,-0.781,-0.361,True
HC_04,healthy,15.49,0.12714,0.19092,0.96114,-0.975,-1.856,-0.156,True
HC_04,healthy,15.5,0.1534,0.20398,0.94955,-0.632,0.399,-1.05,True
HC_04,healthy,15.51,0.10934,0.19317,0.94188,0.829,0.388,-1.73,True
HC_04,healthy,15.52,0.11752,0.17338,0.97067,0.174,0.628,-1.123,True
HC_04,healthy,15.530000000000001,0.13558,0.18691,0.95782,-0.205,1.495,1.069,True
HC_04,healthy,15.540000000000001,0.13791,0.20468,0.95495,-0.567,-0.158,-0.727,True
HC_04,healthy,15.55,0.13195,0.21485,0.96017,0.917,0.285,1.162,True
HC_04,healthy,15.56,0.1679,0.15967,0.97967,-0.039,-0.042,1.124,True
HC_04,healthy,15.57,0.14265,0.17928,0.96366,-0.705,0.347,1.458,True
HC_04,healthy,15.58,0.13737,0.16116,0.9471,-0.551,0.55,1.432,True
HC_04,healthy,15.59,0.11613,0.18244,0.96514,0.191,0.454,-1.49,True
HC_04,healthy,15.6,0.10464,0.17511,0.96483,-0.259,0.839,-1.635,True
HC_04,healthy,15.610000000000001,0.12808,0.19657,0.96749,-1.739,-1.363,-0.579,True
HC_04,healthy,15.620000000000001,0.1502,0.19921,0.96622,0.276,1.699,-0.608,True
HC_04,healthy,15.63,0.11953,0.20803,0.9537,-0.278,0.165,-0.805,True
HC_04,healthy,15.64,0.14262,0.21669,0.94772,-0.659,0.157,-0.228,True
HC_04,healthy,15.65,0.15339,0.19362,0.94773,0.632,-0.304,-0.785,True
HC_04,healthy,15.66,0.15607,0.16062,0.9591,0.033,-0.151,3.726,True
HC_04,healthy,15.67,0.15928,0.18845,0.96537,1.034,0.342,0.254,True
HC_04,healthy,15.68,0.14659,0.18107,0.94188,1.332,-0.302,0.341,True
HC_04,healthy,15.69,0.11527,0.19329,0.97337,1.439,0.391,-0.753,True
HC_04,healthy,15.700000000000001,0.11852,0.20593,0.95067,-0.201,-0.644,-1.916,True
HC_04,healthy,15.71,0.1177,0.20966,0.96027,-0.311,-1.324,-1.452,True
HC_04,healthy,15.72,0.14023,0.20223,0.93635,-0.051,0.44,-0.228,True
HC_04,healthy,15.73,0.16807,0.19681,0.94897,1.827,-0.144,1.946,True
HC_04,healthy,15.74,0.11306,0.1778,0.95233,-1.181,-0.554,2.383,True
HC_04,healthy,15.75,0.13749,0.1844,0.94008,0.223,0.918,0.368,True
HC_04,healthy,15.76,0.13703,0.18891,0.95306,0.733,-0.166,1.599,True
HC_04,healthy,15.77,0.11398,0.18644,0.98023,0.874,0.708,1.112,True
HC_04,healthy,15.780000000000001,0.13412,0.20228,0.97301,-0.79,-0.071,0.117,True
HC_04,healthy,15.790000000000001,0.11413,0.18868,0.97026,0.48,-0.931,-2.28,True
HC_04,healthy,15.8,0.12422,0.20768,0.96151,0.569,-0.089,-1.358,True
HC_04,healthy,15.81,0.11021,0.19132,0.95859,1.074,-0.95,-0.4,True
HC_04,healthy,15.82,0.1285,0.21283,0.95762,-0.191,-0.167,-0.31,True
HC_04,healthy,15.83,0.10697,0.17239,0.92315,-0.398,-0.544,1.218,True
HC_04,healthy,15.84,0.15123,0.1761,1.01095,-0.596,0.888,0.586,True
HC_04,healthy,15.85,0.1562,0.19738,0.98381,0.259,0.374,1.235,True
HC_04,healthy,15.860000000000001,0.16202,0.18386,0.94528,-0.353,-0.493,0.386,True
HC_04,healthy,15.870000000000001,0.1167,0.20221,0.95263,-0.093,-1.02,0.984,True
HC_04,healthy,15.88,0.11068,0.17551,0.95658,0.063,-0.948,0.545,True
HC_04,healthy,15.89,0.0916,0.15575,0.96921,-0.044,-0.14,-1.596,True
HC_04,healthy,15.9,0.13657,0.17308,0.97747,-0.849,0.975,-1.181,True
HC_04,healthy,15.91,0.12208,0.2096,0.95465,-0.185,-0.794,-0.706,True
HC_04,healthy,15.92,0.11125,0.21454,0.98851,-0.633,-0.138,0.076,True
HC_04,healthy,15.93,0.0973,0.19726,0.95254,1.417,0.941,0.596,True
HC_04,healthy,15.94,0.14303,0.19741,0.95936,-1.262,-0.718,1.838,True
HC_04,healthy,15.950000000000001,0.13915,0.18957,0.97105,-1.186,1.19,1.639,True
HC_04,healthy,15.96,0.13404,0.1786,0.97189,-0.486,0.832,0.463,True
HC_04,healthy,15.97,0.13008,0.18662,0.94793,0.226,0.56,2.492,True
HC_04,healthy,15.98,0.06703,0.16096,0.98426,-1.442,-0.52,-1.426,True
HC_04,healthy,15.99,0.10449,0.18956,0.96122,0.078,0.452,-1.367,True
HC_04,healthy,16.0,0.13285,0.2196,0.95386,0.027,-1.824,-1.751,True
HC_04,healthy,16.01,0.1508,0.18343,0.95298,-0.649,-0.745,-0.926,True
HC_04,healthy,16.02,0.13374,0.2052,0.97447,0.063,-2.589,1.787,True
HC_04,healthy,16.03,0.12816,0.1688,0.95929,-0.801,0.346,3.183,True
HC_04,healthy,16.04,0.14237,0.16579,0.98525,-0.309,-1.077,1.563,True
HC_04,healthy,16.05,0.13259,0.15939,0.97316,-0.572,-1.078,0.413,True
HC_04,healthy,16.06,0.12297,0.1762,0.98058,-1.684,-1.475,0.076,True
HC_04,healthy,16.07,0.09089,0.15913,0.95717,-0.711,1.053,-1.987,True
HC_04,healthy,16.080000000000002,0.08896,0.16081,0.93449,-0.424,-1.451,-2.073,True
HC_04,healthy,16.09,0.10732,0.17344,0.95825,0.706,-1.225,-2.709,True
HC_04,healthy,16.1,0.1116,0.19523,0.95342,-0.832,0.682,-1.957,True
HC_04,healthy,16.11,0.12704,0.17859,0.98824,1.256,0.152,-0.24,True
HC_04,healthy,16.12,0.11447,0.18459,0.98777,0.667,-0.923,2.03,True
HC_04,healthy,16.13,0.12978,0.1798,0.93553,-0.524,-0.001,2.63,True
HC_04,healthy,16.14,0.13975,0.19859,0.967,-1.181,1.405,1.178,True
HC_04,healthy,16.15,0.12592,0.16575,0.96907,-0.039,-0.569,0.124,True
HC_04,healthy,16.16,0.11475,0.16004,0.97003,-1.047,-0.504,-0.346,True
HC_04,healthy,16.17,0.1285,0.16891,0.97553,1.344,-0.177,-0.483,True
HC_04,healthy,16.18,0.11781,0.17053,0.98171,-0.454,-0.536,-2.728,True
HC_04,healthy,16.19,0.11646,0.21382,1.00612,0.361,0.442,-0.954,True
HC_04,healthy,16.2,0.13347,0.18509,0.97705,-1.914,0.64,0.457,True
HC_04,healthy,16.21,0.12943,0.19228,0.96976,-1.378,0.17,-0.881,True
HC_04,healthy,16.22,0.14806,0.21138,0.95314,-0.295,-0.995,2.402,True
HC_04,healthy,16.23,0.1103,0.16881,0.98614,-0.608,-1.296,2.175,True
HC_04,healthy,16.240000000000002,0.11192,0.17898,0.98085,0.641,-0.411,2.554,True
HC_04,healthy,16.25,0.08281,0.16332,0.99016,-0.464,0.09,0.042,True
HC_04,healthy,16.26,0.12513,0.16743,0.98827,0.195,0.31,-0.838,True
HC_04,healthy,16.27,0.08394,0.17968,0.98367,-0.795,0.006,-0.762,True
HC_04,healthy,16.28,0.1004,0.20655,0.98217,0.653,-0.999,-0.763,True
HC_04,healthy,16.29,0.09564,0.16856,0.96264,-0.04,0.072,-1.166,True
HC_04,healthy,16.3,0.099,0.22124,0.96797,1.051,-0.101,0.174,True
HC_04,healthy,16.31,0.12957,0.18404,0.98414,0.628,1.324,1.117,True
HC_04,healthy,16.32,0.13796,0.17274,0.9616,-1.507,-0.36,1.289,True
HC_04,healthy,16.330000000000002,0.114,0.18077,0.95625,1.861,0.808,0.832,True
HC_04,healthy,16.34,0.10921,0.17015,0.97944,-0.247,1.484,0.921,True
HC_04,healthy,16.35,0.12627,0.15367,0.9877,-0.657,-0.156,0.405,True
HC_04,healthy,16.36,0.11992,0.17638,0.97832,-0.557,-0.181,-0.023,True
HC_04,healthy,16.37,0.08326,0.19208,0.96278,1.019,0.217,-2.679,True
HC_04,healthy,16.38,0.10902,0.15505,0.96811,0.145,0.684,-0.085,True
HC_04,healthy,16.39,0.10797,0.19765,0.96795,-2.162,-0.41,-1.612,True
HC_04,healthy,16.4,0.10738,0.20593,0.97718,1.179,0.854,-0.99,True
HC_04,healthy,16.41,0.12449,0.15858,0.99754,0.773,-0.16,1.067,True
HC_04,healthy,16.42,0.14648,0.2062,0.98037,0.841,0.222,0.651,True
HC_04,healthy,16.43,0.12704,0.16202,0.98201,-0.126,-0.705,1.879,True
HC_04,healthy,16.44,0.14768,0.16415,0.96124,-0.331,-0.041,1.182,True
HC_04,healthy,16.45,0.13232,0.16373,0.96943,-0.181,0.646,-1.225,True
HC_04,healthy,16.46,0.09381,0.15668,0.97294,-0.79,-0.654,-0.436,True
HC_04,healthy,16.47,0.09449,0.17932,0.95587,0.895,-0.882,-1.915,True
HC_04,healthy,16.48,0.07942,0.21939,0.98644,0.323,-0.054,-1.042,True
HC_04,healthy,16.490000000000002,0.12503,0.18572,0.97397,0.677,0.325,0.275,True
HC_04,healthy,16.5,0.11875,0.2106,0.96647,0.471,-1.138,2.1,True
HC_04,healthy,16.51,0.11599,0.20051,0.97495,-0.427,-0.934,1.351,True
HC_04,healthy,16.52,0.13684,0.1736,0.97739,-0.639,-0.452,1.192,True
HC_04,healthy,16.53,0.10457,0.18964,0.95654,0.407,0.298,-0.146,True
HC_04,healthy,16.54,0.08838,0.16185,0.9495,0.655,-0.999,-0.37,True
HC_04,healthy,16.55,0.09785,0.18498,0.95034,-0.392,-0.367,-0.019,True
HC_04,healthy,16.56,0.10135,0.1922,0.95621,0.122,-0.557,0.08,True
HC_04,healthy,16.57,0.07838,0.17503,0.96053,-0.686,-0.932,-0.45,True
HC_04,healthy,16.580000000000002,0.08122,0.20003,0.97046,-0.115,0.272,-0.657,True
HC_04,healthy,16.59,0.14257,0.19341,0.95743,-0.864,0.155,-0.527,True
HC_04,healthy,16.6,0.10516,0.1902,0.96954,-0.421,-0.507,-0.006,True
HC_04,healthy,16.61,0.12002,0.17407,0.97922,-0.177,-0.689,2.547,True
HC_04,healthy,16.62,0.10594,0.17046,0.98317,-0.298,-0.906,3.3,True
HC_04,healthy,16.63,0.1022,0.19631,0.95672,0.517,0.147,-1.18,True
HC_04,healthy,16.64,0.10439,0.14715,0.96301,-0.596,-1.017,-0.506,True
HC_04,healthy,16.65,0.12781,0.16972,0.95219,-0.595,0.303,-0.789,True
HC_04,healthy,16.66,0.07782,0.15901,0.97525,-0.439,-0.466,-0.578,True
HC_04,healthy,16.67,0.10496,0.19197,0.95938,0.343,-1.753,-1.726,True
HC_04,healthy,16.68,0.09586,0.19707,0.97305,-0.861,-0.734,-0.491,True
HC_04,healthy,16.69,0.10812,0.17982,0.99244,0.747,-0.717,0.926,True
HC_04,healthy,16.7,0.13368,0.19843,0.9922,-0.067,1.959,0.351,True
HC_04,healthy,16.71,0.1051,0.17928,0.98788,-0.665,0.356,0.99,True
HC_04,healthy,16.72,0.1313,0.17699,0.9442,0.204,-0.933,1.118,True
HC_04,healthy,16.73,0.13328,0.17118,0.9624,-0.456,-0.154,0.377,True
HC_04,healthy,16.740000000000002,0.09978,0.12558,0.98269,0.143,-0.309,-0.536,True
HC_04,healthy,16.75,0.09504,0.17467,0.96434,-0.51,-0.912,-2.548,True
HC_04,healthy,16.76,0.08738,0.17961,0.99492,1.431,1.302,-1.775,True
HC_04,healthy,16.77,0.08621,0.18979,0.96681,-0.599,-0.702,-2.009,True
HC_04,healthy,16.78,0.08783,0.23903,0.99227,-0.015,0.823,-0.766,True
HC_04,healthy,16.79,0.10197,0.16643,0.95197,1.677,-1.416,1.216,True
HC_04,healthy,16.8,0.11325,0.20278,0.92834,-0.42,0.312,0.071,True
HC_04,healthy,16.81,0.12796,0.1512,0.96716,-0.317,-0.356,2.788,True
HC_04,healthy,16.82,0.10044,0.13564,0.97372,-0.221,1.221,-0.226,True
HC_04,healthy,16.830000000000002,0.08101,0.14826,0.9595,0.794,-0.118,-0.404,True
HC_04,healthy,16.84,0.08175,0.19463,0.99493,0.774,-0.253,-1.649,True
HC_04,healthy,16.85,0.09547,0.18185,0.93509,-0.035,0.96,-1.181,True
HC_04,healthy,16.86,0.07163,0.18941,0.97414,-1.159,-0.251,-0.614,True
HC_04,healthy,16.87,0.10165,0.177,0.95539,0.245,1.125,-0.133,True
HC_04,healthy,16.88,0.10034,0.20326,0.96684,-0.266,0.127,-0.75,True
HC_04,healthy,16.89,0.12408,0.22194,0.9785,-0.253,0.051,1.615,True
HC_04,healthy,16.9,0.12103,0.19139,0.95058,-2.221,0.063,1.788,True
HC_04,healthy,16.91,0.10295,0.18193,0.98216,0.92,0.382,0.095,True
HC_04,healthy,16.92,0.12212,0.16731,0.98175,1.107,0.274,0.184,True
HC_04,healthy,16.93,0.07775,0.12926,0.99657,-1.798,-0.142,-0.557,True
HC_04,healthy,16.94,0.09911,0.17337,0.97886,-1.35,-0.45,-2.697,True
HC_04,healthy,16.95,0.07708,0.15458,0.99789,0.316,1.06,-2.406,True
HC_04,healthy,16.96,0.06582,0.17415,0.94187,-0.261,0.907,-1.027,True
HC_04,healthy,16.97,0.08751,0.2142,0.98969,-0.952,0.66,-2.09,True
HC_04,healthy,16.98,0.11827,0.18728,0.95866,0.152,0.819,1.497,True
HC_04,healthy,16.990000000000002,0.08206,0.17755,0.9641,-0.206,0.627,0.728,True
HC_04,healthy,17.0,0.13181,0.17506,0.99386,0.778,0.291,1.525,True
HC_04,healthy,17.01,0.10905,0.13872,0.97422,-1.126,-0.463,1.277,True
HC_04,healthy,17.02,0.09191,0.17509,0.95006,0.282,0.982,-0.871,True
HC_04,healthy,17.03,0.08621,0.16383,0.94423,0.485,0.219,0.45,True
HC_04,healthy,17.04,0.09532,0.15323,0.98725,-0.696,0.163,-0.96,True
HC_04,healthy,17.05,0.08048,0.18265,0.96223,-0.131,-0.138,-1.647,True
HC_04,healthy,17.06,0.08381,0.17127,0.97368,-1.044,2.11,-0.16,True
HC_04,healthy,17.07,0.12702,0.17868,0.96839,-0.944,0.079,1.983,True
HC_04,healthy,17.080000000000002,0.13366,0.19006,0.94096,-1.034,1.032,0.713,True
HC_04,healthy,17.09,0.11873,0.17427,0.99818,0.843,0.017,1.449,True
HC_04,healthy,17.1,0.11648,0.16117,0.97919,0.035,0.261,0.971,True
HC_04,healthy,17.11,0.10464,0.17332,0.9587,-0.254,-0.342,2.135,True
HC_04,healthy,17.12,0.0657,0.14317,0.95609,0.17,-1.046,-0.202,True
HC_04,healthy,17.13,0.0888,0.156,0.95147,-0.423,0.027,-0.95,True
HC_04,healthy,17.14,0.10031,0.17537,0.97154,0.752,-0.163,-2.142,True
HC_04,healthy,17.150000000000002,0.06962,0.16965,0.95762,0.637,-0.065,-0.799,True
HC_04,healthy,17.16,0.09774,0.19154,0.95197,0.345,-0.314,-0.841,True
HC_04,healthy,17.17,0.08921,0.18963,0.96228,0.543,0.126,-0.495,True
HC_04,healthy,17.18,0.10021,0.14678,0.98313,-0.235,0.321,1.24,True
HC_04,healthy,17.19,0.12,0.17767,0.97835,-0.301,0.344,0.986,True
HC_04,healthy,17.2,0.12169,0.15335,0.97136,0.299,0.308,1.172,True
HC_04,healthy,17.21,0.09848,0.16264,0.96822,-0.4,-0.555,1.357,True
HC_04,healthy,17.22,0.11576,0.18037,0.98831,-0.195,-1.208,1.292,True
HC_04,healthy,17.23,0.08726,0.16845,0.94401,-0.688,-0.42,-0.747,True
HC_04,healthy,17.240000000000002,0.07804,0.17122,0.97965,0.405,-1.92,-1.007,True
HC_04,healthy,17.25,0.08795,0.16792,0.96492,-0.646,0.884,-2.386,True
HC_04,healthy,17.26,0.13555,0.18882,0.98632,-1.403,-0.229,-0.262,True
HC_04,healthy,17.27,0.10102,0.20309,0.97587,-0.304,-1.379,1.393,True
HC_04,healthy,17.28,0.11617,0.18075,0.9427,-0.113,-0.484,1.691,True
HC_04,healthy,17.29,0.14637,0.19714,1.00176,-0.059,-0.309,2.925,True
HC_04,healthy,17.3,0.10378,0.16217,0.96248,-0.498,-0.081,1.683,True
HC_04,healthy,17.31,0.10585,0.14955,0.97783,0.109,1.066,1.067,True
HC_04,healthy,17.32,0.09452,0.18716,1.00096,1.421,0.449,-1.361,True
HC_04,healthy,17.330000000000002,0.08709,0.1746,0.98044,0.31,-0.138,-1.387,True
HC_04,healthy,17.34,0.1006,0.16307,0.97801,0.099,-0.157,-1.064,True
HC_04,healthy,17.35,0.08522,0.18002,0.98576,-0.211,-0.83,-1.055,True
HC_04,healthy,17.36,0.11065,0.21792,0.96845,-0.235,0.895,0.374,True
HC_04,healthy,17.37,0.11313,0.20676,0.95053,0.42,0.156,1.548,True
HC_04,healthy,17.38,0.11858,0.17302,1.00375,0.105,-0.729,1.435,True
HC_04,healthy,17.39,0.12517,0.18431,0.99202,-1.14,-0.074,1.664,True
HC_04,healthy,17.400000000000002,0.10287,0.18133,0.9863,0.528,-0.602,-0.261,True
HC_04,healthy,17.41,0.10774,0.15811,0.98469,1.281,-0.582,0.48,True
HC_04,healthy,17.42,0.08159,0.15648,0.99111,-1.354,0.254,-1.794,True
HC_04,healthy,17.43,0.11846,0.15914,1.00304,0.608,1.192,-0.785,True
HC_04,healthy,17.44,0.08487,0.19892,0.99521,0.198,-1.058,-1.263,True
HC_04,healthy,17.45,0.12255,0.15808,0.93687,-0.318,1.735,-0.88,True
HC_04,healthy,17.46,0.10583,0.19365,0.9853,0.581,-0.206,0.221,True
HC_04,healthy,17.47,0.12542,0.14533,0.97999,0.338,0.183,0.698,True
HC_04,healthy,17.48,0.11837,0.15835,0.96836,0.094,-1.271,-0.095,True
HC_04,healthy,17.490000000000002,0.09185,0.15575,0.97069,-0.849,0.16,1.545,True
HC_04,healthy,17.5,0.10486,0.17068,0.97838,-0.336,-1.031,-0.476,True
HC_04,healthy,17.51,0.11788,0.17882,0.97229,-0.187,0.048,-1.243,True
HC_04,healthy,17.52,0.0961,0.15469,0.97166,-1.162,-0.598,-1.908,True
HC_04,healthy,17.53,0.09449,0.16063,0.9612,1.452,-0.69,-2.171,True
HC_04,healthy,17.54,0.06969,0.21031,0.97397,1.339,1.225,-0.779,True
HC_04,healthy,17.55,0.08311,0.17057,0.97641,-1.418,-0.661,-0.096,True
HC_04,healthy,17.56,0.07474,0.17161,0.96603,-0.977,-0.22,1.691,True
HC_04,healthy,17.57,0.13215,0.16973,0.98842,1.09,0.298,1.745,True
HC_04,healthy,17.580000000000002,0.12701,0.16484,0.98875,-1.037,-0.746,1.978,True
HC_04,healthy,17.59,0.11262,0.18052,0.97504,-0.095,-1.033,0.337,True
HC_04,healthy,17.6,0.09225,0.1778,0.97729,1.103,1.519,-0.311,True
HC_04,healthy,17.61,0.07445,0.17801,0.98783,1.433,-0.409,-1.01,True
HC_04,healthy,17.62,0.07086,0.18176,0.98562,-0.501,0.127,-3.229,True
HC_04,healthy,17.63,0.08058,0.19133,0.99029,-0.379,-0.454,-0.528,True
HC_04,healthy,17.64,0.11765,0.16405,0.98349,0.305,-0.299,-1.104,True
HC_04,healthy,17.650000000000002,0.11307,0.17623,0.97571,0.381,0.05,0.533,True
HC_04,healthy,17.66,0.11731,0.18494,0.96119,-1.331,1.167,2.423,True
HC_04,healthy,17.67,0.1181,0.20027,0.97311,0.681,1.127,0.776,True
HC_04,healthy,17.68,0.09947,0.18316,0.9764,-1.144,-0.342,-0.382,True
HC_04,healthy,17.69,0.1006,0.16309,0.96841,1.251,-0.075,0.457,True
HC_04,healthy,17.7,0.07851,0.17854,0.95646,1.608,0.368,-0.602,True
HC_04,healthy,17.71,0.06611,0.14033,0.95805,0.087,0.661,-1.368,True
HC_04,healthy,17.72,0.09624,0.17517,0.99145,0.055,-0.032,-2.772,True
HC_04,healthy,17.73,0.10546,0.16841,0.95515,-0.003,-0.513,-1.896,True
HC_04,healthy,17.740000000000002,0.08063,0.18968,0.97836,0.822,0.219,-0.392,True
HC_04,healthy,17.75,0.11489,0.1954,0.95915,-0.586,-1.206,0.337,True
HC_04,healthy,17.76,0.13396,0.18264,0.95913,-0.357,0.912,1.817,True
HC_04,healthy,17.77,0.12509,0.18341,0.96227,1.892,-0.358,0.075,True
HC_04,healthy,17.78,0.10696,0.1813,0.95967,0.761,0.333,0.275,True
HC_04,healthy,17.79,0.09388,0.1413,0.95157,-0.845,-0.568,1.619,True
HC_04,healthy,17.8,0.08765,0.14182,0.95579,-0.088,-1.165,-0.687,True
HC_04,healthy,17.81,0.09949,0.17427,1.00575,0.938,0.206,-1.207,True
HC_04,healthy,17.82,0.10785,0.18525,0.95203,-0.281,-0.611,-0.885,True
HC_04,healthy,17.830000000000002,0.10709,0.16301,0.99695,-0.829,-0.587,-2.465,True
HC_04,healthy,17.84,0.1061,0.1842,0.98829,-1.065,-0.593,0.358,True
HC_04,healthy,17.85,0.12231,0.18601,0.96257,-1.161,-1.093,1.719,True
HC_04,healthy,17.86,0.09569,0.19206,0.96903,-0.672,2.746,2.804,True
HC_04,healthy,17.87,0.12985,0.18326,1.00709,1.205,-0.807,1.709,True
HC_04,healthy,17.88,0.10801,0.16843,0.95018,-0.907,-0.861,0.549,True
HC_04,healthy,17.89,0.07928,0.18391,0.95357,-0.258,-0.312,-0.502,True
HC_04,healthy,17.900000000000002,0.10389,0.17129,0.9965,-1.188,0.195,-1.623,True
HC_04,healthy,17.91,0.08103,0.19279,0.99612,1.235,0.008,-2.568,True
HC_04,healthy,17.92,0.07056,0.19967,0.97042,-0.398,-0.763,1.127,True
HC_04,healthy,17.93,0.11556,0.18692,0.96174,-1.125,1.376,-0.026,True
HC_04,healthy,17.94,0.11783,0.19658,0.95094,0.309,-0.165,1.207,True
HC_04,healthy,17.95,0.10699,0.17906,0.98554,-0.032,-0.496,2.572,True
HC_04,healthy,17.96,0.13305,0.19978,0.98771,-1.295,0.659,1.882,True
HC_04,healthy,17.97,0.14858,0.18297,0.99419,0.481,0.546,0.315,True
HC_04,healthy,17.98,0.12064,0.17161,0.96779,0.212,0.341,0.561,True
HC_04,healthy,17.990000000000002,0.10522,0.17056,0.9769,1.262,-0.359,-1.966,True
HC_04,healthy,18.0,0.09487,0.18261,1.01266,1.077,-0.113,-1.807,True
HC_04,healthy,18.01,0.10317,0.19649,0.96234,-0.255,-0.364,-1.546,True
HC_04,healthy,18.02,0.09676,0.17216,0.98427,0.691,-0.948,-0.741,True
HC_04,healthy,18.03,0.12128,0.20916,0.97146,0.93,-0.391,0.392,True
HC_04,healthy,18.04,0.12286,0.20302,0.97143,0.202,0.432,0.226,True
HC_04,healthy,18.05,0.12651,0.15552,0.99281,-0.486,-1.845,1.494,True
HC_04,healthy,18.06,0.09086,0.13633,0.98568,0.13,-0.425,1.209,True
HC_04,healthy,18.07,0.11982,0.17943,0.97164,-0.128,-0.531,-0.837,True
HC_04,healthy,18.080000000000002,0.10676,0.18341,0.9479,0.401,-0.566,0.181,True
HC_04,healthy,18.09,0.08707,0.17064,0.94794,-0.531,-0.068,-1.532,True
HC_04,healthy,18.1,0.09104,0.19008,0.99357,0.454,-0.041,-0.867,True
HC_04,healthy,18.11,0.0919,0.21304,0.97366,-0.455,0.872,-1.694,True
HC_04,healthy,18.12,0.08153,0.1773,0.96169,0.812,-0.617,-1.477,True
HC_04,healthy,18.13,0.0949,0.19865,0.99853,-0.062,0.956,0.309,True
HC_04,healthy,18.14,0.10631,0.19786,0.94431,-1.834,-0.112,0.936,True
HC_04,healthy,18.150000000000002,0.15054,0.18596,0.96797,0.457,-0.473,3.878,True
HC_04,healthy,18.16,0.10934,0.18295,0.94765,-0.8,0.561,0.88,True
HC_04,healthy,18.17,0.09494,0.16061,0.96467,0.928,-0.056,-1.362,True
HC_04,healthy,18.18,0.08268,0.15058,0.97489,-0.262,-0.549,-1.008,True
HC_04,healthy,18.19,0.08176,0.16788,0.95954,0.489,-1.32,-2.458,True
HC_04,healthy,18.2,0.09739,0.15107,0.96145,-0.077,0.042,-0.604,True
HC_04,healthy,18.21,0.07506,0.21586,0.95931,1.302,-0.818,0.318,True
HC_04,healthy,18.22,0.07187,0.17604,0.99187,0.264,0.636,0.012,True
HC_04,healthy,18.23,0.11636,0.15831,1.00512,1.271,-0.107,1.62,True
HC_04,healthy,18.240000000000002,0.11356,0.2063,0.94636,-1.265,-0.751,2.535,True
HC_04,healthy,18.25,0.09208,0.17589,0.99045,-0.208,-1.575,0.876,True
HC_04,healthy,18.26,0.10182,0.16247,0.979,0.259,1.094,-0.476,True
HC_04,healthy,18.27,0.11141,0.20462,0.94426,0.947,-0.255,0.766,True
HC_04,healthy,18.28,0.11887,0.19239,0.99592,-0.267,0.559,-0.896,True
HC_04,healthy,18.29,0.09149,0.15967,0.97589,-0.179,0.523,-0.84,True
HC_04,healthy,18.3,0.07411,0.18334,0.9724,-0.496,0.571,-1.634,True
HC_04,healthy,18.31,0.08162,0.1741,0.96613,0.609,-0.266,-1.103,True
HC_04,healthy,18.32,0.10237,0.20019,0.97758,-1.003,0.104,-0.156,True
HC_04,healthy,18.330000000000002,0.11098,0.17755,0.96044,-1.087,1.442,0.368,True
HC_04,healthy,18.34,0.12996,0.14044,0.97578,-0.586,-0.942,2.404,True
HC_04,healthy,18.35,0.12914,0.14147,1.01083,-0.822,1.502,2.433,True
HC_04,healthy,18.36,0.12122,0.16948,0.99339,-0.45,0.094,1.603,True
HC_04,healthy,18.37,0.08751,0.16586,0.97196,-0.838,0.142,-0.548,True
HC_04,healthy,18.38,0.09609,0.18027,0.95108,-0.636,0.349,-1.671,True
HC_04,healthy,18.39,0.0885,0.20548,1.00135,0.097,0.496,-3.243,True
HC_04,healthy,18.400000000000002,0.11235,0.19178,0.96391,0.37,0.33,-2.372,True
HC_04,healthy,18.41,0.095,0.20054,0.9668,0.309,-0.444,-0.427,True
HC_04,healthy,18.42,0.08676,0.18851,0.97372,-1.657,1.376,0.693,True
HC_04,healthy,18.43,0.09528,0.15437,0.95843,-0.232,1.37,1.876,True
HC_04,healthy,18.44,0.11964,0.17103,0.95478,0.547,0.53,0.533,True
HC_04,healthy,18.45,0.15058,0.18032,0.97161,-0.265,-0.494,0.149,True
HC_04,healthy,18.46,0.10048,0.14592,0.97884,0.618,-0.122,0.27,True
HC_04,healthy,18.47,0.08788,0.16745,0.98316,-0.044,1.065,-1.451,True
HC_04,healthy,18.48,0.08705,0.1844,0.94719,0.275,0.41,-1.811,True
HC_04,healthy,18.490000000000002,0.08806,0.18928,0.97919,-0.463,1.25,-1.927,True
HC_04,healthy,18.5,0.10862,0.17802,0.96681,1.834,-0.026,-0.534,True
HC_04,healthy,18.51,0.12085,0.19345,0.92981,0.241,-0.289,-0.086,True
HC_04,healthy,18.52,0.13048,0.15883,0.95551,-0.487,0.611,1.982,True
HC_04,healthy,18.53,0.14593,0.14615,0.96152,-0.274,1.44,1.673,True
HC_04,healthy,18.54,0.14645,0.15675,0.97949,-0.873,-0.457,1.127,True
HC_04,healthy,18.55,0.10876,0.19546,0.96941,-0.727,-0.375,0.068,True
HC_04,healthy,18.56,0.11146,0.16826,0.97668,-1.097,-0.327,1.456,True
HC_04,healthy,18.57,0.08411,0.18859,0.98625,1.699,-0.506,-2.379,True
HC_04,healthy,18.580000000000002,0.10498,0.20068,0.98614,-0.355,-0.525,-1.46,True
HC_04,healthy,18.59,0.1214,0.18183,0.97807,-1.296,-0.033,-1.739,True
HC_04,healthy,18.6,0.08886,0.19081,0.96401,0.042,-0.707,1.405,True
HC_04,healthy,18.61,0.14124,0.18683,0.97697,-0.47,1.325,0.247,True
HC_04,healthy,18.62,0.114,0.18902,0.98491,1.414,-0.221,1.803,True
HC_04,healthy,18.63,0.10706,0.20751,0.97484,0.499,-0.205,0.282,True
HC_04,healthy,18.64,0.14912,0.1737,0.98163,0.477,-0.267,-1.516,True
HC_04,healthy,18.650000000000002,0.09305,0.17439,0.97988,-0.161,-1.171,0.75,True
HC_04,healthy,18.66,0.083,0.18676,0.9588,-0.015,0.436,-0.885,True
HC_04,healthy,18.67,0.09652,0.16722,0.97267,0.772,-0.163,-1.136,True
HC_04,healthy,18.68,0.1154,0.18311,0.98225,-0.985,0.806,-1.446,True
HC_04,healthy,18.69,0.11603,0.17946,0.96215,-0.3,0.006,-1.072,True
HC_04,healthy,18.7,0.12967,0.2084,0.98068,0.079,-0.074,-0.967,True
HC_04,healthy,18.71,0.11596,0.21791,0.94718,-0.06,1.4,0.347,True
HC_04,healthy,18.72,0.11179,0.16776,0.98191,-0.809,-0.308,2.162,True
HC_04,healthy,18.73,0.12371,0.1577,0.97095,-0.373,0.357,1.246,True
HC_04,healthy,18.740000000000002,0.12425,0.18259,0.9485,1.166,0.586,1.581,True
HC_04,healthy,18.75,0.11076,0.17214,0.9393,0.927,1.193,-0.189,True
HC_04,healthy,18.76,0.11058,0.19878,0.95193,0.743,-1.012,-0.8,True
HC_04,healthy,18.77,0.08967,0.183,0.96935,-0.708,0.601,-1.807,True
HC_04,healthy,18.78,0.09979,0.18713,0.95933,1.613,0.96,-0.962,True
HC_04,healthy,18.79,0.12026,0.20667,0.96161,-0.395,0.151,-0.923,True
HC_04,healthy,18.8,0.1166,0.18118,0.99188,-1.045,-1.01,0.062,True
HC_04,healthy,18.81,0.14696,0.19421,0.95492,-0.691,0.729,1.289,True
HC_04,healthy,18.82,0.11785,0.1823,0.96395,-0.938,1.336,1.617,True
HC_04,healthy,18.830000000000002,0.13337,0.20197,0.94536,0.142,0.997,0.795,True
HC_04,healthy,18.84,0.09523,0.17256,0.96921,-0.232,0.495,-0.087,True
HC_04,healthy,18.85,0.09256,0.14674,0.95285,1.071,0.356,0.217,True
HC_04,healthy,18.86,0.10724,0.18223,0.94764,-1.997,-1.125,-0.639,True
HC_04,healthy,18.87,0.08705,0.16858,0.97677,-2.113,-0.533,-0.138,True
HC_04,healthy,18.88,0.10659,0.17181,0.97,0.722,0.518,-0.246,True
HC_04,healthy,18.89,0.12527,0.20782,0.96281,0.139,0.71,1.211,True
HC_04,healthy,18.900000000000002,0.12378,0.19552,0.96768,-1.098,-0.111,-0.111,True
HC_04,healthy,18.91,0.12846,0.18783,0.98312,1.065,-0.669,2.042,True
HC_04,healthy,18.92,0.14422,0.17286,0.96831,0.061,-0.591,0.428,True
HC_04,healthy,18.93,0.12917,0.18167,0.95476,-0.479,0.311,0.311,True
HC_04,healthy,18.94,0.10839,0.15692,0.96456,0.837,-0.291,0.483,True
HC_04,healthy,18.95,0.10977,0.14159,0.95164,-0.122,-0.499,0.154,True
HC_04,healthy,18.96,0.13743,0.19677,0.95711,-1.851,-1.07,-2.193,True
HC_04,healthy,18.97,0.13519,0.20428,0.94821,0.844,1.163,-2.527,True
HC_04,healthy,18.98,0.10281,0.20287,0.9481,0.623,0.452,-0.146,True
HC_04,healthy,18.990000000000002,0.11608,0.17997,0.95761,-0.409,-0.411,0.806,True
HC_04,healthy,19.0,0.11685,0.19935,0.98109,-0.774,0.009,3.051,True
HC_04,healthy,19.01,0.13736,0.16777,0.97066,0.225,-1.06,0.658,True
HC_04,healthy,19.02,0.13298,0.17967,0.99308,-0.364,-0.827,1.822,True
HC_04,healthy,19.03,0.10655,0.17223,0.97692,-0.252,-0.919,0.655,True
HC_04,healthy,19.04,0.09397,0.17784,0.97091,1.267,-0.919,-1.471,True
HC_04,healthy,19.05,0.1402,0.19373,0.96247,-0.058,-0.582,-1.645,True
HC_04,healthy,19.06,0.1125,0.18177,0.97985,0.409,2.165,-0.208,True
HC_04,healthy,19.07,0.09206,0.19384,0.96047,0.304,-0.564,-1.24,True
HC_04,healthy,19.080000000000002,0.12532,0.18476,0.94985,1.162,0.244,-2.608,True
HC_04,healthy,19.09,0.13065,0.19284,0.94683,-0.288,-0.174,1.658,True
HC_04,healthy,19.1,0.123,0.21627,0.96717,0.966,0.539,0.502,True
HC_04,healthy,19.11,0.13678,0.16232,0.97072,-0.569,0.6,0.183,True
HC_04,healthy,19.12,0.12936,0.19848,0.95978,-0.435,-0.543,0.561,True
HC_04,healthy,19.13,0.13307,0.16281,0.96915,0.934,-0.127,-0.455,True
HC_04,healthy,19.14,0.12785,0.14665,0.93805,1.139,1.276,-0.371,True
HC_04,healthy,19.150000000000002,0.10261,0.18165,0.95941,-0.264,-0.256,-2.506,True
HC_04,healthy,19.16,0.12234,0.17977,0.93876,-1.13,-0.426,-1.594,True
HC_04,healthy,19.17,0.11636,0.18286,0.963,0.074,-1.286,-0.46,True
HC_04,healthy,19.18,0.12977,0.18038,0.98624,0.038,0.227,-0.517,True
HC_04,healthy,19.19,0.14707,0.21964,0.95341,-0.478,0.253,-0.122,True
HC_04,healthy,19.2,0.1092,0.19337,0.95564,0.196,1.634,2.214,True
HC_04,healthy,19.21,0.10565,0.15644,0.95667,-1.905,0.862,1.207,True
HC_04,healthy,19.22,0.12508,0.21049,0.96373,0.84,-0.042,-0.566,True
HC_04,healthy,19.23,0.1512,0.18439,0.9418,1.0,-0.407,0.382,True
HC_04,healthy,19.240000000000002,0.10196,0.16386,0.94063,-0.492,0.539,-0.798,True
HC_04,healthy,19.25,0.10766,0.18033,0.94577,0.934,-0.722,-1.25,True
HC_04,healthy,19.26,0.11494,0.19494,0.94598,-0.149,0.118,-1.059,True
HC_04,healthy,19.27,0.12503,0.20136,0.971,0.501,0.095,-0.318,True
HC_04,healthy,19.28,0.13276,0.21783,0.96032,0.122,-0.385,-0.824,True
HC_04,healthy,19.29,0.14006,0.1919,0.93703,0.392,-0.618,-0.148,True
HC_04,healthy,19.3,0.12603,0.2138,0.95591,-0.23,0.879,1.553,True
HC_04,healthy,19.31,0.15225,0.18045,0.98056,-0.342,-0.748,1.303,True
HC_04,healthy,19.32,0.13311,0.19858,0.9581,0.988,1.354,0.601,True
HC_04,healthy,19.330000000000002,0.14065,0.19796,0.95186,-0.757,1.316,-0.245,True
HC_04,healthy,19.34,0.10416,0.19353,0.95905,-1.385,-0.908,-0.471,True
HC_04,healthy,19.35,0.12221,0.18105,0.94251,-0.279,0.756,-0.587,True
HC_04,healthy,19.36,0.12377,0.16759,0.94602,0.591,-0.668,-0.97,True
HC_04,healthy,19.37,0.14541,0.19138,0.96669,-0.765,1.401,-0.409,True
HC_04,healthy,19.38,0.13285,0.2076,0.93218,0.299,-0.671,-0.425,True
HC_04,healthy,19.39,0.16905,0.19031,0.95397,-1.407,-0.116,0.792,True
HC_04,healthy,19.400000000000002,0.14697,0.18139,0.95458,0.822,0.029,2.06,True
HC_04,healthy,19.41,0.15214,0.18465,0.95386,-0.275,-0.152,0.769,True
HC_04,healthy,19.42,0.12046,0.20676,0.92909,-0.793,0.093,0.338,True
HC_04,healthy,19.43,0.13722,0.18595,0.96688,-0.621,-0.543,-0.963,True
HC_04,healthy,19.44,0.1212,0.20752,0.92296,-0.136,0.173,-1.992,True
HC_04,healthy,19.45,0.15898,0.17741,0.95122,-0.199,0.293,-1.323,True
HC_04,healthy,19.46,0.13566,0.17605,0.94863,0.707,-0.669,-0.769,True
HC_04,healthy,19.47,0.16703,0.20806,0.96613,-0.837,-0.013,0.154,True
HC_04,healthy,19.48,0.1753,0.22153,0.96055,-0.962,-0.5,1.436,True
HC_04,healthy,19.490000000000002,0.13942,0.18438,0.98084,-0.5,-0.435,1.53,True
HC_04,healthy,19.5,0.14322,0.19373,0.95659,1.193,1.748,1.178,True
HC_04,healthy,19.51,0.15705,0.16445,0.9851,-1.136,0.086,-0.834,True
HC_04,healthy,19.52,0.13285,0.19654,0.95633,0.776,-0.31,-1.099,True
HC_04,healthy,19.53,0.12074,0.17373,0.96545,-1.62,2.105,-0.003,True
HC_04,healthy,19.54,0.16309,0.16251,0.98892,-0.533,0.072,-0.852,True
HC_04,healthy,19.55,0.13121,0.20192,0.9791,-1.936,0.063,-1.055,True
HC_04,healthy,19.56,0.13613,0.19573,0.95455,-1.849,0.676,0.661,True
HC_04,healthy,19.57,0.17755,0.21593,0.92755,0.613,-0.035,0.044,True
HC_04,healthy,19.580000000000002,0.15761,0.22063,0.95688,0.11,-0.718,2.038,True
HC_04,healthy,19.59,0.1374,0.19629,0.94402,-0.719,0.795,1.229,True
HC_04,healthy,19.6,0.10538,0.17454,0.9352,-0.393,0.155,0.699,True
HC_04,healthy,19.61,0.1297,0.15675,0.9418,1.654,0.738,0.194,True
HC_04,healthy,19.62,0.1146,0.18619,0.96131,0.945,-0.47,-1.289,True
HC_04,healthy,19.63,0.12068,0.18217,0.97342,-0.297,0.25,-1.7,True
HC_04,healthy,19.64,0.11548,0.22318,0.95743,-0.08,1.103,-2.343,True
HC_04,healthy,19.650000000000002,0.10107,0.2056,0.9533,-0.88,0.203,-2.251,True
HC_04,healthy,19.66,0.15521,0.21718,0.96037,0.586,-0.23,0.566,True
HC_04,healthy,19.67,0.13446,0.21214,0.96811,1.087,0.531,0.93,True
HC_04,healthy,19.68,0.13396,0.21447,0.94348,-0.107,-0.295,0.602,True
HC_04,healthy,19.69,0.13104,0.17436,0.95919,0.209,0.722,1.526,True
HC_04,healthy,19.7,0.14538,0.17565,0.95492,0.835,0.27,0.47,True
HC_04,healthy,19.71,0.12871,0.16907,0.93875,0.516,-1.008,0.362,True
HC_04,healthy,19.72,0.11517,0.20319,0.94554,-0.108,0.405,-1.528,True
HC_04,healthy,19.73,0.13961,0.18706,0.96321,-0.067,0.413,-1.792,True
HC_04,healthy,19.740000000000002,0.1562,0.20561,0.97646,1.267,-1.179,-1.939,True
HC_04,healthy,19.75,0.16712,0.21206,0.95196,-0.126,-0.004,0.052,True
HC_04,healthy,19.76,0.15472,0.20577,0.93874,1.43,-0.658,1.523,True
HC_04,healthy,19.77,0.16701,0.21619,0.94635,0.452,0.5,1.919,True
HC_04,healthy,19.78,0.17093,0.1894,0.93635,0.37,-0.807,2.451,True
HC_04,healthy,19.79,0.1666,0.1949,0.96548,0.225,-0.728,0.34,True
HC_04,healthy,19.8,0.15101,0.19981,0.92108,0.38,-1.02,-0.044,True
HC_04,healthy,19.81,0.11879,0.1908,0.98312,-0.312,0.453,-0.36,True
HC_04,healthy,19.82,0.14228,0.19148,0.95346,0.536,1.009,-0.68,True
HC_04,healthy,19.830000000000002,0.12397,0.18909,0.94526,-0.257,-1.805,-1.224,True
HC_04,healthy,19.84,0.12714,0.21102,0.94905,0.147,0.207,0.348,True
HC_04,healthy,19.85,0.15456,0.22177,0.95134,0.151,-0.457,1.221,True
HC_04,healthy,19.86,0.14664,0.2054,0.93103,0.397,1.392,-0.223,True
HC_04,healthy,19.87,0.17092,0.19676,0.94436,-0.609,-0.152,1.953,True
HC_04,healthy,19.88,0.15333,0.20058,0.93761,0.74,-0.801,1.267,True
HC_04,healthy,19.89,0.16666,0.18829,0.9445,0.8,-0.687,0.689,True
HC_04,healthy,19.900000000000002,0.13724,0.16443,0.94529,0.455,1.48,-0.0,True
HC_04,healthy,19.91,0.10455,0.18107,0.96789,-0.494,0.631,0.312,True
HC_04,healthy,19.92,0.13616,0.20761,0.97192,0.826,0.824,-1.225,True
HC_04,healthy,19.93,0.14342,0.22771,0.95602,-1.382,0.733,-0.404,True
HC_04,healthy,19.94,0.124,0.18124,0.9567,-0.382,0.571,-1.483,True
HC_04,healthy,19.95,0.14922,0.23754,0.92694,-0.301,-1.152,1.392,True
HC_04,healthy,19.96,0.15226,0.20403,0.96419,1.132,0.382,-0.154,True
HC_04,healthy,19.97,0.18619,0.17452,0.9781,0.689,0.303,1.756,True
HC_04,healthy,19.98,0.16988,0.17669,0.98535,-0.76,0.835,0.925,True
HC_04,healthy,19.990000000000002,0.17258,0.20327,0.94424,0.869,1.935,1.263,True
HC_04,healthy,20.0,0.1339,0.1938,0.93825,-0.17,0.308,-0.706,True
HC_04,healthy,20.01,0.13913,0.22969,0.93203,-0.13,0.646,-2.389,True
HC_04,healthy,20.02,0.1412,0.20973,0.97628,-0.567,-0.859,-1.725,True
HC_04,healthy,20.03,0.12923,0.19114,0.94539,-0.756,-0.751,-1.511,True
HC_04,healthy,20.04,0.16083,0.2383,0.93315,0.866,-0.345,-0.251,True
HC_04,healthy,20.05,0.15516,0.21793,0.92125,0.244,-0.32,0.964,True
HC_04,healthy,20.06,0.16778,0.18214,0.9754,1.526,0.903,2.994,True
HC_04,healthy,20.07,0.18563,0.18806,0.92952,-1.37,0.183,1.204,True
HC_04,healthy,20.080000000000002,0.16478,0.20199,0.93499,0.024,-1.282,0.159,True
HC_04,healthy,20.09,0.16587,0.20421,0.9948,-0.489,0.079,-0.639,True
HC_04,healthy,20.1,0.13661,0.20567,0.94364,-1.132,-0.04,-0.903,True
HC_04,healthy,20.11,0.13201,0.17227,0.94715,-0.302,0.932,-0.766,True
HC_04,healthy,20.12,0.14765,0.22338,0.95442,0.149,-1.798,-0.3,True
HC_04,healthy,20.13,0.14911,0.22415,0.92465,-0.405,0.614,-0.945,True
HC_04,healthy,20.14,0.15327,0.21413,0.9542,-0.788,0.052,0.111,True
HC_04,healthy,20.150000000000002,0.1553,0.20269,0.96233,-0.643,0.253,1.862,True
HC_04,healthy,20.16,0.17406,0.17981,0.93737,-0.044,-0.468,0.006,True
HC_04,healthy,20.17,0.18681,0.20441,0.94917,-0.385,0.109,0.581,True
HC_04,healthy,20.18,0.16767,0.18482,0.96771,-0.092,-0.11,1.009,True
HC_04,healthy,20.19,0.13146,0.20262,0.93875,0.196,0.705,-1.632,True
HC_04,healthy,20.2,0.15822,0.20016,0.95047,1.147,-0.473,-1.128,True
HC_04,healthy,20.21,0.15041,0.20371,0.94017,1.737,0.233,-2.402,True
HC_04,healthy,20.22,0.15783,0.21208,0.95252,0.322,-0.631,-1.769,True
HC_04,healthy,20.23,0.14743,0.21811,0.96584,-0.133,-0.781,-0.116,True
HC_04,healthy,20.240000000000002,0.20056,0.2393,0.94613,0.239,0.651,1.158,True
HC_04,healthy,20.25,0.17121,0.2192,0.918,-0.838,-0.434,0.742,True
HC_04,healthy,20.26,0.1846,0.22108,0.94672,0.36,-0.59,0.504,True
HC_04,healthy,20.27,0.14268,0.19669,0.93803,-2.64,-0.19,0.507,True
HC_04,healthy,20.28,0.14643,0.19146,0.9182,-0.289,-0.3,1.191,True
HC_04,healthy,20.29,0.17144,0.18982,0.9257,-0.332,0.715,0.25,True
HC_04,healthy,20.3,0.15022,0.19579,0.9521,1.284,0.191,-2.393,True
HC_04,healthy,20.31,0.16942,0.22154,0.95638,-0.296,0.41,-1.083,True
HC_04,healthy,20.32,0.15307,0.23277,0.93807,-1.169,0.293,-0.278,True
HC_04,healthy,20.330000000000002,0.16395,0.20577,0.91579,-0.678,-1.653,-0.232,True
HC_04,healthy,20.34,0.14118,0.20522,0.94167,0.395,0.588,0.515,True
HC_04,healthy,20.35,0.16517,0.20404,0.94819,-0.89,-0.659,1.507,True
HC_04,healthy,20.36,0.18219,0.19533,0.96002,0.27,-0.246,1.495,True
HC_04,healthy,20.37,0.15248,0.19499,0.94314,-0.287,-0.631,0.227,True
HC_04,healthy,20.38,0.1707,0.1826,0.96279,-0.48,0.042,-0.969,True
HC_04,healthy,20.39,0.16107,0.21582,0.94345,-0.27,0.346,-2.213,True
HC_04,healthy,20.400000000000002,0.14655,0.21313,0.94743,-0.762,-0.465,-1.449,True
HC_04,healthy,20.41,0.19214,0.2109,0.92517,-0.349,0.016,-1.614,True
HC_04,healthy,20.42,0.15875,0.22232,0.94623,-0.58,-0.6,-0.847,True
HC_04,healthy,20.43,0.17461,0.2083,0.94767,0.936,-0.284,0.418,True
HC_04,healthy,20.44,0.16219,0.19778,0.94425,-1.025,0.426,0.129,True
HC_04,healthy,20.45,0.17983,0.19779,0.91578,0.027,-0.109,2.147,True
HC_04,healthy,20.46,0.16297,0.17374,0.93169,-0.393,-0.126,1.271,True
HC_04,healthy,20.47,0.16187,0.20524,0.95577,-0.741,1.223,1.324,True
HC_04,healthy,20.48,0.15556,0.18263,0.96095,-0.61,1.361,-0.507,True
HC_04,healthy,20.490000000000002,0.13992,0.19984,0.93925,-0.982,0.144,-1.222,True
HC_04,healthy,20.5,0.13447,0.21326,0.9658,1.708,-1.653,-1.598,True
HC_04,healthy,20.51,0.15378,0.23463,0.94752,-0.274,0.723,-0.301,True
HC_04,healthy,20.52,0.16777,0.22775,0.92728,1.314,-1.244,0.073,True
HC_04,healthy,20.53,0.18166,0.22876,0.95067,-0.667,0.306,0.479,True
HC_04,healthy,20.54,0.18754,0.21601,0.97258,2.107,-0.522,1.132,True
HC_04,healthy,20.55,0.15154,0.19758,0.95329,-1.025,-0.851,2.104,True
HC_04,healthy,20.56,0.18454,0.20984,0.92565,-1.609,0.256,1.937,True
HC_04,healthy,20.57,0.15819,0.18435,0.94105,0.5,0.799,0.542,True
HC_04,healthy,20.580000000000002,0.16145,0.19741,0.9417,0.139,-1.087,-0.646,True
HC_04,healthy,20.59,0.1575,0.20053,0.95775,-0.15,-0.525,-1.746,True
HC_04,healthy,20.6,0.14301,0.21316,0.94552,0.238,-0.588,-1.23,True
HC_04,healthy,20.61,0.14603,0.20158,0.93541,-0.812,-0.534,-0.447,True
HC_04,healthy,20.62,0.17711,0.21185,0.90872,0.062,0.396,0.006,True
HC_04,healthy,20.63,0.17416,0.24556,0.94454,0.61,-1.048,2.423,True
HC_04,healthy,20.64,0.1801,0.21516,0.9429,-0.035,-0.098,1.859,True
HC_04,healthy,20.650000000000002,0.21658,0.21384,0.95453,-0.941,0.32,2.611,True
HC_04,healthy,20.66,0.18899,0.20511,0.91793,0.232,0.578,-1.303,True
HC_04,healthy,20.67,0.15233,0.19665,0.94788,-0.185,0.324,0.989,True
HC_04,healthy,20.68,0.15585,0.19393,0.91268,-0.642,0.313,-0.457,True
HC_04,healthy,20.69,0.13598,0.21885,0.95199,0.398,-0.07,-1.974,True
HC_04,healthy,20.7,0.16168,0.22355,0.93847,-0.631,0.395,-1.367,True
HC_04,healthy,20.71,0.15293,0.23719,0.93284,0.324,-0.357,0.053,True
HC_04,healthy,20.72,0.19918,0.2004,0.91192,0.649,-1.769,0.46,True
HC_04,healthy,20.73,0.20196,0.20046,0.92829,-0.177,-0.506,1.889,True
HC_04,healthy,20.740000000000002,0.17367,0.20924,0.93298,0.938,-0.32,1.443,True
HC_04,healthy,20.75,0.19447,0.17318,0.94866,-0.8,0.552,0.497,True
HC_04,healthy,20.76,0.16916,0.21611,0.91198,0.344,0.026,0.371,True
HC_04,healthy,20.77,0.16989,0.20429,0.95922,-0.692,-0.106,-1.117,True
HC_04,healthy,20.78,0.16351,0.21104,0.92377,-1.143,0.076,0.712,True
HC_04,healthy,20.79,0.17465,0.24424,0.93286,0.338,1.437,-0.112,True
HC_04,healthy,20.8,0.18342,0.239,0.92696,1.268,-0.241,0.493,True
HC_04,healthy,20.81,0.18016,0.24663,0.96062,-0.87,0.26,-0.917,True
HC_04,healthy,20.82,0.17335,0.22955,0.93757,-0.043,0.038,1.544,True
HC_04,healthy,20.830000000000002,0.2014,0.19722,0.93567,-0.855,0.15,1.161,True
HC_04,healthy,20.84,0.19019,0.20173,0.91717,-0.903,1.465,1.848,True
HC_04,healthy,20.85,0.14951,0.21323,0.93783,-0.041,-0.187,-0.056,True
HC_04,healthy,20.86,0.15703,0.21826,0.92691,0.767,0.58,2.184,True
HC_04,healthy,20.87,0.16353,0.1726,0.94493,0.363,-0.582,-0.36,True
HC_04,healthy,20.88,0.17554,0.19544,0.93645,0.795,0.1,-1.352,True
HC_04,healthy,20.89,0.16901,0.20226,0.91139,0.247,-0.646,-0.233,True
HC_04,healthy,20.900000000000002,0.1602,0.21912,0.91418,1.086,0.524,-1.589,True
HC_04,healthy,20.91,0.16222,0.22705,0.93004,-0.281,-1.424,-1.418,True
HC_04,healthy,20.92,0.18632,0.23228,0.95389,-0.958,0.575,2.146,True
HC_04,healthy,20.93,0.18996,0.19121,0.91633,1.361,0.875,0.654,True
HC_04,healthy,20.94,0.19522,0.20277,0.92519,-0.35,-0.647,1.888,True
HC_04,healthy,20.95,0.18107,0.21414,0.94908,0.629,-1.76,1.46,True
HC_04,healthy,20.96,0.19111,0.19217,0.93094,-0.16,-0.141,-2.412,True
HC_04,healthy,20.97,0.15837,0.20124,0.94644,-0.113,-0.984,-1.561,True
HC_04,healthy,20.98,0.15393,0.20349,0.94526,0.269,-0.336,-1.23,True
HC_04,healthy,20.990000000000002,0.15798,0.23485,0.92473,1.261,-0.358,-1.734,True
HC_04,healthy,21.0,0.18527,0.22628,0.92713,-0.223,0.952,-1.374,True
HC_04,healthy,21.01,0.16899,0.23378,0.92809,0.258,-0.705,2.708,True
HC_04,healthy,21.02,0.17716,0.22717,0.92625,-0.207,-0.773,2.514,True
HC_04,healthy,21.03,0.19717,0.19514,0.93561,1.384,0.563,0.793,True
HC_04,healthy,21.04,0.17506,0.22769,0.91699,0.186,-0.423,-0.358,True
HC_04,healthy,21.05,0.20009,0.20925,0.93795,-0.725,-0.021,0.226,True
HC_04,healthy,21.06,0.16435,0.21323,0.9126,-0.703,-1.608,-0.008,True
HC_04,healthy,21.07,0.17028,0.20118,0.96001,-0.475,-0.295,-2.027,True
HC_04,healthy,21.080000000000002,0.15816,0.23292,0.95653,-0.107,0.011,-1.043,True
HC_04,healthy,21.09,0.16607,0.21817,0.96544,0.656,0.764,0.686,True
HC_04,healthy,21.1,0.18986,0.21352,0.95673,-1.143,0.851,0.344,True
HC_04,healthy,21.11,0.19805,0.21793,0.91357,0.284,-0.199,0.583,True
HC_04,healthy,21.12,0.19514,0.21184,0.94343,-0.818,0.106,0.74,True
HC_04,healthy,21.13,0.20796,0.18074,0.91473,0.014,0.766,1.481,True
HC_04,healthy,21.14,0.17323,0.1893,0.92061,0.502,-0.35,-0.373,True
HC_04,healthy,21.150000000000002,0.15874,0.1777,0.94949,-0.407,0.707,-0.013,True
HC_04,healthy,21.16,0.18693,0.1921,0.91832,-0.835,-0.291,-1.87,True
HC_04,healthy,21.17,0.17302,0.21042,0.96766,1.344,-0.359,-1.797,True
HC_04,healthy,21.18,0.16735,0.22643,0.93068,-0.672,0.274,-0.272,True
HC_04,healthy,21.19,0.18371,0.23261,0.94539,0.53,1.198,-0.993,True
HC_04,healthy,21.2,0.20838,0.2439,0.94206,0.122,-0.305,0.224,True
HC_04,healthy,21.21,0.16337,0.22914,0.94299,0.618,0.447,1.459,True
HC_04,healthy,21.22,0.20743,0.21291,0.93153,0.49,-0.273,0.489,True
HC_04,healthy,21.23,0.18196,0.19495,0.92631,-0.003,-1.107,1.534,True
HC_04,healthy,21.240000000000002,0.19441,0.22077,0.94533,-0.239,-0.581,-0.099,True
HC_04,healthy,21.25,0.19156,0.21132,0.91656,-0.2,1.701,-0.009,True
HC_04,healthy,21.26,0.16237,0.23822,0.91585,-0.123,-0.322,-2.156,True
HC_04,healthy,21.27,0.17263,0.1907,0.91492,0.868,1.34,-0.662,True
HC_04,healthy,21.28,0.17759,0.23946,0.92687,-0.498,0.449,-2.256,True
HC_04,healthy,21.29,0.18967,0.24197,0.91568,1.353,-0.078,-1.168,True
HC_04,healthy,21.3,0.17346,0.23967,0.92101,0.007,0.858,0.575,True
HC_04,healthy,21.31,0.20996,0.2438,0.92456,0.993,-0.063,2.125,True
HC_04,healthy,21.32,0.18805,0.17976,0.91592,1.04,1.075,0.379,True
HC_04,healthy,21.330000000000002,0.18521,0.21152,0.91587,-1.303,1.989,1.296,True
HC_04,healthy,21.34,0.15868,0.23229,0.96404,-0.803,0.919,-0.907,True
HC_04,healthy,21.35,0.15395,0.21888,0.90812,0.845,0.159,-1.082,True
HC_04,healthy,21.36,0.1772,0.23247,0.92598,0.018,-0.169,-1.629,True
HC_04,healthy,21.37,0.18642,0.21592,0.9349,-0.173,-1.737,-0.341,True
HC_04,healthy,21.38,0.18044,0.26504,0.92922,-0.749,-1.38,-1.659,True
HC_04,healthy,21.39,0.1683,0.23529,0.90666,0.688,-0.353,-0.513,True
HC_04,healthy,21.400000000000002,0.19005,0.21511,0.91708,0.621,0.97,-0.078,True
HC_04,healthy,21.41,0.18562,0.23546,0.95556,-0.925,-0.171,0.939,True
HC_04,healthy,21.42,0.17959,0.22004,0.92127,0.495,0.284,1.703,True
HC_04,healthy,21.43,0.21515,0.21399,0.95902,0.787,-0.048,-0.225,True
HC_04,healthy,21.44,0.22016,0.2059,0.9261,1.162,0.416,0.785,True
HC_04,healthy,21.45,0.19313,0.22624,0.91914,0.26,0.218,-1.28,True
HC_04,healthy,21.46,0.18319,0.20943,0.94352,1.518,0.497,-1.787,True
HC_04,healthy,21.47,0.17328,0.23691,0.94574,0.773,0.409,-1.1,True
HC_04,healthy,21.48,0.16129,0.24059,0.93207,-0.536,-0.069,0.934,True
HC_04,healthy,21.490000000000002,0.19039,0.22418,0.9084,-0.051,0.105,1.985,True
HC_04,healthy,21.5,0.19495,0.21222,0.92906,-0.125,-0.637,2.262,True
HC_04,healthy,21.51,0.24414,0.2167,0.92051,0.584,0.102,1.258,True
HC_04,healthy,21.52,0.17489,0.20221,0.93743,0.113,1.004,0.672,True
HC_04,healthy,21.53,0.19696,0.20426,0.93929,-1.314,0.833,0.636,True
HC_04,healthy,21.54,0.17571,0.18682,0.93406,-1.885,-1.322,-0.547,True
HC_04,healthy,21.55,0.17941,0.23303,0.92761,0.141,0.689,-1.583,True
HC_04,healthy,21.56,0.18382,0.25042,0.92638,0.573,0.808,0.096,True
HC_04,healthy,21.57,0.16603,0.22115,0.93416,0.567,0.224,-1.624,True
HC_04,healthy,21.580000000000002,0.20694,0.23507,0.92259,-0.131,0.463,-0.654,True
HC_04,healthy,21.59,0.19796,0.24971,0.94853,-0.114,1.587,0.09,True
HC_04,healthy,21.6,0.21345,0.18733,0.95383,-0.397,-0.511,2.705,True
HC_04,healthy,21.61,0.199,0.23006,0.92736,0.915,0.907,1.756,True
HC_04,healthy,21.62,0.23211,0.21474,0.91556,-0.039,0.074,1.344,True
HC_04,healthy,21.63,0.16805,0.2044,0.92563,0.563,-0.184,-2.095,True
HC_04,healthy,21.64,0.17676,0.2256,0.93081,1.09,-1.071,-1.191,True
HC_04,healthy,21.650000000000002,0.17839,0.22155,0.95062,-0.123,0.407,-1.238,True
HC_04,healthy,21.66,0.19314,0.25152,0.93276,0.948,-0.316,-0.725,True
HC_04,healthy,21.67,0.17147,0.21914,0.88652,-0.889,0.815,-1.545,True
HC_04,healthy,21.68,0.20036,0.21399,0.95356,-0.925,1.048,0.992,True
HC_04,healthy,21.69,0.20084,0.23473,0.90414,-0.506,0.62,1.327,True
HC_04,healthy,21.7,0.2171,0.21112,0.92544,1.128,0.334,0.563,True
HC_04,healthy,21.71,0.21477,0.23478,0.92627,-0.341,0.726,1.542,True
HC_04,healthy,21.72,0.18534,0.24506,0.94746,-1.488,-0.937,-0.719,True
HC_04,healthy,21.73,0.17914,0.18345,0.94233,-0.418,-0.286,-2.072,True
HC_04,healthy,21.740000000000002,0.18707,0.2472,0.95507,0.425,1.033,-2.077,True
HC_04,healthy,21.75,0.20169,0.25314,0.9564,0.012,0.034,-2.714,True
HC_04,healthy,21.76,0.19419,0.22318,0.90295,-0.509,-0.049,-0.38,True
HC_04,healthy,21.77,0.16649,0.23152,0.93203,1.152,0.623,-0.739,True
HC_04,healthy,21.78,0.25197,0.21215,0.92266,0.011,-0.642,1.577,True
HC_04,healthy,21.79,0.22306,0.20592,0.94138,-0.824,0.488,2.012,True
HC_04,healthy,21.8,0.22059,0.23992,0.95741,-0.133,-0.594,2.422,True
HC_04,healthy,21.81,0.20152,0.20853,0.90133,0.289,1.062,0.686,True
HC_04,healthy,21.82,0.18671,0.21398,0.94858,-0.136,-0.128,-0.828,True
HC_04,healthy,21.830000000000002,0.18368,0.20572,0.92011,0.209,-0.564,-1.793,True
HC_04,healthy,21.84,0.168,0.21957,0.94373,-1.45,-1.032,-1.389,True
HC_04,healthy,21.85,0.15645,0.23035,0.93831,-1.125,-1.203,-1.283,True
HC_04,healthy,21.86,0.19614,0.23101,0.92273,-0.168,-1.467,-0.914,True
HC_04,healthy,21.87,0.21406,0.2353,0.90211,-0.978,-1.358,1.093,True
HC_04,healthy,21.88,0.21053,0.21289,0.92731,0.709,1.3,-0.156,True
HC_04,healthy,21.89,0.21858,0.23722,0.9267,0.256,-0.39,2.133,True
HC_04,healthy,21.900000000000002,0.20481,0.17487,0.93639,0.633,-0.543,1.053,True
HC_04,healthy,21.91,0.17727,0.20217,0.93208,0.358,-0.243,-0.151,True
HC_04,healthy,21.92,0.18766,0.21358,0.90901,-0.721,0.469,-0.953,True
HC_04,healthy,21.93,0.18196,0.20198,0.92088,0.321,-0.816,0.219,True
HC_04,healthy,21.94,0.19211,0.23723,0.9012,-0.525,1.11,-2.571,True
HC_04,healthy,21.95,0.1956,0.22766,0.91172,0.022,0.13,-0.874,True
HC_04,healthy,21.96,0.20836,0.25086,0.8966,0.339,0.717,-0.065,True
HC_04,healthy,21.97,0.20269,0.24083,0.92016,-0.103,-1.031,1.24,True
HC_04,healthy,21.98,0.20553,0.23442,0.93274,-0.934,0.394,1.669,True
HC_04,healthy,21.990000000000002,0.21984,0.20937,0.9356,0.301,-0.617,3.377,True
HC_04,healthy,22.0,0.20277,0.21503,0.9234,-0.797,1.514,1.501,True
HC_04,healthy,22.01,0.20064,0.19332,0.92702,0.472,0.65,-0.004,True
HC_04,healthy,22.02,0.20243,0.22621,0.90829,-1.431,0.232,-0.487,True
HC_04,healthy,22.03,0.173,0.2291,0.9271,0.173,-0.277,-1.39,True
HC_04,healthy,22.04,0.17003,0.24631,0.91546,-0.882,-0.22,-1.17,True
HC_04,healthy,22.05,0.16233,0.20892,0.94426,0.914,0.529,-0.472,True
HC_04,healthy,22.06,0.23364,0.23127,0.91711,-0.042,0.185,0.534,True
HC_04,healthy,22.07,0.21021,0.21171,0.91679,0.936,0.837,1.591,True
HC_04,healthy,22.080000000000002,0.19705,0.21888,0.91711,-0.159,0.046,2.025,True
HC_04,healthy,22.09,0.21921,0.21084,0.94213,0.493,-0.916,0.731,True
HC_04,healthy,22.1,0.16817,0.23819,0.91825,-0.732,-1.184,1.444,True
HC_04,healthy,22.11,0.19379,0.24219,0.90424,0.501,0.668,0.158,True
HC_04,healthy,22.12,0.21074,0.21474,0.9094,0.811,0.647,-2.251,True
HC_04,healthy,22.13,0.19377,0.24058,0.91211,-0.089,0.581,-0.531,True
HC_04,healthy,22.14,0.18102,0.2497,0.92201,0.791,-0.079,-0.689,True
HC_04,healthy,22.150000000000002,0.19851,0.24213,0.9304,1.144,-1.361,-0.328,True
HC_04,healthy,22.16,0.18914,0.20447,0.93083,0.12,-0.2,-0.229,True
HC_04,healthy,22.17,0.20653,0.22633,0.95902,1.182,0.011,0.481,True
HC_04,healthy,22.18,0.20202,0.21805,0.89538,0.693,0.697,2.394,True
HC_04,healthy,22.19,0.21422,0.19573,0.9316,0.715,-0.851,0.29,True
HC_04,healthy,22.2,0.21567,0.24074,0.92684,-1.38,-0.168,1.426,True
HC_04,healthy,22.21,0.16126,0.23893,0.90039,0.786,0.588,-2.557,True
HC_04,healthy,22.22,0.15969,0.22736,0.92981,-0.449,1.518,-1.118,True
HC_04,healthy,22.23,0.19008,0.26624,0.94846,-0.139,0.38,-0.747,True
HC_04,healthy,22.240000000000002,0.20606,0.21035,0.92376,-0.058,0.775,-1.543,True
HC_04,healthy,22.25,0.1866,0.24608,0.93431,1.486,-0.634,-0.107,True
HC_04,healthy,22.26,0.19885,0.20036,0.9063,0.15,0.005,-0.031,True
HC_04,healthy,22.27,0.23761,0.22293,0.91277,0.462,0.691,0.448,True
HC_04,healthy,22.28,0.22994,0.21932,0.94418,1.458,0.224,0.775,True
HC_04,healthy,22.29,0.20414,0.19825,0.92857,0.741,-0.451,1.718,True
HC_04,healthy,22.3,0.17622,0.22531,0.9493,0.103,-0.4,0.004,True
HC_04,healthy,22.31,0.17043,0.21748,0.93662,0.451,-0.037,-1.858,True
HC_04,healthy,22.32,0.17552,0.24449,0.91566,-0.524,0.298,-2.253,True
HC_04,healthy,22.330000000000002,0.17575,0.22313,0.94365,0.06,-1.388,-1.441,True
HC_04,healthy,22.34,0.2062,0.22988,0.91109,2.307,0.38,1.157,True
HC_04,healthy,22.35,0.19325,0.2172,0.91499,0.679,1.156,-0.107,True
HC_04,healthy,22.36,0.23979,0.24136,0.93229,-1.205,-1.214,1.783,True
HC_04,healthy,22.37,0.21102,0.24082,0.9509,-0.136,1.213,0.581,True
HC_04,healthy,22.38,0.21116,0.22669,0.92087,-1.432,0.833,-0.312,True
HC_04,healthy,22.39,0.2283,0.20247,0.90199,-0.273,-2.146,0.531,True
HC_04,healthy,22.400000000000002,0.20786,0.21321,0.93728,-0.479,1.121,-1.083,True
HC_04,healthy,22.41,0.14823,0.25558,0.918,-0.633,0.129,-0.101,True
HC_04,healthy,22.42,0.22143,0.21373,0.90926,-0.219,0.424,-1.882,True
HC_04,healthy,22.43,0.15708,0.25306,0.93944,0.258,0.377,-1.114,True
HC_04,healthy,22.44,0.20436,0.23409,0.94779,0.084,2.187,0.113,True
HC_04,healthy,22.45,0.22937,0.20784,0.92119,1.131,-0.918,1.819,True
HC_04,healthy,22.46,0.2153,0.24498,0.93549,0.084,1.343,2.472,True
HC_04,healthy,22.47,0.20886,0.20888,0.9101,-0.539,-0.002,0.813,True
HC_04,healthy,22.48,0.19233,0.23213,0.93667,0.761,-0.401,1.251,True
HC_04,healthy,22.490000000000002,0.23865,0.206,0.9382,-0.371,0.316,-0.991,True
HC_04,healthy,22.5,0.17711,0.21037,0.93755,0.283,0.951,-1.116,True
HC_04,healthy,22.51,0.17883,0.23485,0.90703,-0.159,0.007,-1.411,True
HC_04,healthy,22.52,0.18187,0.21724,0.91273,-1.252,-1.62,0.339,True
HC_04,healthy,22.53,0.19575,0.22734,0.91332,0.311,-0.316,0.405,True
HC_04,healthy,22.54,0.22356,0.23064,0.92104,-0.662,-1.883,-0.244,True
HC_04,healthy,22.55,0.20492,0.2266,0.93083,1.627,-0.85,1.155,True
HC_04,healthy,22.56,0.19752,0.24178,0.91869,0.89,-0.795,2.045,True
HC_04,healthy,22.57,0.22976,0.22448,0.9208,-0.842,-0.536,0.187,True
HC_04,healthy,22.580000000000002,0.20635,0.22542,0.94269,0.049,0.181,1.456,True
HC_04,healthy,22.59,0.20292,0.22184,0.94471,-0.089,0.632,-1.274,True
HC_04,healthy,22.6,0.16939,0.21132,0.94048,1.028,1.24,-0.052,True
HC_04,healthy,22.61,0.17974,0.19959,0.94536,-0.088,-0.394,-1.997,True
HC_04,healthy,22.62,0.19024,0.25396,0.92795,-0.251,-0.297,-1.957,True
HC_04,healthy,22.63,0.22046,0.22588,0.9347,0.237,0.221,-0.098,True
HC_04,healthy,22.64,0.22361,0.2346,0.91874,1.106,-0.909,0.63,True
HC_04,healthy,22.650000000000002,0.20159,0.23335,0.92858,-0.341,-0.226,1.135,True
HC_04,healthy,22.66,0.23759,0.23258,0.93266,0.258,0.035,1.38,True
HC_04,healthy,22.67,0.20974,0.19288,0.92883,-1.003,-0.295,0.179,True
HC_04,healthy,22.68,0.20615,0.22761,0.94678,0.367,0.022,0.519,True
HC_04,healthy,22.69,0.18253,0.22783,0.91641,-1.455,0.604,-1.408,True
HC_04,healthy,22.7,0.18867,0.23774,0.94534,-0.878,-0.526,-1.353,True
HC_04,healthy,22.71,0.19823,0.24054,0.95543,1.402,-1.069,-2.271,True
HC_04,healthy,22.72,0.21259,0.23555,0.94484,0.034,-0.368,-0.565,True
HC_04,healthy,22.73,0.18688,0.21314,0.92607,0.485,-0.682,-0.515,True
HC_04,healthy,22.740000000000002,0.20206,0.26239,0.90355,-1.929,-0.776,1.574,True
HC_04,healthy,22.75,0.19804,0.21291,0.94291,0.774,0.549,1.684,True
HC_04,healthy,22.76,0.2193,0.21013,0.92374,-1.722,0.151,1.193,True
HC_04,healthy,22.77,0.20128,0.20732,0.94117,-0.983,-1.265,0.567,True
HC_04,healthy,22.78,0.18303,0.23085,0.91775,0.467,-0.316,-1.081,True
HC_04,healthy,22.79,0.18478,0.19714,0.9224,-0.333,-0.505,-2.353,True
HC_04,healthy,22.8,0.16863,0.19682,0.90199,-0.594,0.134,-0.652,True
HC_04,healthy,22.81,0.18725,0.25891,0.96433,-0.931,0.257,-1.072,True
HC_04,healthy,22.82,0.20082,0.24055,0.92501,0.194,-0.439,1.103,True
HC_04,healthy,22.830000000000002,0.24318,0.2199,0.93608,0.504,-0.495,2.096,True
HC_04,healthy,22.84,0.22279,0.23585,0.92849,0.229,-0.151,0.955,True
HC_04,healthy,22.85,0.21533,0.22917,0.90083,-0.408,0.487,1.442,True
HC_04,healthy,22.86,0.21239,0.21005,0.91568,-0.656,1.256,0.85,True
HC_04,healthy,22.87,0.21378,0.21994,0.9334,-0.056,-0.199,0.339,True
HC_04,healthy,22.88,0.16453,0.24373,0.94351,-0.557,1.661,0.054,True
HC_04,healthy,22.89,0.19247,0.23766,0.90636,-0.511,-0.152,-1.019,True
HC_04,healthy,22.900000000000002,0.1857,0.2252,0.92098,0.515,1.451,-2.442,True
HC_04,healthy,22.91,0.19529,0.23165,0.91889,-0.162,-0.048,-1.415,True
HC_04,healthy,22.92,0.16915,0.2066,0.92587,1.429,1.087,0.19,True
HC_04,healthy,22.93,0.19874,0.22941,0.95414,0.014,-0.203,2.048,True
HC_04,healthy,22.94,0.21175,0.22432,0.89725,-0.852,1.483,1.347,True
HC_04,healthy,22.95,0.21757,0.2362,0.94127,1.292,-0.262,1.36,True
HC_04,healthy,22.96,0.20458,0.2276,0.92282,-1.687,-0.618,1.18,True
HC_04,healthy,22.97,0.16979,0.21269,0.92914,-0.343,-0.958,0.133,True
HC_04,healthy,22.98,0.21706,0.20251,0.91485,-0.607,0.293,-2.221,True
HC_04,healthy,22.990000000000002,0.18607,0.22962,0.92509,0.384,0.062,-2.418,True
HC_04,healthy,23.0,0.20004,0.2175,0.94112,0.977,-1.033,-1.518,True
HC_04,healthy,23.01,0.18729,0.21918,0.89977,0.558,0.329,-0.682,True
HC_04,healthy,23.02,0.19574,0.22692,0.93556,0.603,-1.329,0.301,True
HC_04,healthy,23.03,0.20901,0.22188,0.92392,-0.614,0.075,2.321,True
HC_04,healthy,23.04,0.19922,0.22098,0.92911,0.788,-0.05,2.906,True
HC_04,healthy,23.05,0.20553,0.19682,0.92299,-0.171,-0.568,0.994,True
HC_04,healthy,23.06,0.2022,0.21659,0.93289,0.185,0.217,0.04,True
HC_04,healthy,23.07,0.20973,0.21743,0.92209,-0.133,-0.423,-1.01,True
HC_04,healthy,23.080000000000002,0.17649,0.20329,0.92362,-0.097,-1.416,-0.351,True
HC_04,healthy,23.09,0.18239,0.21707,0.93207,-0.193,0.641,-1.698,True
HC_04,healthy,23.1,0.19078,0.21899,0.92408,0.98,1.224,0.185,True
HC_04,healthy,23.11,0.22782,0.26441,0.9268,-0.72,-0.772,0.846,True
HC_04,healthy,23.12,0.20984,0.21516,0.92553,-1.126,0.952,-0.265,True
HC_04,healthy,23.13,0.20179,0.20907,0.91433,-0.082,-0.854,1.58,True
HC_04,healthy,23.14,0.20132,0.23789,0.93747,1.102,0.617,2.625,True
HC_04,healthy,23.150000000000002,0.18296,0.22271,0.93122,0.917,-0.22,0.679,True
HC_04,healthy,23.16,0.19778,0.21194,0.93149,-1.242,-1.462,0.684,True
HC_04,healthy,23.17,0.20218,0.23819,0.91281,-0.417,1.454,-0.238,True
HC_04,healthy,23.18,0.18602,0.22788,0.94562,-0.351,0.207,-1.597,True
HC_04,healthy,23.19,0.20692,0.22794,0.92264,-0.71,0.408,-2.566,True
HC_04,healthy,23.2,0.19606,0.23823,0.91663,0.488,-0.832,1.219,True
HC_04,healthy,23.21,0.22052,0.23272,0.9178,3.192,-0.952,0.398,True
HC_04,healthy,23.22,0.20299,0.26399,0.92396,-1.023,-0.707,0.964,True
HC_04,healthy,23.23,0.19944,0.19915,0.90531,-1.158,-0.848,2.398,True
HC_04,healthy,23.240000000000002,0.19414,0.21319,0.91448,0.67,1.251,0.793,True
HC_04,healthy,23.25,0.18244,0.19805,0.93465,1.157,0.137,-1.434,True
HC_04,healthy,23.26,0.18194,0.22315,0.93111,0.413,-0.473,0.075,True
HC_04,healthy,23.27,0.18,0.23975,0.93272,0.222,0.753,-0.826,True
HC_04,healthy,23.28,0.16483,0.24126,0.92176,-0.305,-0.205,-3.293,True
HC_04,healthy,23.29,0.2025,0.22806,0.93528,0.125,-0.808,-2.566,True
HC_04,healthy,23.3,0.1907,0.22058,0.92671,1.317,0.974,-1.231,True
HC_04,healthy,23.31,0.19374,0.22669,0.92553,0.359,0.63,0.936,True
HC_04,healthy,23.32,0.18928,0.24643,0.94318,-0.453,-0.27,1.143,True
HC_04,healthy,23.330000000000002,0.23133,0.21482,0.92101,-0.029,-0.139,1.619,True
HC_04,healthy,23.34,0.20002,0.23032,0.91352,0.336,-0.178,2.202,True
HC_04,healthy,23.35,0.20829,0.20704,0.91899,0.144,0.897,1.691,True
HC_04,healthy,23.36,0.20306,0.21271,0.91802,0.718,-0.367,-1.134,True
HC_04,healthy,23.37,0.18543,0.21919,0.9285,-0.813,1.241,-0.092,True
HC_04,healthy,23.38,0.18096,0.22681,0.94151,-0.177,-1.643,-1.275,True
HC_04,healthy,23.39,0.17537,0.23868,0.91934,-0.286,0.154,-2.242,True
HC_04,healthy,23.400000000000002,0.20654,0.22769,0.90198,-0.173,-0.354,-0.397,True
HC_04,healthy,23.41,0.19314,0.24668,0.9271,-0.686,-0.153,1.632,True
HC_04,healthy,23.42,0.18746,0.22477,0.90479,-0.332,0.763,2.448,True
HC_04,healthy,23.43,0.17982,0.22588,0.91248,1.563,0.378,0.95,True
HC_04,healthy,23.44,0.17357,0.1903,0.92804,0.567,1.086,0.546,True
HC_04,healthy,23.45,0.1749,0.20979,0.92678,-0.146,-0.949,-1.116,True
HC_04,healthy,23.46,0.17104,0.18269,0.93621,0.112,-0.163,-1.875,True
HC_04,healthy,23.47,0.17046,0.21774,0.97128,0.29,0.327,-3.135,True
HC_04,healthy,23.48,0.16955,0.2366,0.91511,-0.194,0.832,-2.063,True
HC_04,healthy,23.490000000000002,0.18414,0.24083,0.91651,0.07,0.402,-1.495,True
HC_04,healthy,23.5,0.18944,0.20231,0.91062,0.126,-0.439,1.916,True
HC_04,healthy,23.51,0.19698,0.19304,0.93941,-0.281,0.639,2.426,True
HC_04,healthy,23.52,0.21436,0.19159,0.94124,0.583,-0.641,0.976,True
HC_04,healthy,23.53,0.20417,0.18273,0.92144,-0.39,0.052,1.995,True
HC_04,healthy,23.54,0.18465,0.19795,0.94617,1.555,1.262,0.329,True
HC_04,healthy,23.55,0.2013,0.21327,0.90662,-0.621,-0.613,0.178,True
HC_04,healthy,23.56,0.14614,0.20556,0.93394,0.261,-0.356,-1.482,True
HC_04,healthy,23.57,0.1685,0.20069,0.96049,-1.771,1.344,-1.393,True
HC_04,healthy,23.580000000000002,0.16902,0.22378,0.93802,-0.804,-0.374,0.772,True
HC_04,healthy,23.59,0.17882,0.24258,0.92417,-0.331,0.323,0.795,True
HC_04,healthy,23.6,0.19812,0.23628,0.90689,0.409,-0.792,0.505,True
HC_04,healthy,23.61,0.22277,0.22094,0.94023,-0.107,-1.836,1.545,True
HC_04,healthy,23.62,0.20327,0.20737,0.94101,0.599,-0.21,2.551,True
HC_04,healthy,23.63,0.19448,0.20799,0.92381,-0.072,-0.78,2.301,True
HC_04,healthy,23.64,0.1734,0.22869,0.94276,0.524,-1.213,-0.354,True
HC_04,healthy,23.650000000000002,0.17663,0.225,0.91901,-0.726,-0.335,0.782,True
HC_04,healthy,23.66,0.15225,0.209,0.9526,0.046,0.551,-1.061,True
HC_04,healthy,23.67,0.20772,0.21351,0.93997,0.074,-0.148,0.61,True
HC_04,healthy,23.68,0.1941,0.21352,0.91599,-0.64,1.415,0.783,True
HC_04,healthy,23.69,0.20778,0.21447,0.94358,0.719,-0.635,0.592,True
HC_04,healthy,23.7,0.17619,0.22288,0.9272,0.195,-0.183,-0.684,True
HC_04,healthy,23.71,0.20794,0.23757,0.89923,0.964,0.022,2.326,True
HC_04,healthy,23.72,0.21619,0.21556,0.9248,1.24,-1.116,1.052,True
HC_04,healthy,23.73,0.19256,0.19849,0.92369,1.873,1.533,-1.197,True
HC_04,healthy,23.740000000000002,0.18216,0.17122,0.93442,-0.298,-0.6,-1.759,True
HC_04,healthy,23.75,0.18225,0.1952,0.93482,0.615,-0.119,-1.2,True
HC_04,healthy,23.76,0.17519,0.22626,0.93238,1.295,-1.312,-0.621,True
HC_04,healthy,23.77,0.16385,0.25145,0.94497,0.326,0.145,0.967,True
HC_04,healthy,23.78,0.16319,0.2194,0.94154,0.722,0.492,0.197,True
HC_04,healthy,23.79,0.16275,0.23461,0.93042,1.2,-1.242,0.505,True
HC_04,healthy,23.8,0.1912,0.2122,0.94299,0.164,1.066,2.295,True
HC_04,healthy,23.81,0.22862,0.21934,0.95812,0.095,0.263,2.386,True
HC_04,healthy,23.82,0.20832,0.21791,0.93447,1.018,-1.083,-0.242,True
HC_04,healthy,23.830000000000002,0.17156,0.22814,0.92377,0.095,-0.555,-0.032,True
HC_04,healthy,23.84,0.16252,0.19606,0.93549,1.079,-0.333,-1.036,True
HC_04,healthy,23.85,0.16016,0.20961,0.92945,0.819,0.118,-2.128,True
HC_04,healthy,23.86,0.17833,0.2147,0.9354,-0.621,1.436,-0.672,True
HC_04,healthy,23.87,0.17391,0.24716,0.91493,-0.37,1.007,-0.621,True
HC_04,healthy,23.88,0.19681,0.20773,0.95685,-0.076,1.195,-0.487,True
HC_04,healthy,23.89,0.19252,0.2292,0.94987,0.959,-0.032,1.034,True
HC_04,healthy,23.900000000000002,0.21002,0.21326,0.94495,-0.056,1.329,0.765,True
HC_04,healthy,23.91,0.20247,0.19721,0.9189,-0.987,-1.327,1.572,True
HC_04,healthy,23.92,0.1701,0.19579,0.93054,-0.49,0.226,1.894,True
HC_04,healthy,23.93,0.16017,0.21411,0.96679,0.864,-0.605,-0.175,True
HC_04,healthy,23.94,0.14533,0.21663,0.92579,-0.6,0.382,0.119,True
HC_04,healthy,23.95,0.17978,0.21354,0.96572,-0.503,0.145,-1.578,True
HC_04,healthy,23.96,0.15061,0.22625,0.93093,0.687,-0.819,-1.762,True
HC_04,healthy,23.97,0.1692,0.23446,0.92542,0.205,0.318,-0.91,True
HC_04,healthy,23.98,0.16385,0.23828,0.95937,-1.152,0.934,2.01,True
HC_04,healthy,23.990000000000002,0.18956,0.21097,0.94141,0.46,-0.055,1.922,True
HC_04,healthy,24.0,0.18775,0.20523,0.95587,-0.474,1.919,2.096,True
HC_04,healthy,24.01,0.17869,0.21152,0.94252,0.324,1.238,0.663,True
HC_04,healthy,24.02,0.18611,0.22236,0.95429,0.193,0.403,-1.049,True
HC_04,healthy,24.03,0.16931,0.19282,0.95231,-0.878,1.761,0.121,True
HC_04,healthy,24.04,0.15088,0.22151,0.91791,-0.082,-0.353,-2.04,True
HC_04,healthy,24.05,0.14512,0.22479,0.91586,-0.159,1.468,-2.117,True
HC_04,healthy,24.060000000000002,0.1796,0.22551,0.92245,0.411,-1.449,0.151,True
HC_04,healthy,24.07,0.15571,0.19702,0.93947,0.466,0.031,1.34,True
HC_04,healthy,24.080000000000002,0.20537,0.23934,0.92736,-0.368,0.854,0.894,True
HC_04,healthy,24.09,0.19831,0.22366,0.92811,-0.362,-0.055,1.743,True
HC_04,healthy,24.1,0.18051,0.20975,0.95046,0.496,-0.305,-0.037,True
HC_04,healthy,24.11,0.17317,0.20559,0.9205,0.051,0.552,1.23,True
HC_04,healthy,24.12,0.16789,0.18295,0.91972,1.211,-1.274,0.003,True
HC_04,healthy,24.13,0.17182,0.19085,0.91536,-0.417,-0.245,-1.501,True
HC_04,healthy,24.14,0.16547,0.21433,0.92926,-1.414,0.37,-1.355,True
HC_04,healthy,24.150000000000002,0.1741,0.20911,0.9388,-1.528,0.02,-1.742,True
HC_04,healthy,24.16,0.15467,0.23378,0.93124,0.003,0.625,-1.371,True
HC_04,healthy,24.17,0.19035,0.20301,0.92965,-0.49,-1.346,-0.22,True
HC_04,healthy,24.18,0.19194,0.22238,0.95221,-1.064,0.915,1.485,True
HC_04,healthy,24.19,0.2114,0.20982,0.91017,-0.122,-0.407,1.615,True
HC_04,healthy,24.2,0.19342,0.23782,0.94657,0.353,-0.54,0.533,True
HC_04,healthy,24.21,0.19605,0.17136,0.936,-0.651,1.174,0.984,True
HC_04,healthy,24.22,0.17402,0.20337,0.93029,-0.163,0.183,-0.146,True
HC_04,healthy,24.23,0.16948,0.20861,0.95479,0.372,-0.336,-0.609,True
HC_04,healthy,24.240000000000002,0.13344,0.21076,0.93709,-1.324,0.385,-2.438,True
HC_04,healthy,24.25,0.1781,0.20263,0.9557,-0.109,-0.721,1.236,True
HC_04,healthy,24.26,0.15289,0.2423,0.95367,1.516,0.562,-0.777,True
HC_04,healthy,24.27,0.20707,0.24322,0.93408,-0.077,-0.42,0.938,True
HC_04,healthy,24.28,0.17722,0.20468,0.96766,0.378,-0.149,2.369,True
HC_04,healthy,24.29,0.1759,0.21593,0.91672,-0.738,-0.208,2.414,True
HC_04,healthy,24.3,0.15747,0.18553,0.92304,-0.651,0.083,0.284,True
HC_04,healthy,24.310000000000002,0.16904,0.22632,0.91691,-0.95,-0.402,0.048,True
HC_04,healthy,24.32,0.15557,0.20177,0.94064,-0.42,0.119,-1.039,True
HC_04,healthy,24.330000000000002,0.16026,0.21162,0.93854,-0.219,0.939,-0.733,True
HC_04,healthy,24.34,0.15442,0.23764,0.92469,0.021,-0.927,-2.047,True
HC_04,healthy,24.35,0.18582,0.24529,0.9434,-0.452,0.013,-3.146,True
HC_04,healthy,24.36,0.15993,0.23115,0.93507,-1.269,-0.419,-0.551,True
HC_04,healthy,24.37,0.18144,0.21901,0.9256,0.784,-0.37,1.632,True
HC_04,healthy,24.38,0.19748,0.2042,0.96741,-0.791,-1.08,1.479,True
HC_04,healthy,24.39,0.16346,0.18858,0.93512,-2.002,-0.159,0.752,True
HC_04,healthy,24.400000000000002,0.17734,0.17702,0.94755,-0.018,-0.141,2.19,True
HC_04,healthy,24.41,0.14277,0.21465,0.96751,-0.026,0.805,0.595,True
HC_04,healthy,24.42,0.15585,0.2066,0.94863,-0.251,0.652,-0.212,True
HC_04,healthy,24.43,0.1734,0.19206,0.96594,0.297,-0.951,-1.506,True
HC_04,healthy,24.44,0.16944,0.19558,0.93734,0.41,1.049,-1.415,True
HC_04,healthy,24.45,0.17135,0.22958,0.95038,0.872,-0.456,-0.5,True
HC_04,healthy,24.46,0.18344,0.20757,0.93194,-0.997,0.153,-0.076,True
HC_04,healthy,24.47,0.19234,0.20676,0.93949,0.331,0.392,1.172,True
HC_04,healthy,24.48,0.17777,0.20111,0.93415,-1.156,-1.227,2.033,True
HC_04,healthy,24.490000000000002,0.15841,0.17605,0.94827,0.147,-0.505,0.66,True
HC_04,healthy,24.5,0.15685,0.19831,0.95705,0.253,0.193,-0.43,True
HC_04,healthy,24.51,0.13376,0.20695,0.94463,-1.343,0.443,-1.524,True
HC_04,healthy,24.52,0.13167,0.1897,0.94164,-0.578,-0.419,-0.35,True
HC_04,healthy,24.53,0.14978,0.18237,0.94438,-0.206,-0.672,-1.774,True
HC_04,healthy,24.54,0.16445,0.20683,0.94407,0.247,-0.513,-1.03,True
HC_04,healthy,24.55,0.17094,0.21222,0.96922,-0.237,1.122,1.957,True
HC_04,healthy,24.560000000000002,0.16272,0.21976,0.94599,-0.068,0.003,0.706,True
HC_04,healthy,24.57,0.18061,0.20944,0.96221,-0.518,0.361,0.41,True
HC_04,healthy,24.580000000000002,0.15946,0.18912,0.95764,1.303,-0.031,1.526,True
HC_04,healthy,24.59,0.18025,0.20397,0.95218,0.813,-0.227,1.024,True
HC_04,healthy,24.6,0.15794,0.2056,0.91465,0.394,0.973,-0.01,True
HC_04,healthy,24.61,0.14417,0.22579,0.95865,0.503,0.256,-0.78,True
HC_04,healthy,24.62,0.11979,0.21051,0.94478,-0.298,0.555,-1.385,True
HC_04,healthy,24.63,0.14558,0.21417,0.92525,-2.039,1.222,-1.078,True
HC_04,healthy,24.64,0.145,0.22668,0.94083,-0.085,0.54,-0.659,True
HC_04,healthy,24.650000000000002,0.12853,0.20674,0.95659,-0.679,-0.622,0.245,True
HC_04,healthy,24.66,0.16364,0.23506,0.9397,-0.36,0.144,1.198,True
HC_04,healthy,24.67,0.15381,0.20641,0.95986,0.168,-0.72,1.661,True
HC_04,healthy,24.68,0.17471,0.16986,0.95416,0.469,-0.355,1.651,True
HC_04,healthy,24.69,0.14893,0.17319,0.92986,0.438,1.111,-0.454,True
HC_04,healthy,24.7,0.16637,0.18561,0.92249,-0.179,-0.382,-0.515,True
HC_04,healthy,24.71,0.15262,0.21227,0.95542,-0.152,-1.084,-1.405,True
HC_04,healthy,24.72,0.11995,0.19564,0.93593,0.727,-3.085,-0.342,True
HC_04,healthy,24.73,0.15337,0.21698,0.96083,0.548,-0.63,-1.767,True
HC_04,healthy,24.740000000000002,0.14253,0.22446,0.9642,0.003,-0.574,0.686,True
HC_04,healthy,24.75,0.16383,0.19654,0.96099,-0.799,-0.882,1.533,True
HC_04,healthy,24.76,0.17348,0.2104,0.92951,-0.053,-0.578,2.847,True
HC_04,healthy,24.77,0.15617,0.19399,0.95001,-0.748,1.013,1.646,True
HC_04,healthy,24.78,0.18622,0.16445,0.94627,0.489,-0.462,0.482,True
HC_04,healthy,24.79,0.1785,0.16229,0.95627,-1.221,0.821,-1.139,True
HC_04,healthy,24.8,0.15193,0.19292,0.93157,0.146,1.335,-1.767,True
HC_04,healthy,24.810000000000002,0.12058,0.2252,0.94459,0.831,-0.569,-1.665,True
HC_04,healthy,24.82,0.14362,0.18892,0.93778,-0.154,-0.348,-0.824,True
HC_04,healthy,24.830000000000002,0.16022,0.20576,0.95443,0.095,-1.244,-2.187,True
HC_04,healthy,24.84,0.14007,0.23924,0.96052,-1.038,-0.72,0.919,True
HC_04,healthy,24.85,0.17398,0.23542,0.9356,0.521,-2.095,1.253,True
HC_04,healthy,24.86,0.15478,0.2201,0.95633,-0.687,1.633,0.245,True
HC_04,healthy,24.87,0.15714,0.17856,0.95441,0.906,-1.335,0.54,True
HC_04,healthy,24.88,0.17223,0.20795,0.95911,-1.507,-1.006,0.027,True
HC_04,healthy,24.89,0.14791,0.18863,0.96209,-1.007,1.046,-1.433,True
HC_04,healthy,24.900000000000002,0.13739,0.20827,0.95725,0.081,1.269,-2.457,True
HC_04,healthy,24.91,0.14488,0.19969,0.94681,0.258,1.427,-1.304,True
HC_04,healthy,24.92,0.13378,0.21676,0.94636,-0.763,-0.612,0.882,True
HC_04,healthy,24.93,0.14823,0.23461,0.96647,0.112,-0.149,0.673,True
HC_04,healthy,24.94,0.1748,0.20431,0.93718,-0.353,-0.669,-1.369,True
HC_04,healthy,24.95,0.15581,0.2297,0.95355,-0.602,-1.143,2.304,True
HC_04,healthy,24.96,0.15461,0.22289,0.96576,0.727,0.43,0.655,True
HC_04,healthy,24.97,0.13143,0.19661,0.93353,0.484,-0.4,1.774,True
HC_04,healthy,24.98,0.15518,0.17857,0.95495,-0.234,-0.934,0.127,True
HC_04,healthy,24.990000000000002,0.14101,0.18914,0.93037,0.957,-0.065,0.112,True
HC_04,healthy,25.0,0.14627,0.17651,0.95321,-0.965,0.293,-1.195,True
HC_04,healthy,25.01,0.1057,0.20326,0.95361,1.525,1.419,-0.725,True
HC_04,healthy,25.02,0.14513,0.21524,0.92377,-0.244,1.481,-1.126,True
HC_04,healthy,25.03,0.19286,0.23329,0.94714,0.795,0.481,-0.273,True
HC_04,healthy,25.04,0.17252,0.22904,0.95662,1.44,0.662,0.793,True
HC_04,healthy,25.05,0.14858,0.19116,0.94395,-0.556,0.388,0.879,True
HC_04,healthy,25.060000000000002,0.17401,0.18654,0.97636,-0.658,-1.251,2.138,True
HC_04,healthy,25.07,0.14918,0.17528,0.95606,0.366,-0.918,-1.07,True
HC_04,healthy,25.080000000000002,0.13577,0.21693,0.94915,-0.918,-0.549,-1.375,True
HC_04,healthy,25.09,0.12087,0.19291,0.96322,0.851,1.234,-0.699,True
HC_04,healthy,25.1,0.13521,0.1979,0.96096,0.615,0.525,-1.298,True
HC_04,healthy,25.11,0.1344,0.22256,0.93833,1.502,-0.69,-1.428,True
HC_04,healthy,25.12,0.14902,0.16412,0.93865,-0.198,-0.006,-1.32,True
HC_04,healthy,25.13,0.15729,0.22521,0.97238,-0.227,2.002,0.32,True
HC_04,healthy,25.14,0.17547,0.22414,0.95884,0.76,1.179,0.847,True
HC_04,healthy,25.150000000000002,0.14327,0.18485,0.94511,0.379,0.362,1.801,True
HC_04,healthy,25.16,0.13492,0.17839,0.98456,-0.423,-0.134,1.761,True
HC_04,healthy,25.17,0.13195,0.17285,0.93629,-0.038,1.417,0.554,True
HC_04,healthy,25.18,0.14219,0.21005,0.95466,-0.967,1.392,-1.792,True
HC_04,healthy,25.19,0.14506,0.21186,0.95483,0.546,-0.556,-0.862,True
HC_04,healthy,25.2,0.13887,0.19934,0.95428,-0.072,-1.032,-1.098,True
HC_04,healthy,25.21,0.12904,0.19391,0.9721,-0.327,-0.932,-0.061,True
HC_04,healthy,25.22,0.13565,0.21542,0.94201,-0.414,0.066,-0.556,True
HC_04,healthy,25.23,0.15572,0.17407,0.93831,-0.719,0.801,0.165,True
HC_04,healthy,25.240000000000002,0.15734,0.19298,0.95269,0.321,1.1,2.664,True
HC_04,healthy,25.25,0.14998,0.1668,0.93824,1.251,-0.744,0.905,True
HC_04,healthy,25.26,0.15723,0.17363,0.93415,-0.716,-0.053,1.677,True
HC_04,healthy,25.27,0.13132,0.16511,0.94057,0.636,0.046,1.386,True
HC_04,healthy,25.28,0.1307,0.17226,0.93425,-1.181,-0.165,-1.771,True
HC_04,healthy,25.29,0.14145,0.18707,0.95004,1.798,0.084,-1.504,True
HC_04,healthy,25.3,0.13171,0.21096,0.94205,-0.633,1.272,-2.558,True
HC_04,healthy,25.310000000000002,0.13818,0.19714,0.96362,1.105,1.042,0.797,True
HC_04,healthy,25.32,0.17288,0.18995,0.95469,0.485,-0.083,0.399,True
HC_04,healthy,25.330000000000002,0.16214,0.21523,0.9472,0.395,-2.164,2.116,True
HC_04,healthy,25.34,0.16419,0.17974,0.96171,-0.424,0.764,0.939,True
HC_04,healthy,25.35,0.15053,0.17963,0.96527,-0.197,-2.042,1.65,True
HC_04,healthy,25.36,0.1562,0.18195,0.9737,-0.74,0.098,-0.269,True
HC_04,healthy,25.37,0.15054,0.21453,0.95142,0.423,-0.266,0.363,True
HC_04,healthy,25.38,0.12437,0.20144,0.94736,0.39,0.704,-1.828,True
HC_04,healthy,25.39,0.10876,0.17901,0.93805,0.338,-2.455,-0.008,True
HC_04,healthy,25.400000000000002,0.13546,0.15874,0.97196,0.642,0.311,-1.339,True
HC_04,healthy,25.41,0.13637,0.21358,0.95255,0.626,-0.373,-0.292,True
HC_04,healthy,25.42,0.14333,0.19623,0.98249,-0.424,0.574,-0.205,True
HC_04,healthy,25.43,0.11323,0.17966,0.94668,0.479,0.366,1.155,True
HC_04,healthy,25.44,0.14575,0.18949,0.94362,-0.965,0.979,1.827,True
HC_04,healthy,25.45,0.13695,0.18485,0.97596,1.541,1.65,1.283,True
HC_04,healthy,25.46,0.12159,0.20155,0.95058,0.514,-0.189,0.709,True
HC_04,healthy,25.47,0.15135,0.17917,0.96956,0.347,0.257,-0.754,True
HC_04,healthy,25.48,0.13791,0.18866,0.92233,-1.139,-0.529,-1.78,True
HC_04,healthy,25.490000000000002,0.11047,0.19673,0.9392,0.384,-1.466,-0.045,True
HC_04,healthy,25.5,0.11095,0.20411,0.96737,-0.3,-0.989,-1.37,True
HC_04,healthy,25.51,0.11047,0.20709,0.96551,-1.87,0.583,-0.224,True
HC_04,healthy,25.52,0.14756,0.1965,0.96092,1.29,-0.103,1.243,True
HC_04,healthy,25.53,0.13216,0.18007,0.987,-0.087,0.931,0.021,True
HC_04,healthy,25.54,0.13753,0.20756,0.97443,0.211,1.062,1.983,True
HC_04,healthy,25.55,0.15235,0.16975,0.94244,1.278,0.248,0.124,True
HC_04,healthy,25.560000000000002,0.1433,0.18901,0.96878,0.101,-2.189,-0.95,True
HC_04,healthy,25.57,0.15073,0.17842,0.95652,-1.382,0.966,-0.987,True
HC_04,healthy,25.580000000000002,0.15605,0.2123,0.95151,-0.158,1.127,-2.21,True
HC_04,healthy,25.59,0.13093,0.20669,0.97955,-0.013,1.333,-2.043,True
HC_04,healthy,25.6,0.1366,0.21866,0.93393,-0.896,-0.27,-2.272,True
HC_04,healthy,25.61,0.13025,0.17187,0.95521,-0.018,0.71,0.713,True
HC_04,healthy,25.62,0.158,0.20429,0.94096,-0.638,-0.406,2.053,True
HC_04,healthy,25.63,0.16489,0.20883,0.95852,-0.251,-0.155,2.575,True
HC_04,healthy,25.64,0.16186,0.17017,0.97915,0.258,1.317,1.313,True
HC_04,healthy,25.650000000000002,0.12273,0.17431,0.93809,-0.255,-0.012,0.224,True
HC_04,healthy,25.66,0.13046,0.16991,0.96057,-1.828,0.308,-0.454,True
HC_04,healthy,25.67,0.13401,0.15583,0.97116,-0.344,0.604,-2.52,True
HC_04,healthy,25.68,0.12747,0.17875,0.96045,0.666,-0.177,-2.416,True
HC_04,healthy,25.69,0.12179,0.20895,0.97514,1.285,-0.933,-0.113,True
HC_04,healthy,25.7,0.14871,0.21579,0.97849,0.673,-0.478,0.653,True
HC_04,healthy,25.71,0.15059,0.1887,0.9585,-0.459,-0.578,-0.199,True
HC_04,healthy,25.72,0.13057,0.1717,0.96095,-0.501,-1.065,0.916,True
HC_04,healthy,25.73,0.13018,0.1793,0.97391,0.488,-0.7,1.627,True
HC_04,healthy,25.740000000000002,0.16439,0.16727,0.95177,1.408,0.201,0.065,True
HC_04,healthy,25.75,0.09956,0.1812,0.94761,0.185,1.061,-0.642,True
HC_04,healthy,25.76,0.13367,0.21412,0.94767,1.192,-0.296,-0.494,True
HC_04,healthy,25.77,0.13826,0.16219,0.97863,0.068,0.155,-2.339,True
HC_04,healthy,25.78,0.11428,0.1937,0.96419,-0.416,0.369,-2.651,True
HC_04,healthy,25.79,0.11219,0.19878,0.98474,-0.08,0.217,-1.97,True
HC_04,healthy,25.8,0.1384,0.21336,0.98334,0.705,0.492,-0.688,True
HC_04,healthy,25.810000000000002,0.11828,0.18351,0.96669,-0.253,-0.07,1.858,True
HC_04,healthy,25.82,0.13704,0.21355,0.93711,0.873,-0.585,2.835,True
HC_04,healthy,25.830000000000002,0.1169,0.17399,0.9395,0.374,-0.291,1.269,True
HC_04,healthy,25.84,0.14396,0.17116,0.94739,-1.007,0.22,1.531,True
HC_04,healthy,25.85,0.104,0.19536,0.97523,0.252,0.13,-0.467,True
HC_04,healthy,25.86,0.10465,0.1913,0.96603,0.826,-0.731,-0.694,True
HC_04,healthy,25.87,0.08643,0.19518,0.97429,0.04,-1.325,-2.237,True
HC_04,healthy,25.88,0.10488,0.21014,0.98527,-0.916,-0.773,-0.622,True
HC_04,healthy,25.89,0.09936,0.18977,0.95091,-0.018,-0.328,-0.062,True
HC_04,healthy,25.900000000000002,0.09961,0.20599,0.98049,1.056,1.579,0.398,True
HC_04,healthy,25.91,0.13365,0.20775,0.96932,-0.209,0.501,0.734,True
HC_04,healthy,25.92,0.14698,0.19534,0.96428,-1.201,-0.045,1.743,True
HC_04,healthy,25.93,0.12702,0.17708,0.97398,0.014,0.449,1.742,True
HC_04,healthy,25.94,0.10424,0.16161,0.97703,-0.363,-1.197,-1.154,True
HC_04,healthy,25.95,0.1073,0.19019,0.9373,0.118,-0.061,0.049,True
HC_04,healthy,25.96,0.10139,0.20051,0.97059,-0.337,-0.032,-1.234,True
HC_04,healthy,25.97,0.10488,0.19453,0.97406,0.089,-0.51,-1.129,True
HC_04,healthy,25.98,0.10377,0.19627,0.95435,-0.34,-0.742,-0.287,True
HC_04,healthy,25.990000000000002,0.12084,0.16435,0.9686,-1.622,-0.586,0.078,True
HC_04,healthy,26.0,0.15608,0.15983,0.94739,-0.659,-0.234,0.42,True
HC_04,healthy,26.01,0.12687,0.20774,0.95973,0.042,0.124,2.085,True
HC_04,healthy,26.02,0.11159,0.18603,0.95272,-0.163,-1.133,1.881,True
HC_04,healthy,26.03,0.13732,0.19435,0.97642,0.267,0.999,1.037,True
HC_04,healthy,26.04,0.10924,0.15959,0.94611,-0.782,-0.908,-0.417,True
HC_04,healthy,26.05,0.10969,0.20158,0.99969,0.428,0.131,-1.552,True
HC_04,healthy,26.060000000000002,0.1138,0.20877,0.96384,1.362,2.567,-1.475,True
HC_04,healthy,26.07,0.1111,0.19354,0.96899,0.601,-0.551,-0.956,True
HC_04,healthy,26.080000000000002,0.13392,0.20623,0.95739,-0.117,0.77,-1.513,True
HC_04,healthy,26.09,0.11153,0.18918,0.96799,-0.628,-0.41,-0.595,True
HC_04,healthy,26.1,0.12717,0.19651,0.97767,0.422,-0.922,1.686,True
HC_04,healthy,26.11,0.15778,0.18059,0.96385,-0.671,0.036,0.723,True
HC_04,healthy,26.12,0.132,0.1974,0.97412,-0.493,0.32,2.121,True
HC_04,healthy,26.13,0.1173,0.1716,0.94596,-0.122,-0.88,1.191,True
HC_04,healthy,26.14,0.1109,0.16682,0.9733,0.946,-0.065,-0.068,True
HC_04,healthy,26.150000000000002,0.08276,0.18725,0.96175,-0.719,-1.821,-1.37,True
HC_04,healthy,26.16,0.11542,0.20437,0.97215,0.57,-1.375,-1.654,True
HC_04,healthy,26.17,0.09767,0.20239,0.95236,0.253,-0.5,0.159,True
HC_04,healthy,26.18,0.12407,0.22241,0.96805,0.188,0.523,0.082,True
HC_04,healthy,26.19,0.1166,0.21736,0.95899,-1.279,-1.026,0.467,True
HC_04,healthy,26.2,0.13755,0.18678,0.97645,1.422,-1.054,1.031,True
HC_04,healthy,26.21,0.12797,0.18931,0.98124,0.776,0.67,1.761,True
HC_04,healthy,26.22,0.12086,0.18887,0.96223,2.233,-0.96,1.497,True
HC_04,healthy,26.23,0.12571,0.18576,0.96044,1.107,0.004,0.838,True
HC_04,healthy,26.240000000000002,0.12048,0.15175,0.95963,1.06,0.108,-0.697,True
HC_04,healthy,26.25,0.10662,0.1745,0.97969,0.113,-0.105,-2.005,True
HC_04,healthy,26.26,0.12355,0.20135,0.96595,-0.088,0.227,-1.589,True
HC_04,healthy,26.27,0.11216,0.18712,0.97047,0.506,-0.72,0.073,True
HC_04,healthy,26.28,0.08783,0.20855,0.95108,-0.892,-0.259,0.804,True
HC_04,healthy,26.29,0.12356,0.17047,0.95238,-0.266,-0.295,0.838,True
HC_04,healthy,26.3,0.13105,0.17946,0.97804,0.944,-0.269,2.57,True
HC_04,healthy,26.310000000000002,0.13488,0.14877,0.9758,1.284,1.576,0.138,True
HC_04,healthy,26.32,0.12416,0.15236,1.00058,-1.699,0.377,0.051,True
HC_04,healthy,26.330000000000002,0.11167,0.15168,0.97047,-0.438,-0.112,-2.005,True
HC_04,healthy,26.34,0.08447,0.19852,0.96865,0.226,0.911,-0.74,True
HC_04,healthy,26.35,0.08053,0.19434,0.98754,0.044,0.584,-2.266,True
HC_04,healthy,26.36,0.10238,0.21753,0.98913,0.013,0.151,-2.654,True
HC_04,healthy,26.37,0.13105,0.17914,0.96709,-0.668,-0.871,0.174,True
HC_04,healthy,26.38,0.13585,0.18001,0.95397,0.813,-1.255,-0.05,True
HC_04,healthy,26.39,0.12309,0.17136,0.9654,1.099,-0.013,0.576,True
HC_04,healthy,26.400000000000002,0.12392,0.15497,0.95757,0.531,-0.5,1.789,True
HC_04,healthy,26.41,0.11414,0.1743,0.95979,0.331,-0.125,1.844,True
HC_04,healthy,26.42,0.12954,0.14665,0.95369,-0.219,0.112,-0.108,True
HC_04,healthy,26.43,0.09664,0.2001,0.97311,-0.669,-1.025,-1.795,True
HC_04,healthy,26.44,0.09837,0.16795,0.97177,1.511,-0.15,-2.664,True
HC_04,healthy,26.45,0.11675,0.19397,0.95846,0.354,-0.262,-0.756,True
HC_04,healthy,26.46,0.1021,0.2003,0.96374,-1.684,0.457,-0.655,True
HC_04,healthy,26.47,0.1121,0.22737,0.96452,0.979,-0.377,0.605,True
HC_04,healthy,26.48,0.13033,0.19907,0.96332,0.516,0.946,0.821,True
HC_04,healthy,26.490000000000002,0.13154,0.18764,0.97559,-0.8,-1.314,0.526,True
HC_04,healthy,26.5,0.15797,0.17639,0.94609,0.332,-0.038,1.317,True
HC_04,healthy,26.51,0.08637,0.15517,0.94786,-0.502,-0.275,1.162,True
HC_04,healthy,26.52,0.07722,0.17094,1.00528,-0.076,-1.377,-0.28,True
HC_04,healthy,26.53,0.08523,0.19842,0.99578,-0.383,0.451,-1.329,True
HC_04,healthy,26.54,0.10549,0.20043,0.99152,-0.277,-1.398,-1.977,True
HC_04,healthy,26.55,0.11222,0.19564,0.9797,1.971,0.687,-0.975,True
HC_04,healthy,26.560000000000002,0.09155,0.20802,0.97572,0.601,0.139,0.748,True
HC_04,healthy,26.57,0.11294,0.18723,0.96078,-0.347,0.369,-0.55,True
HC_04,healthy,26.580000000000002,0.11391,0.18929,0.9855,-0.572,-0.139,1.237,True
HC_04,healthy,26.59,0.12766,0.16728,0.98599,-1.485,-1.839,1.574,True
HC_04,healthy,26.6,0.11696,0.13867,0.96665,-0.382,0.064,1.715,True
HC_04,healthy,26.61,0.12018,0.18393,0.9817,0.952,1.232,1.263,True
HC_04,healthy,26.62,0.11337,0.17575,0.98746,-2.042,-0.165,-0.331,True
HC_04,healthy,26.63,0.08455,0.14144,0.95167,-0.565,0.988,-0.838,True
HC_04,healthy,26.64,0.09656,0.16096,0.96065,0.087,0.068,-1.346,True
HC_04,healthy,26.650000000000002,0.09807,0.16485,0.96449,0.411,0.559,-0.533,True
HC_04,healthy,26.66,0.10491,0.20994,0.98836,-0.213,1.12,0.237,True
HC_04,healthy,26.67,0.10304,0.20038,1.00133,-0.102,0.416,2.814,True
HC_04,healthy,26.68,0.13895,0.18715,0.95761,-0.479,-0.688,1.895,True
HC_04,healthy,26.69,0.11278,0.16329,0.99152,0.073,-0.583,1.817,True
HC_04,healthy,26.7,0.12494,0.1509,0.9696,-0.76,-0.109,0.918,True
HC_04,healthy,26.71,0.10953,0.17869,0.99819,0.843,-0.293,1.998,True
HC_04,healthy,26.72,0.07823,0.19231,1.00786,0.371,0.118,-0.038,True
HC_04,healthy,26.73,0.08957,0.17634,0.97476,-0.371,1.053,-2.806,True
HC_04,healthy,26.740000000000002,0.07218,0.16983,0.96622,0.356,-0.83,0.372,True
HC_04,healthy,26.75,0.10452,0.17688,0.96722,1.231,-1.107,0.711,True
HC_04,healthy,26.76,0.10104,0.1811,0.97957,0.33,-0.73,0.915,True
HC_04,healthy,26.77,0.1233,0.1539,0.97114,0.397,0.279,-0.012,True
HC_04,healthy,26.78,0.13312,0.18082,0.97855,0.854,0.29,1.129,True
HC_04,healthy,26.79,0.13999,0.17542,0.97525,-0.207,0.314,2.898,True
HC_04,healthy,26.8,0.08996,0.15292,0.98091,-0.746,0.375,0.813,True
HC_04,healthy,26.810000000000002,0.11328,0.17927,0.95018,-0.485,0.421,-1.035,True
HC_04,healthy,26.82,0.10167,0.1821,0.97587,0.578,0.102,-0.848,True
HC_04,healthy,26.830000000000002,0.09704,0.17731,0.99105,-0.622,-0.643,-0.94,True
HC_04,healthy,26.84,0.10399,0.20458,0.96765,-0.465,-0.173,-0.779,True
HC_04,healthy,26.85,0.08336,0.15629,0.95058,-0.247,-0.886,-1.555,True
HC_04,healthy,26.86,0.11264,0.17126,0.98021,0.408,0.423,0.171,True
HC_04,healthy,26.87,0.11951,0.17034,0.9757,-0.249,1.138,0.425,True
HC_04,healthy,26.88,0.13823,0.18125,0.95394,-0.641,0.997,1.722,True
HC_04,healthy,26.89,0.10009,0.16172,0.9841,0.689,-0.224,1.642,True
HC_04,healthy,26.900000000000002,0.09684,0.16283,0.96978,-0.778,-0.335,0.636,True
HC_04,healthy,26.91,0.11522,0.16177,0.95623,0.028,0.411,-0.647,True
HC_04,healthy,26.92,0.09927,0.18309,0.9699,0.246,1.063,-0.733,True
HC_04,healthy,26.93,0.09673,0.17456,0.9462,-0.405,0.187,0.059,True
HC_04,healthy,26.94,0.1106,0.18001,0.96487,0.211,-1.109,-0.348,True
HC_04,healthy,26.95,0.10468,0.18357,0.94178,-0.467,-1.105,0.067,True
HC_04,healthy,26.96,0.1054,0.19101,0.96714,-0.152,0.594,0.639,True
HC_04,healthy,26.97,0.11232,0.1593,0.98247,0.393,-1.484,2.233,True
HC_04,healthy,26.98,0.12325,0.16021,0.9619,-1.292,1.327,2.404,True
HC_04,healthy,26.990000000000002,0.09929,0.14619,0.96398,0.975,0.29,-0.448,True
HC_04,healthy,27.0,0.09859,0.15793,0.97619,0.368,-0.655,-0.83,True
HC_04,healthy,27.01,0.09448,0.16994,0.9804,0.258,-0.843,-1.027,True
HC_04,healthy,27.02,0.0888,0.1493,0.96615,-1.55,-0.308,-0.653,True
HC_04,healthy,27.03,0.11141,0.18413,0.95796,0.757,0.589,-2.005,True
HC_04,healthy,27.04,0.10126,0.17059,0.97429,0.677,-0.325,0.185,True
HC_04,healthy,27.05,0.0809,0.1595,0.96095,-0.115,0.609,-1.033,True
HC_04,healthy,27.060000000000002,0.13361,0.15137,0.95929,0.035,-0.254,0.714,True
HC_04,healthy,27.07,0.13127,0.17374,0.97159,-0.156,0.407,1.359,True
HC_04,healthy,27.080000000000002,0.11172,0.18143,0.94378,0.46,0.846,1.668,True
HC_04,healthy,27.09,0.11691,0.18281,0.95503,1.074,1.87,0.264,True
HC_04,healthy,27.1,0.10319,0.16838,0.95863,0.833,0.949,-2.566,True
HC_04,healthy,27.11,0.08435,0.18271,0.96674,-0.688,-0.61,-2.404,True
HC_04,healthy,27.12,0.08367,0.17693,0.97625,0.815,-0.264,-3.123,True
HC_04,healthy,27.13,0.08686,0.18172,0.99905,0.464,1.571,-0.55,True
HC_04,healthy,27.14,0.11341,0.14394,0.96942,-0.293,0.527,-0.284,True
HC_04,healthy,27.150000000000002,0.10179,0.17354,0.99531,0.696,0.609,1.002,True
HC_04,healthy,27.16,0.11626,0.189,0.97721,0.955,-1.675,2.114,True
HC_04,healthy,27.17,0.10348,0.18275,0.97701,-0.574,-1.801,0.828,True
HC_04,healthy,27.18,0.09451,0.19404,0.98165,-0.261,0.201,0.681,True
HC_04,healthy,27.19,0.09718,0.16657,0.97398,0.256,-0.79,0.207,True
HC_04,healthy,27.2,0.10011,0.13884,0.96917,0.285,-0.83,-2.24,True
HC_04,healthy,27.21,0.09609,0.1685,0.9735,-0.398,-0.049,-0.65,True
HC_04,healthy,27.22,0.08952,0.16755,0.98638,-0.196,0.002,-0.901,True
HC_04,healthy,27.23,0.07574,0.16788,1.00966,0.753,0.517,-0.462,True
HC_04,healthy,27.240000000000002,0.09101,0.18462,0.96318,1.027,0.296,-0.156,True
HC_04,healthy,27.25,0.1335,0.1862,0.98956,-0.158,-1.18,0.887,True
HC_04,healthy,27.26,0.13825,0.19319,0.9734,-1.884,0.114,2.502,True
HC_04,healthy,27.27,0.12137,0.14832,0.95259,-0.229,0.36,1.965,True
HC_04,healthy,27.28,0.1468,0.1422,0.96392,0.825,-0.46,1.21,True
HC_04,healthy,27.29,0.07573,0.16219,0.97445,-0.242,-0.11,-1.291,True
HC_04,healthy,27.3,0.11319,0.16566,0.97885,0.525,0.446,-1.546,True
HC_04,healthy,27.310000000000002,0.06862,0.17925,0.99697,-0.769,-0.853,-0.645,True
HC_04,healthy,27.32,0.07698,0.17686,0.96668,2.342,1.049,-1.688,True
HC_04,healthy,27.330000000000002,0.08559,0.18333,0.9778,-0.644,-0.221,-1.069,True
HC_04,healthy,27.34,0.08998,0.17228,0.96593,0.283,0.984,1.265,True
HC_04,healthy,27.35,0.12335,0.19348,0.98358,0.388,0.841,1.581,True
HC_04,healthy,27.36,0.10735,0.17329,0.97044,-0.311,1.213,1.901,True
HC_04,healthy,27.37,0.15762,0.17391,0.96645,-1.067,-1.095,0.907,True
HC_04,healthy,27.38,0.12411,0.15685,0.98142,-1.413,-0.447,0.216,True
HC_04,healthy,27.39,0.08448,0.17787,0.99046,0.574,-0.891,-1.919,True
HC_04,healthy,27.400000000000002,0.06107,0.16921,0.97433,1.023,0.444,-1.968,True
HC_04,healthy,27.41,0.09362,0.18834,0.98647,-0.782,0.924,-1.925,True
HC_04,healthy,27.42,0.10789,0.19606,0.99728,0.061,-0.958,1.136,True
HC_04,healthy,27.43,0.09219,0.18098,0.98766,-0.273,0.073,1.416,True
HC_04,healthy,27.44,0.11619,0.16325,0.97784,0.82,0.598,0.835,True
HC_04,healthy,27.45,0.13412,0.20183,0.97189,1.729,-0.257,1.144,True
HC_04,healthy,27.46,0.09977,0.17259,0.97219,-1.952,0.43,0.637,True
HC_04,healthy,27.47,0.12046,0.16783,0.98492,0.767,-1.331,0.291,True
HC_04,healthy,27.48,0.08063,0.16058,0.98149,0.324,-0.969,-0.346,True
HC_04,healthy,27.490000000000002,0.07768,0.19346,0.98675,-0.274,-0.764,-0.808,True
HC_04,healthy,27.5,0.09208,0.17449,0.99451,-1.159,-0.189,-1.03,True
HC_04,healthy,27.51,0.11039,0.18581,0.96735,0.365,0.499,-0.572,True
HC_04,healthy,27.52,0.08443,0.217,0.95371,0.223,-0.326,0.263,True
HC_04,healthy,27.53,0.12413,0.1903,0.98732,-1.136,-0.832,0.529,True
HC_04,healthy,27.54,0.09957,0.19889,0.95359,1.748,1.401,0.461,True
HC_04,healthy,27.55,0.1357,0.15964,0.97667,-0.339,0.326,1.412,True
HC_04,healthy,27.560000000000002,0.12427,0.16022,0.97548,-0.75,0.234,2.361,True
HC_04,healthy,27.57,0.10281,0.19038,0.98066,-0.291,-0.951,0.596,True
HC_04,healthy,27.580000000000002,0.08621,0.15766,0.96836,0.403,-0.542,-1.725,True
HC_04,healthy,27.59,0.08687,0.16225,0.9751,1.521,0.647,-1.022,True
HC_04,healthy,27.6,0.09727,0.19553,0.95302,-0.858,1.03,-0.525,True
HC_04,healthy,27.61,0.11544,0.1628,0.95646,0.495,-0.394,0.859,True
HC_04,healthy,27.62,0.1011,0.19316,0.98432,0.969,0.954,-0.403,True
HC_04,healthy,27.63,0.10087,0.17854,0.9756,-0.006,0.498,1.255,True
HC_04,healthy,27.64,0.12467,0.16778,0.95258,0.133,-1.587,3.361,True
HC_04,healthy,27.650000000000002,0.11731,0.13888,0.99778,-0.113,-1.784,1.571,True
HC_04,healthy,27.66,0.11914,0.15,0.96769,-1.382,0.161,0.866,True
HC_04,healthy,27.67,0.09808,0.14286,0.97715,0.792,-0.821,-1.782,True
HC_04,healthy,27.68,0.1015,0.15799,0.99112,-0.021,-0.023,-0.159,True
HC_04,healthy,27.69,0.08784,0.19633,0.96325,-0.266,0.498,-0.71,True
HC_04,healthy,27.7,0.08759,0.18546,0.99346,3.435,1.061,-0.919,True
HC_04,healthy,27.71,0.09532,0.19201,0.96574,0.851,0.244,-1.825,True
HC_04,healthy,27.72,0.10557,0.1586,0.97203,0.055,-0.939,-1.26,True
HC_04,healthy,27.73,0.10867,0.17806,0.9728,-0.39,1.061,1.527,True
HC_04,healthy,27.740000000000002,0.12901,0.18254,0.99899,-0.325,-0.432,0.368,True
HC_04,healthy,27.75,0.11757,0.16702,0.98877,-0.94,-0.259,1.767,True
HC_04,healthy,27.76,0.09182,0.15644,0.96622,-0.583,0.243,1.795,True
HC_04,healthy,27.77,0.09424,0.19273,0.96167,-0.232,1.108,-1.325,True
HC_04,healthy,27.78,0.07887,0.18397,0.97972,-0.94,-0.261,-1.343,True
HC_04,healthy,27.79,0.09319,0.16509,1.01061,0.518,0.557,-2.199,True
HC_04,healthy,27.8,0.07754,0.1787,0.97724,-0.446,1.353,0.361,True
HC_04,healthy,27.810000000000002,0.09402,0.18352,0.97998,-0.074,0.344,1.204,True
HC_04,healthy,27.82,0.10497,0.18966,0.9598,0.806,0.058,0.441,True
HC_04,healthy,27.830000000000002,0.12373,0.17829,0.98264,0.945,-1.233,1.781,True
HC_04,healthy,27.84,0.10161,0.16173,1.01393,-1.205,-0.335,1.915,True
HC_04,healthy,27.85,0.09941,0.1965,0.9592,-0.563,-0.085,1.05,True
HC_04,healthy,27.86,0.09681,0.20332,0.97693,-0.248,-0.473,-0.362,True
HC_04,healthy,27.87,0.10553,0.1657,0.96094,-0.795,-0.254,-1.79,True
HC_04,healthy,27.88,0.10693,0.18101,0.96683,-1.613,-1.152,-1.11,True
HC_04,healthy,27.89,0.09282,0.18775,0.97138,0.114,0.261,-1.045,True
HC_04,healthy,27.900000000000002,0.08044,0.21087,0.98029,0.227,1.394,-0.711,True
HC_04,healthy,27.91,0.10336,0.20986,0.96568,-0.585,0.206,1.836,True
HC_04,healthy,27.92,0.1414,0.17274,0.98286,0.385,-0.503,1.868,True
HC_04,healthy,27.93,0.10172,0.18166,0.9569,0.537,1.055,0.578,True
HC_04,healthy,27.94,0.11634,0.16374,0.9917,0.49,-0.606,1.975,True
HC_04,healthy,27.95,0.08162,0.15646,0.97078,2.048,0.585,2.08,True
HC_04,healthy,27.96,0.08006,0.17675,0.99447,0.99,-0.436,-1.239,True
HC_04,healthy,27.97,0.10132,0.19046,0.9491,-0.367,0.273,-1.538,True
HC_04,healthy,27.98,0.08088,0.18745,0.98945,0.516,-0.165,-2.06,True
HC_04,healthy,27.990000000000002,0.08115,0.18407,0.98582,0.778,-0.104,0.282,True
HC_04,healthy,28.0,0.098,0.1931,0.98906,-0.859,1.438,-0.065,True
HC_04,healthy,28.01,0.11141,0.16457,0.96546,-0.833,0.1,-0.118,True
HC_04,healthy,28.02,0.09997,0.19908,0.983,-0.761,0.594,1.822,True
HC_04,healthy,28.03,0.11384,0.17374,0.97711,0.828,-0.334,1.74,True
HC_04,healthy,28.04,0.08126,0.17335,0.96195,-0.013,0.311,1.417,True
HC_04,healthy,28.05,0.11926,0.14654,0.97029,-1.172,0.273,0.634,True
HC_04,healthy,28.060000000000002,0.09326,0.16127,0.94774,0.503,-0.375,-0.64,True
HC_04,healthy,28.07,0.06567,0.18578,0.96087,-1.558,-0.238,-1.867,True
HC_04,healthy,28.080000000000002,0.09235,0.17184,0.99602,0.734,-0.633,-0.739,True
HC_04,healthy,28.09,0.09069,0.21173,0.97697,-1.203,0.742,0.223,True
HC_04,healthy,28.1,0.08122,0.16347,0.9678,-0.556,0.099,-0.322,True
HC_04,healthy,28.11,0.12092,0.17552,0.96481,-0.527,-0.414,1.3,True
HC_04,healthy,28.12,0.10717,0.18629,0.97023,-0.321,0.393,0.573,True
HC_04,healthy,28.13,0.11288,0.16228,0.96553,1.005,-0.719,1.793,True
HC_04,healthy,28.14,0.09797,0.14755,0.9563,0.627,-0.051,1.031,True
HC_04,healthy,28.150000000000002,0.09565,0.18026,0.96778,-0.482,-0.323,-0.531,True
HC_04,healthy,28.16,0.07447,0.16611,0.98393,0.321,-0.218,-0.475,True
HC_04,healthy,28.17,0.09575,0.18371,0.9853,-1.063,0.456,-1.199,True
HC_04,healthy,28.18,0.09094,0.17071,0.96473,-0.614,1.599,-1.208,True
HC_04,healthy,28.19,0.09637,0.1926,0.96171,0.075,-0.281,-1.267,True
HC_04,healthy,28.2,0.12478,0.18309,0.97441,0.347,-0.579,0.666,True
HC_04,healthy,28.21,0.12012,0.18036,0.97636,-1.298,-1.478,1.553,True
HC_04,healthy,28.22,0.10673,0.18824,0.99717,-1.828,-0.05,1.041,True
HC_04,healthy,28.23,0.11293,0.16916,0.95915,-0.88,0.375,0.898,True
HC_04,healthy,28.240000000000002,0.12445,0.14848,0.98821,-0.16,0.806,0.832,True
HC_04,healthy,28.25,0.09076,0.15632,0.96054,0.079,1.983,-3.218,True
HC_04,healthy,28.26,0.10113,0.18031,0.97509,-0.397,-0.489,-1.601,True
HC_04,healthy,28.27,0.07672,0.17179,0.97298,-0.111,-0.282,-2.317,True
HC_04,healthy,28.28,0.07458,0.18474,0.97733,-0.402,0.571,-1.449,True
HC_04,healthy,28.29,0.10274,0.21266,0.95813,1.269,-1.748,-0.135,True
HC_04,healthy,28.3,0.09438,0.17901,0.97356,-0.419,-0.572,2.202,True
HC_04,healthy,28.310000000000002,0.12754,0.17984,0.9712,-0.459,1.499,1.119,True
HC_04,healthy,28.32,0.10893,0.171,0.95843,-0.085,0.078,0.294,True
HC_04,healthy,28.330000000000002,0.09964,0.17132,1.01034,-0.596,-0.935,-0.268,True
HC_04,healthy,28.34,0.10932,0.13337,0.95503,0.631,-0.004,-1.378,True
HC_04,healthy,28.35,0.08723,0.17134,0.96909,-0.204,0.374,-0.888,True
HC_04,healthy,28.36,0.10154,0.18168,0.95552,-0.29,-1.5,-2.748,True
HC_04,healthy,28.37,0.09051,0.18522,0.97422,0.801,0.631,-1.258,True
HC_04,healthy,28.38,0.09112,0.19549,0.99537,-0.581,-0.483,0.568,True
HC_04,healthy,28.39,0.14097,0.16319,0.97346,-0.787,0.809,0.886,True
HC_04,healthy,28.400000000000002,0.13183,0.19543,0.95284,-0.512,-0.448,0.365,True
HC_04,healthy,28.41,0.13498,0.20254,0.95902,1.441,-0.821,1.353,True
HC_04,healthy,28.42,0.11767,0.17179,0.97416,0.495,-0.046,2.026,True
HC_04,healthy,28.43,0.1571,0.18004,0.96738,-0.183,-1.761,2.229,True
HC_04,healthy,28.44,0.09793,0.16151,0.95854,0.601,-0.034,-0.442,True
HC_04,healthy,28.45,0.10568,0.16713,0.95069,0.363,0.081,-0.874,True
HC_04,healthy,28.46,0.08943,0.15714,0.97977,-0.564,-0.899,-1.643,True
HC_04,healthy,28.47,0.11515,0.18051,0.95513,-1.034,-0.423,-0.93,True
HC_04,healthy,28.48,0.09641,0.22355,0.98441,0.086,1.168,-1.177,True
HC_04,healthy,28.490000000000002,0.11523,0.16603,0.99326,0.705,-0.32,0.765,True
HC_04,healthy,28.5,0.11843,0.14276,0.97367,-0.154,-0.215,2.001,True
HC_04,healthy,28.51,0.11787,0.19086,0.95556,-0.119,-0.476,1.959,True
HC_04,healthy,28.52,0.10951,0.1661,0.96023,0.363,-1.103,2.422,True
HC_04,healthy,28.53,0.09706,0.16318,0.97215,-0.995,0.105,-0.189,True
HC_04,healthy,28.54,0.10048,0.16307,0.97357,0.307,-0.484,-0.015,True
HC_04,healthy,28.55,0.09887,0.15913,0.98249,1.254,-1.351,-1.213,True
HC_04,healthy,28.560000000000002,0.09925,0.18528,0.97879,2.016,0.703,-1.662,True
HC_04,healthy,28.57,0.10176,0.18163,0.96177,0.375,0.993,-1.856,True
HC_04,healthy,28.580000000000002,0.10755,0.19726,0.97067,1.384,0.439,0.549,True
HC_04,healthy,28.59,0.1303,0.19628,0.96807,-0.005,0.127,1.422,True
HC_04,healthy,28.6,0.1452,0.17289,0.95942,0.689,0.813,0.985,True
HC_04,healthy,28.61,0.13214,0.16982,0.93087,1.158,-0.368,2.437,True
HC_04,healthy,28.62,0.12822,0.1623,0.96772,-0.165,-0.685,0.836,True
HC_04,healthy,28.63,0.10001,0.16163,0.99012,1.025,-1.126,-0.739,True
HC_04,healthy,28.64,0.09537,0.17489,0.96381,-0.953,0.296,-1.395,True
HC_04,healthy,28.650000000000002,0.09742,0.17771,0.97557,-0.15,0.775,-1.477,True
HC_04,healthy,28.66,0.09857,0.16859,0.97045,-1.859,0.541,-0.978,True
HC_04,healthy,28.67,0.10476,0.16758,0.95344,0.709,0.709,-0.23,True
HC_04,healthy,28.68,0.13265,0.2032,0.98198,1.185,0.753,1.545,True
HC_04,healthy,28.69,0.1424,0.18827,0.99009,-0.797,-0.033,1.029,True
HC_04,healthy,28.7,0.13923,0.18672,0.98593,-0.139,-0.829,0.388,True
HC_04,healthy,28.71,0.12914,0.1945,0.94256,-0.304,0.156,1.345,True
HC_04,healthy,28.72,0.11822,0.15134,0.96239,-0.8,0.595,-0.091,True
HC_04,healthy,28.73,0.1228,0.1463,0.95493,-0.526,0.729,-0.297,True
HC_04,healthy,28.740000000000002,0.1418,0.18266,0.97725,1.171,-0.791,-0.24,True
HC_04,healthy,28.75,0.08792,0.20947,0.94933,-0.616,-0.172,-1.582,True
HC_04,healthy,28.76,0.11711,0.17598,0.97419,-0.33,-0.183,-1.53,True
HC_04,healthy,28.77,0.09338,0.16356,0.93658,1.295,-0.574,-1.008,True
HC_04,healthy,28.78,0.11103,0.19695,0.97875,-0.312,0.796,1.754,True
HC_04,healthy,28.79,0.13842,0.18953,0.97615,0.083,0.565,0.501,True
HC_04,healthy,28.8,0.12312,0.17084,0.98935,0.907,0.391,2.264,True
HC_04,healthy,28.810000000000002,0.10764,0.21185,0.99017,-0.46,-0.678,0.348,True
HC_04,healthy,28.82,0.13786,0.17719,0.96984,-0.318,0.412,-1.232,True
HC_04,healthy,28.830000000000002,0.09191,0.17219,0.98475,0.296,-0.378,-1.822,True
HC_04,healthy,28.84,0.08907,0.20563,0.9711,1.121,-0.665,-2.244,True
HC_04,healthy,28.85,0.0963,0.20352,0.99281,0.806,-0.437,0.045,True
HC_04,healthy,28.86,0.11941,0.19748,0.97008,-0.526,0.826,0.464,True
HC_04,healthy,28.87,0.11182,0.22268,0.96429,-0.176,-0.19,0.473,True
HC_04,healthy,28.88,0.13783,0.22355,0.96053,0.131,0.76,0.741,True
HC_04,healthy,28.89,0.15091,0.18858,0.94882,-0.04,-2.547,1.809,True
HC_04,healthy,28.900000000000002,0.12084,0.1747,0.95066,-0.461,0.788,2.062,True
HC_04,healthy,28.91,0.13533,0.15247,0.95998,-0.473,0.099,-0.517,True
HC_04,healthy,28.92,0.12997,0.14612,0.94298,-0.334,0.591,0.513,True
HC_04,healthy,28.93,0.11943,0.16825,0.97619,-0.073,-0.699,-1.845,True
HC_04,healthy,28.94,0.08863,0.20407,0.96026,0.703,-1.153,-0.958,True
HC_04,healthy,28.95,0.0963,0.17767,0.97918,0.786,-0.202,-0.694,True
HC_04,healthy,28.96,0.11581,0.17655,0.97728,-0.312,1.011,0.036,True
HC_04,healthy,28.97,0.11307,0.17928,0.94948,0.939,-0.934,0.404,True
HC_04,healthy,28.98,0.14051,0.16612,0.99154,-0.232,-0.349,0.711,True
HC_04,healthy,28.990000000000002,0.1436,0.20257,0.95845,0.755,1.16,0.743,True
HC_04,healthy,29.0,0.13482,0.16861,0.97094,-0.949,0.547,0.879,True
HC_04,healthy,29.01,0.09262,0.16977,0.96763,-1.213,0.399,0.031,True
HC_04,healthy,29.02,0.09077,0.17496,0.96271,-0.218,2.279,-0.835,True
HC_04,healthy,29.03,0.12117,0.16712,0.96267,-0.385,0.181,-0.789,True
HC_04,healthy,29.04,0.11928,0.20967,0.96341,1.323,-0.532,-0.542,True
HC_04,healthy,29.05,0.10948,0.15704,0.95297,-2.001,-0.721,0.126,True
HC_04,healthy,29.060000000000002,0.13367,0.18164,0.97167,0.944,0.768,0.076,True
HC_04,healthy,29.07,0.14452,0.20261,0.9447,0.963,1.009,0.248,True
HC_04,healthy,29.080000000000002,0.10977,0.20961,0.99114,0.673,0.605,1.57,True
HC_04,healthy,29.09,0.13109,0.15762,0.97445,0.199,-0.789,0.881,True
HC_04,healthy,29.1,0.12859,0.17138,0.97577,1.172,0.153,1.543,True
HC_04,healthy,29.11,0.1325,0.15345,0.95129,-0.506,1.266,-0.801,True
HC_04,healthy,29.12,0.11965,0.18152,0.97347,-0.161,-0.19,-2.213,True
HC_04,healthy,29.13,0.11843,0.18259,0.94227,-0.893,-0.959,-2.709,True
HC_04,healthy,29.14,0.132,0.17904,0.96711,0.645,0.16,-1.529,True
HC_04,healthy,29.150000000000002,0.13433,0.18292,0.96932,-0.075,0.337,0.143,True
HC_04,healthy,29.16,0.1404,0.20164,0.95554,0.602,0.35,1.313,True
HC_04,healthy,29.17,0.13187,0.20805,0.97121,0.176,0.548,2.648,True
HC_04,healthy,29.18,0.13023,0.18495,0.95623,-0.744,-1.474,2.859,True
HC_04,healthy,29.19,0.14352,0.179,0.98307,0.056,0.818,2.817,True
HC_04,healthy,29.2,0.11886,0.16945,0.96066,0.09,0.735,-0.125,True
HC_04,healthy,29.21,0.13414,0.20092,0.93651,-0.657,0.3,1.855,True
HC_04,healthy,29.22,0.11944,0.21181,0.95815,-0.435,-0.117,-2.262,True
HC_04,healthy,29.23,0.11163,0.21098,0.96645,1.435,-0.993,-2.597,True
HC_04,healthy,29.240000000000002,0.12379,0.18445,0.95905,0.366,-1.081,-0.284,True
HC_04,healthy,29.25,0.13153,0.21333,0.96521,-1.287,-0.594,0.137,True
HC_04,healthy,29.26,0.14355,0.19794,0.93943,-0.172,-0.857,1.344,True
HC_04,healthy,29.27,0.16101,0.1951,0.97479,0.661,0.572,1.856,True
HC_04,healthy,29.28,0.14715,0.19283,0.98823,0.199,-1.558,1.523,True
HC_04,healthy,29.29,0.14677,0.17793,0.94554,0.025,-0.738,1.955,True
HC_04,healthy,29.3,0.12506,0.2001,0.96628,-0.198,-1.06,-0.954,True
HC_04,healthy,29.310000000000002,0.10174,0.19585,0.95719,0.976,-0.41,-0.576,True
HC_04,healthy,29.32,0.10143,0.21346,0.9504,-0.169,-0.345,-2.172,True
HC_04,healthy,29.330000000000002,0.08822,0.2155,0.98093,0.489,0.303,-2.067,True
HC_04,healthy,29.34,0.1127,0.21927,0.95142,0.689,-1.241,0.957,True
HC_04,healthy,29.35,0.17329,0.18774,0.93832,-1.318,-1.243,-0.681,True
HC_04,healthy,29.36,0.17391,0.19174,0.97166,-0.521,-1.492,1.064,True
HC_04,healthy,29.37,0.13013,0.16796,0.95461,0.031,-0.352,2.104,True
HC_04,healthy,29.38,0.15485,0.17681,0.94669,0.604,-1.596,1.373,True
HC_04,healthy,29.39,0.16771,0.18854,0.98252,1.064,0.784,-0.251,True
HC_04,healthy,29.400000000000002,0.11126,0.18044,0.95782,-0.978,0.127,-0.61,True
HC_04,healthy,29.41,0.11647,0.19217,0.93647,-0.283,0.798,-1.816,True
HC_04,healthy,29.42,0.11437,0.21501,0.9633,0.376,2.546,-0.502,True
HC_04,healthy,29.43,0.11247,0.1931,0.96769,1.062,-0.478,-0.478,True
HC_04,healthy,29.44,0.12059,0.23174,0.94657,-0.304,-0.582,1.119,True
HC_04,healthy,29.45,0.16557,0.16559,0.94014,0.548,0.722,0.881,True
HC_04,healthy,29.46,0.14046,0.21934,0.96309,-0.014,0.582,1.686,True
HC_04,healthy,29.47,0.1606,0.19227,0.96552,-1.25,0.15,0.649,True
HC_04,healthy,29.48,0.14748,0.20348,0.97729,-1.572,-0.355,0.089,True
HC_04,healthy,29.490000000000002,0.12615,0.19698,0.95046,0.794,-0.254,-0.082,True
HC_04,healthy,29.5,0.10927,0.18021,0.95124,-0.117,-0.665,1.116,True
HC_04,healthy,29.51,0.10774,0.19434,0.94969,-1.677,1.686,-1.133,True
HC_04,healthy,29.52,0.13325,0.19397,0.93178,-0.505,1.203,-1.331,True
HC_04,healthy,29.53,0.12974,0.20539,0.9756,1.28,1.402,-0.31,True
HC_04,healthy,29.54,0.11401,0.20881,0.94865,-0.576,-0.838,0.448,True
HC_04,healthy,29.55,0.17053,0.20922,0.97922,0.922,0.171,1.402,True
HC_04,healthy,29.560000000000002,0.13508,0.1956,0.94841,0.492,-0.515,2.12,True
HC_04,healthy,29.57,0.15047,0.17224,0.94964,1.391,0.826,1.487,True
HC_04,healthy,29.580000000000002,0.15257,0.1615,0.97309,0.988,1.171,1.032,True
HC_04,healthy,29.59,0.1302,0.17304,0.94796,1.537,0.397,0.465,True
HC_04,healthy,29.6,0.13911,0.18497,0.96115,-0.443,0.068,-1.403,True
HC_04,healthy,29.61,0.12181,0.20623,0.97055,-0.292,0.334,-1.989,True
HC_04,healthy,29.62,0.1428,0.17994,0.94664,-0.928,0.395,-1.841,True
HC_04,healthy,29.63,0.10336,0.18209,0.95309,0.942,-1.036,-0.087,True
HC_04,healthy,29.64,0.1721,0.20819,0.95052,-1.803,0.283,0.937,True
HC_04,healthy,29.650000000000002,0.14998,0.18522,0.95123,-0.48,-2.193,1.182,True
HC_04,healthy,29.66,0.15261,0.1904,0.94693,1.322,0.402,1.554,True
HC_04,healthy,29.67,0.17229,0.20699,0.94635,1.075,-0.769,0.401,True
HC_04,healthy,29.68,0.1243,0.20359,0.96271,-0.531,0.985,-0.292,True
HC_04,healthy,29.69,0.13996,0.19126,0.95738,-0.614,-0.925,0.004,True
HC_04,healthy,29.7,0.10832,0.20571,0.92835,-0.069,-0.663,-0.252,True
HC_04,healthy,29.71,0.15851,0.19402,0.95855,-2.293,-1.131,-1.881,True
HC_04,healthy,29.72,0.12952,0.2029,0.95741,-0.928,-0.051,-1.375,True
HC_04,healthy,29.73,0.14833,0.18909,0.96799,-0.315,-0.784,0.006,True
HC_04,healthy,29.740000000000002,0.13236,0.20638,0.95739,0.757,1.262,1.008,True
HC_04,healthy,29.75,0.16196,0.22344,0.91364,0.205,-0.028,-0.272,True
HC_04,healthy,29.76,0.16419,0.20187,0.95982,-0.167,-0.237,0.986,True
HC_04,healthy,29.77,0.15901,0.16469,0.95934,-1.6,-0.388,1.064,True
HC_04,healthy,29.78,0.15303,0.18031,0.94981,-0.595,0.06,0.297,True
HC_04,healthy,29.79,0.1203,0.17905,0.9581,-0.169,-1.605,-1.539,True
HC_04,healthy,29.8,0.10305,0.19428,0.94293,-0.563,-0.127,-1.49,True
HC_04,healthy,29.810000000000002,0.12079,0.2119,0.94026,-0.344,1.052,-1.541,True
HC_04,healthy,29.82,0.15038,0.20958,0.94727,-0.389,-0.665,-0.686,True
HC_04,healthy,29.830000000000002,0.18834,0.19348,0.95527,0.964,1.341,0.354,True
HC_04,healthy,29.84,0.1821,0.19686,0.95974,0.655,0.549,1.813,True
HC_04,healthy,29.85,0.13777,0.17851,0.95328,0.802,0.115,2.037,True
HC_04,healthy,29.86,0.17769,0.20462,0.93386,0.133,-1.006,2.051,True
HC_04,healthy,29.87,0.12817,0.1556,0.96479,-0.558,-1.602,-1.426,True
HC_04,healthy,29.88,0.1401,0.17637,0.93882,0.477,0.406,-0.552,True
HC_04,healthy,29.89,0.1224,0.19917,0.94377,0.767,-0.659,-0.232,True
HC_04,healthy,29.900000000000002,0.13473,0.1961,0.94031,0.26,-0.14,-0.403,True
HC_04,healthy,29.91,0.1321,0.2244,0.93022,0.339,1.517,0.02,True
HC_04,healthy,29.92,0.14579,0.20244,0.95385,1.638,-0.468,-0.153,True
HC_04,healthy,29.93,0.1377,0.22436,0.92972,-0.957,1.469,-0.826,True
HC_04,healthy,29.94,0.16406,0.18128,0.96067,-0.76,1.557,1.551,True
HC_04,healthy,29.95,0.16384,0.21347,0.93965,-0.002,0.429,1.174,True
HC_04,healthy,29.96,0.16905,0.18799,0.96404,-0.761,-0.949,1.08,True
HC_04,healthy,29.97,0.15961,0.20318,0.94482,1.087,-0.935,-0.041,True
HC_04,healthy,29.98,0.12583,0.20322,0.95187,0.435,-1.194,-0.49,True
HC_04,healthy,29.990000000000002,0.13249,0.21249,0.92982,-0.124,-1.234,-0.938,True
HC_04,healthy,30.0,0.14457,0.22478,0.93886,-0.757,-0.159,-1.643,True
HC_04,healthy,30.01,0.16659,0.19393,0.96969,-0.062,-0.604,-1.374,True
HC_04,healthy,30.02,0.15811,0.20813,0.94134,0.259,0.331,0.086,True
HC_04,healthy,30.03,0.18057,0.23764,0.97043,1.872,-0.532,2.178,True
HC_04,healthy,30.04,0.17615,0.20298,0.97294,-0.929,0.829,1.015,True
HC_04,healthy,30.05,0.16301,0.17183,0.96652,1.03,-0.78,1.304,True
HC_04,healthy,30.060000000000002,0.16143,0.20223,0.95712,0.397,0.385,1.703,True
HC_04,healthy,30.07,0.15483,0.17849,0.95968,0.991,0.193,-0.18,True
HC_04,healthy,30.080000000000002,0.13027,0.19444,0.93603,0.766,1.202,-0.815,True
HC_04,healthy,30.09,0.14706,0.20662,0.95509,-0.825,-0.328,-1.76,True
HC_04,healthy,30.1,0.11392,0.2234,0.97454,-0.58,0.909,-2.195,True
HC_04,healthy,30.11,0.18581,0.19523,0.94547,-1.025,0.146,-0.007,True
HC_04,healthy,30.12,0.14805,0.19319,0.96352,0.534,1.013,0.647,True
HC_04,healthy,30.13,0.17025,0.21405,0.96468,-0.868,0.434,0.46,True
HC_04,healthy,30.14,0.18926,0.23223,0.95822,-0.661,2.863,0.617,True
HC_04,healthy,30.150000000000002,0.16629,0.21658,0.93512,0.16,-0.405,1.71,True
HC_04,healthy,30.16,0.15578,0.1826,0.96226,0.565,0.991,-0.089,True
HC_04,healthy,30.17,0.14284,0.21491,0.95002,0.152,0.722,-1.714,True
HC_04,healthy,30.18,0.1811,0.2214,0.96243,-0.008,-0.465,-1.251,True
HC_04,healthy,30.19,0.15187,0.19395,0.90554,0.773,0.863,-2.174,True
HC_04,healthy,30.2,0.15715,0.20865,0.94538,-2.94,0.72,-0.48,True
HC_04,healthy,30.21,0.14648,0.2206,0.95323,-0.463,-0.087,-0.502,True
HC_04,healthy,30.22,0.16726,0.23714,0.94099,0.584,-0.135,-0.007,True
HC_04,healthy,30.23,0.17585,0.1931,0.9543,-0.106,-0.651,2.05,True
HC_04,healthy,30.240000000000002,0.16524,0.17935,0.94452,0.542,-0.084,1.72,True
HC_04,healthy,30.25,0.15732,0.16284,0.93182,-0.539,0.789,0.485,True
HC_04,healthy,30.26,0.14193,0.19174,0.93592,-0.316,-0.25,-0.966,True
HC_04,healthy,30.27,0.1221,0.18682,0.93666,0.115,-1.408,-0.756,True
HC_04,healthy,30.28,0.14559,0.2041,0.92711,0.337,1.184,-1.709,True
HC_04,healthy,30.29,0.14294,0.20154,0.94445,0.269,0.674,-2.939,True
HC_04,healthy,30.3,0.15375,0.22809,0.93321,0.478,0.268,-1.182,True
HC_04,healthy,30.310000000000002,0.16439,0.22891,0.94159,0.115,-0.696,0.642,True
HC_04,healthy,30.32,0.1615,0.19776,0.94424,-0.142,-0.292,1.423,True
HC_04,healthy,30.330000000000002,0.17408,0.2228,0.96762,0.687,0.503,1.316,True
HC_04,healthy,30.34,0.19359,0.19876,0.93262,-0.424,-0.177,1.003,True
HC_04,healthy,30.35,0.16863,0.17755,0.95712,-0.186,-0.936,-0.725,True
HC_04,healthy,30.36,0.16605,0.18819,0.96827,0.762,-0.508,-0.03,True
HC_04,healthy,30.37,0.14981,0.23583,0.91948,0.371,-0.798,0.847,True
HC_04,healthy,30.38,0.16711,0.20216,0.95737,-0.724,0.787,-0.394,True
HC_04,healthy,30.39,0.14037,0.19297,0.97096,-0.421,-1.074,0.411,True
HC_04,healthy,30.400000000000002,0.17079,0.21612,0.90645,-1.045,0.072,0.741,True
HC_04,healthy,30.41,0.18452,0.16602,0.94776,-0.461,-0.206,0.217,True
HC_04,healthy,30.42,0.19965,0.2538,0.93147,-2.293,0.184,0.653,True
HC_04,healthy,30.43,0.16208,0.19927,0.92898,-0.397,0.199,0.856,True
HC_04,healthy,30.44,0.18343,0.22409,0.93874,0.992,-0.481,1.46,True
HC_04,healthy,30.45,0.15102,0.17633,0.93037,-0.475,-0.418,-1.228,True
HC_04,healthy,30.46,0.15409,0.16233,0.94051,-0.375,0.189,0.854,True
HC_04,healthy,30.47,0.13247,0.19528,0.9278,1.398,-2.482,-0.798,True
HC_04,healthy,30.48,0.16396,0.22508,0.93521,-1.326,-0.507,-0.721,True
HC_04,healthy,30.490000000000002,0.16518,0.20697,0.94622,0.153,-0.218,1.187,True
HC_04,healthy,30.5,0.15583,0.21481,0.91932,-0.836,0.061,-0.828,True
HC_04,healthy,30.51,0.20033,0.2353,0.93405,-0.096,0.059,1.48,True
HC_04,healthy,30.52,0.1928,0.20284,0.95188,0.264,0.914,0.979,True
HC_04,healthy,30.53,0.18924,0.22861,0.9574,-1.646,-0.204,0.467,True
HC_04,healthy,30.54,0.16106,0.18202,0.93507,0.654,1.487,-0.261,True
HC_04,healthy,30.55,0.16433,0.18352,0.93522,0.427,-0.131,-1.301,True
HC_04,healthy,30.560000000000002,0.16591,0.21114,0.94827,2.564,-0.07,-3.19,True
HC_04,healthy,30.57,0.13838,0.21421,0.91943,0.219,0.989,-3.088,True
HC_04,healthy,30.580000000000002,0.15342,0.22228,0.94787,-0.805,0.867,-1.271,True
HC_04,healthy,30.59,0.14969,0.21462,0.94221,-0.493,0.467,-1.138,True
HC_04,healthy,30.6,0.15465,0.23082,0.95893,0.231,0.221,0.081,True
HC_04,healthy,30.61,0.15936,0.19847,0.93333,-0.717,0.201,1.32,True
HC_04,healthy,30.62,0.18965,0.17483,0.93635,0.1,0.964,1.812,True
HC_04,healthy,30.63,0.18643,0.19815,0.92151,1.207,-0.645,0.635,True
HC_04,healthy,30.64,0.16356,0.19218,0.93035,2.034,-0.376,-0.483,True
HC_04,healthy,30.650000000000002,0.16489,0.20087,0.94761,-0.279,-0.676,-0.918,True
HC_04,healthy,30.66,0.15367,0.22253,0.92326,-0.306,1.332,-3.407,True
HC_04,healthy,30.67,0.17613,0.24156,0.93177,-0.364,-0.909,-0.616,True
HC_04,healthy,30.68,0.15811,0.20374,0.93667,0.186,-0.365,-1.045,True
HC_04,healthy,30.69,0.19928,0.20502,0.93823,1.039,1.212,-0.486,True
HC_04,healthy,30.7,0.19974,0.22918,0.95115,-0.859,-0.868,0.369,True
HC_04,healthy,30.71,0.19328,0.18978,0.93029,0.629,1.762,0.248,True
HC_04,healthy,30.72,0.17716,0.2034,0.92668,-0.661,-0.07,1.67,True
HC_04,healthy,30.73,0.18476,0.20614,0.94652,-1.004,-0.931,0.687,True
HC_04,healthy,30.740000000000002,0.16082,0.19147,0.94905,-1.208,-0.196,-0.751,True
HC_04,healthy,30.75,0.17927,0.21471,0.93187,0.423,0.028,-1.468,True
HC_04,healthy,30.76,0.12757,0.21141,0.93083,1.181,1.185,-0.754,True
HC_04,healthy,30.77,0.16016,0.20493,0.94467,0.623,-0.033,-0.613,True
HC_04,healthy,30.78,0.18291,0.23166,0.93105,0.824,0.669,-0.804,True
HC_04,healthy,30.79,0.17545,0.2223,0.94593,0.307,0.888,1.823,True
HC_04,healthy,30.8,0.20593,0.21459,0.96774,-0.166,-0.551,0.989,True
HC_04,healthy,30.810000000000002,0.19792,0.22129,0.91742,-1.948,0.388,1.082,True
HC_04,healthy,30.82,0.18584,0.18184,0.90918,-0.319,0.809,0.511,True
HC_04,healthy,30.830000000000002,0.16903,0.2086,0.9306,0.408,-0.342,-0.418,True
HC_04,healthy,30.84,0.16268,0.19517,0.90804,0.939,0.241,-1.077,True
HC_04,healthy,30.85,0.13173,0.21691,0.92796,-1.361,0.283,-1.939,True
HC_04,healthy,30.86,0.17963,0.23861,0.9564,-0.539,-0.07,-1.893,True
HC_04,healthy,30.87,0.17098,0.20536,0.92158,-1.573,-0.282,-2.094,True
HC_04,healthy,30.88,0.21497,0.23126,0.93358,0.174,0.694,0.884,True
HC_04,healthy,30.89,0.21308,0.21991,0.90718,-0.081,0.695,1.173,True
HC_04,healthy,30.900000000000002,0.17001,0.22928,0.94847,0.986,-1.493,2.063,True
HC_04,healthy,30.91,0.17256,0.20132,0.92656,-0.079,-0.463,1.249,True
HC_04,healthy,30.92,0.16711,0.20874,0.94302,-0.096,0.06,-0.278,True
HC_04,healthy,30.93,0.147,0.22104,0.94093,0.162,-1.076,-0.834,True
HC_04,healthy,30.94,0.17503,0.18892,0.93076,-0.724,-1.998,-1.266,True
HC_04,healthy,30.95,0.19232,0.21655,0.9439,-0.683,-0.516,-1.29,True
HC_04,healthy,30.96,0.14755,0.20223,0.94925,-0.104,0.375,-0.975,True
HC_04,healthy,30.970000000000002,0.18703,0.18188,0.91475,-0.491,-0.145,-1.195,True
HC_04,healthy,30.98,0.20205,0.20399,0.92816,0.291,-2.333,0.921,True
HC_04,healthy,30.990000000000002,0.19796,0.24333,0.93857,-0.668,0.855,1.931,True
HC_04,healthy,31.0,0.21535,0.24174,0.93445,-0.615,-1.393,0.97,True
HC_04,healthy,31.01,0.17933,0.23183,0.94171,-1.979,0.39,1.412,True
HC_04,healthy,31.02,0.15443,0.17516,0.93877,0.729,-0.196,1.039,True
HC_04,healthy,31.03,0.16351,0.21446,0.929,-0.072,0.37,-1.008,True
HC_04,healthy,31.04,0.13644,0.20169,0.9188,-1.72,0.08,-1.854,True
HC_04,healthy,31.05,0.14935,0.20083,0.95818,0.499,-0.029,-1.026,True
HC_04,healthy,31.060000000000002,0.14943,0.22111,0.94103,-0.409,0.725,0.322,True
HC_04,healthy,31.07,0.18376,0.20083,0.91652,-0.42,-0.505,1.836,True
HC_04,healthy,31.080000000000002,0.20733,0.21944,0.93344,0.422,0.532,-0.069,True
HC_04,healthy,31.09,0.20878,0.20064,0.94164,0.425,0.016,1.919,True
HC_04,healthy,31.1,0.19737,0.19001,0.94577,-0.527,0.88,1.615,True
HC_04,healthy,31.11,0.17442,0.20712,0.94399,-1.299,-0.522,1.96,True
HC_04,healthy,31.12,0.19259,0.20161,0.93818,-0.154,0.188,-0.98,True
HC_04,healthy,31.13,0.14864,0.20415,0.93098,0.608,0.355,-0.946,True
HC_04,healthy,31.14,0.18467,0.20258,0.95033,0.316,-1.05,-1.371,True
HC_04,healthy,31.150000000000002,0.18857,0.23101,0.91819,0.024,0.935,-0.997,True
HC_04,healthy,31.16,0.19491,0.23228,0.91774,-1.597,0.377,-0.726,True
HC_04,healthy,31.17,0.19452,0.2258,0.95939,-0.966,-0.251,0.997,True
HC_04,healthy,31.18,0.18631,0.22067,0.92897,-0.553,0.089,2.071,True
HC_04,healthy,31.19,0.18706,0.21757,0.93732,0.887,0.433,1.579,True
HC_04,healthy,31.2,0.19658,0.18868,0.92899,0.785,2.35,2.741,True
HC_04,healthy,31.21,0.19301,0.21194,0.94206,0.636,-1.37,-0.018,True
HC_04,healthy,31.220000000000002,0.1495,0.2196,0.92814,-0.02,-0.093,-0.83,True
HC_04,healthy,31.23,0.15272,0.19576,0.92035,-0.302,0.494,-2.175,True
HC_04,healthy,31.240000000000002,0.16311,0.24196,0.91833,-1.445,0.341,-0.719,True
HC_04,healthy,31.25,0.17554,0.218,0.93281,-0.419,1.839,-1.585,True
HC_04,healthy,31.26,0.15399,0.23105,0.95091,2.127,0.154,0.442,True
HC_04,healthy,31.27,0.19687,0.22838,0.92435,-0.158,0.052,0.56,True
HC_04,healthy,31.28,0.20162,0.20638,0.93613,-0.691,-1.113,1.788,True
HC_04,healthy,31.29,0.21763,0.23828,0.93006,-0.62,0.08,1.303,True
HC_04,healthy,31.3,0.18618,0.19844,0.89988,-0.463,0.586,0.88,True
HC_04,healthy,31.310000000000002,0.15784,0.21366,0.92591,-0.964,1.323,-0.239,True
HC_04,healthy,31.32,0.18215,0.22031,0.93561,1.133,-0.486,0.364,True
HC_04,healthy,31.330000000000002,0.19339,0.20148,0.90444,-0.119,0.069,-0.52,True
HC_04,healthy,31.34,0.16562,0.22878,0.92749,-0.875,2.478,-0.975,True
HC_04,healthy,31.35,0.18261,0.22451,0.90446,-0.939,-1.444,0.755,True
HC_04,healthy,31.36,0.22468,0.22238,0.9381,-0.789,-0.519,-0.652,True
HC_04,healthy,31.37,0.20333,0.2335,0.92568,0.351,-0.214,0.667,True
HC_04,healthy,31.38,0.20957,0.21452,0.92012,0.296,0.194,1.258,True
HC_04,healthy,31.39,0.20139,0.21916,0.92916,-1.435,0.509,1.795,True
HC_04,healthy,31.400000000000002,0.18136,0.21414,0.94666,0.341,0.162,0.761,True
HC_04,healthy,31.41,0.1604,0.18565,0.91645,-0.826,-0.416,-0.308,True
HC_04,healthy,31.42,0.18646,0.21762,0.92308,-1.341,-1.06,-2.187,True
HC_04,healthy,31.43,0.17221,0.23703,0.94081,-0.797,1.462,-1.383,True
HC_04,healthy,31.44,0.17306,0.21819,0.96533,-0.273,-0.505,-1.482,True
HC_04,healthy,31.45,0.19544,0.22637,0.91072,0.038,-0.618,-0.277,True
HC_04,healthy,31.46,0.19401,0.2288,0.93941,1.352,-0.722,0.16,True
HC_04,healthy,31.470000000000002,0.17828,0.23637,0.92503,0.573,1.079,2.187,True
HC_04,healthy,31.48,0.20132,0.19854,0.93919,0.069,0.569,2.19,True
HC_04,healthy,31.490000000000002,0.19131,0.19528,0.92791,0.975,0.31,0.572,True
HC_04,healthy,31.5,0.18007,0.19238,0.9294,-0.36,-0.038,0.363,True
HC_04,healthy,31.51,0.18172,0.19858,0.93406,-1.233,1.14,-0.421,True
HC_04,healthy,31.52,0.16951,0.19609,0.93594,0.647,-1.355,-1.545,True
HC_04,healthy,31.53,0.15691,0.22738,0.91655,0.698,0.42,-1.482,True
HC_04,healthy,31.54,0.19091,0.23696,0.90538,0.692,1.58,-2.0,True
HC_04,healthy,31.55,0.2104,0.21826,0.90665,0.514,-0.069,0.053,True
HC_04,healthy,31.560000000000002,0.18206,0.19219,0.94831,0.366,0.129,1.721,True
HC_04,healthy,31.57,0.19572,0.24895,0.91876,-0.857,0.315,2.1,True
HC_04,healthy,31.580000000000002,0.20614,0.22366,0.93715,-0.666,-0.047,1.503,True
HC_04,healthy,31.59,0.22409,0.24483,0.91567,0.83,0.182,0.409,True
HC_04,healthy,31.6,0.16705,0.17612,0.94305,1.418,0.329,0.663,True
HC_04,healthy,31.61,0.19423,0.20416,0.91437,0.093,0.535,-1.257,True
HC_04,healthy,31.62,0.18924,0.20444,0.93151,0.343,-0.453,-1.489,True
HC_04,healthy,31.63,0.17412,0.2157,0.92355,0.414,0.172,0.108,True
HC_04,healthy,31.64,0.19672,0.21813,0.91649,-0.353,0.451,-1.172,True
HC_04,healthy,31.650000000000002,0.20497,0.22047,0.91957,0.044,0.077,-0.313,True
HC_04,healthy,31.66,0.19424,0.23308,0.93078,-0.512,-0.226,1.243,True
HC_04,healthy,31.67,0.2093,0.22195,0.93242,-0.362,0.971,1.567,True
HC_04,healthy,31.68,0.19626,0.19626,0.92837,0.093,-1.185,0.414,True
HC_04,healthy,31.69,0.19857,0.21788,0.94409,0.171,1.024,0.564,True
HC_04,healthy,31.7,0.20849,0.23008,0.90481,-0.321,0.035,-1.215,True
HC_04,healthy,31.71,0.20617,0.22064,0.93676,-0.073,-0.974,-1.876,True
HC_04,healthy,31.720000000000002,0.16839,0.23873,0.92599,-0.396,0.969,-0.838,True
HC_04,healthy,31.73,0.18283,0.23085,0.93908,0.061,1.53,-1.071,True
HC_04,healthy,31.740000000000002,0.20646,0.24821,0.94264,1.029,-0.974,-0.486,True
HC_04,healthy,31.75,0.18585,0.25206,0.93773,-0.375,-0.855,0.759,True
HC_04,healthy,31.76,0.20921,0.21044,0.93021,-0.983,-0.706,0.71,True
HC_04,healthy,31.77,0.2097,0.20155,0.91769,0.433,-0.043,0.19,True
HC_04,healthy,31.78,0.22154,0.21082,0.91982,0.546,1.979,0.696,True
HC_04,healthy,31.79,0.17886,0.19188,0.92559,-1.821,0.613,0.581,True
HC_04,healthy,31.8,0.18916,0.18137,0.93883,0.755,0.132,-0.13,True
HC_04,healthy,31.810000000000002,0.20629,0.23211,0.9293,0.288,0.707,-1.613,True
HC_04,healthy,31.82,0.18063,0.225,0.93932,-1.096,0.8,-0.187,True
HC_04,healthy,31.830000000000002,0.1837,0.24987,0.92915,-0.944,0.33,-1.731,True
HC_04,healthy,31.84,0.16237,0.23887,0.93075,-0.009,-0.8,-1.005,True
HC_04,healthy,31.85,0.22295,0.23028,0.97083,0.064,-0.039,1.077,True
HC_04,healthy,31.86,0.22099,0.25111,0.94385,0.327,0.966,0.265,True
HC_04,healthy,31.87,0.20886,0.26394,0.94915,0.36,0.439,1.505,True
HC_04,healthy,31.88,0.19476,0.19483,0.93195,-0.509,-0.176,1.82,True
HC_04,healthy,31.89,0.19527,0.19851,0.9303,-0.298,0.086,-1.779,True
HC_04,healthy,31.900000000000002,0.20571,0.18861,0.92993,0.694,1.185,-0.526,True
HC_04,healthy,31.91,0.17483,0.22467,0.95218,0.27,-1.597,-0.92,True
HC_04,healthy,31.92,0.19628,0.24228,0.91691,0.782,-0.182,-1.287,True
HC_04,healthy,31.93,0.18842,0.25114,0.91493,-1.461,0.931,0.084,True
HC_04,healthy,31.94,0.20467,0.22323,0.92307,0.8,-0.218,1.098,True
HC_04,healthy,31.95,0.21807,0.22082,0.92028,0.683,-0.021,0.956,True
HC_04,healthy,31.96,0.21994,0.21694,0.90967,-0.052,0.595,0.633,True
HC_04,healthy,31.970000000000002,0.21046,0.21731,0.92246,-0.162,-0.873,2.405,True
HC_04,healthy,31.98,0.19995,0.19271,0.91396,1.587,0.048,0.498,True
HC_04,healthy,31.990000000000002,0.1582,0.2001,0.93683,-1.283,-0.202,-1.032,True
HC_04,healthy,32.0,0.1741,0.2237,0.90725,1.612,0.705,-1.096,True
HC_04,healthy,32.01,0.17154,0.25148,0.92919,0.746,-0.094,-0.826,True
HC_04,healthy,32.02,0.17437,0.23762,0.90718,-0.66,-0.182,-1.382,True
HC_04,healthy,32.03,0.20754,0.24285,0.94923,-0.921,-0.683,-0.934,True
HC_04,healthy,32.04,0.20008,0.23433,0.93809,-0.546,-0.787,1.043,True
HC_04,healthy,32.05,0.22072,0.23251,0.91544,0.908,-0.097,0.595,True
HC_04,healthy,32.06,0.20825,0.24149,0.90962,0.602,0.528,2.583,True
HC_04,healthy,32.07,0.22,0.2385,0.91873,0.574,-0.363,1.172,True
HC_04,healthy,32.08,0.22227,0.22367,0.94047,0.713,-0.718,-1.375,True
HC_04,healthy,32.09,0.21364,0.21527,0.90711,1.499,-0.199,-0.997,True
HC_04,healthy,32.1,0.17031,0.22682,0.91239,-0.2,0.258,-2.734,True
HC_04,healthy,32.11,0.18418,0.23999,0.93477,-0.118,0.901,-1.761,True
HC_04,healthy,32.12,0.18679,0.22714,0.94168,0.294,0.574,-0.21,True
HC_04,healthy,32.13,0.21588,0.22251,0.94257,-0.772,-1.085,1.146,True
HC_04,healthy,32.14,0.21346,0.23226,0.93572,0.397,0.198,1.294,True
HC_04,healthy,32.15,0.21359,0.22846,0.90616,-0.124,-0.616,1.745,True
HC_04,healthy,32.160000000000004,0.20583,0.23408,0.93732,0.218,1.621,1.594,True
HC_04,healthy,32.17,0.20383,0.23006,0.91048,0.372,-0.407,0.911,True
HC_04,healthy,32.18,0.18953,0.21072,0.90858,-0.44,0.703,-1.402,True
HC_04,healthy,32.19,0.16407,0.21968,0.9454,0.76,0.1,-1.96,True
HC_04,healthy,32.2,0.17688,0.21329,0.91099,0.417,-0.028,-1.914,True
HC_04,healthy,32.21,0.17499,0.23289,0.93458,-1.228,-0.046,-0.131,True
HC_04,healthy,32.22,0.19633,0.22707,0.9135,-0.799,-0.599,-0.257,True
HC_04,healthy,32.230000000000004,0.21612,0.23825,0.91306,-0.488,-1.238,1.134,True
HC_04,healthy,32.24,0.19989,0.23418,0.92778,0.168,0.302,2.747,True
HC_04,healthy,32.25,0.23535,0.23692,0.91504,-1.354,0.887,2.258,True
HC_04,healthy,32.26,0.20991,0.19623,0.91709,0.095,-0.298,-0.495,True
HC_04,healthy,32.27,0.22604,0.19648,0.91894,0.799,-0.448,0.643,True
HC_04,healthy,32.28,0.17765,0.20982,0.91868,0.163,-1.158,-1.099,True
HC_04,healthy,32.29,0.19211,0.22931,0.89479,-0.704,-0.182,-2.217,True
HC_04,healthy,32.3,0.20088,0.23384,0.91902,1.57,0.192,-2.239,True
HC_04,healthy,32.31,0.18952,0.23977,0.93809,-0.208,0.234,-1.095,True
HC_04,healthy,32.32,0.19743,0.25844,0.92462,-0.685,-0.482,0.27,True
HC_04,healthy,32.33,0.21657,0.24342,0.92193,-0.027,0.423,0.622,True
HC_04,healthy,32.34,0.22098,0.23327,0.9356,-0.856,0.434,1.085,True
HC_04,healthy,32.35,0.19804,0.21441,0.90819,-0.789,-1.343,1.397,True
HC_04,healthy,32.36,0.20146,0.2128,0.93586,0.212,0.094,-0.21,True
HC_04,healthy,32.37,0.17837,0.19588,0.94254,-0.025,0.885,-0.32,True
HC_04,healthy,32.38,0.18356,0.23016,0.93986,1.282,-0.142,-1.334,True
HC_04,healthy,32.39,0.203,0.21654,0.93559,1.874,0.142,-1.799,True
HC_04,healthy,32.4,0.21572,0.23213,0.92495,0.066,-2.323,0.036,True
HC_04,healthy,32.410000000000004,0.19923,0.23797,0.91425,-0.009,-0.122,-0.312,True
HC_04,healthy,32.42,0.2199,0.23674,0.92253,-1.555,0.473,-0.366,True
HC_04,healthy,32.43,0.22043,0.25231,0.90987,0.213,0.681,0.266,True
HC_04,healthy,32.44,0.21088,0.23372,0.90136,0.344,0.445,1.894,True
HC_04,healthy,32.45,0.19299,0.23627,0.93578,0.463,-0.616,2.17,True
HC_04,healthy,32.46,0.19931,0.20457,0.9206,-0.233,-0.253,0.223,True
HC_04,healthy,32.47,0.19635,0.23166,0.91733,-0.285,1.013,-2.219,True
HC_04,healthy,32.480000000000004,0.19207,0.25029,0.91546,0.097,0.437,-1.417,True
HC_04,healthy,32.49,0.20702,0.21426,0.90653,-2.448,-0.105,-1.814,True
HC_04,healthy,32.5,0.20424,0.24001,0.91415,-0.535,-0.121,-0.637,True
HC_04,healthy,32.51,0.18064,0.25226,0.89229,1.303,1.73,1.606,True
HC_04,healthy,32.52,0.22728,0.22936,0.93734,-0.534,-1.86,0.679,True
HC_04,healthy,32.53,0.21686,0.1995,0.90788,-0.566,0.114,1.816,True
HC_04,healthy,32.54,0.23329,0.20059,0.94355,-0.001,-0.883,1.782,True
HC_04,healthy,32.55,0.19888,0.22173,0.9244,-0.315,-0.616,0.882,True
HC_04,healthy,32.56,0.19835,0.22221,0.91679,-1.855,0.397,0.04,True
HC_04,healthy,32.57,0.18042,0.19345,0.9,0.016,-1.306,-1.781,True
HC_04,healthy,32.58,0.16787,0.24642,0.91544,-1.268,1.563,-1.389,True
HC_04,healthy,32.59,0.1824,0.21642,0.93872,-0.216,0.428,-3.151,True
HC_04,healthy,32.6,0.19608,0.21304,0.95363,0.538,1.118,0.256,True
HC_04,healthy,32.61,0.23425,0.24945,0.93693,-1.016,-0.471,0.328,True
HC_04,healthy,32.62,0.22133,0.21719,0.94976,0.002,-0.326,2.34,True
HC_04,healthy,32.63,0.20858,0.23985,0.92393,0.189,-0.448,1.53,True
HC_04,healthy,32.64,0.21061,0.20092,0.91401,1.245,1.101,1.511,True
HC_04,healthy,32.65,0.20817,0.19654,0.92719,-0.256,1.323,1.671,True
HC_04,healthy,32.660000000000004,0.17927,0.21989,0.91561,0.771,0.214,0.984,True
HC_04,healthy,32.67,0.19776,0.22371,0.91109,-0.767,0.815,-0.717,True
HC_04,healthy,32.68,0.21458,0.21862,0.92786,-0.11,0.875,-0.572,True
HC_04,healthy,32.69,0.17635,0.21857,0.92373,0.361,0.279,-0.449,True
HC_04,healthy,32.7,0.20346,0.23194,0.92956,-0.302,-0.375,0.592,True
HC_04,healthy,32.71,0.2011,0.23918,0.93978,0.691,-0.701,0.679,True
HC_04,healthy,32.72,0.20261,0.23517,0.93083,0.333,-1.062,1.075,True
HC_04,healthy,32.730000000000004,0.18928,0.22517,0.93912,-0.017,0.156,0.333,True
HC_04,healthy,32.74,0.20379,0.19792,0.9353,0.516,-0.47,1.863,True
HC_04,healthy,32.75,0.19649,0.20275,0.95113,-0.102,-0.751,-0.481,True
HC_04,healthy,32.76,0.20748,0.22715,0.95537,1.073,-0.682,-1.091,True
HC_04,healthy,32.77,0.17503,0.21947,0.92173,-0.861,-0.987,-2.451,True
HC_04,healthy,32.78,0.18091,0.25467,0.93572,0.592,-1.138,-1.658,True
HC_04,healthy,32.79,0.17884,0.24839,0.90446,0.199,0.9,-1.502,True
HC_04,healthy,32.8,0.2064,0.23302,0.89749,1.777,-0.033,0.895,True
HC_04,healthy,32.81,0.24244,0.2418,0.88554,-1.827,-0.103,1.062,True
HC_04,healthy,32.82,0.20273,0.22123,0.94671,-0.754,-0.847,0.996,True
HC_04,healthy,32.83,0.2177,0.20257,0.92221,0.089,0.679,0.99,True
HC_04,healthy,32.84,0.19306,0.24008,0.89861,-1.382,-0.048,0.993,True
HC_04,healthy,32.85,0.17906,0.21908,0.92819,0.411,0.175,-0.515,True
HC_04,healthy,32.86,0.20636,0.20801,0.89049,0.479,0.183,-1.165,True
HC_04,healthy,32.87,0.19266,0.19847,0.92455,0.767,-0.797,-2.35,True
HC_04,healthy,32.88,0.18219,0.21679,0.90399,-0.781,-0.133,-1.949,True
HC_04,healthy,32.89,0.17177,0.22986,0.92332,0.358,0.797,-0.789,True
HC_04,healthy,32.9,0.19622,0.24661,0.94541,0.67,-0.253,0.411,True
HC_04,healthy,32.910000000000004,0.23857,0.24101,0.93389,-0.767,0.009,1.132,True
HC_04,healthy,32.92,0.19447,0.21184,0.9169,-0.531,-0.349,1.85,True
HC_04,healthy,32.93,0.1903,0.21365,0.9101,0.127,0.464,1.201,True
HC_04,healthy,32.94,0.1934,0.21671,0.91722,1.086,-0.181,0.17,True
HC_04,healthy,32.95,0.18736,0.25253,0.90875,0.527,-0.207,-0.315,True
HC_04,healthy,32.96,0.18433,0.20621,0.92137,1.017,-1.581,-2.528,True
HC_04,healthy,32.97,0.17972,0.21947,0.91208,-0.013,-1.226,-1.174,True
HC_04,healthy,32.980000000000004,0.18463,0.24957,0.94928,1.046,-0.582,0.17,True
HC_04,healthy,32.99,0.2235,0.22615,0.92698,0.114,-1.191,-0.017,True
HC_04,healthy,33.0,0.21024,0.23743,0.9345,2.901,-0.079,0.154,True
HC_04,healthy,33.01,0.20223,0.22123,0.94983,1.198,-1.282,2.4,True
HC_04,healthy,33.02,0.22976,0.2191,0.94936,0.128,1.365,0.27,True
HC_04,healthy,33.03,0.21268,0.20556,0.92372,-0.661,0.713,0.262,True
HC_04,healthy,33.04,0.14737,0.22889,0.92636,-1.189,-0.797,-0.832,True
HC_04,healthy,33.05,0.16863,0.2077,0.92388,-0.059,0.554,-0.352,True
HC_04,healthy,33.06,0.21444,0.21832,0.93112,-0.624,0.375,-1.441,True
HC_04,healthy,33.07,0.19711,0.24013,0.9295,0.519,-0.323,-1.669,True
HC_04,healthy,33.08,0.19882,0.26999,0.92304,-0.055,0.475,-0.018,True
HC_04,healthy,33.09,0.19504,0.23186,0.90638,-0.954,-0.456,-0.03,True
HC_04,healthy,33.1,0.22594,0.23104,0.94723,0.46,-0.133,0.822,True
HC_04,healthy,33.11,0.19465,0.22779,0.94765,-0.16,-0.291,1.779,True
HC_04,healthy,33.12,0.21301,0.21535,0.92572,0.787,0.223,1.918,True
HC_04,healthy,33.13,0.18275,0.21701,0.93318,-1.63,-0.311,0.679,True
HC_04,healthy,33.14,0.19438,0.22868,0.92824,1.172,0.975,0.143,True
HC_04,healthy,33.15,0.20881,0.20315,0.92786,-0.543,0.472,-1.561,True
HC_04,healthy,33.160000000000004,0.15799,0.21837,0.93214,1.696,1.392,-0.982,True
HC_04,healthy,33.17,0.16692,0.20499,0.94877,-0.048,0.52,-1.083,True
HC_04,healthy,33.18,0.20968,0.23696,0.95312,-1.505,-1.196,0.155,True
HC_04,healthy,33.19,0.21613,0.221,0.90095,0.454,-1.012,0.676,True
HC_04,healthy,33.2,0.18812,0.21648,0.91146,0.186,-0.422,0.827,True
HC_04,healthy,33.21,0.23835,0.23703,0.8998,-0.475,0.325,1.822,True
HC_04,healthy,33.22,0.16582,0.21627,0.91474,-1.281,-0.294,0.982,True
HC_04,healthy,33.230000000000004,0.19914,0.19227,0.9205,-1.256,0.271,-1.363,True
HC_04,healthy,33.24,0.1892,0.21005,0.93924,1.514,0.033,-1.601,True
HC_04,healthy,33.25,0.1775,0.20152,0.9326,0.138,0.447,-1.364,True
HC_04,healthy,33.26,0.16621,0.23728,0.9335,0.617,-0.373,-2.225,True
HC_04,healthy,33.27,0.17909,0.25471,0.93059,-0.263,0.201,-0.225,True
HC_04,healthy,33.28,0.18605,0.25733,0.94735,1.232,-0.005,0.719,True
HC_04,healthy,33.29,0.19353,0.24624,0.91647,-0.664,0.312,0.866,True
HC_04,healthy,33.3,0.21585,0.20566,0.89336,-0.658,0.968,1.75,True
HC_04,healthy,33.31,0.2005,0.23776,0.91762,0.248,-1.128,1.026,True
HC_04,healthy,33.32,0.19606,0.21028,0.92412,-1.524,-0.059,1.015,True
HC_04,healthy,33.33,0.18408,0.22056,0.93286,0.72,-1.037,-0.881,True
HC_04,healthy,33.34,0.1735,0.19637,0.96958,-1.309,0.65,-1.662,True
HC_04,healthy,33.35,0.15757,0.23405,0.91667,-0.018,-1.559,-1.248,True
HC_04,healthy,33.36,0.16863,0.24981,0.92309,0.056,0.157,-1.668,True
HC_04,healthy,33.37,0.18891,0.20134,0.918,-1.235,-1.491,-0.101,True
HC_04,healthy,33.38,0.20078,0.26432,0.91785,-0.224,0.144,1.446,True
HC_04,healthy,33.39,0.21947,0.21693,0.93574,1.044,0.771,1.289,True
HC_04,healthy,33.4,0.20281,0.21483,0.94693,-0.314,-0.063,2.876,True
HC_04,healthy,33.410000000000004,0.20449,0.18025,0.93044,-0.66,0.091,1.256,True
HC_04,healthy,33.42,0.19001,0.21125,0.9233,0.073,0.146,1.198,True
HC_04,healthy,33.43,0.22017,0.2106,0.92712,0.605,0.629,-1.044,True
HC_04,healthy,33.44,0.17044,0.24933,0.93391,-0.21,0.222,-1.968,True
HC_04,healthy,33.45,0.17654,0.22878,0.89943,-0.8,0.119,-1.852,True
HC_04,healthy,33.46,0.1835,0.22019,0.93015,1.355,0.939,-1.318,True
HC_04,healthy,33.47,0.20142,0.25645,0.94391,-0.255,0.666,0.851,True
HC_04,healthy,33.480000000000004,0.19873,0.23134,0.92657,0.414,-0.634,0.604,True
HC_04,healthy,33.49,0.21914,0.22676,0.9334,-0.234,-0.941,1.244,True
HC_04,healthy,33.5,0.19382,0.22097,0.93342,0.14,1.014,-0.101,True
HC_04,healthy,33.51,0.18704,0.2131,0.9298,-0.803,1.266,-0.483,True
HC_04,healthy,33.52,0.19002,0.22445,0.95602,0.112,0.763,-0.747,True
HC_04,healthy,33.53,0.18455,0.20642,0.92395,1.289,-1.131,-0.588,True
HC_04,healthy,33.54,0.21277,0.19844,0.92117,-0.408,0.259,-2.171,True
HC_04,healthy,33.55,0.16422,0.23127,0.94327,-0.332,-0.786,-0.441,True
HC_04,healthy,33.56,0.19972,0.25493,0.93841,-0.81,0.183,0.437,True
HC_04,healthy,33.57,0.18017,0.28517,0.93978,0.079,-1.069,0.657,True
HC_04,healthy,33.58,0.22118,0.2088,0.92781,0.491,0.442,1.456,True
HC_04,healthy,33.59,0.1844,0.23711,0.93996,-0.728,0.698,1.019,True
HC_04,healthy,33.6,0.19379,0.18802,0.93281,0.536,-0.986,1.08,True
HC_04,healthy,33.61,0.19431,0.21954,0.92529,-0.008,0.389,0.489,True
HC_04,healthy,33.62,0.18719,0.19035,0.9419,-0.62,0.432,-1.616,True
HC_04,healthy,33.63,0.18076,0.19528,0.9475,0.593,1.963,-1.611,True
HC_04,healthy,33.64,0.16923,0.20058,0.93216,0.052,0.984,-2.563,True
HC_04,healthy,33.65,0.19292,0.22077,0.92298,-0.264,-0.827,-1.599,True
HC_04,healthy,33.660000000000004,0.1837,0.18871,0.93379,0.441,-0.482,-0.272,True
HC_04,healthy,33.67,0.17454,0.22546,0.90698,-0.085,-0.452,-0.37,True
HC_04,healthy,33.68,0.18335,0.21018,0.93198,-0.505,-1.041,1.546,True
HC_04,healthy,33.69,0.22481,0.20116,0.91329,-0.267,0.529,1.723,True
HC_04,healthy,33.7,0.19544,0.19286,0.91473,0.98,-0.913,1.54,True
HC_04,healthy,33.71,0.17592,0.21685,0.94588,-0.044,-0.445,-0.348,True
HC_04,healthy,33.72,0.20202,0.23003,0.9338,-0.646,0.626,-1.026,True
HC_04,healthy,33.730000000000004,0.18911,0.22239,0.96221,0.4,-0.018,-1.344,True
HC_04,healthy,33.74,0.17099,0.21716,0.9236,0.459,-0.462,-0.197,True
HC_04,healthy,33.75,0.16945,0.24747,0.93876,-0.217,1.803,-0.988,True
HC_04,healthy,33.76,0.18555,0.21089,0.91885,-0.944,0.245,0.687,True
HC_04,healthy,33.77,0.18639,0.22152,0.94292,-1.873,-1.369,0.749,True
HC_04,healthy,33.78,0.1993,0.21044,0.94802,-0.754,0.527,2.494,True
HC_04,healthy,33.79,0.20944,0.22411,0.94272,0.308,0.544,1.56,True
HC_04,healthy,33.8,0.20678,0.21688,0.94282,0.241,-0.947,0.65,True
HC_04,healthy,33.81,0.16369,0.21049,0.92281,1.042,-0.833,0.075,True
HC_04,healthy,33.82,0.14619,0.2104,0.92336,1.318,-0.002,-1.359,True
HC_04,healthy,33.83,0.17574,0.22633,0.91138,1.028,0.452,-2.105,True
HC_04,healthy,33.84,0.16833,0.23837,0.9214,-0.458,-1.043,-0.18,True
HC_04,healthy,33.85,0.16709,0.25729,0.95948,0.407,-0.118,-0.315,True
HC_04,healthy,33.86,0.17171,0.21977,0.91183,0.379,-0.152,0.413,True
HC_04,healthy,33.87,0.22052,0.22872,0.93913,0.155,0.471,1.858,True
HC_04,healthy,33.88,0.19143,0.19477,0.93354,-0.53,-0.069,1.503,True
HC_04,healthy,33.89,0.20788,0.20711,0.93295,-1.365,-0.882,1.549,True
HC_04,healthy,33.9,0.17087,0.22607,0.95475,-0.785,-0.7,1.588,True
HC_04,healthy,33.910000000000004,0.17472,0.20034,0.93763,-1.286,0.903,-0.663,True
HC_04,healthy,33.92,0.16017,0.23841,0.94762,1.296,0.139,-1.676,True
HC_04,healthy,33.93,0.19607,0.20646,0.90534,-0.709,-0.769,-0.947,True
HC_04,healthy,33.94,0.18423,0.24962,0.91869,0.156,-0.823,-0.664,True
HC_04,healthy,33.95,0.20025,0.23665,0.92453,0.226,0.137,-1.101,True
HC_04,healthy,33.96,0.19427,0.21195,0.95873,1.337,0.322,1.46,True
HC_04,healthy,33.97,0.19815,0.1988,0.93093,-0.402,-1.463,1.766,True
HC_04,healthy,33.980000000000004,0.22106,0.19097,0.94568,-0.054,-0.202,2.244,True
HC_04,healthy,33.99,0.17604,0.19392,0.93188,1.748,-1.085,0.018,True
HC_04,healthy,34.0,0.17045,0.18883,0.93797,0.54,-0.791,-0.699,True
HC_04,healthy,34.01,0.17945,0.23394,0.94157,0.288,-0.895,-2.552,True
HC_04,healthy,34.02,0.17013,0.19454,0.90786,-1.126,0.492,0.23,True
HC_04,healthy,34.03,0.18161,0.20561,0.94753,-1.04,0.035,-1.173,True
HC_04,healthy,34.04,0.17483,0.20857,0.94126,0.525,0.968,-0.691,True
HC_04,healthy,34.05,0.17692,0.23304,0.92619,0.016,0.02,0.207,True
HC_04,healthy,34.06,0.16928,0.21576,0.92673,0.613,0.417,1.04,True
HC_04,healthy,34.07,0.2109,0.21439,0.92072,-0.081,-0.873,2.117,True
HC_04,healthy,34.08,0.21312,0.20811,0.92317,1.197,0.391,-0.259,True
HC_04,healthy,34.09,0.17479,0.17476,0.95698,-0.474,-1.247,-0.038,True
HC_04,healthy,34.1,0.15205,0.23449,0.96454,-1.969,0.771,-0.551,True
HC_04,healthy,34.11,0.1584,0.23579,0.93321,-0.091,-0.345,-1.19,True
HC_04,healthy,34.12,0.15624,0.20103,0.94386,-0.45,0.191,-0.368,True
HC_04,healthy,34.13,0.15819,0.21694,0.94836,0.544,-1.043,-1.615,True
HC_04,healthy,34.14,0.15746,0.21622,0.93781,0.97,0.766,-0.601,True
HC_04,healthy,34.15,0.18541,0.22664,0.91632,-0.948,1.492,1.949,True
HC_04,healthy,34.160000000000004,0.17812,0.21668,0.94556,0.63,0.761,2.926,True
HC_04,healthy,34.17,0.16457,0.16974,0.94995,-1.098,-0.29,0.402,True
HC_04,healthy,34.18,0.18199,0.24037,0.94518,0.746,-0.686,0.008,True
HC_04,healthy,34.19,0.18135,0.20746,0.91072,0.808,0.752,0.492,True
HC_04,healthy,34.2,0.15076,0.20237,0.96735,0.072,0.954,-0.521,True
HC_04,healthy,34.21,0.1507,0.22659,0.96716,-0.584,-0.095,0.148,True
HC_04,healthy,34.22,0.15983,0.18821,0.91547,-0.117,1.095,-3.047,True
HC_04,healthy,34.230000000000004,0.16408,0.23634,0.91777,-0.657,0.504,-0.635,True
HC_04,healthy,34.24,0.18729,0.20068,0.94962,-0.652,-0.923,0.991,True
HC_04,healthy,34.25,0.21469,0.22389,0.9326,0.544,0.04,0.73,True
HC_04,healthy,34.26,0.19163,0.18957,0.9345,-0.615,0.419,1.64,True
HC_04,healthy,34.27,0.19378,0.23193,0.92497,-1.328,-0.14,1.122,True
HC_04,healthy,34.28,0.20258,0.20079,0.93392,-0.156,-0.088,-0.932,True
HC_04,healthy,34.29,0.14823,0.18142,0.90433,-0.84,-0.056,-1.17,True
HC_04,healthy,34.300000000000004,0.15265,0.21607,0.94906,0.11,0.137,-1.563,True
HC_04,healthy,34.31,0.15271,0.19848,0.96298,0.682,0.95,-1.039,True
HC_04,healthy,34.32,0.19428,0.20885,0.94009,0.465,0.849,0.221,True
HC_04,healthy,34.33,0.16285,0.24575,0.96443,1.218,1.202,-0.663,True
HC_04,healthy,34.34,0.18167,0.20438,0.94402,-0.04,-0.368,1.742,True
HC_04,healthy,34.35,0.16874,0.23289,0.92964,0.36,-1.254,2.217,True
HC_04,healthy,34.36,0.14674,0.21531,0.96396,-0.545,-0.144,0.789,True
HC_04,healthy,34.37,0.18355,0.21892,0.9196,0.048,0.781,2.28,True
HC_04,healthy,34.38,0.17637,0.19231,0.92573,-0.623,0.972,-0.244,True
HC_04,healthy,34.39,0.17165,0.17894,0.9502,1.088,-1.041,-0.986,True
HC_04,healthy,34.4,0.15589,0.20061,0.96748,0.657,0.084,-2.552,True
HC_04,healthy,34.410000000000004,0.13454,0.20566,0.94904,0.375,-0.259,-1.775,True
HC_04,healthy,34.42,0.17263,0.23099,0.92759,0.66,-0.439,-1.291,True
HC_04,healthy,34.43,0.15195,0.22129,0.95041,-0.233,0.847,0.177,True
HC_04,healthy,34.44,0.17237,0.21565,0.95581,-1.382,0.886,1.273,True
HC_04,healthy,34.45,0.20418,0.21455,0.9436,-0.612,0.724,0.633,True
HC_04,healthy,34.46,0.17922,0.23244,0.92686,1.65,0.781,2.274,True
HC_04,healthy,34.47,0.1655,0.20858,0.9597,-1.094,0.92,0.462,True
HC_04,healthy,34.480000000000004,0.1691,0.18763,0.93842,-1.345,-0.756,-0.485,True
HC_04,healthy,34.49,0.13447,0.18941,0.96467,-0.603,-1.084,-0.587,True
HC_04,healthy,34.5,0.13533,0.24809,0.93112,0.58,-0.112,-2.898,True
HC_04,healthy,34.51,0.15327,0.21656,0.9583,-0.793,-0.684,-0.668,True
HC_04,healthy,34.52,0.15535,0.24196,0.93921,-1.057,0.177,0.332,True
HC_04,healthy,34.53,0.1999,0.21851,0.9271,-0.376,-0.282,1.441,True
HC_04,healthy,34.54,0.14256,0.19544,0.94037,0.268,0.53,2.878,True
HC_04,healthy,34.550000000000004,0.18376,0.20741,0.9542,0.985,1.092,2.4,True
HC_04,healthy,34.56,0.17305,0.21859,0.9283,0.641,1.624,0.906,True
HC_04,healthy,34.57,0.17533,0.17443,0.96093,0.366,0.546,-0.307,True
HC_04,healthy,34.58,0.18343,0.18723,0.92692,0.548,-0.036,-0.575,True
HC_04,healthy,34.59,0.14664,0.2092,0.93705,1.47,-0.309,-1.39,True
HC_04,healthy,34.6,0.14798,0.20215,0.94486,-0.518,0.333,-2.467,True
HC_04,healthy,34.61,0.15395,0.23643,0.94558,-0.05,0.776,-0.943,True
HC_04,healthy,34.62,0.15782,0.22903,0.9428,0.278,-0.774,0.922,True
HC_04,healthy,34.63,0.1482,0.19889,0.97368,0.253,0.365,0.539,True
HC_04,healthy,34.64,0.17811,0.21313,0.95484,-1.031,0.383,1.498,True
HC_04,healthy,34.65,0.17709,0.22265,0.94639,-1.71,-0.328,1.53,True
HC_04,healthy,34.660000000000004,0.16575,0.20295,0.91878,-0.016,1.388,-0.416,True
HC_04,healthy,34.67,0.12823,0.21601,0.9561,-0.06,1.073,0.429,True
HC_04,healthy,34.68,0.13972,0.20197,0.94605,0.714,-0.131,-2.532,True
HC_04,healthy,34.69,0.1386,0.19526,0.9427,-0.507,0.801,-2.979,True
HC_04,healthy,34.7,0.14399,0.19924,0.94918,-1.494,0.409,-0.775,True
HC_04,healthy,34.71,0.15933,0.21903,0.9394,0.555,-0.033,0.216,True
HC_04,healthy,34.72,0.18739,0.25514,0.97148,0.619,-0.024,1.05,True
HC_04,healthy,34.730000000000004,0.15829,0.20579,0.94987,-0.651,0.006,2.886,True
HC_04,healthy,34.74,0.18038,0.16613,0.95114,-0.473,-0.536,2.379,True
HC_04,healthy,34.75,0.15959,0.19771,0.92874,-0.276,0.59,2.071,True
HC_04,healthy,34.76,0.15939,0.20609,0.95291,-0.15,-0.45,-0.608,True
HC_04,healthy,34.77,0.15622,0.19589,0.94706,-0.332,1.697,-1.51,True
HC_04,healthy,34.78,0.12295,0.20817,0.95038,0.023,-0.363,-0.866,True
HC_04,healthy,34.79,0.13251,0.20931,0.97837,-0.184,-0.684,-0.578,True
HC_04,healthy,34.800000000000004,0.14301,0.23387,0.96183,-1.518,0.751,-1.82,True
HC_04,healthy,34.81,0.12827,0.24041,0.96323,0.21,1.469,-0.863,True
HC_04,healthy,34.82,0.16882,0.21002,0.9493,0.662,-0.725,1.434,True
HC_04,healthy,34.83,0.13851,0.19366,0.94903,0.477,-0.152,2.442,True
HC_04,healthy,34.84,0.17237,0.20163,0.91833,1.308,0.819,1.204,True
HC_04,healthy,34.85,0.18268,0.19169,0.93836,1.527,0.329,-0.086,True
HC_04,healthy,34.86,0.16297,0.1893,0.94374,-0.85,0.764,1.016,True
HC_04,healthy,34.87,0.18206,0.18595,0.94031,1.443,1.055,0.077,True
HC_04,healthy,34.88,0.12702,0.20144,0.94898,0.275,1.292,-1.476,True
HC_04,healthy,34.89,0.1366,0.22605,0.9425,-0.077,-0.212,-2.725,True
HC_04,healthy,34.9,0.14888,0.2217,0.94567,-0.05,0.239,1.613,True
HC_04,healthy,34.910000000000004,0.13648,0.238,0.95726,0.703,-0.302,-0.145,True
HC_04,healthy,34.92,0.18022,0.19176,0.96653,0.118,-0.343,1.83,True
HC_04,healthy,34.93,0.19263,0.19868,0.94143,-1.029,0.889,1.361,True
HC_04,healthy,34.94,0.17608,0.17826,0.95408,0.258,-0.922,0.059,True
HC_04,healthy,34.95,0.13488,0.19133,0.95735,2.205,0.107,1.201,True
HC_04,healthy,34.96,0.14023,0.19819,0.94421,0.704,1.212,-0.971,True
HC_04,healthy,34.97,0.11558,0.18353,0.98183,-0.654,0.353,-2.275,True
HC_04,healthy,34.980000000000004,0.13433,0.22698,0.94375,1.016,-1.846,-1.292,True
HC_04,healthy,34.99,0.14195,0.19942,0.97352,0.682,-0.243,0.382,True
HC_04,healthy,35.0,0.15639,0.2112,0.93081,-0.072,1.574,0.506,True
HC_04,healthy,35.01,0.17761,0.18964,0.97239,-0.689,0.983,-0.43,True
HC_04,healthy,35.02,0.13303,0.18867,0.92577,-0.555,0.327,0.846,True
HC_04,healthy,35.03,0.15895,0.18544,0.97367,-0.894,-1.149,1.338,True
HC_04,healthy,35.04,0.16388,0.19088,0.98203,0.381,2.09,2.517,True
HC_04,healthy,35.050000000000004,0.15891,0.16172,0.9422,0.145,-0.533,0.087,True
HC_04,healthy,35.06,0.17343,0.20702,0.97895,-0.481,0.815,-0.004,True
HC_04,healthy,35.07,0.13609,0.19296,0.93856,0.53,-0.555,-1.317,True
HC_04,healthy,35.08,0.12817,0.2059,0.95151,-0.314,0.906,-1.82,True
HC_04,healthy,35.09,0.15001,0.21031,0.9582,0.974,-0.952,-0.977,True
HC_04,healthy,35.1,0.14987,0.19946,0.96671,0.849,0.26,-0.57,True
HC_04,healthy,35.11,0.16385,0.21302,0.96456,-0.714,-0.923,1.305,True
HC_04,healthy,35.12,0.16448,0.21223,0.94962,0.702,-0.189,0.443,True
HC_04,healthy,35.13,0.16125,0.20266,0.94984,-1.37,1.269,0.917,True
HC_04,healthy,35.14,0.16103,0.18759,0.97958,-0.448,-0.64,1.254,True
HC_04,healthy,35.15,0.1567,0.20509,0.96328,0.258,-0.798,-0.947,True
HC_04,healthy,35.160000000000004,0.14194,0.2111,0.94663,-0.044,0.578,-0.692,True
HC_04,healthy,35.17,0.12575,0.19132,0.96607,-0.023,0.834,-0.289,True
HC_04,healthy,35.18,0.10708,0.19733,0.94264,-0.184,0.589,-2.313,True
HC_04,healthy,35.19,0.12214,0.21337,0.92743,0.508,-0.762,-1.298,True
HC_04,healthy,35.2,0.16484,0.19741,0.94587,-0.872,0.588,-0.292,True
HC_04,healthy,35.21,0.16358,0.22446,0.95427,1.367,-0.126,1.625,True
HC_04,healthy,35.22,0.1466,0.20351,0.95724,-0.655,0.398,2.143,True
HC_04,healthy,35.230000000000004,0.15857,0.21585,0.96575,0.194,-0.006,0.409,True
HC_04,healthy,35.24,0.17084,0.1692,0.94629,-1.176,0.166,1.168,True
HC_04,healthy,35.25,0.15628,0.15925,0.94548,0.537,0.445,-1.892,True
HC_04,healthy,35.26,0.12443,0.17872,0.95823,-0.374,-1.67,-1.101,True
HC_04,healthy,35.27,0.12402,0.21896,0.93559,-1.474,0.09,-1.821,True
HC_04,healthy,35.28,0.11103,0.21457,0.97188,-0.317,-0.478,-1.536,True
HC_04,healthy,35.29,0.15164,0.22075,0.95238,1.038,0.676,0.114,True
HC_04,healthy,35.300000000000004,0.12955,0.1833,0.94558,-0.748,-0.205,0.966,True
HC_04,healthy,35.31,0.15069,0.21076,0.94129,0.261,-1.437,2.709,True
HC_04,healthy,35.32,0.18606,0.19289,0.9472,0.362,1.067,2.657,True
HC_04,healthy,35.33,0.15462,0.17643,0.95054,-0.67,-0.432,-0.306,True
HC_04,healthy,35.34,0.13015,0.18297,0.94356,0.503,0.753,0.285,True
HC_04,healthy,35.35,0.11609,0.17832,0.95941,0.729,0.753,-1.81,True
HC_04,healthy,35.36,0.13212,0.17208,0.97195,0.57,-1.32,-0.784,True
HC_04,healthy,35.37,0.12593,0.18793,0.95499,-1.189,0.09,-1.962,True
HC_04,healthy,35.38,0.12732,0.20695,0.93988,-0.013,0.141,-1.347,True
HC_04,healthy,35.39,0.13309,0.18911,0.95901,2.434,-0.976,0.828,True
HC_04,healthy,35.4,0.14821,0.2006,0.93336,0.972,-0.94,-0.237,True
HC_04,healthy,35.410000000000004,0.1216,0.18685,0.95935,-0.163,0.39,1.635,True
HC_04,healthy,35.42,0.16276,0.20799,0.97792,0.658,-0.993,1.006,True
HC_04,healthy,35.43,0.15268,0.16022,0.9435,-0.346,0.264,-0.591,True
HC_04,healthy,35.44,0.14079,0.18,0.97812,0.475,-0.433,-1.077,True
HC_04,healthy,35.45,0.10606,0.19065,0.96006,0.804,-0.126,-1.612,True
HC_04,healthy,35.46,0.11259,0.19348,0.96802,0.25,1.442,-1.047,True
HC_04,healthy,35.47,0.13508,0.19798,0.96024,-0.44,0.42,-0.762,True
HC_04,healthy,35.480000000000004,0.12848,0.19735,0.95458,-0.557,-0.564,-0.151,True
HC_04,healthy,35.49,0.14763,0.17876,0.96584,0.172,-0.459,0.901,True
HC_04,healthy,35.5,0.14906,0.19238,0.97412,-0.498,0.701,1.896,True
HC_04,healthy,35.51,0.17073,0.20225,0.98341,-1.112,0.331,2.531,True
HC_04,healthy,35.52,0.10245,0.20344,0.95328,-0.26,1.136,1.357,True
HC_04,healthy,35.53,0.10143,0.16697,0.97328,-0.474,-1.508,0.661,True
HC_04,healthy,35.54,0.13121,0.17332,0.92197,1.126,-0.386,-0.998,True
HC_04,healthy,35.550000000000004,0.12431,0.20109,0.96212,-1.642,-0.372,-2.606,True
HC_04,healthy,35.56,0.11165,0.15161,0.97108,1.013,-0.449,0.105,True
HC_04,healthy,35.57,0.09904,0.1963,0.95799,-0.528,-0.373,-1.984,True
HC_04,healthy,35.58,0.13949,0.18895,0.95028,1.249,-1.161,-0.228,True
HC_04,healthy,35.59,0.14527,0.19636,0.96037,0.456,0.405,2.03,True
HC_04,healthy,35.6,0.12028,0.19984,0.95905,-0.111,0.333,-0.148,True
HC_04,healthy,35.61,0.12211,0.19611,0.9592,-0.125,-1.049,1.489,True
HC_04,healthy,35.62,0.12555,0.14971,0.94422,-1.016,1.075,1.727,True
HC_04,healthy,35.63,0.11095,0.16632,0.94658,-0.043,0.79,-0.015,True
HC_04,healthy,35.64,0.14318,0.20403,0.93458,0.08,-0.744,-1.134,True
HC_04,healthy,35.65,0.10335,0.18203,0.9402,-1.554,-0.848,-1.772,True
HC_04,healthy,35.660000000000004,0.14002,0.23498,0.96617,-0.67,1.575,-0.78,True
HC_04,healthy,35.67,0.10222,0.17703,0.96329,0.986,-0.959,-0.505,True
HC_04,healthy,35.68,0.15386,0.17751,0.96403,1.37,-0.391,0.573,True
HC_04,healthy,35.69,0.12955,0.19754,0.94296,0.09,-0.953,1.217,True
HC_04,healthy,35.7,0.15,0.18441,0.9737,-0.324,0.289,0.761,True
HC_04,healthy,35.71,0.15402,0.18085,0.96978,0.144,0.02,2.273,True
HC_04,healthy,35.72,0.11102,0.17353,0.96807,0.321,0.679,0.84,True
HC_04,healthy,35.730000000000004,0.1251,0.1528,0.98198,1.049,1.428,-0.985,True
HC_04,healthy,35.74,0.11462,0.1794,0.95394,0.666,0.048,-0.959,True
HC_04,healthy,35.75,0.11449,0.20206,0.98359,-1.112,-0.211,-1.612,True
HC_04,healthy,35.76,0.08587,0.20439,0.96538,0.141,-0.239,-1.986,True
HC_04,healthy,35.77,0.10113,0.20287,0.96754,0.484,1.374,-1.527,True
HC_04,healthy,35.78,0.13567,0.20098,0.94759,-1.993,-0.802,0.538,True
HC_04,healthy,35.79,0.14533,0.18622,0.93488,0.248,0.178,2.084,True
HC_04,healthy,35.800000000000004,0.13701,0.19005,0.97467,1.606,-0.096,0.787,True
HC_04,healthy,35.81,0.11807,0.18645,0.95901,1.721,-0.285,1.071,True
HC_04,healthy,35.82,0.11519,0.17345,0.96165,-0.565,-1.568,0.519,True
HC_04,healthy,35.83,0.12189,0.16507,0.94487,0.544,0.612,-0.47,True
HC_04,healthy,35.84,0.1402,0.16747,0.97517,1.616,0.547,-0.587,True
HC_04,healthy,35.85,0.12075,0.17146,0.96774,0.626,-0.654,-1.553,True
HC_04,healthy,35.86,0.12839,0.18811,0.9871,0.287,0.076,-0.336,True
HC_04,healthy,35.87,0.12009,0.1776,0.96818,0.446,-1.075,-0.864,True
HC_04,healthy,35.88,0.12014,0.1761,0.96139,0.737,0.446,2.048,True
HC_04,healthy,35.89,0.14208,0.19062,0.97527,-0.42,1.43,1.838,True
HC_04,healthy,35.9,0.12542,0.17814,0.93504,-1.341,0.891,1.76,True
HC_04,healthy,35.910000000000004,0.10869,0.1716,0.97417,0.009,0.598,-0.272,True
HC_04,healthy,35.92,0.10219,0.17693,0.97536,1.772,0.46,-0.609,True
HC_04,healthy,35.93,0.0902,0.16385,0.98241,0.197,-0.239,-0.061,True
HC_04,healthy,35.94,0.0907,0.18964,0.96433,-0.184,-0.822,-2.532,True
HC_04,healthy,35.95,0.10791,0.19187,0.99143,1.452,0.907,-0.494,True
HC_04,healthy,35.96,0.09463,0.20848,0.99121,0.86,1.685,-0.042,True
HC_04,healthy,35.97,0.13025,0.18008,0.96223,0.494,0.663,-0.045,True
HC_04,healthy,35.980000000000004,0.13514,0.18757,0.95147,0.488,0.205,1.738,True
HC_04,healthy,35.99,0.14523,0.15862,0.98426,0.419,-0.465,1.833,True
HC_04,healthy,36.0,0.13887,0.17632,0.96155,-0.316,1.005,0.736,True
HC_04,healthy,36.01,0.10411,0.18642,0.9688,0.802,-0.511,0.793,True
HC_04,healthy,36.02,0.11864,0.14741,0.96446,-0.145,0.111,-1.917,True
HC_04,healthy,36.03,0.08952,0.22534,0.95472,-0.12,-0.45,-2.444,True
HC_04,healthy,36.04,0.0932,0.20426,0.95197,0.463,-1.008,-0.634,True
HC_04,healthy,36.050000000000004,0.12523,0.20059,0.95854,-0.373,0.872,0.416,True
HC_04,healthy,36.06,0.12218,0.1896,0.96331,0.457,0.298,0.938,True
HC_04,healthy,36.07,0.1549,0.22308,0.98165,-0.667,-1.068,1.403,True
HC_04,healthy,36.08,0.12778,0.17427,0.98668,-0.333,0.82,2.442,True
HC_04,healthy,36.09,0.11014,0.16587,1.00164,-0.266,-0.565,1.017,True
HC_04,healthy,36.1,0.12467,0.1984,0.97831,-0.398,0.431,1.192,True
HC_04,healthy,36.11,0.11313,0.17341,0.96789,-0.143,-0.076,-0.322,True
HC_04,healthy,36.12,0.11028,0.18731,0.96175,-0.4,2.405,-1.972,True
HC_04,healthy,36.13,0.09044,0.1928,0.96659,0.462,-0.986,-0.318,True
HC_04,healthy,36.14,0.11059,0.1727,0.91778,1.12,-0.878,-0.626,True
HC_04,healthy,36.15,0.09291,0.19122,0.99607,0.478,1.033,-0.708,True
HC_04,healthy,36.160000000000004,0.14506,0.17883,0.95145,-0.192,-0.228,1.535,True
HC_04,healthy,36.17,0.1111,0.19688,0.98433,-1.486,0.894,0.81,True
HC_04,healthy,36.18,0.14042,0.18006,0.92422,0.099,0.211,1.866,True
HC_04,healthy,36.19,0.13073,0.19909,0.98955,1.167,0.248,1.438,True
HC_04,healthy,36.2,0.09688,0.13032,0.96698,0.99,-0.964,0.331,True
HC_04,healthy,36.21,0.13465,0.17406,0.97296,-0.743,1.173,-0.081,True
HC_04,healthy,36.22,0.09428,0.1603,0.98305,-1.278,-0.286,-2.522,True
HC_04,healthy,36.230000000000004,0.10957,0.22334,0.95371,0.595,-0.915,-0.334,True
HC_04,healthy,36.24,0.11986,0.16868,0.97993,1.055,-0.081,-0.234,True
HC_04,healthy,36.25,0.118,0.18222,0.96685,1.649,0.12,-0.011,True
HC_04,healthy,36.26,0.11961,0.18056,0.95164,-0.091,-0.482,2.229,True
HC_04,healthy,36.27,0.15234,0.19837,0.96927,-0.626,0.974,1.828,True
HC_04,healthy,36.28,0.12069,0.17485,0.96496,0.336,1.118,1.858,True
HC_04,healthy,36.29,0.13232,0.16765,0.95768,-0.636,-0.762,1.101,True
HC_04,healthy,36.300000000000004,0.09847,0.17135,0.99164,0.403,0.024,-0.662,True
HC_04,healthy,36.31,0.10436,0.16395,0.984,1.368,-0.397,-0.295,True
HC_04,healthy,36.32,0.09784,0.16042,0.99338,-0.473,0.981,-3.034,True
HC_04,healthy,36.33,0.09771,0.18642,0.98819,0.833,0.692,-1.447,True
HC_04,healthy,36.34,0.10397,0.21183,0.95151,-0.352,-0.286,-0.855,True
HC_04,healthy,36.35,0.11388,0.19624,0.96479,1.18,-0.242,0.61,True
HC_04,healthy,36.36,0.1141,0.2077,0.96919,0.425,0.294,1.686,True
HC_04,healthy,36.37,0.12116,0.17532,0.96568,0.431,0.531,2.521,True
HC_04,healthy,36.38,0.09547,0.1857,0.99744,0.477,0.145,1.297,True
HC_04,healthy,36.39,0.10823,0.13366,0.96177,-0.002,-1.316,2.416,True
HC_04,healthy,36.4,0.0684,0.18368,0.9705,-0.358,-0.238,0.271,True
HC_04,healthy,36.410000000000004,0.08535,0.20123,0.976,-0.22,1.38,-1.907,True
HC_04,healthy,36.42,0.0881,0.17373,0.97812,0.109,-0.4,-2.035,True
HC_04,healthy,36.43,0.12606,0.1836,0.97818,1.657,0.836,-1.35,True
HC_04,healthy,36.44,0.09055,0.21557,0.99499,0.615,-0.312,1.168,True
HC_04,healthy,36.45,0.12502,0.17295,0.97374,-0.429,-0.777,1.116,True
HC_04,healthy,36.46,0.12052,0.16299,0.95752,-0.445,-0.964,1.982,True
HC_04,healthy,36.47,0.12167,0.15873,0.95366,-0.491,0.128,1.673,True
HC_04,healthy,36.480000000000004,0.10776,0.17387,0.99484,-0.8,0.537,0.208,True
HC_04,healthy,36.49,0.07637,0.15935,0.99106,-0.766,-1.085,-0.157,True
HC_04,healthy,36.5,0.11382,0.16658,0.98604,1.432,-0.012,-1.671,True
HC_04,healthy,36.51,0.09543,0.17647,0.97227,0.025,-0.094,-1.736,True
HC_04,healthy,36.52,0.09671,0.18514,0.95817,-1.009,0.345,-2.188,True
HC_04,healthy,36.53,0.06392,0.20726,0.96405,-0.673,0.061,-0.51,True
HC_04,healthy,36.54,0.09681,0.20196,0.94003,0.71,0.94,0.654,True
HC_04,healthy,36.550000000000004,0.1037,0.18781,0.99038,-0.493,0.132,1.063,True
HC_04,healthy,36.56,0.12353,0.19463,0.96437,-0.854,1.251,1.273,True
HC_04,healthy,36.57,0.13704,0.16016,0.95572,-0.276,-1.007,1.142,True
HC_04,healthy,36.58,0.09483,0.16353,0.97102,0.265,-1.174,-0.361,True
HC_04,healthy,36.59,0.10688,0.16235,0.96359,0.279,-0.631,-0.429,True
HC_04,healthy,36.6,0.08557,0.18385,0.97632,0.383,-1.209,-1.343,True
HC_04,healthy,36.61,0.08574,0.1913,0.95511,-0.556,-0.002,-1.836,True
HC_04,healthy,36.62,0.10171,0.19613,0.98985,0.845,0.254,-0.519,True
HC_04,healthy,36.63,0.12158,0.19668,0.97125,-0.062,1.095,-0.641,True
HC_04,healthy,36.64,0.09997,0.16343,0.9459,-1.058,0.015,0.964,True
HC_04,healthy,36.65,0.11466,0.18339,0.94251,0.608,-1.15,2.41,True
HC_04,healthy,36.660000000000004,0.12844,0.16092,0.95397,-0.667,-0.936,2.202,True
HC_04,healthy,36.67,0.09723,0.16087,0.95021,0.877,0.847,-0.006,True
HC_04,healthy,36.68,0.12489,0.15712,0.95951,0.863,-0.983,0.686,True
HC_04,healthy,36.69,0.09152,0.14856,0.9476,-0.045,-0.097,-0.56,True
HC_04,healthy,36.7,0.10611,0.17419,0.97328,0.621,-0.23,-1.315,True
HC_04,healthy,36.71,0.08429,0.17629,0.98907,-0.183,-0.387,-3.424,True
HC_04,healthy,36.72,0.12281,0.20614,0.97114,0.745,-0.915,-0.117,True
HC_04,healthy,36.730000000000004,0.12991,0.17657,0.98192,0.598,0.32,0.87,True
HC_04,healthy,36.74,0.09275,0.16761,0.98358,-0.802,0.655,0.186,True
HC_04,healthy,36.75,0.09389,0.158,0.97786,0.339,1.315,2.069,True
HC_04,healthy,36.76,0.14038,0.17617,1.00273,0.962,1.024,0.766,True
HC_04,healthy,36.77,0.1088,0.16841,0.96247,-1.185,-0.065,0.791,True
HC_04,healthy,36.78,0.11381,0.16899,0.97693,0.06,0.771,-1.287,True
HC_04,healthy,36.79,0.11983,0.16498,0.95666,0.727,-0.315,-1.526,True
HC_04,healthy,36.800000000000004,0.09888,0.16748,0.9623,-1.631,-0.387,-2.594,True
HC_04,healthy,36.81,0.09422,0.18219,0.97376,-0.069,-0.754,-0.334,True
HC_04,healthy,36.82,0.07928,0.18021,0.96977,0.036,0.808,-0.826,True
HC_04,healthy,36.83,0.10165,0.18422,0.99247,-0.923,0.746,0.372,True
HC_04,healthy,36.84,0.12326,0.16757,1.00353,-0.011,0.676,2.435,True
HC_04,healthy,36.85,0.1087,0.19174,0.96153,0.403,1.526,1.593,True
HC_04,healthy,36.86,0.09453,0.1756,0.98773,-0.602,-0.108,-0.064,True
HC_04,healthy,36.87,0.10781,0.15887,0.94073,1.157,1.203,1.024,True
HC_04,healthy,36.88,0.08784,0.16954,0.97766,0.213,-1.474,-0.13,True
HC_04,healthy,36.89,0.0719,0.13619,0.97588,-1.311,-0.798,-2.06,True
HC_04,healthy,36.9,0.09705,0.18072,0.96751,0.344,0.071,-1.854,True
HC_04,healthy,36.910000000000004,0.08633,0.15603,0.97689,-0.016,1.314,-0.234,True
HC_04,healthy,36.92,0.10106,0.17151,0.95899,-1.199,-0.034,-0.551,True
HC_04,healthy,36.93,0.10569,0.17588,0.98851,1.348,-0.205,2.249,True
HC_04,healthy,36.94,0.13759,0.17121,0.96952,0.249,-0.103,0.465,True
HC_04,healthy,36.95,0.10445,0.16377,1.00204,-0.19,0.792,1.557,True
HC_04,healthy,36.96,0.11766,0.15652,0.96795,-1.018,0.255,1.604,True
HC_04,healthy,36.97,0.11633,0.1973,0.96789,0.538,0.803,-0.755,True
HC_04,healthy,36.980000000000004,0.09486,0.16223,1.00089,-0.015,1.129,-0.4,True
HC_04,healthy,36.99,0.06136,0.16711,0.98115,1.043,-0.229,-1.176,True
HC_04,healthy,37.0,0.10328,0.18026,0.97619,0.045,0.072,-1.53,True
HC_04,healthy,37.01,0.10748,0.17976,0.9519,1.33,-0.244,-0.346,True
HC_04,healthy,37.02,0.09032,0.18681,0.97162,0.339,0.838,-0.224,True
HC_04,healthy,37.03,0.13817,0.22806,0.95793,-0.68,-0.131,1.631,True
HC_04,healthy,37.04,0.13642,0.15425,0.9637,-0.879,0.579,0.049,True
HC_04,healthy,37.050000000000004,0.09956,0.22047,0.99381,-0.69,-0.409,2.872,True
HC_04,healthy,37.06,0.10265,0.13855,0.96403,-0.834,-0.215,0.942,True
HC_04,healthy,37.07,0.08661,0.15999,0.96156,0.548,-0.105,0.06,True
HC_04,healthy,37.08,0.09581,0.20067,0.94913,0.09,0.864,-0.309,True
HC_04,healthy,37.09,0.10111,0.17691,0.94609,0.2,-0.176,-1.311,True
HC_04,healthy,37.1,0.10366,0.19034,0.96111,0.435,0.33,-0.936,True
HC_04,healthy,37.11,0.09909,0.18703,0.96677,-1.185,0.005,0.144,True
HC_04,healthy,37.12,0.12182,0.15638,0.95908,-0.6,-0.343,-0.091,True
HC_04,healthy,37.13,0.1116,0.19895,0.98211,-0.392,1.259,1.497,True
HC_04,healthy,37.14,0.10834,0.1609,0.96263,-0.994,-0.694,0.716,True
HC_04,healthy,37.15,0.11148,0.14472,0.97068,0.341,-0.248,0.282,True
HC_04,healthy,37.160000000000004,0.13056,0.15982,0.98354,1.333,0.323,0.324,True
HC_04,healthy,37.17,0.074,0.16429,0.98069,1.312,-0.146,-1.333,True
HC_04,healthy,37.18,0.09548,0.15445,0.96654,0.179,0.209,-1.394,True
HC_04,healthy,37.19,0.075,0.1954,0.96876,0.194,0.182,-2.342,True
HC_04,healthy,37.2,0.08994,0.16421,0.97858,0.291,1.738,-0.277,True
HC_04,healthy,37.21,0.11657,0.17766,0.95808,-1.323,-0.936,-1.432,True
HC_04,healthy,37.22,0.11126,0.18964,0.96595,-0.74,0.458,0.637,True
HC_04,healthy,37.230000000000004,0.09373,0.20353,0.96302,0.599,-0.363,1.312,True
HC_04,healthy,37.24,0.13457,0.153,0.96222,-0.407,0.564,0.871,True
HC_04,healthy,37.25,0.1029,0.15958,0.98517,-1.48,-1.105,0.5,True
HC_04,healthy,37.26,0.09185,0.16369,0.95739,-0.993,-0.907,-0.0,True
HC_04,healthy,37.27,0.08535,0.15418,0.98988,0.01,0.488,-1.301,True
HC_04,healthy,37.28,0.10232,0.17382,0.96127,0.221,-0.652,-1.561,True
HC_04,healthy,37.29,0.1356,0.16423,0.95629,-1.138,0.379,0.413,True
HC_04,healthy,37.300000000000004,0.07681,0.15975,0.97553,0.827,0.572,0.152,True
HC_04,healthy,37.31,0.1241,0.17971,0.962,0.098,-0.686,0.15,True
HC_04,healthy,37.32,0.11183,0.16147,0.98348,-0.61,-0.533,0.803,True
HC_04,healthy,37.33,0.10348,0.17498,0.97516,-0.508,-0.884,2.266,True
HC_04,healthy,37.34,0.08771,0.13674,0.97971,0.341,1.541,1.822,True
HC_04,healthy,37.35,0.13172,0.15425,0.97109,0.397,-0.698,0.237,True
HC_04,healthy,37.36,0.08413,0.16194,0.98464,0.945,-0.377,-2.381,True
HC_04,healthy,37.37,0.1017,0.20285,0.97796,-0.348,0.585,-1.494,True
HC_04,healthy,37.38,0.07178,0.18823,0.97545,-1.227,0.136,-1.019,True
HC_04,healthy,37.39,0.09326,0.17072,0.97872,1.246,0.029,-1.696,True
HC_04,healthy,37.4,0.08485,0.19563,0.97568,1.061,0.084,-0.108,True
HC_04,healthy,37.410000000000004,0.09945,0.18035,0.95907,0.264,0.544,2.207,True
HC_04,healthy,37.42,0.1443,0.17924,0.97494,0.92,-0.761,1.912,True
HC_04,healthy,37.43,0.09033,0.16962,0.97625,0.322,0.242,1.381,True
HC_04,healthy,37.44,0.08374,0.17852,0.9612,0.315,-0.442,0.426,True
HC_04,healthy,37.45,0.08126,0.13491,0.98651,0.979,0.378,0.436,True
HC_04,healthy,37.46,0.07305,0.16555,0.97674,-0.394,-0.046,-1.526,True
HC_04,healthy,37.47,0.09712,0.19878,0.98129,-0.861,0.959,-2.27,True
HC_04,healthy,37.480000000000004,0.07557,0.18577,0.99477,-0.214,0.948,-0.261,True
HC_04,healthy,37.49,0.08288,0.19023,1.00119,0.539,-0.726,-0.069,True
HC_04,healthy,37.5,0.0788,0.20522,1.00209,0.586,-0.742,0.011,True
HC_04,healthy,37.51,0.09751,0.18322,0.95142,0.341,0.264,2.166,True
HC_04,healthy,37.52,0.11135,0.15544,0.98448,-0.496,-1.246,1.664,True
HC_04,healthy,37.53,0.12314,0.17715,0.97326,-0.242,-0.803,1.104,True
HC_04,healthy,37.54,0.10177,0.16209,0.96971,0.467,-1.182,0.12,True
HC_04,healthy,37.550000000000004,0.07366,0.16391,0.94883,-0.057,0.167,-0.829,True
HC_04,healthy,37.56,0.09996,0.14843,0.9518,-0.738,-0.857,-1.228,True
HC_04,healthy,37.57,0.06883,0.18042,0.99977,0.118,-0.115,-1.96,True
HC_04,healthy,37.58,0.09659,0.15265,0.98616,-0.034,-0.559,-0.973,True
HC_04,healthy,37.59,0.08452,0.19374,0.97497,-0.727,-0.243,0.081,True
HC_04,healthy,37.6,0.09942,0.17845,0.97285,-0.061,0.514,-0.522,True
HC_04,healthy,37.61,0.11098,0.18062,0.98263,-1.489,-0.083,2.15,True
HC_04,healthy,37.62,0.10602,0.17172,0.98225,-0.281,0.346,0.857,True
HC_04,healthy,37.63,0.12759,0.16852,1.01398,-0.511,0.734,2.127,True
HC_04,healthy,37.64,0.10151,0.16875,0.96799,-0.58,0.955,0.553,True
HC_04,healthy,37.65,0.08387,0.17844,0.95922,0.167,-1.017,-0.613,True
HC_04,healthy,37.660000000000004,0.09009,0.13744,0.95924,-0.001,-0.667,-1.477,True
HC_04,healthy,37.67,0.0857,0.1451,0.98278,0.089,-1.201,-0.111,True
HC_04,healthy,37.68,0.09378,0.18071,0.97406,0.999,0.413,0.199,True
HC_04,healthy,37.69,0.10723,0.19777,0.99589,0.072,-0.426,0.107,True
HC_04,healthy,37.7,0.10143,0.1822,0.9884,-0.506,1.597,1.288,True
HC_04,healthy,37.71,0.13303,0.18806,0.99881,-0.449,-0.012,-0.703,True
HC_04,healthy,37.72,0.0937,0.17418,0.95945,0.121,0.524,2.773,True
HC_04,healthy,37.730000000000004,0.10959,0.16572,0.98432,0.352,-0.04,0.835,True
HC_04,healthy,37.74,0.10039,0.14958,0.9733,0.671,0.186,-1.162,True
HC_04,healthy,37.75,0.07262,0.17043,0.98543,-0.52,0.405,-1.227,True
HC_04,healthy,37.76,0.09064,0.16848,0.96746,-0.123,0.877,-0.983,True
HC_04,healthy,37.77,0.09044,0.16333,0.98249,-0.776,-0.443,-1.173,True
HC_04,healthy,37.78,0.08773,0.16693,0.96818,-0.012,-0.438,-1.334,True
HC_04,healthy,37.79,0.10236,0.18154,0.99019,-0.954,-0.379,0.083,True
HC_04,healthy,37.800000000000004,0.13737,0.18217,0.97342,0.353,-1.228,1.32,True
HC_04,healthy,37.81,0.11425,0.18748,0.96424,0.245,1.539,1.353,True
HC_04,healthy,37.82,0.12142,0.16849,0.97656,-0.0,-0.385,1.49,True
HC_04,healthy,37.83,0.08597,0.17657,0.94357,1.407,0.758,-0.966,True
HC_04,healthy,37.84,0.08327,0.16198,0.98631,0.938,-0.437,-1.168,True
HC_04,healthy,37.85,0.08172,0.19036,0.9871,0.228,-1.018,-0.578,True
HC_04,healthy,37.86,0.10149,0.18677,0.9678,-0.489,-0.495,-1.939,True
HC_04,healthy,37.87,0.1133,0.18274,0.98339,-1.446,-1.163,-0.975,True
HC_04,healthy,37.88,0.10645,0.18699,0.98925,0.523,-0.446,-0.06,True
HC_04,healthy,37.89,0.11251,0.14271,0.98898,-0.404,-1.109,0.952,True
HC_04,healthy,37.9,0.11771,0.16293,0.97329,1.78,0.569,1.031,True
HC_04,healthy,37.910000000000004,0.1023,0.15748,0.94559,0.599,-0.832,0.524,True
HC_04,healthy,37.92,0.1148,0.18076,0.96649,0.078,-1.666,-0.033,True
HC_04,healthy,37.93,0.11076,0.15039,0.97165,-0.476,2.444,-1.778,True
HC_04,healthy,37.94,0.08794,0.1734,0.97169,-0.079,-0.398,-1.49,True
HC_04,healthy,37.95,0.10238,0.1857,0.99214,2.232,1.416,-2.053,True
HC_04,healthy,37.96,0.08519,0.17782,0.96671,-0.249,-0.949,-1.835,True
HC_04,healthy,37.97,0.08166,0.19257,0.99277,-1.446,-0.344,-1.29,True
HC_04,healthy,37.980000000000004,0.09257,0.18552,0.96164,-0.554,0.381,1.28,True
HC_04,healthy,37.99,0.11015,0.18128,0.97402,0.316,0.232,1.52,True
HC_04,healthy,38.0,0.12314,0.172,0.94245,-0.702,-0.511,0.928,True
HC_04,healthy,38.01,0.1249,0.17632,0.96451,0.078,1.083,-0.067,True
HC_04,healthy,38.02,0.10229,0.18014,0.96962,0.071,0.006,0.189,True
HC_04,healthy,38.03,0.08573,0.17159,0.9521,2.09,-1.202,-0.254,True
HC_04,healthy,38.04,0.0983,0.16561,0.97452,0.272,1.432,-2.969,True
HC_04,healthy,38.050000000000004,0.05533,0.1694,0.96439,0.041,0.099,-2.091,True
HC_04,healthy,38.06,0.10183,0.19074,0.96655,0.036,0.339,-2.269,True
HC_04,healthy,38.07,0.11212,0.20201,0.97069,-0.467,-0.02,-1.303,True
HC_04,healthy,38.08,0.10822,0.19144,0.96822,0.942,0.67,1.618,True
HC_04,healthy,38.09,0.12169,0.1695,0.96054,-0.257,-0.746,0.552,True
HC_04,healthy,38.1,0.10254,0.18369,0.97424,0.616,0.008,2.376,True
HC_04,healthy,38.11,0.1072,0.17142,0.98423,-0.178,1.768,1.416,True
HC_04,healthy,38.12,0.1137,0.16638,0.95332,0.892,1.361,-0.29,True
HC_04,healthy,38.13,0.06998,0.15663,0.9874,0.276,0.551,-0.787,True
HC_04,healthy,38.14,0.10698,0.16752,0.97106,0.804,-1.699,-2.656,True
HC_04,healthy,38.15,0.11461,0.16721,0.98522,0.301,0.669,-1.88,True
HC_04,healthy,38.160000000000004,0.09937,0.20724,0.96798,0.783,0.329,0.046,True
HC_04,healthy,38.17,0.10586,0.22015,0.97466,0.376,-0.157,1.105,True
HC_04,healthy,38.18,0.11419,0.20715,0.98174,0.798,0.031,-0.222,True
HC_04,healthy,38.19,0.15509,0.1826,0.97737,0.158,-0.42,0.959,True
HC_04,healthy,38.2,0.11234,0.16857,0.95991,0.822,0.153,1.79,True
HC_04,healthy,38.21,0.11895,0.1442,0.99662,-0.913,-0.78,-1.401,True
HC_04,healthy,38.22,0.10079,0.16821,0.95595,-0.0,-0.43,-1.839,True
HC_04,healthy,38.230000000000004,0.09577,0.16895,0.97939,-0.204,0.13,0.103,True
HC_04,healthy,38.24,0.08519,0.19185,0.98382,0.425,-1.187,-2.203,True
HC_04,healthy,38.25,0.0623,0.18813,0.96042,0.79,2.154,-0.186,True
HC_04,healthy,38.26,0.08977,0.16172,0.98364,0.02,0.977,-0.2,True
HC_04,healthy,38.27,0.13899,0.20281,0.98364,1.373,0.816,0.123,True
HC_04,healthy,38.28,0.09648,0.18131,1.00254,0.789,0.685,0.812,True
HC_04,healthy,38.29,0.14935,0.15391,0.9744,-0.654,-0.361,2.764,True
HC_04,healthy,38.300000000000004,0.11517,0.17375,0.95797,-0.359,-0.602,1.22,True
HC_04,healthy,38.31,0.12256,0.13997,0.98079,-1.28,0.621,0.685,True
HC_04,healthy,38.32,0.09394,0.19148,0.96925,-1.165,0.169,-1.408,True
HC_04,healthy,38.33,0.10497,0.15443,0.97865,0.724,1.112,-1.961,True
HC_04,healthy,38.34,0.10326,0.18813,0.97026,0.13,1.192,-0.196,True
HC_04,healthy,38.35,0.08748,0.20665,0.97129,0.22,0.414,-0.227,True
HC_04,healthy,38.36,0.07457,0.21459,0.95199,-0.904,-0.113,0.127,True
HC_04,healthy,38.37,0.07993,0.17588,0.93768,0.342,1.122,-0.751,True
HC_04,healthy,38.38,0.11909,0.18904,0.97357,0.651,0.584,1.561,True
HC_04,healthy,38.39,0.08839,0.17972,0.97567,-0.697,0.475,1.429,True
HC_04,healthy,38.4,0.11473,0.17449,0.9776,-0.06,1.12,0.746,True
HC_04,healthy,38.410000000000004,0.12623,0.15993,1.00734,0.521,0.542,0.932,True
HC_04,healthy,38.42,0.10227,0.19019,0.96479,1.512,-0.192,-2.789,True
HC_04,healthy,38.43,0.11615,0.18432,0.95412,-1.337,-0.203,-3.373,True
HC_04,healthy,38.44,0.10256,0.18387,0.96653,-0.197,-0.975,-1.289,True
HC_04,healthy,38.45,0.0895,0.20904,0.9707,2.186,-0.495,-0.749,True
HC_04,healthy,38.46,0.09087,0.18709,0.98087,-1.193,-0.95,0.298,True
HC_04,healthy,38.47,0.12367,0.18881,0.97861,-0.374,0.205,0.875,True
HC_04,healthy,38.480000000000004,0.1146,0.19339,0.93457,0.624,0.436,-0.189,True
HC_04,healthy,38.49,0.11854,0.18944,0.95633,-0.911,1.066,-0.121,True
HC_04,healthy,38.5,0.09959,0.17007,0.98086,-0.043,0.648,-1.719,True
HC_04,healthy,38.51,0.10684,0.17318,0.9699,-0.314,0.115,-1.064,True
HC_04,healthy,38.52,0.07781,0.16576,0.983,-0.099,-0.482,-0.375,True
HC_04,healthy,38.53,0.11966,0.19894,0.98627,0.069,-0.007,-0.93,True
HC_04,healthy,38.54,0.08797,0.19871,0.94435,-0.507,-0.205,-0.999,True
HC_04,healthy,38.550000000000004,0.13039,0.2047,0.97768,-0.448,-0.525,-0.527,True
HC_04,healthy,38.56,0.14296,0.18086,0.96571,-0.301,1.078,-0.081,True
HC_04,healthy,38.57,0.14817,0.17558,0.95707,0.323,0.11,3.521,True
HC_04,healthy,38.58,0.12645,0.17021,0.95726,0.252,-1.219,2.811,True
HC_04,healthy,38.59,0.13856,0.16084,0.95409,0.566,0.42,0.51,True
HC_04,healthy,38.6,0.0913,0.16124,0.98697,0.223,0.406,0.101,True
HC_04,healthy,38.61,0.07555,0.17775,0.98195,1.455,0.089,-1.27,True
HC_04,healthy,38.62,0.11507,0.17873,0.97605,-0.225,-0.118,-1.959,True
HC_04,healthy,38.63,0.09345,0.16319,0.98127,-1.025,0.949,-1.798,True
HC_04,healthy,38.64,0.10973,0.18971,0.96347,-0.038,0.567,0.41,True
HC_04,healthy,38.65,0.11297,0.19707,0.95345,0.346,0.395,-0.641,True
HC_04,healthy,38.660000000000004,0.10892,0.16128,0.97058,0.294,0.227,1.36,True
HC_04,healthy,38.67,0.12305,0.19524,0.96742,-0.802,-0.157,2.721,True
HC_04,healthy,38.68,0.146,0.17741,0.96407,0.848,-0.416,0.086,True
HC_04,healthy,38.69,0.13512,0.18362,0.96208,1.138,1.024,-0.801,True
HC_04,healthy,38.7,0.1065,0.15954,0.97716,-0.449,0.629,-0.534,True
HC_04,healthy,38.71,0.08612,0.16887,0.95743,-0.698,-0.635,-0.755,True
HC_04,healthy,38.72,0.09799,0.20523,0.9461,-1.281,0.254,-1.845,True
HC_04,healthy,38.730000000000004,0.11577,0.21186,0.9724,1.484,0.453,-0.09,True
HC_04,healthy,38.74,0.10148,0.17467,0.96757,-1.0,-0.23,0.262,True
HC_04,healthy,38.75,0.12827,0.20073,0.94057,0.803,0.956,0.754,True
HC_04,healthy,38.76,0.13592,0.19388,0.9728,0.499,0.355,2.219,True
HC_04,healthy,38.77,0.12248,0.1778,0.96246,-1.003,-0.638,2.911,True
HC_04,healthy,38.78,0.12027,0.15872,0.97313,0.505,-0.5,1.56,True
HC_04,healthy,38.79,0.10788,0.16291,0.93315,-0.659,0.998,-0.441,True
HC_04,healthy,38.800000000000004,0.10121,0.16362,0.96623,0.747,2.409,-1.235,True
HC_04,healthy,38.81,0.08789,0.17912,0.98843,1.347,0.147,-1.585,True
HC_04,healthy,38.82,0.06763,0.18964,0.97315,1.041,0.418,-1.636,True
HC_04,healthy,38.83,0.11365,0.2022,0.994,0.874,0.914,-1.918,True
HC_04,healthy,38.84,0.10764,0.19624,0.97072,-0.251,0.475,1.093,True
HC_04,healthy,38.85,0.12805,0.19734,0.96286,0.183,-0.24,1.741,True
HC_04,healthy,38.86,0.15157,0.21337,0.98283,0.685,0.458,1.598,True
HC_04,healthy,38.87,0.10404,0.19644,0.96151,1.065,0.51,1.669,True
HC_04,healthy,38.88,0.14473,0.14849,0.9703,0.215,1.032,1.361,True
HC_04,healthy,38.89,0.12465,0.17005,0.98706,1.237,0.807,-0.412,True
HC_04,healthy,38.9,0.13938,0.172,0.98752,-0.269,-0.221,-2.366,True
HC_04,healthy,38.910000000000004,0.11203,0.17624,0.98091,1.08,-0.061,-2.347,True
HC_04,healthy,38.92,0.08606,0.16648,0.97981,1.249,-0.54,-1.085,True
HC_04,healthy,38.93,0.13304,0.18977,0.93119,-0.459,-0.184,-1.306,True
HC_04,healthy,38.94,0.10481,0.228,0.96894,-0.96,0.454,-0.136,True
HC_04,healthy,38.95,0.13911,0.20777,1.00467,-2.143,1.177,-0.219,True
HC_04,healthy,38.96,0.14894,0.16972,0.96121,0.922,0.519,2.639,True
HC_04,healthy,38.97,0.1224,0.17158,0.96212,-0.767,-0.611,0.994,True
HC_04,healthy,38.980000000000004,0.10418,0.17127,1.00974,0.874,0.295,0.793,True
HC_04,healthy,38.99,0.11219,0.18205,0.96903,0.093,0.018,-1.222,True
HC_04,healthy,39.0,0.11361,0.17277,0.96356,0.236,0.065,-0.807,True
HC_04,healthy,39.01,0.14636,0.17231,0.97352,-0.466,1.716,-1.196,True
HC_04,healthy,39.02,0.11583,0.20846,0.97752,-0.079,0.206,-3.118,True
HC_04,healthy,39.03,0.13243,0.20821,0.94035,-0.708,-1.388,1.056,True
HC_04,healthy,39.04,0.15605,0.18846,0.94869,0.308,-0.197,1.592,True
HC_04,healthy,39.050000000000004,0.13486,0.17117,0.96691,1.017,0.274,0.697,True
HC_04,healthy,39.06,0.12243,0.17619,0.94051,0.052,-0.168,1.619,True
HC_04,healthy,39.07,0.0878,0.1798,0.97468,0.344,-0.364,1.1,True
HC_04,healthy,39.08,0.13026,0.13361,0.96697,0.673,0.711,0.014,True
HC_04,healthy,39.09,0.11925,0.17851,0.96734,-1.494,1.048,0.154,True
HC_04,healthy,39.1,0.09983,0.18085,0.968,-0.218,0.481,-1.587,True
HC_04,healthy,39.11,0.09953,0.19155,0.9585,-0.033,1.203,-1.171,True
HC_04,healthy,39.12,0.11936,0.18239,0.97156,0.362,-0.087,-2.115,True
HC_04,healthy,39.13,0.10474,0.19219,0.95231,0.425,0.607,-0.647,True
HC_04,healthy,39.14,0.13198,0.21767,0.98124,0.056,0.078,0.341,True
HC_04,healthy,39.15,0.16264,0.19455,0.96743,0.911,0.107,1.948,True
HC_04,healthy,39.160000000000004,0.12377,0.17871,0.95244,0.397,1.279,0.667,True
HC_04,healthy,39.17,0.09913,0.18094,0.9821,-0.796,-0.192,0.492,True
HC_04,healthy,39.18,0.13195,0.16936,0.96103,-1.105,1.318,-0.905,True
HC_04,healthy,39.19,0.13029,0.16372,0.9874,1.027,-0.853,-0.922,True
HC_04,healthy,39.2,0.09649,0.18448,0.98422,-0.974,0.824,-1.26,True
HC_04,healthy,39.21,0.10735,0.21023,0.96946,-0.912,0.128,-1.835,True
HC_04,healthy,39.22,0.14343,0.21697,0.96506,0.138,0.186,1.603,True
HC_04,healthy,39.230000000000004,0.13211,0.19405,0.95007,0.035,-0.361,1.219,True
HC_04,healthy,39.24,0.1335,0.19219,0.95631,-0.668,-1.167,0.474,True
HC_04,healthy,39.25,0.15289,0.17157,0.94214,0.514,0.794,1.41,True
HC_04,healthy,39.26,0.15097,0.20771,0.97443,1.708,0.455,0.39,True
HC_04,healthy,39.27,0.13873,0.16746,0.96234,0.354,-1.327,0.311,True
HC_04,healthy,39.28,0.13061,0.17065,0.95614,-0.158,-1.313,-1.717,True
HC_04,healthy,39.29,0.10791,0.187,0.96993,-1.223,0.833,-1.261,True
HC_04,healthy,39.300000000000004,0.0933,0.17754,0.95995,-0.037,0.239,-0.789,True
HC_04,healthy,39.31,0.11688,0.20665,0.99805,-0.055,0.104,-0.582,True
HC_04,healthy,39.32,0.11382,0.20695,0.97374,0.455,-0.018,-0.664,True
HC_04,healthy,39.33,0.16395,0.18884,0.95207,-0.328,0.121,0.44,True
HC_04,healthy,39.34,0.14631,0.20259,0.96797,-0.586,-0.284,1.625,True
HC_04,healthy,39.35,0.12554,0.18984,0.95616,-0.793,-0.487,2.808,True
HC_04,healthy,39.36,0.15843,0.19588,0.9543,0.501,-0.106,1.33,True
HC_04,healthy,39.37,0.1224,0.16977,0.98458,0.69,0.229,-0.577,True
HC_04,healthy,39.38,0.11491,0.20784,0.94193,1.36,-0.318,0.091,True
HC_04,healthy,39.39,0.11293,0.18752,0.9777,0.404,1.473,-0.936,True
HC_04,healthy,39.4,0.10004,0.22859,0.96944,0.742,-0.279,-1.549,True
HC_04,healthy,39.410000000000004,0.12675,0.21405,0.9657,-0.757,0.254,-0.436,True
HC_04,healthy,39.42,0.15751,0.18936,0.9271,0.416,0.075,0.448,True
HC_04,healthy,39.43,0.14759,0.20299,0.96167,0.435,-0.016,2.797,True
HC_04,healthy,39.44,0.16057,0.18686,0.94613,-0.261,-1.82,0.931,True
HC_04,healthy,39.45,0.16166,0.17727,0.94872,1.14,0.452,1.227,True
HC_04,healthy,39.46,0.1206,0.18651,0.95114,1.35,0.321,1.042,True
HC_04,healthy,39.47,0.10386,0.19845,0.94827,-1.622,-1.208,-0.274,True
HC_04,healthy,39.480000000000004,0.09472,0.18132,0.9277,-1.186,-1.161,-1.046,True
HC_04,healthy,39.49,0.12602,0.20649,0.9392,-0.253,-0.016,-2.45,True
HC_04,healthy,39.5,0.1317,0.19915,0.9372,-1.017,-1.353,-0.074,True
HC_04,healthy,39.51,0.10732,0.16643,0.96556,1.238,1.917,1.225,True
HC_04,healthy,39.52,0.1346,0.18312,0.96081,0.97,0.524,-0.359,True
HC_04,healthy,39.53,0.14821,0.16198,0.93682,0.301,-0.783,-0.495,True
HC_04,healthy,39.54,0.15644,0.19395,0.9434,-1.176,1.022,2.75,True
HC_04,healthy,39.550000000000004,0.16012,0.18183,0.96691,-0.998,0.246,0.948,True
HC_04,healthy,39.56,0.13449,0.15491,0.93443,-0.024,0.987,0.128,True
HC_04,healthy,39.57,0.13016,0.18692,0.91499,0.998,-0.208,-2.341,True
HC_04,healthy,39.58,0.12514,0.19825,0.96527,-0.371,1.227,0.218,True
HC_04,healthy,39.59,0.11675,0.20218,0.98762,0.465,-0.766,-2.511,True
HC_04,healthy,39.6,0.14039,0.22501,0.92829,-1.477,0.231,0.632,True
HC_04,healthy,39.61,0.14571,0.20747,0.95599,0.344,-0.073,0.97,True
HC_04,healthy,39.62,0.12935,0.21582,0.95577,0.915,0.979,1.63,True
HC_04,healthy,39.63,0.13389,0.16452,0.94958,-1.035,-1.061,2.512,True
HC_04,healthy,39.64,0.16193,0.2238,0.93819,-0.339,-0.31,0.425,True
HC_04,healthy,39.65,0.13715,0.15858,0.96364,-0.342,-0.505,-0.152,True
HC_04,healthy,39.660000000000004,0.09111,0.17804,0.9568,2.887,0.501,-1.146,True
HC_04,healthy,39.67,0.12194,0.19413,0.93773,-0.467,-0.042,-2.05,True
HC_04,healthy,39.68,0.14963,0.21899,0.98139,-0.436,-0.389,-1.929,True
HC_04,healthy,39.69,0.13332,0.1913,0.92813,-0.187,-0.257,0.461,True
HC_04,healthy,39.7,0.1524,0.18339,0.96469,-0.375,-1.006,0.797,True
HC_04,healthy,39.71,0.15366,0.20284,0.94357,0.861,-0.681,0.239,True
HC_04,healthy,39.72,0.17843,0.21056,0.95562,-0.213,0.082,1.144,True
HC_04,healthy,39.730000000000004,0.12447,0.20028,0.94557,0.9,-0.256,2.314,True
HC_04,healthy,39.74,0.15799,0.1801,0.9514,0.163,1.424,1.441,True
HC_04,healthy,39.75,0.1643,0.189,0.94474,0.348,-1.061,-0.364,True
HC_04,healthy,39.76,0.14533,0.19296,0.97427,-0.29,0.7,-1.586,True
HC_04,healthy,39.77,0.13084,0.19396,0.95515,0.294,-0.265,-1.04,True
HC_04,healthy,39.78,0.11214,0.17355,0.93307,-0.737,0.665,-1.597,True
HC_04,healthy,39.79,0.11732,0.18983,0.96185,-0.258,0.276,-1.05,True
HC_04,healthy,39.800000000000004,0.14916,0.18905,0.95554,-0.568,-0.107,-0.631,True
HC_04,healthy,39.81,0.18133,0.17664,0.95168,0.168,1.224,0.743,True
HC_04,healthy,39.82,0.15096,0.19571,0.98417,0.482,0.418,1.296,True
HC_04,healthy,39.83,0.14531,0.20649,0.91603,0.903,0.366,0.961,True
HC_04,healthy,39.84,0.12422,0.17727,0.95688,0.121,-0.727,-0.122,True
HC_04,healthy,39.85,0.13994,0.20771,0.94413,-0.766,0.47,-0.65,True
HC_04,healthy,39.86,0.17567,0.18896,0.94893,1.28,-0.656,0.056,True
HC_04,healthy,39.87,0.13099,0.19728,0.95926,0.637,-0.89,-1.192,True
HC_04,healthy,39.88,0.16191,0.23017,0.94887,-1.225,0.621,-2.147,True
HC_04,healthy,39.89,0.12646,0.22109,0.9396,0.455,-1.483,-0.038,True
HC_04,healthy,39.9,0.13361,0.19366,0.93378,-0.184,-0.013,1.245,True
HC_04,healthy,39.910000000000004,0.15615,0.17618,0.94699,-0.612,0.426,1.328,True
HC_04,healthy,39.92,0.16569,0.19712,0.94886,-0.764,-0.347,1.237,True
HC_04,healthy,39.93,0.1549,0.19493,0.95711,-0.157,-0.111,0.898,True
HC_04,healthy,39.94,0.14343,0.18117,0.97642,0.686,-0.296,-0.424,True
HC_04,healthy,39.95,0.11808,0.20268,0.94938,-0.724,0.041,-0.997,True
HC_04,healthy,39.96,0.13125,0.17923,0.94215,0.161,0.2,-1.013,True
HC_04,healthy,39.97,0.14664,0.19569,0.96265,0.725,1.501,-2.101,True
HC_04,healthy,39.980000000000004,0.13534,0.21391,0.97063,1.002,-0.533,-0.443,True
HC_04,healthy,39.99,0.16102,0.19516,0.90993,0.845,0.243,1.235,True
HC_04,healthy,40.0,0.16922,0.21776,0.9602,1.034,0.285,1.088,True
HC_04,healthy,40.01,0.1747,0.19939,0.9233,0.857,-0.013,2.845,True
HC_04,healthy,40.02,0.17062,0.20702,0.92741,-1.167,-0.433,0.748,True
HC_04,healthy,40.03,0.19236,0.20952,0.91648,1.186,0.567,-1.582,True
HC_04,healthy,40.04,0.15056,0.18075,0.96963,0.716,-0.732,-1.089,True
HC_04,healthy,40.050000000000004,0.15279,0.21771,0.93579,-0.617,-0.695,-1.793,True
HC_04,healthy,40.06,0.13228,0.19539,0.94688,-0.41,0.231,-1.754,True
HC_04,healthy,40.07,0.12838,0.20421,0.95911,0.833,1.676,-0.854,True
HC_04,healthy,40.08,0.14771,0.19638,0.93645,0.318,1.183,0.517,True
HC_04,healthy,40.09,0.17809,0.21373,0.94612,0.443,-0.516,-0.563,True
HC_04,healthy,40.1,0.14608,0.22899,0.93194,-0.185,-0.452,1.405,True
HC_04,healthy,40.11,0.16923,0.1892,0.94159,0.747,-0.175,1.315,True
HC_04,healthy,40.12,0.18253,0.20282,0.96335,0.123,-1.229,1.304,True
HC_04,healthy,40.13,0.15406,0.22025,0.95632,-0.718,0.011,-0.853,True
HC_04,healthy,40.14,0.14846,0.19532,0.9272,-1.867,-0.397,-0.482,True
HC_04,healthy,40.15,0.16037,0.17912,0.94587,-0.302,-0.473,-1.402,True
HC_04,healthy,40.160000000000004,0.15881,0.20822,0.96094,-0.013,-0.379,-2.029,True
HC_04,healthy,40.17,0.1621,0.19204,0.95382,0.391,0.645,-1.626,True
HC_04,healthy,40.18,0.1846,0.21554,0.95108,0.871,-0.406,0.162,True
HC_04,healthy,40.19,0.15303,0.2004,0.96613,0.978,1.706,-0.491,True
HC_04,healthy,40.2,0.2056,0.19612,0.95965,-0.374,0.825,2.589,True
HC_04,healthy,40.21,0.16345,0.18641,0.94532,-0.114,-0.011,1.729,True
HC_04,healthy,40.22,0.15664,0.19664,0.94875,-0.721,0.787,1.488,True
HC_04,healthy,40.230000000000004,0.18171,0.23137,0.94173,0.649,0.603,-0.83,True
HC_04,healthy,40.24,0.15126,0.1856,0.95491,-0.225,0.533,-1.948,True
HC_04,healthy,40.25,0.13309,0.18267,0.94264,0.387,-0.808,-1.952,True
HC_04,healthy,40.26,0.1699,0.19844,0.93831,0.959,-0.021,-0.894,True
HC_04,healthy,40.27,0.16444,0.19339,0.9462,0.449,-1.266,-1.316,True
HC_04,healthy,40.28,0.15451,0.20482,0.96908,0.466,-0.242,-1.142,True
HC_04,healthy,40.29,0.18085,0.22365,0.94022,0.834,-1.759,1.6,True
HC_04,healthy,40.300000000000004,0.17804,0.19004,0.94324,0.095,0.168,1.385,True
HC_04,healthy,40.31,0.15795,0.18168,0.94873,-0.424,-0.259,0.533,True
HC_04,healthy,40.32,0.14965,0.21145,0.96439,1.489,0.18,0.82,True
HC_04,healthy,40.33,0.17977,0.18442,0.93298,-0.538,-0.255,0.281,True
HC_04,healthy,40.34,0.16992,0.20114,0.95407,0.095,0.407,-0.53,True
HC_04,healthy,40.35,0.14816,0.19226,0.94948,0.389,-0.731,-1.395,True
HC_04,healthy,40.36,0.16499,0.19964,0.94231,0.403,0.679,-0.879,True
HC_04,healthy,40.37,0.16493,0.2124,0.94561,-0.277,-0.132,0.592,True
HC_04,healthy,40.38,0.15181,0.21781,0.92806,-0.781,-0.388,1.498,True
HC_04,healthy,40.39,0.18799,0.21519,0.91376,-0.994,0.005,1.161,True
HC_04,healthy,40.4,0.17035,0.18943,0.94379,-0.106,1.44,1.143,True
HC_04,healthy,40.410000000000004,0.15549,0.2016,0.9311,0.878,-0.63,0.95,True
HC_04,healthy,40.42,0.15581,0.18896,0.93424,1.372,-1.812,-0.151,True
HC_04,healthy,40.43,0.16091,0.21766,0.94514,-2.026,0.676,-1.499,True
HC_04,healthy,40.44,0.12354,0.21444,0.9352,1.072,0.858,-0.636,True
HC_04,healthy,40.45,0.14092,0.222,0.95353,0.39,-1.295,-0.883,True
HC_04,healthy,40.46,0.18415,0.19825,0.94476,-0.367,-0.871,-0.766,True
HC_04,healthy,40.47,0.16123,0.22006,0.94295,0.292,1.042,1.582,True
HC_04,healthy,40.480000000000004,0.18892,0.19495,0.91584,1.221,0.381,0.834,True
HC_04,healthy,40.49,0.18801,0.21199,0.93272,0.338,-0.282,1.563,True
HC_04,healthy,40.5,0.19512,0.21714,0.97398,1.028,-0.134,1.163,True
HC_04,healthy,40.51,0.17603,0.1917,0.93304,-0.731,-0.046,1.212,True
HC_04,healthy,40.52,0.14703,0.18048,0.95534,-0.434,-0.316,0.702,True
HC_04,healthy,40.53,0.16746,0.17785,0.94211,0.147,-0.288,-2.159,True
HC_04,healthy,40.54,0.14038,0.21616,0.95824,0.091,-0.492,-0.133,True
HC_04,healthy,40.550000000000004,0.14192,0.23367,0.93188,-0.977,0.561,-1.198,True
HC_04,healthy,40.56,0.16696,0.20834,0.92696,-1.178,-0.509,-0.664,True
HC_04,healthy,40.57,0.20096,0.22277,0.95917,1.077,0.47,0.454,True
HC_04,healthy,40.58,0.19129,0.2067,0.93973,-0.293,-0.539,0.823,True
HC_04,healthy,40.59,0.17081,0.2067,0.9502,-0.306,-0.717,1.693,True
HC_04,healthy,40.6,0.18065,0.18758,0.93488,1.242,1.307,0.441,True
HC_04,healthy,40.61,0.15908,0.16958,0.95035,0.884,0.513,-1.238,True
HC_04,healthy,40.62,0.17668,0.21302,0.95315,-1.112,-0.313,0.49,True
HC_04,healthy,40.63,0.14957,0.2018,0.94512,-0.465,0.778,-2.104,True
HC_04,healthy,40.64,0.15859,0.21728,0.91486,0.269,-0.442,-0.188,True
HC_04,healthy,40.65,0.15662,0.1912,0.92102,0.692,1.129,-1.037,True
HC_04,healthy,40.660000000000004,0.16331,0.20987,0.95183,-0.949,-0.531,-0.556,True
HC_04,healthy,40.67,0.20843,0.23394,0.94431,-0.259,-0.244,0.357,True
HC_04,healthy,40.68,0.17379,0.22508,0.94292,0.535,0.787,1.196,True
HC_04,healthy,40.69,0.1823,0.193,0.91991,-0.43,0.999,1.224,True
HC_04,healthy,40.7,0.18095,0.20283,0.94173,-0.336,-0.868,-1.022,True
HC_04,healthy,40.71,0.16687,0.21368,0.93343,-0.441,0.043,-0.941,True
HC_04,healthy,40.72,0.15258,0.19204,0.94144,0.765,0.077,-2.713,True
HC_04,healthy,40.730000000000004,0.17427,0.20452,0.94221,0.243,1.488,-2.312,True
HC_04,healthy,40.74,0.16922,0.21813,0.92233,-1.346,-0.049,-1.582,True
HC_04,healthy,40.75,0.15755,0.23283,0.95287,-1.051,1.455,-0.463,True
HC_04,healthy,40.76,0.14315,0.22567,0.92128,0.545,-0.823,1.349,True
HC_04,healthy,40.77,0.20296,0.22525,0.9289,0.45,1.084,0.824,True
HC_04,healthy,40.78,0.21929,0.20093,0.90353,-0.666,-0.031,0.216,True
HC_04,healthy,40.79,0.17327,0.20072,0.93244,-0.653,1.317,1.263,True
HC_04,healthy,40.800000000000004,0.17406,0.21532,0.93073,0.764,1.039,0.956,True
HC_04,healthy,40.81,0.14761,0.21207,0.94526,-0.52,0.345,0.005,True
HC_04,healthy,40.82,0.16332,0.21455,0.93297,0.483,1.09,-0.004,True
HC_04,healthy,40.83,0.16536,0.19215,0.92435,1.283,-0.389,-1.954,True
HC_04,healthy,40.84,0.15733,0.19937,0.91938,-0.101,0.565,-1.1,True
HC_04,healthy,40.85,0.15079,0.22456,0.94502,0.231,0.322,0.479,True
HC_04,healthy,40.86,0.18799,0.22081,0.95611,-0.924,-0.704,0.313,True
HC_04,healthy,40.87,0.21169,0.2045,0.92047,1.281,-1.059,1.538,True
HC_04,healthy,40.88,0.19563,0.22311,0.91057,-0.079,0.101,2.588,True
HC_04,healthy,40.89,0.16533,0.19961,0.93781,0.687,1.043,1.552,True
HC_04,healthy,40.9,0.19414,0.19123,0.95218,1.155,0.133,-0.084,True
HC_04,healthy,40.910000000000004,0.18171,0.18145,0.9456,-1.145,0.799,-0.7,True
HC_04,healthy,40.92,0.1541,0.2031,0.93685,0.975,0.04,-1.641,True
HC_04,healthy,40.93,0.14556,0.20843,0.92523,0.742,0.485,-0.954,True
HC_04,healthy,40.94,0.18297,0.21005,0.92549,-0.708,-1.648,-1.47,True
HC_04,healthy,40.95,0.18109,0.23836,0.92367,0.363,-0.661,1.633,True
HC_04,healthy,40.96,0.18888,0.22999,0.91031,-0.503,-0.41,1.167,True
HC_04,healthy,40.97,0.20063,0.21981,0.9372,-0.304,-0.588,1.03,True
HC_04,healthy,40.980000000000004,0.18895,0.20509,0.95768,-0.817,1.085,2.251,True
HC_04,healthy,40.99,0.19102,0.18113,0.96622,-1.106,0.404,-0.034,True
HC_04,healthy,41.0,0.16562,0.20923,0.93305,-0.102,0.767,-1.343,True
HC_04,healthy,41.01,0.18723,0.201,0.91542,0.569,0.156,-0.183,True
HC_04,healthy,41.02,0.16142,0.22945,0.92875,0.291,-0.222,-1.435,True
HC_04,healthy,41.03,0.16035,0.21916,0.94626,0.689,1.067,-2.754,True
HC_04,healthy,41.04,0.19731,0.22568,0.93872,0.632,1.429,0.606,True
HC_04,healthy,41.050000000000004,0.17747,0.24979,0.93569,0.97,0.51,1.449,True
HC_04,healthy,41.06,0.19375,0.19018,0.93655,1.408,0.127,0.655,True
HC_04,healthy,41.07,0.21309,0.20784,0.91829,1.045,0.652,2.428,True
HC_04,healthy,41.08,0.18812,0.1976,0.91662,0.833,-0.379,0.622,True
HC_04,healthy,41.09,0.18156,0.21262,0.93538,0.185,-0.713,-0.322,True
HC_04,healthy,41.1,0.17324,0.22285,0.94047,0.336,1.412,-0.946,True
HC_04,healthy,41.11,0.16403,0.2101,0.90726,0.345,0.374,-2.006,True
HC_04,healthy,41.12,0.13102,0.21675,0.91382,0.975,-0.128,-2.347,True
HC_04,healthy,41.13,0.16657,0.21831,0.94551,0.957,-0.091,-0.436,True
HC_04,healthy,41.14,0.17687,0.22911,0.94421,-0.786,-0.552,-0.116,True
HC_04,healthy,41.15,0.17053,0.21409,0.93922,0.487,-0.648,1.992,True
HC_04,healthy,41.160000000000004,0.17841,0.22538,0.93003,0.027,0.503,1.003,True
HC_04,healthy,41.17,0.19638,0.19414,0.93641,1.308,-1.414,0.616,True
HC_04,healthy,41.18,0.18137,0.23502,0.93335,0.547,-0.415,-1.507,True
HC_04,healthy,41.19,0.16522,0.21535,0.91054,-0.309,-1.135,0.569,True
HC_04,healthy,41.2,0.19757,0.22992,0.92993,0.608,0.277,-0.581,True
HC_04,healthy,41.21,0.17673,0.22201,0.93076,0.546,0.157,-1.999,True
HC_04,healthy,41.22,0.14573,0.22579,0.92672,0.727,1.145,-1.731,True
HC_04,healthy,41.230000000000004,0.16987,0.19641,0.92439,0.94,-1.018,-0.391,True
HC_04,healthy,41.24,0.20247,0.21991,0.96596,0.508,-1.027,-0.844,True
HC_04,healthy,41.25,0.19777,0.21826,0.93759,-1.081,0.419,0.675,True
HC_04,healthy,41.26,0.23706,0.23111,0.92821,1.285,0.543,-0.259,True
HC_04,healthy,41.27,0.21566,0.20828,0.93341,-0.6,0.083,2.607,True
HC_04,healthy,41.28,0.18893,0.21082,0.93743,1.316,0.46,0.539,True
HC_04,healthy,41.29,0.18407,0.21532,0.91938,-0.788,-0.97,-0.114,True
HC_04,healthy,41.300000000000004,0.16143,0.20304,0.92019,0.697,-0.635,-0.664,True
HC_04,healthy,41.31,0.14866,0.20627,0.91932,-0.962,-0.81,-1.682,True
HC_04,healthy,41.32,0.19214,0.19792,0.92348,0.386,-0.627,-1.956,True
HC_04,healthy,41.33,0.20512,0.21245,0.92,-1.737,0.468,0.322,True
HC_04,healthy,41.34,0.20061,0.23669,0.91652,0.874,-1.332,0.597,True
HC_04,healthy,41.35,0.18225,0.2187,0.9256,1.387,-1.041,1.012,True
HC_04,healthy,41.36,0.20108,0.19714,0.92409,0.49,1.309,1.049,True
HC_04,healthy,41.37,0.19996,0.24955,0.92391,-1.74,-0.072,1.706,True
HC_04,healthy,41.38,0.20204,0.2141,0.9492,-1.889,-1.037,0.125,True
HC_04,healthy,41.39,0.20197,0.22521,0.95589,-0.608,-0.088,-1.684,True
HC_04,healthy,41.4,0.17765,0.21783,0.92784,0.535,0.307,-1.512,True
HC_04,healthy,41.410000000000004,0.16378,0.22914,0.92648,-0.005,-0.176,-0.489,True
HC_04,healthy,41.42,0.19224,0.23495,0.92299,-0.351,1.409,-0.096,True
HC_04,healthy,41.43,0.18531,0.20552,0.92428,0.617,0.69,1.079,True
HC_04,healthy,41.44,0.17291,0.22541,0.90965,0.176,-1.398,0.932,True
HC_04,healthy,41.45,0.18536,0.23071,0.94444,1.13,0.076,1.685,True
HC_04,healthy,41.46,0.18899,0.20304,0.92365,1.27,1.425,0.451,True
HC_04,healthy,41.47,0.2056,0.22132,0.90811,-0.099,1.224,2.627,True
HC_04,healthy,41.480000000000004,0.19599,0.18686,0.94042,0.285,1.153,0.075,True
HC_04,healthy,41.49,0.16643,0.24205,0.93704,-0.863,-1.397,-0.487,True
HC_04,healthy,41.5,0.18977,0.22727,0.96578,0.922,-0.364,-3.313,True
HC_04,healthy,41.51,0.20404,0.25103,0.93767,0.66,-0.367,-1.365,True
HC_04,healthy,41.52,0.12327,0.22899,0.8932,0.571,1.687,1.269,True
HC_04,healthy,41.53,0.18766,0.23058,0.91831,0.797,-1.068,-0.485,True
HC_04,healthy,41.54,0.21825,0.23135,0.92957,-0.695,-0.499,0.893,True
HC_04,healthy,41.550000000000004,0.1967,0.2339,0.9125,0.617,0.366,1.534,True
HC_04,healthy,41.56,0.20611,0.2226,0.92121,-0.273,-1.037,1.082,True
HC_04,healthy,41.57,0.22559,0.20938,0.94447,-0.237,0.727,-0.386,True
HC_04,healthy,41.58,0.17776,0.23423,0.93244,-0.608,0.823,-0.691,True
HC_04,healthy,41.59,0.1586,0.21937,0.94307,-0.455,-0.261,-0.663,True
HC_04,healthy,41.6,0.17574,0.21329,0.93012,-0.332,0.806,-0.636,True
HC_04,healthy,41.61,0.17928,0.23104,0.92249,-0.162,-0.399,-1.108,True
HC_04,healthy,41.62,0.1949,0.21963,0.93381,-0.405,-0.799,-0.858,True
HC_04,healthy,41.63,0.22613,0.22562,0.93027,0.592,-0.558,1.406,True
HC_04,healthy,41.64,0.21552,0.2057,0.93701,0.607,0.969,1.56,True
HC_04,healthy,41.65,0.20071,0.21664,0.93747,1.961,0.528,2.25,True
HC_04,healthy,41.660000000000004,0.17626,0.22702,0.93449,0.183,-0.152,2.618,True
HC_04,healthy,41.67,0.175,0.20806,0.94448,-0.074,-0.925,-0.726,True
HC_04,healthy,41.68,0.18732,0.20677,0.91369,0.388,-0.216,-1.628,True
HC_04,healthy,41.69,0.16068,0.23256,0.94626,0.076,-0.764,-2.729,True
HC_04,healthy,41.7,0.18293,0.23617,0.91819,-0.294,0.252,-2.204,True
HC_04,healthy,41.71,0.19338,0.23996,0.94593,-0.675,0.101,-0.519,True
HC_04,healthy,41.72,0.18237,0.25222,0.91152,1.369,-0.399,1.688,True
HC_04,healthy,41.730000000000004,0.2249,0.21247,0.91728,0.155,-0.357,2.283,True
HC_04,healthy,41.74,0.22967,0.21558,0.92706,-0.556,0.291,2.326,True
HC_04,healthy,41.75,0.20745,0.23092,0.92733,0.013,2.008,1.132,True
HC_04,healthy,41.76,0.199,0.22441,0.92414,0.89,-0.16,0.267,True
HC_04,healthy,41.77,0.21382,0.21442,0.92516,0.074,-0.008,-0.917,True
HC_04,healthy,41.78,0.16726,0.22643,0.92675,0.43,1.104,-1.386,True
HC_04,healthy,41.79,0.18696,0.23005,0.92919,0.212,-0.19,-2.137,True
HC_04,healthy,41.800000000000004,0.1802,0.22876,0.90457,-0.551,0.431,-0.26,True
HC_04,healthy,41.81,0.18601,0.24966,0.91683,0.491,2.072,-0.212,True
HC_04,healthy,41.82,0.21266,0.21465,0.92723,-0.407,0.542,1.14,True
HC_04,healthy,41.83,0.20201,0.21671,0.95627,-1.025,0.578,1.4,True
HC_04,healthy,41.84,0.21981,0.21321,0.94773,0.104,-0.592,1.54,True
HC_04,healthy,41.85,0.20341,0.23073,0.93395,-1.737,-0.315,-0.154,True
HC_04,healthy,41.86,0.20681,0.23159,0.92444,1.552,1.107,-1.151,True
HC_04,healthy,41.87,0.20181,0.20291,0.91898,0.075,-0.726,0.015,True
HC_04,healthy,41.88,0.19654,0.22011,0.9285,0.68,0.423,-1.107,True
HC_04,healthy,41.89,0.20688,0.20618,0.91645,-1.379,-0.636,-0.245,True
HC_04,healthy,41.9,0.17921,0.25385,0.90256,-0.198,-0.446,-0.986,True
HC_04,healthy,41.910000000000004,0.1997,0.25008,0.91355,-1.0,-1.194,0.139,True
HC_04,healthy,41.92,0.21185,0.23724,0.94295,-0.137,0.449,0.89,True
HC_04,healthy,41.93,0.21888,0.21689,0.92395,0.338,0.482,2.094,True
HC_04,healthy,41.94,0.2069,0.23491,0.91289,0.811,0.185,-0.787,True
HC_04,healthy,41.95,0.18118,0.20786,0.92814,-0.895,0.096,0.662,True
HC_04,healthy,41.96,0.20197,0.22548,0.92237,0.599,0.755,-1.315,True
HC_04,healthy,41.97,0.17481,0.22062,0.93205,1.148,0.518,-2.353,True
HC_04,healthy,41.980000000000004,0.19669,0.23643,0.91162,2.744,-0.359,-2.219,True
HC_04,healthy,41.99,0.20842,0.22971,0.95879,-0.795,0.648,-1.672,True
HC_04,healthy,42.0,0.18923,0.25011,0.96243,0.992,0.19,-1.31,True
HC_04,healthy,42.01,0.17212,0.24287,0.91821,0.432,1.018,0.438,True
HC_04,healthy,42.02,0.17717,0.2465,0.93148,-1.518,-0.48,2.118,True
HC_04,healthy,42.03,0.22992,0.23287,0.9346,-0.178,1.055,2.426,True
HC_04,healthy,42.04,0.23833,0.19699,0.93337,1.062,-0.418,0.972,True
HC_04,healthy,42.050000000000004,0.20987,0.22787,0.93234,-0.748,0.142,0.017,True
HC_04,healthy,42.06,0.18916,0.21938,0.91095,-1.039,1.639,-1.263,True
HC_04,healthy,42.07,0.1977,0.20261,0.91617,-0.425,-0.012,-2.07,True
HC_04,healthy,42.08,0.18369,0.2237,0.9211,0.827,1.114,-1.672,True
HC_04,healthy,42.09,0.18588,0.25123,0.9214,0.731,-1.197,-0.33,True
HC_04,healthy,42.1,0.1755,0.21868,0.93237,-1.004,0.097,0.192,True
HC_04,healthy,42.11,0.18155,0.24086,0.87737,-1.72,0.399,0.185,True
HC_04,healthy,42.12,0.25112,0.22939,0.9455,0.795,1.369,1.845,True
HC_04,healthy,42.13,0.22497,0.21275,0.93203,-0.888,-0.538,1.484,True
HC_04,healthy,42.14,0.21741,0.1844,0.90667,-0.851,0.8,1.53,True
HC_04,healthy,42.15,0.21873,0.19933,0.94591,1.166,-0.422,-1.218,True
HC_04,healthy,42.160000000000004,0.19425,0.2409,0.93672,0.33,0.973,-0.42,True
HC_04,healthy,42.17,0.19572,0.21094,0.92004,0.72,-0.062,-1.654,True
HC_04,healthy,42.18,0.17474,0.24437,0.94959,0.19,-0.291,0.722,True
HC_04,healthy,42.19,0.19785,0.23834,0.90674,-0.788,-1.711,-1.116,True
HC_04,healthy,42.2,0.19319,0.23666,0.94363,-0.21,1.089,0.409,True
HC_04,healthy,42.21,0.19303,0.256,0.92319,0.983,0.878,1.404,True
HC_04,healthy,42.22,0.18511,0.21169,0.91996,0.61,1.216,2.276,True
HC_04,healthy,42.230000000000004,0.19987,0.19592,0.93064,0.324,1.523,3.323,True
HC_04,healthy,42.24,0.2191,0.23407,0.94425,0.604,1.183,0.925,True
HC_04,healthy,42.25,0.21329,0.21608,0.9157,-0.281,-1.233,-0.417,True
HC_04,healthy,42.26,0.17734,0.23619,0.93806,0.633,0.168,-0.558,True
HC_04,healthy,42.27,0.17125,0.21523,0.91286,0.465,0.988,-1.515,True
HC_04,healthy,42.28,0.18746,0.22325,0.90243,-0.19,0.068,1.085,True
HC_04,healthy,42.29,0.19667,0.23481,0.90944,-0.587,-1.328,-0.663,True
HC_04,healthy,42.300000000000004,0.20179,0.23661,0.92293,0.396,0.263,0.023,True
HC_04,healthy,42.31,0.22573,0.2105,0.91848,-0.259,-0.479,2.502,True
HC_04,healthy,42.32,0.22094,0.21732,0.92305,0.729,1.325,1.147,True
HC_04,healthy,42.33,0.24795,0.23966,0.95272,-0.717,1.078,1.05,True
HC_04,healthy,42.34,0.20377,0.2218,0.91015,-0.063,-0.521,-1.86,True
HC_04,healthy,42.35,0.19097,0.19897,0.88982,1.46,0.849,-0.481,True
HC_04,healthy,42.36,0.19257,0.24129,0.94458,1.769,-1.624,-1.845,True
HC_04,healthy,42.37,0.19466,0.23971,0.93075,0.013,-0.58,-0.464,True
HC_04,healthy,42.38,0.19439,0.23878,0.95014,-0.37,0.41,-0.943,True
HC_04,healthy,42.39,0.20883,0.25056,0.89899,-0.037,-0.312,0.539,True
HC_04,healthy,42.4,0.18896,0.24133,0.93391,-0.463,0.318,1.538,True
HC_04,healthy,42.410000000000004,0.18615,0.19806,0.90763,-0.872,0.936,2.212,True
HC_04,healthy,42.42,0.19096,0.20804,0.91857,-0.919,1.244,0.403,True
HC_04,healthy,42.43,0.20916,0.21477,0.91576,-0.162,-0.114,-0.566,True
HC_04,healthy,42.44,0.18921,0.23192,0.93068,0.659,1.577,-1.899,True
HC_04,healthy,42.45,0.1961,0.21369,0.92617,0.22,0.248,-1.459,True
HC_04,healthy,42.46,0.18958,0.21801,0.93667,2.039,-0.833,-1.721,True
HC_04,healthy,42.47,0.16895,0.24253,0.91723,-0.127,0.028,-0.863,True
HC_04,healthy,42.480000000000004,0.19915,0.23423,0.94641,-0.107,-1.639,-1.69,True
HC_04,healthy,42.49,0.21269,0.23043,0.93158,-0.064,-1.802,0.109,True
HC_04,healthy,42.5,0.20307,0.21748,0.93644,-2.219,-0.346,0.829,True
HC_04,healthy,42.51,0.22125,0.22796,0.90923,-0.503,-0.713,2.23,True
HC_04,healthy,42.52,0.18633,0.23416,0.91653,-0.513,0.551,2.311,True
HC_04,healthy,42.53,0.17726,0.18411,0.91948,-0.979,-0.783,-0.933,True
HC_04,healthy,42.54,0.18852,0.22905,0.92894,0.104,0.302,-0.117,True
HC_04,healthy,42.550000000000004,0.188,0.23154,0.92897,0.876,-0.146,-0.674,True
HC_04,healthy,42.56,0.19655,0.20943,0.90397,-0.019,-0.345,-1.845,True
HC_04,healthy,42.57,0.19881,0.21185,0.90561,0.906,0.473,-0.44,True
HC_04,healthy,42.58,0.18597,0.26474,0.90968,-0.097,0.625,0.27,True
HC_04,healthy,42.59,0.23443,0.21612,0.93138,-0.774,-0.336,-0.133,True
HC_04,healthy,42.6,0.23894,0.21918,0.933,0.651,-0.837,1.622,True
HC_04,healthy,42.61,0.19692,0.22319,0.92468,-0.78,0.908,0.329,True
HC_04,healthy,42.62,0.18789,0.20326,0.94132,-0.158,0.413,1.079,True
HC_04,healthy,42.63,0.22021,0.23102,0.95791,0.286,1.407,0.448,True
HC_04,healthy,42.64,0.19576,0.19626,0.95412,0.362,0.697,-0.645,True
HC_04,healthy,42.65,0.18555,0.24521,0.92819,-0.791,0.127,-2.273,True
HC_04,healthy,42.660000000000004,0.17554,0.22324,0.9063,-0.763,0.57,-2.14,True
HC_04,healthy,42.67,0.20631,0.22542,0.93325,0.153,-0.194,-1.888,True
HC_04,healthy,42.68,0.20647,0.22723,0.93459,0.518,-0.729,1.759,True
HC_04,healthy,42.69,0.23466,0.24407,0.92653,0.703,-1.571,1.456,True
HC_04,healthy,42.7,0.21086,0.23964,0.91077,0.473,-0.539,1.682,True
HC_04,healthy,42.71,0.20727,0.23778,0.92118,-1.058,-0.048,0.955,True
HC_04,healthy,42.72,0.20414,0.23478,0.93814,0.368,0.012,0.446,True
HC_04,healthy,42.730000000000004,0.18806,0.19212,0.89743,-0.625,-0.095,-1.509,True
HC_04,healthy,42.74,0.18248,0.23032,0.93406,0.093,-0.068,-0.53,True
HC_04,healthy,42.75,0.21265,0.23845,0.9328,-1.976,0.28,-0.7,True
HC_04,healthy,42.76,0.21539,0.23962,0.94047,0.057,0.391,-0.885,True
HC_04,healthy,42.77,0.17276,0.23679,0.90625,-0.587,0.875,0.115,True
HC_04,healthy,42.78,0.2284,0.22506,0.91724,0.737,-0.616,0.116,True
HC_04,healthy,42.79,0.20789,0.23088,0.92932,-0.379,0.251,1.973,True
HC_04,healthy,42.800000000000004,0.21122,0.20553,0.91649,-0.032,0.107,1.656,True
HC_04,healthy,42.81,0.21245,0.22333,0.94029,-0.149,-0.832,0.516,True
HC_04,healthy,42.82,0.17681,0.20652,0.92735,1.726,-0.107,0.437,True
HC_04,healthy,42.83,0.18577,0.22139,0.91027,0.096,-0.467,-2.434,True
HC_04,healthy,42.84,0.2222,0.21236,0.92816,1.536,-0.188,-1.953,True
HC_04,healthy,42.85,0.17681,0.20014,0.93019,0.594,0.386,-1.573,True
HC_04,healthy,42.86,0.22595,0.22083,0.91528,0.713,0.131,-0.802,True
HC_04,healthy,42.87,0.22193,0.22962,0.94106,-1.518,-0.462,1.409,True
HC_04,healthy,42.88,0.20918,0.22225,0.91376,-0.172,0.233,1.101,True
HC_04,healthy,42.89,0.2101,0.19804,0.93263,-0.798,-0.979,1.243,True
HC_04,healthy,42.9,0.18553,0.22839,0.92781,0.033,-0.699,0.848,True
HC_04,healthy,42.910000000000004,0.21786,0.22545,0.94334,0.284,-1.276,-0.407,True
HC_04,healthy,42.92,0.20754,0.22641,0.92986,-0.66,1.117,-0.719,True
HC_04,healthy,42.93,0.17874,0.22642,0.90933,-0.341,-1.322,-2.128,True
HC_04,healthy,42.94,0.16319,0.22907,0.90595,-0.781,-0.72,-0.124,True
HC_04,healthy,42.95,0.21084,0.22864,0.92216,-0.486,-0.616,-0.173,True
HC_04,healthy,42.96,0.22338,0.24115,0.93473,0.483,1.47,-0.742,True
HC_04,healthy,42.97,0.19757,0.24069,0.93336,0.366,-0.459,1.666,True
HC_04,healthy,42.980000000000004,0.19016,0.24411,0.93297,-0.537,1.832,2.534,True
HC_04,healthy,42.99,0.2148,0.2465,0.92699,-1.195,-0.553,1.355,True
HC_04,healthy,43.0,0.21695,0.23753,0.9153,0.434,-1.38,1.429,True
HC_04,healthy,43.01,0.19104,0.23195,0.91522,-0.002,-0.118,0.29,True
HC_04,healthy,43.02,0.20009,0.20533,0.9294,-0.836,1.158,-0.397,True
HC_04,healthy,43.03,0.18056,0.19913,0.91408,-2.687,-2.629,-1.269,True
HC_04,healthy,43.04,0.17994,0.21993,0.8976,0.808,0.107,-1.287,True
HC_04,healthy,43.050000000000004,0.1971,0.23055,0.94594,0.777,0.173,-0.435,True
HC_04,healthy,43.06,0.22373,0.24696,0.90856,0.199,0.428,1.002,True
HC_04,healthy,43.07,0.20411,0.21495,0.92546,-0.361,0.145,0.416,True
HC_04,healthy,43.08,0.21911,0.2437,0.94305,2.1,-0.982,0.195,True
HC_04,healthy,43.09,0.18945,0.20186,0.91268,-0.203,0.685,1.809,True
HC_04,healthy,43.1,0.21005,0.22666,0.91088,0.252,-0.273,0.558,True
HC_04,healthy,43.11,0.18469,0.22499,0.9205,-0.092,0.926,-1.046,True
HC_04,healthy,43.12,0.1553,0.21084,0.95857,0.539,-0.252,-0.419,True
HC_04,healthy,43.13,0.17178,0.19518,0.95311,0.272,0.202,-0.82,True
HC_04,healthy,43.14,0.17679,0.24242,0.91121,-1.082,0.027,-2.183,True
HC_04,healthy,43.15,0.1731,0.22117,0.95485,-0.032,-1.372,-0.548,True
HC_04,healthy,43.160000000000004,0.21485,0.23505,0.91661,0.167,-0.144,0.687,True
HC_04,healthy,43.17,0.20949,0.23345,0.92952,0.083,0.656,3.005,True
HC_04,healthy,43.18,0.2155,0.216,0.92929,-0.25,-0.8,1.161,True
HC_04,healthy,43.19,0.23948,0.206,0.92544,-0.501,-0.515,-0.255,True
HC_04,healthy,43.2,0.20712,0.18331,0.93725,0.568,-0.301,-0.67,True
HC_04,healthy,43.21,0.1642,0.22613,0.91544,-0.617,-0.794,-0.024,True
HC_04,healthy,43.22,0.17098,0.21021,0.91401,1.268,-0.319,-1.317,True
HC_04,healthy,43.230000000000004,0.20858,0.21101,0.89995,0.399,-0.926,-1.148,True
HC_04,healthy,43.24,0.19718,0.23848,0.92766,-1.177,-0.115,-2.388,True
HC_04,healthy,43.25,0.19803,0.22706,0.92618,1.825,0.064,0.757,True
HC_04,healthy,43.26,0.23537,0.26094,0.90795,0.092,-2.58,-0.251,True
HC_04,healthy,43.27,0.23137,0.22117,0.91318,0.618,-0.812,1.241,True
HC_04,healthy,43.28,0.19269,0.23515,0.93214,0.25,-1.069,1.164,True
HC_04,healthy,43.29,0.19955,0.19455,0.92852,0.633,0.843,0.246,True
HC_04,healthy,43.300000000000004,0.18804,0.19127,0.90822,1.051,-0.275,-1.422,True
HC_04,healthy,43.31,0.20168,0.21762,0.94647,-0.314,0.485,-1.381,True
HC_04,healthy,43.32,0.17138,0.2141,0.95921,-0.832,-0.34,-0.52,True
HC_04,healthy,43.33,0.14239,0.24137,0.93727,1.212,0.075,-0.764,True
HC_04,healthy,43.34,0.18041,0.24182,0.93829,0.303,-0.053,-1.071,True
HC_04,healthy,43.35,0.18802,0.22001,0.95327,-0.489,-0.416,0.173,True
HC_04,healthy,43.36,0.19745,0.25344,0.9149,-0.237,0.383,-0.124,True
HC_04,healthy,43.37,0.22781,0.23803,0.92314,-0.82,-0.584,0.749,True
HC_04,healthy,43.38,0.22044,0.21858,0.91585,0.927,0.643,1.673,True
HC_04,healthy,43.39,0.21861,0.21915,0.944,-1.392,0.314,1.039,True
HC_04,healthy,43.4,0.19747,0.21382,0.93512,-1.104,1.029,0.213,True
HC_04,healthy,43.410000000000004,0.17367,0.19971,0.95475,-0.64,0.319,-1.686,True
HC_04,healthy,43.42,0.19765,0.2157,0.95999,0.981,0.556,-1.43,True
HC_04,healthy,43.43,0.176,0.24665,0.91584,0.194,0.509,-3.438,True
HC_04,healthy,43.44,0.1827,0.23433,0.94914,-0.098,-0.183,-0.934,True
HC_04,healthy,43.45,0.20006,0.22707,0.92008,-0.948,-1.003,0.851,True
HC_04,healthy,43.46,0.24285,0.20678,0.90855,0.582,2.188,1.872,True
HC_04,healthy,43.47,0.20189,0.20478,0.92916,0.369,-0.185,2.515,True
HC_04,healthy,43.480000000000004,0.18,0.19727,0.92842,-0.759,1.104,0.855,True
HC_04,healthy,43.49,0.20273,0.21299,0.93886,0.39,0.034,-0.373,True
HC_04,healthy,43.5,0.1815,0.21043,0.92875,-0.138,1.458,-1.843,True
HC_04,healthy,43.51,0.1629,0.2351,0.91859,-0.081,-0.054,-1.837,True
HC_04,healthy,43.52,0.19363,0.23971,0.92152,-0.378,-0.585,-2.184,True
HC_04,healthy,43.53,0.16208,0.24313,0.9244,0.205,0.623,-1.418,True
HC_04,healthy,43.54,0.17248,0.2425,0.93379,-0.095,1.365,-1.193,True
HC_04,healthy,43.550000000000004,0.19126,0.24217,0.91613,-0.222,-0.131,-0.521,True
HC_04,healthy,43.56,0.18271,0.21639,0.93474,0.276,-0.378,1.034,True
HC_04,healthy,43.57,0.21558,0.22407,0.93802,-1.315,0.429,1.274,True
HC_04,healthy,43.58,0.21046,0.18626,0.9188,0.981,-0.548,1.412,True
HC_04,healthy,43.59,0.17435,0.24252,0.92225,0.242,-0.765,0.162,True
HC_04,healthy,43.6,0.1865,0.19246,0.9058,-0.984,-0.016,-1.552,True
HC_04,healthy,43.61,0.20686,0.25031,0.95732,-0.803,0.463,-2.062,True
HC_04,healthy,43.62,0.17953,0.21441,0.90466,0.061,-0.3,-0.669,True
HC_04,healthy,43.63,0.19414,0.2343,0.93071,-0.115,-0.474,1.257,True
HC_04,healthy,43.64,0.20244,0.21047,0.92001,-0.152,0.397,1.874,True
HC_04,healthy,43.65,0.17832,0.19096,0.91553,-0.868,0.409,1.819,True
HC_04,healthy,43.660000000000004,0.21404,0.21555,0.95322,-0.175,0.568,2.286,True
HC_04,healthy,43.67,0.19867,0.21989,0.89666,-0.152,0.51,1.048,True
HC_04,healthy,43.68,0.20021,0.22169,0.92392,1.924,-1.21,-0.044,True
HC_04,healthy,43.69,0.17928,0.18348,0.9378,-0.45,0.207,-1.593,True
HC_04,healthy,43.7,0.17711,0.21484,0.92081,-0.729,1.453,-1.21,True
HC_04,healthy,43.71,0.15359,0.20781,0.9425,-0.676,0.972,-2.143,True
HC_04,healthy,43.72,0.18514,0.21944,0.92053,-2.332,0.192,-0.304,True
HC_04,healthy,43.730000000000004,0.19352,0.24568,0.93266,0.697,-0.471,-0.059,True
HC_04,healthy,43.74,0.17361,0.22172,0.93663,-1.368,-0.512,0.177,True
HC_04,healthy,43.75,0.18226,0.2403,0.94115,0.479,-0.868,1.546,True
HC_04,healthy,43.76,0.23819,0.22166,0.93838,0.424,-0.793,1.276,True
HC_04,healthy,43.77,0.18784,0.18907,0.91072,-0.696,-0.817,1.006,True
HC_04,healthy,43.78,0.19589,0.20785,0.94126,0.201,0.393,-0.564,True
HC_04,healthy,43.79,0.19317,0.21302,0.91396,0.812,-0.738,-1.852,True
HC_04,healthy,43.800000000000004,0.16278,0.2175,0.9157,-0.056,0.503,-0.765,True
HC_04,healthy,43.81,0.19254,0.2323,0.93586,-0.794,0.537,0.128,True
HC_04,healthy,43.82,0.21307,0.18529,0.91726,-0.503,0.165,0.845,True
HC_04,healthy,43.83,0.1753,0.23135,0.92624,-0.496,-0.324,1.09,True
HC_04,healthy,43.84,0.21892,0.21291,0.93432,1.092,0.317,0.452,True
HC_04,healthy,43.85,0.18775,0.23741,0.91943,0.36,-1.57,1.536,True
HC_04,healthy,43.86,0.17633,0.20011,0.93002,0.749,1.492,0.654,True
HC_04,healthy,43.87,0.19585,0.23401,0.90759,-0.544,0.873,0.387,True
HC_04,healthy,43.88,0.16915,0.21084,0.93698,0.352,-0.43,-0.747,True
HC_04,healthy,43.89,0.16732,0.21683,0.92005,-0.141,-0.827,-1.188,True
HC_04,healthy,43.9,0.17185,0.20615,0.92227,-0.885,-1.332,-1.082,True
HC_04,healthy,43.910000000000004,0.17146,0.21445,0.91257,-0.244,0.172,-0.783,True
HC_04,healthy,43.92,0.17562,0.23312,0.9033,0.202,1.074,-1.14,True
HC_04,healthy,43.93,0.17908,0.24311,0.9299,-1.131,0.379,1.925,True
HC_04,healthy,43.94,0.193,0.24405,0.94223,-0.297,-0.508,1.745,True
HC_04,healthy,43.95,0.16327,0.2061,0.93647,-0.427,1.304,2.022,True
HC_04,healthy,43.96,0.19964,0.19035,0.92049,0.703,0.624,0.03,True
HC_04,healthy,43.97,0.15421,0.15911,0.94832,-0.907,-1.646,1.131,True
HC_04,healthy,43.980000000000004,0.17108,0.2136,0.91667,-0.974,-0.927,-0.083,True
HC_04,healthy,43.99,0.18681,0.20775,0.92606,0.109,-0.137,-2.084,True
HC_04,healthy,44.0,0.16921,0.21934,0.94387,0.393,0.592,-2.096,True
HC_04,healthy,44.01,0.17649,0.21366,0.92598,-1.344,-0.035,-0.759,True
HC_04,healthy,44.02,0.17108,0.23108,0.92306,0.059,0.774,0.914,True
HC_04,healthy,44.03,0.18504,0.24292,0.95779,-1.668,-0.456,-0.098,True
HC_04,healthy,44.04,0.21819,0.20013,0.94784,1.264,0.808,0.804,True
HC_04,healthy,44.050000000000004,0.20452,0.21337,0.92346,-0.049,-1.455,1.343,True
HC_04,healthy,44.06,0.21415,0.21128,0.95289,-0.335,-0.514,1.359,True
HC_04,healthy,44.07,0.18687,0.22563,0.95419,0.787,0.324,1.733,True
HC_04,healthy,44.08,0.19347,0.22409,0.92775,-0.689,0.843,-2.113,True
HC_04,healthy,44.09,0.16838,0.20149,0.92653,-0.856,-0.756,-2.813,True
HC_04,healthy,44.1,0.1868,0.22039,0.95872,0.026,0.139,-1.364,True
HC_04,healthy,44.11,0.16527,0.23238,0.96094,-0.363,-0.274,-1.075,True
HC_04,healthy,44.12,0.15658,0.22331,0.93564,0.354,-0.512,0.923,True
HC_04,healthy,44.13,0.1688,0.25622,0.95093,-0.653,0.007,0.574,True
HC_04,healthy,44.14,0.19247,0.21478,0.93389,-1.248,0.778,0.526,True
HC_04,healthy,44.15,0.20799,0.19682,0.94086,-0.981,-0.082,1.898,True
HC_04,healthy,44.160000000000004,0.16278,0.18955,0.94415,0.392,1.726,-0.223,True
HC_04,healthy,44.17,0.15732,0.18104,0.95115,-0.386,-1.15,-0.78,True
HC_04,healthy,44.18,0.17851,0.23276,0.93113,-0.166,0.039,-0.457,True
HC_04,healthy,44.19,0.11976,0.21224,0.92256,-0.544,-0.27,-1.231,True
HC_04,healthy,44.2,0.18296,0.23888,0.93271,-0.355,-0.131,-1.144,True
HC_04,healthy,44.21,0.17565,0.22166,0.9386,0.64,-0.725,-0.118,True
HC_04,healthy,44.22,0.17453,0.23316,0.93729,-1.412,-1.908,0.791,True
HC_04,healthy,44.230000000000004,0.19092,0.19593,0.93675,1.905,-0.746,1.104,True
HC_04,healthy,44.24,0.17001,0.18038,0.96011,-0.253,-1.305,1.684,True
HC_04,healthy,44.25,0.14864,0.19494,0.94801,-0.132,-0.314,0.751,True
HC_04,healthy,44.26,0.16861,0.18617,0.9331,1.45,0.865,0.752,True
HC_04,healthy,44.27,0.162,0.17552,0.94351,-1.441,0.672,-1.078,True
HC_04,healthy,44.28,0.1628,0.18,0.93056,0.826,1.173,-1.375,True
HC_04,healthy,44.29,0.16741,0.20803,0.94907,0.244,-0.983,-0.693,True
HC_04,healthy,44.300000000000004,0.16231,0.2379,0.94868,-0.276,0.447,-1.253,True
HC_04,healthy,44.31,0.17078,0.21701,0.96636,-0.289,0.058,0.529,True
HC_04,healthy,44.32,0.2016,0.23718,0.96712,-0.051,0.338,0.665,True
HC_04,healthy,44.33,0.1686,0.20729,0.94231,0.152,1.074,1.583,True
HC_04,healthy,44.34,0.18726,0.20646,0.91927,-0.664,0.063,1.704,True
HC_04,healthy,44.35,0.12593,0.20583,0.93596,0.792,0.805,1.291,True
HC_04,healthy,44.36,0.17719,0.227,0.93409,-1.312,0.892,-1.575,True
HC_04,healthy,44.37,0.20596,0.19107,0.96464,-0.561,-1.17,-0.974,True
HC_04,healthy,44.38,0.14796,0.2224,0.94105,-0.36,1.028,-2.186,True
HC_04,healthy,44.39,0.16657,0.21173,0.95113,1.084,-1.745,-1.637,True
HC_04,healthy,44.4,0.19448,0.20485,0.95149,1.845,-0.586,-1.552,True
HC_04,healthy,44.410000000000004,0.1773,0.26278,0.92205,0.661,-0.34,1.241,True
HC_04,healthy,44.42,0.21315,0.22046,0.92993,1.591,-0.758,1.006,True
HC_04,healthy,44.43,0.17542,0.21446,0.94109,-0.214,2.278,1.095,True
HC_04,healthy,44.44,0.16335,0.18205,0.95521,0.693,-0.664,2.501,True
HC_04,healthy,44.45,0.15654,0.17976,0.94321,-1.177,-0.164,-0.612,True
HC_04,healthy,44.46,0.16724,0.20765,0.96385,1.122,-0.771,-1.196,True
HC_04,healthy,44.47,0.14917,0.19921,0.94374,-0.215,-0.787,-1.739,True
HC_04,healthy,44.480000000000004,0.13399,0.22637,0.97838,1.705,-0.148,-0.882,True
HC_04,healthy,44.49,0.17589,0.25055,0.93672,1.137,-0.421,-1.672,True
HC_04,healthy,44.5,0.14202,0.22025,0.93768,0.358,-0.202,-0.575,True
HC_04,healthy,44.51,0.18459,0.22484,0.92425,-0.251,-0.713,0.405,True
HC_04,healthy,44.52,0.1595,0.21027,0.94536,-0.191,0.278,-0.024,True
HC_04,healthy,44.53,0.18201,0.22315,0.94141,-0.702,0.097,1.424,True
HC_04,healthy,44.54,0.1777,0.19913,0.92099,0.618,-0.454,0.911,True
HC_04,healthy,44.550000000000004,0.17064,0.19247,0.95573,0.721,0.882,-0.51,True
HC_04,healthy,44.56,0.15347,0.20258,0.94271,0.47,-0.292,-0.161,True
HC_04,healthy,44.57,0.11466,0.21234,0.95383,0.929,0.308,-1.392,True
HC_04,healthy,44.58,0.1419,0.21021,0.93768,1.518,-0.239,0.14,True
HC_04,healthy,44.59,0.13984,0.23014,0.96128,-0.203,0.417,-0.375,True
HC_04,healthy,44.6,0.16367,0.2092,0.98804,-1.044,1.379,1.155,True
HC_04,healthy,44.61,0.16428,0.23747,0.92743,0.591,-0.426,2.041,True
HC_04,healthy,44.62,0.13544,0.21953,0.95886,0.82,-1.131,0.916,True
HC_04,healthy,44.63,0.16461,0.21183,0.98626,-0.542,0.544,0.765,True
HC_04,healthy,44.64,0.14119,0.18673,0.95833,-0.171,0.496,-0.738,True
HC_04,healthy,44.65,0.13683,0.18258,0.95119,0.72,0.039,-1.18,True
HC_04,healthy,44.660000000000004,0.15851,0.20975,0.93026,0.309,0.808,-0.255,True
HC_04,healthy,44.67,0.14828,0.19492,0.9658,-1.399,-0.494,-3.115,True
HC_04,healthy,44.68,0.14836,0.21772,0.95609,0.122,-0.661,-0.715,True
HC_04,healthy,44.69,0.16094,0.22078,0.96699,-0.788,-0.097,1.061,True
HC_04,healthy,44.7,0.16883,0.23259,0.96683,0.492,0.882,0.435,True
HC_04,healthy,44.71,0.17571,0.20334,0.96738,-0.724,0.926,1.28,True
HC_04,healthy,44.72,0.16479,0.22394,0.93058,-0.674,-1.828,-0.485,True
HC_04,healthy,44.730000000000004,0.18233,0.17674,0.94023,0.046,-0.288,1.26,True
HC_04,healthy,44.74,0.14902,0.18756,0.96921,-0.061,0.144,-0.126,True
HC_04,healthy,44.75,0.14012,0.18523,0.9343,0.385,0.469,-0.8,True
HC_04,healthy,44.76,0.15021,0.18335,0.95531,-1.088,-0.276,-1.554,True
HC_04,healthy,44.77,0.1478,0.19381,0.95123,-0.013,0.704,-0.063,True
HC_04,healthy,44.78,0.16206,0.22484,0.95953,0.092,-1.191,-0.794,True
HC_04,healthy,44.79,0.16607,0.23123,0.94552,1.123,0.144,0.001,True
HC_04,healthy,44.800000000000004,0.17434,0.17767,0.9684,-0.763,0.526,-0.192,True
HC_04,healthy,44.81,0.167,0.21005,0.94647,0.107,-0.074,1.565,True
HC_04,healthy,44.82,0.15705,0.18674,0.96202,0.144,0.271,0.58,True
HC_04,healthy,44.83,0.12275,0.18556,0.94753,1.27,-0.295,-0.057,True
HC_04,healthy,44.84,0.15415,0.22304,0.95378,-0.366,0.182,-1.352,True
HC_04,healthy,44.85,0.1682,0.21941,0.9507,0.051,1.367,-1.965,True
HC_04,healthy,44.86,0.11891,0.20987,0.96436,1.38,-0.864,-1.491,True
HC_04,healthy,44.87,0.14432,0.20038,0.96411,0.805,0.599,-0.077,True
HC_04,healthy,44.88,0.16696,0.20782,0.95609,0.693,-0.809,-0.555,True
HC_04,healthy,44.89,0.19001,0.21661,0.95597,0.667,0.483,1.754,True
HC_04,healthy,44.9,0.14991,0.22035,0.92177,-0.598,0.578,0.105,True
HC_04,healthy,44.910000000000004,0.15957,0.17922,0.94315,1.146,0.723,1.655,True
HC_04,healthy,44.92,0.17246,0.17968,0.96079,0.474,-0.499,0.132,True
HC_04,healthy,44.93,0.15078,0.19963,0.95157,0.258,-0.293,0.217,True
HC_04,healthy,44.94,0.15662,0.18571,0.95629,0.775,-0.224,-0.445,True
HC_04,healthy,44.95,0.13961,0.21499,0.92837,0.915,0.918,-0.963,True
HC_04,healthy,44.96,0.14337,0.20444,0.94941,-0.653,1.797,-0.148,True
HC_04,healthy,44.97,0.14331,0.2311,0.94203,0.208,-0.205,-0.703,True
HC_04,healthy,44.980000000000004,0.15415,0.18327,0.95777,-0.29,0.115,1.086,True
HC_04,healthy,44.99,0.1492,0.20696,0.9655,0.764,0.056,1.516,True
