subject_id,label,timestamp,accel_x,accel_y,accel_z,gyro_x,gyro_y,gyro_z,is_synthetic
HC_03,healthy,0.0,0.13896,0.1991,0.93615,-0.598,1.211,0.068,True
HC_03,healthy,0.01,0.16207,0.20147,0.95996,0.669,0.55,0.946,True
HC_03,healthy,0.02,0.16469,0.2085,0.93709,-1.47,0.037,0.978,True
HC_03,healthy,0.03,0.16389,0.21424,0.94694,-0.082,-0.245,1.156,True
HC_03,healthy,0.04,0.18524,0.18424,0.95572,-0.537,-0.549,0.006,True
HC_03,healthy,0.05,0.15059,0.1688,0.95272,0.973,-0.574,-0.505,True
HC_03,healthy,0.06,0.1704,0.18332,0.9222,0.565,0.903,0.264,True
HC_03,healthy,0.07,0.13612,0.18862,0.96105,-0.29,0.423,-1.427,True
HC_03,healthy,0.08,0.12063,0.19425,0.94765,1.808,0.523,-1.059,True
HC_03,healthy,0.09,0.13662,0.20796,0.93446,0.241,-2.243,-2.926,True
HC_03,healthy,0.1,0.13477,0.20966,0.98088,0.299,0.17,0.017,True
HC_03,healthy,0.11,0.15349,0.19607,0.93993,-0.44,-0.725,-1.688,True
HC_03,healthy,0.12,0.17192,0.22816,0.9498,0.178,-1.081,1.291,True
HC_03,healthy,0.13,0.1815,0.19287,0.929,-0.327,0.249,2.919,True
HC_03,healthy,0.14,0.17865,0.19391,0.9441,0.737,-0.417,2.087,True
HC_03,healthy,0.15,0.16345,0.18567,0.93409,0.228,0.171,1.168,True
HC_03,healthy,0.16,0.15492,0.19509,0.94582,-0.432,0.5,0.859,True
HC_03,healthy,0.17,0.13148,0.19581,0.95391,-0.535,-0.003,-0.557,True
HC_03,healthy,0.18,0.15248,0.20527,0.97811,0.115,-0.011,-0.518,True
HC_03,healthy,0.19,0.12488,0.19813,0.96383,0.583,-1.124,-1.214,True
HC_03,healthy,0.2,0.14202,0.18934,0.95374,-0.236,-0.158,-2.987,True
HC_03,healthy,0.21,0.17009,0.19322,0.93562,0.952,0.307,0.871,True
HC_03,healthy,0.22,0.14852,0.19004,0.94403,1.263,-1.153,2.183,True
HC_03,healthy,0.23,0.18259,0.21214,0.9644,1.09,1.521,1.879,True
HC_03,healthy,0.24,0.17327,0.20646,0.95471,0.889,1.505,1.664,True
HC_03,healthy,0.25,0.16702,0.16592,0.96032,0.145,-0.33,1.77,True
HC_03,healthy,0.26,0.20022,0.2287,0.99732,0.586,1.033,0.778,True
HC_03,healthy,0.27,0.15606,0.20425,0.93129,-0.838,-0.825,-0.001,True
HC_03,healthy,0.28,0.14383,0.18372,0.9602,-0.276,-0.64,-0.827,True
HC_03,healthy,0.29,0.14409,0.17962,0.93425,-0.137,0.309,-1.122,True
HC_03,healthy,0.3,0.11805,0.18289,0.96297,0.118,-0.57,-1.109,True
HC_03,healthy,0.31,0.13855,0.20378,0.96433,0.805,1.081,-1.59,True
HC_03,healthy,0.32,0.1606,0.2089,0.91278,1.014,-0.715,-1.462,True
HC_03,healthy,0.33,0.15679,0.19682,0.94871,-1.387,0.849,-0.323,True
HC_03,healthy,0.34,0.16162,0.21679,0.93194,-0.79,0.62,0.796,True
HC_03,healthy,0.35000000000000003,0.15888,0.20794,0.93684,0.486,0.368,1.263,True
HC_03,healthy,0.36,0.15743,0.21443,0.95904,0.351,0.658,-0.486,True
HC_03,healthy,0.37,0.17019,0.18855,0.92925,-0.637,0.272,0.496,True
HC_03,healthy,0.38,0.16358,0.19151,0.96826,-0.806,0.807,-0.39,True
HC_03,healthy,0.39,0.16654,0.17156,0.92993,0.287,-0.239,-2.166,True
HC_03,healthy,0.4,0.15713,0.18046,0.96368,0.505,-0.541,-0.798,True
HC_03,healthy,0.41000000000000003,0.13266,0.17939,0.95603,1.117,-1.379,-3.413,True
HC_03,healthy,0.42,0.15563,0.23237,0.94699,-1.106,0.869,-0.504,True
HC_03,healthy,0.43,0.14043,0.20886,0.94029,-0.114,-1.024,0.466,True
HC_03,healthy,0.44,0.17215,0.21555,0.94554,0.267,-0.436,0.694,True
HC_03,healthy,0.45,0.19623,0.24136,0.92288,-1.14,0.357,0.267,True
HC_03,healthy,0.46,0.19204,0.19939,0.97011,0.043,0.78,1.193,True
HC_03,healthy,0.47000000000000003,0.17506,0.1855,0.9498,0.876,-0.378,1.808,True
HC_03,healthy,0.48,0.17815,0.2097,0.94701,-0.28,-0.925,1.004,True
HC_03,healthy,0.49,0.17263,0.1903,0.94909,0.363,0.357,-0.824,True
HC_03,healthy,0.5,0.14678,0.17751,0.93046,-0.305,0.519,-1.966,True
HC_03,healthy,0.51,0.12835,0.20748,0.93225,0.09,1.257,-0.41,True
HC_03,healthy,0.52,0.14622,0.20409,0.95519,-0.624,0.027,-1.376,True
HC_03,healthy,0.53,0.13426,0.22219,0.94621,-0.434,0.539,-1.559,True
HC_03,healthy,0.54,0.1557,0.23246,0.92643,0.755,-1.122,-0.952,True
HC_03,healthy,0.55,0.17246,0.23359,0.92338,0.61,1.558,1.275,True
HC_03,healthy,0.56,0.16029,0.20393,0.93347,-1.444,0.718,1.079,True
HC_03,healthy,0.5700000000000001,0.17471,0.20718,0.92867,0.5,-0.218,1.008,True
HC_03,healthy,0.58,0.16912,0.18629,0.93419,-1.052,1.351,2.173,True
HC_03,healthy,0.59,0.16626,0.21241,0.95185,0.167,0.252,0.788,True
HC_03,healthy,0.6,0.14457,0.19298,0.94039,-0.838,0.322,-0.547,True
HC_03,healthy,0.61,0.17595,0.21799,0.95748,0.38,0.608,-1.515,True
HC_03,healthy,0.62,0.14153,0.18276,0.92695,-0.46,0.969,-2.793,True
HC_03,healthy,0.63,0.13406,0.21916,0.94814,0.038,0.171,-2.471,True
HC_03,healthy,0.64,0.1433,0.2013,0.92751,1.021,0.46,0.206,True
HC_03,healthy,0.65,0.17899,0.19029,0.94886,1.163,0.784,-1.277,True
HC_03,healthy,0.66,0.18589,0.23214,0.94928,1.076,-0.574,1.771,True
HC_03,healthy,0.67,0.19333,0.2105,0.92743,-0.501,0.27,1.248,True
HC_03,healthy,0.68,0.15757,0.20176,0.94137,0.712,0.662,1.313,True
HC_03,healthy,0.6900000000000001,0.18559,0.21691,0.93603,-0.371,-0.553,0.802,True
HC_03,healthy,0.7000000000000001,0.18492,0.21456,0.94022,-0.496,-0.258,-0.746,True
HC_03,healthy,0.71,0.16573,0.17681,0.92416,-1.425,1.441,0.704,True
HC_03,healthy,0.72,0.17759,0.20429,0.91298,-0.982,-0.011,-1.541,True
HC_03,healthy,0.73,0.16063,0.19635,0.95169,0.097,1.324,-0.746,True
HC_03,healthy,0.74,0.14895,0.21317,0.95976,1.085,0.728,-1.579,True
HC_03,healthy,0.75,0.17435,0.22504,0.9622,0.29,0.384,-0.941,True
HC_03,healthy,0.76,0.1889,0.21121,0.93738,-0.506,-0.272,-0.01,True
HC_03,healthy,0.77,0.18454,0.24077,0.93481,-1.505,-0.093,0.075,True
HC_03,healthy,0.78,0.16315,0.22721,0.93462,-0.371,-1.049,-0.167,True
HC_03,healthy,0.79,0.21117,0.17764,0.96977,0.158,-0.677,1.465,True
HC_03,healthy,0.8,0.17653,0.17472,0.93931,0.822,-0.821,1.09,True
HC_03,healthy,0.81,0.19528,0.19757,0.95274,-1.564,0.519,0.87,True
HC_03,healthy,0.8200000000000001,0.16464,0.21905,0.93311,0.443,-0.064,1.547,True
HC_03,healthy,0.8300000000000001,0.17108,0.22904,0.94476,0.006,0.85,-0.924,True
HC_03,healthy,0.84,0.15442,0.19953,0.94445,1.36,0.6,-1.083,True
HC_03,healthy,0.85,0.14504,0.21353,0.93006,0.181,0.26,-0.759,True
HC_03,healthy,0.86,0.14022,0.22743,0.953,-1.698,-1.068,-0.922,True
HC_03,healthy,0.87,0.16986,0.20273,0.94387,-0.935,0.31,0.941,True
HC_03,healthy,0.88,0.15322,0.21435,0.93589,-0.45,-0.789,-0.276,True
HC_03,healthy,0.89,0.18133,0.19498,0.94306,1.265,0.07,1.836,True
HC_03,healthy,0.9,0.19303,0.20984,0.95485,-0.74,-0.608,0.835,True
HC_03,healthy,0.91,0.18375,0.2144,0.90611,1.38,1.485,0.109,True
HC_03,healthy,0.92,0.19034,0.18895,0.94781,-0.234,-0.107,-0.868,True
HC_03,healthy,0.93,0.15835,0.21555,0.93469,0.572,1.579,-0.44,True
HC_03,healthy,0.9400000000000001,0.18155,0.22674,0.94206,-0.717,0.462,-1.371,True
HC_03,healthy,0.9500000000000001,0.14819,0.21822,0.92267,-0.593,1.082,-0.652,True
HC_03,healthy,0.96,0.16922,0.20647,0.91984,-0.095,-1.243,-2.813,True
HC_03,healthy,0.97,0.15697,0.22985,0.93414,1.054,-0.623,-0.632,True
HC_03,healthy,0.98,0.18681,0.21866,0.95594,0.066,0.417,-1.366,True
HC_03,healthy,0.99,0.16445,0.22348,0.9187,1.041,0.714,1.227,True
HC_03,healthy,1.0,0.1967,0.24138,0.93782,-0.716,-0.284,2.119,True
HC_03,healthy,1.01,0.20898,0.22117,0.93735,0.407,0.239,2.541,True
HC_03,healthy,1.02,0.20569,0.20978,0.93525,0.208,-0.62,2.085,True
HC_03,healthy,1.03,0.18075,0.21227,0.91466,0.356,-0.156,-0.492,True
HC_03,healthy,1.04,0.19196,0.17122,0.93319,-0.263,-0.007,-0.166,True
HC_03,healthy,1.05,0.17852,0.19705,0.93898,1.342,0.109,-2.212,True
HC_03,healthy,1.06,0.15569,0.20577,0.95168,-0.643,-1.109,-1.032,True
HC_03,healthy,1.07,0.17659,0.21125,0.92147,0.244,-0.472,-1.869,True
HC_03,healthy,1.08,0.18307,0.21329,0.94028,0.643,0.59,-2.273,True
HC_03,healthy,1.09,0.1828,0.21845,0.94448,1.491,0.594,0.88,True
HC_03,healthy,1.1,0.22233,0.19506,0.92194,0.403,0.409,0.063,True
HC_03,healthy,1.11,0.18916,0.21071,0.95344,-0.427,0.253,1.64,True
HC_03,healthy,1.12,0.19462,0.22074,0.93996,0.102,-0.469,1.401,True
HC_03,healthy,1.1300000000000001,0.21304,0.18936,0.92846,1.895,0.101,1.554,True
HC_03,healthy,1.1400000000000001,0.16874,0.17092,0.90361,-0.953,0.256,1.022,True
HC_03,healthy,1.1500000000000001,0.16562,0.19591,0.95559,0.547,0.164,-0.547,True
HC_03,healthy,1.16,0.17439,0.20648,0.9159,0.001,1.37,-1.123,True
HC_03,healthy,1.17,0.15033,0.22372,0.95865,1.531,0.635,-1.022,True
HC_03,healthy,1.18,0.15583,0.22218,0.93412,1.459,0.115,-0.95,True
HC_03,healthy,1.19,0.16654,0.25072,0.96375,-0.391,1.198,-1.235,True
HC_03,healthy,1.2,0.20549,0.25357,0.94389,0.453,0.694,0.251,True
HC_03,healthy,1.21,0.17026,0.22057,0.9294,-0.504,-0.284,1.185,True
HC_03,healthy,1.22,0.19952,0.24025,0.92516,-0.85,-0.428,2.085,True
HC_03,healthy,1.23,0.23864,0.2141,0.93934,-0.08,1.504,2.834,True
HC_03,healthy,1.24,0.2235,0.22268,0.92227,1.08,0.051,0.801,True
HC_03,healthy,1.25,0.18555,0.20636,0.89938,1.443,-0.328,0.581,True
HC_03,healthy,1.26,0.17896,0.19986,0.92974,1.179,0.85,0.135,True
HC_03,healthy,1.27,0.17889,0.23651,0.95714,-0.16,-0.412,-1.258,True
HC_03,healthy,1.28,0.1794,0.20564,0.92409,1.235,1.762,-1.603,True
HC_03,healthy,1.29,0.18632,0.21528,0.92616,0.507,0.434,-1.395,True
HC_03,healthy,1.3,0.15691,0.24557,0.93517,-0.272,1.586,0.217,True
HC_03,healthy,1.31,0.20407,0.24268,0.93946,0.558,1.322,0.658,True
HC_03,healthy,1.32,0.20494,0.24336,0.90824,-0.756,-0.073,0.451,True
HC_03,healthy,1.33,0.18879,0.2267,0.97593,1.737,0.433,1.106,True
HC_03,healthy,1.34,0.19686,0.21914,0.91863,0.286,1.645,1.673,True
HC_03,healthy,1.35,0.20353,0.2094,0.93012,1.362,0.459,0.846,True
HC_03,healthy,1.36,0.20747,0.22589,0.93368,0.62,1.519,-0.216,True
HC_03,healthy,1.37,0.15287,0.23098,0.94781,-0.107,-0.426,-0.715,True
HC_03,healthy,1.3800000000000001,0.16985,0.21927,0.95164,0.097,1.221,-1.975,True
HC_03,healthy,1.3900000000000001,0.15456,0.20632,0.89081,0.903,0.454,-2.347,True
HC_03,healthy,1.4000000000000001,0.17861,0.2089,0.90431,0.589,-0.353,-1.223,True
HC_03,healthy,1.41,0.16418,0.2418,0.95522,0.826,0.386,0.062,True
HC_03,healthy,1.42,0.19183,0.24601,0.94062,0.32,0.191,0.869,True
HC_03,healthy,1.43,0.1877,0.25158,0.93773,-0.432,-0.868,2.019,True
HC_03,healthy,1.44,0.2287,0.22126,0.94411,0.54,-0.475,2.155,True
HC_03,healthy,1.45,0.1815,0.21888,0.92806,-0.099,0.645,1.734,True
HC_03,healthy,1.46,0.21594,0.23492,0.9553,0.778,-1.448,-0.363,True
HC_03,healthy,1.47,0.19798,0.21655,0.92415,-0.985,-0.208,1.132,True
HC_03,healthy,1.48,0.18387,0.20743,0.92325,-1.365,0.298,-0.122,True
HC_03,healthy,1.49,0.1853,0.21219,0.95426,0.818,-1.488,-0.449,True
HC_03,healthy,1.5,0.17112,0.22201,0.93341,-1.128,0.211,-0.583,True
HC_03,healthy,1.51,0.20638,0.22607,0.92696,1.264,0.354,-0.325,True
HC_03,healthy,1.52,0.16063,0.23138,0.93985,0.577,-0.344,-1.042,True
HC_03,healthy,1.53,0.19312,0.23687,0.93326,-1.099,-0.293,-0.933,True
HC_03,healthy,1.54,0.18611,0.2265,0.94943,-0.185,-1.476,1.49,True
HC_03,healthy,1.55,0.20344,0.22255,0.90731,0.739,0.671,2.609,True
HC_03,healthy,1.56,0.17159,0.23485,0.91527,0.276,0.15,3.089,True
HC_03,healthy,1.57,0.19338,0.22628,0.94436,-0.716,0.049,1.563,True
HC_03,healthy,1.58,0.22066,0.21866,0.93707,0.488,1.192,0.257,True
HC_03,healthy,1.59,0.19626,0.22174,0.90946,0.375,0.009,-0.514,True
HC_03,healthy,1.6,0.14308,0.21549,0.93912,0.241,0.607,-0.07,True
HC_03,healthy,1.61,0.16912,0.22298,0.92763,1.278,-1.26,-1.972,True
HC_03,healthy,1.62,0.15653,0.2421,0.94553,-0.713,-0.086,-2.785,True
HC_03,healthy,1.6300000000000001,0.18669,0.25531,0.91296,-0.25,0.028,-0.881,True
HC_03,healthy,1.6400000000000001,0.21529,0.24619,0.95525,0.278,0.384,0.01,True
HC_03,healthy,1.6500000000000001,0.19415,0.22287,0.92905,1.352,-0.17,1.158,True
HC_03,healthy,1.6600000000000001,0.22106,0.23598,0.93707,0.054,-0.074,1.763,True
HC_03,healthy,1.67,0.19998,0.21087,0.90752,0.347,-0.488,1.137,True
HC_03,healthy,1.68,0.20253,0.22638,0.90402,0.103,-0.632,0.13,True
HC_03,healthy,1.69,0.20364,0.22682,0.94477,-1.021,1.061,-1.327,True
HC_03,healthy,1.7,0.18199,0.18939,0.92834,0.597,-0.364,-1.406,True
HC_03,healthy,1.71,0.16785,0.21679,0.94785,0.854,0.725,0.045,True
HC_03,healthy,1.72,0.18617,0.21644,0.93631,0.305,-1.217,-0.959,True
HC_03,healthy,1.73,0.18226,0.22772,0.93242,0.422,-0.043,-0.773,True
HC_03,healthy,1.74,0.19961,0.22585,0.93402,-0.18,-0.206,-0.816,True
HC_03,healthy,1.75,0.18168,0.21232,0.94667,-0.407,-1.844,2.004,True
HC_03,healthy,1.76,0.19804,0.21997,0.9118,-0.031,-1.278,1.317,True
HC_03,healthy,1.77,0.23064,0.23986,0.91611,0.043,-2.234,1.728,True
HC_03,healthy,1.78,0.18748,0.23403,0.92888,-0.585,0.368,1.639,True
HC_03,healthy,1.79,0.19533,0.19967,0.9099,1.121,0.033,0.539,True
HC_03,healthy,1.8,0.20257,0.21178,0.90011,-0.111,-0.914,-0.589,True
HC_03,healthy,1.81,0.16968,0.20756,0.91067,-1.066,0.123,-0.759,True
HC_03,healthy,1.82,0.18042,0.18986,0.91268,0.362,0.393,-0.3,True
HC_03,healthy,1.83,0.18867,0.22879,0.91605,0.69,0.806,-1.627,True
HC_03,healthy,1.84,0.18049,0.22674,0.92756,-0.253,-0.872,-2.614,True
HC_03,healthy,1.85,0.19797,0.24359,0.92201,-1.453,-0.282,0.082,True
HC_03,healthy,1.86,0.21998,0.25475,0.9344,0.649,1.326,1.126,True
HC_03,healthy,1.87,0.19324,0.20023,0.92282,-0.432,0.178,1.605,True
HC_03,healthy,1.8800000000000001,0.22513,0.23352,0.92138,0.196,0.134,2.271,True
HC_03,healthy,1.8900000000000001,0.21149,0.24733,0.90329,-0.065,-0.723,-0.683,True
HC_03,healthy,1.9000000000000001,0.21575,0.22739,0.9133,-0.607,0.53,1.247,True
HC_03,healthy,1.9100000000000001,0.19327,0.22018,0.91976,-0.832,1.022,-0.616,True
HC_03,healthy,1.92,0.19956,0.20584,0.93502,0.496,-0.938,-0.725,True
HC_03,healthy,1.93,0.18198,0.2339,0.93832,0.406,-0.387,-0.396,True
HC_03,healthy,1.94,0.18474,0.24738,0.91923,-0.733,0.241,-1.671,True
HC_03,healthy,1.95,0.18626,0.25436,0.92254,-0.875,-1.237,-1.123,True
HC_03,healthy,1.96,0.21608,0.26395,0.9239,-0.622,-0.493,-0.503,True
HC_03,healthy,1.97,0.17792,0.2258,0.89451,-0.202,-0.724,0.507,True
HC_03,healthy,1.98,0.21157,0.22191,0.91215,1.366,0.079,2.152,True
HC_03,healthy,1.99,0.21973,0.22622,0.91029,0.751,-0.608,1.102,True
HC_03,healthy,2.0,0.20832,0.21515,0.94536,-0.191,-0.709,0.492,True
HC_03,healthy,2.0100000000000002,0.20634,0.19938,0.91823,-0.218,-0.047,1.314,True
HC_03,healthy,2.02,0.21765,0.20286,0.92156,-0.3,1.013,-1.32,True
HC_03,healthy,2.0300000000000002,0.18988,0.19133,0.9219,-1.709,-0.182,-0.516,True
HC_03,healthy,2.04,0.15883,0.2126,0.9472,-1.113,0.497,-2.185,True
HC_03,healthy,2.05,0.17945,0.22294,0.92048,0.605,0.293,-2.608,True
HC_03,healthy,2.06,0.17975,0.23926,0.92128,0.143,0.055,-0.104,True
HC_03,healthy,2.07,0.19931,0.23628,0.9153,-0.709,-0.365,-0.569,True
HC_03,healthy,2.08,0.21558,0.24202,0.94046,-0.03,1.138,-0.677,True
HC_03,healthy,2.09,0.22091,0.20894,0.90496,-0.638,1.065,-0.149,True
HC_03,healthy,2.1,0.23861,0.20084,0.91428,1.951,0.797,1.699,True
HC_03,healthy,2.11,0.20964,0.21463,0.94506,-0.095,0.046,1.258,True
HC_03,healthy,2.12,0.20871,0.20713,0.92995,0.297,0.048,0.91,True
HC_03,healthy,2.13,0.19445,0.22738,0.95826,-0.983,-0.194,-0.038,True
HC_03,healthy,2.14,0.17192,0.20235,0.90078,0.85,0.237,-3.396,True
HC_03,healthy,2.15,0.19176,0.20924,0.92795,0.047,0.071,-1.343,True
HC_03,healthy,2.16,0.17465,0.21809,0.91771,-1.283,0.199,-0.737,True
HC_03,healthy,2.17,0.18505,0.24461,0.92965,-0.879,-0.407,-1.198,True
HC_03,healthy,2.18,0.20877,0.23696,0.9328,1.474,0.558,-0.078,True
HC_03,healthy,2.19,0.21599,0.21001,0.94338,-0.048,0.094,0.681,True
HC_03,healthy,2.2,0.19299,0.25925,0.94388,-0.167,-0.087,1.374,True
HC_03,healthy,2.21,0.21107,0.19935,0.91706,-0.288,0.316,3.132,True
HC_03,healthy,2.22,0.19329,0.21932,0.91905,1.11,-0.265,0.117,True
HC_03,healthy,2.23,0.21532,0.19975,0.90597,-2.36,-0.976,-0.192,True
HC_03,healthy,2.24,0.20009,0.18947,0.92019,-0.327,-0.459,-1.558,True
HC_03,healthy,2.25,0.17438,0.20314,0.94792,0.23,0.33,0.358,True
HC_03,healthy,2.2600000000000002,0.22245,0.22438,0.92154,-0.068,-0.03,-0.711,True
HC_03,healthy,2.27,0.17784,0.23216,0.92706,0.174,1.679,-2.284,True
HC_03,healthy,2.2800000000000002,0.20567,0.23194,0.94703,-0.233,0.305,-0.392,True
HC_03,healthy,2.29,0.19533,0.23601,0.92181,0.195,0.654,-0.972,True
HC_03,healthy,2.3000000000000003,0.20076,0.19996,0.9346,-0.022,-0.057,2.149,True
HC_03,healthy,2.31,0.23846,0.22552,0.92124,-1.696,-0.423,1.166,True
HC_03,healthy,2.32,0.20218,0.2243,0.91913,-0.868,0.786,1.41,True
HC_03,healthy,2.33,0.2107,0.22044,0.92853,0.025,2.206,0.177,True
HC_03,healthy,2.34,0.19947,0.22549,0.91378,0.81,1.029,0.431,True
HC_03,healthy,2.35,0.18029,0.21269,0.93719,-0.865,1.277,0.37,True
HC_03,healthy,2.36,0.16489,0.23044,0.89411,0.177,-0.048,-1.898,True
HC_03,healthy,2.37,0.1954,0.21971,0.91932,0.128,0.595,-3.129,True
HC_03,healthy,2.38,0.19899,0.22413,0.90834,0.167,0.612,-1.539,True
HC_03,healthy,2.39,0.20042,0.22632,0.91466,1.023,-0.56,-0.491,True
HC_03,healthy,2.4,0.18291,0.24735,0.9223,-0.317,-0.263,-0.095,True
HC_03,healthy,2.41,0.20087,0.23121,0.9211,-0.698,-0.116,0.313,True
HC_03,healthy,2.42,0.21914,0.24335,0.922,0.096,0.245,1.897,True
HC_03,healthy,2.43,0.20608,0.2143,0.93608,-0.867,1.136,-0.286,True
HC_03,healthy,2.44,0.22416,0.22574,0.94439,-0.01,-1.286,-0.523,True
HC_03,healthy,2.45,0.19103,0.19319,0.89883,1.253,1.821,-0.961,True
HC_03,healthy,2.46,0.18521,0.20901,0.9225,-0.136,-1.597,-0.481,True
HC_03,healthy,2.47,0.16702,0.2128,0.93789,0.224,-0.163,-1.464,True
HC_03,healthy,2.48,0.20427,0.20467,0.93535,-0.012,-0.323,-1.853,True
HC_03,healthy,2.49,0.17689,0.21498,0.91975,0.259,-1.234,-1.761,True
HC_03,healthy,2.5,0.20216,0.20054,0.94454,-0.198,0.016,-0.23,True
HC_03,healthy,2.5100000000000002,0.21132,0.2485,0.91322,-1.557,-1.267,0.488,True
HC_03,healthy,2.52,0.21586,0.24417,0.91662,0.622,-0.517,1.171,True
HC_03,healthy,2.5300000000000002,0.22788,0.23054,0.93405,-0.111,0.749,2.63,True
HC_03,healthy,2.54,0.19845,0.22036,0.91983,-0.088,-0.074,0.742,True
HC_03,healthy,2.5500000000000003,0.22253,0.18961,0.90739,-0.069,-0.961,0.759,True
HC_03,healthy,2.56,0.21142,0.23651,0.92211,-0.078,-0.071,0.101,True
HC_03,healthy,2.57,0.20675,0.21579,0.92831,-1.016,0.203,-0.238,True
HC_03,healthy,2.58,0.19639,0.19892,0.92445,-0.733,-1.684,-1.569,True
HC_03,healthy,2.59,0.18621,0.23276,0.90264,0.174,-0.276,-1.029,True
HC_03,healthy,2.6,0.17546,0.24127,0.9494,1.194,-0.971,-1.341,True
HC_03,healthy,2.61,0.16236,0.22339,0.91551,0.218,0.13,-0.316,True
HC_03,healthy,2.62,0.23994,0.2577,0.91901,0.78,0.911,-0.313,True
HC_03,healthy,2.63,0.20002,0.23324,0.91602,-1.357,-0.385,2.464,True
HC_03,healthy,2.64,0.22344,0.24405,0.91671,-1.024,-0.098,0.847,True
HC_03,healthy,2.65,0.21456,0.19552,0.94369,-0.212,-1.451,3.074,True
HC_03,healthy,2.66,0.20788,0.18757,0.90419,0.223,-0.334,1.694,True
HC_03,healthy,2.67,0.19474,0.18774,0.8974,-0.15,-0.292,1.754,True
HC_03,healthy,2.68,0.18867,0.23339,0.9193,-1.008,1.181,-1.636,True
HC_03,healthy,2.69,0.17638,0.24424,0.92537,-0.594,0.195,-2.238,True
HC_03,healthy,2.7,0.17682,0.20137,0.93999,-0.177,1.09,-1.599,True
HC_03,healthy,2.71,0.17889,0.22635,0.88954,0.569,1.21,-1.943,True
HC_03,healthy,2.72,0.19134,0.24504,0.90119,-0.462,-0.633,0.451,True
HC_03,healthy,2.73,0.1757,0.22034,0.93827,0.36,-0.363,0.972,True
HC_03,healthy,2.74,0.23297,0.21908,0.93687,-0.017,0.359,-0.463,True
HC_03,healthy,2.75,0.21551,0.23749,0.90863,-1.155,-1.222,1.051,True
HC_03,healthy,2.7600000000000002,0.2037,0.2188,0.917,-1.493,-1.033,1.556,True
HC_03,healthy,2.77,0.19255,0.20847,0.93125,1.041,-0.575,0.537,True
HC_03,healthy,2.7800000000000002,0.20746,0.20186,0.90986,-0.085,-0.258,-0.864,True
HC_03,healthy,2.79,0.18425,0.22996,0.93269,-1.599,0.428,0.486,True
HC_03,healthy,2.8000000000000003,0.1849,0.20615,0.91668,1.35,-0.373,-0.301,True
HC_03,healthy,2.81,0.1948,0.23071,0.90997,-0.53,-0.378,-0.904,True
HC_03,healthy,2.82,0.17246,0.2279,0.92997,1.394,0.779,-0.808,True
HC_03,healthy,2.83,0.17907,0.24653,0.92996,-0.253,-1.606,0.048,True
HC_03,healthy,2.84,0.21317,0.2098,0.92309,-0.225,0.026,1.636,True
HC_03,healthy,2.85,0.22832,0.23684,0.924,-0.109,0.497,0.916,True
HC_03,healthy,2.86,0.19755,0.22497,0.93183,-0.673,-0.792,2.873,True
HC_03,healthy,2.87,0.20796,0.21717,0.92621,-0.84,-0.22,1.08,True
HC_03,healthy,2.88,0.19178,0.21852,0.91718,-0.35,0.297,1.24,True
HC_03,healthy,2.89,0.19789,0.2191,0.93673,-0.217,0.796,0.392,True
HC_03,healthy,2.9,0.19917,0.23957,0.95044,-1.611,-0.153,-0.405,True
HC_03,healthy,2.91,0.18167,0.23393,0.92803,0.601,-1.022,-1.233,True
HC_03,healthy,2.92,0.20138,0.23565,0.94883,1.638,-0.093,-1.114,True
HC_03,healthy,2.93,0.18999,0.25306,0.89495,0.017,1.931,-0.504,True
HC_03,healthy,2.94,0.19842,0.23802,0.91931,-1.8,-0.905,-0.604,True
HC_03,healthy,2.95,0.18883,0.22887,0.91343,-0.049,-0.577,0.858,True
HC_03,healthy,2.96,0.20607,0.24361,0.91236,-0.092,-1.495,1.08,True
HC_03,healthy,2.97,0.22546,0.21124,0.92529,-0.33,-0.595,2.631,True
HC_03,healthy,2.98,0.20625,0.22851,0.93781,1.151,0.575,2.104,True
HC_03,healthy,2.99,0.19988,0.23762,0.91654,0.51,0.321,1.745,True
HC_03,healthy,3.0,0.22104,0.21471,0.92212,-0.766,0.848,1.103,True
HC_03,healthy,3.0100000000000002,0.18022,0.20515,0.90305,2.454,-0.789,0.75,True
HC_03,healthy,3.02,0.17361,0.24196,0.92189,0.159,-0.252,-1.0,True
HC_03,healthy,3.0300000000000002,0.17851,0.22096,0.9613,-0.315,0.274,-1.9,True
HC_03,healthy,3.04,0.18287,0.25238,0.92637,0.626,0.777,-0.974,True
HC_03,healthy,3.0500000000000003,0.20168,0.22948,0.92631,0.887,-0.771,-0.187,True
HC_03,healthy,3.06,0.17743,0.23731,0.93536,0.919,0.585,-0.885,True
HC_03,healthy,3.0700000000000003,0.19492,0.21978,0.91362,0.164,2.309,1.658,True
HC_03,healthy,3.08,0.2367,0.2301,0.92796,0.759,-1.229,1.002,True
HC_03,healthy,3.09,0.18856,0.23788,0.94917,0.374,1.055,-0.625,True
HC_03,healthy,3.1,0.2318,0.21415,0.92557,0.034,1.637,0.811,True
HC_03,healthy,3.11,0.19556,0.20095,0.93156,-1.004,-0.169,-0.628,True
HC_03,healthy,3.12,0.17205,0.21157,0.92811,1.146,0.652,-1.257,True
HC_03,healthy,3.13,0.19827,0.2076,0.90388,1.149,0.412,-1.351,True
HC_03,healthy,3.14,0.15905,0.20691,0.94302,0.291,0.359,-1.966,True
HC_03,healthy,3.15,0.18654,0.24517,0.93148,0.116,-0.108,-1.532,True
HC_03,healthy,3.16,0.2342,0.23683,0.94104,-0.948,-0.865,-0.34,True
HC_03,healthy,3.17,0.20248,0.23534,0.92744,-0.114,1.196,-0.063,True
HC_03,healthy,3.18,0.18274,0.24245,0.92123,-1.054,-0.657,0.74,True
HC_03,healthy,3.19,0.22566,0.19626,0.92867,-1.193,1.032,0.939,True
HC_03,healthy,3.2,0.22075,0.21451,0.94362,0.048,0.345,0.51,True
HC_03,healthy,3.21,0.19266,0.22558,0.92336,-0.925,-0.057,-0.417,True
HC_03,healthy,3.22,0.1619,0.19616,0.92513,0.881,0.395,-1.406,True
HC_03,healthy,3.23,0.16766,0.19786,0.91053,-0.897,0.092,-1.999,True
HC_03,healthy,3.24,0.19807,0.22261,0.94691,-0.478,-0.702,-2.288,True
HC_03,healthy,3.25,0.13899,0.24975,0.93116,0.333,-1.105,-1.942,True
HC_03,healthy,3.2600000000000002,0.18693,0.21859,0.93272,-0.08,-1.246,0.149,True
HC_03,healthy,3.27,0.19433,0.25478,0.92941,-0.973,-0.792,-1.369,True
HC_03,healthy,3.2800000000000002,0.23863,0.22934,0.9243,0.028,0.403,0.252,True
HC_03,healthy,3.29,0.21923,0.22945,0.9131,-0.491,0.886,0.92,True
HC_03,healthy,3.3000000000000003,0.20355,0.19798,0.94024,0.534,-1.678,1.613,True
HC_03,healthy,3.31,0.23026,0.19813,0.90162,0.117,1.251,2.185,True
HC_03,healthy,3.3200000000000003,0.20968,0.22326,0.89749,-0.586,1.053,0.647,True
HC_03,healthy,3.33,0.20374,0.20985,0.93602,-0.106,-0.687,-0.751,True
HC_03,healthy,3.34,0.17467,0.22924,0.92691,0.049,-0.764,-0.696,True
HC_03,healthy,3.35,0.18207,0.21324,0.93927,0.949,-1.195,-2.377,True
HC_03,healthy,3.36,0.16257,0.2344,0.93066,0.36,0.713,-1.554,True
HC_03,healthy,3.37,0.21679,0.20901,0.90461,1.573,-1.449,0.429,True
HC_03,healthy,3.38,0.18874,0.22084,0.94066,-1.655,1.118,-1.395,True
HC_03,healthy,3.39,0.1841,0.22044,0.9316,-0.512,0.418,-0.295,True
HC_03,healthy,3.4,0.18578,0.24262,0.92657,0.562,0.965,1.947,True
HC_03,healthy,3.41,0.1899,0.20445,0.92437,-0.689,-0.317,1.798,True
HC_03,healthy,3.42,0.1822,0.1956,0.95965,-0.166,1.09,0.212,True
HC_03,healthy,3.43,0.1713,0.19931,0.9235,0.352,-1.147,0.043,True
HC_03,healthy,3.44,0.23479,0.21561,0.94957,0.638,0.39,0.166,True
HC_03,healthy,3.45,0.14789,0.24272,0.90922,-1.06,-0.671,0.07,True
HC_03,healthy,3.46,0.16402,0.22784,0.92293,-0.638,1.026,-2.059,True
HC_03,healthy,3.47,0.16577,0.19948,0.92788,0.799,0.278,-1.824,True
HC_03,healthy,3.48,0.18832,0.22315,0.90543,0.802,1.488,-0.164,True
HC_03,healthy,3.49,0.17943,0.24412,0.93383,0.082,0.923,0.516,True
HC_03,healthy,3.5,0.20262,0.2587,0.93534,-0.292,-0.974,1.114,True
HC_03,healthy,3.5100000000000002,0.22523,0.21133,0.92177,-1.136,-0.682,2.848,True
HC_03,healthy,3.52,0.20893,0.22598,0.93142,0.492,-0.317,2.483,True
HC_03,healthy,3.5300000000000002,0.19818,0.18751,0.92246,-0.549,-0.025,3.275,True
HC_03,healthy,3.54,0.20499,0.1962,0.91837,0.317,-0.318,-0.028,True
HC_03,healthy,3.5500000000000003,0.17759,0.19029,0.92795,0.071,-0.383,-0.717,True
HC_03,healthy,3.56,0.1713,0.21141,0.93144,0.19,-0.538,-1.966,True
HC_03,healthy,3.5700000000000003,0.17333,0.20638,0.93084,0.437,-0.253,-1.978,True
HC_03,healthy,3.58,0.16342,0.22148,0.92594,-1.797,-0.906,-0.878,True
HC_03,healthy,3.59,0.20136,0.21804,0.92238,0.752,-0.374,-1.34,True
HC_03,healthy,3.6,0.18904,0.22961,0.91155,-0.248,0.107,-0.309,True
HC_03,healthy,3.61,0.19033,0.22044,0.91996,-1.265,0.091,2.041,True
HC_03,healthy,3.62,0.20021,0.21614,0.91079,-0.205,0.084,0.985,True
HC_03,healthy,3.63,0.18718,0.21723,0.9283,-0.533,-0.372,-0.358,True
HC_03,healthy,3.64,0.19971,0.21666,0.94571,0.512,0.28,1.374,True
HC_03,healthy,3.65,0.17534,0.20468,0.96438,-1.199,-0.411,-0.15,True
HC_03,healthy,3.66,0.19201,0.19652,0.92398,-0.337,0.166,-1.52,True
HC_03,healthy,3.67,0.17144,0.20071,0.90138,-0.192,0.319,-1.559,True
HC_03,healthy,3.68,0.17167,0.20926,0.93274,-0.366,0.931,-2.243,True
HC_03,healthy,3.69,0.17562,0.25682,0.93632,-0.209,-1.435,-1.067,True
HC_03,healthy,3.7,0.15534,0.23785,0.95075,0.089,0.61,-1.166,True
HC_03,healthy,3.71,0.20686,0.18617,0.92411,0.487,0.03,0.883,True
HC_03,healthy,3.72,0.1888,0.2151,0.9608,-0.793,0.68,3.068,True
HC_03,healthy,3.73,0.19837,0.23662,0.92673,0.279,0.681,0.967,True
HC_03,healthy,3.74,0.21237,0.24641,0.92941,0.69,-0.626,2.361,True
HC_03,healthy,3.75,0.20285,0.19788,0.94279,-0.34,-1.267,0.42,True
HC_03,healthy,3.7600000000000002,0.19092,0.22179,0.9459,0.357,0.364,0.899,True
HC_03,healthy,3.77,0.17186,0.23118,0.93046,0.254,0.659,-1.523,True
HC_03,healthy,3.7800000000000002,0.17744,0.21056,0.91645,0.598,1.855,-1.715,True
HC_03,healthy,3.79,0.1611,0.25849,0.93145,0.325,-0.191,-2.424,True
HC_03,healthy,3.8000000000000003,0.17128,0.23985,0.93981,0.392,-0.049,0.114,True
HC_03,healthy,3.81,0.18852,0.23686,0.96719,-0.425,1.632,-0.337,True
HC_03,healthy,3.8200000000000003,0.18986,0.23723,0.91031,1.863,0.344,0.799,True
HC_03,healthy,3.83,0.16614,0.22671,0.9057,0.046,-0.346,2.392,True
HC_03,healthy,3.84,0.19204,0.22578,0.92769,0.057,0.96,3.187,True
HC_03,healthy,3.85,0.1948,0.22356,0.95593,0.184,0.814,-0.202,True
HC_03,healthy,3.86,0.20691,0.19832,0.9419,-1.515,1.137,0.392,True
HC_03,healthy,3.87,0.19737,0.19943,0.94343,1.019,0.282,0.004,True
HC_03,healthy,3.88,0.19063,0.20236,0.9094,-1.078,-0.368,-0.633,True
HC_03,healthy,3.89,0.14022,0.20786,0.92596,0.501,0.842,-1.166,True
HC_03,healthy,3.9,0.17414,0.22344,0.95495,-0.003,1.648,-1.757,True
HC_03,healthy,3.91,0.17308,0.21513,0.93793,-0.899,0.683,-1.558,True
HC_03,healthy,3.92,0.21022,0.23985,0.9009,0.458,-0.718,-0.341,True
HC_03,healthy,3.93,0.19125,0.23058,0.93812,-1.435,0.241,1.244,True
HC_03,healthy,3.94,0.21054,0.20676,0.913,0.431,-0.934,0.719,True
HC_03,healthy,3.95,0.20312,0.22108,0.93222,-0.495,0.535,2.361,True
HC_03,healthy,3.96,0.18329,0.2052,0.93383,-0.12,-0.003,1.508,True
HC_03,healthy,3.97,0.16091,0.20101,0.93086,0.077,1.004,0.652,True
HC_03,healthy,3.98,0.1657,0.21858,0.94619,-0.216,-0.577,-0.645,True
HC_03,healthy,3.99,0.1565,0.20574,0.92964,0.221,1.344,-0.749,True
HC_03,healthy,4.0,0.15485,0.22732,0.93949,-1.278,1.03,-3.487,True
HC_03,healthy,4.01,0.18405,0.20977,0.95505,-0.742,-0.646,-0.823,True
HC_03,healthy,4.0200000000000005,0.17729,0.22035,0.95556,-1.513,-0.188,-1.583,True
HC_03,healthy,4.03,0.18192,0.21681,0.9417,-0.054,1.443,-1.18,True
HC_03,healthy,4.04,0.18543,0.22262,0.93241,0.548,0.186,2.471,True
HC_03,healthy,4.05,0.19296,0.22209,0.95111,1.285,0.131,0.576,True
HC_03,healthy,4.0600000000000005,0.17864,0.22593,0.91247,-0.496,-0.179,3.255,True
HC_03,healthy,4.07,0.17846,0.23579,0.96234,1.282,-0.273,1.18,True
HC_03,healthy,4.08,0.17507,0.2119,0.91945,0.282,0.029,0.757,True
HC_03,healthy,4.09,0.18138,0.20739,0.93229,0.612,0.366,-1.908,True
HC_03,healthy,4.1,0.15819,0.21004,0.9095,-0.398,-0.014,-1.265,True
HC_03,healthy,4.11,0.16939,0.22091,0.9325,-0.048,0.185,-0.569,True
HC_03,healthy,4.12,0.18141,0.20116,0.95387,-1.064,-0.21,-1.153,True
HC_03,healthy,4.13,0.16616,0.23945,0.93918,0.609,0.286,-0.344,True
HC_03,healthy,4.14,0.15928,0.22259,0.92481,-0.235,0.531,-0.453,True
HC_03,healthy,4.15,0.19957,0.25014,0.93458,0.138,-0.468,1.059,True
HC_03,healthy,4.16,0.21014,0.2117,0.9436,-0.089,0.062,1.279,True
HC_03,healthy,4.17,0.21479,0.23034,0.91624,-0.373,-0.273,1.185,True
HC_03,healthy,4.18,0.20318,0.219,0.91047,1.181,0.14,1.425,True
HC_03,healthy,4.19,0.20068,0.20602,0.97592,0.734,0.359,0.377,True
HC_03,healthy,4.2,0.16947,0.19927,0.93883,-0.925,0.969,1.857,True
HC_03,healthy,4.21,0.14479,0.20124,0.93986,0.094,0.528,-0.317,True
HC_03,healthy,4.22,0.16402,0.18021,0.90698,0.152,-0.576,-1.632,True
HC_03,healthy,4.23,0.15584,0.21429,0.94175,1.313,-0.769,-1.636,True
HC_03,healthy,4.24,0.15591,0.22037,0.94671,0.254,0.581,-2.324,True
HC_03,healthy,4.25,0.17361,0.23009,0.93396,0.198,0.194,0.743,True
HC_03,healthy,4.26,0.16133,0.22657,0.9157,0.585,-0.832,1.626,True
HC_03,healthy,4.2700000000000005,0.16657,0.20892,0.94128,1.304,1.06,1.074,True
HC_03,healthy,4.28,0.18571,0.19087,0.97055,-0.614,-0.447,2.132,True
HC_03,healthy,4.29,0.16677,0.19836,0.95281,0.013,-0.267,1.251,True
HC_03,healthy,4.3,0.17781,0.19646,0.95439,-0.868,0.965,-0.168,True
HC_03,healthy,4.3100000000000005,0.16662,0.18183,0.9693,0.26,-0.994,-0.721,True
HC_03,healthy,4.32,0.15976,0.18679,0.9652,1.376,-0.481,-2.806,True
HC_03,healthy,4.33,0.14377,0.19959,0.92457,-0.539,0.713,-0.343,True
HC_03,healthy,4.34,0.17853,0.19314,0.94886,-0.869,0.545,-1.561,True
HC_03,healthy,4.3500000000000005,0.18885,0.2223,0.93225,0.732,1.342,0.335,True
HC_03,healthy,4.36,0.16966,0.2304,0.92525,-0.876,0.829,-1.5,True
HC_03,healthy,4.37,0.18308,0.20786,0.93934,0.193,-1.079,0.145,True
HC_03,healthy,4.38,0.17532,0.22537,0.96747,-0.38,0.313,1.748,True
HC_03,healthy,4.39,0.16344,0.20654,0.95264,0.462,-0.203,2.534,True
HC_03,healthy,4.4,0.17203,0.20244,0.96411,0.043,-0.916,0.946,True
HC_03,healthy,4.41,0.15147,0.20264,0.95761,-0.199,-0.408,0.592,True
HC_03,healthy,4.42,0.16716,0.19856,0.95688,0.363,0.292,-0.907,True
HC_03,healthy,4.43,0.15867,0.21139,0.96743,1.034,-0.159,-0.841,True
HC_03,healthy,4.44,0.1415,0.19782,0.89982,0.904,-0.712,-1.815,True
HC_03,healthy,4.45,0.14381,0.24338,0.92851,0.14,-1.026,-0.388,True
HC_03,healthy,4.46,0.16307,0.20883,0.93852,1.015,0.688,-0.882,True
HC_03,healthy,4.47,0.17656,0.22877,0.9216,-0.457,1.437,-0.507,True
HC_03,healthy,4.48,0.18043,0.23403,0.95581,0.466,0.647,2.109,True
HC_03,healthy,4.49,0.17952,0.22477,0.94556,-0.211,-1.091,0.546,True
HC_03,healthy,4.5,0.16951,0.22158,0.95542,-0.101,-0.287,1.39,True
HC_03,healthy,4.51,0.19116,0.2031,0.93815,0.834,-0.56,0.916,True
HC_03,healthy,4.5200000000000005,0.16404,0.21409,0.92905,0.218,-0.036,0.317,True
HC_03,healthy,4.53,0.18192,0.17693,0.93851,-0.587,0.19,-0.279,True
HC_03,healthy,4.54,0.15163,0.19065,0.928,-0.31,-0.086,-0.612,True
HC_03,healthy,4.55,0.17567,0.17237,0.95268,0.374,-1.348,-1.559,True
HC_03,healthy,4.5600000000000005,0.13627,0.19905,0.95638,0.11,0.297,-1.455,True
HC_03,healthy,4.57,0.15957,0.20178,0.92685,0.511,-0.321,-0.11,True
HC_03,healthy,4.58,0.18504,0.22092,0.94558,0.986,0.413,0.645,True
HC_03,healthy,4.59,0.16723,0.22415,0.94557,-0.401,0.852,1.5,True
HC_03,healthy,4.6000000000000005,0.18189,0.19203,0.9749,-0.304,-1.737,1.521,True
HC_03,healthy,4.61,0.15106,0.18468,0.92876,-0.198,2.26,2.591,True
HC_03,healthy,4.62,0.19111,0.20964,0.94958,-0.462,1.066,0.397,True
HC_03,healthy,4.63,0.13798,0.19351,0.90627,0.72,0.042,0.45,True
HC_03,healthy,4.64,0.13148,0.20822,0.92371,0.554,0.58,-0.186,True
HC_03,healthy,4.65,0.13499,0.19664,0.94391,-1.302,-0.318,-0.509,True
HC_03,healthy,4.66,0.10195,0.22734,0.97529,0.488,0.002,-2.712,True
HC_03,healthy,4.67,0.13828,0.20578,0.91982,0.01,-1.126,-0.937,True
HC_03,healthy,4.68,0.15834,0.21622,0.95353,-0.909,-0.265,-0.566,True
HC_03,healthy,4.69,0.17052,0.21086,0.93611,-0.012,0.525,1.481,True
HC_03,healthy,4.7,0.16945,0.2335,0.94688,-0.781,0.63,2.123,True
HC_03,healthy,4.71,0.17831,0.19736,0.96648,-0.39,0.543,1.545,True
HC_03,healthy,4.72,0.17372,0.18937,0.9637,1.204,-0.357,0.407,True
HC_03,healthy,4.73,0.1696,0.18793,0.90828,-0.317,0.751,0.438,True
HC_03,healthy,4.74,0.18531,0.18564,0.91947,1.043,0.929,0.344,True
HC_03,healthy,4.75,0.15359,0.19599,0.94202,-0.791,0.478,0.076,True
HC_03,healthy,4.76,0.1378,0.19135,0.9665,-1.276,-0.262,-1.411,True
HC_03,healthy,4.7700000000000005,0.15392,0.18794,0.92354,0.765,0.853,-1.729,True
HC_03,healthy,4.78,0.15583,0.20819,0.92712,-0.003,0.033,-0.379,True
HC_03,healthy,4.79,0.14312,0.20573,0.93013,-0.718,0.342,-1.33,True
HC_03,healthy,4.8,0.16616,0.20453,0.9277,-0.152,0.043,0.045,True
HC_03,healthy,4.8100000000000005,0.1411,0.21472,0.96164,0.404,0.282,1.09,True
HC_03,healthy,4.82,0.13242,0.1949,0.96767,-0.416,-0.201,2.01,True
HC_03,healthy,4.83,0.17619,0.18358,0.96863,-0.627,1.112,1.064,True
HC_03,healthy,4.84,0.1784,0.19963,0.96629,-1.226,1.543,0.325,True
HC_03,healthy,4.8500000000000005,0.15378,0.2169,0.95234,-0.158,0.862,0.413,True
HC_03,healthy,4.86,0.15965,0.20396,0.97987,-1.068,0.91,-0.799,True
HC_03,healthy,4.87,0.13105,0.18066,0.92478,-0.911,0.31,-1.113,True
HC_03,healthy,4.88,0.14235,0.19336,0.94757,-1.037,1.537,-2.523,True
HC_03,healthy,4.89,0.17126,0.20233,0.94663,-1.422,0.048,-2.047,True
HC_03,healthy,4.9,0.12924,0.21521,0.93496,0.453,-1.69,0.878,True
HC_03,healthy,4.91,0.15805,0.20598,0.93435,0.401,-1.093,0.616,True
HC_03,healthy,4.92,0.12766,0.22439,0.96043,-0.31,0.794,0.899,True
HC_03,healthy,4.93,0.18202,0.20715,0.94032,0.238,-0.85,0.993,True
HC_03,healthy,4.94,0.17615,0.18238,0.94525,-0.356,0.862,1.138,True
HC_03,healthy,4.95,0.1489,0.17985,0.93735,-0.268,-0.433,1.043,True
HC_03,healthy,4.96,0.14501,0.1982,0.95372,0.465,-0.195,0.8,True
HC_03,healthy,4.97,0.13949,0.18906,0.91879,-0.237,0.497,-1.465,True
HC_03,healthy,4.98,0.16125,0.21148,0.95505,-0.82,-0.269,-1.52,True
HC_03,healthy,4.99,0.12109,0.18377,0.9644,-0.623,0.242,-1.317,True
HC_03,healthy,5.0,0.1617,0.18178,0.98334,-0.685,1.707,-0.449,True
HC_03,healthy,5.01,0.17005,0.2527,0.93955,-0.627,1.493,-0.267,True
HC_03,healthy,5.0200000000000005,0.1334,0.19675,0.95964,0.057,2.221,0.359,True
HC_03,healthy,5.03,0.12854,0.19865,0.95642,-0.748,-0.202,1.824,True
HC_03,healthy,5.04,0.17944,0.19449,0.95605,1.367,0.503,1.409,True
HC_03,healthy,5.05,0.16211,0.18916,0.9534,1.088,1.256,1.191,True
HC_03,healthy,5.0600000000000005,0.15636,0.21122,0.96238,-0.797,1.157,-0.412,True
HC_03,healthy,5.07,0.1729,0.20004,0.9613,-0.078,-0.281,0.051,True
HC_03,healthy,5.08,0.14593,0.16109,0.95687,-1.071,0.323,-2.042,True
HC_03,healthy,5.09,0.08009,0.19318,0.95562,-0.23,0.725,-0.872,True
HC_03,healthy,5.1000000000000005,0.12399,0.21891,0.95279,0.495,0.407,-0.973,True
HC_03,healthy,5.11,0.12304,0.22533,0.92982,0.083,-1.019,-1.016,True
HC_03,healthy,5.12,0.14225,0.19403,0.95731,-0.804,-0.889,-0.932,True
HC_03,healthy,5.13,0.15015,0.20841,0.97456,0.809,-1.896,1.017,True
HC_03,healthy,5.14,0.16803,0.21117,0.96355,1.202,1.719,1.387,True
HC_03,healthy,5.15,0.143,0.21504,0.95046,-0.038,1.055,2.276,True
HC_03,healthy,5.16,0.18166,0.16175,0.94826,0.371,-0.466,0.962,True
HC_03,healthy,5.17,0.15074,0.18604,0.96144,-0.138,-1.548,1.015,True
HC_03,healthy,5.18,0.1344,0.15357,0.93914,-0.023,0.775,-0.995,True
HC_03,healthy,5.19,0.12058,0.19791,0.95553,-1.203,0.358,-0.524,True
HC_03,healthy,5.2,0.12627,0.20108,0.96112,-0.397,-2.639,-0.436,True
HC_03,healthy,5.21,0.12677,0.19825,0.96868,-0.71,0.513,-1.351,True
HC_03,healthy,5.22,0.13593,0.20877,0.97553,0.35,0.148,0.569,True
HC_03,healthy,5.23,0.1493,0.21103,0.96007,0.875,0.688,0.459,True
HC_03,healthy,5.24,0.13876,0.21431,0.91255,1.173,-0.389,-0.105,True
HC_03,healthy,5.25,0.17025,0.21663,0.96653,0.33,0.018,1.673,True
HC_03,healthy,5.26,0.15403,0.19656,0.95853,-0.644,-0.355,1.781,True
HC_03,healthy,5.2700000000000005,0.13581,0.14759,0.96033,-0.827,1.224,3.066,True
HC_03,healthy,5.28,0.12573,0.19749,0.9519,0.195,-0.681,0.608,True
HC_03,healthy,5.29,0.11265,0.17987,0.95016,0.701,-0.545,-1.556,True
HC_03,healthy,5.3,0.11262,0.18957,0.9719,0.66,0.316,-0.307,True
HC_03,healthy,5.3100000000000005,0.11189,0.19013,0.94193,-0.175,-0.438,-2.209,True
HC_03,healthy,5.32,0.14614,0.21199,0.9611,0.413,-1.367,-2.976,True
HC_03,healthy,5.33,0.13663,0.20736,0.95787,0.499,0.588,-1.159,True
HC_03,healthy,5.34,0.13378,0.21578,0.95452,0.227,0.95,0.979,True
HC_03,healthy,5.3500000000000005,0.15854,0.18373,0.97723,0.029,-1.301,1.605,True
HC_03,healthy,5.36,0.15176,0.23437,0.94378,-0.336,0.192,2.196,True
HC_03,healthy,5.37,0.1575,0.20473,0.95056,0.081,0.413,0.072,True
HC_03,healthy,5.38,0.11072,0.16507,0.9445,-0.131,-0.871,1.271,True
HC_03,healthy,5.39,0.15699,0.16308,0.9513,-0.63,0.189,1.166,True
HC_03,healthy,5.4,0.13758,0.17923,0.93602,-1.03,-0.202,-0.35,True
HC_03,healthy,5.41,0.13477,0.19626,0.981,-1.047,0.471,-0.884,True
HC_03,healthy,5.42,0.12612,0.19023,0.99488,-0.708,-0.002,-2.188,True
HC_03,healthy,5.43,0.14985,0.2082,0.96962,-0.859,-1.885,-1.831,True
HC_03,healthy,5.44,0.1145,0.20584,0.94137,-0.377,-0.439,0.612,True
HC_03,healthy,5.45,0.12572,0.19823,0.96339,-0.379,0.372,0.168,True
HC_03,healthy,5.46,0.14184,0.18652,0.95662,0.016,-1.371,1.61,True
HC_03,healthy,5.47,0.14631,0.21764,0.96078,2.108,0.659,0.897,True
HC_03,healthy,5.48,0.12934,0.19004,0.97539,-0.031,0.387,1.984,True
HC_03,healthy,5.49,0.16164,0.20893,0.95516,0.602,0.608,0.192,True
HC_03,healthy,5.5,0.11797,0.18547,0.91981,-0.102,-0.229,0.43,True
HC_03,healthy,5.51,0.12217,0.18171,0.98027,-0.148,0.066,-0.642,True
HC_03,healthy,5.5200000000000005,0.13166,0.16845,0.92232,0.237,-0.598,-2.189,True
HC_03,healthy,5.53,0.11253,0.19444,0.93741,-0.864,-0.978,-1.0,True
HC_03,healthy,5.54,0.12671,0.20086,0.98005,-0.657,-0.115,-2.746,True
HC_03,healthy,5.55,0.10326,0.19328,0.96409,0.761,-1.001,-1.775,True
HC_03,healthy,5.5600000000000005,0.12411,0.1946,0.97066,0.628,-0.165,-0.618,True
HC_03,healthy,5.57,0.12813,0.22275,0.95613,-1.365,0.455,-0.084,True
HC_03,healthy,5.58,0.14203,0.17026,0.94313,-0.517,-0.044,2.424,True
HC_03,healthy,5.59,0.13814,0.20436,0.95681,0.764,-0.065,1.603,True
HC_03,healthy,5.6000000000000005,0.13855,0.18643,0.97798,-0.273,2.018,-0.134,True
HC_03,healthy,5.61,0.14744,0.20338,0.98346,0.281,-1.023,2.325,True
HC_03,healthy,5.62,0.13816,0.18925,0.96585,0.908,1.242,0.568,True
HC_03,healthy,5.63,0.10115,0.17388,0.95255,-0.081,1.25,-1.501,True
HC_03,healthy,5.64,0.12807,0.18291,0.96241,-0.814,0.179,-1.118,True
HC_03,healthy,5.65,0.14145,0.19024,0.95474,0.536,0.541,-3.727,True
HC_03,healthy,5.66,0.10754,0.22599,0.97997,-1.542,-0.878,-0.666,True
HC_03,healthy,5.67,0.14121,0.22542,0.96473,-0.062,0.435,-1.432,True
HC_03,healthy,5.68,0.13888,0.24136,0.9677,-1.095,-0.175,0.957,True
HC_03,healthy,5.69,0.1384,0.1666,0.97027,-0.825,0.103,3.628,True
HC_03,healthy,5.7,0.14982,0.17165,0.97697,-0.029,1.274,1.824,True
HC_03,healthy,5.71,0.13263,0.15133,0.97558,0.714,1.248,1.461,True
HC_03,healthy,5.72,0.12733,0.19377,0.95613,-0.16,1.349,-1.933,True
HC_03,healthy,5.73,0.12908,0.2099,0.95433,-0.758,-0.413,-0.414,True
HC_03,healthy,5.74,0.1116,0.1629,0.98307,-1.345,-0.168,-1.357,True
HC_03,healthy,5.75,0.09318,0.19578,0.96707,0.629,0.011,-2.304,True
HC_03,healthy,5.76,0.0971,0.19198,0.93724,0.071,-0.057,-1.359,True
HC_03,healthy,5.7700000000000005,0.08233,0.19117,0.93541,0.087,-0.807,0.408,True
HC_03,healthy,5.78,0.13515,0.18614,0.93791,0.089,-1.835,0.662,True
HC_03,healthy,5.79,0.12536,0.19829,0.96542,0.396,-0.043,0.99,True
HC_03,healthy,5.8,0.14966,0.19361,0.93995,1.11,-0.726,0.71,True
HC_03,healthy,5.8100000000000005,0.14469,0.1882,0.92737,-0.211,-0.097,0.955,True
HC_03,healthy,5.82,0.12502,0.19982,0.95155,0.393,-0.595,0.1,True
HC_03,healthy,5.83,0.14024,0.16823,0.98185,0.084,-0.914,0.93,True
HC_03,healthy,5.84,0.13957,0.17313,0.9481,-0.999,-0.287,-1.528,True
HC_03,healthy,5.8500000000000005,0.1037,0.19019,0.96175,-0.27,0.519,-2.389,True
HC_03,healthy,5.86,0.10526,0.19815,0.96418,-0.477,-0.17,-0.844,True
HC_03,healthy,5.87,0.0733,0.19508,0.96412,1.202,0.809,-0.902,True
HC_03,healthy,5.88,0.13389,0.20544,0.95182,0.213,-0.115,-1.055,True
HC_03,healthy,5.89,0.10643,0.21454,0.97983,1.06,1.231,0.148,True
HC_03,healthy,5.9,0.10464,0.19463,0.97852,0.288,0.475,0.687,True
HC_03,healthy,5.91,0.12881,0.19383,0.92645,-0.462,0.183,1.594,True
HC_03,healthy,5.92,0.12629,0.17653,0.96577,-1.161,0.085,1.944,True
HC_03,healthy,5.93,0.11147,0.18691,0.95985,0.301,0.226,0.424,True
HC_03,healthy,5.94,0.11124,0.18606,0.96183,0.343,-1.338,-0.863,True
HC_03,healthy,5.95,0.1536,0.14576,0.96509,-0.627,-0.132,-1.47,True
HC_03,healthy,5.96,0.11673,0.17564,0.97878,1.487,-0.028,-1.123,True
HC_03,healthy,5.97,0.09406,0.20867,0.96275,0.216,-0.24,-0.847,True
HC_03,healthy,5.98,0.11756,0.19524,0.98843,1.256,-0.35,-0.876,True
HC_03,healthy,5.99,0.13696,0.20296,0.97177,-0.277,0.731,-0.248,True
HC_03,healthy,6.0,0.13601,0.20807,0.95054,0.739,0.78,-0.001,True
HC_03,healthy,6.01,0.14532,0.20041,0.96284,-1.239,0.02,0.241,True
HC_03,healthy,6.0200000000000005,0.15092,0.1858,0.9899,0.49,-0.618,0.977,True
HC_03,healthy,6.03,0.16017,0.16782,0.94334,0.407,0.302,2.231,True
HC_03,healthy,6.04,0.14572,0.15292,0.97348,0.273,0.989,-0.011,True
HC_03,healthy,6.05,0.13411,0.18197,0.98634,0.508,-0.596,1.203,True
HC_03,healthy,6.0600000000000005,0.11467,0.16553,0.96099,0.527,-1.131,-2.106,True
HC_03,healthy,6.07,0.11128,0.15386,0.95023,-0.499,-0.201,-2.036,True
HC_03,healthy,6.08,0.1084,0.18269,0.97047,0.277,1.546,-1.86,True
HC_03,healthy,6.09,0.10063,0.20213,0.95958,0.197,-0.36,-1.287,True
HC_03,healthy,6.1000000000000005,0.11131,0.2035,0.98904,0.184,-0.153,0.146,True
HC_03,healthy,6.11,0.15377,0.19776,0.97098,1.176,0.315,0.915,True
HC_03,healthy,6.12,0.1494,0.19929,0.97013,0.299,0.824,1.394,True
HC_03,healthy,6.13,0.11577,0.17901,0.95045,-0.294,0.523,2.623,True
HC_03,healthy,6.140000000000001,0.12256,0.19128,0.94637,0.232,1.05,0.973,True
HC_03,healthy,6.15,0.1286,0.20536,0.97691,-0.191,-0.804,-0.521,True
HC_03,healthy,6.16,0.09601,0.17267,0.97476,-0.3,0.529,0.809,True
HC_03,healthy,6.17,0.12464,0.16009,0.97898,0.973,-0.702,-0.327,True
HC_03,healthy,6.18,0.10337,0.17555,0.94948,-0.002,1.152,-3.104,True
HC_03,healthy,6.19,0.09328,0.20468,0.97855,1.345,0.16,-0.409,True
HC_03,healthy,6.2,0.11099,0.21025,0.97447,1.066,-0.481,-1.137,True
HC_03,healthy,6.21,0.11151,0.17571,0.96485,-0.327,-1.005,-0.905,True
HC_03,healthy,6.22,0.09868,0.17664,0.98756,-0.264,0.194,0.186,True
HC_03,healthy,6.23,0.15589,0.1828,0.97133,-0.017,0.361,3.115,True
HC_03,healthy,6.24,0.13062,0.18192,0.97381,-0.137,-0.304,0.883,True
HC_03,healthy,6.25,0.14534,0.14833,0.96777,-0.773,0.606,1.113,True
HC_03,healthy,6.26,0.12797,0.15647,0.97822,-0.151,-0.253,1.34,True
HC_03,healthy,6.2700000000000005,0.11353,0.1624,1.01112,1.08,0.109,-0.422,True
HC_03,healthy,6.28,0.08248,0.16831,0.96002,-0.384,-0.184,-1.716,True
HC_03,healthy,6.29,0.0978,0.13642,0.97708,1.402,-1.46,-1.804,True
HC_03,healthy,6.3,0.0884,0.17679,0.97458,0.978,0.039,-1.739,True
HC_03,healthy,6.3100000000000005,0.0859,0.19919,0.98351,0.169,0.353,-1.276,True
HC_03,healthy,6.32,0.11851,0.19615,0.95274,-1.193,-1.316,-0.471,True
HC_03,healthy,6.33,0.1217,0.1904,0.97768,0.348,-1.08,2.658,True
HC_03,healthy,6.34,0.13348,0.17641,0.98311,0.221,-0.297,0.367,True
HC_03,healthy,6.3500000000000005,0.13598,0.161,0.95209,-0.871,-0.064,0.693,True
HC_03,healthy,6.36,0.13264,0.18995,0.97243,1.567,0.424,0.413,True
HC_03,healthy,6.37,0.13585,0.16707,0.96713,-0.366,-0.369,0.052,True
HC_03,healthy,6.38,0.10719,0.17919,0.97388,-1.353,0.551,-1.727,True
HC_03,healthy,6.390000000000001,0.10424,0.20596,0.98908,1.009,1.338,-0.785,True
HC_03,healthy,6.4,0.10034,0.15509,0.97066,-0.436,-1.498,-2.714,True
HC_03,healthy,6.41,0.10248,0.18866,0.97212,-0.175,0.331,-0.711,True
HC_03,healthy,6.42,0.12111,0.21658,0.96174,0.599,0.494,-0.895,True
HC_03,healthy,6.43,0.11825,0.19458,0.96797,-0.99,-0.401,-0.173,True
HC_03,healthy,6.44,0.1095,0.19934,0.93294,-1.259,-0.249,1.094,True
HC_03,healthy,6.45,0.12061,0.17354,0.97902,0.029,-0.878,3.328,True
HC_03,healthy,6.46,0.11843,0.12899,0.94257,0.437,0.154,1.577,True
HC_03,healthy,6.47,0.13011,0.20161,0.99774,2.033,-1.48,1.667,True
HC_03,healthy,6.48,0.1203,0.17967,0.97884,0.734,-0.073,-0.947,True
HC_03,healthy,6.49,0.10747,0.16131,0.961,0.429,-0.239,-0.494,True
HC_03,healthy,6.5,0.09047,0.15783,0.94527,0.001,0.162,-0.937,True
HC_03,healthy,6.51,0.07524,0.16657,0.94114,-1.719,-0.707,-2.192,True
HC_03,healthy,6.5200000000000005,0.08742,0.20079,1.00262,0.977,-0.248,0.137,True
HC_03,healthy,6.53,0.09568,0.18296,0.99954,-0.63,0.057,-0.09,True
HC_03,healthy,6.54,0.11433,0.16606,0.96446,-0.782,-0.505,0.138,True
HC_03,healthy,6.55,0.12645,0.18838,0.94023,2.136,1.786,1.65,True
HC_03,healthy,6.5600000000000005,0.1135,0.2032,0.98911,1.418,-1.267,2.37,True
HC_03,healthy,6.57,0.12144,0.17742,0.9842,0.603,0.44,2.697,True
HC_03,healthy,6.58,0.12106,0.1955,0.96457,-0.478,-1.133,1.205,True
HC_03,healthy,6.59,0.11029,0.1736,0.98705,0.435,-0.298,-1.046,True
HC_03,healthy,6.6000000000000005,0.09631,0.16371,0.96355,1.588,1.131,-0.011,True
HC_03,healthy,6.61,0.10291,0.16429,0.95107,0.064,-0.208,-1.225,True
HC_03,healthy,6.62,0.12161,0.17063,0.97101,-0.529,0.732,-2.488,True
HC_03,healthy,6.63,0.11579,0.19222,1.00474,0.101,-0.421,-0.154,True
HC_03,healthy,6.640000000000001,0.10352,0.18404,0.97735,-0.634,-0.371,0.097,True
HC_03,healthy,6.65,0.09829,0.19238,0.97953,0.733,0.927,1.307,True
HC_03,healthy,6.66,0.11494,0.19077,0.96276,-0.532,0.611,0.438,True
HC_03,healthy,6.67,0.10305,0.16658,0.99637,0.292,-0.469,1.085,True
HC_03,healthy,6.68,0.13962,0.17009,0.98689,-1.242,0.027,0.775,True
HC_03,healthy,6.69,0.09333,0.17874,0.93054,-1.694,-0.813,1.565,True
HC_03,healthy,6.7,0.10894,0.15159,0.96266,-1.488,0.552,2.49,True
HC_03,healthy,6.71,0.12671,0.18214,0.99086,-0.884,-0.293,-0.756,True
HC_03,healthy,6.72,0.09552,0.16864,0.98978,-0.811,-1.148,-1.754,True
HC_03,healthy,6.73,0.06679,0.20053,1.00524,-1.251,-0.094,-1.414,True
HC_03,healthy,6.74,0.10865,0.17397,0.97997,-0.995,0.339,-0.468,True
HC_03,healthy,6.75,0.11715,0.19158,0.98474,0.656,-0.32,-1.005,True
HC_03,healthy,6.76,0.09354,0.19122,0.98195,0.375,1.418,1.866,True
HC_03,healthy,6.7700000000000005,0.07885,0.19916,0.99721,0.391,0.896,0.701,True
HC_03,healthy,6.78,0.10335,0.20554,0.97731,-1.388,1.077,0.798,True
HC_03,healthy,6.79,0.13368,0.18054,0.97034,0.028,0.678,0.541,True
HC_03,healthy,6.8,0.1019,0.17853,0.9556,0.521,-0.1,0.502,True
HC_03,healthy,6.8100000000000005,0.11809,0.17023,0.99335,1.179,0.471,-0.639,True
HC_03,healthy,6.82,0.08091,0.16045,0.98683,1.746,-0.222,-1.73,True
HC_03,healthy,6.83,0.08894,0.19033,0.97105,0.905,-0.306,-0.507,True
HC_03,healthy,6.84,0.08427,0.16533,0.95657,0.972,0.353,-1.893,True
HC_03,healthy,6.8500000000000005,0.06533,0.18395,0.96578,-0.23,0.161,-0.934,True
HC_03,healthy,6.86,0.10674,0.15413,0.99114,-0.015,0.614,-1.709,True
HC_03,healthy,6.87,0.11542,0.18919,0.96924,-1.332,-0.481,1.159,True
HC_03,healthy,6.88,0.10328,0.22274,0.97366,0.308,0.467,1.483,True
HC_03,healthy,6.890000000000001,0.122,0.20832,0.98039,-0.285,-0.072,1.676,True
HC_03,healthy,6.9,0.12314,0.16406,1.01687,-0.547,1.033,0.542,True
HC_03,healthy,6.91,0.09942,0.17787,0.98084,-0.446,0.147,1.758,True
HC_03,healthy,6.92,0.11091,0.16735,0.97551,0.027,-1.133,-1.419,True
HC_03,healthy,6.93,0.05973,0.15641,0.98474,-0.184,-0.141,-0.449,True
HC_03,healthy,6.94,0.08997,0.17242,0.97141,-0.328,0.556,-3.001,True
HC_03,healthy,6.95,0.10096,0.17227,0.95975,-0.402,0.191,-0.382,True
HC_03,healthy,6.96,0.09242,0.16145,0.97156,0.185,-0.384,-1.426,True
HC_03,healthy,6.97,0.08869,0.19563,0.9888,-0.117,-0.058,-0.738,True
HC_03,healthy,6.98,0.10589,0.18165,0.98508,-0.867,-0.296,0.262,True
HC_03,healthy,6.99,0.10359,0.19707,0.97219,0.899,-0.334,0.3,True
HC_03,healthy,7.0,0.09781,0.17417,0.97091,-0.295,0.962,1.683,True
HC_03,healthy,7.01,0.13209,0.19133,0.9588,-0.647,-0.695,1.496,True
HC_03,healthy,7.0200000000000005,0.1085,0.17408,0.96763,-1.155,-0.603,-0.025,True
HC_03,healthy,7.03,0.11193,0.1635,0.98785,-1.482,-1.408,-0.258,True
HC_03,healthy,7.04,0.07925,0.14666,0.99003,0.431,0.146,-0.959,True
HC_03,healthy,7.05,0.1038,0.18076,0.96966,1.196,0.423,-1.512,True
HC_03,healthy,7.0600000000000005,0.08829,0.17203,0.98496,-1.006,-0.958,-0.098,True
HC_03,healthy,7.07,0.08329,0.18479,0.96188,-1.369,-0.214,-0.641,True
HC_03,healthy,7.08,0.11477,0.1894,0.96168,0.475,1.231,-0.552,True
HC_03,healthy,7.09,0.11853,0.1644,0.98896,-0.705,1.264,0.684,True
HC_03,healthy,7.1000000000000005,0.10916,0.16812,1.00241,0.418,0.224,0.238,True
HC_03,healthy,7.11,0.11836,0.19243,0.96449,0.928,0.1,0.98,True
HC_03,healthy,7.12,0.11744,0.16781,0.97458,-1.747,-0.238,1.78,True
HC_03,healthy,7.13,0.11544,0.16039,0.96401,0.862,0.19,0.699,True
HC_03,healthy,7.140000000000001,0.1117,0.18233,0.96823,-0.641,0.685,-0.592,True
HC_03,healthy,7.15,0.09312,0.16079,0.95769,1.706,-0.986,-0.952,True
HC_03,healthy,7.16,0.08116,0.17424,0.99414,0.363,1.155,-0.009,True
HC_03,healthy,7.17,0.07102,0.13521,0.97723,0.192,0.312,-0.398,True
HC_03,healthy,7.18,0.07089,0.15834,0.97321,0.815,-0.799,-1.149,True
HC_03,healthy,7.19,0.10332,0.20235,0.96678,-1.227,1.712,-0.932,True
HC_03,healthy,7.2,0.08984,0.18344,0.98555,0.198,-1.365,-0.677,True
HC_03,healthy,7.21,0.09625,0.18649,0.99396,1.045,-1.994,0.38,True
HC_03,healthy,7.22,0.13204,0.19459,0.9795,-0.106,-0.319,2.364,True
HC_03,healthy,7.23,0.11547,0.16852,0.98467,-0.732,-0.748,1.268,True
HC_03,healthy,7.24,0.11736,0.14545,0.95032,0.168,0.039,1.396,True
HC_03,healthy,7.25,0.10242,0.17066,0.96329,-0.17,0.878,0.444,True
HC_03,healthy,7.26,0.09717,0.14629,0.97268,-0.706,-1.223,-0.173,True
HC_03,healthy,7.2700000000000005,0.08836,0.1819,0.95675,1.067,-0.074,-2.148,True
HC_03,healthy,7.28,0.07144,0.21031,0.97189,0.369,-1.05,-1.313,True
HC_03,healthy,7.29,0.09328,0.20631,0.99532,-1.054,0.418,-0.915,True
HC_03,healthy,7.3,0.06236,0.17939,0.99159,0.293,1.622,1.31,True
HC_03,healthy,7.3100000000000005,0.09659,0.18117,0.9526,-0.205,0.237,-0.963,True
HC_03,healthy,7.32,0.12308,0.18275,0.98735,-0.325,0.26,1.951,True
HC_03,healthy,7.33,0.10786,0.18467,0.99047,-0.357,0.91,1.793,True
HC_03,healthy,7.34,0.14275,0.1734,0.97922,0.083,1.091,2.015,True
HC_03,healthy,7.3500000000000005,0.11004,0.16087,0.97648,-0.36,-0.606,0.741,True
HC_03,healthy,7.36,0.10739,0.14192,0.96684,0.892,-0.778,0.584,True
HC_03,healthy,7.37,0.07396,0.17567,0.98852,-0.169,0.21,-0.619,True
HC_03,healthy,7.38,0.10899,0.16683,0.95987,0.257,-0.792,-1.354,True
HC_03,healthy,7.390000000000001,0.06861,0.20253,0.98234,0.639,-1.677,-1.394,True
HC_03,healthy,7.4,0.08488,0.20293,0.99108,0.923,1.196,-1.433,True
HC_03,healthy,7.41,0.07311,0.2087,0.97277,0.243,0.383,0.754,True
HC_03,healthy,7.42,0.09723,0.18876,0.97451,-0.516,-1.079,-0.517,True
HC_03,healthy,7.43,0.11201,0.17956,0.98243,0.37,-0.553,0.627,True
HC_03,healthy,7.44,0.11375,0.17648,0.98395,-0.776,0.106,2.091,True
HC_03,healthy,7.45,0.09925,0.17154,0.97462,-0.34,-0.445,2.767,True
HC_03,healthy,7.46,0.0786,0.16838,0.9731,0.505,1.321,0.587,True
HC_03,healthy,7.47,0.08955,0.15271,0.9851,-1.753,-0.392,-1.43,True
HC_03,healthy,7.48,0.07174,0.17041,0.99423,0.569,-0.677,-2.061,True
HC_03,healthy,7.49,0.09613,0.17761,0.97268,-1.002,-1.972,-1.896,True
HC_03,healthy,7.5,0.11071,0.16994,0.96467,-0.458,-1.193,-1.193,True
HC_03,healthy,7.51,0.08718,0.16957,0.97143,1.276,-0.091,-0.994,True
HC_03,healthy,7.5200000000000005,0.11511,0.18843,0.98995,0.175,0.578,-0.342,True
HC_03,healthy,7.53,0.11946,0.18957,0.97841,0.709,0.486,0.139,True
HC_03,healthy,7.54,0.09014,0.15897,0.98356,-0.131,-0.703,1.802,True
HC_03,healthy,7.55,0.11477,0.16217,0.95717,-0.763,0.83,2.735,True
HC_03,healthy,7.5600000000000005,0.08951,0.20138,0.95055,0.183,-0.34,-0.111,True
HC_03,healthy,7.57,0.12039,0.15303,0.95494,0.223,0.746,0.45,True
HC_03,healthy,7.58,0.088,0.18377,0.97367,0.109,0.511,-0.157,True
HC_03,healthy,7.59,0.11761,0.17461,0.95506,1.261,-0.291,-1.394,True
HC_03,healthy,7.6000000000000005,0.12136,0.16131,0.94801,-0.791,0.138,-0.49,True
HC_03,healthy,7.61,0.11381,0.21268,0.9825,0.992,-0.217,-1.325,True
HC_03,healthy,7.62,0.1127,0.1966,0.99105,-0.287,-0.736,0.087,True
HC_03,healthy,7.63,0.1164,0.17196,0.98229,0.006,0.235,-0.716,True
HC_03,healthy,7.640000000000001,0.10953,0.18318,0.97376,-1.533,0.769,2.061,True
HC_03,healthy,7.65,0.1224,0.15851,0.99112,-1.196,-1.079,2.797,True
HC_03,healthy,7.66,0.10446,0.17342,1.00964,0.385,0.063,2.943,True
HC_03,healthy,7.67,0.11485,0.167,0.96284,0.712,0.145,2.218,True
HC_03,healthy,7.68,0.12456,0.1809,0.96257,-1.112,0.442,0.743,True
HC_03,healthy,7.69,0.10928,0.15856,0.95975,0.156,-0.446,0.342,True
HC_03,healthy,7.7,0.07858,0.14128,0.98768,-0.34,0.049,-1.631,True
HC_03,healthy,7.71,0.10434,0.17112,0.98627,-0.617,-0.859,-1.008,True
HC_03,healthy,7.72,0.10406,0.20414,0.97329,0.268,-1.277,-1.631,True
HC_03,healthy,7.73,0.07283,0.21061,0.97237,0.253,0.005,-1.751,True
HC_03,healthy,7.74,0.12365,0.19128,0.99656,-0.831,-0.551,0.194,True
HC_03,healthy,7.75,0.07879,0.18577,0.96823,1.887,0.473,1.025,True
HC_03,healthy,7.76,0.09081,0.20307,0.97415,-0.405,0.371,2.278,True
HC_03,healthy,7.7700000000000005,0.10812,0.15315,0.94536,-0.047,1.335,1.993,True
HC_03,healthy,7.78,0.14563,0.14255,0.98506,1.501,0.61,0.555,True
HC_03,healthy,7.79,0.10252,0.15825,0.99449,-0.41,0.725,-1.06,True
HC_03,healthy,7.8,0.10246,0.16576,0.97904,-0.43,-1.444,1.085,True
HC_03,healthy,7.8100000000000005,0.07308,0.16649,0.96061,-1.413,0.342,-0.286,True
HC_03,healthy,7.82,0.0764,0.18734,0.95382,1.148,0.389,-1.19,True
HC_03,healthy,7.83,0.10929,0.19358,0.99146,1.04,0.362,-1.445,True
HC_03,healthy,7.84,0.09122,0.16964,0.99058,0.253,-1.116,-0.863,True
HC_03,healthy,7.8500000000000005,0.06576,0.18749,0.98023,-0.764,-1.183,0.547,True
HC_03,healthy,7.86,0.12259,0.17244,0.98061,0.266,0.526,-0.064,True
HC_03,healthy,7.87,0.11508,0.16752,0.94144,-0.615,0.63,0.272,True
HC_03,healthy,7.88,0.10701,0.14545,0.96512,-0.382,-0.884,0.855,True
HC_03,healthy,7.890000000000001,0.13033,0.1455,0.97519,0.273,0.609,0.771,True
HC_03,healthy,7.9,0.13465,0.16367,0.99431,0.274,0.052,1.58,True
HC_03,healthy,7.91,0.09085,0.17121,0.98662,-0.087,1.833,-0.989,True
HC_03,healthy,7.92,0.08439,0.16651,0.97375,-1.24,-0.415,-1.604,True
HC_03,healthy,7.930000000000001,0.09382,0.16669,0.98473,-0.088,0.205,-0.824,True
HC_03,healthy,7.94,0.07655,0.17572,0.95847,0.142,-1.684,-1.253,True
HC_03,healthy,7.95,0.09781,0.20662,0.98598,0.959,-1.395,-1.226,True
HC_03,healthy,7.96,0.10866,0.17659,0.97081,1.846,0.34,1.041,True
HC_03,healthy,7.97,0.08959,0.19003,0.97482,0.085,-0.835,1.195,True
HC_03,healthy,7.98,0.14243,0.19919,0.97453,-0.386,0.229,1.62,True
HC_03,healthy,7.99,0.11397,0.18644,0.97895,-0.519,0.773,0.777,True
HC_03,healthy,8.0,0.08578,0.15354,0.97168,-0.345,-0.222,2.224,True
HC_03,healthy,8.01,0.09935,0.16055,0.9764,0.991,0.586,0.034,True
HC_03,healthy,8.02,0.08312,0.16294,0.94719,0.489,-0.778,-0.642,True
HC_03,healthy,8.03,0.10589,0.15481,0.97512,-1.018,-0.396,-2.021,True
HC_03,healthy,8.040000000000001,0.12053,0.1823,0.96247,-1.388,0.593,-1.51,True
HC_03,healthy,8.05,0.08665,0.17604,0.93508,-0.118,-1.08,-0.938,True
HC_03,healthy,8.06,0.08636,0.20072,0.93826,0.176,-0.888,-0.767,True
HC_03,healthy,8.07,0.11405,0.18525,0.99164,-0.628,-1.153,-0.78,True
HC_03,healthy,8.08,0.12859,0.20981,0.95264,0.721,1.238,0.039,True
HC_03,healthy,8.09,0.14755,0.18773,0.97144,0.737,-0.179,2.061,True
HC_03,healthy,8.1,0.12646,0.17808,0.98818,-1.943,-0.17,1.868,True
HC_03,healthy,8.11,0.08222,0.18939,0.98064,1.597,0.466,1.584,True
HC_03,healthy,8.120000000000001,0.09954,0.15894,0.97045,-1.067,-0.412,0.587,True
HC_03,healthy,8.13,0.10092,0.17434,0.98801,-0.701,-0.104,-2.675,True
HC_03,healthy,8.14,0.07642,0.1727,0.98112,0.184,0.499,-0.186,True
HC_03,healthy,8.15,0.10897,0.17578,0.96404,-0.106,0.963,-1.469,True
HC_03,healthy,8.16,0.07943,0.17655,0.97501,-0.904,-1.389,-1.193,True
HC_03,healthy,8.17,0.09206,0.19217,0.96527,0.418,0.002,-1.572,True
HC_03,healthy,8.18,0.10924,0.17983,0.98541,0.695,-0.714,0.572,True
HC_03,healthy,8.19,0.13984,0.18515,0.96763,0.572,0.112,1.113,True
HC_03,healthy,8.2,0.10763,0.1784,0.97894,0.207,0.336,1.381,True
HC_03,healthy,8.21,0.10489,0.14478,0.9838,-0.154,0.616,0.476,True
HC_03,healthy,8.22,0.1364,0.16701,0.96628,1.017,-0.019,-0.513,True
HC_03,healthy,8.23,0.12157,0.17864,0.97278,0.646,0.976,0.43,True
HC_03,healthy,8.24,0.07621,0.15807,0.98689,0.223,-0.144,-2.02,True
HC_03,healthy,8.25,0.08291,0.17664,0.94694,-0.006,0.873,-1.655,True
HC_03,healthy,8.26,0.08569,0.15832,0.97732,0.838,-1.29,-1.882,True
HC_03,healthy,8.27,0.09669,0.20618,0.94889,-0.544,0.994,-0.374,True
HC_03,healthy,8.28,0.09328,0.20632,0.97411,0.825,0.891,0.637,True
HC_03,healthy,8.290000000000001,0.10118,0.19337,0.98099,-0.794,-1.458,1.588,True
HC_03,healthy,8.3,0.1469,0.17018,0.97338,-0.564,0.236,1.665,True
HC_03,healthy,8.31,0.14323,0.18142,0.97028,-0.152,-0.691,0.984,True
HC_03,healthy,8.32,0.12609,0.17836,0.95804,-0.012,-0.768,1.504,True
HC_03,healthy,8.33,0.11333,0.14612,0.9733,-0.209,-0.35,1.382,True
HC_03,healthy,8.34,0.10626,0.16603,0.94171,-0.17,0.596,1.22,True
HC_03,healthy,8.35,0.10468,0.1553,0.98816,-0.01,0.054,-1.335,True
HC_03,healthy,8.36,0.09381,0.2132,0.97148,-0.082,2.269,-3.295,True
HC_03,healthy,8.370000000000001,0.09241,0.19721,0.95359,-1.43,-0.815,-2.135,True
HC_03,healthy,8.38,0.10212,0.18008,0.97407,0.063,0.793,-1.311,True
HC_03,healthy,8.39,0.08443,0.19082,0.97271,1.885,0.152,0.531,True
HC_03,healthy,8.4,0.12961,0.18269,0.97123,-1.227,0.405,0.59,True
HC_03,healthy,8.41,0.11816,0.2118,0.97233,-0.378,-0.09,2.169,True
HC_03,healthy,8.42,0.12911,0.19008,0.97922,1.501,-1.296,1.766,True
HC_03,healthy,8.43,0.12583,0.18155,0.97332,0.344,0.398,1.285,True
HC_03,healthy,8.44,0.10466,0.1628,0.9807,0.342,-0.082,0.111,True
HC_03,healthy,8.45,0.08317,0.14954,0.95177,1.245,0.434,-0.378,True
HC_03,healthy,8.46,0.0778,0.17759,0.97933,0.542,1.591,-0.642,True
HC_03,healthy,8.47,0.09732,0.16903,0.96282,-0.17,-0.383,-1.242,True
HC_03,healthy,8.48,0.09265,0.17113,0.945,1.175,-0.326,-1.653,True
HC_03,healthy,8.49,0.0817,0.19416,0.96643,-0.02,-0.052,-1.394,True
HC_03,healthy,8.5,0.10629,0.17492,0.969,-0.152,-0.715,0.464,True
HC_03,healthy,8.51,0.11466,0.19336,0.95726,-0.885,0.579,1.429,True
HC_03,healthy,8.52,0.13079,0.17338,0.95762,-0.794,-1.946,3.042,True
HC_03,healthy,8.53,0.125,0.16428,0.94883,-0.632,-0.117,1.396,True
HC_03,healthy,8.540000000000001,0.11593,0.194,0.98342,-0.954,0.676,0.848,True
HC_03,healthy,8.55,0.1542,0.153,0.9483,1.181,0.094,-1.25,True
HC_03,healthy,8.56,0.10955,0.17982,0.97338,-1.133,0.588,-0.007,True
HC_03,healthy,8.57,0.1078,0.17586,0.9906,-0.354,-1.698,-0.859,True
HC_03,healthy,8.58,0.09643,0.19029,0.99863,0.238,1.026,-1.125,True
HC_03,healthy,8.59,0.08853,0.19133,0.98925,0.402,0.634,-0.607,True
HC_03,healthy,8.6,0.07462,0.19482,0.97398,-0.476,0.473,-1.148,True
HC_03,healthy,8.61,0.09477,0.19867,0.97463,0.257,-1.536,-1.216,True
HC_03,healthy,8.620000000000001,0.12216,0.19635,0.96243,0.095,-0.001,0.291,True
HC_03,healthy,8.63,0.12674,0.19894,0.94847,-0.106,1.729,1.931,True
HC_03,healthy,8.64,0.13248,0.19384,0.95411,-0.895,0.033,1.42,True
HC_03,healthy,8.65,0.15368,0.14876,0.96878,1.279,-0.601,-0.07,True
HC_03,healthy,8.66,0.09234,0.15185,0.94568,-0.274,-0.626,-0.503,True
HC_03,healthy,8.67,0.1124,0.14901,0.98373,0.41,-1.69,-0.306,True
HC_03,healthy,8.68,0.08769,0.17342,0.97761,0.658,-0.391,-0.735,True
HC_03,healthy,8.69,0.08339,0.19235,0.96963,-0.514,0.33,-2.189,True
HC_03,healthy,8.700000000000001,0.09765,0.14699,0.95667,0.13,-0.095,-1.603,True
HC_03,healthy,8.71,0.09701,0.19644,0.96276,-0.395,0.311,-1.193,True
HC_03,healthy,8.72,0.11041,0.20507,0.94507,-0.187,-0.7,-0.101,True
HC_03,healthy,8.73,0.12825,0.1806,0.95147,-0.928,-0.836,0.925,True
HC_03,healthy,8.74,0.10383,0.20874,0.97334,-0.016,-0.381,0.926,True
HC_03,healthy,8.75,0.13754,0.17762,0.97112,1.011,-1.008,-0.052,True
HC_03,healthy,8.76,0.14951,0.17865,0.95176,-0.224,0.187,0.726,True
HC_03,healthy,8.77,0.11128,0.18279,0.96403,-0.369,-1.517,-1.912,True
HC_03,healthy,8.78,0.10985,0.15151,0.97627,1.299,0.462,-0.503,True
HC_03,healthy,8.790000000000001,0.10113,0.15044,0.97507,-0.362,-0.922,-1.168,True
HC_03,healthy,8.8,0.10627,0.17388,0.97255,0.734,1.197,-1.095,True
HC_03,healthy,8.81,0.11175,0.19927,0.97479,0.885,-0.222,-1.228,True
HC_03,healthy,8.82,0.10811,0.2048,0.96334,-0.037,-0.093,-0.375,True
HC_03,healthy,8.83,0.12942,0.19978,0.94672,0.55,0.706,1.422,True
HC_03,healthy,8.84,0.12082,0.19764,0.94784,0.226,-0.391,2.422,True
HC_03,healthy,8.85,0.14464,0.19488,0.96527,0.82,-0.114,1.42,True
HC_03,healthy,8.86,0.13311,0.19672,0.98903,-1.365,-1.076,0.921,True
HC_03,healthy,8.870000000000001,0.10993,0.18041,0.97313,0.992,-0.615,0.191,True
HC_03,healthy,8.88,0.11126,0.1587,0.95171,-0.047,0.362,0.734,True
HC_03,healthy,8.89,0.12144,0.19503,0.98449,-0.075,-0.946,0.103,True
HC_03,healthy,8.9,0.11962,0.17429,0.9446,-0.658,0.377,-0.491,True
HC_03,healthy,8.91,0.13783,0.18042,0.97505,0.957,0.388,-0.97,True
HC_03,healthy,8.92,0.09748,0.2094,0.96602,-0.17,0.988,-1.232,True
HC_03,healthy,8.93,0.10712,0.20788,0.96362,-0.554,-0.94,-0.351,True
HC_03,healthy,8.94,0.13542,0.19913,0.96525,0.418,-1.367,1.548,True
HC_03,healthy,8.950000000000001,0.13921,0.19616,0.94851,-0.004,0.573,0.856,True
HC_03,healthy,8.96,0.12032,0.1774,0.95202,-0.706,0.209,1.179,True
HC_03,healthy,8.97,0.16583,0.17919,0.96694,-0.186,1.179,3.058,True
HC_03,healthy,8.98,0.12432,0.16381,0.96488,-0.44,0.671,0.377,True
HC_03,healthy,8.99,0.12365,0.18428,0.95933,0.138,-1.823,0.09,True
HC_03,healthy,9.0,0.11546,0.16479,0.95798,-0.943,-1.636,-0.416,True
HC_03,healthy,9.01,0.10693,0.19679,0.98397,-0.249,-0.374,-0.61,True
HC_03,healthy,9.02,0.10341,0.16065,0.94893,1.583,0.274,-0.766,True
HC_03,healthy,9.03,0.10968,0.2042,0.94846,1.942,-0.3,-1.241,True
HC_03,healthy,9.040000000000001,0.13258,0.20414,0.95949,1.384,0.301,-0.349,True
HC_03,healthy,9.05,0.13694,0.1979,0.95411,1.583,0.357,-0.167,True
HC_03,healthy,9.06,0.1307,0.18661,0.96894,1.086,-0.538,1.364,True
HC_03,healthy,9.07,0.11445,0.23054,0.95115,0.557,-0.921,0.259,True
HC_03,healthy,9.08,0.15613,0.16715,0.96635,-0.915,-0.305,0.462,True
HC_03,healthy,9.09,0.10669,0.16744,0.96332,-0.515,0.993,2.162,True
HC_03,healthy,9.1,0.13012,0.16482,0.97618,-0.193,0.218,-0.125,True
HC_03,healthy,9.11,0.11983,0.17956,0.9759,0.753,-0.85,-1.154,True
HC_03,healthy,9.120000000000001,0.09682,0.18882,0.97611,1.153,0.557,-2.013,True
HC_03,healthy,9.13,0.12608,0.2144,0.95473,1.632,1.535,-1.63,True
HC_03,healthy,9.14,0.09813,0.1929,0.92969,0.47,0.574,-2.211,True
HC_03,healthy,9.15,0.14003,0.18542,0.98269,-0.757,-1.629,-0.653,True
HC_03,healthy,9.16,0.11943,0.18853,0.96914,-0.105,-0.218,-1.122,True
HC_03,healthy,9.17,0.12482,0.19296,0.95385,-0.031,-1.225,0.611,True
HC_03,healthy,9.18,0.09845,0.18119,0.94771,-0.121,0.548,2.673,True
HC_03,healthy,9.19,0.14276,0.17877,0.93619,-0.217,0.04,2.474,True
HC_03,healthy,9.200000000000001,0.10787,0.16921,0.95824,0.143,1.833,1.197,True
HC_03,healthy,9.21,0.13836,0.19627,0.95603,1.696,0.121,-0.173,True
HC_03,healthy,9.22,0.11602,0.17807,0.96548,0.137,-1.314,-0.408,True
HC_03,healthy,9.23,0.11312,0.21457,0.99587,-1.943,0.546,0.746,True
HC_03,healthy,9.24,0.09307,0.19695,0.95947,0.116,0.493,-2.347,True
HC_03,healthy,9.25,0.1067,0.18582,0.96962,0.446,-0.39,-0.505,True
HC_03,healthy,9.26,0.14679,0.18849,0.94841,-0.342,0.663,0.052,True
HC_03,healthy,9.27,0.13947,0.1967,0.96418,-0.784,0.135,1.742,True
HC_03,healthy,9.28,0.15239,0.22656,0.93006,-0.209,0.551,0.572,True
HC_03,healthy,9.290000000000001,0.1481,0.17803,0.95291,-0.259,0.352,2.083,True
HC_03,healthy,9.3,0.1422,0.20305,0.93897,-0.08,0.984,3.032,True
HC_03,healthy,9.31,0.14331,0.19507,0.95903,-0.577,-0.445,0.102,True
HC_03,healthy,9.32,0.15494,0.16208,0.95883,-0.0,0.601,-0.949,True
HC_03,healthy,9.33,0.10522,0.1516,0.95486,1.199,-0.646,-0.43,True
HC_03,healthy,9.34,0.12386,0.17454,0.93786,-1.155,-0.202,-1.577,True
HC_03,healthy,9.35,0.08701,0.1847,0.96687,-0.377,-0.267,-2.263,True
HC_03,healthy,9.36,0.11708,0.1862,0.95545,-0.594,0.762,-0.151,True
HC_03,healthy,9.370000000000001,0.09302,0.20522,0.99123,-0.642,1.108,0.439,True
HC_03,healthy,9.38,0.13183,0.21548,0.97971,0.396,-0.016,-1.729,True
HC_03,healthy,9.39,0.15461,0.17296,0.93499,-0.775,0.877,1.695,True
HC_03,healthy,9.4,0.14566,0.17601,0.95367,0.387,-1.205,1.01,True
HC_03,healthy,9.41,0.16063,0.17779,0.98444,0.141,-0.338,1.557,True
HC_03,healthy,9.42,0.12614,0.18582,0.95992,-0.671,1.521,1.706,True
HC_03,healthy,9.43,0.09196,0.19842,0.93142,0.159,-0.316,0.918,True
HC_03,healthy,9.44,0.14464,0.21487,0.9474,-0.769,-1.159,-1.516,True
HC_03,healthy,9.450000000000001,0.10349,0.19331,0.98776,0.087,0.469,-1.908,True
HC_03,healthy,9.46,0.10153,0.21786,0.9367,-0.268,-0.95,-1.98,True
HC_03,healthy,9.47,0.1173,0.1886,0.97347,0.23,1.403,-1.105,True
HC_03,healthy,9.48,0.1383,0.21361,0.94109,-1.574,-0.25,0.396,True
HC_03,healthy,9.49,0.13013,0.18986,0.96891,-0.564,0.938,0.586,True
HC_03,healthy,9.5,0.14597,0.20175,0.98396,0.325,-0.752,2.259,True
HC_03,healthy,9.51,0.13642,0.19509,0.96404,1.95,-0.137,0.181,True
HC_03,healthy,9.52,0.14129,0.17181,0.95583,1.293,-0.076,1.341,True
HC_03,healthy,9.53,0.14218,0.16603,0.97831,0.504,1.747,-0.435,True
HC_03,healthy,9.540000000000001,0.11521,0.17301,0.93768,-0.69,0.487,0.432,True
HC_03,healthy,9.55,0.1295,0.19003,0.94819,-0.694,-0.218,-0.724,True
HC_03,healthy,9.56,0.11888,0.1896,0.96394,0.405,-0.384,-0.066,True
HC_03,healthy,9.57,0.12723,0.1998,0.95238,-0.222,0.349,-2.385,True
HC_03,healthy,9.58,0.1361,0.20401,0.96556,-0.344,0.33,-0.197,True
HC_03,healthy,9.59,0.15124,0.19468,0.96283,-0.47,-2.352,0.009,True
HC_03,healthy,9.6,0.14921,0.19715,0.96345,0.978,-0.875,1.359,True
HC_03,healthy,9.61,0.16663,0.20273,0.94409,-1.156,0.125,0.626,True
HC_03,healthy,9.620000000000001,0.16184,0.19994,0.96111,0.699,1.091,1.439,True
HC_03,healthy,9.63,0.16413,0.19528,0.95986,0.163,0.6,-0.2,True
HC_03,healthy,9.64,0.13809,0.16516,0.94444,-0.11,0.864,1.407,True
HC_03,healthy,9.65,0.10813,0.21218,0.96379,-1.29,-0.95,-0.12,True
HC_03,healthy,9.66,0.12288,0.19383,0.9557,-1.597,-1.268,-0.53,True
HC_03,healthy,9.67,0.10101,0.16513,0.92774,1.04,-1.228,-1.533,True
HC_03,healthy,9.68,0.11722,0.21235,0.95061,-0.154,0.606,-0.211,True
HC_03,healthy,9.69,0.1435,0.21439,0.93879,1.091,0.276,-1.621,True
HC_03,healthy,9.700000000000001,0.12628,0.21017,0.96166,-0.928,-0.835,1.227,True
HC_03,healthy,9.71,0.12973,0.19025,0.96436,-1.172,-0.348,1.104,True
HC_03,healthy,9.72,0.15865,0.20672,0.96143,0.359,1.118,0.474,True
HC_03,healthy,9.73,0.17585,0.20377,0.94266,0.868,0.819,0.41,True
HC_03,healthy,9.74,0.15147,0.19767,0.96187,0.19,-0.116,0.887,True
HC_03,healthy,9.75,0.15212,0.17102,0.95943,0.352,0.087,1.427,True
HC_03,healthy,9.76,0.15417,0.17545,0.97036,0.813,-1.798,-0.718,True
HC_03,healthy,9.77,0.11707,0.19415,0.94139,1.195,0.239,-1.128,True
HC_03,healthy,9.78,0.12518,0.19968,0.9467,0.287,0.165,-1.49,True
HC_03,healthy,9.790000000000001,0.12456,0.19801,0.94821,-0.082,0.148,-2.245,True
HC_03,healthy,9.8,0.12879,0.20453,0.95413,-0.255,0.861,-0.41,True
HC_03,healthy,9.81,0.15144,0.21217,0.95564,0.023,-0.231,-0.054,True
HC_03,healthy,9.82,0.16201,0.19102,0.98174,0.733,-0.651,1.664,True
HC_03,healthy,9.83,0.14949,0.20226,0.93375,0.128,0.434,0.982,True
HC_03,healthy,9.84,0.1762,0.20449,0.92517,-0.16,-0.94,1.766,True
HC_03,healthy,9.85,0.1531,0.18587,0.95552,-1.055,0.193,1.365,True
HC_03,healthy,9.86,0.14922,0.16858,0.94709,-0.355,-0.255,0.793,True
HC_03,healthy,9.870000000000001,0.11477,0.18673,0.9832,0.856,-0.769,-0.03,True
HC_03,healthy,9.88,0.11864,0.18009,0.95522,1.775,-0.569,-0.401,True
HC_03,healthy,9.89,0.11322,0.18773,0.94757,0.691,-1.185,-1.617,True
HC_03,healthy,9.9,0.13228,0.22106,0.97737,-0.214,-0.826,-1.295,True
HC_03,healthy,9.91,0.13994,0.17332,0.91779,-0.194,1.085,-0.722,True
HC_03,healthy,9.92,0.16742,0.18704,0.96447,-0.793,-0.558,1.544,True
HC_03,healthy,9.93,0.16498,0.24,0.92432,-0.538,1.535,-0.07,True
HC_03,healthy,9.94,0.1513,0.20617,0.95629,0.914,-0.472,0.618,True
HC_03,healthy,9.950000000000001,0.14741,0.19712,0.91786,-0.727,-0.226,1.685,True
HC_03,healthy,9.96,0.14655,0.20165,0.961,1.415,1.625,1.48,True
HC_03,healthy,9.97,0.13407,0.18099,0.96939,-0.242,0.137,0.699,True
HC_03,healthy,9.98,0.10758,0.17861,0.9381,-0.015,-1.556,-1.161,True
HC_03,healthy,9.99,0.14118,0.20688,0.93975,-0.158,-0.045,-1.551,True
HC_03,healthy,10.0,0.15309,0.20212,0.96095,1.2,1.099,-1.977,True
HC_03,healthy,10.01,0.14251,0.21633,0.97862,1.533,0.45,-0.831,True
HC_03,healthy,10.02,0.12748,0.20464,0.93774,1.887,-2.211,-1.896,True
HC_03,healthy,10.03,0.14483,0.22165,0.94595,-0.431,-0.593,0.946,True
HC_03,healthy,10.040000000000001,0.1679,0.23161,0.94844,-1.035,-0.021,1.742,True
HC_03,healthy,10.05,0.15202,0.2195,0.95983,-1.662,-1.16,2.096,True
HC_03,healthy,10.06,0.17024,0.17744,0.91167,0.078,-0.306,0.959,True
HC_03,healthy,10.07,0.15153,0.18136,0.98378,0.562,1.481,1.932,True
HC_03,healthy,10.08,0.17602,0.17754,0.97238,-0.654,1.056,1.66,True
HC_03,healthy,10.09,0.13828,0.20382,0.9461,0.593,-1.003,-0.774,True
HC_03,healthy,10.1,0.13587,0.21189,0.96704,0.064,0.507,-1.578,True
HC_03,healthy,10.11,0.1584,0.20364,0.93296,0.558,-0.965,-1.715,True
HC_03,healthy,10.120000000000001,0.15474,0.18618,0.91499,0.272,0.349,-1.916,True
HC_03,healthy,10.13,0.13798,0.23587,0.95934,0.185,-0.531,-0.962,True
HC_03,healthy,10.14,0.15752,0.22877,0.95236,-0.106,0.419,0.601,True
HC_03,healthy,10.15,0.15845,0.20635,0.94508,-0.481,0.624,1.957,True
HC_03,healthy,10.16,0.17489,0.19864,0.91732,0.429,-0.066,1.225,True
HC_03,healthy,10.17,0.17961,0.2138,0.94872,0.581,-0.699,0.772,True
HC_03,healthy,10.18,0.18384,0.21084,0.92477,-0.12,-0.543,0.412,True
HC_03,healthy,10.19,0.17768,0.17924,0.93974,0.179,0.981,1.672,True
HC_03,healthy,10.200000000000001,0.15046,0.17744,0.93712,0.513,-0.508,-1.097,True
HC_03,healthy,10.21,0.12047,0.19292,0.95671,-0.479,0.041,-1.623,True
HC_03,healthy,10.22,0.14416,0.19368,0.91906,0.43,-0.687,-1.978,True
HC_03,healthy,10.23,0.16133,0.2033,0.93953,-0.128,-0.244,-1.026,True
HC_03,healthy,10.24,0.18329,0.24065,0.94755,0.887,0.275,0.624,True
HC_03,healthy,10.25,0.15862,0.23411,0.91049,0.031,-0.129,0.5,True
HC_03,healthy,10.26,0.16929,0.21045,0.94544,0.225,-0.439,2.34,True
HC_03,healthy,10.27,0.16724,0.17008,0.94229,-0.717,-0.897,1.92,True
HC_03,healthy,10.28,0.17831,0.20727,0.94289,-0.131,0.111,1.175,True
HC_03,healthy,10.290000000000001,0.16758,0.17963,0.95632,-1.088,1.28,1.975,True
HC_03,healthy,10.3,0.14951,0.20091,0.95948,0.132,-1.441,1.663,True
HC_03,healthy,10.31,0.16525,0.18839,0.947,0.922,0.325,-0.836,True
HC_03,healthy,10.32,0.15905,0.1822,0.94686,0.636,-0.909,-0.582,True
HC_03,healthy,10.33,0.15965,0.23941,0.93997,1.03,1.358,-1.766,True
HC_03,healthy,10.34,0.1365,0.20681,0.98323,-0.778,0.45,-1.503,True
HC_03,healthy,10.35,0.135,0.20361,0.96208,-0.041,0.128,-0.482,True
HC_03,healthy,10.36,0.16782,0.22924,0.95786,-1.417,-0.145,0.693,True
HC_03,healthy,10.370000000000001,0.16305,0.24473,0.92988,-0.69,0.94,0.971,True
HC_03,healthy,10.38,0.18672,0.22007,0.95139,-0.558,0.513,0.286,True
HC_03,healthy,10.39,0.18496,0.21644,0.94227,0.473,-0.046,0.356,True
HC_03,healthy,10.4,0.18406,0.21292,0.94526,-1.079,-1.299,-0.125,True
HC_03,healthy,10.41,0.10092,0.17219,0.94084,0.571,1.129,0.141,True
HC_03,healthy,10.42,0.16397,0.18691,0.96175,1.448,0.579,-0.801,True
HC_03,healthy,10.43,0.13836,0.22851,0.9381,-0.393,-0.395,-0.597,True
HC_03,healthy,10.44,0.1802,0.22949,0.95061,-1.94,0.563,-2.366,True
HC_03,healthy,10.450000000000001,0.16198,0.20439,0.92134,-0.11,-1.031,-2.325,True
HC_03,healthy,10.46,0.14202,0.21334,0.94862,0.959,-0.177,0.713,True
HC_03,healthy,10.47,0.15618,0.19164,0.91367,1.573,0.156,-1.078,True
HC_03,healthy,10.48,0.19834,0.22347,0.94265,-0.021,-0.199,1.814,True
HC_03,healthy,10.49,0.18034,0.20977,0.9543,-1.055,-1.141,2.253,True
HC_03,healthy,10.5,0.15292,0.21549,0.95484,-1.037,1.76,1.641,True
HC_03,healthy,10.51,0.17648,0.21598,0.95144,-0.584,-1.251,-0.046,True
HC_03,healthy,10.52,0.17201,0.20705,0.95402,-0.181,1.28,0.056,True
HC_03,healthy,10.53,0.16702,0.17902,0.92877,0.041,-0.058,-0.309,True
HC_03,healthy,10.540000000000001,0.13997,0.20818,0.94758,-0.784,-0.212,-1.932,True
HC_03,healthy,10.55,0.14585,0.23422,0.97269,-0.728,-0.153,-1.495,True
HC_03,healthy,10.56,0.16358,0.2079,0.92893,0.499,0.422,-1.227,True
HC_03,healthy,10.57,0.16342,0.22045,0.94216,-0.998,3.2,0.108,True
HC_03,healthy,10.58,0.18798,0.22214,0.95716,2.244,-0.089,0.396,True
HC_03,healthy,10.59,0.17669,0.20608,0.96573,-0.836,0.243,-0.028,True
HC_03,healthy,10.6,0.16701,0.23683,0.92332,-1.898,-0.068,0.803,True
HC_03,healthy,10.61,0.18952,0.19836,0.94773,-0.161,0.494,0.95,True
HC_03,healthy,10.620000000000001,0.17838,0.21222,0.92734,0.249,-0.679,0.806,True
HC_03,healthy,10.63,0.15309,0.21537,0.9296,-0.511,0.311,0.568,True
HC_03,healthy,10.64,0.15536,0.19146,0.95611,-0.026,1.264,-1.674,True
HC_03,healthy,10.65,0.13037,0.22358,0.935,0.25,-1.249,-2.083,True
HC_03,healthy,10.66,0.18421,0.20203,0.94938,-0.182,-0.232,-0.891,True
HC_03,healthy,10.67,0.17102,0.23622,0.93386,0.698,-0.121,-0.225,True
HC_03,healthy,10.68,0.16615,0.22303,0.91776,-1.742,-0.286,-2.401,True
HC_03,healthy,10.69,0.17678,0.23293,0.93485,0.62,0.239,0.586,True
HC_03,healthy,10.700000000000001,0.19869,0.20001,0.93833,1.056,-0.461,1.677,True
HC_03,healthy,10.71,0.18295,0.19125,0.96789,-0.352,-1.072,0.958,True
HC_03,healthy,10.72,0.1741,0.18807,0.9162,0.812,-0.056,2.039,True
HC_03,healthy,10.73,0.18047,0.19499,0.92693,0.612,0.424,1.199,True
HC_03,healthy,10.74,0.18215,0.18056,0.95292,0.771,-0.139,0.343,True
HC_03,healthy,10.75,0.1709,0.21486,0.92177,-0.827,0.425,-0.947,True
HC_03,healthy,10.76,0.16768,0.20188,0.93361,1.234,-0.567,-2.269,True
HC_03,healthy,10.77,0.1681,0.20939,0.94961,-0.467,0.175,-0.559,True
HC_03,healthy,10.78,0.14755,0.22384,0.91764,0.345,-0.086,-0.841,True
HC_03,healthy,10.790000000000001,0.16113,0.22863,0.94615,0.446,0.855,1.368,True
HC_03,healthy,10.8,0.19976,0.19542,0.93762,0.509,0.284,1.112,True
HC_03,healthy,10.81,0.18047,0.22672,0.97237,-0.521,0.049,2.057,True
HC_03,healthy,10.82,0.20146,0.20117,0.9278,-0.297,0.215,0.337,True
HC_03,healthy,10.83,0.17629,0.20114,0.94044,0.375,-0.716,1.731,True
HC_03,healthy,10.84,0.18004,0.21356,0.91269,-0.215,0.42,1.009,True
HC_03,healthy,10.85,0.18589,0.19015,0.93784,0.102,-0.268,-1.245,True
HC_03,healthy,10.86,0.16183,0.1825,0.92237,-0.045,1.416,-1.856,True
HC_03,healthy,10.870000000000001,0.15418,0.18131,0.96604,0.126,1.214,-1.504,True
HC_03,healthy,10.88,0.17986,0.23859,0.92336,-0.34,0.396,-0.704,True
HC_03,healthy,10.89,0.16625,0.24684,0.95077,-0.674,-1.227,-1.476,True
HC_03,healthy,10.9,0.15821,0.22814,0.92193,0.233,-0.092,-0.626,True
HC_03,healthy,10.91,0.1896,0.23948,0.93187,1.34,0.3,-0.188,True
HC_03,healthy,10.92,0.2291,0.21329,0.92857,-0.562,0.529,1.538,True
HC_03,healthy,10.93,0.18477,0.23061,0.91938,1.327,1.029,0.604,True
HC_03,healthy,10.94,0.16907,0.18149,0.94146,0.756,-0.308,0.905,True
HC_03,healthy,10.950000000000001,0.15881,0.18038,0.92406,0.096,0.588,0.307,True
HC_03,healthy,10.96,0.16944,0.17229,0.92251,-0.101,0.434,-2.082,True
HC_03,healthy,10.97,0.13832,0.21868,0.92029,0.561,1.001,0.051,True
HC_03,healthy,10.98,0.15875,0.20001,0.92239,-0.094,0.324,-1.41,True
HC_03,healthy,10.99,0.15322,0.22367,0.93472,0.617,-0.38,-0.772,True
HC_03,healthy,11.0,0.18901,0.23,0.92835,-1.087,0.364,-1.099,True
HC_03,healthy,11.01,0.21703,0.20736,0.90778,0.615,-0.45,0.503,True
HC_03,healthy,11.02,0.18033,0.24788,0.92805,-0.145,0.629,1.239,True
HC_03,healthy,11.03,0.20114,0.22987,0.95102,0.259,0.844,2.426,True
HC_03,healthy,11.040000000000001,0.20521,0.22116,0.93278,0.272,0.381,0.841,True
HC_03,healthy,11.05,0.20099,0.21192,0.90899,-0.378,1.122,2.637,True
HC_03,healthy,11.06,0.15646,0.18976,0.95068,1.273,0.211,0.214,True
HC_03,healthy,11.07,0.17606,0.21664,0.91427,0.894,1.236,-0.687,True
HC_03,healthy,11.08,0.18013,0.21135,0.92019,-0.625,0.425,-0.615,True
HC_03,healthy,11.09,0.14529,0.22879,0.92704,0.504,-0.854,-1.25,True
HC_03,healthy,11.1,0.18879,0.22424,0.92355,0.754,-1.146,-1.508,True
HC_03,healthy,11.11,0.17208,0.27173,0.91572,1.371,1.102,-0.625,True
HC_03,healthy,11.120000000000001,0.17576,0.24438,0.9248,-0.997,0.994,0.573,True
HC_03,healthy,11.13,0.20825,0.23156,0.90339,-1.614,-2.047,0.383,True
HC_03,healthy,11.14,0.20258,0.19221,0.94529,-1.082,-0.759,1.849,True
HC_03,healthy,11.15,0.20543,0.2097,0.94831,0.608,0.494,2.221,True
HC_03,healthy,11.16,0.20047,0.2188,0.94341,1.374,-0.197,-0.324,True
HC_03,healthy,11.17,0.19997,0.20678,0.92419,-0.576,0.29,1.106,True
HC_03,healthy,11.18,0.17224,0.18413,0.95021,0.05,1.706,-0.669,True
HC_03,healthy,11.19,0.16955,0.21037,0.93775,-0.822,-0.42,-1.116,True
HC_03,healthy,11.200000000000001,0.18805,0.19578,0.92731,0.228,0.663,-0.808,True
HC_03,healthy,11.21,0.20113,0.20607,0.933,-0.843,-0.631,-0.296,True
HC_03,healthy,11.22,0.17272,0.25321,0.92873,-0.385,-0.443,0.833,True
HC_03,healthy,11.23,0.21381,0.21129,0.93863,2.219,-0.812,0.123,True
HC_03,healthy,11.24,0.21174,0.20775,0.94767,-0.995,0.374,1.617,True
HC_03,healthy,11.25,0.17155,0.21812,0.94377,-0.868,0.296,1.855,True
HC_03,healthy,11.26,0.18661,0.19211,0.88992,0.823,-0.468,0.989,True
HC_03,healthy,11.27,0.16326,0.22291,0.91919,-0.446,-0.812,0.349,True
HC_03,healthy,11.28,0.15946,0.21556,0.93725,1.486,0.42,-1.083,True
HC_03,healthy,11.290000000000001,0.17756,0.19388,0.94599,0.175,0.794,-3.051,True
HC_03,healthy,11.3,0.17591,0.18898,0.91542,0.461,1.422,-0.671,True
HC_03,healthy,11.31,0.16963,0.2235,0.93862,0.014,0.455,-0.074,True
HC_03,healthy,11.32,0.169,0.19951,0.94184,-1.804,1.207,-2.086,True
HC_03,healthy,11.33,0.16098,0.22895,0.94044,-0.13,0.924,-0.555,True
HC_03,healthy,11.34,0.18579,0.23677,0.96083,-1.067,-0.421,1.148,True
HC_03,healthy,11.35,0.21009,0.22778,0.92099,0.126,-0.012,0.241,True
HC_03,healthy,11.36,0.18011,0.22339,0.92555,-0.242,0.311,2.21,True
HC_03,healthy,11.370000000000001,0.19042,0.18254,0.95527,-0.059,-0.461,1.218,True
HC_03,healthy,11.38,0.19158,0.19655,0.95467,-0.217,0.061,1.223,True
HC_03,healthy,11.39,0.17022,0.16763,0.93534,-1.186,-0.633,1.271,True
HC_03,healthy,11.4,0.17709,0.21096,0.92872,-0.719,2.718,-0.285,True
HC_03,healthy,11.41,0.20941,0.19993,0.90567,0.358,0.524,-0.221,True
HC_03,healthy,11.42,0.19006,0.22247,0.92738,-1.425,0.215,-0.448,True
HC_03,healthy,11.43,0.1655,0.22019,0.95335,-0.254,-0.287,-0.817,True
HC_03,healthy,11.44,0.17138,0.23266,0.91994,0.829,-0.495,-1.23,True
HC_03,healthy,11.450000000000001,0.18046,0.19986,0.90517,0.343,0.527,0.74,True
HC_03,healthy,11.46,0.18658,0.23523,0.93269,-0.323,-0.365,0.861,True
HC_03,healthy,11.47,0.20561,0.23614,0.92862,-0.127,-0.709,0.779,True
HC_03,healthy,11.48,0.21629,0.20073,0.90733,0.526,0.16,1.782,True
HC_03,healthy,11.49,0.20022,0.20647,0.92948,0.142,2.135,-0.57,True
HC_03,healthy,11.5,0.22753,0.21374,0.93884,0.15,-0.717,-1.528,True
HC_03,healthy,11.51,0.14694,0.22747,0.91755,-0.966,1.199,-0.981,True
HC_03,healthy,11.52,0.15679,0.17878,0.91917,-0.344,-0.91,-1.526,True
HC_03,healthy,11.53,0.17736,0.23766,0.91693,-0.457,0.348,-2.751,True
HC_03,healthy,11.540000000000001,0.17855,0.2481,0.93552,-0.941,0.447,-0.789,True
HC_03,healthy,11.55,0.18543,0.24252,0.91649,-0.183,-0.092,0.988,True
HC_03,healthy,11.56,0.1857,0.21599,0.93989,0.681,-1.135,0.444,True
HC_03,healthy,11.57,0.19758,0.22721,0.93122,0.536,-1.822,1.484,True
HC_03,healthy,11.58,0.21395,0.22811,0.93876,1.145,-0.496,0.679,True
HC_03,healthy,11.59,0.21214,0.21552,0.90703,-0.261,0.782,1.475,True
HC_03,healthy,11.6,0.20069,0.21925,0.93789,0.039,-0.306,0.702,True
HC_03,healthy,11.61,0.15316,0.19774,0.91331,-0.21,-0.203,0.077,True
HC_03,healthy,11.620000000000001,0.2025,0.20411,0.95519,-1.607,0.039,-1.548,True
HC_03,healthy,11.63,0.17821,0.21821,0.93833,1.085,0.314,-0.957,True
HC_03,healthy,11.64,0.19147,0.2042,0.91871,-0.628,-0.283,-2.538,True
HC_03,healthy,11.65,0.18566,0.23965,0.92998,-0.21,-0.669,0.335,True
HC_03,healthy,11.66,0.21174,0.24478,0.92505,0.194,-0.833,-0.999,True
HC_03,healthy,11.67,0.22645,0.23516,0.91452,0.916,-0.338,1.419,True
HC_03,healthy,11.68,0.18385,0.241,0.9445,0.878,0.253,1.697,True
HC_03,healthy,11.69,0.19617,0.23205,0.9345,-0.08,0.174,0.714,True
HC_03,healthy,11.700000000000001,0.20448,0.20999,0.94494,-0.116,-1.986,1.086,True
HC_03,healthy,11.71,0.19891,0.21417,0.93448,0.378,-1.732,1.427,True
HC_03,healthy,11.72,0.17689,0.20489,0.91554,-0.644,-0.504,0.549,True
HC_03,healthy,11.73,0.1706,0.22506,0.91644,-1.038,0.233,-0.395,True
HC_03,healthy,11.74,0.17034,0.21147,0.92484,0.541,0.903,-1.832,True
HC_03,healthy,11.75,0.18744,0.23955,0.94009,0.404,0.206,-0.615,True
HC_03,healthy,11.76,0.17986,0.22902,0.9257,-1.311,0.227,-1.406,True
HC_03,healthy,11.77,0.18254,0.23498,0.9367,1.398,1.864,0.656,True
HC_03,healthy,11.78,0.20417,0.22341,0.91227,0.35,0.69,1.078,True
HC_03,healthy,11.790000000000001,0.22583,0.22118,0.92117,-0.033,-0.298,2.156,True
HC_03,healthy,11.8,0.23135,0.23305,0.90613,-1.573,0.024,1.129,True
HC_03,healthy,11.81,0.1881,0.20894,0.94161,-0.661,0.452,0.585,True
HC_03,healthy,11.82,0.19071,0.22813,0.9359,0.018,0.258,0.544,True
HC_03,healthy,11.83,0.21075,0.1981,0.921,0.083,-0.278,-0.212,True
HC_03,healthy,11.84,0.184,0.21165,0.88034,0.458,0.742,-1.779,True
HC_03,healthy,11.85,0.2053,0.2176,0.9397,1.789,0.551,0.077,True
HC_03,healthy,11.86,0.19293,0.25962,0.90954,0.951,0.755,-1.675,True
HC_03,healthy,11.870000000000001,0.17531,0.21603,0.92071,-0.214,0.256,-0.231,True
HC_03,healthy,11.88,0.21999,0.22709,0.92396,-0.734,0.559,0.766,True
HC_03,healthy,11.89,0.20137,0.22829,0.92757,-1.287,-0.291,-0.101,True
HC_03,healthy,11.9,0.20787,0.24013,0.91489,-0.338,0.047,1.402,True
HC_03,healthy,11.91,0.21922,0.23249,0.91731,0.079,-0.277,2.448,True
HC_03,healthy,11.92,0.21091,0.24479,0.9233,-0.044,-0.573,0.596,True
HC_03,healthy,11.93,0.19744,0.17476,0.93158,-0.772,0.128,-0.377,True
HC_03,healthy,11.94,0.1922,0.22821,0.93002,-0.084,-0.35,0.852,True
HC_03,healthy,11.950000000000001,0.18755,0.20564,0.93403,-1.084,1.016,-1.04,True
HC_03,healthy,11.96,0.21704,0.22146,0.91386,0.311,-0.216,-1.96,True
HC_03,healthy,11.97,0.17143,0.21496,0.91116,0.563,1.277,-1.53,True
HC_03,healthy,11.98,0.20036,0.23643,0.93907,-0.818,-1.043,-0.822,True
HC_03,healthy,11.99,0.19819,0.23793,0.92701,-1.569,1.315,0.323,True
HC_03,healthy,12.0,0.20859,0.23574,0.91683,0.581,0.232,-0.326,True
HC_03,healthy,12.01,0.22383,0.26557,0.91133,2.414,-1.65,-0.09,True
HC_03,healthy,12.02,0.22068,0.2319,0.91902,-0.056,0.407,2.499,True
HC_03,healthy,12.030000000000001,0.20369,0.21906,0.93995,0.81,0.838,1.246,True
HC_03,healthy,12.040000000000001,0.18773,0.21375,0.9254,0.636,1.399,-1.467,True
HC_03,healthy,12.05,0.18574,0.22927,0.94559,0.698,1.214,-0.687,True
HC_03,healthy,12.06,0.18146,0.22202,0.90994,-0.632,-0.471,-0.4,True
HC_03,healthy,12.07,0.19587,0.21381,0.91158,0.988,-0.804,-1.672,True
HC_03,healthy,12.08,0.19529,0.21939,0.93233,-0.09,-0.18,0.224,True
HC_03,healthy,12.09,0.20838,0.23764,0.92585,0.265,0.889,-0.541,True
HC_03,healthy,12.1,0.18645,0.23328,0.96855,-0.23,-0.282,-0.678,True
HC_03,healthy,12.11,0.23078,0.22016,0.92749,0.204,0.681,1.438,True
HC_03,healthy,12.120000000000001,0.21654,0.21402,0.94014,0.441,-1.634,0.83,True
HC_03,healthy,12.13,0.1988,0.20758,0.9428,-0.583,0.266,0.458,True
HC_03,healthy,12.14,0.22736,0.18616,0.93437,-0.209,-0.7,2.257,True
HC_03,healthy,12.15,0.19314,0.23424,0.91478,-0.009,0.241,1.888,True
HC_03,healthy,12.16,0.19886,0.19768,0.9611,-0.937,0.714,-0.108,True
HC_03,healthy,12.17,0.19018,0.22461,0.92783,0.856,-0.859,-2.225,True
HC_03,healthy,12.18,0.16636,0.23329,0.91554,1.5,-0.15,-1.876,True
HC_03,healthy,12.19,0.18712,0.23913,0.94616,-0.981,0.821,-1.287,True
HC_03,healthy,12.200000000000001,0.18056,0.22454,0.90882,-1.093,-0.069,-1.318,True
HC_03,healthy,12.21,0.20483,0.22648,0.91995,-1.133,-0.337,1.873,True
HC_03,healthy,12.22,0.20188,0.22468,0.90709,0.175,-0.106,0.765,True
HC_03,healthy,12.23,0.21341,0.23058,0.9341,-0.064,-0.269,2.628,True
HC_03,healthy,12.24,0.22028,0.23302,0.90378,-0.532,0.767,1.069,True
HC_03,healthy,12.25,0.21471,0.21563,0.92789,0.092,0.719,2.37,True
HC_03,healthy,12.26,0.20889,0.22388,0.92233,-0.052,0.03,-0.046,True
HC_03,healthy,12.27,0.19065,0.23123,0.93076,1.087,-1.017,-0.396,True
HC_03,healthy,12.280000000000001,0.20906,0.1947,0.93477,0.586,0.18,-2.569,True
HC_03,healthy,12.290000000000001,0.1721,0.2244,0.8955,-1.048,0.099,-2.032,True
HC_03,healthy,12.3,0.1923,0.20589,0.93519,-1.662,0.676,-3.049,True
HC_03,healthy,12.31,0.17596,0.21341,0.9199,0.635,0.241,-2.058,True
HC_03,healthy,12.32,0.20013,0.23922,0.96969,0.906,0.837,-0.212,True
HC_03,healthy,12.33,0.20988,0.25422,0.94716,0.208,0.405,1.812,True
HC_03,healthy,12.34,0.22639,0.23235,0.91931,-0.919,-0.018,2.239,True
HC_03,healthy,12.35,0.20449,0.25174,0.91994,-1.023,-1.352,0.589,True
HC_03,healthy,12.36,0.19155,0.20808,0.93257,-0.446,0.307,0.79,True
HC_03,healthy,12.370000000000001,0.21771,0.21252,0.91861,-0.417,0.665,0.7,True
HC_03,healthy,12.38,0.19624,0.20207,0.9466,-1.571,-0.468,-0.906,True
HC_03,healthy,12.39,0.18508,0.22938,0.94595,0.742,-0.89,-1.404,True
HC_03,healthy,12.4,0.18401,0.24977,0.91938,-0.417,0.976,-1.377,True
HC_03,healthy,12.41,0.17661,0.21754,0.91941,-0.9,0.565,-2.148,True
HC_03,healthy,12.42,0.21531,0.22233,0.909,0.183,-0.449,-0.332,True
HC_03,healthy,12.43,0.19478,0.23391,0.9298,-0.074,-0.342,0.515,True
HC_03,healthy,12.44,0.21915,0.20712,0.93636,0.896,-0.073,0.667,True
HC_03,healthy,12.450000000000001,0.22097,0.22489,0.92801,-0.032,0.344,2.549,True
HC_03,healthy,12.46,0.20986,0.24308,0.89603,0.665,-0.686,1.502,True
HC_03,healthy,12.47,0.18637,0.19528,0.91287,0.828,0.354,0.227,True
HC_03,healthy,12.48,0.19449,0.19877,0.9512,0.827,0.623,0.439,True
HC_03,healthy,12.49,0.19353,0.2076,0.92224,1.0,0.632,-1.323,True
HC_03,healthy,12.5,0.18476,0.23067,0.90095,1.399,-0.751,-1.396,True
HC_03,healthy,12.51,0.18842,0.21213,0.92374,0.399,0.716,-1.164,True
HC_03,healthy,12.52,0.18678,0.21361,0.92829,-0.625,-0.3,-0.536,True
HC_03,healthy,12.530000000000001,0.18212,0.24016,0.94579,0.72,0.561,0.236,True
HC_03,healthy,12.540000000000001,0.18435,0.21961,0.93594,0.439,0.386,0.916,True
HC_03,healthy,12.55,0.18958,0.24813,0.92486,-1.326,0.543,1.079,True
HC_03,healthy,12.56,0.20008,0.21525,0.92169,1.123,0.393,1.286,True
HC_03,healthy,12.57,0.22882,0.22207,0.92703,0.274,0.333,1.301,True
HC_03,healthy,12.58,0.19993,0.18999,0.95646,0.444,0.611,0.1,True
HC_03,healthy,12.59,0.17714,0.21569,0.92849,0.18,1.927,0.277,True
HC_03,healthy,12.6,0.20307,0.22266,0.92173,-1.18,0.383,-1.101,True
HC_03,healthy,12.61,0.2108,0.22199,0.92773,0.633,0.623,-1.811,True
HC_03,healthy,12.620000000000001,0.19812,0.22612,0.93146,-0.103,-1.075,-2.816,True
HC_03,healthy,12.63,0.19253,0.22904,0.88658,0.569,1.986,-0.624,True
HC_03,healthy,12.64,0.19259,0.26067,0.93037,0.268,0.741,0.115,True
HC_03,healthy,12.65,0.20607,0.22682,0.93388,-0.49,-0.654,1.596,True
HC_03,healthy,12.66,0.20853,0.228,0.91856,1.378,-0.333,2.117,True
HC_03,healthy,12.67,0.2216,0.21655,0.90963,-0.815,0.947,1.879,True
HC_03,healthy,12.68,0.19277,0.23413,0.9336,0.79,-0.834,1.068,True
HC_03,healthy,12.69,0.21366,0.21157,0.91434,0.525,1.217,0.235,True
HC_03,healthy,12.700000000000001,0.19634,0.21133,0.90212,-0.849,0.48,-1.508,True
HC_03,healthy,12.71,0.19325,0.20774,0.91512,-0.137,-0.065,-1.312,True
HC_03,healthy,12.72,0.189,0.24594,0.90992,-0.129,-0.306,-1.105,True
HC_03,healthy,12.73,0.20757,0.22972,0.9184,0.273,-0.951,-2.381,True
HC_03,healthy,12.74,0.19136,0.23201,0.90232,1.068,1.52,-0.783,True
HC_03,healthy,12.75,0.18938,0.22637,0.91878,-1.46,0.672,0.414,True
HC_03,healthy,12.76,0.22616,0.24066,0.95831,0.44,-0.999,1.245,True
HC_03,healthy,12.77,0.21611,0.22163,0.9298,-1.475,0.857,1.04,True
HC_03,healthy,12.780000000000001,0.19636,0.23577,0.94235,0.168,0.654,1.644,True
HC_03,healthy,12.790000000000001,0.19736,0.208,0.9199,0.125,-0.149,1.34,True
HC_03,healthy,12.8,0.22992,0.22981,0.93335,0.023,0.409,0.698,True
HC_03,healthy,12.81,0.23941,0.2028,0.94228,-0.7,-0.808,-0.387,True
HC_03,healthy,12.82,0.18511,0.23571,0.90457,0.772,1.472,-2.296,True
HC_03,healthy,12.83,0.18579,0.22967,0.94696,0.084,-0.487,-1.453,True
HC_03,healthy,12.84,0.17427,0.2605,0.92693,1.296,-0.315,-0.906,True
HC_03,healthy,12.85,0.19605,0.22669,0.94379,0.847,0.275,-0.616,True
HC_03,healthy,12.86,0.2002,0.23256,0.94777,-1.198,-0.971,-0.213,True
HC_03,healthy,12.870000000000001,0.20752,0.24077,0.95384,0.559,-0.3,0.065,True
HC_03,healthy,12.88,0.18432,0.25823,0.9277,0.239,-1.949,2.746,True
HC_03,healthy,12.89,0.21585,0.23766,0.91623,-0.235,0.706,0.142,True
HC_03,healthy,12.9,0.21758,0.22223,0.95208,-0.221,1.355,0.862,True
HC_03,healthy,12.91,0.22007,0.22327,0.92096,1.093,-0.116,-0.382,True
HC_03,healthy,12.92,0.21617,0.2097,0.91348,-0.608,0.985,-0.657,True
HC_03,healthy,12.93,0.16842,0.21407,0.93984,0.188,-0.555,-0.368,True
HC_03,healthy,12.94,0.20004,0.22862,0.92126,1.277,-0.086,-2.562,True
HC_03,healthy,12.950000000000001,0.20646,0.21807,0.93091,-0.965,-0.019,-1.219,True
HC_03,healthy,12.96,0.19613,0.22304,0.89893,-0.372,0.343,-1.687,True
HC_03,healthy,12.97,0.18845,0.25364,0.93155,-0.965,-0.397,0.415,True
HC_03,healthy,12.98,0.21335,0.23375,0.94609,-1.223,-0.64,1.969,True
HC_03,healthy,12.99,0.20296,0.22043,0.91628,-0.607,0.48,0.665,True
HC_03,healthy,13.0,0.19505,0.23479,0.93645,0.058,-0.154,0.926,True
HC_03,healthy,13.01,0.2182,0.219,0.92995,-0.605,-0.113,1.882,True
HC_03,healthy,13.02,0.17377,0.20788,0.93621,0.933,-0.503,0.523,True
HC_03,healthy,13.030000000000001,0.1774,0.24712,0.94149,-0.039,-0.135,0.005,True
HC_03,healthy,13.040000000000001,0.20418,0.22228,0.9215,0.781,0.787,-1.087,True
HC_03,healthy,13.05,0.1792,0.21477,0.92249,1.753,1.239,-1.712,True
HC_03,healthy,13.06,0.17557,0.22393,0.92705,0.737,-0.771,-1.369,True
HC_03,healthy,13.07,0.21784,0.22222,0.94788,0.548,0.416,-1.968,True
HC_03,healthy,13.08,0.21795,0.22897,0.93761,0.926,-0.168,0.031,True
HC_03,healthy,13.09,0.22421,0.24555,0.90304,-1.19,-1.11,2.328,True
HC_03,healthy,13.1,0.21931,0.21781,0.91712,1.406,1.35,1.643,True
HC_03,healthy,13.11,0.21864,0.20214,0.90309,-0.285,-0.402,1.603,True
HC_03,healthy,13.120000000000001,0.20144,0.20311,0.91412,-0.467,-0.059,2.332,True
HC_03,healthy,13.13,0.1867,0.21687,0.89241,-0.447,-0.76,-0.268,True
HC_03,healthy,13.14,0.17792,0.18762,0.91749,0.272,-0.574,0.059,True
HC_03,healthy,13.15,0.19491,0.22707,0.94488,0.814,1.072,-1.432,True
HC_03,healthy,13.16,0.19721,0.22408,0.90711,-0.706,-1.179,-0.964,True
HC_03,healthy,13.17,0.19232,0.22621,0.92588,-0.286,0.506,-1.181,True
HC_03,healthy,13.18,0.20506,0.2127,0.91792,-0.826,0.388,-0.659,True
HC_03,healthy,13.19,0.19387,0.26226,0.91127,0.144,1.171,0.561,True
HC_03,healthy,13.200000000000001,0.20532,0.21932,0.95267,-0.494,-1.35,2.027,True
HC_03,healthy,13.21,0.2152,0.23069,0.91348,-0.445,0.733,1.681,True
HC_03,healthy,13.22,0.21421,0.21368,0.9234,-0.279,0.752,0.303,True
HC_03,healthy,13.23,0.18552,0.19252,0.95167,0.479,0.001,1.243,True
HC_03,healthy,13.24,0.17643,0.19579,0.91541,-0.768,-1.162,-0.65,True
HC_03,healthy,13.25,0.19276,0.22928,0.92106,1.279,0.384,0.159,True
HC_03,healthy,13.26,0.18341,0.25394,0.93012,0.004,1.48,-0.522,True
HC_03,healthy,13.27,0.19642,0.23171,0.93836,1.033,-0.782,-0.926,True
HC_03,healthy,13.280000000000001,0.18296,0.2238,0.92018,-0.745,1.242,-1.637,True
HC_03,healthy,13.290000000000001,0.1689,0.23429,0.92742,-0.996,-0.033,-0.245,True
HC_03,healthy,13.3,0.19711,0.21091,0.92174,-1.172,0.486,0.031,True
HC_03,healthy,13.31,0.22269,0.2185,0.92171,-0.077,1.095,0.577,True
HC_03,healthy,13.32,0.19555,0.20142,0.91862,0.01,-1.152,1.207,True
HC_03,healthy,13.33,0.21107,0.2356,0.89758,-0.71,0.878,0.83,True
HC_03,healthy,13.34,0.20413,0.21972,0.93044,0.256,-0.052,1.502,True
HC_03,healthy,13.35,0.21717,0.23545,0.92824,0.691,-0.538,0.379,True
HC_03,healthy,13.36,0.19038,0.19556,0.93111,0.464,-0.836,-0.483,True
HC_03,healthy,13.370000000000001,0.18707,0.20088,0.92653,0.512,-1.029,-1.62,True
HC_03,healthy,13.38,0.18697,0.24835,0.96103,-0.035,0.723,-2.36,True
HC_03,healthy,13.39,0.19331,0.24723,0.93517,-0.646,0.301,-1.346,True
HC_03,healthy,13.4,0.17348,0.23933,0.93641,1.338,-0.186,0.827,True
HC_03,healthy,13.41,0.19501,0.22602,0.92325,-0.671,0.892,-0.272,True
HC_03,healthy,13.42,0.21391,0.23166,0.95216,0.278,0.251,1.809,True
HC_03,healthy,13.43,0.18583,0.2434,0.93003,0.751,0.142,1.885,True
HC_03,healthy,13.44,0.20514,0.22317,0.93895,0.062,0.03,0.934,True
HC_03,healthy,13.450000000000001,0.19879,0.20683,0.93343,0.597,1.317,1.639,True
HC_03,healthy,13.46,0.17742,0.24282,0.90792,-0.52,-0.245,1.258,True
HC_03,healthy,13.47,0.19005,0.21138,0.94275,-1.156,-0.962,-0.361,True
HC_03,healthy,13.48,0.19457,0.22307,0.93002,0.172,-0.064,-0.646,True
HC_03,healthy,13.49,0.17602,0.20854,0.94674,-0.473,-0.287,-1.618,True
HC_03,healthy,13.5,0.13917,0.22107,0.91145,-0.092,-0.288,-1.924,True
HC_03,healthy,13.51,0.19541,0.21589,0.92619,0.63,0.273,-1.079,True
HC_03,healthy,13.52,0.21657,0.23022,0.94221,0.847,0.494,0.782,True
HC_03,healthy,13.530000000000001,0.19321,0.24504,0.92661,-1.045,0.39,0.428,True
HC_03,healthy,13.540000000000001,0.20388,0.20066,0.90269,-0.29,0.012,2.33,True
HC_03,healthy,13.55,0.18965,0.22289,0.93914,-1.075,1.168,2.432,True
HC_03,healthy,13.56,0.19554,0.1954,0.89808,0.296,0.409,1.532,True
HC_03,healthy,13.57,0.19024,0.22505,0.91224,-0.73,1.237,1.08,True
HC_03,healthy,13.58,0.17562,0.21063,0.89956,0.628,-0.205,-0.836,True
HC_03,healthy,13.59,0.18498,0.21803,0.91466,-0.308,0.409,-1.552,True
HC_03,healthy,13.6,0.16921,0.2004,0.91472,0.084,-0.128,-1.753,True
HC_03,healthy,13.61,0.18156,0.22483,0.93419,0.172,2.963,-1.902,True
HC_03,healthy,13.620000000000001,0.16695,0.22296,0.94285,0.996,-0.571,-0.264,True
HC_03,healthy,13.63,0.21612,0.22373,0.92082,-0.353,0.841,0.121,True
HC_03,healthy,13.64,0.19684,0.24471,0.92855,0.015,1.181,2.316,True
HC_03,healthy,13.65,0.2058,0.23215,0.94563,1.045,0.97,1.859,True
HC_03,healthy,13.66,0.20461,0.20994,0.92278,-0.453,0.717,1.293,True
HC_03,healthy,13.67,0.21231,0.20297,0.92559,0.53,-0.744,0.909,True
HC_03,healthy,13.68,0.18841,0.20309,0.95455,0.823,1.683,-1.963,True
HC_03,healthy,13.69,0.14611,0.21688,0.91458,0.242,1.243,-0.818,True
HC_03,healthy,13.700000000000001,0.18171,0.23443,0.9259,-0.061,0.394,-1.244,True
HC_03,healthy,13.71,0.15447,0.21323,0.93702,0.422,1.101,-1.59,True
HC_03,healthy,13.72,0.17764,0.21115,0.90038,1.302,0.718,-1.252,True
HC_03,healthy,13.73,0.19625,0.23057,0.92913,0.829,0.521,0.131,True
HC_03,healthy,13.74,0.16864,0.23969,0.93484,-0.551,-0.776,1.818,True
HC_03,healthy,13.75,0.19842,0.23685,0.93555,1.116,0.256,1.816,True
HC_03,healthy,13.76,0.18006,0.21016,0.94622,-0.989,1.215,0.615,True
HC_03,healthy,13.77,0.22008,0.22061,0.93511,0.159,-0.451,2.533,True
HC_03,healthy,13.780000000000001,0.19515,0.20158,0.93265,0.244,-0.173,0.281,True
HC_03,healthy,13.790000000000001,0.19635,0.20134,0.93563,-0.21,-0.664,-1.022,True
HC_03,healthy,13.8,0.16049,0.19891,0.92295,0.287,-0.225,-0.582,True
HC_03,healthy,13.81,0.15684,0.19421,0.9409,0.405,0.487,-0.771,True
HC_03,healthy,13.82,0.19547,0.24246,0.94164,-1.003,0.491,-1.194,True
HC_03,healthy,13.83,0.1805,0.21469,0.94442,0.243,0.321,-0.861,True
HC_03,healthy,13.84,0.17601,0.2452,0.93661,-0.29,0.855,0.801,True
HC_03,healthy,13.85,0.17924,0.22088,0.92414,-1.201,0.126,-0.747,True
HC_03,healthy,13.86,0.17382,0.22468,0.91356,-1.416,-0.743,1.006,True
HC_03,healthy,13.870000000000001,0.19436,0.19328,0.94848,1.07,-1.304,0.987,True
HC_03,healthy,13.88,0.18175,0.17565,0.91772,0.579,-0.435,0.923,True
HC_03,healthy,13.89,0.17552,0.20609,0.93451,-0.187,0.951,0.095,True
HC_03,healthy,13.9,0.17209,0.19215,0.9046,-0.572,-0.047,0.001,True
HC_03,healthy,13.91,0.1693,0.21085,0.92048,1.165,-0.949,-1.361,True
HC_03,healthy,13.92,0.15554,0.20431,0.94691,0.208,-0.18,-1.267,True
HC_03,healthy,13.93,0.15547,0.22315,0.933,-0.115,-0.5,-0.221,True
HC_03,healthy,13.94,0.16734,0.22966,0.92825,0.127,-1.375,-0.791,True
HC_03,healthy,13.950000000000001,0.1806,0.23854,0.94361,0.08,-0.636,1.092,True
HC_03,healthy,13.96,0.21218,0.2317,0.93005,-1.354,-1.102,2.038,True
HC_03,healthy,13.97,0.19645,0.21247,0.91478,-0.689,-1.124,0.742,True
HC_03,healthy,13.98,0.19301,0.19201,0.94863,0.077,0.936,1.135,True
HC_03,healthy,13.99,0.17075,0.21693,0.9458,-0.553,-0.215,1.404,True
HC_03,healthy,14.0,0.20331,0.19963,0.95425,0.808,-0.817,0.04,True
HC_03,healthy,14.01,0.15783,0.19297,0.91208,0.779,0.507,-0.837,True
HC_03,healthy,14.02,0.1597,0.19471,0.97442,-1.203,-0.293,-1.182,True
HC_03,healthy,14.030000000000001,0.1635,0.2262,0.93843,0.739,-0.504,-1.422,True
HC_03,healthy,14.040000000000001,0.16166,0.23463,0.9219,0.52,0.22,-0.979,True
HC_03,healthy,14.05,0.19264,0.20516,0.96139,-0.212,0.91,-2.057,True
HC_03,healthy,14.06,0.18139,0.21878,0.93323,1.251,0.537,0.485,True
HC_03,healthy,14.07,0.1692,0.25014,0.94601,-1.094,0.422,1.87,True
HC_03,healthy,14.08,0.19821,0.22764,0.92589,-1.325,-0.49,1.207,True
HC_03,healthy,14.09,0.21991,0.20422,0.92953,-1.628,1.094,1.398,True
HC_03,healthy,14.1,0.20285,0.18818,0.95317,-1.129,-0.227,2.143,True
HC_03,healthy,14.11,0.19181,0.18432,0.92677,0.761,-0.122,0.055,True
HC_03,healthy,14.120000000000001,0.15195,0.18256,0.95628,0.54,-1.344,-0.416,True
HC_03,healthy,14.13,0.17395,0.19944,0.95786,0.351,-0.148,-0.038,True
HC_03,healthy,14.14,0.16818,0.21308,0.92208,0.677,-0.784,-1.607,True
HC_03,healthy,14.15,0.16522,0.1929,0.94211,0.041,0.224,-0.616,True
HC_03,healthy,14.16,0.15658,0.23198,0.94415,-1.314,-1.871,-0.263,True
HC_03,healthy,14.17,0.19713,0.22516,0.92683,0.409,0.432,1.01,True
HC_03,healthy,14.18,0.17258,0.25043,0.93674,0.015,1.375,1.503,True
HC_03,healthy,14.19,0.18625,0.20588,0.92631,0.081,1.197,1.946,True
HC_03,healthy,14.200000000000001,0.20306,0.18979,0.94633,-0.021,0.034,1.159,True
HC_03,healthy,14.21,0.18739,0.22189,0.95497,-0.847,-1.097,0.763,True
HC_03,healthy,14.22,0.16043,0.20178,0.93736,0.237,0.131,1.955,True
HC_03,healthy,14.23,0.16866,0.1883,0.92291,0.251,1.522,-2.066,True
HC_03,healthy,14.24,0.18218,0.20133,0.92934,0.978,0.567,-1.338,True
HC_03,healthy,14.25,0.14174,0.23343,0.94735,0.499,0.649,-0.752,True
HC_03,healthy,14.26,0.15573,0.22831,0.96065,0.759,1.144,-0.599,True
HC_03,healthy,14.27,0.15991,0.22965,0.92562,0.546,-0.711,-1.631,True
HC_03,healthy,14.280000000000001,0.16621,0.20596,0.92006,0.299,-1.029,0.294,True
HC_03,healthy,14.290000000000001,0.17971,0.23135,0.94008,0.598,-1.301,1.746,True
HC_03,healthy,14.3,0.18618,0.22968,0.93846,-0.142,-0.052,0.961,True
HC_03,healthy,14.31,0.18736,0.19372,0.95534,0.493,0.662,2.93,True
HC_03,healthy,14.32,0.19117,0.20082,0.93894,-0.487,0.686,0.744,True
HC_03,healthy,14.33,0.17756,0.21929,0.94421,0.882,0.242,-0.091,True
HC_03,healthy,14.34,0.15932,0.19831,0.92746,0.109,0.013,0.152,True
HC_03,healthy,14.35,0.15959,0.20471,0.94317,-0.482,0.231,-2.512,True
HC_03,healthy,14.36,0.16341,0.23379,0.92826,1.575,-0.484,-2.634,True
HC_03,healthy,14.370000000000001,0.15747,0.2097,0.91784,0.898,-0.376,-0.447,True
HC_03,healthy,14.38,0.16691,0.22871,0.92941,0.316,-2.027,1.633,True
HC_03,healthy,14.39,0.17709,0.23096,0.92132,-0.184,-0.615,0.017,True
HC_03,healthy,14.4,0.22432,0.22277,0.92726,0.943,0.815,0.408,True
HC_03,healthy,14.41,0.19012,0.2178,0.95566,-0.363,-0.827,2.804,True
HC_03,healthy,14.42,0.19207,0.18656,0.94931,1.621,-0.484,1.401,True
HC_03,healthy,14.43,0.16523,0.19522,0.95328,0.547,-0.683,1.433,True
HC_03,healthy,14.44,0.1685,0.20423,0.93827,-0.605,0.808,1.047,True
HC_03,healthy,14.450000000000001,0.14896,0.19007,0.95333,0.351,0.155,-2.079,True
HC_03,healthy,14.46,0.14886,0.20271,0.94483,2.397,0.302,-2.011,True
HC_03,healthy,14.47,0.14409,0.22075,0.89045,-0.527,-1.701,-0.597,True
HC_03,healthy,14.48,0.13722,0.21511,0.94853,0.221,-0.23,-0.772,True
HC_03,healthy,14.49,0.15911,0.20909,0.95715,-0.166,0.707,-0.573,True
HC_03,healthy,14.5,0.1649,0.19003,0.95192,-0.328,0.39,1.548,True
HC_03,healthy,14.51,0.18058,0.22195,0.95645,-0.067,1.231,0.89,True
HC_03,healthy,14.52,0.19033,0.21388,0.92605,0.189,0.573,1.613,True
HC_03,healthy,14.530000000000001,0.18563,0.19251,0.9224,1.169,-0.757,1.072,True
HC_03,healthy,14.540000000000001,0.14575,0.19025,0.93412,-1.043,-0.101,0.666,True
HC_03,healthy,14.55,0.16027,0.14939,0.923,-0.211,-0.524,0.769,True
HC_03,healthy,14.56,0.15434,0.18695,0.9369,0.322,0.279,-0.586,True
HC_03,healthy,14.57,0.14856,0.20183,0.9322,0.779,0.645,-1.124,True
HC_03,healthy,14.58,0.14116,0.20816,0.93361,1.052,-1.328,-1.436,True
HC_03,healthy,14.59,0.14947,0.20633,0.96569,-0.432,-1.516,0.124,True
HC_03,healthy,14.6,0.16158,0.21924,0.9203,-0.808,2.08,0.951,True
HC_03,healthy,14.61,0.1608,0.1888,0.934,0.425,0.689,0.437,True
HC_03,healthy,14.620000000000001,0.20212,0.21887,0.94942,0.233,-1.082,1.412,True
HC_03,healthy,14.63,0.16232,0.18813,0.95859,0.274,0.487,1.298,True
HC_03,healthy,14.64,0.17536,0.19173,0.93591,-0.206,0.476,2.974,True
HC_03,healthy,14.65,0.15748,0.21863,0.93098,-0.532,-1.528,0.647,True
HC_03,healthy,14.66,0.18445,0.19543,0.94881,1.588,0.115,-0.434,True
HC_03,healthy,14.67,0.14175,0.20856,0.95552,-0.096,0.315,-0.843,True
HC_03,healthy,14.68,0.1492,0.20043,0.93634,1.045,0.16,0.07,True
HC_03,healthy,14.69,0.12807,0.18708,0.9543,0.027,0.666,-0.776,True
HC_03,healthy,14.700000000000001,0.15802,0.20934,0.96087,-0.864,1.586,-1.541,True
HC_03,healthy,14.71,0.1331,0.20211,0.94595,0.494,-0.246,0.495,True
HC_03,healthy,14.72,0.15216,0.21233,0.94429,-0.512,-0.097,-0.551,True
HC_03,healthy,14.73,0.17245,0.21237,0.93486,-0.275,-3.159,1.136,True
HC_03,healthy,14.74,0.16369,0.23542,0.93866,0.545,1.285,0.62,True
HC_03,healthy,14.75,0.20258,0.19595,0.95438,0.493,-0.677,1.534,True
HC_03,healthy,14.76,0.16971,0.18475,0.95098,-0.498,0.381,0.109,True
HC_03,healthy,14.77,0.15966,0.19382,0.94303,1.163,-1.111,-1.397,True
HC_03,healthy,14.780000000000001,0.12436,0.17187,0.91774,0.138,-1.984,-1.245,True
HC_03,healthy,14.790000000000001,0.15731,0.20037,0.95411,0.134,0.987,-0.289,True
HC_03,healthy,14.8,0.14305,0.21135,0.94301,-1.25,0.991,-1.512,True
HC_03,healthy,14.81,0.14985,0.19247,0.95333,-1.362,0.147,-1.322,True
HC_03,healthy,14.82,0.15109,0.21867,0.96956,0.194,0.565,-1.494,True
HC_03,healthy,14.83,0.17216,0.23373,0.95116,0.537,-0.068,-0.762,True
HC_03,healthy,14.84,0.15316,0.2072,0.9443,-0.407,1.779,2.083,True
HC_03,healthy,14.85,0.14309,0.18093,0.95477,-0.644,0.405,1.073,True
HC_03,healthy,14.86,0.17125,0.18852,0.94343,0.875,0.013,0.671,True
HC_03,healthy,14.870000000000001,0.15601,0.18479,0.9596,0.876,-1.13,-0.248,True
HC_03,healthy,14.88,0.17909,0.19865,0.96491,-0.973,-1.176,-1.218,True
HC_03,healthy,14.89,0.12647,0.18198,0.95671,0.332,-0.977,-1.752,True
HC_03,healthy,14.9,0.12886,0.22124,0.96669,-0.527,0.2,-1.801,True
HC_03,healthy,14.91,0.15276,0.21886,0.95693,-0.129,-2.337,-2.17,True
HC_03,healthy,14.92,0.11006,0.21219,0.94913,-0.773,0.309,-1.389,True
HC_03,healthy,14.93,0.15822,0.21066,0.96133,1.089,0.787,-0.206,True
HC_03,healthy,14.94,0.18622,0.22936,0.9623,0.636,-1.381,0.252,True
HC_03,healthy,14.950000000000001,0.15723,0.19057,0.96261,0.06,0.041,0.661,True
HC_03,healthy,14.96,0.16923,0.20367,0.93235,1.072,-0.699,2.426,True
HC_03,healthy,14.97,0.19549,0.21244,0.95959,-0.061,-0.365,2.304,True
HC_03,healthy,14.98,0.16869,0.20688,0.97062,-0.495,-0.372,-0.503,True
HC_03,healthy,14.99,0.15055,0.18371,0.95699,0.228,1.385,-1.425,True
HC_03,healthy,15.0,0.12574,0.20722,0.95544,0.848,0.006,1.198,True
HC_03,healthy,15.01,0.16247,0.19131,0.94563,-0.639,1.635,-2.774,True
HC_03,healthy,15.02,0.15361,0.16132,0.96006,0.888,0.526,-1.27,True
HC_03,healthy,15.030000000000001,0.10778,0.19697,0.9502,-0.788,-0.02,-0.453,True
HC_03,healthy,15.040000000000001,0.1404,0.18437,0.9704,-1.242,1.035,-0.581,True
HC_03,healthy,15.05,0.16786,0.2031,0.95862,-0.073,0.267,1.281,True
HC_03,healthy,15.06,0.18585,0.2049,0.95939,0.002,0.396,1.44,True
HC_03,healthy,15.07,0.17091,0.19645,0.96473,-0.267,-0.205,0.904,True
HC_03,healthy,15.08,0.15933,0.18378,0.95342,0.028,0.302,1.586,True
HC_03,healthy,15.09,0.15561,0.20002,0.95056,0.092,0.451,0.963,True
HC_03,healthy,15.1,0.14086,0.22585,0.93054,0.697,0.881,-0.003,True
HC_03,healthy,15.11,0.13128,0.19491,0.95887,-0.727,-0.652,0.107,True
HC_03,healthy,15.120000000000001,0.13733,0.19563,0.95064,0.145,0.595,-0.681,True
HC_03,healthy,15.13,0.13115,0.2045,0.97102,0.792,0.311,-1.006,True
HC_03,healthy,15.14,0.13871,0.20278,0.94239,1.01,0.188,0.084,True
HC_03,healthy,15.15,0.14858,0.20626,0.98348,0.441,1.098,1.193,True
HC_03,healthy,15.16,0.12579,0.19602,0.96764,-0.629,0.238,0.312,True
HC_03,healthy,15.17,0.14242,0.1718,0.96057,0.735,0.218,2.257,True
HC_03,healthy,15.18,0.15604,0.18916,0.93899,-1.728,-0.041,2.581,True
HC_03,healthy,15.19,0.15661,0.19773,0.97281,0.302,-1.269,0.592,True
HC_03,healthy,15.200000000000001,0.16122,0.18172,0.97073,0.42,0.507,0.395,True
HC_03,healthy,15.21,0.15359,0.20132,0.95429,-0.372,0.646,-1.129,True
HC_03,healthy,15.22,0.1341,0.18162,0.98158,1.044,1.094,-0.813,True
HC_03,healthy,15.23,0.12909,0.1795,0.96525,-1.086,0.088,-3.055,True
HC_03,healthy,15.24,0.13602,0.19446,0.9445,0.772,0.713,-3.207,True
HC_03,healthy,15.25,0.13248,0.19655,0.92605,-0.164,0.038,0.427,True
HC_03,healthy,15.26,0.13661,0.19507,0.96761,-1.077,-0.103,-1.037,True
HC_03,healthy,15.27,0.16586,0.19323,0.96608,-1.329,0.483,0.838,True
HC_03,healthy,15.280000000000001,0.14143,0.19711,0.94194,-0.074,-0.429,1.519,True
HC_03,healthy,15.290000000000001,0.16093,0.20306,0.93192,0.622,-0.341,0.748,True
HC_03,healthy,15.3,0.14255,0.19016,0.94831,-0.21,0.477,0.808,True
HC_03,healthy,15.31,0.15795,0.16038,0.95293,0.735,0.702,1.189,True
HC_03,healthy,15.32,0.14157,0.17029,0.95312,-0.475,0.352,-0.685,True
HC_03,healthy,15.33,0.12562,0.17442,0.95639,-0.042,0.642,-1.239,True
HC_03,healthy,15.34,0.11041,0.18317,0.9155,-0.513,0.128,-1.55,True
HC_03,healthy,15.35,0.13597,0.19569,0.93031,-0.266,1.108,-1.348,True
HC_03,healthy,15.36,0.11404,0.19451,0.96539,-1.348,-0.483,-0.254,True
HC_03,healthy,15.370000000000001,0.14178,0.21395,0.93158,0.33,0.54,-0.31,True
HC_03,healthy,15.38,0.1378,0.21392,0.92553,-1.107,-1.294,0.63,True
HC_03,healthy,15.39,0.14641,0.19291,0.94707,0.978,0.186,0.648,True
HC_03,healthy,15.4,0.13985,0.17871,0.94474,0.339,-0.144,0.491,True
HC_03,healthy,15.41,0.12877,0.19146,0.94336,-0.467,-0.504,0.198,True
HC_03,healthy,15.42,0.13514,0.20459,0.98698,-1.271,-1.626,0.104,True
HC_03,healthy,15.43,0.18004,0.17666,0.96136,-0.927,-0.222,-0.332,True
HC_03,healthy,15.44,0.12974,0.18101,0.95222,0.36,0.088,-2.368,True
HC_03,healthy,15.450000000000001,0.13255,0.19659,0.98765,0.206,-1.606,-2.067,True
HC_03,healthy,15.46,0.12652,0.20679,0.95502,0.435,-0.65,-1.219,True
HC_03,healthy,15.47,0.12917,0.22168,0.95266,0.515,0.59,-0.78,True
HC_03,healthy,15.48,0.16572,0.20122,0.9551,-0.305,-0.226,0.001,True
HC_03,healthy,15.49,0.15597,0.19722,0.96809,1.447,0.102,0.639,True
HC_03,healthy,15.5,0.14779,0.1857,0.97397,-0.136,0.619,1.091,True
HC_03,healthy,15.51,0.17236,0.18404,0.9792,-0.347,0.369,1.305,True
HC_03,healthy,15.52,0.14778,0.18331,0.98484,-0.993,0.083,0.411,True
HC_03,healthy,15.530000000000001,0.12938,0.18537,0.94779,-0.427,0.278,-1.335,True
HC_03,healthy,15.540000000000001,0.12087,0.1867,0.95904,0.755,0.063,-1.273,True
HC_03,healthy,15.55,0.14826,0.20221,0.9497,-0.016,0.235,-2.224,True
HC_03,healthy,15.56,0.12603,0.19478,0.94683,-1.243,1.893,-0.797,True
HC_03,healthy,15.57,0.12367,0.20236,0.94359,-1.103,0.503,-0.425,True
HC_03,healthy,15.58,0.15163,0.22059,0.94836,0.566,1.178,0.821,True
HC_03,healthy,15.59,0.12012,0.19394,0.98297,0.278,1.328,0.805,True
HC_03,healthy,15.6,0.14722,0.19277,0.96126,-0.222,0.085,0.491,True
HC_03,healthy,15.610000000000001,0.13055,0.18777,0.99713,0.371,-1.408,1.47,True
HC_03,healthy,15.620000000000001,0.12698,0.21851,0.96485,0.198,0.094,3.117,True
HC_03,healthy,15.63,0.12763,0.15043,0.93315,0.643,-0.828,1.241,True
HC_03,healthy,15.64,0.12229,0.18161,0.96745,0.763,0.422,0.219,True
HC_03,healthy,15.65,0.12317,0.19121,0.95193,0.355,-0.688,-2.91,True
HC_03,healthy,15.66,0.11112,0.19144,0.94564,0.193,-0.257,-1.79,True
HC_03,healthy,15.67,0.14073,0.1954,0.96707,-0.676,0.476,-1.289,True
HC_03,healthy,15.68,0.11619,0.20901,0.9377,0.048,0.81,-2.037,True
HC_03,healthy,15.69,0.09952,0.20144,0.97205,1.313,1.375,-0.13,True
HC_03,healthy,15.700000000000001,0.13201,0.17914,0.95371,-0.415,-1.138,0.602,True
HC_03,healthy,15.71,0.14059,0.20161,0.97313,-0.282,-0.365,1.159,True
HC_03,healthy,15.72,0.1662,0.20459,0.96497,-1.289,0.741,2.396,True
HC_03,healthy,15.73,0.16578,0.19037,0.96484,-0.323,-0.427,1.504,True
HC_03,healthy,15.74,0.14061,0.14193,0.96941,-0.408,0.161,0.367,True
HC_03,healthy,15.75,0.16734,0.16928,0.95643,-0.291,0.385,-0.312,True
HC_03,healthy,15.76,0.10643,0.17131,0.94745,-0.771,-0.417,-1.281,True
HC_03,healthy,15.77,0.14663,0.18126,0.96085,-0.482,-0.18,-1.318,True
HC_03,healthy,15.780000000000001,0.10045,0.18284,0.97567,-0.427,0.519,-2.608,True
HC_03,healthy,15.790000000000001,0.09373,0.19202,0.96024,0.244,0.095,-0.163,True
HC_03,healthy,15.8,0.15528,0.19105,0.97696,0.198,0.524,-0.082,True
HC_03,healthy,15.81,0.1223,0.19933,0.95688,-0.337,0.223,0.967,True
HC_03,healthy,15.82,0.13994,0.18294,0.96471,-0.12,0.981,1.824,True
HC_03,healthy,15.83,0.12929,0.2161,0.94673,1.511,0.207,1.988,True
HC_03,healthy,15.84,0.12745,0.20307,0.95063,1.389,0.26,1.177,True
HC_03,healthy,15.85,0.1164,0.16817,0.96868,0.295,0.868,0.311,True
HC_03,healthy,15.860000000000001,0.11923,0.17904,0.95967,0.015,0.638,0.772,True
HC_03,healthy,15.870000000000001,0.10068,0.15753,0.96578,1.428,-0.024,-0.631,True
HC_03,healthy,15.88,0.12301,0.16369,0.96368,-0.289,0.118,-2.044,True
HC_03,healthy,15.89,0.11282,0.20703,0.95001,0.37,-0.539,-0.56,True
HC_03,healthy,15.9,0.12589,0.20038,0.93433,0.734,-0.355,-0.444,True
HC_03,healthy,15.91,0.12252,0.21296,0.96086,0.374,-0.506,0.582,True
HC_03,healthy,15.92,0.14848,0.19889,0.97218,0.417,0.818,1.907,True
HC_03,healthy,15.93,0.16242,0.19625,0.97337,1.34,0.697,2.451,True
HC_03,healthy,15.94,0.14958,0.1862,0.96314,-0.204,1.331,1.193,True
HC_03,healthy,15.950000000000001,0.13987,0.17446,0.96761,-0.149,1.198,0.234,True
HC_03,healthy,15.96,0.13629,0.1652,0.96867,0.281,-0.883,-0.022,True
HC_03,healthy,15.97,0.13833,0.18374,0.96493,-0.696,0.449,-0.972,True
HC_03,healthy,15.98,0.12044,0.17742,0.98519,1.494,-0.436,-0.587,True
HC_03,healthy,15.99,0.1223,0.19097,0.95452,-1.003,-1.317,-1.838,True
HC_03,healthy,16.0,0.11293,0.18436,0.96535,-0.134,0.167,-2.453,True
HC_03,healthy,16.01,0.12218,0.21587,0.95056,-0.367,0.691,-0.488,True
HC_03,healthy,16.02,0.13097,0.15383,0.98266,-0.653,-1.224,0.781,True
HC_03,healthy,16.03,0.1079,0.19049,0.95816,-0.069,-0.641,0.516,True
HC_03,healthy,16.04,0.15537,0.21805,0.96881,-0.608,0.906,2.131,True
HC_03,healthy,16.05,0.15542,0.16628,0.93257,1.552,-1.048,2.347,True
HC_03,healthy,16.06,0.14566,0.17392,0.96391,0.898,-1.086,0.667,True
HC_03,healthy,16.07,0.13768,0.16763,0.96418,1.302,-1.053,-0.617,True
HC_03,healthy,16.080000000000002,0.14802,0.1727,0.94959,0.626,1.436,-0.604,True
HC_03,healthy,16.09,0.11107,0.17559,0.95011,-0.173,-1.078,-0.239,True
HC_03,healthy,16.1,0.10523,0.18369,1.00467,0.174,0.249,-0.733,True
HC_03,healthy,16.11,0.11811,0.16869,0.96456,0.897,-0.018,-2.322,True
HC_03,healthy,16.12,0.11198,0.18873,0.97257,-1.341,-0.062,-0.443,True
HC_03,healthy,16.13,0.11949,0.1905,0.97193,-0.359,-0.094,0.44,True
HC_03,healthy,16.14,0.13247,0.18269,0.96639,0.548,0.968,-0.185,True
HC_03,healthy,16.15,0.12839,0.17261,0.95369,1.131,0.527,1.475,True
HC_03,healthy,16.16,0.11946,0.17821,0.96769,0.372,-0.257,2.102,True
HC_03,healthy,16.17,0.14531,0.15372,0.95371,-1.168,0.422,2.632,True
HC_03,healthy,16.18,0.12371,0.15705,0.99288,-0.728,0.919,0.903,True
HC_03,healthy,16.19,0.11512,0.17169,0.9651,-0.579,0.764,-1.562,True
HC_03,healthy,16.2,0.09711,0.17148,0.95424,0.066,-0.073,-1.032,True
HC_03,healthy,16.21,0.10134,0.17989,0.95698,-0.81,-1.59,-1.669,True
HC_03,healthy,16.22,0.10115,0.20332,0.97116,-0.677,-1.367,0.625,True
HC_03,healthy,16.23,0.13074,0.1897,0.97167,-0.949,0.205,-0.177,True
HC_03,healthy,16.240000000000002,0.12283,0.18459,0.9657,-1.263,0.659,-0.182,True
HC_03,healthy,16.25,0.11922,0.18462,0.99566,0.832,0.679,1.566,True
HC_03,healthy,16.26,0.15713,0.19268,0.96516,-0.799,0.459,1.768,True
HC_03,healthy,16.27,0.13908,0.16755,0.93291,-0.175,-0.303,2.478,True
HC_03,healthy,16.28,0.13821,0.17815,0.95533,0.707,-0.034,-0.215,True
HC_03,healthy,16.29,0.1447,0.17222,0.95102,-0.126,0.132,1.209,True
HC_03,healthy,16.3,0.11204,0.15588,0.96676,-0.36,0.378,0.335,True
HC_03,healthy,16.31,0.10632,0.1619,0.96503,0.329,-0.548,-1.129,True
HC_03,healthy,16.32,0.10796,0.18616,0.97056,-0.544,-0.625,-0.335,True
HC_03,healthy,16.330000000000002,0.09657,0.22707,0.95838,0.743,1.292,-1.688,True
HC_03,healthy,16.34,0.12192,0.19659,0.97848,0.388,-0.8,-0.685,True
HC_03,healthy,16.35,0.09185,0.19252,0.95736,-0.256,0.116,-0.504,True
HC_03,healthy,16.36,0.10798,0.17941,0.94886,-0.784,1.19,0.745,True
HC_03,healthy,16.37,0.11762,0.21225,0.96391,-0.292,0.859,1.444,True
HC_03,healthy,16.38,0.13606,0.20947,0.9525,0.137,-0.034,1.616,True
HC_03,healthy,16.39,0.12469,0.18086,0.97084,-0.593,0.621,1.65,True
HC_03,healthy,16.4,0.12601,0.17292,0.95711,-0.22,-0.325,1.069,True
HC_03,healthy,16.41,0.11265,0.15744,0.95068,-0.264,0.471,-0.532,True
HC_03,healthy,16.42,0.08555,0.17009,0.98307,1.982,-0.74,-1.442,True
HC_03,healthy,16.43,0.0884,0.18253,0.9626,0.118,0.514,-1.586,True
HC_03,healthy,16.44,0.09156,0.18845,0.95354,-0.414,-0.953,-1.532,True
HC_03,healthy,16.45,0.11093,0.18981,0.9623,2.221,-1.955,-2.176,True
HC_03,healthy,16.46,0.12733,0.19795,0.93387,-0.364,-0.99,0.666,True
HC_03,healthy,16.47,0.13233,0.18301,0.98069,1.651,-0.389,1.38,True
HC_03,healthy,16.48,0.14658,0.1799,0.95108,1.567,0.808,2.529,True
HC_03,healthy,16.490000000000002,0.13927,0.17245,0.9795,0.292,-0.996,1.521,True
HC_03,healthy,16.5,0.11395,0.1565,0.97706,1.1,-0.767,-0.454,True
HC_03,healthy,16.51,0.11393,0.17028,0.95453,0.005,1.25,-0.065,True
HC_03,healthy,16.52,0.10061,0.16228,0.95849,-0.508,1.926,-2.344,True
HC_03,healthy,16.53,0.09761,0.14567,0.97085,0.872,0.061,-0.386,True
HC_03,healthy,16.54,0.07515,0.15818,0.98565,-0.602,0.402,-2.583,True
HC_03,healthy,16.55,0.08789,0.18694,0.97984,0.639,-0.902,-1.072,True
HC_03,healthy,16.56,0.09776,0.185,0.98123,0.611,-0.429,-2.148,True
HC_03,healthy,16.57,0.11771,0.18569,0.97481,-1.661,0.751,0.616,True
HC_03,healthy,16.580000000000002,0.09348,0.17621,0.99337,0.035,0.48,0.824,True
HC_03,healthy,16.59,0.1088,0.16941,0.95828,-0.321,-0.1,1.022,True
HC_03,healthy,16.6,0.11415,0.16523,0.97186,1.109,-0.515,1.655,True
HC_03,healthy,16.61,0.11864,0.16815,0.9812,0.103,-0.807,0.347,True
HC_03,healthy,16.62,0.13258,0.17789,0.95817,0.028,0.481,-0.225,True
HC_03,healthy,16.63,0.08271,0.15702,0.97852,0.81,0.467,-1.109,True
HC_03,healthy,16.64,0.09611,0.15952,0.981,1.589,-1.933,-1.492,True
HC_03,healthy,16.65,0.1197,0.16463,0.98037,0.967,-1.141,-3.013,True
HC_03,healthy,16.66,0.07226,0.17345,0.9659,-0.146,-0.936,-1.933,True
HC_03,healthy,16.67,0.1063,0.19576,0.98858,0.662,-0.86,0.218,True
HC_03,healthy,16.68,0.12207,0.19865,0.96798,0.583,1.057,0.148,True
HC_03,healthy,16.69,0.12155,0.17453,0.97839,1.178,0.135,1.396,True
HC_03,healthy,16.7,0.13251,0.19576,0.97517,-0.297,0.609,2.277,True
HC_03,healthy,16.71,0.09569,0.18372,0.98353,0.25,-0.329,1.037,True
HC_03,healthy,16.72,0.13231,0.18073,0.95841,1.569,-1.64,0.253,True
HC_03,healthy,16.73,0.10833,0.16304,0.99799,0.023,-0.12,-0.439,True
HC_03,healthy,16.740000000000002,0.09638,0.17678,0.95735,0.507,0.287,-0.035,True
HC_03,healthy,16.75,0.10057,0.18627,0.97028,0.774,-1.024,-1.357,True
HC_03,healthy,16.76,0.09998,0.1858,0.93362,1.259,-0.758,-1.005,True
HC_03,healthy,16.77,0.08473,0.19187,0.97469,-1.182,-0.196,-1.891,True
HC_03,healthy,16.78,0.11163,0.18004,0.9551,0.885,-0.881,-1.037,True
HC_03,healthy,16.79,0.12274,0.20074,0.94882,0.694,-0.474,2.271,True
HC_03,healthy,16.8,0.10251,0.20654,0.98617,0.412,-0.424,1.258,True
HC_03,healthy,16.81,0.12747,0.15517,0.97457,0.218,-0.158,2.051,True
HC_03,healthy,16.82,0.14376,0.1778,0.9837,1.935,1.159,0.541,True
HC_03,healthy,16.830000000000002,0.12853,0.1643,0.97446,0.152,-0.87,0.767,True
HC_03,healthy,16.84,0.08281,0.16911,0.98747,-1.29,0.326,1.257,True
HC_03,healthy,16.85,0.0998,0.19414,0.97559,-1.419,0.584,-1.169,True
HC_03,healthy,16.86,0.09556,0.15754,0.94572,-0.073,-0.172,-0.923,True
HC_03,healthy,16.87,0.07073,0.17918,0.97452,-0.019,2.247,-1.702,True
HC_03,healthy,16.88,0.12487,0.18554,0.96457,0.053,-0.711,-1.305,True
HC_03,healthy,16.89,0.07779,0.17267,0.98345,0.912,0.065,0.041,True
HC_03,healthy,16.9,0.10858,0.19514,0.98572,-0.847,0.734,-0.264,True
HC_03,healthy,16.91,0.12551,0.18414,0.97432,-0.315,-1.133,1.103,True
HC_03,healthy,16.92,0.1122,0.18127,0.96321,-0.032,-0.788,1.873,True
HC_03,healthy,16.93,0.11719,0.18872,0.96692,0.927,-0.733,1.147,True
HC_03,healthy,16.94,0.11198,0.17538,0.97647,-1.473,0.372,-0.222,True
HC_03,healthy,16.95,0.09601,0.1942,0.95757,0.216,1.485,-1.438,True
HC_03,healthy,16.96,0.07283,0.16694,0.97131,1.152,-0.037,-1.388,True
HC_03,healthy,16.97,0.07634,0.18706,0.97727,-0.04,0.047,-0.822,True
HC_03,healthy,16.98,0.07164,0.17992,0.96875,0.176,0.424,-0.559,True
HC_03,healthy,16.990000000000002,0.10816,0.1988,0.99552,-0.256,-0.451,-0.442,True
HC_03,healthy,17.0,0.08161,0.18693,0.99045,-0.891,1.453,-0.519,True
HC_03,healthy,17.01,0.10084,0.21142,0.99136,0.008,1.153,0.367,True
HC_03,healthy,17.02,0.09559,0.17269,0.97415,-0.084,-0.403,0.8,True
HC_03,healthy,17.03,0.0841,0.1742,0.97353,-1.801,-0.413,2.001,True
HC_03,healthy,17.04,0.12153,0.14847,0.94995,-0.053,-0.809,1.213,True
HC_03,healthy,17.05,0.08108,0.16467,0.98188,0.271,-0.88,-0.086,True
HC_03,healthy,17.06,0.08984,0.13929,0.99037,-0.092,0.027,0.501,True
HC_03,healthy,17.07,0.07019,0.15533,1.00339,-0.11,-1.337,-0.973,True
HC_03,healthy,17.080000000000002,0.08606,0.16899,0.96627,0.396,-0.49,-1.586,True
HC_03,healthy,17.09,0.09483,0.17829,0.97405,-0.856,-0.897,-2.215,True
HC_03,healthy,17.1,0.12309,0.17077,0.9837,-0.397,-0.546,0.821,True
HC_03,healthy,17.11,0.09575,0.19226,0.96101,-0.005,-0.576,0.072,True
HC_03,healthy,17.12,0.10865,0.17236,0.9818,0.223,-0.422,1.165,True
HC_03,healthy,17.13,0.14935,0.19623,0.96917,0.706,-0.61,0.373,True
HC_03,healthy,17.14,0.10582,0.16947,0.97106,0.151,0.695,0.428,True
HC_03,healthy,17.150000000000002,0.10967,0.17327,0.9898,0.706,-0.758,1.078,True
HC_03,healthy,17.16,0.10476,0.16113,0.9971,-1.5,0.213,-0.39,True
HC_03,healthy,17.17,0.08007,0.14453,0.97718,1.113,0.612,1.03,True
HC_03,healthy,17.18,0.06709,0.18508,1.01587,-0.026,-1.507,-1.844,True
HC_03,healthy,17.19,0.09049,0.15503,0.95787,-0.168,0.941,-0.668,True
HC_03,healthy,17.2,0.05222,0.17565,0.98282,1.626,0.399,-2.173,True
HC_03,healthy,17.21,0.05451,0.20186,1.00483,0.212,-0.468,-0.673,True
HC_03,healthy,17.22,0.0899,0.1861,0.95856,0.152,-0.598,0.113,True
HC_03,healthy,17.23,0.09358,0.22008,0.96944,2.071,0.659,-0.445,True
HC_03,healthy,17.240000000000002,0.11817,0.17288,0.97303,-0.538,1.392,1.486,True
HC_03,healthy,17.25,0.10298,0.17023,0.97983,-0.475,-0.158,2.015,True
HC_03,healthy,17.26,0.13391,0.18384,0.96238,0.039,-0.032,0.708,True
HC_03,healthy,17.27,0.11452,0.15408,0.96338,0.854,-0.443,-0.238,True
HC_03,healthy,17.28,0.11631,0.17813,0.94056,-0.976,0.377,-0.612,True
HC_03,healthy,17.29,0.08693,0.19059,0.97514,0.621,0.075,-1.766,True
HC_03,healthy,17.3,0.09047,0.17782,0.98244,0.682,0.14,-2.78,True
HC_03,healthy,17.31,0.07767,0.19743,0.99288,-0.547,-1.331,-2.787,True
HC_03,healthy,17.32,0.07304,0.18975,0.97699,0.532,0.668,-1.345,True
HC_03,healthy,17.330000000000002,0.08841,0.18023,0.98171,-0.165,0.281,-0.017,True
HC_03,healthy,17.34,0.10827,0.19493,0.9711,0.788,0.818,0.963,True
HC_03,healthy,17.35,0.11461,0.18477,0.97651,1.118,0.252,0.599,True
HC_03,healthy,17.36,0.12811,0.16937,0.97779,-0.325,-0.153,2.857,True
HC_03,healthy,17.37,0.10563,0.15899,0.97932,-0.289,0.355,1.373,True
HC_03,healthy,17.38,0.08174,0.15528,0.95863,-0.362,0.06,0.461,True
HC_03,healthy,17.39,0.11265,0.14292,0.95414,1.368,-0.674,-0.913,True
HC_03,healthy,17.400000000000002,0.06,0.16387,0.98671,-0.219,1.629,-0.846,True
HC_03,healthy,17.41,0.11631,0.13165,0.99857,-0.213,0.808,-0.536,True
HC_03,healthy,17.42,0.10104,0.21204,0.97695,0.087,-1.277,-0.512,True
HC_03,healthy,17.43,0.09652,0.18377,0.99539,-0.921,0.674,-2.014,True
HC_03,healthy,17.44,0.08004,0.18436,0.97049,0.42,-0.413,-1.642,True
HC_03,healthy,17.45,0.10693,0.18974,0.98487,-0.27,-0.096,-0.104,True
HC_03,healthy,17.46,0.10513,0.2002,0.98404,0.968,0.542,2.252,True
HC_03,healthy,17.47,0.11486,0.16509,0.93176,-0.357,-0.373,-0.08,True
HC_03,healthy,17.48,0.12369,0.16682,0.96102,-1.35,0.169,1.402,True
HC_03,healthy,17.490000000000002,0.10803,0.17605,0.9695,0.407,-0.163,0.892,True
HC_03,healthy,17.5,0.07721,0.15726,0.94616,1.606,0.449,-0.167,True
HC_03,healthy,17.51,0.08815,0.21276,1.00326,1.101,-1.214,-1.21,True
HC_03,healthy,17.52,0.07692,0.16564,0.99124,-0.715,0.808,-1.672,True
HC_03,healthy,17.53,0.08489,0.17708,0.97611,-0.615,-0.346,-1.794,True
HC_03,healthy,17.54,0.0498,0.20644,0.95265,-0.854,0.853,1.262,True
HC_03,healthy,17.55,0.11428,0.19323,0.98485,-0.355,-0.295,0.248,True
HC_03,healthy,17.56,0.1396,0.17783,0.9982,0.237,-1.277,1.9,True
HC_03,healthy,17.57,0.11561,0.14961,0.98465,0.348,-1.208,1.542,True
HC_03,healthy,17.580000000000002,0.08055,0.17408,0.95131,-0.035,-1.847,1.771,True
HC_03,healthy,17.59,0.06933,0.1522,0.98072,0.646,-0.444,0.481,True
HC_03,healthy,17.6,0.11535,0.17847,0.97037,-0.407,0.387,-0.339,True
HC_03,healthy,17.61,0.1069,0.17847,0.94627,0.36,-0.945,-0.834,True
HC_03,healthy,17.62,0.06435,0.16796,1.00601,0.813,0.319,-0.27,True
HC_03,healthy,17.63,0.11757,0.19856,0.97852,1.004,0.688,-2.009,True
HC_03,healthy,17.64,0.1237,0.15717,0.98487,-0.834,-1.112,0.246,True
HC_03,healthy,17.650000000000002,0.08984,0.1823,0.96447,1.027,0.039,-1.99,True
HC_03,healthy,17.66,0.09118,0.19473,0.97019,0.219,-1.377,-1.123,True
HC_03,healthy,17.67,0.09667,0.17723,0.98573,-0.362,1.616,1.557,True
HC_03,healthy,17.68,0.12079,0.18835,0.97727,-0.848,-0.284,1.961,True
HC_03,healthy,17.69,0.12505,0.13846,0.93426,0.996,0.487,1.732,True
HC_03,healthy,17.7,0.10339,0.1736,0.9769,-0.157,-0.363,1.403,True
HC_03,healthy,17.71,0.1017,0.18439,0.98074,-0.8,-0.296,0.298,True
HC_03,healthy,17.72,0.08773,0.16146,0.97844,-0.437,-0.904,0.33,True
HC_03,healthy,17.73,0.05854,0.17866,0.98041,0.436,-0.98,-0.41,True
HC_03,healthy,17.740000000000002,0.07844,0.19678,0.97009,-0.071,-1.315,-2.081,True
HC_03,healthy,17.75,0.09457,0.18441,0.95857,-0.316,1.027,-1.112,True
HC_03,healthy,17.76,0.11924,0.22974,0.95174,-0.032,-0.207,0.574,True
HC_03,healthy,17.77,0.11356,0.18381,0.99003,0.065,0.379,-0.122,True
HC_03,healthy,17.78,0.0973,0.19237,0.97966,0.645,0.313,0.904,True
HC_03,healthy,17.79,0.11095,0.1749,0.98514,0.158,0.433,1.693,True
HC_03,healthy,17.8,0.10751,0.16922,0.94947,-1.711,-0.587,1.956,True
HC_03,healthy,17.81,0.11112,0.17872,0.98261,-0.929,-0.506,2.125,True
HC_03,healthy,17.82,0.08988,0.17683,0.95849,-0.138,-1.412,-0.55,True
HC_03,healthy,17.830000000000002,0.10461,0.16277,0.97388,-1.439,-0.088,-1.7,True
HC_03,healthy,17.84,0.09665,0.19083,0.97348,-2.123,0.856,-2.512,True
HC_03,healthy,17.85,0.07781,0.18933,0.96468,0.439,0.446,-2.232,True
HC_03,healthy,17.86,0.09874,0.1746,0.96234,0.635,1.438,-1.144,True
HC_03,healthy,17.87,0.09256,0.17876,0.96049,-0.333,0.651,-1.49,True
HC_03,healthy,17.88,0.12119,0.18346,0.97875,0.096,0.071,1.142,True
HC_03,healthy,17.89,0.12475,0.1809,0.98377,0.006,-1.548,1.749,True
HC_03,healthy,17.900000000000002,0.13481,0.16182,0.97691,-0.394,0.934,2.34,True
HC_03,healthy,17.91,0.12469,0.16074,0.97696,-0.594,1.621,1.545,True
HC_03,healthy,17.92,0.08328,0.16633,0.978,-0.073,0.111,0.553,True
HC_03,healthy,17.93,0.10406,0.17562,0.9735,0.463,0.4,1.114,True
HC_03,healthy,17.94,0.09101,0.15317,0.9672,-0.553,0.432,-0.326,True
HC_03,healthy,17.95,0.08206,0.17723,0.9764,1.164,0.297,-2.3,True
HC_03,healthy,17.96,0.08592,0.19871,0.99937,0.313,-0.447,-0.955,True
HC_03,healthy,17.97,0.10818,0.19933,0.97892,-0.5,0.259,-0.784,True
HC_03,healthy,17.98,0.11341,0.21056,0.95104,0.966,0.527,1.113,True
HC_03,healthy,17.990000000000002,0.08966,0.18534,0.97942,-0.071,-0.406,0.509,True
HC_03,healthy,18.0,0.11354,0.19725,0.96694,-0.847,-1.507,0.338,True
HC_03,healthy,18.01,0.12865,0.19095,0.97658,-0.606,0.468,1.868,True
HC_03,healthy,18.02,0.12181,0.16464,0.95896,0.392,0.839,0.088,True
HC_03,healthy,18.03,0.09678,0.20096,0.96244,0.685,-1.271,0.073,True
HC_03,healthy,18.04,0.11736,0.15277,0.95879,0.654,0.454,-1.42,True
HC_03,healthy,18.05,0.06226,0.17131,0.96854,-0.129,0.123,-0.077,True
HC_03,healthy,18.06,0.08287,0.14429,0.96769,-0.99,-0.452,-2.388,True
HC_03,healthy,18.07,0.08174,0.17247,0.98855,0.713,0.867,-2.163,True
HC_03,healthy,18.080000000000002,0.10107,0.18511,0.95069,-0.411,-1.006,-1.497,True
HC_03,healthy,18.09,0.09202,0.19358,0.95876,1.143,-1.083,0.033,True
HC_03,healthy,18.1,0.11187,0.1532,1.00308,1.227,-1.147,-0.806,True
HC_03,healthy,18.11,0.10119,0.17512,0.93032,-0.329,-0.255,1.574,True
HC_03,healthy,18.12,0.11592,0.16397,0.9578,-0.791,0.126,0.572,True
HC_03,healthy,18.13,0.13477,0.18223,0.97099,-0.564,-0.045,-0.054,True
HC_03,healthy,18.14,0.09572,0.15433,0.98157,-0.524,-1.435,1.452,True
HC_03,healthy,18.150000000000002,0.09877,0.19454,0.93622,0.081,0.424,-1.102,True
HC_03,healthy,18.16,0.11152,0.16439,0.97142,0.584,-0.184,-1.752,True
HC_03,healthy,18.17,0.11812,0.17276,0.9759,1.878,-0.79,-1.074,True
HC_03,healthy,18.18,0.08872,0.18604,0.96943,-0.879,0.359,-0.978,True
HC_03,healthy,18.19,0.11479,0.19503,0.98901,-1.261,1.789,-2.328,True
HC_03,healthy,18.2,0.10941,0.162,0.98172,0.298,0.975,0.979,True
HC_03,healthy,18.21,0.0933,0.16195,0.98131,0.994,-0.286,1.453,True
HC_03,healthy,18.22,0.14998,0.1877,0.95096,0.256,-0.264,2.042,True
HC_03,healthy,18.23,0.13296,0.18189,0.97473,0.096,-1.657,2.53,True
HC_03,healthy,18.240000000000002,0.09915,0.17846,0.94004,-1.18,-0.772,1.204,True
HC_03,healthy,18.25,0.12968,0.15858,0.98861,-0.626,-0.676,-0.704,True
HC_03,healthy,18.26,0.14089,0.15042,0.98772,-0.26,0.004,-0.392,True
HC_03,healthy,18.27,0.12062,0.12569,0.97007,1.031,0.221,-0.052,True
HC_03,healthy,18.28,0.09739,0.18204,0.93493,0.378,-0.316,-0.656,True
HC_03,healthy,18.29,0.10305,0.18864,0.96584,0.017,0.076,-1.716,True
HC_03,healthy,18.3,0.121,0.1684,0.9762,-0.156,-0.913,-1.358,True
HC_03,healthy,18.31,0.11267,0.1675,0.97177,-1.064,0.352,-0.81,True
HC_03,healthy,18.32,0.1046,0.16368,0.96222,1.215,-0.373,0.761,True
HC_03,healthy,18.330000000000002,0.12561,0.18751,0.96764,0.135,-1.84,0.939,True
HC_03,healthy,18.34,0.12472,0.19107,0.96422,0.631,-0.53,2.323,True
HC_03,healthy,18.35,0.11464,0.17575,0.98783,0.062,0.125,0.889,True
HC_03,healthy,18.36,0.07999,0.14897,0.97844,-1.108,1.378,2.358,True
HC_03,healthy,18.37,0.1098,0.16347,0.94429,-0.263,0.348,-1.128,True
HC_03,healthy,18.38,0.07297,0.16874,0.96381,0.368,0.088,-1.32,True
HC_03,healthy,18.39,0.12408,0.17433,0.96468,0.235,-0.182,-2.838,True
HC_03,healthy,18.400000000000002,0.09231,0.19019,0.99003,-0.116,-0.537,-0.811,True
HC_03,healthy,18.41,0.08654,0.18707,0.96356,-0.321,0.671,-1.323,True
HC_03,healthy,18.42,0.10577,0.18676,0.96497,0.568,-1.729,0.687,True
HC_03,healthy,18.43,0.09522,0.2032,0.97282,-0.286,-0.593,0.085,True
HC_03,healthy,18.44,0.10603,0.17293,0.95387,-0.516,-0.763,1.06,True
HC_03,healthy,18.45,0.12281,0.1883,0.97319,-0.299,-0.146,2.157,True
HC_03,healthy,18.46,0.10961,0.18407,0.97542,0.558,0.372,1.016,True
HC_03,healthy,18.47,0.13423,0.17787,0.93216,0.561,-1.372,0.05,True
HC_03,healthy,18.48,0.13408,0.162,0.95011,-1.184,0.367,0.332,True
HC_03,healthy,18.490000000000002,0.08358,0.15963,0.97155,0.524,-1.808,-1.216,True
HC_03,healthy,18.5,0.1012,0.14247,0.99505,0.576,-0.173,-1.106,True
HC_03,healthy,18.51,0.08262,0.20299,0.94579,0.976,-0.118,-1.746,True
HC_03,healthy,18.52,0.07756,0.18382,0.97977,-0.792,-0.835,-0.184,True
HC_03,healthy,18.53,0.09746,0.19738,0.94935,0.442,0.134,-0.57,True
HC_03,healthy,18.54,0.10507,0.17707,0.95392,-0.908,-0.208,1.228,True
HC_03,healthy,18.55,0.12152,0.20428,0.94867,-0.223,0.14,0.916,True
HC_03,healthy,18.56,0.10463,0.18447,0.98719,-0.467,0.234,1.882,True
HC_03,healthy,18.57,0.1282,0.18352,0.96193,-1.628,1.185,1.826,True
HC_03,healthy,18.580000000000002,0.11592,0.15516,0.97419,0.771,-0.609,0.976,True
HC_03,healthy,18.59,0.11887,0.16527,0.95149,-1.088,-0.102,-0.55,True
HC_03,healthy,18.6,0.1021,0.17081,0.95182,0.877,0.041,-3.091,True
HC_03,healthy,18.61,0.10526,0.18493,0.97902,0.142,0.147,-2.402,True
HC_03,healthy,18.62,0.1001,0.19951,0.95797,1.108,-0.032,-0.669,True
HC_03,healthy,18.63,0.09859,0.18744,0.97419,0.647,0.271,-1.096,True
HC_03,healthy,18.64,0.10415,0.19588,0.96131,1.112,-0.683,0.775,True
HC_03,healthy,18.650000000000002,0.10932,0.20629,0.95042,2.889,0.088,1.032,True
HC_03,healthy,18.66,0.12262,0.18019,0.97229,1.088,0.257,0.495,True
HC_03,healthy,18.67,0.12073,0.16443,0.94571,-0.206,-1.323,2.132,True
HC_03,healthy,18.68,0.09286,0.16289,0.96898,0.021,-1.024,0.239,True
HC_03,healthy,18.69,0.11799,0.16053,0.97984,-0.849,0.07,-0.947,True
HC_03,healthy,18.7,0.1089,0.16917,0.98432,-0.184,-0.492,-0.027,True
HC_03,healthy,18.71,0.11353,0.17787,0.98377,-0.153,0.637,-1.398,True
HC_03,healthy,18.72,0.0975,0.16248,0.96616,-0.103,0.198,-0.886,True
HC_03,healthy,18.73,0.09001,0.21917,0.97133,-0.095,0.88,0.444,True
HC_03,healthy,18.740000000000002,0.10457,0.18504,0.94047,-1.208,0.412,-2.142,True
HC_03,healthy,18.75,0.12025,0.22627,0.95967,-0.601,-0.748,0.469,True
HC_03,healthy,18.76,0.10989,0.19538,0.97602,-1.087,-0.633,0.244,True
HC_03,healthy,18.77,0.13057,0.17001,0.96558,-0.856,-0.386,1.226,True
HC_03,healthy,18.78,0.12221,0.15609,0.98213,1.559,0.061,1.69,True
HC_03,healthy,18.79,0.1265,0.16042,0.97698,-1.192,0.129,1.942,True
HC_03,healthy,18.8,0.09095,0.16141,0.96409,0.215,-0.175,-0.056,True
HC_03,healthy,18.81,0.09126,0.14381,0.98298,0.977,0.434,0.148,True
HC_03,healthy,18.82,0.11536,0.18255,0.98256,-0.228,-1.103,-1.996,True
HC_03,healthy,18.830000000000002,0.0931,0.19345,0.96155,0.703,-0.164,-1.647,True
HC_03,healthy,18.84,0.09939,0.19854,0.95318,-1.413,0.774,-0.603,True
HC_03,healthy,18.85,0.15063,0.19875,0.9854,1.005,0.328,-0.94,True
HC_03,healthy,18.86,0.11594,0.18277,0.97796,-0.46,0.717,0.344,True
HC_03,healthy,18.87,0.15922,0.20764,0.97639,-1.3,-0.292,1.686,True
HC_03,healthy,18.88,0.13368,0.18785,0.9693,0.436,0.63,1.108,True
HC_03,healthy,18.89,0.15073,0.16612,0.95843,-0.777,-0.053,1.215,True
HC_03,healthy,18.900000000000002,0.13153,0.18421,0.95893,-1.042,0.984,1.125,True
HC_03,healthy,18.91,0.12651,0.17302,0.97763,0.3,0.522,-0.533,True
HC_03,healthy,18.92,0.1054,0.17074,0.97129,-0.029,2.181,0.041,True
HC_03,healthy,18.93,0.08484,0.18429,0.96341,-1.955,-0.622,-1.416,True
HC_03,healthy,18.94,0.09658,0.18001,0.95421,-1.077,0.108,-1.673,True
HC_03,healthy,18.95,0.09515,0.203,0.98998,-0.263,-1.148,-1.188,True
HC_03,healthy,18.96,0.11081,0.19206,0.96171,-0.02,-0.397,-0.052,True
HC_03,healthy,18.97,0.1324,0.21331,0.98942,-0.576,0.285,0.531,True
HC_03,healthy,18.98,0.12147,0.17585,0.98491,0.037,-1.006,1.096,True
HC_03,healthy,18.990000000000002,0.1328,0.16355,0.96355,0.737,1.808,0.731,True
HC_03,healthy,19.0,0.1546,0.17637,0.94374,-1.365,-1.61,1.7,True
HC_03,healthy,19.01,0.10111,0.17912,0.94391,-0.528,-0.414,0.649,True
HC_03,healthy,19.02,0.12261,0.16909,0.97583,0.077,0.122,0.881,True
HC_03,healthy,19.03,0.11237,0.16164,0.97029,-0.803,-0.331,-1.274,True
HC_03,healthy,19.04,0.08616,0.1522,0.9728,1.123,1.067,-1.271,True
HC_03,healthy,19.05,0.10759,0.18366,0.97006,-1.522,0.051,-1.131,True
HC_03,healthy,19.06,0.14431,0.1883,0.97227,-0.642,-0.423,-1.264,True
HC_03,healthy,19.07,0.14224,0.21091,0.96173,0.024,-1.455,0.527,True
HC_03,healthy,19.080000000000002,0.10514,0.20841,0.97418,0.706,0.638,0.716,True
HC_03,healthy,19.09,0.13284,0.18197,0.95742,-1.641,-0.32,1.427,True
HC_03,healthy,19.1,0.15562,0.18847,0.95725,0.042,-0.279,4.292,True
HC_03,healthy,19.11,0.14463,0.18869,0.96405,-0.612,-0.883,1.864,True
HC_03,healthy,19.12,0.14058,0.176,0.9544,-0.454,-0.564,0.198,True
HC_03,healthy,19.13,0.13118,0.19166,0.95759,-0.491,0.219,0.212,True
HC_03,healthy,19.14,0.12351,0.18532,0.96866,-0.012,1.077,-1.317,True
HC_03,healthy,19.150000000000002,0.09895,0.19755,0.96279,-0.713,0.089,-1.238,True
HC_03,healthy,19.16,0.09745,0.17637,0.95808,0.182,-0.878,-1.128,True
HC_03,healthy,19.17,0.10498,0.18321,0.95775,0.256,0.845,-0.61,True
HC_03,healthy,19.18,0.11377,0.19236,0.95358,0.566,1.564,0.984,True
HC_03,healthy,19.19,0.11955,0.20807,0.94533,-0.35,-0.007,0.92,True
HC_03,healthy,19.2,0.13536,0.19628,0.96782,-0.853,0.86,-1.013,True
HC_03,healthy,19.21,0.1669,0.19217,0.96378,-0.357,-1.686,0.967,True
HC_03,healthy,19.22,0.16401,0.21199,0.9448,0.511,-1.205,-0.2,True
HC_03,healthy,19.23,0.12003,0.20391,0.95081,0.488,-0.353,0.597,True
HC_03,healthy,19.240000000000002,0.12693,0.17953,0.96394,-0.652,1.521,-0.605,True
HC_03,healthy,19.25,0.12798,0.16334,0.94922,0.146,-0.553,-1.627,True
HC_03,healthy,19.26,0.11464,0.20696,0.9587,-0.705,-0.384,-1.637,True
HC_03,healthy,19.27,0.09472,0.19971,0.96813,-0.801,1.022,-1.526,True
HC_03,healthy,19.28,0.11846,0.21682,0.97509,-0.289,-1.211,-0.1,True
HC_03,healthy,19.29,0.13697,0.18386,0.95929,-0.312,0.381,1.179,True
HC_03,healthy,19.3,0.163,0.20597,0.94822,0.087,-0.144,0.623,True
HC_03,healthy,19.31,0.13129,0.21653,0.96254,0.441,-0.087,1.381,True
HC_03,healthy,19.32,0.15116,0.19473,0.94269,-0.168,0.218,2.362,True
HC_03,healthy,19.330000000000002,0.12112,0.17626,0.97233,-1.075,0.101,0.256,True
HC_03,healthy,19.34,0.14801,0.15154,0.98464,0.248,-0.005,0.514,True
HC_03,healthy,19.35,0.14622,0.17741,0.97678,0.985,0.321,0.063,True
HC_03,healthy,19.36,0.10183,0.16739,0.97181,-1.23,-1.23,0.369,True
HC_03,healthy,19.37,0.1264,0.16781,0.96649,0.136,-0.371,-1.032,True
HC_03,healthy,19.38,0.10335,0.15981,0.96274,-0.756,0.386,-0.364,True
HC_03,healthy,19.39,0.11069,0.19657,0.9568,0.468,-0.074,0.154,True
HC_03,healthy,19.400000000000002,0.14098,0.23309,0.9365,-0.217,1.63,0.529,True
HC_03,healthy,19.41,0.14532,0.21323,0.9374,1.009,1.26,0.92,True
HC_03,healthy,19.42,0.12481,0.20054,0.96762,-1.395,0.468,0.927,True
HC_03,healthy,19.43,0.1537,0.18493,0.94906,-0.412,-0.546,1.482,True
HC_03,healthy,19.44,0.16928,0.16674,0.93965,0.2,-0.027,2.776,True
HC_03,healthy,19.45,0.11739,0.15672,0.96425,-0.149,0.037,1.637,True
HC_03,healthy,19.46,0.12211,0.1981,0.9576,-0.582,-0.623,-1.032,True
HC_03,healthy,19.47,0.12192,0.18699,0.9377,-0.184,-1.609,-0.952,True
HC_03,healthy,19.48,0.11209,0.20789,0.96142,-0.866,0.695,-2.201,True
HC_03,healthy,19.490000000000002,0.12561,0.1785,0.95949,-0.868,-0.108,-0.955,True
HC_03,healthy,19.5,0.14742,0.19587,0.947,-0.084,0.266,-0.086,True
HC_03,healthy,19.51,0.12448,0.21753,0.95675,1.214,1.05,0.771,True
HC_03,healthy,19.52,0.14538,0.19195,0.94914,0.512,0.523,0.549,True
HC_03,healthy,19.53,0.17028,0.20017,0.95012,1.478,0.728,1.145,True
HC_03,healthy,19.54,0.16209,0.17877,0.99273,0.407,0.199,2.553,True
HC_03,healthy,19.55,0.16441,0.19868,0.95947,-0.809,0.757,0.773,True
HC_03,healthy,19.56,0.13312,0.19155,1.00154,-1.891,-0.769,0.027,True
HC_03,healthy,19.57,0.12562,0.1804,0.98127,0.278,-0.851,0.168,True
HC_03,healthy,19.580000000000002,0.14011,0.19343,0.96215,-0.456,0.412,-1.004,True
HC_03,healthy,19.59,0.09751,0.20963,0.98762,-0.58,-0.451,-1.054,True
HC_03,healthy,19.6,0.1329,0.17863,0.93617,-0.155,0.764,-1.005,True
HC_03,healthy,19.61,0.14595,0.20229,0.97053,-0.049,-0.152,-0.172,True
HC_03,healthy,19.62,0.12707,0.20646,0.94984,-0.62,0.288,-1.414,True
HC_03,healthy,19.63,0.14802,0.20286,0.92772,-1.648,-1.067,0.593,True
HC_03,healthy,19.64,0.17636,0.17931,0.9578,0.386,0.472,1.135,True
HC_03,healthy,19.650000000000002,0.1548,0.16247,0.93795,-1.992,0.292,1.689,True
HC_03,healthy,19.66,0.1511,0.18382,0.95538,-0.335,-1.209,0.779,True
HC_03,healthy,19.67,0.1634,0.15793,0.94055,0.093,0.12,0.613,True
HC_03,healthy,19.68,0.14766,0.16936,0.95533,1.21,1.679,-0.203,True
HC_03,healthy,19.69,0.1302,0.20013,0.95822,0.821,-0.884,-1.365,True
HC_03,healthy,19.7,0.116,0.15165,0.93789,1.463,0.257,-1.819,True
HC_03,healthy,19.71,0.13979,0.19744,0.94899,-0.238,0.356,-1.582,True
HC_03,healthy,19.72,0.10486,0.21473,0.93259,-0.055,-1.11,0.82,True
HC_03,healthy,19.73,0.15238,0.21803,0.94506,-0.975,0.298,2.013,True
HC_03,healthy,19.740000000000002,0.14219,0.19572,0.94703,-2.232,-0.118,1.012,True
HC_03,healthy,19.75,0.1324,0.23796,0.94299,0.16,-0.33,3.344,True
HC_03,healthy,19.76,0.16479,0.20539,0.94846,-0.547,-1.459,2.219,True
HC_03,healthy,19.77,0.14833,0.18422,0.92434,0.066,-0.375,1.433,True
HC_03,healthy,19.78,0.13818,0.20296,0.95335,-1.687,0.286,1.146,True
HC_03,healthy,19.79,0.16666,0.19244,0.95639,0.882,-1.409,-2.896,True
HC_03,healthy,19.8,0.12659,0.19943,0.94744,0.397,0.498,-1.681,True
HC_03,healthy,19.81,0.12297,0.20233,0.93304,-0.071,0.439,-1.076,True
HC_03,healthy,19.82,0.11565,0.20679,0.94344,0.64,0.427,-1.784,True
HC_03,healthy,19.830000000000002,0.1301,0.20739,0.95471,-0.386,-1.215,-1.205,True
HC_03,healthy,19.84,0.16179,0.24514,0.98412,-0.606,0.388,0.253,True
HC_03,healthy,19.85,0.16005,0.20319,0.95249,0.806,1.264,0.759,True
HC_03,healthy,19.86,0.16111,0.20609,0.94028,-1.345,-0.803,0.581,True
HC_03,healthy,19.87,0.17589,0.20142,0.95694,0.565,1.359,1.092,True
HC_03,healthy,19.88,0.16278,0.17976,0.93606,-0.031,0.0,0.749,True
HC_03,healthy,19.89,0.15524,0.22654,0.94747,0.146,1.663,0.631,True
HC_03,healthy,19.900000000000002,0.14243,0.19782,0.9356,0.236,-0.228,-1.12,True
HC_03,healthy,19.91,0.13701,0.18045,0.97119,0.515,0.169,-2.458,True
HC_03,healthy,19.92,0.14921,0.18107,0.91848,0.028,0.216,-0.949,True
HC_03,healthy,19.93,0.16557,0.20778,0.92869,-0.133,-0.496,-2.307,True
HC_03,healthy,19.94,0.14253,0.20868,0.9454,-0.02,-0.418,0.056,True
HC_03,healthy,19.95,0.16902,0.21235,0.97501,0.889,0.08,1.522,True
HC_03,healthy,19.96,0.13168,0.19739,0.96973,0.318,-1.076,0.347,True
HC_03,healthy,19.97,0.16901,0.1853,0.95041,0.754,0.729,-0.537,True
HC_03,healthy,19.98,0.15701,0.20247,0.94866,-0.097,0.129,1.218,True
HC_03,healthy,19.990000000000002,0.16479,0.19852,0.94138,-1.584,0.871,2.264,True
HC_03,healthy,20.0,0.17915,0.22426,0.9652,-0.626,-0.408,0.956,True
HC_03,healthy,20.01,0.15412,0.1953,0.95812,0.794,-0.339,-1.093,True
HC_03,healthy,20.02,0.14838,0.21496,0.94425,0.415,-0.206,-1.064,True
HC_03,healthy,20.03,0.11861,0.20796,0.91095,0.139,0.128,-2.947,True
HC_03,healthy,20.04,0.154,0.20602,0.93996,-0.517,-0.138,-2.229,True
HC_03,healthy,20.05,0.12295,0.20464,0.93416,-0.214,-0.95,-0.609,True
HC_03,healthy,20.06,0.15753,0.23923,0.94453,-0.475,-0.382,2.196,True
HC_03,healthy,20.07,0.11264,0.20689,0.96238,0.01,-0.62,0.067,True
HC_03,healthy,20.080000000000002,0.19548,0.2066,0.95043,-0.342,-1.219,2.51,True
HC_03,healthy,20.09,0.16417,0.20399,0.96461,0.105,1.058,2.419,True
HC_03,healthy,20.1,0.15795,0.18856,0.96972,0.847,-0.23,1.797,True
HC_03,healthy,20.11,0.16427,0.19771,0.96166,-1.432,-0.964,-1.34,True
HC_03,healthy,20.12,0.13226,0.18318,0.95376,0.123,0.493,-0.652,True
HC_03,healthy,20.13,0.13263,0.19946,0.96956,-0.172,0.125,-1.584,True
HC_03,healthy,20.14,0.14093,0.20352,0.94486,-0.146,0.286,-2.733,True
HC_03,healthy,20.150000000000002,0.15748,0.20574,0.92165,1.164,1.45,-1.143,True
HC_03,healthy,20.16,0.15662,0.21111,0.96429,-0.031,-0.089,1.266,True
HC_03,healthy,20.17,0.1773,0.23416,0.9374,0.017,-1.019,0.397,True
HC_03,healthy,20.18,0.1652,0.22586,0.9657,-0.199,-0.848,1.406,True
HC_03,healthy,20.19,0.17217,0.19411,0.96274,-0.076,0.383,1.497,True
HC_03,healthy,20.2,0.18099,0.20805,0.92764,-1.181,-0.878,2.205,True
HC_03,healthy,20.21,0.16101,0.20132,0.94923,-0.259,-0.037,0.307,True
HC_03,healthy,20.22,0.17357,0.19176,0.92022,-0.569,0.27,-0.554,True
HC_03,healthy,20.23,0.14555,0.17122,0.94115,-0.404,0.775,-1.945,True
HC_03,healthy,20.240000000000002,0.15516,0.23438,0.95175,0.458,0.639,-2.591,True
HC_03,healthy,20.25,0.13665,0.21848,0.94291,-1.678,-1.62,-0.927,True
HC_03,healthy,20.26,0.11895,0.18528,0.96459,-0.373,-0.121,-0.111,True
HC_03,healthy,20.27,0.1425,0.22733,0.93197,-0.816,-0.254,-0.173,True
HC_03,healthy,20.28,0.15623,0.21145,0.95536,-0.096,0.787,1.142,True
HC_03,healthy,20.29,0.19801,0.1923,0.92752,0.467,-0.098,1.952,True
HC_03,healthy,20.3,0.17038,0.20614,0.94582,0.215,-0.569,2.357,True
HC_03,healthy,20.31,0.18499,0.17163,0.92662,-1.572,-0.528,2.116,True
HC_03,healthy,20.32,0.15133,0.2162,0.94345,0.355,1.175,1.733,True
HC_03,healthy,20.330000000000002,0.14038,0.1738,0.93,0.509,-0.034,-0.407,True
HC_03,healthy,20.34,0.15169,0.20393,0.93254,0.274,0.831,-2.699,True
HC_03,healthy,20.35,0.1518,0.23676,0.94389,1.417,-1.691,-1.353,True
HC_03,healthy,20.36,0.15937,0.21821,0.95816,1.421,-0.809,-0.622,True
HC_03,healthy,20.37,0.13542,0.22471,0.9655,-0.332,-0.292,-1.031,True
HC_03,healthy,20.38,0.19908,0.21714,0.92929,-1.024,-0.749,0.61,True
HC_03,healthy,20.39,0.15274,0.21132,0.92891,0.395,-0.402,2.298,True
HC_03,healthy,20.400000000000002,0.18516,0.22115,0.9443,-0.483,0.281,1.357,True
HC_03,healthy,20.41,0.18001,0.21512,0.93805,0.567,0.614,1.528,True
HC_03,healthy,20.42,0.1831,0.21001,0.96053,-0.077,-1.015,2.217,True
HC_03,healthy,20.43,0.14236,0.22771,0.93622,0.739,0.141,0.516,True
HC_03,healthy,20.44,0.16245,0.2006,0.95489,0.513,-0.457,-0.772,True
HC_03,healthy,20.45,0.12751,0.20276,0.94193,0.994,-0.103,-1.851,True
HC_03,healthy,20.46,0.14444,0.20936,0.93857,-0.512,-1.462,-0.969,True
HC_03,healthy,20.47,0.17249,0.2247,0.94186,-0.903,0.173,-0.61,True
HC_03,healthy,20.48,0.16124,0.22008,0.94557,0.835,-0.125,-0.746,True
HC_03,healthy,20.490000000000002,0.1715,0.23081,0.94456,0.724,-0.049,-1.133,True
HC_03,healthy,20.5,0.16112,0.20822,0.93636,0.459,-0.427,0.373,True
HC_03,healthy,20.51,0.19289,0.21051,0.94563,-0.369,-1.839,2.278,True
HC_03,healthy,20.52,0.18382,0.20875,0.94164,0.271,0.784,1.484,True
HC_03,healthy,20.53,0.17285,0.18876,0.92229,0.667,-0.155,0.958,True
HC_03,healthy,20.54,0.16824,0.19903,0.9239,-1.144,-0.51,0.276,True
HC_03,healthy,20.55,0.1431,0.20353,0.93895,-1.056,1.446,-0.838,True
HC_03,healthy,20.56,0.19465,0.20903,0.93376,-1.659,1.037,-0.259,True
HC_03,healthy,20.57,0.13649,0.19844,0.91385,0.184,-0.487,-2.06,True
HC_03,healthy,20.580000000000002,0.18842,0.22686,0.93008,-0.739,0.543,-1.126,True
HC_03,healthy,20.59,0.17625,0.2195,0.94438,-0.798,0.413,0.145,True
HC_03,healthy,20.6,0.15406,0.21718,0.92804,0.312,0.096,-0.077,True
HC_03,healthy,20.61,0.20026,0.21754,0.93683,-0.588,-0.171,2.106,True
HC_03,healthy,20.62,0.16753,0.22255,0.94327,0.768,1.135,-0.055,True
HC_03,healthy,20.63,0.16865,0.21616,0.92895,0.362,0.19,1.623,True
HC_03,healthy,20.64,0.15675,0.20602,0.94208,-1.881,0.135,0.195,True
HC_03,healthy,20.650000000000002,0.16021,0.21661,0.93329,-0.663,-1.121,-0.648,True
HC_03,healthy,20.66,0.16844,0.22689,0.90635,-0.089,-0.283,-0.751,True
HC_03,healthy,20.67,0.15343,0.1989,0.94255,0.26,0.909,-1.991,True
HC_03,healthy,20.68,0.16426,0.22554,0.9595,1.229,0.918,-2.852,True
HC_03,healthy,20.69,0.13558,0.23315,0.92922,-0.458,-0.573,-0.65,True
HC_03,healthy,20.7,0.15889,0.25616,0.93988,0.936,0.007,0.622,True
HC_03,healthy,20.71,0.17578,0.23079,0.97138,-0.793,-0.426,0.222,True
HC_03,healthy,20.72,0.19347,0.24535,0.95142,-0.766,-0.42,0.342,True
HC_03,healthy,20.73,0.1922,0.19546,0.94942,-2.981,-1.139,1.292,True
HC_03,healthy,20.740000000000002,0.1664,0.2271,0.92689,-0.836,-0.321,1.712,True
HC_03,healthy,20.75,0.18097,0.20515,0.92343,0.667,0.339,2.066,True
HC_03,healthy,20.76,0.15257,0.21189,0.9568,0.351,0.081,-0.066,True
HC_03,healthy,20.77,0.17149,0.17391,0.9296,0.019,0.62,-0.552,True
HC_03,healthy,20.78,0.15344,0.23536,0.95241,-0.677,0.339,-0.879,True
HC_03,healthy,20.79,0.15778,0.21088,0.93004,1.53,0.36,-1.031,True
HC_03,healthy,20.8,0.18038,0.23519,0.94299,-0.815,0.243,-0.188,True
HC_03,healthy,20.81,0.16378,0.20119,0.93421,0.534,0.23,-0.515,True
HC_03,healthy,20.82,0.17055,0.18813,0.93354,1.93,1.278,0.65,True
HC_03,healthy,20.830000000000002,0.17976,0.23696,0.94077,-0.233,-0.464,0.958,True
HC_03,healthy,20.84,0.1995,0.21826,0.93454,0.039,0.297,0.203,True
HC_03,healthy,20.85,0.20776,0.19853,0.93763,-0.512,0.664,0.414,True
HC_03,healthy,20.86,0.18167,0.18983,0.92728,0.043,-0.704,2.386,True
HC_03,healthy,20.87,0.19434,0.19654,0.92274,0.143,-0.364,-0.729,True
HC_03,healthy,20.88,0.17338,0.20075,0.95525,-0.112,-1.183,-0.482,True
HC_03,healthy,20.89,0.16304,0.18801,0.93755,1.16,-0.107,-0.858,True
HC_03,healthy,20.900000000000002,0.17668,0.21711,0.91487,-1.516,-2.22,-1.762,True
HC_03,healthy,20.91,0.17963,0.22074,0.935,1.012,0.36,-1.459,True
HC_03,healthy,20.92,0.1969,0.22718,0.94929,-0.431,-1.014,0.805,True
HC_03,healthy,20.93,0.18362,0.21047,0.93981,0.642,-0.234,0.632,True
HC_03,healthy,20.94,0.1938,0.25127,0.94306,0.209,0.478,1.551,True
HC_03,healthy,20.95,0.21246,0.18876,0.92712,1.021,-0.457,0.795,True
HC_03,healthy,20.96,0.19819,0.18879,0.9699,-0.56,0.577,1.709,True
HC_03,healthy,20.97,0.19681,0.1907,0.94095,-1.267,-1.571,0.742,True
HC_03,healthy,20.98,0.16857,0.18424,0.93421,1.131,-0.221,-0.399,True
HC_03,healthy,20.990000000000002,0.1617,0.21452,0.94091,0.641,-0.386,-2.256,True
HC_03,healthy,21.0,0.17344,0.21334,0.92746,-0.32,-1.256,-1.374,True
HC_03,healthy,21.01,0.14679,0.23832,0.93405,-0.381,0.206,-2.217,True
HC_03,healthy,21.02,0.16378,0.26193,0.93676,-0.589,0.229,-1.679,True
HC_03,healthy,21.03,0.19636,0.23621,0.90946,-0.005,1.028,-0.294,True
HC_03,healthy,21.04,0.17256,0.22083,0.94799,0.732,-0.607,0.581,True
HC_03,healthy,21.05,0.18072,0.23875,0.93646,-1.699,0.488,0.707,True
HC_03,healthy,21.06,0.20811,0.22234,0.95775,-0.716,0.948,2.311,True
HC_03,healthy,21.07,0.20409,0.23949,0.91643,0.777,1.495,0.256,True
HC_03,healthy,21.080000000000002,0.20868,0.19326,0.9226,0.592,-0.01,-0.508,True
HC_03,healthy,21.09,0.18297,0.20652,0.95473,-0.372,0.028,1.379,True
HC_03,healthy,21.1,0.14745,0.18801,0.90795,0.128,-0.518,-1.42,True
HC_03,healthy,21.11,0.16314,0.22338,0.91494,-1.345,-0.491,-0.98,True
HC_03,healthy,21.12,0.17522,0.2192,0.90938,-0.024,0.336,-1.674,True
HC_03,healthy,21.13,0.16691,0.1999,0.91023,0.918,-0.579,-1.256,True
HC_03,healthy,21.14,0.1726,0.23343,0.93258,0.409,-0.015,-0.301,True
HC_03,healthy,21.150000000000002,0.194,0.21177,0.95632,-1.471,-0.964,-0.597,True
HC_03,healthy,21.16,0.20796,0.20646,0.92896,0.578,0.469,0.354,True
HC_03,healthy,21.17,0.20197,0.24757,0.93104,0.55,0.432,1.004,True
HC_03,healthy,21.18,0.18691,0.21657,0.92604,0.068,-0.168,0.322,True
HC_03,healthy,21.19,0.20149,0.21269,0.93758,-0.102,-1.42,-0.02,True
HC_03,healthy,21.2,0.19192,0.20023,0.91934,-0.007,0.598,-1.933,True
HC_03,healthy,21.21,0.18443,0.2035,0.9154,1.213,-0.391,0.023,True
HC_03,healthy,21.22,0.20266,0.20404,0.92925,-0.171,-0.995,-2.262,True
HC_03,healthy,21.23,0.1639,0.22297,0.92095,-1.143,1.005,-0.867,True
HC_03,healthy,21.240000000000002,0.15126,0.24832,0.93533,0.285,-0.85,0.446,True
HC_03,healthy,21.25,0.1912,0.25542,0.9581,0.898,-1.227,-0.632,True
HC_03,healthy,21.26,0.2012,0.20049,0.92658,0.048,0.335,0.194,True
HC_03,healthy,21.27,0.21761,0.19915,0.95968,0.249,0.931,1.169,True
HC_03,healthy,21.28,0.19804,0.20348,0.92831,0.041,0.72,2.805,True
HC_03,healthy,21.29,0.1974,0.22532,0.9267,-0.285,0.419,2.267,True
HC_03,healthy,21.3,0.20527,0.18906,0.95816,1.521,-0.035,-0.703,True
HC_03,healthy,21.31,0.15572,0.20322,0.91649,-0.175,0.55,-0.493,True
HC_03,healthy,21.32,0.18185,0.22793,0.90976,-1.589,-0.066,-0.805,True
HC_03,healthy,21.330000000000002,0.18898,0.19409,0.96533,-1.098,1.125,-2.206,True
HC_03,healthy,21.34,0.16827,0.22677,0.91866,-0.705,-0.058,-0.458,True
HC_03,healthy,21.35,0.16696,0.23649,0.9083,-1.904,-1.591,-0.115,True
HC_03,healthy,21.36,0.17818,0.21909,0.93449,-0.212,1.531,-1.013,True
HC_03,healthy,21.37,0.2164,0.23936,0.92349,0.396,0.234,1.547,True
HC_03,healthy,21.38,0.21025,0.21872,0.91317,0.118,0.42,1.598,True
HC_03,healthy,21.39,0.20107,0.21457,0.91323,-0.246,-0.923,2.572,True
HC_03,healthy,21.400000000000002,0.17231,0.20782,0.93323,-0.047,-1.229,0.73,True
HC_03,healthy,21.41,0.18423,0.21016,0.9382,-0.618,-0.213,0.778,True
HC_03,healthy,21.42,0.19463,0.19983,0.95221,-0.14,-1.366,1.143,True
HC_03,healthy,21.43,0.1636,0.21464,0.94652,0.798,0.367,-1.436,True
HC_03,healthy,21.44,0.21555,0.22467,0.92699,1.367,1.328,-0.697,True
HC_03,healthy,21.45,0.1808,0.20482,0.91414,-0.018,-0.388,-2.056,True
HC_03,healthy,21.46,0.18721,0.22189,0.91679,-0.245,-0.504,-1.556,True
HC_03,healthy,21.47,0.17788,0.24372,0.95298,-1.295,-0.817,-0.311,True
HC_03,healthy,21.48,0.20035,0.23532,0.94448,0.443,1.242,0.231,True
HC_03,healthy,21.490000000000002,0.19921,0.22796,0.91064,-0.008,1.503,2.355,True
HC_03,healthy,21.5,0.2076,0.2043,0.93792,-0.197,-0.343,2.44,True
HC_03,healthy,21.51,0.1892,0.17873,0.91562,-0.601,-0.478,1.221,True
HC_03,healthy,21.52,0.17919,0.20167,0.93002,-0.292,-0.654,-0.434,True
HC_03,healthy,21.53,0.20422,0.23058,0.92431,0.422,0.033,-1.086,True
HC_03,healthy,21.54,0.17175,0.2424,0.93169,-0.489,-0.687,-1.571,True
HC_03,healthy,21.55,0.1872,0.21359,0.9415,0.14,1.387,-0.586,True
HC_03,healthy,21.56,0.1839,0.20463,0.95739,0.245,-1.48,-1.063,True
HC_03,healthy,21.57,0.16494,0.23815,0.937,0.94,0.253,-1.516,True
HC_03,healthy,21.580000000000002,0.19844,0.21753,0.95339,1.201,-0.277,-0.876,True
HC_03,healthy,21.59,0.19666,0.24437,0.9617,-0.21,-0.393,-0.183,True
HC_03,healthy,21.6,0.19778,0.20917,0.92104,-1.19,0.424,1.372,True
HC_03,healthy,21.61,0.17834,0.20851,0.9284,0.101,0.6,1.024,True
HC_03,healthy,21.62,0.21068,0.22798,0.90547,0.201,0.597,0.732,True
HC_03,healthy,21.63,0.19926,0.20941,0.93061,0.769,-0.133,-0.494,True
HC_03,healthy,21.64,0.1796,0.24216,0.9312,1.871,1.19,0.762,True
HC_03,healthy,21.650000000000002,0.20535,0.2214,0.92728,-0.474,2.064,-0.761,True
HC_03,healthy,21.66,0.17758,0.20743,0.92164,-0.972,-0.953,-1.195,True
HC_03,healthy,21.67,0.20222,0.24654,0.92233,-0.492,-0.071,-1.464,True
HC_03,healthy,21.68,0.18059,0.21587,0.91861,1.687,0.274,-0.56,True
HC_03,healthy,21.69,0.21183,0.23233,0.91418,-1.147,-0.72,-0.145,True
HC_03,healthy,21.7,0.19708,0.22479,0.92814,-1.068,0.026,0.306,True
HC_03,healthy,21.71,0.22636,0.21428,0.91554,0.351,0.125,2.781,True
HC_03,healthy,21.72,0.2286,0.24344,0.92301,0.246,-0.224,0.311,True
HC_03,healthy,21.73,0.19617,0.22508,0.90941,-0.167,0.437,-0.117,True
HC_03,healthy,21.740000000000002,0.1818,0.22008,0.96261,0.225,-0.114,0.863,True
HC_03,healthy,21.75,0.18816,0.19576,0.92114,-0.774,-0.155,-1.409,True
HC_03,healthy,21.76,0.17959,0.22514,0.93694,0.312,0.036,-0.405,True
HC_03,healthy,21.77,0.18739,0.23875,0.88851,0.24,-0.384,-2.589,True
HC_03,healthy,21.78,0.19116,0.21783,0.92328,0.085,0.825,-1.678,True
HC_03,healthy,21.79,0.19932,0.23044,0.92803,0.337,-0.811,1.943,True
HC_03,healthy,21.8,0.19709,0.24315,0.91044,0.898,-0.748,-1.281,True
HC_03,healthy,21.81,0.20224,0.24826,0.90423,0.798,-0.404,2.81,True
HC_03,healthy,21.82,0.22777,0.23158,0.92666,-0.071,-0.945,2.073,True
HC_03,healthy,21.830000000000002,0.20803,0.20159,0.91118,-0.573,2.411,2.248,True
HC_03,healthy,21.84,0.21923,0.19544,0.94145,-0.131,-0.865,2.27,True
HC_03,healthy,21.85,0.193,0.2043,0.93822,0.354,-0.275,-0.911,True
HC_03,healthy,21.86,0.17913,0.21889,0.92192,-0.546,0.151,-0.987,True
HC_03,healthy,21.87,0.16723,0.23595,0.94662,0.326,-0.777,-2.54,True
HC_03,healthy,21.88,0.18685,0.21248,0.93663,-0.024,1.127,-2.387,True
HC_03,healthy,21.89,0.1785,0.20082,0.92715,0.354,-1.635,-1.672,True
HC_03,healthy,21.900000000000002,0.20628,0.20413,0.90573,0.368,-0.113,-0.195,True
HC_03,healthy,21.91,0.18802,0.23709,0.94074,1.219,0.206,0.22,True
HC_03,healthy,21.92,0.21701,0.23079,0.93383,-1.567,-0.978,2.406,True
HC_03,healthy,21.93,0.20558,0.23744,0.91504,-0.642,0.199,1.665,True
HC_03,healthy,21.94,0.23202,0.22501,0.94258,0.367,-0.891,1.59,True
HC_03,healthy,21.95,0.20049,0.2106,0.93731,-1.16,-0.575,1.651,True
HC_03,healthy,21.96,0.19116,0.21653,0.90893,0.799,-0.507,1.16,True
HC_03,healthy,21.97,0.19265,0.22119,0.93454,-0.027,-0.326,-1.988,True
HC_03,healthy,21.98,0.20653,0.23739,0.91938,0.161,-0.625,-2.126,True
HC_03,healthy,21.990000000000002,0.15928,0.24756,0.93861,0.875,-0.393,-1.452,True
HC_03,healthy,22.0,0.17124,0.26502,0.94126,1.649,-0.626,-1.641,True
HC_03,healthy,22.01,0.2057,0.2213,0.93206,0.009,0.906,-0.726,True
HC_03,healthy,22.02,0.19352,0.24374,0.91875,-0.619,0.202,0.224,True
HC_03,healthy,22.03,0.22626,0.21468,0.91651,-0.229,1.577,0.895,True
HC_03,healthy,22.04,0.21385,0.24292,0.93896,0.276,-0.301,0.831,True
HC_03,healthy,22.05,0.2337,0.21799,0.92178,-1.2,-0.11,1.481,True
HC_03,healthy,22.06,0.20144,0.21541,0.92806,0.843,0.145,1.03,True
HC_03,healthy,22.07,0.19992,0.22489,0.92513,1.446,0.168,-1.057,True
HC_03,healthy,22.080000000000002,0.19606,0.21131,0.93252,-0.935,-0.242,-0.14,True
HC_03,healthy,22.09,0.19681,0.19862,0.88248,0.297,-1.08,-1.257,True
HC_03,healthy,22.1,0.18893,0.23909,0.92529,1.145,-0.467,0.768,True
HC_03,healthy,22.11,0.16631,0.21891,0.9167,-1.291,-0.784,-1.5,True
HC_03,healthy,22.12,0.20276,0.22528,0.92385,-0.122,-0.12,-0.413,True
HC_03,healthy,22.13,0.19312,0.20345,0.94586,0.176,0.19,-0.275,True
HC_03,healthy,22.14,0.19937,0.21908,0.95587,-0.112,0.096,2.253,True
HC_03,healthy,22.150000000000002,0.20757,0.21254,0.93196,-0.213,-1.26,2.753,True
HC_03,healthy,22.16,0.21513,0.22526,0.92831,-0.812,-0.408,0.847,True
HC_03,healthy,22.17,0.20749,0.23918,0.9048,-0.84,-0.25,1.051,True
HC_03,healthy,22.18,0.17905,0.17828,0.91429,-1.381,-0.633,-0.288,True
HC_03,healthy,22.19,0.20021,0.23001,0.91982,-0.221,-0.216,-0.449,True
HC_03,healthy,22.2,0.19375,0.21709,0.93798,-0.025,-0.607,-0.856,True
HC_03,healthy,22.21,0.17325,0.21704,0.92827,0.046,-0.526,-1.612,True
HC_03,healthy,22.22,0.17219,0.24572,0.95185,1.402,-0.775,-1.69,True
HC_03,healthy,22.23,0.18553,0.19751,0.92245,0.605,-0.055,-0.404,True
HC_03,healthy,22.240000000000002,0.1858,0.21893,0.9239,-1.06,-1.129,1.305,True
HC_03,healthy,22.25,0.18941,0.21124,0.92339,-0.549,0.487,1.345,True
HC_03,healthy,22.26,0.2059,0.21778,0.92454,0.449,0.275,0.564,True
HC_03,healthy,22.27,0.2177,0.20289,0.92679,0.884,0.517,1.99,True
HC_03,healthy,22.28,0.22728,0.18832,0.94776,-0.144,0.227,1.344,True
HC_03,healthy,22.29,0.1689,0.22776,0.91021,-0.097,-0.174,0.311,True
HC_03,healthy,22.3,0.19756,0.21088,0.94181,0.717,2.301,-1.663,True
HC_03,healthy,22.31,0.16956,0.2246,0.94533,-0.172,0.121,-1.569,True
HC_03,healthy,22.32,0.20867,0.21551,0.90147,-0.169,0.858,-1.768,True
HC_03,healthy,22.330000000000002,0.19042,0.23091,0.92288,0.117,1.565,-1.131,True
HC_03,healthy,22.34,0.2039,0.21375,0.92609,0.47,0.454,0.1,True
HC_03,healthy,22.35,0.19976,0.25701,0.91351,-0.896,-0.183,0.158,True
HC_03,healthy,22.36,0.19122,0.21984,0.91926,0.565,-0.098,1.289,True
HC_03,healthy,22.37,0.2065,0.21733,0.93035,-1.074,-0.271,0.414,True
HC_03,healthy,22.38,0.20738,0.23624,0.91026,-0.639,-0.414,1.143,True
HC_03,healthy,22.39,0.21972,0.2328,0.92398,0.955,-0.627,1.312,True
HC_03,healthy,22.400000000000002,0.20861,0.20631,0.93048,0.272,1.4,-1.908,True
HC_03,healthy,22.41,0.17902,0.21445,0.92822,-0.521,-1.62,-1.803,True
HC_03,healthy,22.42,0.17894,0.21207,0.91567,1.344,-0.077,-2.403,True
HC_03,healthy,22.43,0.18828,0.23563,0.93518,0.173,-0.054,-0.402,True
HC_03,healthy,22.44,0.17301,0.23322,0.91766,-0.148,0.435,-0.243,True
HC_03,healthy,22.45,0.18725,0.23333,0.8962,1.03,-0.137,0.573,True
HC_03,healthy,22.46,0.19962,0.23718,0.9539,-0.862,0.121,0.29,True
HC_03,healthy,22.47,0.21512,0.2582,0.91467,-0.847,-0.014,0.279,True
HC_03,healthy,22.48,0.21511,0.21379,0.91129,-0.614,0.611,3.217,True
HC_03,healthy,22.490000000000002,0.19801,0.2244,0.92487,0.403,0.194,0.499,True
HC_03,healthy,22.5,0.20338,0.23773,0.93588,0.868,0.465,-0.042,True
HC_03,healthy,22.51,0.22174,0.21893,0.93254,-0.295,1.711,-0.329,True
HC_03,healthy,22.52,0.19129,0.21617,0.91893,-0.833,0.832,-1.411,True
HC_03,healthy,22.53,0.16704,0.25485,0.93906,0.252,-0.364,-2.484,True
HC_03,healthy,22.54,0.21032,0.23349,0.96309,1.451,-1.0,-0.788,True
HC_03,healthy,22.55,0.18281,0.23045,0.92929,0.839,-0.79,-1.323,True
HC_03,healthy,22.56,0.17893,0.24023,0.95793,-0.487,0.327,-1.689,True
HC_03,healthy,22.57,0.20891,0.24206,0.93906,-0.82,1.122,1.099,True
HC_03,healthy,22.580000000000002,0.2003,0.24964,0.92856,0.165,0.454,-0.371,True
HC_03,healthy,22.59,0.2411,0.23732,0.92171,-0.84,-0.719,1.152,True
HC_03,healthy,22.6,0.22857,0.21527,0.92835,-0.377,0.677,0.103,True
HC_03,healthy,22.61,0.20898,0.21119,0.93502,-0.75,0.341,0.889,True
HC_03,healthy,22.62,0.17835,0.19965,0.93078,-0.426,0.129,-0.579,True
HC_03,healthy,22.63,0.17759,0.25607,0.92165,1.015,-0.915,0.039,True
HC_03,healthy,22.64,0.17421,0.21861,0.94989,0.351,-0.233,-2.283,True
HC_03,healthy,22.650000000000002,0.18409,0.21748,0.93519,-1.235,0.584,-1.266,True
HC_03,healthy,22.66,0.19709,0.2162,0.96036,-0.467,-0.837,-0.73,True
HC_03,healthy,22.67,0.22762,0.23525,0.94445,0.433,-0.474,-1.909,True
HC_03,healthy,22.68,0.20051,0.24284,0.88436,1.305,0.306,-0.142,True
HC_03,healthy,22.69,0.22196,0.22514,0.9273,-0.162,-1.565,1.482,True
HC_03,healthy,22.7,0.22637,0.21795,0.92199,-0.056,0.024,1.341,True
HC_03,healthy,22.71,0.21261,0.18569,0.91444,0.487,-0.991,-0.065,True
HC_03,healthy,22.72,0.22746,0.20534,0.93287,-0.949,-0.647,0.277,True
HC_03,healthy,22.73,0.20749,0.19643,0.9151,0.388,-0.524,0.296,True
HC_03,healthy,22.740000000000002,0.15991,0.23702,0.89857,-0.414,-0.119,-1.257,True
HC_03,healthy,22.75,0.21121,0.23415,0.91857,0.284,0.66,-1.819,True
HC_03,healthy,22.76,0.18407,0.21643,0.91876,0.14,-0.701,-1.607,True
HC_03,healthy,22.77,0.1822,0.21071,0.91789,-1.479,-1.729,-1.874,True
HC_03,healthy,22.78,0.22106,0.24684,0.93067,-1.256,0.074,1.186,True
HC_03,healthy,22.79,0.22554,0.21148,0.90973,1.57,1.437,1.1,True
HC_03,healthy,22.8,0.226,0.21514,0.90328,-1.602,0.359,-0.555,True
HC_03,healthy,22.81,0.23078,0.24047,0.94866,-0.909,1.637,1.333,True
HC_03,healthy,22.82,0.20633,0.20189,0.93641,-0.945,-0.43,0.513,True
HC_03,healthy,22.830000000000002,0.21084,0.22544,0.91305,0.635,-1.2,0.733,True
HC_03,healthy,22.84,0.21659,0.24219,0.90655,-1.595,-1.457,0.532,True
HC_03,healthy,22.85,0.17918,0.2246,0.93832,-0.317,0.695,-1.861,True
HC_03,healthy,22.86,0.15685,0.22816,0.92061,-0.044,0.32,-2.251,True
HC_03,healthy,22.87,0.18255,0.21875,0.92887,-0.065,-0.104,-2.228,True
HC_03,healthy,22.88,0.21326,0.21037,0.93967,0.372,0.456,-0.647,True
HC_03,healthy,22.89,0.20203,0.21416,0.88838,-0.146,0.342,0.561,True
HC_03,healthy,22.900000000000002,0.21225,0.24435,0.9529,-0.861,0.025,1.8,True
HC_03,healthy,22.91,0.20903,0.20898,0.93801,0.373,-0.743,1.664,True
HC_03,healthy,22.92,0.22777,0.21115,0.92529,0.455,0.773,1.126,True
HC_03,healthy,22.93,0.21116,0.20541,0.92623,0.62,0.288,0.311,True
HC_03,healthy,22.94,0.19489,0.21262,0.94022,0.974,-0.545,0.111,True
HC_03,healthy,22.95,0.18005,0.23149,0.916,-1.033,-0.062,-1.136,True
HC_03,healthy,22.96,0.20208,0.20297,0.9119,-0.484,-1.515,0.212,True
HC_03,healthy,22.97,0.16458,0.24051,0.93176,-0.994,0.039,-1.647,True
HC_03,healthy,22.98,0.186,0.23749,0.91637,0.23,-1.864,-0.605,True
HC_03,healthy,22.990000000000002,0.19571,0.24035,0.91585,-0.728,-0.679,0.071,True
HC_03,healthy,23.0,0.19679,0.2522,0.93786,-0.046,0.172,-0.975,True
HC_03,healthy,23.01,0.22384,0.23645,0.91247,-0.046,0.705,1.092,True
HC_03,healthy,23.02,0.20466,0.21071,0.94291,0.99,0.811,0.63,True
HC_03,healthy,23.03,0.21565,0.23202,0.90966,0.749,0.926,1.12,True
HC_03,healthy,23.04,0.18599,0.20036,0.94663,-0.507,-0.409,0.938,True
HC_03,healthy,23.05,0.19412,0.19617,0.90309,0.006,0.052,-0.45,True
HC_03,healthy,23.06,0.21195,0.20035,0.90505,-1.045,0.635,0.558,True
HC_03,healthy,23.07,0.17662,0.2392,0.92955,0.723,-0.025,-1.406,True
HC_03,healthy,23.080000000000002,0.16869,0.24,0.91467,0.05,0.125,-1.144,True
HC_03,healthy,23.09,0.17626,0.22391,0.89244,-0.995,1.628,-1.539,True
HC_03,healthy,23.1,0.18297,0.21348,0.92822,-0.987,0.318,-0.333,True
HC_03,healthy,23.11,0.21825,0.20302,0.93688,-0.284,0.479,0.039,True
HC_03,healthy,23.12,0.23835,0.21589,0.94252,0.598,-1.218,0.893,True
HC_03,healthy,23.13,0.19817,0.2267,0.92599,0.4,2.435,2.196,True
HC_03,healthy,23.14,0.21726,0.23791,0.92254,0.537,0.631,1.033,True
HC_03,healthy,23.150000000000002,0.21942,0.24553,0.91221,0.68,0.484,1.232,True
HC_03,healthy,23.16,0.20765,0.1872,0.9043,-0.876,-0.196,0.569,True
HC_03,healthy,23.17,0.17536,0.20756,0.9483,0.666,-0.656,-1.372,True
HC_03,healthy,23.18,0.18291,0.20782,0.90026,0.672,0.473,-1.273,True
HC_03,healthy,23.19,0.19161,0.24549,0.91963,1.91,1.715,-1.545,True
HC_03,healthy,23.2,0.20268,0.22282,0.94238,0.254,-0.721,-0.956,True
HC_03,healthy,23.21,0.19787,0.24451,0.8933,0.268,1.44,-0.764,True
HC_03,healthy,23.22,0.21367,0.22281,0.9097,0.999,1.147,2.185,True
HC_03,healthy,23.23,0.22042,0.23317,0.90242,0.642,-0.966,-0.022,True
HC_03,healthy,23.240000000000002,0.21779,0.25835,0.94508,-0.892,0.027,1.483,True
HC_03,healthy,23.25,0.20246,0.20774,0.91977,-0.661,0.55,1.634,True
HC_03,healthy,23.26,0.17961,0.19751,0.93901,1.457,-0.975,0.449,True
HC_03,healthy,23.27,0.17747,0.20869,0.91404,-0.552,-0.281,1.004,True
HC_03,healthy,23.28,0.18197,0.25642,0.92332,0.675,1.647,-1.734,True
HC_03,healthy,23.29,0.17309,0.20604,0.92779,-0.104,-0.747,-2.366,True
HC_03,healthy,23.3,0.19741,0.21608,0.91873,-0.326,-0.537,-1.775,True
HC_03,healthy,23.31,0.20112,0.22483,0.93835,2.47,0.316,0.342,True
HC_03,healthy,23.32,0.20375,0.22032,0.93931,-0.485,0.762,0.109,True
HC_03,healthy,23.330000000000002,0.20267,0.22293,0.90998,-0.497,1.473,0.724,True
HC_03,healthy,23.34,0.19056,0.21876,0.92772,-0.24,0.223,1.665,True
HC_03,healthy,23.35,0.23068,0.20526,0.94264,-0.125,-0.023,2.036,True
HC_03,healthy,23.36,0.22469,0.20981,0.92614,0.133,-0.734,1.294,True
HC_03,healthy,23.37,0.21833,0.23696,0.9305,1.194,-1.454,1.029,True
HC_03,healthy,23.38,0.1934,0.23844,0.91996,-0.275,0.22,0.052,True
HC_03,healthy,23.39,0.1906,0.20061,0.95566,0.839,0.152,-1.595,True
HC_03,healthy,23.400000000000002,0.18584,0.215,0.93073,-0.641,-0.121,-1.336,True
HC_03,healthy,23.41,0.15335,0.23371,0.9357,-0.819,0.968,-2.516,True
HC_03,healthy,23.42,0.18865,0.2271,0.94233,-1.306,-0.049,-1.808,True
HC_03,healthy,23.43,0.19601,0.24533,0.92522,1.123,-1.064,0.395,True
HC_03,healthy,23.44,0.16581,0.231,0.90941,-0.808,0.318,-1.152,True
HC_03,healthy,23.45,0.18824,0.21755,0.91002,0.205,0.248,-0.301,True
HC_03,healthy,23.46,0.19499,0.20549,0.93641,0.127,0.02,2.547,True
HC_03,healthy,23.47,0.19355,0.20342,0.92567,0.166,0.24,1.014,True
HC_03,healthy,23.48,0.21824,0.22994,0.92648,-0.562,-0.191,0.956,True
HC_03,healthy,23.490000000000002,0.18484,0.21197,0.94394,2.593,0.557,-0.995,True
HC_03,healthy,23.5,0.17473,0.18997,0.92208,1.039,2.089,-0.434,True
HC_03,healthy,23.51,0.16053,0.23673,0.93106,-0.743,-0.507,-1.574,True
HC_03,healthy,23.52,0.15904,0.21466,0.94341,1.172,0.063,-1.786,True
HC_03,healthy,23.53,0.18061,0.2392,0.94392,-1.06,-0.209,-1.834,True
HC_03,healthy,23.54,0.21327,0.22313,0.91799,0.189,-1.249,0.064,True
HC_03,healthy,23.55,0.22125,0.23122,0.94242,0.906,-1.57,2.223,True
HC_03,healthy,23.56,0.23962,0.22984,0.93166,-0.162,0.147,0.973,True
HC_03,healthy,23.57,0.23149,0.21194,0.92922,0.274,0.141,0.367,True
HC_03,healthy,23.580000000000002,0.21279,0.20976,0.93931,0.193,0.702,0.955,True
HC_03,healthy,23.59,0.18811,0.21053,0.937,-0.118,0.048,-0.072,True
HC_03,healthy,23.6,0.16669,0.19083,0.89594,1.767,-1.329,-0.853,True
HC_03,healthy,23.61,0.19781,0.20866,0.92541,-0.509,-0.319,-0.898,True
HC_03,healthy,23.62,0.20082,0.20332,0.89379,-0.499,0.657,0.337,True
HC_03,healthy,23.63,0.16906,0.20936,0.94965,1.159,0.484,-1.591,True
HC_03,healthy,23.64,0.17918,0.23562,0.93335,-0.257,-0.528,-0.2,True
HC_03,healthy,23.650000000000002,0.20249,0.22824,0.93557,-0.07,-1.155,-0.917,True
HC_03,healthy,23.66,0.1804,0.22851,0.9119,1.475,0.669,-1.567,True
HC_03,healthy,23.67,0.19602,0.21466,0.90737,-0.614,0.447,0.48,True
HC_03,healthy,23.68,0.19814,0.21775,0.94018,0.66,-0.208,0.681,True
HC_03,healthy,23.69,0.19484,0.19902,0.91414,-0.987,0.202,1.664,True
HC_03,healthy,23.7,0.17918,0.22083,0.95744,0.768,-0.908,0.138,True
HC_03,healthy,23.71,0.19394,0.18374,0.94505,-0.288,-0.899,-0.83,True
HC_03,healthy,23.72,0.17879,0.18613,0.95364,-0.322,1.843,-1.006,True
HC_03,healthy,23.73,0.19396,0.21486,0.93911,0.21,0.809,-1.249,True
HC_03,healthy,23.740000000000002,0.17385,0.23565,0.9179,-0.03,-1.384,-1.737,True
HC_03,healthy,23.75,0.16932,0.20793,0.93557,-0.996,-0.907,-0.403,True
HC_03,healthy,23.76,0.18798,0.22271,0.95264,0.564,1.336,1.462,True
HC_03,healthy,23.77,0.18252,0.21169,0.93156,0.474,1.028,0.461,True
HC_03,healthy,23.78,0.21961,0.21242,0.91129,0.371,0.386,0.73,True
HC_03,healthy,23.79,0.18045,0.18817,0.93834,-0.446,1.396,0.003,True
HC_03,healthy,23.8,0.18711,0.21614,0.93763,0.259,-0.148,-0.683,True
HC_03,healthy,23.81,0.16602,0.19682,0.9539,0.781,0.156,0.033,True
HC_03,healthy,23.82,0.18965,0.20882,0.95543,-0.791,0.416,-1.812,True
HC_03,healthy,23.830000000000002,0.18805,0.21645,0.93368,-0.057,0.459,0.052,True
HC_03,healthy,23.84,0.19523,0.24226,0.92382,-0.08,1.109,-1.023,True
HC_03,healthy,23.85,0.17782,0.22266,0.92333,-0.572,0.893,-1.102,True
HC_03,healthy,23.86,0.15908,0.23323,0.94419,-0.089,0.053,0.308,True
HC_03,healthy,23.87,0.17039,0.23247,0.92139,1.483,-1.805,-0.095,True
HC_03,healthy,23.88,0.1924,0.24158,0.94146,0.839,-0.446,2.023,True
HC_03,healthy,23.89,0.21602,0.21487,0.9172,0.207,-2.245,1.372,True
HC_03,healthy,23.900000000000002,0.19437,0.17234,0.96118,-0.393,1.759,2.779,True
HC_03,healthy,23.91,0.2024,0.19569,0.92392,-1.691,-0.361,0.037,True
HC_03,healthy,23.92,0.18083,0.18724,0.92971,-0.292,0.645,0.985,True
HC_03,healthy,23.93,0.18399,0.18513,0.9513,1.678,1.058,-1.025,True
HC_03,healthy,23.94,0.1755,0.22798,0.93363,-1.548,-0.356,-1.329,True
HC_03,healthy,23.95,0.13794,0.22609,0.93457,0.897,-0.091,-1.543,True
HC_03,healthy,23.96,0.17001,0.21439,0.94803,0.627,0.609,-0.009,True
HC_03,healthy,23.97,0.17644,0.22305,0.97194,-0.236,-0.377,1.066,True
HC_03,healthy,23.98,0.17086,0.2258,0.9354,0.584,-0.009,-0.297,True
HC_03,healthy,23.990000000000002,0.20811,0.24053,0.9401,0.384,1.207,1.683,True
HC_03,healthy,24.0,0.19073,0.23171,0.94987,0.428,-0.446,1.381,True
HC_03,healthy,24.01,0.20744,0.23778,0.96177,0.233,0.075,3.452,True
HC_03,healthy,24.02,0.19681,0.20321,0.9503,0.819,0.225,0.947,True
HC_03,healthy,24.03,0.18964,0.18571,0.92261,-0.944,0.645,1.099,True
HC_03,healthy,24.04,0.17814,0.19241,0.92825,-0.458,-0.797,0.663,True
HC_03,healthy,24.05,0.15642,0.21177,0.93298,0.139,0.638,-0.477,True
HC_03,healthy,24.060000000000002,0.14553,0.20682,0.95068,1.508,-1.303,-1.391,True
HC_03,healthy,24.07,0.17341,0.23638,0.93765,1.048,-0.472,-1.861,True
HC_03,healthy,24.080000000000002,0.18689,0.26905,0.91086,0.198,1.476,-0.732,True
HC_03,healthy,24.09,0.20696,0.22381,0.9173,2.145,-0.335,0.933,True
HC_03,healthy,24.1,0.16577,0.22122,0.93387,-0.226,-0.32,1.806,True
HC_03,healthy,24.11,0.19906,0.21711,0.88772,0.445,0.021,0.729,True
HC_03,healthy,24.12,0.20236,0.20883,0.953,0.663,-0.412,2.002,True
HC_03,healthy,24.13,0.19459,0.2186,0.94156,1.104,0.084,-0.209,True
HC_03,healthy,24.14,0.18516,0.208,0.94996,0.957,-0.663,1.125,True
HC_03,healthy,24.150000000000002,0.16037,0.20759,0.9269,-1.203,1.718,0.513,True
HC_03,healthy,24.16,0.16862,0.22848,0.93894,0.074,-0.427,-2.093,True
HC_03,healthy,24.17,0.15537,0.21743,0.93983,-0.097,1.317,-2.289,True
HC_03,healthy,24.18,0.1664,0.22029,0.97459,-1.274,-0.142,-2.153,True
HC_03,healthy,24.19,0.18285,0.23131,0.95314,-0.915,0.585,-1.278,True
HC_03,healthy,24.2,0.17121,0.21637,0.91367,0.278,1.015,0.372,True
HC_03,healthy,24.21,0.17784,0.23063,0.95424,0.087,-0.523,1.084,True
HC_03,healthy,24.22,0.19583,0.20949,0.94931,0.433,-0.906,1.751,True
HC_03,healthy,24.23,0.20212,0.19055,0.95426,-0.196,1.079,1.441,True
HC_03,healthy,24.240000000000002,0.17922,0.21792,0.95931,-0.123,0.931,-0.178,True
HC_03,healthy,24.25,0.1832,0.17802,0.94363,-0.417,0.504,-0.374,True
HC_03,healthy,24.26,0.19,0.195,0.93264,1.033,-0.89,-3.371,True
HC_03,healthy,24.27,0.16452,0.20368,0.92806,0.837,0.839,-1.59,True
HC_03,healthy,24.28,0.17355,0.2187,0.95816,-0.584,-1.04,0.139,True
HC_03,healthy,24.29,0.15375,0.21054,0.925,-0.385,1.264,-1.106,True
HC_03,healthy,24.3,0.1661,0.21216,0.938,-0.489,0.265,0.381,True
HC_03,healthy,24.310000000000002,0.18934,0.22229,0.93313,-0.064,1.301,-0.127,True
HC_03,healthy,24.32,0.21313,0.23504,0.93222,0.3,-0.556,0.353,True
HC_03,healthy,24.330000000000002,0.19681,0.21822,0.92534,0.578,-0.25,2.122,True
HC_03,healthy,24.34,0.21466,0.20019,0.95318,0.587,0.31,-0.21,True
HC_03,healthy,24.35,0.13999,0.19477,0.94603,-0.352,-1.352,1.037,True
HC_03,healthy,24.36,0.15227,0.21668,0.93044,0.759,-0.861,-0.835,True
HC_03,healthy,24.37,0.16866,0.18912,0.9616,0.925,-1.537,-0.331,True
HC_03,healthy,24.38,0.16774,0.21244,0.91846,-0.858,-0.166,-1.379,True
HC_03,healthy,24.39,0.19025,0.20865,0.93388,-0.938,1.723,-1.363,True
HC_03,healthy,24.400000000000002,0.15304,0.21302,0.93437,-0.424,-0.824,-0.38,True
HC_03,healthy,24.41,0.16904,0.20712,0.95256,-1.137,0.518,-1.13,True
HC_03,healthy,24.42,0.21846,0.20729,0.92559,-1.53,0.811,-0.061,True
HC_03,healthy,24.43,0.18078,0.20548,0.95214,2.508,-0.587,2.427,True
HC_03,healthy,24.44,0.20141,0.19444,0.93323,-1.184,-1.077,1.736,True
HC_03,healthy,24.45,0.14118,0.19533,0.95099,-0.722,-0.041,1.694,True
HC_03,healthy,24.46,0.18002,0.19777,0.91593,-0.303,0.171,-0.135,True
HC_03,healthy,24.47,0.13953,0.20471,0.93113,-0.182,3.025,-0.455,True
HC_03,healthy,24.48,0.12732,0.21139,0.93025,0.579,-0.116,-1.78,True
HC_03,healthy,24.490000000000002,0.12889,0.19136,0.95833,0.062,-0.345,-1.905,True
HC_03,healthy,24.5,0.13228,0.20238,0.94407,0.483,0.266,-1.322,True
HC_03,healthy,24.51,0.15105,0.21377,0.95041,-0.429,-0.893,0.728,True
HC_03,healthy,24.52,0.16667,0.23089,0.93063,-0.269,-0.807,0.498,True
HC_03,healthy,24.53,0.18015,0.24146,0.93073,-0.549,-0.981,0.599,True
HC_03,healthy,24.54,0.19614,0.21168,0.97385,1.156,0.813,2.672,True
HC_03,healthy,24.55,0.17304,0.21013,0.94531,0.307,-0.95,2.217,True
HC_03,healthy,24.560000000000002,0.19376,0.22595,0.93023,-1.245,0.469,1.859,True
HC_03,healthy,24.57,0.19411,0.21516,0.93983,0.127,0.997,0.285,True
HC_03,healthy,24.580000000000002,0.18499,0.17784,0.94394,1.135,0.05,-1.203,True
HC_03,healthy,24.59,0.15564,0.19124,0.95453,0.245,0.447,-0.156,True
HC_03,healthy,24.6,0.15137,0.19727,0.97284,-0.388,-0.584,-1.518,True
HC_03,healthy,24.61,0.1478,0.21095,0.94462,0.235,-0.476,-2.074,True
HC_03,healthy,24.62,0.14993,0.22541,0.93231,-0.091,0.135,-2.905,True
HC_03,healthy,24.63,0.1502,0.2129,0.94232,0.373,0.964,-0.699,True
HC_03,healthy,24.64,0.15632,0.20661,0.94388,0.296,0.103,0.302,True
HC_03,healthy,24.650000000000002,0.19858,0.23449,0.95933,-0.1,0.075,0.648,True
HC_03,healthy,24.66,0.19546,0.18457,0.96169,-0.105,0.099,2.261,True
HC_03,healthy,24.67,0.19758,0.17898,0.94568,0.627,1.322,2.448,True
HC_03,healthy,24.68,0.18572,0.1897,0.95608,-1.064,-2.322,0.378,True
HC_03,healthy,24.69,0.16345,0.19611,0.94269,1.299,0.362,-0.459,True
HC_03,healthy,24.7,0.13637,0.21178,0.92984,0.047,0.508,-1.79,True
HC_03,healthy,24.71,0.1538,0.2005,0.96127,-1.222,1.491,-1.639,True
HC_03,healthy,24.72,0.15671,0.20879,0.95547,0.608,-0.313,-0.996,True
HC_03,healthy,24.73,0.1399,0.21504,0.95423,-1.082,-0.675,-0.076,True
HC_03,healthy,24.740000000000002,0.1463,0.22395,0.95821,-1.221,-0.077,0.49,True
HC_03,healthy,24.75,0.18547,0.22691,0.94509,0.228,0.06,2.211,True
HC_03,healthy,24.76,0.16536,0.21203,0.9493,-0.234,0.065,1.551,True
HC_03,healthy,24.77,0.18977,0.20115,0.92447,0.713,0.587,2.352,True
HC_03,healthy,24.78,0.17721,0.20404,0.96406,0.271,-1.27,1.114,True
HC_03,healthy,24.79,0.17939,0.20298,0.94473,0.915,0.186,0.043,True
HC_03,healthy,24.8,0.15889,0.18044,0.93698,0.336,0.341,0.707,True
HC_03,healthy,24.810000000000002,0.13983,0.18925,0.9402,-0.789,1.257,-1.288,True
HC_03,healthy,24.82,0.14843,0.21855,0.93347,-1.177,0.69,-1.05,True
HC_03,healthy,24.830000000000002,0.14786,0.20211,0.93702,-0.452,-0.332,-1.265,True
HC_03,healthy,24.84,0.13787,0.20891,0.93527,0.617,0.87,0.41,True
HC_03,healthy,24.85,0.15334,0.21789,0.95954,0.357,0.934,-0.186,True
HC_03,healthy,24.86,0.18695,0.19677,0.94228,-1.004,0.352,0.473,True
HC_03,healthy,24.87,0.15813,0.18987,0.96232,-1.281,0.999,2.055,True
HC_03,healthy,24.88,0.17883,0.22849,0.94796,0.204,-0.113,1.369,True
HC_03,healthy,24.89,0.14404,0.18702,0.94838,-1.083,-0.552,0.608,True
HC_03,healthy,24.900000000000002,0.14534,0.18051,0.94159,0.925,-0.205,-0.08,True
HC_03,healthy,24.91,0.14233,0.16975,0.95315,-0.827,-0.038,-1.124,True
HC_03,healthy,24.92,0.1294,0.17591,0.94991,0.82,-0.384,-2.449,True
HC_03,healthy,24.93,0.13454,0.19908,0.95187,0.475,-0.089,-1.421,True
HC_03,healthy,24.94,0.12916,0.1969,0.9683,-1.002,-0.212,-1.717,True
HC_03,healthy,24.95,0.14168,0.21688,0.95137,1.22,0.094,-0.116,True
HC_03,healthy,24.96,0.16509,0.23066,0.95412,0.754,0.482,1.12,True
HC_03,healthy,24.97,0.14032,0.19881,0.97081,-0.303,1.647,1.379,True
HC_03,healthy,24.98,0.20254,0.19529,0.94125,-0.005,-1.198,1.605,True
HC_03,healthy,24.990000000000002,0.14235,0.17352,0.93931,1.376,-0.866,1.425,True
HC_03,healthy,25.0,0.1638,0.19923,0.97061,-0.67,-0.677,0.605,True
HC_03,healthy,25.01,0.13826,0.19635,0.94923,-0.05,0.173,1.184,True
HC_03,healthy,25.02,0.16134,0.18518,0.95012,0.031,1.706,-0.155,True
HC_03,healthy,25.03,0.1271,0.19648,0.91959,-1.132,-0.887,-1.836,True
HC_03,healthy,25.04,0.16204,0.20755,0.96092,-0.64,-0.563,-0.301,True
HC_03,healthy,25.05,0.13452,0.19293,0.95496,0.074,0.364,-2.361,True
HC_03,healthy,25.060000000000002,0.13528,0.21701,0.93995,1.309,-0.425,-1.482,True
HC_03,healthy,25.07,0.15632,0.22293,0.95019,-1.504,-0.166,-1.24,True
HC_03,healthy,25.080000000000002,0.14783,0.19574,0.97951,1.448,-0.402,1.176,True
HC_03,healthy,25.09,0.1694,0.20013,0.94083,1.182,1.14,0.824,True
HC_03,healthy,25.1,0.18209,0.18691,0.91618,0.931,2.373,1.477,True
HC_03,healthy,25.11,0.13833,0.20946,0.93315,-0.061,-0.767,0.642,True
HC_03,healthy,25.12,0.13438,0.18487,0.96109,1.127,0.616,0.583,True
HC_03,healthy,25.13,0.1435,0.19691,0.95297,2.423,0.897,-0.682,True
HC_03,healthy,25.14,0.15537,0.2011,0.93835,-0.729,-0.289,-0.979,True
HC_03,healthy,25.150000000000002,0.13495,0.21013,0.95559,0.049,-0.072,-2.477,True
HC_03,healthy,25.16,0.11838,0.19894,0.96885,0.779,-0.589,-1.926,True
HC_03,healthy,25.17,0.13775,0.19715,0.97233,1.201,0.031,-0.686,True
HC_03,healthy,25.18,0.14379,0.20216,0.96054,-0.799,0.312,-1.152,True
HC_03,healthy,25.19,0.1704,0.18336,0.96591,-0.888,0.782,0.85,True
HC_03,healthy,25.2,0.14771,0.20168,0.9453,1.291,-1.173,1.03,True
HC_03,healthy,25.21,0.13354,0.18542,0.95435,0.447,0.633,1.926,True
HC_03,healthy,25.22,0.15008,0.19995,0.96308,1.599,-0.013,0.761,True
HC_03,healthy,25.23,0.15252,0.17438,0.97551,-0.928,-0.856,1.407,True
HC_03,healthy,25.240000000000002,0.13498,0.18939,0.95421,-0.852,-0.224,0.156,True
HC_03,healthy,25.25,0.14464,0.21414,0.93039,0.248,-0.184,-0.743,True
HC_03,healthy,25.26,0.10353,0.21737,0.94506,0.775,1.096,-1.647,True
HC_03,healthy,25.27,0.14001,0.21813,0.9368,0.762,0.265,-1.646,True
HC_03,healthy,25.28,0.13427,0.21738,0.96714,1.428,0.083,-0.389,True
HC_03,healthy,25.29,0.15178,0.22252,0.95676,0.727,-1.288,-0.673,True
HC_03,healthy,25.3,0.1369,0.21048,0.96401,0.404,0.077,2.93,True
HC_03,healthy,25.310000000000002,0.14891,0.18821,0.99123,-0.004,0.539,1.431,True
HC_03,healthy,25.32,0.14125,0.19458,0.95677,0.296,0.473,1.108,True
HC_03,healthy,25.330000000000002,0.14206,0.19517,0.95634,0.246,1.066,1.157,True
HC_03,healthy,25.34,0.16448,0.19404,0.9588,0.525,-0.292,0.936,True
HC_03,healthy,25.35,0.14103,0.18568,0.98569,0.95,-0.94,-2.089,True
HC_03,healthy,25.36,0.12919,0.18188,0.96783,0.747,-0.015,-1.876,True
HC_03,healthy,25.37,0.13886,0.1829,0.93861,-0.057,-0.822,-1.363,True
HC_03,healthy,25.38,0.14859,0.21967,0.96796,-0.083,0.219,-1.979,True
HC_03,healthy,25.39,0.15561,0.19509,0.95903,0.359,0.354,1.188,True
HC_03,healthy,25.400000000000002,0.13465,0.20426,0.94849,0.151,-0.417,0.726,True
HC_03,healthy,25.41,0.1267,0.19147,0.98976,-0.175,-0.299,0.519,True
HC_03,healthy,25.42,0.14577,0.20233,0.94589,1.986,-0.679,0.098,True
HC_03,healthy,25.43,0.12962,0.17673,0.95574,-0.513,1.756,2.088,True
HC_03,healthy,25.44,0.13493,0.17858,0.96409,0.131,1.703,0.71,True
HC_03,healthy,25.45,0.16746,0.15014,0.95943,0.145,0.486,-0.977,True
HC_03,healthy,25.46,0.11814,0.19837,0.9581,-0.56,-0.573,-1.139,True
HC_03,healthy,25.47,0.11994,0.19269,0.97048,-0.567,0.733,-1.226,True
HC_03,healthy,25.48,0.11024,0.21152,0.96603,-0.155,1.122,-1.516,True
HC_03,healthy,25.490000000000002,0.11786,0.18391,0.95567,1.094,1.315,-1.589,True
HC_03,healthy,25.5,0.10949,0.20423,0.93996,0.9,-0.488,-1.408,True
HC_03,healthy,25.51,0.10988,0.21839,0.94647,0.439,0.334,0.22,True
HC_03,healthy,25.52,0.17199,0.20036,0.95016,-0.223,0.075,2.911,True
HC_03,healthy,25.53,0.15244,0.17412,0.95951,-0.358,-1.513,1.928,True
HC_03,healthy,25.54,0.12348,0.20104,0.97137,0.228,-0.026,1.28,True
HC_03,healthy,25.55,0.13146,0.19854,0.96764,0.141,0.572,1.025,True
HC_03,healthy,25.560000000000002,0.10312,0.17843,0.95013,1.255,0.011,-0.941,True
HC_03,healthy,25.57,0.12428,0.18793,0.97989,-0.78,1.711,-1.187,True
HC_03,healthy,25.580000000000002,0.10624,0.19251,0.95712,0.476,-0.057,-1.26,True
HC_03,healthy,25.59,0.10766,0.20749,0.96288,-0.722,0.152,-1.097,True
HC_03,healthy,25.6,0.13768,0.2034,0.97334,-0.341,0.11,-0.676,True
HC_03,healthy,25.61,0.11443,0.19452,0.96262,1.356,-0.807,-0.312,True
HC_03,healthy,25.62,0.12416,0.20365,0.95806,0.247,-0.434,-0.131,True
HC_03,healthy,25.63,0.13854,0.23415,0.97523,-0.16,0.591,0.72,True
HC_03,healthy,25.64,0.15074,0.1926,0.96929,0.208,1.452,1.14,True
HC_03,healthy,25.650000000000002,0.14794,0.17967,0.93548,1.024,-0.151,0.895,True
HC_03,healthy,25.66,0.1189,0.15669,0.96473,-1.373,0.607,2.743,True
HC_03,healthy,25.67,0.13735,0.18151,0.94657,0.892,0.548,-0.097,True
HC_03,healthy,25.68,0.12791,0.18494,0.9463,0.966,0.168,-1.994,True
HC_03,healthy,25.69,0.0973,0.19268,0.96172,-0.338,-0.7,-2.385,True
HC_03,healthy,25.7,0.10507,0.20677,0.97741,-0.296,0.22,-0.388,True
HC_03,healthy,25.71,0.12835,0.23164,0.96614,0.167,-0.441,0.93,True
HC_03,healthy,25.72,0.13472,0.18054,0.92877,2.028,-0.538,0.118,True
HC_03,healthy,25.73,0.12203,0.1937,0.99357,0.739,0.124,-0.482,True
HC_03,healthy,25.740000000000002,0.14146,0.18885,0.95616,-0.804,-0.023,-0.024,True
HC_03,healthy,25.75,0.12571,0.18481,0.9787,0.505,0.55,1.769,True
HC_03,healthy,25.76,0.12987,0.16822,0.94912,-0.682,-0.05,0.486,True
HC_03,healthy,25.77,0.13843,0.15645,0.9388,-0.611,-1.727,1.625,True
HC_03,healthy,25.78,0.13572,0.1837,0.96189,0.576,0.286,0.382,True
HC_03,healthy,25.79,0.141,0.17282,0.96322,0.662,-0.631,-1.389,True
HC_03,healthy,25.8,0.13514,0.19211,0.97467,-0.44,-0.438,-1.651,True
HC_03,healthy,25.810000000000002,0.10688,0.19798,0.95269,0.809,-1.05,-1.837,True
HC_03,healthy,25.82,0.11941,0.19407,0.95688,2.305,0.355,-0.419,True
HC_03,healthy,25.830000000000002,0.12189,0.19175,0.96486,-0.79,-0.899,-1.173,True
HC_03,healthy,25.84,0.13175,0.21998,0.98289,1.3,0.834,-0.143,True
HC_03,healthy,25.85,0.16333,0.2429,0.9809,0.56,-0.088,1.124,True
HC_03,healthy,25.86,0.10855,0.16785,0.92575,0.245,1.271,1.13,True
HC_03,healthy,25.87,0.1433,0.20808,0.94627,-0.705,-0.384,-0.71,True
HC_03,healthy,25.88,0.13883,0.17833,0.94714,-0.593,-0.538,0.408,True
HC_03,healthy,25.89,0.13894,0.1691,0.95818,1.075,-0.334,0.209,True
HC_03,healthy,25.900000000000002,0.09101,0.14821,0.99007,0.113,0.681,-1.061,True
HC_03,healthy,25.91,0.11364,0.20148,0.97309,-1.133,0.095,-1.083,True
HC_03,healthy,25.92,0.10251,0.2009,0.94611,-1.473,-1.133,-2.159,True
HC_03,healthy,25.93,0.09357,0.22734,0.96826,-0.531,-0.154,0.122,True
HC_03,healthy,25.94,0.09908,0.18652,0.99047,0.618,0.75,-1.212,True
HC_03,healthy,25.95,0.11659,0.1707,0.94866,0.24,0.824,1.748,True
HC_03,healthy,25.96,0.16273,0.19976,0.98206,-0.175,-0.253,1.534,True
HC_03,healthy,25.97,0.11859,0.20758,0.95974,1.824,-0.077,1.199,True
HC_03,healthy,25.98,0.13703,0.1902,0.98032,-0.024,-1.709,-0.71,True
HC_03,healthy,25.990000000000002,0.1036,0.15857,0.97304,-0.585,-0.451,1.884,True
HC_03,healthy,26.0,0.1456,0.18873,0.95356,-0.081,0.874,-0.597,True
HC_03,healthy,26.01,0.14234,0.19497,0.97937,0.543,0.498,-1.526,True
HC_03,healthy,26.02,0.11108,0.184,0.99246,-1.147,0.49,-0.713,True
HC_03,healthy,26.03,0.10823,0.2043,0.95356,-0.155,-0.937,-1.488,True
HC_03,healthy,26.04,0.12351,0.19106,0.96563,-0.388,0.394,-1.942,True
HC_03,healthy,26.05,0.11446,0.2125,0.96186,-0.717,-0.469,-0.123,True
HC_03,healthy,26.060000000000002,0.12463,0.1923,0.97659,-0.001,0.185,1.011,True
HC_03,healthy,26.07,0.12174,0.17883,0.97399,1.074,0.588,1.463,True
HC_03,healthy,26.080000000000002,0.12229,0.1859,0.97919,0.162,0.254,2.04,True
HC_03,healthy,26.09,0.11832,0.15938,0.9706,-1.492,0.294,1.183,True
HC_03,healthy,26.1,0.11195,0.15418,0.99006,1.259,-0.954,0.065,True
HC_03,healthy,26.11,0.11012,0.19452,0.95643,0.46,-0.679,-0.371,True
HC_03,healthy,26.12,0.11193,0.19143,0.98037,-0.55,1.126,-1.36,True
HC_03,healthy,26.13,0.08589,0.19689,0.96357,1.103,-0.323,-0.689,True
HC_03,healthy,26.14,0.0909,0.21203,0.95992,0.709,0.776,0.452,True
HC_03,healthy,26.150000000000002,0.08552,0.2097,0.99558,0.279,0.257,-1.438,True
HC_03,healthy,26.16,0.12324,0.20915,0.95853,-0.156,0.58,-0.93,True
HC_03,healthy,26.17,0.11584,0.18675,0.956,0.139,-0.429,0.349,True
HC_03,healthy,26.18,0.13724,0.18366,0.97422,1.159,0.3,1.479,True
HC_03,healthy,26.19,0.13371,0.19364,0.97846,-0.022,-0.695,1.304,True
HC_03,healthy,26.2,0.12626,0.16813,0.98112,-0.228,1.199,1.585,True
HC_03,healthy,26.21,0.10082,0.17611,0.97256,-1.582,0.879,0.166,True
HC_03,healthy,26.22,0.1392,0.18036,0.96751,-1.016,-0.285,-2.075,True
HC_03,healthy,26.23,0.12087,0.15589,1.00045,-0.918,-0.581,-0.109,True
HC_03,healthy,26.240000000000002,0.08083,0.19226,0.96614,-1.065,-0.769,-0.537,True
HC_03,healthy,26.25,0.10082,0.1899,0.96443,-0.452,-1.003,-0.965,True
HC_03,healthy,26.26,0.08511,0.20917,0.95393,-0.992,0.436,-0.259,True
HC_03,healthy,26.27,0.10404,0.16894,0.97435,-1.687,-1.263,1.777,True
HC_03,healthy,26.28,0.12744,0.18838,1.01003,-0.339,-0.837,0.789,True
HC_03,healthy,26.29,0.13611,0.17979,0.93937,0.356,0.064,1.278,True
HC_03,healthy,26.3,0.15604,0.18693,0.97448,0.464,1.116,0.762,True
HC_03,healthy,26.310000000000002,0.14095,0.15311,0.96097,-0.083,1.701,0.305,True
HC_03,healthy,26.32,0.14796,0.19649,0.96265,0.444,-0.435,0.629,True
HC_03,healthy,26.330000000000002,0.10509,0.14927,0.96218,2.177,-2.311,-0.758,True
HC_03,healthy,26.34,0.10905,0.19795,0.98943,-0.019,-1.727,-0.975,True
HC_03,healthy,26.35,0.09056,0.18133,0.96397,-0.487,-1.168,-1.711,True
HC_03,healthy,26.36,0.07608,0.15999,0.94809,0.512,-0.935,-0.354,True
HC_03,healthy,26.37,0.10071,0.18374,0.95687,-0.368,-0.412,1.164,True
HC_03,healthy,26.38,0.12852,0.20723,0.95757,-1.278,1.088,1.335,True
HC_03,healthy,26.39,0.1374,0.17702,0.9858,0.696,-2.533,1.833,True
HC_03,healthy,26.400000000000002,0.13792,0.18386,0.94215,-0.853,0.398,2.667,True
HC_03,healthy,26.41,0.12805,0.17655,0.96704,-1.074,1.139,1.18,True
HC_03,healthy,26.42,0.09075,0.16877,0.98023,0.454,2.078,1.462,True
HC_03,healthy,26.43,0.09932,0.16694,0.96967,0.114,1.42,-0.206,True
HC_03,healthy,26.44,0.09691,0.15569,0.97162,-0.419,-0.449,-0.13,True
HC_03,healthy,26.45,0.09203,0.17384,0.98781,-0.204,-0.615,-2.082,True
HC_03,healthy,26.46,0.11582,0.17038,0.95252,-0.734,-0.796,-0.743,True
HC_03,healthy,26.47,0.12689,0.18365,0.97302,-0.341,0.188,-2.11,True
HC_03,healthy,26.48,0.11292,0.16068,0.94382,0.983,0.048,-0.814,True
HC_03,healthy,26.490000000000002,0.12461,0.20172,0.95573,0.108,-0.495,1.042,True
HC_03,healthy,26.5,0.13431,0.18789,0.95285,0.147,-0.308,2.089,True
HC_03,healthy,26.51,0.11679,0.19177,0.98151,0.546,1.147,-0.522,True
HC_03,healthy,26.52,0.14931,0.18281,0.96827,0.081,1.428,-0.588,True
HC_03,healthy,26.53,0.11073,0.17418,0.96033,0.8,1.079,0.215,True
HC_03,healthy,26.54,0.13074,0.17162,0.94549,0.184,0.124,-0.745,True
HC_03,healthy,26.55,0.08588,0.1583,0.96757,-0.734,0.991,-0.618,True
HC_03,healthy,26.560000000000002,0.11516,0.1554,0.97658,0.303,0.635,-1.763,True
HC_03,healthy,26.57,0.0835,0.168,0.95829,-0.816,0.641,-2.837,True
HC_03,healthy,26.580000000000002,0.09752,0.18642,0.97829,-1.627,0.241,0.316,True
HC_03,healthy,26.59,0.11727,0.19972,0.9737,-0.108,0.359,-0.751,True
HC_03,healthy,26.6,0.1172,0.17975,0.97714,-0.527,-0.513,1.939,True
HC_03,healthy,26.61,0.10756,0.1849,0.99007,-0.801,1.01,2.501,True
HC_03,healthy,26.62,0.13677,0.21038,0.95128,-0.665,-0.244,1.784,True
HC_03,healthy,26.63,0.12218,0.18849,0.96033,-0.275,-0.426,2.068,True
HC_03,healthy,26.64,0.12935,0.18195,0.95359,1.173,1.137,-0.675,True
HC_03,healthy,26.650000000000002,0.12957,0.14481,0.96858,0.411,0.838,0.261,True
HC_03,healthy,26.66,0.1044,0.20847,0.95487,1.227,-0.326,-0.434,True
HC_03,healthy,26.67,0.06735,0.16999,0.98061,-1.03,0.256,-0.404,True
HC_03,healthy,26.68,0.08141,0.17134,0.96664,-0.002,-0.359,-0.873,True
HC_03,healthy,26.69,0.0864,0.19888,0.98132,0.642,0.334,-1.254,True
HC_03,healthy,26.7,0.08949,0.18991,0.96731,-2.389,-1.342,-0.854,True
HC_03,healthy,26.71,0.09401,0.19354,0.98987,-0.731,0.507,-0.484,True
HC_03,healthy,26.72,0.1292,0.15938,0.96557,0.101,-0.609,3.699,True
HC_03,healthy,26.73,0.12356,0.19052,0.97163,-0.224,-0.85,1.887,True
HC_03,healthy,26.740000000000002,0.1303,0.16823,0.98467,1.389,0.553,0.785,True
HC_03,healthy,26.75,0.10934,0.16431,0.98241,-0.378,-0.883,1.313,True
HC_03,healthy,26.76,0.11929,0.18515,0.97314,-0.973,-0.067,0.135,True
HC_03,healthy,26.77,0.08909,0.19369,0.97377,1.184,0.8,-0.118,True
HC_03,healthy,26.78,0.11034,0.17514,0.96796,-0.375,-1.348,-1.099,True
HC_03,healthy,26.79,0.08585,0.18033,0.97314,-0.367,-0.229,-1.13,True
HC_03,healthy,26.8,0.11123,0.19661,0.97781,-1.433,-1.252,1.066,True
HC_03,healthy,26.810000000000002,0.10033,0.19761,0.97206,-0.029,-0.57,-0.754,True
HC_03,healthy,26.82,0.10502,0.18692,0.96572,0.477,-0.659,1.591,True
HC_03,healthy,26.830000000000002,0.09102,0.17391,0.96648,0.083,-0.257,1.144,True
HC_03,healthy,26.84,0.09728,0.19404,0.9766,-0.845,0.372,1.877,True
HC_03,healthy,26.85,0.12042,0.17325,1.0077,-0.678,0.436,2.088,True
HC_03,healthy,26.86,0.11905,0.18096,0.98799,0.007,0.748,-0.015,True
HC_03,healthy,26.87,0.12399,0.17143,0.97121,-0.268,-0.743,-1.544,True
HC_03,healthy,26.88,0.07807,0.16747,0.98701,1.771,-1.225,-1.464,True
HC_03,healthy,26.89,0.07598,0.15317,0.96537,0.009,-0.003,-2.009,True
HC_03,healthy,26.900000000000002,0.10034,0.19042,0.97668,0.427,0.416,-0.959,True
HC_03,healthy,26.91,0.11123,0.17812,0.98063,1.464,-0.144,-0.765,True
HC_03,healthy,26.92,0.11555,0.19625,0.98049,-0.374,0.188,-0.664,True
HC_03,healthy,26.93,0.10148,0.18289,0.95982,0.483,0.672,0.924,True
HC_03,healthy,26.94,0.1234,0.17474,0.95532,-1.009,0.74,-0.557,True
HC_03,healthy,26.95,0.10431,0.16931,0.97829,0.094,-0.182,1.323,True
HC_03,healthy,26.96,0.12079,0.16641,0.95905,0.869,0.09,1.265,True
HC_03,healthy,26.97,0.1005,0.17956,0.93362,-0.806,0.461,-0.258,True
HC_03,healthy,26.98,0.10376,0.13053,0.96454,-0.445,-0.473,0.172,True
HC_03,healthy,26.990000000000002,0.08696,0.16988,0.96611,-0.375,1.117,-0.476,True
HC_03,healthy,27.0,0.1089,0.18755,1.00215,0.804,-0.817,-2.792,True
HC_03,healthy,27.01,0.09812,0.18057,0.95813,-0.596,-0.557,-0.955,True
HC_03,healthy,27.02,0.05936,0.16677,0.97382,0.405,-0.266,-1.218,True
HC_03,healthy,27.03,0.11253,0.18428,0.98891,0.202,0.728,0.953,True
HC_03,healthy,27.04,0.09701,0.21442,0.97379,-1.081,-0.09,-0.73,True
HC_03,healthy,27.05,0.1004,0.18495,0.96333,-1.661,-0.186,2.369,True
HC_03,healthy,27.060000000000002,0.09997,0.1616,0.93102,-0.655,-0.304,1.645,True
HC_03,healthy,27.07,0.11842,0.17444,0.9635,-1.254,1.028,-0.149,True
HC_03,healthy,27.080000000000002,0.10948,0.1591,0.96117,0.773,-0.688,0.644,True
HC_03,healthy,27.09,0.13184,0.20346,0.99781,-1.031,0.904,-0.327,True
HC_03,healthy,27.1,0.09818,0.16797,0.99563,0.127,0.623,-1.995,True
HC_03,healthy,27.11,0.1124,0.18418,0.97711,-1.321,0.878,-1.796,True
HC_03,healthy,27.12,0.06901,0.19157,0.96473,-0.299,-1.546,-1.83,True
HC_03,healthy,27.13,0.12996,0.18527,1.0088,-0.353,-0.113,-1.617,True
HC_03,healthy,27.14,0.10608,0.1745,0.95569,0.144,-0.772,-0.437,True
HC_03,healthy,27.150000000000002,0.13455,0.20183,0.97644,-1.193,0.339,0.474,True
HC_03,healthy,27.16,0.09253,0.17596,0.98682,-0.161,-0.921,1.028,True
HC_03,healthy,27.17,0.11688,0.17522,0.98644,-0.257,0.503,0.486,True
HC_03,healthy,27.18,0.10354,0.15174,0.9828,-0.079,-0.823,1.772,True
HC_03,healthy,27.19,0.11264,0.18524,0.96737,-1.062,-0.302,1.238,True
HC_03,healthy,27.2,0.07995,0.18373,0.98602,-0.048,-0.198,-0.477,True
HC_03,healthy,27.21,0.06451,0.1589,0.97828,0.14,0.445,-2.197,True
HC_03,healthy,27.22,0.06615,0.14312,0.99193,0.21,0.246,-1.489,True
HC_03,healthy,27.23,0.07527,0.18346,0.94507,0.444,-0.357,-0.915,True
HC_03,healthy,27.240000000000002,0.08219,0.17527,0.9564,1.086,-0.328,0.324,True
HC_03,healthy,27.25,0.10058,0.1851,0.976,1.052,0.064,-0.095,True
HC_03,healthy,27.26,0.10342,0.19521,0.96782,-0.81,0.033,0.016,True
HC_03,healthy,27.27,0.10519,0.14134,0.98171,-0.168,0.728,1.019,True
HC_03,healthy,27.28,0.10355,0.16865,0.94916,-0.323,0.385,1.336,True
HC_03,healthy,27.29,0.12842,0.17625,1.0014,2.02,0.361,-0.513,True
HC_03,healthy,27.3,0.10842,0.14546,0.9715,-1.599,-1.016,0.127,True
HC_03,healthy,27.310000000000002,0.09985,0.16856,0.97057,-0.408,-0.005,-1.41,True
HC_03,healthy,27.32,0.1034,0.15336,0.97725,-0.339,-1.393,-0.559,True
HC_03,healthy,27.330000000000002,0.08997,0.16871,0.98852,0.664,-0.256,-1.495,True
HC_03,healthy,27.34,0.09143,0.18324,0.9827,-0.689,0.761,-1.886,True
HC_03,healthy,27.35,0.07769,0.17721,0.98383,0.391,1.484,-0.904,True
HC_03,healthy,27.36,0.11063,0.21563,0.96671,-0.81,-0.482,-0.106,True
HC_03,healthy,27.37,0.12969,0.196,0.9617,0.111,0.708,2.567,True
HC_03,healthy,27.38,0.11837,0.20512,0.98444,-0.452,-0.986,2.47,True
HC_03,healthy,27.39,0.12818,0.18619,1.00136,1.482,-0.768,1.987,True
HC_03,healthy,27.400000000000002,0.12601,0.1682,0.97824,1.0,1.712,1.072,True
HC_03,healthy,27.41,0.12288,0.17447,0.98427,1.283,0.241,-0.399,True
HC_03,healthy,27.42,0.09527,0.15535,0.96922,0.85,-0.581,0.557,True
HC_03,healthy,27.43,0.07981,0.17181,0.96484,0.562,-0.373,-2.109,True
HC_03,healthy,27.44,0.08007,0.17706,0.95884,-1.033,0.866,-1.616,True
HC_03,healthy,27.45,0.07697,0.19451,0.94554,-1.399,-0.721,-1.449,True
HC_03,healthy,27.46,0.08533,0.20102,0.95254,1.555,0.291,0.91,True
HC_03,healthy,27.47,0.10719,0.18022,0.95612,-0.105,0.475,-0.063,True
HC_03,healthy,27.48,0.1117,0.18248,0.95411,-0.842,-0.984,0.698,True
HC_03,healthy,27.490000000000002,0.11287,0.18584,0.94506,1.357,1.207,0.999,True
HC_03,healthy,27.5,0.13532,0.15149,0.96846,-0.985,-0.693,1.029,True
HC_03,healthy,27.51,0.10507,0.16727,0.95188,-0.296,-0.636,1.035,True
HC_03,healthy,27.52,0.08449,0.17837,0.9605,-0.026,-1.409,-0.624,True
HC_03,healthy,27.53,0.09387,0.16186,0.95988,-0.123,0.553,-0.661,True
HC_03,healthy,27.54,0.07576,0.19186,0.95969,0.616,1.156,-0.896,True
HC_03,healthy,27.55,0.09912,0.2043,0.98972,-0.054,-0.546,-0.634,True
HC_03,healthy,27.560000000000002,0.0893,0.19903,0.97,1.215,0.146,-0.323,True
HC_03,healthy,27.57,0.10192,0.19297,0.96861,-1.267,-1.002,0.032,True
HC_03,healthy,27.580000000000002,0.11342,0.17578,0.98212,-0.778,1.857,1.667,True
HC_03,healthy,27.59,0.11039,0.18224,0.99481,0.615,0.176,1.857,True
HC_03,healthy,27.6,0.13548,0.17743,1.00139,0.216,0.39,-0.015,True
HC_03,healthy,27.61,0.11828,0.16126,0.95599,-0.253,0.944,0.886,True
HC_03,healthy,27.62,0.10477,0.17953,0.98473,0.136,-0.4,0.448,True
HC_03,healthy,27.63,0.10619,0.1272,1.00735,0.968,0.716,0.715,True
HC_03,healthy,27.64,0.08943,0.1491,1.01981,0.57,0.9,-0.33,True
HC_03,healthy,27.650000000000002,0.07859,0.21236,0.97184,-0.946,-0.519,-2.29,True
HC_03,healthy,27.66,0.07985,0.16653,0.95093,-0.144,-0.285,-1.459,True
HC_03,healthy,27.67,0.07889,0.19939,0.98738,-0.572,-0.463,-0.469,True
HC_03,healthy,27.68,0.1007,0.1751,0.97621,0.223,0.539,-1.151,True
HC_03,healthy,27.69,0.1149,0.1789,0.9761,-0.127,-0.02,0.88,True
HC_03,healthy,27.7,0.12869,0.21126,0.98269,0.085,0.488,0.51,True
HC_03,healthy,27.71,0.10668,0.16586,0.98694,-0.625,-0.671,1.245,True
HC_03,healthy,27.72,0.12678,0.1572,0.96515,-0.867,-0.16,1.363,True
HC_03,healthy,27.73,0.08719,0.14456,0.9558,1.547,0.121,2.342,True
HC_03,healthy,27.740000000000002,0.10581,0.15575,0.97916,-1.208,-0.934,0.012,True
HC_03,healthy,27.75,0.0673,0.1744,0.95785,-1.535,-0.019,-0.209,True
HC_03,healthy,27.76,0.09271,0.16114,0.96756,-0.832,-0.936,-2.283,True
HC_03,healthy,27.77,0.08667,0.17406,0.94368,0.569,-1.215,-2.845,True
HC_03,healthy,27.78,0.10473,0.2125,0.97357,-0.648,-0.061,-0.82,True
HC_03,healthy,27.79,0.08427,0.18806,0.9761,0.098,1.205,1.212,True
HC_03,healthy,27.8,0.12544,0.16594,0.98668,0.863,1.43,-0.149,True
HC_03,healthy,27.810000000000002,0.12009,0.16402,0.99292,1.305,-0.949,0.431,True
HC_03,healthy,27.82,0.10136,0.18461,0.99731,0.745,-0.793,1.565,True
HC_03,healthy,27.830000000000002,0.10708,0.15643,0.97881,-0.251,-0.102,0.077,True
HC_03,healthy,27.84,0.06024,0.14303,0.96301,-0.678,-0.387,-0.931,True
HC_03,healthy,27.85,0.10829,0.18496,0.95654,-0.003,-1.235,-2.091,True
HC_03,healthy,27.86,0.08757,0.19078,0.97707,0.406,-1.566,-2.251,True
HC_03,healthy,27.87,0.07105,0.1858,0.98908,0.393,0.758,-0.813,True
HC_03,healthy,27.88,0.10508,0.20149,0.9752,0.804,0.271,-1.146,True
HC_03,healthy,27.89,0.11639,0.19471,0.98708,0.496,0.732,-0.814,True
HC_03,healthy,27.900000000000002,0.08748,0.17325,0.96767,1.308,-0.2,-0.029,True
HC_03,healthy,27.91,0.10036,0.19225,0.98697,-0.409,0.399,1.418,True
HC_03,healthy,27.92,0.11016,0.16232,0.97746,-2.009,0.551,0.906,True
HC_03,healthy,27.93,0.14749,0.18842,0.97327,0.173,-0.634,1.63,True
HC_03,healthy,27.94,0.12564,0.17411,0.9713,-0.99,1.458,1.031,True
HC_03,healthy,27.95,0.08512,0.15376,0.99824,-1.04,-0.351,-0.176,True
HC_03,healthy,27.96,0.11001,0.14969,0.9765,1.662,-0.092,-0.297,True
HC_03,healthy,27.97,0.10416,0.17133,0.9941,-0.624,-1.705,-1.034,True
HC_03,healthy,27.98,0.0591,0.15543,0.9638,-0.165,0.186,-1.544,True
HC_03,healthy,27.990000000000002,0.0618,0.16188,0.97163,-0.254,-0.787,-1.85,True
HC_03,healthy,28.0,0.10571,0.17452,0.94328,0.948,-1.273,-1.174,True
HC_03,healthy,28.01,0.11163,0.19759,1.00551,-0.199,-1.291,1.153,True
HC_03,healthy,28.02,0.10161,0.18683,0.98682,0.376,-0.184,1.386,True
HC_03,healthy,28.03,0.14294,0.18269,0.97594,1.048,-0.243,2.246,True
HC_03,healthy,28.04,0.08717,0.15008,0.95846,0.106,0.036,1.922,True
HC_03,healthy,28.05,0.11283,0.15161,0.97945,0.546,-0.965,2.858,True
HC_03,healthy,28.060000000000002,0.09408,0.17155,0.96736,-1.342,0.657,0.992,True
HC_03,healthy,28.07,0.1159,0.17057,0.98016,1.275,-1.433,0.187,True
HC_03,healthy,28.080000000000002,0.1004,0.16888,1.00165,-1.078,0.653,-1.845,True
HC_03,healthy,28.09,0.09373,0.16568,0.96441,-0.098,-0.104,-2.001,True
HC_03,healthy,28.1,0.11855,0.18373,0.96386,-0.32,-0.65,-0.298,True
HC_03,healthy,28.11,0.09699,0.16467,0.96952,2.273,-0.453,-1.054,True
HC_03,healthy,28.12,0.10873,0.18116,1.00954,-0.457,1.34,-0.088,True
HC_03,healthy,28.13,0.13198,0.18811,0.97089,0.367,0.606,0.864,True
HC_03,healthy,28.14,0.14113,0.18748,0.96622,-0.43,-1.589,2.118,True
HC_03,healthy,28.150000000000002,0.09985,0.15295,0.97479,0.51,-0.394,0.836,True
HC_03,healthy,28.16,0.13114,0.18813,0.97294,1.03,1.657,1.073,True
HC_03,healthy,28.17,0.11089,0.15085,0.9605,0.528,-0.142,0.586,True
HC_03,healthy,28.18,0.09615,0.18302,0.95129,-0.281,1.154,-1.225,True
HC_03,healthy,28.19,0.09688,0.17477,0.95315,-0.456,-0.195,-1.643,True
HC_03,healthy,28.2,0.07946,0.1672,0.96579,-0.272,-1.083,-1.866,True
HC_03,healthy,28.21,0.12676,0.15973,0.95389,1.078,1.749,-0.371,True
HC_03,healthy,28.22,0.09108,0.19163,1.01094,-0.022,-0.505,-0.135,True
HC_03,healthy,28.23,0.11762,0.19387,0.95429,-0.503,0.783,0.339,True
HC_03,healthy,28.240000000000002,0.10254,0.18272,0.9801,0.072,0.569,1.617,True
HC_03,healthy,28.25,0.1208,0.16954,0.98069,1.12,-0.953,-0.187,True
HC_03,healthy,28.26,0.13315,0.17632,0.98684,-0.816,-0.19,2.217,True
HC_03,healthy,28.27,0.1105,0.17149,0.96607,0.749,0.647,1.645,True
HC_03,healthy,28.28,0.10398,0.16492,0.95767,0.631,-1.109,-1.019,True
HC_03,healthy,28.29,0.10201,0.16197,0.96648,-0.433,-0.963,0.216,True
HC_03,healthy,28.3,0.11122,0.15233,0.9782,0.715,-1.701,-1.001,True
HC_03,healthy,28.310000000000002,0.07034,0.153,0.96,0.938,0.628,-1.94,True
HC_03,healthy,28.32,0.10051,0.16173,0.96618,-0.522,-1.205,-1.129,True
HC_03,healthy,28.330000000000002,0.07662,0.19393,0.96278,1.129,-1.624,-0.216,True
HC_03,healthy,28.34,0.10114,0.16923,0.97702,-0.306,-0.944,-0.047,True
HC_03,healthy,28.35,0.13388,0.19283,0.96626,-0.159,0.269,1.696,True
HC_03,healthy,28.36,0.1031,0.1733,0.98078,0.027,0.534,-0.181,True
HC_03,healthy,28.37,0.11032,0.17613,0.98176,0.804,0.157,1.817,True
HC_03,healthy,28.38,0.13219,0.15385,0.95302,0.478,-0.888,0.765,True
HC_03,healthy,28.39,0.11585,0.17212,0.95928,-1.198,-0.627,0.732,True
HC_03,healthy,28.400000000000002,0.06943,0.17321,0.96572,0.597,0.524,-0.293,True
HC_03,healthy,28.41,0.07456,0.19861,0.96235,-1.09,0.681,-1.66,True
HC_03,healthy,28.42,0.06345,0.19136,0.96357,-0.342,-0.24,-1.325,True
HC_03,healthy,28.43,0.08541,0.19439,1.00356,-1.888,0.195,-0.649,True
HC_03,healthy,28.44,0.12689,0.18246,0.98699,-0.94,-0.608,-0.58,True
HC_03,healthy,28.45,0.10842,0.17712,0.97601,-0.156,1.146,-1.297,True
HC_03,healthy,28.46,0.15408,0.17065,0.98886,-0.689,-0.174,1.083,True
HC_03,healthy,28.47,0.14518,0.16145,0.97763,0.248,-0.701,0.909,True
HC_03,healthy,28.48,0.10904,0.17009,0.95608,0.49,0.052,0.829,True
HC_03,healthy,28.490000000000002,0.12998,0.1559,0.96224,-0.353,0.159,-0.012,True
HC_03,healthy,28.5,0.11674,0.16118,0.93552,-0.345,1.312,-0.089,True
HC_03,healthy,28.51,0.09883,0.16008,0.97349,1.21,0.109,-0.932,True
HC_03,healthy,28.52,0.12437,0.17952,0.98699,-0.164,1.163,-1.82,True
HC_03,healthy,28.53,0.11312,0.20741,0.96923,0.633,0.443,-0.922,True
HC_03,healthy,28.54,0.09242,0.20036,0.97711,0.934,-0.304,-1.193,True
HC_03,healthy,28.55,0.09117,0.16444,0.93723,-0.528,-1.079,-0.427,True
HC_03,healthy,28.560000000000002,0.1247,0.20724,0.99563,1.365,1.4,1.551,True
HC_03,healthy,28.57,0.12553,0.19124,0.95065,-0.18,0.555,1.635,True
HC_03,healthy,28.580000000000002,0.11803,0.17805,0.98766,0.701,0.011,1.954,True
HC_03,healthy,28.59,0.13209,0.18099,0.99317,0.335,-0.888,0.924,True
HC_03,healthy,28.6,0.12452,0.18185,0.95117,-0.114,-1.204,0.499,True
HC_03,healthy,28.61,0.09929,0.16774,0.99371,-0.578,0.074,-0.35,True
HC_03,healthy,28.62,0.14388,0.17252,0.98488,-0.417,-0.661,-1.256,True
HC_03,healthy,28.63,0.11921,0.18276,0.94581,-0.651,-0.705,-1.124,True
HC_03,healthy,28.64,0.08241,0.19716,0.96636,-0.442,0.055,-2.664,True
HC_03,healthy,28.650000000000002,0.10517,0.21204,0.97121,-0.83,1.029,-0.906,True
HC_03,healthy,28.66,0.09396,0.19886,0.97306,0.331,-1.137,-0.934,True
HC_03,healthy,28.67,0.15184,0.21079,0.97073,-0.443,-0.106,0.587,True
HC_03,healthy,28.68,0.12712,0.20069,0.9398,0.748,0.077,1.748,True
HC_03,healthy,28.69,0.14766,0.18531,0.9782,-0.695,-0.572,1.052,True
HC_03,healthy,28.7,0.14252,0.17432,0.9649,-0.184,0.638,1.604,True
HC_03,healthy,28.71,0.10257,0.17292,0.97507,0.666,-0.968,0.617,True
HC_03,healthy,28.72,0.10094,0.18356,0.97911,0.478,0.097,-0.519,True
HC_03,healthy,28.73,0.09541,0.17248,0.97503,-0.774,-0.283,-0.986,True
HC_03,healthy,28.740000000000002,0.08725,0.16717,0.97101,1.475,1.469,-0.207,True
HC_03,healthy,28.75,0.12199,0.18126,0.95906,-0.028,-0.889,-0.077,True
HC_03,healthy,28.76,0.11667,0.18728,0.95193,-1.09,-0.301,0.025,True
HC_03,healthy,28.77,0.09335,0.19834,0.95815,0.694,-0.049,-1.368,True
HC_03,healthy,28.78,0.1419,0.20514,0.96797,0.642,-0.74,1.53,True
HC_03,healthy,28.79,0.14946,0.20133,0.93831,1.33,0.883,0.793,True
HC_03,healthy,28.8,0.12911,0.17167,0.95914,-0.014,0.261,2.416,True
HC_03,healthy,28.810000000000002,0.11601,0.18553,0.95262,0.193,0.225,1.498,True
HC_03,healthy,28.82,0.12249,0.17052,0.95508,0.826,0.776,-0.961,True
HC_03,healthy,28.830000000000002,0.10208,0.16409,0.95567,0.417,0.127,-0.292,True
HC_03,healthy,28.84,0.08716,0.17263,0.98639,-0.216,0.238,-0.666,True
HC_03,healthy,28.85,0.09965,0.1939,0.96222,-0.694,0.285,-3.332,True
HC_03,healthy,28.86,0.10308,0.20571,0.95506,-0.74,-0.826,-1.135,True
HC_03,healthy,28.87,0.10813,0.17854,0.96123,-0.258,1.085,-1.199,True
HC_03,healthy,28.88,0.09752,0.20416,0.97518,-0.595,-0.045,1.066,True
HC_03,healthy,28.89,0.13427,0.20544,0.98688,0.731,-0.099,0.673,True
HC_03,healthy,28.900000000000002,0.12553,0.19001,0.9516,0.742,0.97,1.035,True
HC_03,healthy,28.91,0.14414,0.17964,0.98283,-0.073,0.291,3.073,True
HC_03,healthy,28.92,0.10409,0.18381,0.98261,0.997,0.921,2.338,True
HC_03,healthy,28.93,0.12273,0.15115,0.96447,0.732,0.779,1.185,True
HC_03,healthy,28.94,0.10531,0.17983,0.95038,-1.756,0.703,-1.648,True
HC_03,healthy,28.95,0.0878,0.16042,0.99014,-1.188,-0.503,-2.229,True
HC_03,healthy,28.96,0.1089,0.18583,0.97307,0.953,0.228,-1.417,True
HC_03,healthy,28.97,0.11016,0.21638,0.96582,-0.902,-0.111,-0.559,True
HC_03,healthy,28.98,0.12513,0.19756,0.98246,1.177,1.686,-1.122,True
HC_03,healthy,28.990000000000002,0.1309,0.20733,0.97426,-1.242,0.1,0.203,True
HC_03,healthy,29.0,0.1292,0.21326,0.96454,-0.627,-1.156,-0.179,True
HC_03,healthy,29.01,0.12702,0.19075,0.93921,-0.253,-0.227,1.698,True
HC_03,healthy,29.02,0.13561,0.18632,0.99263,-1.233,0.886,0.201,True
HC_03,healthy,29.03,0.12515,0.19415,0.96501,0.175,-0.83,1.322,True
HC_03,healthy,29.04,0.11013,0.17111,0.97911,-1.065,-0.486,1.074,True
HC_03,healthy,29.05,0.12389,0.18233,0.96283,0.862,0.126,-1.041,True
HC_03,healthy,29.060000000000002,0.09724,0.16474,0.95453,0.628,0.694,-1.918,True
HC_03,healthy,29.07,0.12374,0.16895,0.95353,-0.305,-0.668,-2.146,True
HC_03,healthy,29.080000000000002,0.12609,0.1774,0.95626,0.91,-1.08,-0.891,True
HC_03,healthy,29.09,0.10719,0.18682,0.9801,-1.293,1.053,1.198,True
HC_03,healthy,29.1,0.12401,0.19246,0.94706,0.594,0.021,2.178,True
HC_03,healthy,29.11,0.14996,0.19785,0.96203,-0.089,0.665,0.915,True
HC_03,healthy,29.12,0.16139,0.16597,0.9564,0.708,-1.66,1.66,True
HC_03,healthy,29.13,0.14234,0.19911,0.951,-0.475,0.026,2.824,True
HC_03,healthy,29.14,0.13113,0.17052,0.93285,-0.745,1.352,2.329,True
HC_03,healthy,29.150000000000002,0.13156,0.19641,0.97614,-0.417,0.282,1.483,True
HC_03,healthy,29.16,0.14567,0.18702,0.95895,-0.406,-0.908,0.012,True
HC_03,healthy,29.17,0.11952,0.21245,0.93882,-0.424,-0.317,-0.586,True
HC_03,healthy,29.18,0.1212,0.18301,0.99926,-0.952,0.993,-1.676,True
HC_03,healthy,29.19,0.12354,0.17219,0.98602,-0.872,1.358,-2.152,True
HC_03,healthy,29.2,0.12761,0.22977,0.97444,-0.818,-0.622,-1.868,True
HC_03,healthy,29.21,0.11848,0.1961,0.94942,-0.118,-0.924,0.452,True
HC_03,healthy,29.22,0.12755,0.2017,0.96886,-0.316,-0.565,1.288,True
HC_03,healthy,29.23,0.15954,0.18866,0.97358,0.192,0.445,1.665,True
HC_03,healthy,29.240000000000002,0.14634,0.19228,0.9573,0.591,0.405,2.613,True
HC_03,healthy,29.25,0.13341,0.16592,0.9727,0.026,0.434,1.124,True
HC_03,healthy,29.26,0.12765,0.17709,0.9547,0.314,0.338,0.728,True
HC_03,healthy,29.27,0.13616,0.14248,0.96866,1.607,0.63,-0.761,True
HC_03,healthy,29.28,0.12362,0.17183,0.95407,-0.219,-0.099,-1.558,True
HC_03,healthy,29.29,0.11672,0.20335,0.95248,-1.242,0.185,-2.05,True
HC_03,healthy,29.3,0.11828,0.22238,0.95596,0.774,-0.191,-0.549,True
HC_03,healthy,29.310000000000002,0.10236,0.17808,0.9589,0.449,-0.9,-1.118,True
HC_03,healthy,29.32,0.14247,0.20677,0.96338,-0.752,0.283,-0.637,True
HC_03,healthy,29.330000000000002,0.12759,0.20972,0.96758,-0.372,-0.722,1.117,True
HC_03,healthy,29.34,0.16403,0.17784,0.98313,-1.099,-0.755,1.291,True
HC_03,healthy,29.35,0.11683,0.20368,0.98652,-0.32,-0.307,0.333,True
HC_03,healthy,29.36,0.13142,0.17405,0.9445,1.573,0.726,1.804,True
HC_03,healthy,29.37,0.12119,0.18305,0.9368,-1.075,-1.181,-0.23,True
HC_03,healthy,29.38,0.12553,0.16278,0.94533,-0.291,-1.134,-0.912,True
HC_03,healthy,29.39,0.13824,0.19357,0.94918,-1.331,1.265,-1.05,True
HC_03,healthy,29.400000000000002,0.12975,0.20347,0.9559,0.186,0.05,-1.871,True
HC_03,healthy,29.41,0.11769,0.21952,0.9653,-0.858,0.554,-0.492,True
HC_03,healthy,29.42,0.11452,0.19799,0.94073,-0.81,0.154,0.234,True
HC_03,healthy,29.43,0.12289,0.2088,0.9393,-0.844,0.803,0.969,True
HC_03,healthy,29.44,0.158,0.19966,0.95495,-0.432,-0.144,1.023,True
HC_03,healthy,29.45,0.14934,0.20383,0.9864,0.313,0.221,0.719,True
HC_03,healthy,29.46,0.14775,0.14768,0.9736,0.384,0.188,3.353,True
HC_03,healthy,29.47,0.14049,0.19661,0.93797,0.927,1.321,2.72,True
HC_03,healthy,29.48,0.1296,0.17955,0.97506,-0.159,0.769,0.468,True
HC_03,healthy,29.490000000000002,0.12802,0.17438,0.94959,-0.107,0.943,-0.039,True
HC_03,healthy,29.5,0.12688,0.19711,0.95561,0.23,-0.315,0.085,True
HC_03,healthy,29.51,0.13534,0.18174,0.9687,-0.022,0.043,-0.2,True
HC_03,healthy,29.52,0.12716,0.21307,0.96526,-0.439,1.038,-0.972,True
HC_03,healthy,29.53,0.1483,0.19852,0.92832,-0.441,1.506,-1.578,True
HC_03,healthy,29.54,0.13166,0.19492,0.97032,-0.708,-0.387,-0.162,True
HC_03,healthy,29.55,0.13762,0.20558,0.93672,0.178,-0.804,0.454,True
HC_03,healthy,29.560000000000002,0.15299,0.20387,0.95824,-0.918,0.218,1.071,True
HC_03,healthy,29.57,0.1508,0.18402,0.95517,-0.771,-0.605,0.947,True
HC_03,healthy,29.580000000000002,0.14524,0.17549,0.95626,-0.058,-0.407,0.481,True
HC_03,healthy,29.59,0.13616,0.19279,0.96173,-1.267,-0.697,-0.145,True
HC_03,healthy,29.6,0.12542,0.15965,0.94543,1.808,0.251,-1.539,True
HC_03,healthy,29.61,0.13275,0.19863,0.96165,0.032,0.953,-2.113,True
HC_03,healthy,29.62,0.13011,0.18357,0.96405,1.915,0.091,-2.534,True
HC_03,healthy,29.63,0.16013,0.20919,0.96699,0.05,-0.918,-2.719,True
HC_03,healthy,29.64,0.13916,0.21475,0.9526,0.129,-0.201,1.048,True
HC_03,healthy,29.650000000000002,0.14379,0.21965,0.93387,-0.743,-0.683,0.307,True
HC_03,healthy,29.66,0.11572,0.18828,0.98687,-0.956,-0.907,1.48,True
HC_03,healthy,29.67,0.15804,0.21509,0.93764,1.653,-0.852,2.302,True
HC_03,healthy,29.68,0.12517,0.20953,0.94913,0.109,-0.819,0.407,True
HC_03,healthy,29.69,0.13867,0.18484,0.95176,1.934,0.073,2.374,True
HC_03,healthy,29.7,0.15879,0.19774,0.9775,0.358,-0.454,0.16,True
HC_03,healthy,29.71,0.13146,0.20584,0.94969,0.019,0.364,-1.328,True
HC_03,healthy,29.72,0.12484,0.20182,0.99279,-0.455,0.168,-0.656,True
HC_03,healthy,29.73,0.14041,0.22565,0.96999,-0.262,0.69,-0.622,True
HC_03,healthy,29.740000000000002,0.15062,0.22065,0.96447,0.761,1.975,-0.833,True
HC_03,healthy,29.75,0.13676,0.2379,0.94443,0.843,-1.517,-0.87,True
HC_03,healthy,29.76,0.13185,0.21468,0.96358,0.65,-0.181,0.953,True
HC_03,healthy,29.77,0.14232,0.2026,0.93687,-0.254,0.339,0.99,True
HC_03,healthy,29.78,0.15696,0.21322,0.9434,0.128,0.215,0.044,True
HC_03,healthy,29.79,0.15873,0.18258,0.96881,-0.271,-1.391,1.721,True
HC_03,healthy,29.8,0.1342,0.19459,0.95252,0.453,0.56,0.729,True
HC_03,healthy,29.810000000000002,0.15966,0.17854,0.95012,-0.471,0.277,-0.018,True
HC_03,healthy,29.82,0.12807,0.17678,0.97825,1.034,0.688,-1.004,True
HC_03,healthy,29.830000000000002,0.14288,0.21215,0.95397,0.953,-0.349,-0.641,True
HC_03,healthy,29.84,0.13893,0.21951,0.95729,0.316,-0.394,-2.341,True
HC_03,healthy,29.85,0.14239,0.21088,0.95574,1.079,0.602,-1.294,True
HC_03,healthy,29.86,0.14063,0.22084,0.95267,-0.46,0.267,-1.853,True
HC_03,healthy,29.87,0.13522,0.22099,0.95547,0.783,-0.334,-0.567,True
HC_03,healthy,29.88,0.1305,0.21601,0.93708,0.011,0.644,0.911,True
HC_03,healthy,29.89,0.15466,0.18094,0.93931,-1.3,-0.071,2.605,True
HC_03,healthy,29.900000000000002,0.17719,0.20989,0.94485,0.98,-0.443,1.992,True
HC_03,healthy,29.91,0.1439,0.21003,0.91901,-0.594,-0.478,-0.013,True
HC_03,healthy,29.92,0.16762,0.17354,0.95216,-1.787,-0.436,-0.454,True
HC_03,healthy,29.93,0.14124,0.19197,0.93359,1.256,-0.912,-3.525,True
HC_03,healthy,29.94,0.15154,0.20464,0.93671,-0.038,0.84,0.233,True
HC_03,healthy,29.95,0.16009,0.19653,0.9726,1.089,-0.045,-1.337,True
HC_03,healthy,29.96,0.11965,0.19312,0.94963,-0.572,0.631,-0.298,True
HC_03,healthy,29.97,0.1213,0.20757,0.98901,2.099,0.803,-0.513,True
HC_03,healthy,29.98,0.1862,0.21659,0.96383,0.101,0.686,-0.867,True
HC_03,healthy,29.990000000000002,0.16505,0.22197,0.9636,1.443,0.042,0.778,True
HC_03,healthy,30.0,0.1725,0.21925,0.96495,0.899,1.714,1.683,True
HC_03,healthy,30.01,0.14862,0.23399,0.95484,-0.475,0.989,1.453,True
HC_03,healthy,30.02,0.16553,0.21443,0.95384,-0.007,1.539,-1.466,True
HC_03,healthy,30.03,0.14108,0.16871,0.95542,0.993,-0.709,-0.107,True
HC_03,healthy,30.04,0.13658,0.19837,0.94462,-1.142,-1.072,-1.384,True
HC_03,healthy,30.05,0.1293,0.18977,0.95784,-1.049,1.74,-1.482,True
HC_03,healthy,30.060000000000002,0.12004,0.19915,0.93404,0.256,0.839,-0.15,True
HC_03,healthy,30.07,0.1316,0.21538,0.94903,-0.169,-0.067,-1.152,True
HC_03,healthy,30.080000000000002,0.13526,0.19192,0.9384,0.157,-0.015,0.317,True
HC_03,healthy,30.09,0.16265,0.19922,0.95622,1.214,-0.412,1.045,True
HC_03,healthy,30.1,0.15294,0.22659,0.93479,-0.293,0.708,1.044,True
HC_03,healthy,30.11,0.15704,0.20309,0.93867,-1.388,-1.021,2.727,True
HC_03,healthy,30.12,0.17746,0.18812,0.91776,-1.032,0.273,1.669,True
HC_03,healthy,30.13,0.15694,0.19221,0.92877,-1.291,1.246,-0.56,True
HC_03,healthy,30.14,0.15737,0.15974,0.94137,1.066,-0.278,-0.087,True
HC_03,healthy,30.150000000000002,0.14716,0.20734,0.94073,-0.634,-0.507,-0.497,True
HC_03,healthy,30.16,0.14154,0.19708,0.96337,-0.517,0.234,-0.625,True
HC_03,healthy,30.17,0.15553,0.20453,0.93452,0.103,-0.767,-2.124,True
HC_03,healthy,30.18,0.14424,0.1996,0.94376,-0.252,-1.141,-1.421,True
HC_03,healthy,30.19,0.1378,0.21238,0.95504,0.054,-0.306,0.32,True
HC_03,healthy,30.2,0.18112,0.23056,0.92764,0.869,-1.169,1.17,True
HC_03,healthy,30.21,0.17951,0.19796,0.93474,0.937,1.224,0.817,True
HC_03,healthy,30.22,0.15248,0.18975,0.93091,-0.884,0.057,0.609,True
HC_03,healthy,30.23,0.18339,0.19587,0.97563,-0.02,-0.368,1.245,True
HC_03,healthy,30.240000000000002,0.18463,0.19258,0.93255,1.646,-0.159,0.721,True
HC_03,healthy,30.25,0.13063,0.20305,0.96374,1.022,0.976,-0.3,True
HC_03,healthy,30.26,0.13228,0.2033,0.93952,-0.118,1.054,0.152,True
HC_03,healthy,30.27,0.14497,0.20321,0.94024,-0.109,-0.674,-0.154,True
HC_03,healthy,30.28,0.15798,0.22242,0.94175,0.3,0.494,-1.505,True
HC_03,healthy,30.29,0.14521,0.20747,0.93883,0.328,-0.462,-0.567,True
HC_03,healthy,30.3,0.18004,0.20541,0.92839,0.436,-0.915,0.168,True
HC_03,healthy,30.310000000000002,0.16582,0.20617,0.93203,0.923,1.182,0.715,True
HC_03,healthy,30.32,0.16865,0.23398,0.94611,0.592,-0.447,1.159,True
HC_03,healthy,30.330000000000002,0.17997,0.19954,0.91359,1.47,0.048,1.739,True
HC_03,healthy,30.34,0.15975,0.16895,0.93149,-1.011,0.248,1.564,True
HC_03,healthy,30.35,0.18077,0.18654,0.96261,0.22,-0.244,-0.254,True
HC_03,healthy,30.36,0.16056,0.16697,0.94759,-0.252,1.018,-0.91,True
HC_03,healthy,30.37,0.1711,0.20878,0.96483,1.044,-0.369,-2.058,True
HC_03,healthy,30.38,0.15397,0.17883,0.94886,0.123,-0.162,-0.394,True
HC_03,healthy,30.39,0.12206,0.21238,0.95898,0.43,-0.15,-1.402,True
HC_03,healthy,30.400000000000002,0.15005,0.20657,0.97245,0.525,-0.658,-0.855,True
HC_03,healthy,30.41,0.16723,0.21807,0.92907,-0.643,-0.366,-1.007,True
HC_03,healthy,30.42,0.16503,0.19169,0.95103,0.218,-0.077,2.117,True
HC_03,healthy,30.43,0.17609,0.23089,0.92289,-0.047,0.711,-0.321,True
HC_03,healthy,30.44,0.18426,0.19586,0.95476,1.337,0.765,1.969,True
HC_03,healthy,30.45,0.19363,0.20942,0.94394,-0.505,0.746,0.654,True
HC_03,healthy,30.46,0.16104,0.19273,0.94976,-0.871,1.581,-0.238,True
HC_03,healthy,30.47,0.1564,0.23503,0.92283,0.367,-0.101,-0.628,True
HC_03,healthy,30.48,0.15115,0.17366,0.94093,0.85,-0.093,-1.173,True
HC_03,healthy,30.490000000000002,0.14427,0.22219,0.95003,-0.67,-1.877,-1.89,True
HC_03,healthy,30.5,0.15144,0.22529,0.93007,0.424,0.979,-1.229,True
HC_03,healthy,30.51,0.15935,0.2266,0.93301,-1.138,1.206,-0.557,True
HC_03,healthy,30.52,0.17337,0.21708,0.97501,-0.564,0.571,0.222,True
HC_03,healthy,30.53,0.1707,0.2231,0.93181,0.199,-0.095,1.548,True
HC_03,healthy,30.54,0.18688,0.2108,0.94443,2.57,0.576,2.522,True
HC_03,healthy,30.55,0.18648,0.19064,0.95385,-0.492,-0.639,0.746,True
HC_03,healthy,30.560000000000002,0.16551,0.21277,0.90791,0.081,-0.273,0.943,True
HC_03,healthy,30.57,0.15417,0.18544,0.92957,-0.711,0.859,0.919,True
HC_03,healthy,30.580000000000002,0.1575,0.19514,0.94396,0.813,-1.588,-0.006,True
HC_03,healthy,30.59,0.17934,0.20011,0.94094,-0.595,-0.831,-1.525,True
HC_03,healthy,30.6,0.17023,0.20775,0.92573,0.029,0.628,-0.565,True
HC_03,healthy,30.61,0.16409,0.2407,0.93396,1.561,0.579,-2.753,True
HC_03,healthy,30.62,0.16061,0.2041,0.93237,0.191,1.136,-0.802,True
HC_03,healthy,30.63,0.15106,0.22134,0.96146,0.78,-0.096,-0.957,True
HC_03,healthy,30.64,0.19828,0.20779,0.9522,1.08,0.055,0.799,True
HC_03,healthy,30.650000000000002,0.16954,0.21673,0.93789,2.021,-0.384,0.374,True
HC_03,healthy,30.66,0.17373,0.18918,0.95979,1.548,0.908,1.37,True
HC_03,healthy,30.67,0.17483,0.18777,0.93875,-0.601,-1.25,0.497,True
HC_03,healthy,30.68,0.17578,0.21569,0.91615,-0.036,-0.488,-0.404,True
HC_03,healthy,30.69,0.17127,0.19539,0.93821,0.921,2.002,0.637,True
HC_03,healthy,30.7,0.13859,0.22243,0.92434,-0.295,-1.202,-1.901,True
HC_03,healthy,30.71,0.1421,0.2183,0.9503,0.768,0.079,-1.485,True
HC_03,healthy,30.72,0.17022,0.24345,0.945,0.411,-0.256,-1.164,True
HC_03,healthy,30.73,0.14668,0.21707,0.9372,0.167,0.364,-0.51,True
HC_03,healthy,30.740000000000002,0.17707,0.21156,0.92177,1.513,1.044,0.577,True
HC_03,healthy,30.75,0.15008,0.21914,0.94465,1.437,-1.617,0.635,True
HC_03,healthy,30.76,0.18548,0.20534,0.90815,0.438,-1.101,1.006,True
HC_03,healthy,30.77,0.17744,0.20572,0.9345,-0.549,0.378,1.291,True
HC_03,healthy,30.78,0.13869,0.20848,0.94066,-1.04,0.49,0.737,True
HC_03,healthy,30.79,0.16032,0.20307,0.94473,-0.156,-0.323,0.279,True
HC_03,healthy,30.8,0.1308,0.19693,0.93605,-0.619,-0.296,-0.577,True
HC_03,healthy,30.810000000000002,0.15323,0.20806,0.94335,0.397,-0.063,-0.43,True
HC_03,healthy,30.82,0.15805,0.2097,0.94603,0.339,-0.252,-2.094,True
HC_03,healthy,30.830000000000002,0.1662,0.23469,0.97135,0.287,-0.069,-1.363,True
HC_03,healthy,30.84,0.16666,0.19953,0.94114,-0.909,0.292,0.537,True
HC_03,healthy,30.85,0.1784,0.21827,0.9174,-0.161,-0.537,-0.183,True
HC_03,healthy,30.86,0.19119,0.21701,0.9435,0.866,-0.194,1.104,True
HC_03,healthy,30.87,0.17377,0.20781,0.94612,-0.637,-0.56,2.422,True
HC_03,healthy,30.88,0.16485,0.21393,0.92512,-0.288,1.082,0.815,True
HC_03,healthy,30.89,0.16788,0.1965,0.93942,0.208,-0.139,-0.441,True
HC_03,healthy,30.900000000000002,0.13874,0.2172,0.93569,-0.657,0.331,-0.63,True
HC_03,healthy,30.91,0.17569,0.1909,0.93352,-0.044,0.884,-1.648,True
HC_03,healthy,30.92,0.16842,0.21441,0.96766,-0.922,-0.025,-2.326,True
HC_03,healthy,30.93,0.15668,0.23379,0.94767,0.657,-0.653,-1.44,True
HC_03,healthy,30.94,0.17273,0.2568,0.94498,-0.636,0.039,-1.976,True
HC_03,healthy,30.95,0.18754,0.22363,0.9239,-0.182,0.917,-0.079,True
HC_03,healthy,30.96,0.17841,0.23653,0.95383,-0.388,0.943,0.646,True
HC_03,healthy,30.970000000000002,0.18865,0.24198,0.92622,0.578,0.055,1.239,True
HC_03,healthy,30.98,0.17673,0.20086,0.92469,-0.952,-1.104,1.081,True
HC_03,healthy,30.990000000000002,0.20038,0.20453,0.9559,0.025,-0.137,1.001,True
HC_03,healthy,31.0,0.17885,0.20523,0.95683,-0.434,0.208,0.199,True
HC_03,healthy,31.01,0.20805,0.22554,0.95882,-0.122,0.189,-0.301,True
HC_03,healthy,31.02,0.16541,0.21389,0.92245,-0.077,0.417,-0.464,True
HC_03,healthy,31.03,0.18772,0.19839,0.91554,-2.184,-0.125,-1.345,True
HC_03,healthy,31.04,0.16685,0.21571,0.9327,0.308,0.386,-0.32,True
HC_03,healthy,31.05,0.15473,0.22811,0.95025,0.514,-0.681,0.108,True
HC_03,healthy,31.060000000000002,0.18793,0.20049,0.92965,-0.496,0.412,1.727,True
HC_03,healthy,31.07,0.21915,0.22806,0.94051,-0.733,-0.699,0.7,True
HC_03,healthy,31.080000000000002,0.16244,0.20676,0.94752,0.659,0.161,2.071,True
HC_03,healthy,31.09,0.17123,0.21463,0.92422,0.923,-0.543,2.17,True
HC_03,healthy,31.1,0.17485,0.20626,0.90695,0.134,0.916,1.182,True
HC_03,healthy,31.11,0.17706,0.21073,0.92543,0.407,1.018,0.719,True
HC_03,healthy,31.12,0.19221,0.20738,0.96168,0.688,0.795,0.256,True
HC_03,healthy,31.13,0.1557,0.23978,0.94034,-0.239,-0.939,-0.605,True
HC_03,healthy,31.14,0.15779,0.2265,0.967,0.246,0.835,-0.327,True
HC_03,healthy,31.150000000000002,0.18426,0.23659,0.93317,-0.03,0.02,-1.659,True
HC_03,healthy,31.16,0.19096,0.22174,0.93192,0.498,-0.1,-1.287,True
HC_03,healthy,31.17,0.18695,0.23491,0.93816,1.31,-0.021,-0.535,True
HC_03,healthy,31.18,0.1759,0.22695,0.92274,-0.135,0.324,1.448,True
HC_03,healthy,31.19,0.20284,0.22989,0.94892,-0.738,0.133,1.292,True
HC_03,healthy,31.2,0.22316,0.21841,0.95286,0.339,0.349,1.953,True
HC_03,healthy,31.21,0.21811,0.23678,0.92563,-0.188,0.038,0.946,True
HC_03,healthy,31.220000000000002,0.19021,0.19055,0.96148,0.067,-0.321,1.675,True
HC_03,healthy,31.23,0.17855,0.22953,0.9421,-0.628,-1.7,-1.786,True
HC_03,healthy,31.240000000000002,0.18438,0.19695,0.9392,0.36,0.515,-2.018,True
HC_03,healthy,31.25,0.15156,0.20455,0.93726,0.501,-0.814,-3.323,True
HC_03,healthy,31.26,0.18466,0.21131,0.95762,-0.253,-0.531,-1.184,True
HC_03,healthy,31.27,0.17852,0.19634,0.94204,0.674,-0.631,-1.42,True
HC_03,healthy,31.28,0.18569,0.24652,0.9041,0.256,-0.467,-1.291,True
HC_03,healthy,31.29,0.17215,0.24715,0.92555,-0.636,1.37,0.585,True
HC_03,healthy,31.3,0.18141,0.22616,0.93335,-0.196,0.209,1.563,True
HC_03,healthy,31.310000000000002,0.19513,0.20415,0.91033,1.463,0.266,1.648,True
HC_03,healthy,31.32,0.20688,0.22572,0.92998,0.915,-0.198,0.647,True
HC_03,healthy,31.330000000000002,0.18329,0.20909,0.93859,-0.935,-0.635,-0.011,True
HC_03,healthy,31.34,0.15812,0.20896,0.9366,0.049,0.675,-0.045,True
HC_03,healthy,31.35,0.18421,0.22617,0.93027,-0.324,0.497,-1.258,True
HC_03,healthy,31.36,0.17614,0.20211,0.94349,-0.371,0.343,-1.669,True
HC_03,healthy,31.37,0.20195,0.20665,0.93646,0.755,0.085,-1.588,True
HC_03,healthy,31.38,0.20172,0.2598,0.92617,-0.652,0.104,-0.693,True
HC_03,healthy,31.39,0.20255,0.25197,0.93779,0.463,0.979,1.76,True
HC_03,healthy,31.400000000000002,0.19067,0.22583,0.92065,1.093,1.37,1.321,True
HC_03,healthy,31.41,0.24378,0.22145,0.90777,-1.467,-0.198,0.257,True
HC_03,healthy,31.42,0.209,0.2173,0.91346,0.561,-0.919,1.195,True
HC_03,healthy,31.43,0.19223,0.22293,0.9435,0.605,0.537,-0.12,True
HC_03,healthy,31.44,0.21051,0.22727,0.94452,-0.454,-0.247,-0.114,True
HC_03,healthy,31.45,0.19402,0.20488,0.94642,0.273,-0.689,-0.989,True
HC_03,healthy,31.46,0.19666,0.19178,0.90752,0.019,1.797,-2.047,True
HC_03,healthy,31.470000000000002,0.15042,0.20271,0.94595,-2.101,-0.816,-1.172,True
HC_03,healthy,31.48,0.17129,0.24218,0.92676,-0.165,-0.839,-1.03,True
HC_03,healthy,31.490000000000002,0.18893,0.23442,0.92645,0.209,1.845,-0.626,True
HC_03,healthy,31.5,0.21452,0.24249,0.93677,0.077,-0.298,-0.76,True
HC_03,healthy,31.51,0.21298,0.23398,0.93199,2.063,0.925,0.829,True
HC_03,healthy,31.52,0.21194,0.24374,0.92156,-0.37,-1.308,-0.318,True
HC_03,healthy,31.53,0.19114,0.23637,0.93877,-0.896,-0.924,0.602,True
HC_03,healthy,31.54,0.20043,0.19039,0.91552,-0.682,-0.534,1.419,True
HC_03,healthy,31.55,0.20043,0.22189,0.94916,-1.091,0.766,1.233,True
HC_03,healthy,31.560000000000002,0.18892,0.20386,0.91321,0.704,-1.919,-1.749,True
HC_03,healthy,31.57,0.17194,0.21088,0.92558,-0.474,-0.52,-1.128,True
HC_03,healthy,31.580000000000002,0.17985,0.2151,0.93897,1.33,0.276,0.182,True
HC_03,healthy,31.59,0.19101,0.24122,0.93688,1.423,0.866,-1.538,True
HC_03,healthy,31.6,0.20415,0.23864,0.92578,1.243,0.375,1.473,True
HC_03,healthy,31.61,0.20128,0.21748,0.91823,0.561,0.079,0.084,True
HC_03,healthy,31.62,0.20485,0.2056,0.90841,0.089,-0.014,1.201,True
HC_03,healthy,31.63,0.19541,0.21836,0.92213,-0.188,-0.191,0.671,True
HC_03,healthy,31.64,0.2275,0.20785,0.902,-0.293,-0.429,3.132,True
HC_03,healthy,31.650000000000002,0.2009,0.20398,0.92496,-0.383,-0.973,0.319,True
HC_03,healthy,31.66,0.19352,0.19942,0.91097,-0.826,-0.422,-0.271,True
HC_03,healthy,31.67,0.18337,0.20786,0.93624,0.194,0.455,-0.374,True
HC_03,healthy,31.68,0.17579,0.24383,0.91686,-0.062,-0.85,-1.807,True
HC_03,healthy,31.69,0.17697,0.20756,0.91447,1.124,-0.439,-1.176,True
HC_03,healthy,31.7,0.15426,0.22401,0.8802,0.139,0.02,-0.182,True
HC_03,healthy,31.71,0.20138,0.23467,0.92904,0.139,-0.374,-1.376,True
HC_03,healthy,31.720000000000002,0.21071,0.2489,0.95254,0.906,-0.158,0.31,True
HC_03,healthy,31.73,0.21924,0.21322,0.91626,-0.761,-1.836,0.867,True
HC_03,healthy,31.740000000000002,0.25075,0.20532,0.9298,0.244,1.757,0.658,True
HC_03,healthy,31.75,0.227,0.23144,0.9361,-0.211,0.21,1.364,True
HC_03,healthy,31.76,0.20565,0.22032,0.92021,0.537,0.98,0.33,True
HC_03,healthy,31.77,0.1953,0.20712,0.92823,0.794,-0.314,-0.242,True
HC_03,healthy,31.78,0.18905,0.20685,0.94011,-0.029,-1.625,-0.781,True
HC_03,healthy,31.79,0.17154,0.21913,0.93498,-0.953,-0.329,-1.048,True
HC_03,healthy,31.8,0.17521,0.24262,0.93986,0.242,-0.667,-1.802,True
HC_03,healthy,31.810000000000002,0.16553,0.23054,0.93206,0.035,-0.786,-0.175,True
HC_03,healthy,31.82,0.17805,0.2376,0.93738,-0.084,-0.823,0.18,True
HC_03,healthy,31.830000000000002,0.1916,0.2282,0.91871,0.841,-0.859,1.432,True
HC_03,healthy,31.84,0.22589,0.20302,0.93258,0.014,-0.267,2.777,True
HC_03,healthy,31.85,0.23964,0.23459,0.92306,1.807,0.73,1.687,True
HC_03,healthy,31.86,0.19567,0.20448,0.91306,0.559,-0.211,1.138,True
HC_03,healthy,31.87,0.20738,0.22639,0.93609,0.035,-0.254,0.726,True
HC_03,healthy,31.88,0.19921,0.18964,0.92505,0.049,0.242,0.539,True
HC_03,healthy,31.89,0.18678,0.22309,0.91907,-0.096,0.342,-1.519,True
HC_03,healthy,31.900000000000002,0.18937,0.2292,0.91366,0.226,-0.438,-1.872,True
HC_03,healthy,31.91,0.18768,0.22551,0.92456,0.622,-0.443,-2.319,True
HC_03,healthy,31.92,0.17911,0.18931,0.92076,-0.141,0.08,-0.564,True
HC_03,healthy,31.93,0.19351,0.25368,0.93146,-0.286,0.068,-1.486,True
HC_03,healthy,31.94,0.19874,0.21839,0.91681,0.557,-0.139,0.544,True
HC_03,healthy,31.95,0.2141,0.23583,0.93908,0.647,1.451,1.243,True
HC_03,healthy,31.96,0.2302,0.21903,0.91881,-1.176,-0.602,0.887,True
HC_03,healthy,31.970000000000002,0.21286,0.20782,0.9251,-0.083,-0.074,0.762,True
HC_03,healthy,31.98,0.19424,0.22081,0.94179,0.537,0.841,-0.498,True
HC_03,healthy,31.990000000000002,0.20281,0.20818,0.92794,-1.545,2.135,-0.734,True
HC_03,healthy,32.0,0.18985,0.23524,0.95953,-0.485,0.428,-0.563,True
HC_03,healthy,32.01,0.18444,0.19467,0.93232,-0.024,-0.383,-1.085,True
HC_03,healthy,32.02,0.19379,0.20963,0.9221,-0.014,1.08,-1.077,True
HC_03,healthy,32.03,0.17016,0.23963,0.96058,0.661,0.359,-1.289,True
HC_03,healthy,32.04,0.18158,0.2487,0.91047,-1.309,-0.816,0.129,True
HC_03,healthy,32.05,0.20468,0.22973,0.92663,-0.052,-1.942,1.133,True
HC_03,healthy,32.06,0.20884,0.23643,0.93707,0.329,0.042,1.374,True
HC_03,healthy,32.07,0.20117,0.22116,0.95062,-1.446,1.343,2.265,True
HC_03,healthy,32.08,0.21573,0.20594,0.93877,0.102,1.011,1.094,True
HC_03,healthy,32.09,0.2031,0.22809,0.88241,-0.365,-0.263,-0.729,True
HC_03,healthy,32.1,0.18635,0.21788,0.93522,-0.079,-0.218,1.293,True
HC_03,healthy,32.11,0.18521,0.2163,0.93347,0.733,0.812,0.197,True
HC_03,healthy,32.12,0.182,0.22352,0.91175,-0.653,-0.145,0.068,True
HC_03,healthy,32.13,0.18766,0.20268,0.9453,-0.533,0.788,-0.29,True
HC_03,healthy,32.14,0.19998,0.23495,0.92836,0.074,-0.195,-0.3,True
HC_03,healthy,32.15,0.18915,0.24414,0.91832,-0.928,0.874,-0.953,True
HC_03,healthy,32.160000000000004,0.18762,0.21543,0.91768,-0.586,0.063,1.14,True
HC_03,healthy,32.17,0.23195,0.20676,0.91987,1.04,0.406,2.531,True
HC_03,healthy,32.18,0.21144,0.21667,0.91687,1.656,-0.746,1.559,True
HC_03,healthy,32.19,0.23102,0.1993,0.91689,0.005,-0.251,1.457,True
HC_03,healthy,32.2,0.22538,0.1928,0.90882,-0.657,-0.094,-0.539,True
HC_03,healthy,32.21,0.16792,0.20725,0.92261,-0.834,0.388,-2.12,True
HC_03,healthy,32.22,0.1926,0.23344,0.92225,0.805,0.423,-1.114,True
HC_03,healthy,32.230000000000004,0.21039,0.22405,0.89916,0.942,-0.666,-1.369,True
HC_03,healthy,32.24,0.18946,0.24469,0.91414,0.073,0.736,-3.176,True
HC_03,healthy,32.25,0.1866,0.25863,0.93136,-0.437,0.839,-2.012,True
HC_03,healthy,32.26,0.20553,0.2225,0.92469,-0.845,0.351,-0.176,True
HC_03,healthy,32.27,0.2215,0.2396,0.93567,-0.578,-0.04,0.492,True
HC_03,healthy,32.28,0.20957,0.21754,0.93064,0.493,0.38,0.567,True
HC_03,healthy,32.29,0.22052,0.21739,0.93199,0.101,0.855,2.263,True
HC_03,healthy,32.3,0.20893,0.21751,0.92764,0.868,0.066,0.328,True
HC_03,healthy,32.31,0.22099,0.24355,0.93537,0.219,-1.431,0.181,True
HC_03,healthy,32.32,0.19266,0.20467,0.93789,-0.646,1.501,-0.704,True
HC_03,healthy,32.33,0.18586,0.2216,0.90395,-0.971,-0.583,-2.043,True
HC_03,healthy,32.34,0.1926,0.21386,0.93478,-0.917,-0.622,-2.994,True
HC_03,healthy,32.35,0.19976,0.23239,0.92801,-0.828,-0.2,-2.936,True
HC_03,healthy,32.36,0.1936,0.20825,0.90292,-0.744,0.716,-2.037,True
HC_03,healthy,32.37,0.21197,0.2284,0.93366,0.994,0.422,-0.369,True
HC_03,healthy,32.38,0.20173,0.20164,0.93665,-0.773,-1.317,0.231,True
HC_03,healthy,32.39,0.20074,0.23424,0.95739,-0.512,0.146,1.243,True
HC_03,healthy,32.4,0.20996,0.22447,0.92138,0.976,1.412,0.027,True
HC_03,healthy,32.410000000000004,0.22922,0.22132,0.91502,-0.388,-0.81,1.934,True
HC_03,healthy,32.42,0.18371,0.20519,0.91309,0.459,1.286,-1.035,True
HC_03,healthy,32.43,0.18328,0.18941,0.94163,0.746,0.43,-0.45,True
HC_03,healthy,32.44,0.19759,0.18839,0.88081,0.068,0.311,-0.517,True
HC_03,healthy,32.45,0.17192,0.2153,0.9294,0.554,0.5,-0.993,True
HC_03,healthy,32.46,0.18216,0.23671,0.91728,0.374,0.275,-0.48,True
HC_03,healthy,32.47,0.20451,0.22783,0.92428,-0.063,-1.604,-1.318,True
HC_03,healthy,32.480000000000004,0.21295,0.22554,0.90886,-0.009,0.768,-0.283,True
HC_03,healthy,32.49,0.22153,0.22237,0.94555,-0.02,-0.177,0.13,True
HC_03,healthy,32.5,0.26278,0.23945,0.92746,0.275,0.481,0.971,True
HC_03,healthy,32.51,0.20852,0.23376,0.91726,0.204,-0.399,2.552,True
HC_03,healthy,32.52,0.21554,0.20436,0.91332,0.503,0.092,0.317,True
HC_03,healthy,32.53,0.21591,0.19578,0.95107,0.124,-0.328,1.258,True
HC_03,healthy,32.54,0.18437,0.23162,0.93241,0.058,0.324,-1.497,True
HC_03,healthy,32.55,0.20535,0.20777,0.92961,1.118,0.039,-0.349,True
HC_03,healthy,32.56,0.19526,0.20941,0.92304,-1.383,-1.545,-2.028,True
HC_03,healthy,32.57,0.15473,0.25389,0.94257,-0.43,1.465,-0.683,True
HC_03,healthy,32.58,0.20526,0.24218,0.90047,-0.117,-1.253,-1.294,True
HC_03,healthy,32.59,0.1875,0.25908,0.91352,0.354,-0.502,-0.151,True
HC_03,healthy,32.6,0.21739,0.23336,0.91157,0.506,-0.157,0.325,True
HC_03,healthy,32.61,0.22439,0.23043,0.92433,-0.311,0.289,2.376,True
HC_03,healthy,32.62,0.2507,0.2339,0.90119,0.018,-1.195,-0.34,True
HC_03,healthy,32.63,0.21935,0.21051,0.93442,-0.41,1.164,0.249,True
HC_03,healthy,32.64,0.21738,0.20901,0.92055,-0.814,-0.257,-0.925,True
HC_03,healthy,32.65,0.18433,0.18522,0.92933,-0.338,-0.137,-0.41,True
HC_03,healthy,32.660000000000004,0.19235,0.19016,0.93108,-0.838,-0.605,-2.032,True
HC_03,healthy,32.67,0.15887,0.22244,0.90351,-1.138,0.87,-1.337,True
HC_03,healthy,32.68,0.18948,0.22372,0.91131,0.327,0.926,-2.019,True
HC_03,healthy,32.69,0.21116,0.19666,0.91647,-0.012,0.607,-0.717,True
HC_03,healthy,32.7,0.19848,0.23249,0.91259,-1.389,-0.102,1.022,True
HC_03,healthy,32.71,0.20571,0.22272,0.93045,0.309,1.014,1.098,True
HC_03,healthy,32.72,0.24066,0.21341,0.94117,-0.383,1.427,0.792,True
HC_03,healthy,32.730000000000004,0.18344,0.21499,0.93348,-1.069,-1.229,0.974,True
HC_03,healthy,32.74,0.2269,0.22974,0.93451,0.145,-0.502,2.202,True
HC_03,healthy,32.75,0.21619,0.22721,0.9177,1.641,1.155,-1.22,True
HC_03,healthy,32.76,0.20037,0.23761,0.90294,-1.639,0.432,-1.152,True
HC_03,healthy,32.77,0.19934,0.23049,0.93379,0.003,-0.444,-0.293,True
HC_03,healthy,32.78,0.18108,0.20058,0.9227,-0.119,0.993,-1.313,True
HC_03,healthy,32.79,0.1712,0.21346,0.94137,-0.283,-0.197,-2.443,True
HC_03,healthy,32.8,0.20652,0.23582,0.92845,-0.24,0.941,0.227,True
HC_03,healthy,32.81,0.20129,0.24927,0.94105,0.301,0.419,-0.523,True
HC_03,healthy,32.82,0.22112,0.24204,0.91418,1.513,-0.16,1.261,True
HC_03,healthy,32.83,0.19829,0.20237,0.91011,0.666,0.245,0.952,True
HC_03,healthy,32.84,0.21684,0.21973,0.91946,0.221,0.823,-0.174,True
HC_03,healthy,32.85,0.22323,0.21685,0.91601,-1.028,0.974,0.966,True
HC_03,healthy,32.86,0.20622,0.20544,0.96196,-0.915,0.232,-0.399,True
HC_03,healthy,32.87,0.1977,0.21847,0.91973,0.588,-0.273,-0.871,True
HC_03,healthy,32.88,0.17993,0.22054,0.94198,-1.107,-0.911,-1.951,True
HC_03,healthy,32.89,0.19405,0.23227,0.90518,-1.75,-0.257,-1.351,True
HC_03,healthy,32.9,0.2033,0.23657,0.94555,-0.435,-1.011,-0.136,True
HC_03,healthy,32.910000000000004,0.17854,0.24519,0.93416,-0.766,1.477,0.891,True
HC_03,healthy,32.92,0.18485,0.23432,0.93453,-0.112,-0.061,0.961,True
HC_03,healthy,32.93,0.23132,0.24604,0.89531,-0.218,0.2,0.67,True
HC_03,healthy,32.94,0.21039,0.21937,0.93814,-0.153,-1.107,1.918,True
HC_03,healthy,32.95,0.21686,0.23557,0.93809,1.365,-0.852,1.233,True
HC_03,healthy,32.96,0.23164,0.19025,0.91611,-0.398,0.769,-0.408,True
HC_03,healthy,32.97,0.17885,0.20156,0.93512,0.643,-0.04,-1.176,True
HC_03,healthy,32.980000000000004,0.2026,0.22026,0.94816,-0.79,0.858,0.154,True
HC_03,healthy,32.99,0.23012,0.21676,0.95855,0.566,0.175,-1.657,True
HC_03,healthy,33.0,0.14685,0.22699,0.91044,-0.328,-0.05,-0.682,True
HC_03,healthy,33.01,0.1854,0.24554,0.95153,-0.691,1.01,-2.036,True
HC_03,healthy,33.02,0.21933,0.24172,0.9321,-0.87,1.351,-1.123,True
HC_03,healthy,33.03,0.20958,0.26287,0.94218,0.021,0.507,1.491,True
HC_03,healthy,33.04,0.19901,0.26956,0.94455,-0.219,-0.471,0.805,True
HC_03,healthy,33.05,0.21261,0.21152,0.91352,-0.421,-0.091,2.602,True
HC_03,healthy,33.06,0.21048,0.22644,0.94177,-0.25,0.344,2.768,True
HC_03,healthy,33.07,0.19109,0.18645,0.93819,-0.542,-0.455,1.022,True
HC_03,healthy,33.08,0.18989,0.22374,0.9338,-0.241,0.631,-0.089,True
HC_03,healthy,33.09,0.18296,0.22762,0.93455,-0.169,-0.616,-1.531,True
HC_03,healthy,33.1,0.18331,0.21039,0.93973,-0.07,0.005,-1.23,True
HC_03,healthy,33.11,0.1657,0.23707,0.90075,-0.199,-0.012,-1.321,True
HC_03,healthy,33.12,0.18996,0.23466,0.94052,-0.096,0.043,-0.747,True
HC_03,healthy,33.13,0.17519,0.23823,0.92836,-0.354,-0.333,-1.619,True
HC_03,healthy,33.14,0.20118,0.22404,0.93058,0.783,-1.095,-0.309,True
HC_03,healthy,33.15,0.20253,0.25207,0.91057,0.577,1.08,0.35,True
HC_03,healthy,33.160000000000004,0.21201,0.21184,0.94025,0.365,-0.678,1.972,True
HC_03,healthy,33.17,0.20027,0.22112,0.92489,0.197,-0.188,2.065,True
HC_03,healthy,33.18,0.21882,0.23409,0.93699,1.138,-0.778,-0.29,True
HC_03,healthy,33.19,0.17881,0.20041,0.91641,-0.536,-0.746,0.521,True
HC_03,healthy,33.2,0.20073,0.20193,0.91579,0.659,-0.401,-0.68,True
HC_03,healthy,33.21,0.18799,0.21763,0.92104,-0.704,-0.79,-1.436,True
HC_03,healthy,33.22,0.17701,0.24475,0.9481,-0.543,-0.732,-2.307,True
HC_03,healthy,33.230000000000004,0.18955,0.22776,0.91476,1.26,-0.559,-1.904,True
HC_03,healthy,33.24,0.18147,0.25081,0.93345,-0.193,0.391,-0.259,True
HC_03,healthy,33.25,0.19506,0.25596,0.91182,-0.36,-0.266,0.2,True
HC_03,healthy,33.26,0.19097,0.23811,0.92762,-0.664,0.834,1.74,True
HC_03,healthy,33.27,0.21494,0.24196,0.91834,1.077,-0.162,1.005,True
HC_03,healthy,33.28,0.18279,0.22157,0.94209,-0.76,-0.103,2.806,True
HC_03,healthy,33.29,0.20658,0.20941,0.92884,1.236,-0.013,2.011,True
HC_03,healthy,33.3,0.16744,0.23522,0.93029,1.063,0.593,0.016,True
HC_03,healthy,33.31,0.18725,0.2401,0.94357,-1.323,0.341,-0.261,True
HC_03,healthy,33.32,0.193,0.22378,0.92943,0.583,0.103,-1.557,True
HC_03,healthy,33.33,0.16407,0.22715,0.91613,-0.822,-1.948,-0.052,True
HC_03,healthy,33.34,0.19799,0.2188,0.9258,0.478,-0.722,-0.605,True
HC_03,healthy,33.35,0.19232,0.2323,0.96788,0.403,-0.421,1.074,True
HC_03,healthy,33.36,0.21704,0.19119,0.91394,-0.028,0.192,0.698,True
HC_03,healthy,33.37,0.18433,0.22588,0.91335,0.476,0.258,0.534,True
HC_03,healthy,33.38,0.22864,0.22163,0.9062,0.341,0.719,0.806,True
HC_03,healthy,33.39,0.19034,0.19698,0.92236,-0.36,-1.865,1.464,True
HC_03,healthy,33.4,0.20749,0.18566,0.90472,-0.296,-0.742,-0.05,True
HC_03,healthy,33.410000000000004,0.20605,0.19491,0.93612,0.04,0.226,-0.053,True
HC_03,healthy,33.42,0.19243,0.23389,0.94712,0.217,0.718,-1.705,True
HC_03,healthy,33.43,0.18771,0.23116,0.93537,0.439,-1.523,-0.841,True
HC_03,healthy,33.44,0.17731,0.22778,0.93737,-0.101,-1.073,-1.787,True
HC_03,healthy,33.45,0.18177,0.24058,0.93242,-0.005,0.011,-0.34,True
HC_03,healthy,33.46,0.16022,0.22629,0.93103,-1.033,-0.551,-0.632,True
HC_03,healthy,33.47,0.1988,0.21633,0.91549,-0.435,-2.45,2.243,True
HC_03,healthy,33.480000000000004,0.18483,0.18363,0.9584,-0.837,-0.323,1.409,True
HC_03,healthy,33.49,0.22841,0.21072,0.92755,0.36,-0.385,2.808,True
HC_03,healthy,33.5,0.20971,0.20253,0.9194,-1.526,0.817,1.324,True
HC_03,healthy,33.51,0.20113,0.18245,0.93007,-0.433,-1.118,0.613,True
HC_03,healthy,33.52,0.2011,0.21051,0.94655,-0.362,-0.896,0.682,True
HC_03,healthy,33.53,0.19045,0.20558,0.93382,-0.812,-0.001,-1.631,True
HC_03,healthy,33.54,0.16707,0.21393,0.89658,0.609,0.083,-1.314,True
HC_03,healthy,33.55,0.15986,0.20333,0.91392,0.194,-1.545,-1.02,True
HC_03,healthy,33.56,0.19669,0.23779,0.94851,0.158,-0.645,-0.254,True
HC_03,healthy,33.57,0.19338,0.22359,0.91499,-0.131,1.5,0.175,True
HC_03,healthy,33.58,0.23488,0.21712,0.93646,0.345,-0.49,0.717,True
HC_03,healthy,33.59,0.19288,0.22333,0.92736,-1.526,-0.813,2.25,True
HC_03,healthy,33.6,0.21976,0.21835,0.95079,0.918,-1.714,0.264,True
HC_03,healthy,33.61,0.19936,0.20102,0.93107,0.501,-0.078,0.53,True
HC_03,healthy,33.62,0.19097,0.23623,0.91216,1.363,0.143,0.453,True
HC_03,healthy,33.63,0.18722,0.21406,0.93632,0.75,0.594,-1.762,True
HC_03,healthy,33.64,0.15288,0.18479,0.94315,0.022,0.695,-0.657,True
HC_03,healthy,33.65,0.13936,0.21884,0.90857,-1.313,-0.38,-1.239,True
HC_03,healthy,33.660000000000004,0.16748,0.21956,0.93764,0.581,0.12,-0.681,True
HC_03,healthy,33.67,0.18034,0.21355,0.94297,-0.348,-0.243,0.875,True
HC_03,healthy,33.68,0.19706,0.24421,0.94285,0.309,0.888,0.764,True
HC_03,healthy,33.69,0.19894,0.22834,0.92288,-0.612,-0.411,2.441,True
HC_03,healthy,33.7,0.1798,0.22437,0.91275,0.213,0.759,0.472,True
HC_03,healthy,33.71,0.1907,0.20874,0.90996,0.576,-0.033,2.438,True
HC_03,healthy,33.72,0.17398,0.20717,0.90771,-0.099,-0.55,0.444,True
HC_03,healthy,33.730000000000004,0.19543,0.22131,0.9333,-0.23,-0.671,0.873,True
HC_03,healthy,33.74,0.16712,0.19982,0.94487,-0.643,1.194,-0.221,True
HC_03,healthy,33.75,0.19039,0.20045,0.9291,0.178,-0.503,-2.08,True
HC_03,healthy,33.76,0.14635,0.21757,0.91705,0.088,0.496,-3.125,True
HC_03,healthy,33.77,0.16854,0.23298,0.9254,-0.628,0.465,-1.5,True
HC_03,healthy,33.78,0.16694,0.23384,0.92202,-0.805,0.794,-0.752,True
HC_03,healthy,33.79,0.17625,0.22543,0.93098,-1.157,-0.238,0.444,True
HC_03,healthy,33.8,0.1991,0.20163,0.93507,-0.692,-0.613,0.236,True
HC_03,healthy,33.81,0.20273,0.20537,0.93202,-0.199,-0.674,0.656,True
HC_03,healthy,33.82,0.18968,0.20851,0.91277,0.331,-0.461,2.031,True
HC_03,healthy,33.83,0.18192,0.20303,0.91757,0.694,-1.626,0.557,True
HC_03,healthy,33.84,0.22852,0.18814,0.92974,0.914,0.425,0.654,True
HC_03,healthy,33.85,0.18638,0.21456,0.94939,-1.306,-0.022,0.12,True
HC_03,healthy,33.86,0.16916,0.20859,0.95763,0.172,-0.417,-2.062,True
HC_03,healthy,33.87,0.16,0.26562,0.93329,-1.324,0.943,-2.731,True
HC_03,healthy,33.88,0.17947,0.21672,0.93105,-0.926,-0.216,-0.504,True
HC_03,healthy,33.89,0.17921,0.22186,0.94678,-0.452,0.469,-1.164,True
HC_03,healthy,33.9,0.19422,0.25149,0.95175,0.741,-0.421,-0.062,True
HC_03,healthy,33.910000000000004,0.21536,0.24423,0.93181,0.054,-0.055,1.904,True
HC_03,healthy,33.92,0.1901,0.19974,0.92586,0.732,-0.472,2.186,True
HC_03,healthy,33.93,0.2045,0.1754,0.93396,0.414,0.506,1.465,True
HC_03,healthy,33.94,0.19142,0.21206,0.92581,0.595,-0.489,1.136,True
HC_03,healthy,33.95,0.14213,0.20572,0.96208,1.305,1.123,-1.823,True
HC_03,healthy,33.96,0.156,0.17452,0.93298,-0.543,-0.232,-0.157,True
HC_03,healthy,33.97,0.1438,0.23504,0.92368,-0.317,0.447,-0.94,True
HC_03,healthy,33.980000000000004,0.15558,0.22117,0.92629,-0.544,-0.139,-1.164,True
HC_03,healthy,33.99,0.18223,0.23873,0.93092,0.778,0.998,-0.191,True
HC_03,healthy,34.0,0.173,0.20417,0.92133,-0.16,-0.04,-0.703,True
HC_03,healthy,34.01,0.19622,0.23495,0.95522,-1.429,-0.047,-0.042,True
HC_03,healthy,34.02,0.17617,0.24078,0.93953,-1.294,-0.353,0.439,True
HC_03,healthy,34.03,0.17655,0.22544,0.92397,0.867,0.195,0.669,True
HC_03,healthy,34.04,0.17394,0.19473,0.94025,0.3,0.564,1.256,True
HC_03,healthy,34.05,0.21169,0.2094,0.9373,0.072,0.725,-0.106,True
HC_03,healthy,34.06,0.21458,0.16018,0.95685,1.109,0.37,-0.558,True
HC_03,healthy,34.07,0.16578,0.20833,0.92301,0.102,0.392,-0.907,True
HC_03,healthy,34.08,0.15962,0.22465,0.94919,-0.611,-0.064,0.506,True
HC_03,healthy,34.09,0.14969,0.21442,0.94841,1.146,1.486,-0.861,True
HC_03,healthy,34.1,0.172,0.24153,0.9356,0.014,0.314,-2.61,True
HC_03,healthy,34.11,0.16065,0.21303,0.9287,-0.868,-0.873,0.479,True
HC_03,healthy,34.12,0.18589,0.21422,0.95515,-0.529,0.319,0.077,True
HC_03,healthy,34.13,0.19362,0.23198,0.9098,-0.638,-0.115,1.23,True
HC_03,healthy,34.14,0.18259,0.21834,0.92981,1.035,0.064,1.333,True
HC_03,healthy,34.15,0.19223,0.20157,0.96115,0.527,-0.716,0.021,True
HC_03,healthy,34.160000000000004,0.21032,0.22108,0.94974,0.089,0.155,-0.388,True
HC_03,healthy,34.17,0.19622,0.17556,0.9502,0.191,0.505,0.294,True
HC_03,healthy,34.18,0.16822,0.20927,0.92758,-0.25,-0.708,-0.498,True
HC_03,healthy,34.19,0.15202,0.21757,0.96004,0.54,0.115,-1.838,True
HC_03,healthy,34.2,0.1734,0.1986,0.94035,-1.685,-0.293,-1.274,True
HC_03,healthy,34.21,0.16813,0.21051,0.9316,0.612,-0.616,-0.786,True
HC_03,healthy,34.22,0.15326,0.22534,0.91522,0.867,-0.65,0.717,True
HC_03,healthy,34.230000000000004,0.16939,0.2385,0.94011,-0.563,0.827,0.302,True
HC_03,healthy,34.24,0.18154,0.21435,0.9419,0.366,-0.784,0.426,True
HC_03,healthy,34.25,0.19669,0.20003,0.93174,0.177,-0.587,1.405,True
HC_03,healthy,34.26,0.19855,0.21862,0.93447,-0.181,0.02,2.1,True
HC_03,healthy,34.27,0.16411,0.19725,0.95772,0.988,0.299,0.05,True
HC_03,healthy,34.28,0.15723,0.20117,0.92943,1.589,-0.651,0.987,True
HC_03,healthy,34.29,0.15899,0.21818,0.92603,-0.565,0.886,-1.239,True
HC_03,healthy,34.300000000000004,0.17348,0.20447,0.93048,-0.789,0.508,-2.368,True
HC_03,healthy,34.31,0.14046,0.20236,0.94105,-0.368,0.005,-0.662,True
HC_03,healthy,34.32,0.16035,0.21239,0.95979,1.086,-0.025,-1.683,True
HC_03,healthy,34.33,0.1674,0.2282,0.93967,-0.633,-0.361,-0.008,True
HC_03,healthy,34.34,0.20797,0.21369,0.92979,0.339,-0.473,1.181,True
HC_03,healthy,34.35,0.17003,0.22403,0.96878,-1.793,-0.08,1.029,True
HC_03,healthy,34.36,0.17099,0.22534,0.9412,-0.689,-0.037,0.575,True
HC_03,healthy,34.37,0.17606,0.23903,0.95923,-0.674,-0.299,0.785,True
HC_03,healthy,34.38,0.17054,0.18755,0.93232,-0.581,0.259,-0.192,True
HC_03,healthy,34.39,0.18411,0.20376,0.92433,-0.219,0.695,-0.335,True
HC_03,healthy,34.4,0.15133,0.16417,0.92153,0.767,-1.411,-0.535,True
HC_03,healthy,34.410000000000004,0.15509,0.20729,0.93826,-0.279,0.653,-0.958,True
HC_03,healthy,34.42,0.15055,0.223,0.95104,-0.402,0.369,-2.786,True
HC_03,healthy,34.43,0.17345,0.21134,0.94829,-1.498,0.434,-0.639,True
HC_03,healthy,34.44,0.18017,0.21765,0.94036,0.552,0.92,0.188,True
HC_03,healthy,34.45,0.17702,0.21835,0.91523,0.639,0.485,0.469,True
HC_03,healthy,34.46,0.19028,0.21762,0.95304,-1.178,0.259,0.966,True
HC_03,healthy,34.47,0.17125,0.22794,0.96306,0.064,-0.515,2.667,True
HC_03,healthy,34.480000000000004,0.18483,0.19883,0.96075,0.115,0.42,0.812,True
HC_03,healthy,34.49,0.19111,0.15943,0.9481,-1.489,0.1,0.385,True
HC_03,healthy,34.5,0.18505,0.16611,0.9198,0.625,0.131,1.599,True
HC_03,healthy,34.51,0.14503,0.18988,0.94559,0.946,-0.202,-1.713,True
HC_03,healthy,34.52,0.15195,0.21807,0.91536,0.631,-2.037,-1.158,True
HC_03,healthy,34.53,0.13694,0.23267,0.93101,1.02,0.492,-0.79,True
HC_03,healthy,34.54,0.14828,0.22086,0.94438,0.473,-1.94,-0.343,True
HC_03,healthy,34.550000000000004,0.17189,0.24386,0.93835,-0.168,0.411,0.489,True
HC_03,healthy,34.56,0.15948,0.21643,0.95506,-0.837,-0.192,-0.422,True
HC_03,healthy,34.57,0.18391,0.18837,0.97332,1.099,-1.201,1.308,True
HC_03,healthy,34.58,0.15124,0.21271,0.91922,-0.611,0.591,0.729,True
HC_03,healthy,34.59,0.17833,0.19969,0.94474,-0.271,0.103,0.949,True
HC_03,healthy,34.6,0.1672,0.17671,0.93849,0.071,-0.0,-0.366,True
HC_03,healthy,34.61,0.16249,0.20372,0.96686,1.301,1.056,-0.41,True
HC_03,healthy,34.62,0.13886,0.17816,0.98506,-0.425,-0.858,-2.357,True
HC_03,healthy,34.63,0.14678,0.19098,0.94483,-0.032,-0.523,0.216,True
HC_03,healthy,34.64,0.1404,0.17774,0.94845,-0.248,1.252,-0.936,True
HC_03,healthy,34.65,0.13524,0.2149,0.94616,1.091,0.257,-1.235,True
HC_03,healthy,34.660000000000004,0.16158,0.20133,0.96522,0.757,0.725,-0.104,True
HC_03,healthy,34.67,0.19131,0.18697,0.94734,-0.235,1.642,1.535,True
HC_03,healthy,34.68,0.15159,0.20926,0.94962,-0.14,-1.482,2.492,True
HC_03,healthy,34.69,0.14646,0.21259,0.94346,0.339,0.424,1.055,True
HC_03,healthy,34.7,0.16499,0.19399,0.91793,0.988,0.14,0.022,True
HC_03,healthy,34.71,0.13866,0.19736,0.92953,0.397,0.034,-0.47,True
HC_03,healthy,34.72,0.14654,0.18987,0.9486,-0.809,-1.019,-0.652,True
HC_03,healthy,34.730000000000004,0.12928,0.20422,0.96261,-2.311,1.196,-0.564,True
HC_03,healthy,34.74,0.14276,0.21037,0.94942,-0.213,-0.117,-0.083,True
HC_03,healthy,34.75,0.14564,0.21651,0.9615,-1.269,0.379,-1.501,True
HC_03,healthy,34.76,0.15934,0.20443,0.9675,-0.649,-0.107,-1.018,True
HC_03,healthy,34.77,0.16704,0.21959,0.96209,-0.889,-0.83,-1.447,True
HC_03,healthy,34.78,0.15245,0.21433,0.92609,-0.676,-0.565,2.542,True
HC_03,healthy,34.79,0.15152,0.21819,0.94216,-0.709,-0.94,1.041,True
HC_03,healthy,34.800000000000004,0.18032,0.21322,0.93236,-1.469,1.072,0.299,True
HC_03,healthy,34.81,0.18733,0.1797,0.94219,1.351,0.303,-0.389,True
HC_03,healthy,34.82,0.13545,0.17267,0.95241,0.177,-1.482,0.369,True
HC_03,healthy,34.83,0.15269,0.20284,0.97324,-1.907,-0.303,-0.719,True
HC_03,healthy,34.84,0.14136,0.20621,0.94754,-1.385,0.957,-0.926,True
HC_03,healthy,34.85,0.11479,0.2054,0.94561,0.931,-0.511,-1.127,True
HC_03,healthy,34.86,0.15338,0.19241,0.934,0.02,-0.245,-1.911,True
HC_03,healthy,34.87,0.13719,0.19854,0.95941,-0.458,-0.756,-1.421,True
HC_03,healthy,34.88,0.15362,0.20401,0.95375,-0.107,-0.56,0.619,True
HC_03,healthy,34.89,0.18618,0.21572,0.92827,0.678,1.027,1.144,True
HC_03,healthy,34.9,0.16888,0.21087,0.92302,0.74,-1.167,3.494,True
HC_03,healthy,34.910000000000004,0.17036,0.20314,0.9537,0.641,-0.386,1.629,True
HC_03,healthy,34.92,0.1772,0.19306,0.94006,-1.751,0.116,-0.001,True
HC_03,healthy,34.93,0.1375,0.18978,0.95117,-0.352,0.447,-0.547,True
HC_03,healthy,34.94,0.12647,0.19578,0.97381,0.069,-0.233,-0.149,True
HC_03,healthy,34.95,0.13315,0.17899,0.92216,-0.559,0.533,-2.632,True
HC_03,healthy,34.96,0.13942,0.18809,0.94741,-0.948,-0.293,0.065,True
HC_03,healthy,34.97,0.14032,0.19938,0.96798,0.39,0.93,-1.102,True
HC_03,healthy,34.980000000000004,0.17082,0.19999,0.93385,1.223,0.36,0.969,True
HC_03,healthy,34.99,0.15906,0.22055,0.97148,-0.711,0.413,1.512,True
HC_03,healthy,35.0,0.16089,0.2367,0.94033,-0.337,0.091,-0.015,True
HC_03,healthy,35.01,0.17259,0.1913,0.93858,0.793,-0.085,2.009,True
HC_03,healthy,35.02,0.18163,0.19191,0.95454,-0.329,0.842,1.741,True
HC_03,healthy,35.03,0.16741,0.18171,0.92413,-0.242,0.734,2.966,True
HC_03,healthy,35.04,0.10698,0.19513,0.96837,-0.505,0.531,0.437,True
HC_03,healthy,35.050000000000004,0.15016,0.18652,0.96036,-0.521,0.001,-0.446,True
HC_03,healthy,35.06,0.12436,0.18692,0.96865,-0.268,1.567,-0.722,True
HC_03,healthy,35.07,0.14958,0.18878,0.95777,-0.598,0.742,-1.659,True
HC_03,healthy,35.08,0.15461,0.1814,0.95457,-0.117,0.806,-1.043,True
HC_03,healthy,35.09,0.15663,0.20929,0.9313,0.083,0.549,0.471,True
HC_03,healthy,35.1,0.12898,0.20059,0.94404,-0.891,-0.026,1.187,True
HC_03,healthy,35.11,0.16261,0.20741,0.98078,0.315,0.626,1.716,True
HC_03,healthy,35.12,0.1439,0.19702,0.94367,1.089,0.199,1.925,True
HC_03,healthy,35.13,0.16275,0.17184,0.92523,0.801,-0.57,2.439,True
HC_03,healthy,35.14,0.14165,0.18888,0.94968,0.166,0.57,1.283,True
HC_03,healthy,35.15,0.13859,0.1754,0.94966,0.432,0.836,-0.318,True
HC_03,healthy,35.160000000000004,0.11842,0.18487,0.95916,0.522,0.444,-0.971,True
HC_03,healthy,35.17,0.12919,0.1926,0.95339,1.329,1.69,-1.742,True
HC_03,healthy,35.18,0.12011,0.21011,0.9538,-1.012,-1.179,-0.68,True
HC_03,healthy,35.19,0.15194,0.20596,0.96676,1.099,1.028,-0.618,True
HC_03,healthy,35.2,0.12924,0.23464,0.96169,0.586,-0.934,-0.792,True
HC_03,healthy,35.21,0.15309,0.22631,0.94571,-0.061,1.101,-0.01,True
HC_03,healthy,35.22,0.14666,0.2015,0.95652,0.99,1.557,1.789,True
HC_03,healthy,35.230000000000004,0.1593,0.18116,0.94099,0.782,-0.044,1.722,True
HC_03,healthy,35.24,0.15719,0.19473,0.95961,0.389,-1.503,1.35,True
HC_03,healthy,35.25,0.14592,0.18339,0.95908,-0.005,1.05,0.333,True
HC_03,healthy,35.26,0.15572,0.17517,0.95263,1.093,-0.77,-0.336,True
HC_03,healthy,35.27,0.11927,0.20124,0.97134,-0.517,0.815,-0.46,True
HC_03,healthy,35.28,0.10768,0.1859,0.979,1.156,-0.886,-1.281,True
HC_03,healthy,35.29,0.15508,0.19383,0.96275,0.708,1.029,-1.038,True
HC_03,healthy,35.300000000000004,0.13934,0.23396,0.94982,0.525,2.111,0.959,True
HC_03,healthy,35.31,0.15207,0.19599,0.96573,0.058,-0.121,-1.159,True
HC_03,healthy,35.32,0.15665,0.18113,0.92378,-0.772,-0.273,-1.934,True
HC_03,healthy,35.33,0.17,0.19052,0.93674,0.471,0.005,1.093,True
HC_03,healthy,35.34,0.11793,0.19795,0.97829,0.785,-0.064,1.449,True
HC_03,healthy,35.35,0.1761,0.19329,0.94991,-0.469,-0.917,1.653,True
HC_03,healthy,35.36,0.11707,0.18197,0.96092,2.058,1.263,1.219,True
HC_03,healthy,35.37,0.11937,0.20255,0.9505,-1.822,1.265,0.318,True
HC_03,healthy,35.38,0.12036,0.19976,0.96865,1.449,-0.105,-0.945,True
HC_03,healthy,35.39,0.10533,0.19021,0.97628,-1.029,0.49,-1.14,True
HC_03,healthy,35.4,0.11727,0.22728,0.94913,-0.341,-0.719,-0.355,True
HC_03,healthy,35.410000000000004,0.11025,0.21128,0.9423,-0.905,0.871,-2.488,True
HC_03,healthy,35.42,0.15016,0.2061,0.96782,1.465,0.225,0.557,True
HC_03,healthy,35.43,0.1363,0.21814,0.99191,-1.353,-0.235,-0.606,True
HC_03,healthy,35.44,0.14155,0.19165,0.96712,0.689,-0.413,0.667,True
HC_03,healthy,35.45,0.18696,0.16688,0.95058,0.143,0.261,2.794,True
HC_03,healthy,35.46,0.15383,0.18973,0.94575,0.001,-2.148,1.391,True
HC_03,healthy,35.47,0.12965,0.18707,0.95727,1.454,-0.301,-0.672,True
HC_03,healthy,35.480000000000004,0.13,0.17898,0.96227,0.791,0.56,-0.846,True
HC_03,healthy,35.49,0.13673,0.1773,0.96075,0.174,-0.41,-2.447,True
HC_03,healthy,35.5,0.08829,0.17552,0.96828,1.354,-1.042,-1.968,True
HC_03,healthy,35.51,0.13163,0.21181,0.9388,0.632,-0.532,-1.608,True
HC_03,healthy,35.52,0.12461,0.20284,0.94895,0.772,-0.08,-1.111,True
HC_03,healthy,35.53,0.13923,0.20282,0.999,-1.432,-0.472,-1.171,True
HC_03,healthy,35.54,0.15658,0.20833,0.95172,2.755,-0.36,1.132,True
HC_03,healthy,35.550000000000004,0.14116,0.17182,0.96737,0.082,0.952,1.954,True
HC_03,healthy,35.56,0.13458,0.18285,0.96622,0.636,0.437,1.977,True
HC_03,healthy,35.57,0.14188,0.18585,0.97287,-0.461,0.509,3.095,True
HC_03,healthy,35.58,0.13673,0.18061,0.96247,-0.025,-0.877,0.239,True
HC_03,healthy,35.59,0.13096,0.17803,0.96912,0.6,-0.814,-0.499,True
HC_03,healthy,35.6,0.11795,0.1877,0.97976,-0.146,0.16,-1.749,True
HC_03,healthy,35.61,0.09003,0.19323,0.95673,-0.267,-0.015,-1.927,True
HC_03,healthy,35.62,0.12463,0.17646,0.95396,-0.53,-0.654,-1.321,True
HC_03,healthy,35.63,0.10212,0.19124,0.967,-0.095,0.193,-0.366,True
HC_03,healthy,35.64,0.12269,0.18523,0.96832,0.28,0.483,-1.177,True
HC_03,healthy,35.65,0.12894,0.1835,0.96668,-0.803,-1.395,0.367,True
HC_03,healthy,35.660000000000004,0.14197,0.21068,0.96541,0.619,0.39,0.332,True
HC_03,healthy,35.67,0.16388,0.19699,0.96763,-1.614,-0.862,1.243,True
HC_03,healthy,35.68,0.13281,0.17596,0.95268,-0.536,0.831,0.896,True
HC_03,healthy,35.69,0.12491,0.14853,0.96733,-0.195,1.577,-0.123,True
HC_03,healthy,35.7,0.13035,0.16347,0.94465,-0.685,-0.949,0.665,True
HC_03,healthy,35.71,0.10523,0.20853,0.95022,0.111,1.054,-2.661,True
HC_03,healthy,35.72,0.10465,0.18198,0.94738,-0.756,-1.217,-0.594,True
HC_03,healthy,35.730000000000004,0.12558,0.20105,0.9576,-1.46,1.28,-2.243,True
HC_03,healthy,35.74,0.10427,0.20128,0.93431,-0.288,0.165,0.981,True
HC_03,healthy,35.75,0.0993,0.18509,0.97848,0.13,1.186,1.059,True
HC_03,healthy,35.76,0.11535,0.20833,0.94948,-2.427,0.903,1.689,True
HC_03,healthy,35.77,0.11012,0.17066,0.98623,1.557,-1.789,2.678,True
HC_03,healthy,35.78,0.13135,0.18147,0.95152,0.989,0.078,0.995,True
HC_03,healthy,35.79,0.13312,0.1651,0.96784,-0.605,1.525,1.196,True
HC_03,healthy,35.800000000000004,0.12977,0.17934,0.94405,0.425,-0.23,1.412,True
HC_03,healthy,35.81,0.10823,0.14627,0.93034,-0.5,-0.966,-1.685,True
HC_03,healthy,35.82,0.10554,0.17049,0.98251,0.558,-0.844,-1.343,True
HC_03,healthy,35.83,0.12127,0.18599,0.94971,0.725,0.906,-3.276,True
HC_03,healthy,35.84,0.10079,0.21304,0.96721,-0.353,0.198,-1.742,True
HC_03,healthy,35.85,0.12606,0.21954,0.94105,-0.485,-0.366,-0.431,True
HC_03,healthy,35.86,0.10219,0.21837,0.94815,-0.297,-0.552,-0.129,True
HC_03,healthy,35.87,0.12293,0.16026,0.98424,0.605,1.408,2.444,True
HC_03,healthy,35.88,0.16988,0.21264,0.95455,-0.399,-0.102,2.23,True
HC_03,healthy,35.89,0.12635,0.19436,0.9584,0.371,-0.471,1.633,True
HC_03,healthy,35.9,0.16035,0.17994,0.97437,-0.281,-0.388,-0.382,True
HC_03,healthy,35.910000000000004,0.1272,0.20173,0.97677,-0.868,0.988,-0.757,True
HC_03,healthy,35.92,0.11561,0.21162,0.94953,-0.61,0.387,-2.609,True
HC_03,healthy,35.93,0.11066,0.19595,0.96087,-0.073,0.583,-1.925,True
HC_03,healthy,35.94,0.08876,0.19173,0.99019,0.171,-0.581,-2.081,True
HC_03,healthy,35.95,0.11422,0.18808,0.97304,-0.566,0.049,-2.526,True
HC_03,healthy,35.96,0.10399,0.18136,0.97795,-1.092,1.046,-0.631,True
HC_03,healthy,35.97,0.15129,0.1972,0.98799,1.235,0.178,-0.593,True
HC_03,healthy,35.980000000000004,0.13195,0.18943,0.94485,-1.76,0.051,-1.051,True
HC_03,healthy,35.99,0.11441,0.21287,0.96438,0.192,-1.005,1.198,True
HC_03,healthy,36.0,0.1454,0.16651,0.98709,0.4,0.053,2.685,True
HC_03,healthy,36.01,0.1089,0.14755,0.96893,-0.085,-0.845,0.529,True
HC_03,healthy,36.02,0.13916,0.18623,0.97104,0.75,-1.28,-1.062,True
HC_03,healthy,36.03,0.1167,0.18675,0.97133,-0.44,-1.466,0.135,True
HC_03,healthy,36.04,0.11806,0.18316,0.95303,0.146,1.185,-1.071,True
HC_03,healthy,36.050000000000004,0.10952,0.18088,0.96309,-1.364,0.029,-1.013,True
HC_03,healthy,36.06,0.10039,0.18447,0.95878,1.271,0.203,-1.495,True
HC_03,healthy,36.07,0.11108,0.19594,0.96749,-1.134,-0.627,0.121,True
HC_03,healthy,36.08,0.12261,0.17729,0.99623,0.671,0.748,1.208,True
HC_03,healthy,36.09,0.13881,0.17961,0.9494,-0.704,-1.364,0.341,True
HC_03,healthy,36.1,0.11472,0.17883,0.96216,0.706,1.301,2.785,True
HC_03,healthy,36.11,0.14832,0.18513,0.96838,0.638,-0.991,1.798,True
HC_03,healthy,36.12,0.13361,0.15567,0.97603,0.455,-0.712,2.615,True
HC_03,healthy,36.13,0.13667,0.12957,0.975,-0.441,-0.486,-0.496,True
HC_03,healthy,36.14,0.0891,0.15736,0.9605,1.513,1.001,-1.977,True
HC_03,healthy,36.15,0.12068,0.20505,0.95729,-0.427,-0.544,-1.901,True
HC_03,healthy,36.160000000000004,0.08682,0.19644,0.95325,-0.449,0.178,-1.217,True
HC_03,healthy,36.17,0.15023,0.19713,0.96191,-0.02,1.906,0.306,True
HC_03,healthy,36.18,0.11194,0.18501,0.95965,-1.29,0.187,-0.378,True
HC_03,healthy,36.19,0.12702,0.19554,0.98984,-0.33,0.713,-0.507,True
HC_03,healthy,36.2,0.1126,0.19943,0.95771,-0.09,0.508,-0.167,True
HC_03,healthy,36.21,0.1412,0.16916,0.98891,-1.727,0.847,2.065,True
HC_03,healthy,36.22,0.10159,0.19068,0.95908,-1.237,-1.47,2.102,True
HC_03,healthy,36.230000000000004,0.12275,0.18997,0.98259,-0.62,0.717,-0.347,True
HC_03,healthy,36.24,0.13414,0.15545,0.98309,-0.442,-0.563,-0.843,True
HC_03,healthy,36.25,0.11059,0.19423,0.96909,-0.092,-0.571,-1.067,True
HC_03,healthy,36.26,0.09693,0.18578,0.97448,-1.971,-0.786,-0.223,True
HC_03,healthy,36.27,0.0915,0.19558,0.96938,-0.653,-0.474,-2.429,True
HC_03,healthy,36.28,0.08766,0.20319,0.97087,-0.733,0.065,-2.315,True
HC_03,healthy,36.29,0.09085,0.19018,0.96939,0.184,0.237,-0.269,True
HC_03,healthy,36.300000000000004,0.12433,0.19255,0.96622,-0.419,1.496,0.513,True
HC_03,healthy,36.31,0.11258,0.1732,0.96417,-1.551,1.351,1.356,True
HC_03,healthy,36.32,0.10073,0.1678,0.96742,0.582,-0.646,0.666,True
HC_03,healthy,36.33,0.10845,0.18558,0.9423,0.242,-0.027,2.737,True
HC_03,healthy,36.34,0.13855,0.16986,0.95395,0.395,-1.315,1.462,True
HC_03,healthy,36.35,0.1221,0.18462,0.95943,0.7,0.356,0.254,True
HC_03,healthy,36.36,0.11161,0.14245,0.99261,-0.558,-0.076,-2.642,True
HC_03,healthy,36.37,0.09951,0.17227,0.96074,0.556,-0.377,-1.412,True
HC_03,healthy,36.38,0.0853,0.1976,0.95028,-0.315,0.184,-1.963,True
HC_03,healthy,36.39,0.11529,0.17771,0.98844,0.76,-0.974,-2.077,True
HC_03,healthy,36.4,0.09285,0.18472,0.98388,-1.88,0.556,-0.999,True
HC_03,healthy,36.410000000000004,0.12154,0.20659,0.96443,0.571,-1.458,0.803,True
HC_03,healthy,36.42,0.13414,0.20014,0.97678,0.742,1.155,1.683,True
HC_03,healthy,36.43,0.0816,0.18516,0.97323,0.963,-0.309,0.714,True
HC_03,healthy,36.44,0.10046,0.16923,0.95585,0.963,0.998,2.119,True
HC_03,healthy,36.45,0.10835,0.16051,0.98222,-0.434,-1.321,0.669,True
HC_03,healthy,36.46,0.10857,0.18569,0.98013,0.163,0.347,0.025,True
HC_03,healthy,36.47,0.1019,0.18635,0.99368,-0.701,0.508,-1.957,True
HC_03,healthy,36.480000000000004,0.08538,0.19517,0.96875,-0.02,-0.755,-1.699,True
HC_03,healthy,36.49,0.09726,0.17022,0.97905,-1.314,0.613,-0.087,True
HC_03,healthy,36.5,0.11224,0.19997,0.95627,0.611,-0.535,-0.946,True
HC_03,healthy,36.51,0.10013,0.1971,0.94625,0.61,0.493,0.06,True
HC_03,healthy,36.52,0.12623,0.18973,0.94583,0.193,1.362,1.608,True
HC_03,healthy,36.53,0.13041,0.19466,0.95484,-0.303,-0.171,0.207,True
HC_03,healthy,36.54,0.12739,0.18934,0.97941,0.532,0.532,2.226,True
HC_03,healthy,36.550000000000004,0.09958,0.17082,0.97333,0.452,0.707,0.676,True
HC_03,healthy,36.56,0.11536,0.14751,0.98248,-0.42,0.579,0.065,True
HC_03,healthy,36.57,0.08852,0.16127,0.98636,-0.758,-0.848,1.214,True
HC_03,healthy,36.58,0.11495,0.1842,0.97872,-0.507,0.668,-0.807,True
HC_03,healthy,36.59,0.10369,0.16362,0.9657,0.588,0.923,-1.886,True
HC_03,healthy,36.6,0.0969,0.17658,0.97615,0.343,1.178,-0.805,True
HC_03,healthy,36.61,0.06181,0.18994,0.96934,-0.42,0.048,-0.043,True
HC_03,healthy,36.62,0.08471,0.19301,0.96951,0.586,1.544,0.019,True
HC_03,healthy,36.63,0.10483,0.19426,0.95698,0.592,0.352,-1.262,True
HC_03,healthy,36.64,0.12326,0.21182,0.97284,-0.835,-1.073,0.929,True
HC_03,healthy,36.65,0.10765,0.18572,0.99224,-0.855,1.161,1.257,True
HC_03,healthy,36.660000000000004,0.14985,0.20732,0.96181,-0.296,-0.063,1.723,True
HC_03,healthy,36.67,0.11588,0.18499,0.957,-1.461,-0.553,0.499,True
HC_03,healthy,36.68,0.10633,0.17365,0.95478,-0.884,0.479,-0.381,True
HC_03,healthy,36.69,0.10648,0.17236,0.99964,1.083,0.029,-0.417,True
HC_03,healthy,36.7,0.07432,0.17618,0.94575,-0.797,-0.846,-1.105,True
HC_03,healthy,36.71,0.0803,0.17171,0.94962,0.143,-0.588,-2.791,True
HC_03,healthy,36.72,0.09062,0.20401,0.96451,1.24,0.471,0.223,True
HC_03,healthy,36.730000000000004,0.0982,0.16633,0.97221,-0.791,-0.675,-0.425,True
HC_03,healthy,36.74,0.12931,0.19494,0.98312,-0.389,-1.324,1.243,True
HC_03,healthy,36.75,0.10901,0.18353,0.98785,-0.421,0.513,1.44,True
HC_03,healthy,36.76,0.12176,0.17285,0.96055,0.457,0.927,0.128,True
HC_03,healthy,36.77,0.13044,0.14482,1.00349,0.338,-0.066,0.076,True
HC_03,healthy,36.78,0.11546,0.16271,0.96984,-1.059,0.728,-0.05,True
HC_03,healthy,36.79,0.12185,0.18046,0.97401,-0.215,-0.364,1.729,True
HC_03,healthy,36.800000000000004,0.09604,0.17425,0.97057,-0.226,-1.046,-0.649,True
HC_03,healthy,36.81,0.0824,0.17938,0.98391,0.231,-0.661,-2.198,True
HC_03,healthy,36.82,0.12083,0.15152,1.01551,0.703,0.164,-0.974,True
HC_03,healthy,36.83,0.09467,0.19172,0.98642,-0.15,0.762,0.665,True
HC_03,healthy,36.84,0.08431,0.1796,0.96592,-0.557,0.124,0.532,True
HC_03,healthy,36.85,0.11728,0.19039,0.97405,-0.679,1.013,1.528,True
HC_03,healthy,36.86,0.1308,0.18087,0.95966,-0.835,-0.928,-0.215,True
HC_03,healthy,36.87,0.1161,0.19205,0.95134,1.136,-0.55,1.767,True
HC_03,healthy,36.88,0.11661,0.18086,0.97754,1.185,-0.301,0.59,True
HC_03,healthy,36.89,0.08575,0.16415,0.97826,1.51,0.277,0.584,True
HC_03,healthy,36.9,0.07944,0.18087,0.97703,0.897,0.545,-1.157,True
HC_03,healthy,36.910000000000004,0.11048,0.15767,0.98807,0.082,-0.345,-0.558,True
HC_03,healthy,36.92,0.08396,0.17132,0.9828,-0.74,-0.448,-1.337,True
HC_03,healthy,36.93,0.0777,0.20835,0.96572,0.353,-0.328,-2.413,True
HC_03,healthy,36.94,0.0942,0.17088,0.94788,-0.555,-0.117,0.013,True
HC_03,healthy,36.95,0.12369,0.17764,0.98002,-0.563,-0.231,0.85,True
HC_03,healthy,36.96,0.10553,0.18422,0.96549,-0.184,-0.752,2.442,True
HC_03,healthy,36.97,0.11709,0.17076,1.00368,1.102,-0.37,1.137,True
HC_03,healthy,36.980000000000004,0.11157,0.16909,0.98712,-0.906,-0.204,2.713,True
HC_03,healthy,36.99,0.1111,0.1736,0.97783,-1.28,0.328,0.569,True
HC_03,healthy,37.0,0.06164,0.18777,0.96112,0.508,0.453,0.601,True
HC_03,healthy,37.01,0.10699,0.2091,0.98267,-0.606,-0.214,-1.448,True
HC_03,healthy,37.02,0.09213,0.18572,0.97813,1.068,-0.914,-1.942,True
HC_03,healthy,37.03,0.07088,0.1682,0.97182,1.182,0.897,-2.153,True
HC_03,healthy,37.04,0.10782,0.17214,0.96285,-1.157,0.792,-0.721,True
HC_03,healthy,37.050000000000004,0.09715,0.2031,0.9894,-0.34,-0.842,-0.125,True
HC_03,healthy,37.06,0.06603,0.20779,1.00713,-1.043,0.357,0.418,True
HC_03,healthy,37.07,0.12156,0.18378,1.00375,0.26,-0.695,0.383,True
HC_03,healthy,37.08,0.10597,0.17651,0.96178,0.799,0.416,2.257,True
HC_03,healthy,37.09,0.12601,0.19809,0.98544,0.564,-1.006,0.294,True
HC_03,healthy,37.1,0.11692,0.17807,0.94907,0.396,1.103,-0.082,True
HC_03,healthy,37.11,0.10018,0.14389,0.98007,0.449,-0.179,1.873,True
HC_03,healthy,37.12,0.08161,0.16698,0.97749,0.073,-0.621,-1.148,True
HC_03,healthy,37.13,0.05081,0.17723,0.99214,-0.449,1.271,-1.297,True
HC_03,healthy,37.14,0.0559,0.16692,0.98257,0.05,1.023,-1.077,True
HC_03,healthy,37.15,0.10853,0.15586,0.95021,0.355,1.205,-2.073,True
HC_03,healthy,37.160000000000004,0.12298,0.19,0.98611,0.078,0.276,-1.569,True
HC_03,healthy,37.17,0.08909,0.19623,0.9978,-0.725,0.244,0.421,True
HC_03,healthy,37.18,0.12874,0.17788,0.98745,1.237,-0.92,1.692,True
HC_03,healthy,37.19,0.0929,0.18327,0.97956,-0.348,-1.88,1.258,True
HC_03,healthy,37.2,0.08618,0.16584,1.00104,0.642,-0.959,1.345,True
HC_03,healthy,37.21,0.11216,0.17692,0.95444,0.353,0.196,1.867,True
HC_03,healthy,37.22,0.09989,0.17174,0.95191,0.549,0.99,-0.116,True
HC_03,healthy,37.230000000000004,0.07512,0.18737,0.96069,-0.444,-1.199,-0.319,True
HC_03,healthy,37.24,0.10366,0.16983,1.01004,2.116,0.215,-2.183,True
HC_03,healthy,37.25,0.09173,0.20039,0.97744,1.276,0.65,-2.439,True
HC_03,healthy,37.26,0.08318,0.19611,1.00191,0.419,-0.744,-0.517,True
HC_03,healthy,37.27,0.09895,0.20395,0.97365,-0.945,-0.526,-0.249,True
HC_03,healthy,37.28,0.12408,0.18996,0.99104,-0.068,0.768,0.237,True
HC_03,healthy,37.29,0.12317,0.18989,0.96832,0.474,0.195,-0.423,True
HC_03,healthy,37.300000000000004,0.09588,0.17858,0.97282,0.867,0.787,1.202,True
HC_03,healthy,37.31,0.12911,0.15275,0.97548,-0.294,-0.352,1.623,True
HC_03,healthy,37.32,0.11431,0.18039,1.00674,0.339,-0.241,1.037,True
HC_03,healthy,37.33,0.09627,0.17786,0.99032,0.389,0.759,0.04,True
HC_03,healthy,37.34,0.09599,0.13961,0.96815,0.629,-0.005,-1.34,True
HC_03,healthy,37.35,0.07757,0.19014,0.99954,0.358,1.655,-0.98,True
HC_03,healthy,37.36,0.09571,0.18023,0.99066,-0.023,1.223,-0.652,True
HC_03,healthy,37.37,0.10248,0.15,0.96911,-0.126,-0.098,-2.267,True
HC_03,healthy,37.38,0.10515,0.19869,0.96357,1.493,0.747,0.12,True
HC_03,healthy,37.39,0.10975,0.17775,0.99943,-0.892,-0.122,-0.392,True
HC_03,healthy,37.4,0.11542,0.17095,0.97135,-0.21,0.948,1.486,True
HC_03,healthy,37.410000000000004,0.10399,0.19885,0.96494,1.291,1.236,0.26,True
HC_03,healthy,37.42,0.12287,0.18409,0.95389,-0.981,-0.307,1.765,True
HC_03,healthy,37.43,0.12926,0.16508,0.96652,0.272,0.017,-0.153,True
HC_03,healthy,37.44,0.1076,0.17578,1.00388,0.633,-0.903,-1.755,True
HC_03,healthy,37.45,0.09232,0.1723,0.97626,1.282,1.164,-1.054,True
HC_03,healthy,37.46,0.06174,0.15779,1.00155,-0.033,0.323,-1.885,True
HC_03,healthy,37.47,0.08071,0.20982,0.98868,0.571,0.903,-2.633,True
HC_03,healthy,37.480000000000004,0.09298,0.18155,0.97138,0.857,-0.316,-1.027,True
HC_03,healthy,37.49,0.13246,0.15712,0.96299,0.508,0.416,0.251,True
HC_03,healthy,37.5,0.08975,0.17159,0.96228,1.042,-0.417,0.663,True
HC_03,healthy,37.51,0.10743,0.17899,1.02066,-0.516,-0.771,1.623,True
HC_03,healthy,37.52,0.10402,0.16943,0.96175,-0.872,0.923,1.633,True
HC_03,healthy,37.53,0.09604,0.16984,0.97204,-1.576,-0.233,0.38,True
HC_03,healthy,37.54,0.07984,0.17298,0.95889,-0.878,0.245,0.578,True
HC_03,healthy,37.550000000000004,0.07051,0.15111,0.99922,0.116,0.288,-0.238,True
HC_03,healthy,37.56,0.08774,0.16857,0.98149,-0.571,-0.805,-1.402,True
HC_03,healthy,37.57,0.11936,0.19543,0.96563,-0.553,0.88,-1.884,True
HC_03,healthy,37.58,0.09644,0.17645,0.98188,1.346,0.182,-1.097,True
HC_03,healthy,37.59,0.07489,0.18791,0.96669,0.305,1.519,-0.141,True
HC_03,healthy,37.6,0.10907,0.20703,1.00052,-0.59,-1.354,1.223,True
HC_03,healthy,37.61,0.11837,0.16775,0.98664,-0.986,0.564,0.823,True
HC_03,healthy,37.62,0.12307,0.17496,1.00623,-0.369,0.962,0.576,True
HC_03,healthy,37.63,0.15803,0.18958,0.94879,0.018,-1.811,0.609,True
HC_03,healthy,37.64,0.10052,0.16056,0.99229,0.202,-0.078,1.924,True
HC_03,healthy,37.65,0.12683,0.14707,0.9752,-0.486,0.225,-2.262,True
HC_03,healthy,37.660000000000004,0.10821,0.15416,0.99748,1.026,0.386,-0.828,True
HC_03,healthy,37.67,0.08855,0.14551,0.98633,-1.127,0.248,-0.008,True
HC_03,healthy,37.68,0.0917,0.18832,0.97884,0.856,0.077,-0.863,True
HC_03,healthy,37.69,0.10385,0.16631,0.97492,-0.543,-0.471,-2.334,True
HC_03,healthy,37.7,0.1118,0.18828,0.98098,-0.782,-0.855,-0.978,True
HC_03,healthy,37.71,0.10613,0.19911,0.94032,-0.701,-0.595,0.724,True
HC_03,healthy,37.72,0.12044,0.19348,0.95188,-0.155,0.885,1.058,True
HC_03,healthy,37.730000000000004,0.13989,0.16667,0.97498,-0.638,1.201,0.204,True
HC_03,healthy,37.74,0.09591,0.1647,0.9795,-0.816,-1.442,1.887,True
HC_03,healthy,37.75,0.08703,0.14186,0.99443,0.301,-0.771,2.404,True
HC_03,healthy,37.76,0.10974,0.14118,0.95431,0.024,1.526,-0.398,True
HC_03,healthy,37.77,0.10806,0.16754,0.99278,-0.636,-0.781,0.144,True
HC_03,healthy,37.78,0.0996,0.17163,0.97919,1.255,0.217,-1.906,True
HC_03,healthy,37.79,0.08301,0.15314,0.98618,0.811,0.899,-1.129,True
HC_03,healthy,37.800000000000004,0.08897,0.2056,0.98152,0.808,0.137,-1.412,True
HC_03,healthy,37.81,0.09038,0.19398,0.97359,-0.88,-0.105,0.144,True
HC_03,healthy,37.82,0.09073,0.1648,0.95748,-0.254,-0.103,0.257,True
HC_03,healthy,37.83,0.10676,0.16476,0.97551,0.866,-0.266,-0.508,True
HC_03,healthy,37.84,0.12247,0.18439,0.98604,-1.438,1.45,0.988,True
HC_03,healthy,37.85,0.12073,0.15941,1.00063,-0.962,-0.282,4.345,True
HC_03,healthy,37.86,0.11994,0.15821,1.01678,-0.453,-0.378,1.003,True
HC_03,healthy,37.87,0.11057,0.14412,0.98605,0.928,-0.888,0.163,True
HC_03,healthy,37.88,0.10772,0.13903,0.96176,0.42,-0.0,-0.811,True
HC_03,healthy,37.89,0.09847,0.15085,0.98226,0.27,-0.041,-1.273,True
HC_03,healthy,37.9,0.07706,0.15484,0.96821,0.115,-0.65,-1.224,True
HC_03,healthy,37.910000000000004,0.08462,0.18999,1.00793,0.606,-0.632,-1.498,True
HC_03,healthy,37.92,0.07846,0.1739,0.9538,-1.257,-0.882,0.816,True
HC_03,healthy,37.93,0.09818,0.17767,0.95543,0.333,-1.521,-0.065,True
HC_03,healthy,37.94,0.13149,0.18195,0.9641,0.211,-1.547,0.072,True
HC_03,healthy,37.95,0.11462,0.18239,0.98348,-0.141,1.169,1.799,True
HC_03,healthy,37.96,0.13322,0.17638,0.95956,-0.528,-0.545,1.324,True
HC_03,healthy,37.97,0.13497,0.15331,0.96769,-0.53,-0.321,1.333,True
HC_03,healthy,37.980000000000004,0.09408,0.16914,0.97018,0.16,-1.03,-0.109,True
HC_03,healthy,37.99,0.10863,0.1625,0.97504,0.895,0.759,-1.533,True
HC_03,healthy,38.0,0.06253,0.1635,0.95789,0.135,1.135,-0.895,True
HC_03,healthy,38.01,0.0493,0.18557,0.9819,0.275,-1.396,-2.242,True
HC_03,healthy,38.02,0.08701,0.20945,0.99158,-1.233,0.908,-1.377,True
HC_03,healthy,38.03,0.12739,0.18231,0.97444,-0.08,0.246,-0.782,True
HC_03,healthy,38.04,0.12281,0.17992,0.96618,-0.579,1.134,1.499,True
HC_03,healthy,38.050000000000004,0.09929,0.19948,0.96692,-0.973,0.341,0.2,True
HC_03,healthy,38.06,0.10016,0.16763,0.96955,-1.006,-0.06,1.628,True
HC_03,healthy,38.07,0.09639,0.19011,0.9889,-0.68,1.006,1.92,True
HC_03,healthy,38.08,0.10579,0.16921,0.96159,-0.35,-1.153,0.196,True
HC_03,healthy,38.09,0.117,0.1418,0.99584,0.234,0.466,-0.565,True
HC_03,healthy,38.1,0.08564,0.17948,0.95715,0.64,-0.576,-0.624,True
HC_03,healthy,38.11,0.07113,0.17899,1.01012,-0.682,2.273,-0.964,True
HC_03,healthy,38.12,0.08767,0.18557,0.98125,1.252,0.06,-2.023,True
HC_03,healthy,38.13,0.10017,0.18628,0.99322,1.054,-0.057,-1.52,True
HC_03,healthy,38.14,0.10294,0.20289,0.97541,1.124,-0.858,-0.035,True
HC_03,healthy,38.15,0.09903,0.2302,0.9759,0.808,-0.198,0.364,True
HC_03,healthy,38.160000000000004,0.13838,0.20479,0.96323,0.46,0.929,-0.828,True
HC_03,healthy,38.17,0.12188,0.17773,0.95335,-0.443,-0.474,1.486,True
HC_03,healthy,38.18,0.12526,0.16727,0.97733,-0.743,-0.43,0.34,True
HC_03,healthy,38.19,0.1166,0.16752,0.96732,-0.217,0.672,0.895,True
HC_03,healthy,38.2,0.11669,0.15316,0.97353,-0.81,-0.04,0.031,True
HC_03,healthy,38.21,0.10602,0.15075,0.96183,0.85,-0.112,-0.969,True
HC_03,healthy,38.22,0.08503,0.17917,0.95567,-0.489,-1.971,-0.017,True
HC_03,healthy,38.230000000000004,0.11295,0.18689,0.9501,0.265,0.731,-1.502,True
HC_03,healthy,38.24,0.09501,0.19691,0.97489,-1.136,0.024,-2.636,True
HC_03,healthy,38.25,0.10029,0.14652,0.98294,0.292,-0.604,-0.866,True
HC_03,healthy,38.26,0.09213,0.19695,0.95075,-0.169,-0.686,-0.381,True
HC_03,healthy,38.27,0.11365,0.1931,0.98794,1.775,0.022,2.124,True
HC_03,healthy,38.28,0.12013,0.16006,0.96936,0.055,-0.779,1.124,True
HC_03,healthy,38.29,0.13332,0.1672,0.97679,-0.362,0.322,1.789,True
HC_03,healthy,38.300000000000004,0.13228,0.16967,0.9878,0.345,-2.091,0.618,True
HC_03,healthy,38.31,0.10355,0.15445,0.95985,0.339,1.34,0.466,True
HC_03,healthy,38.32,0.09379,0.16977,0.97801,1.262,1.913,-1.209,True
HC_03,healthy,38.33,0.07121,0.16208,0.96872,-0.713,-0.544,-2.082,True
HC_03,healthy,38.34,0.10299,0.19754,0.97622,-0.929,0.279,-1.09,True
HC_03,healthy,38.35,0.09837,0.1823,0.96272,2.623,0.131,-0.487,True
HC_03,healthy,38.36,0.09481,0.19251,0.97536,-0.729,0.825,-1.622,True
HC_03,healthy,38.37,0.12252,0.1947,0.96718,0.125,-0.63,2.316,True
HC_03,healthy,38.38,0.10979,0.16662,0.96804,0.429,0.505,1.815,True
HC_03,healthy,38.39,0.1188,0.18974,0.95527,0.968,0.777,0.111,True
HC_03,healthy,38.4,0.1139,0.18344,0.9798,-1.435,-0.759,0.669,True
HC_03,healthy,38.410000000000004,0.12977,0.16903,0.96875,1.274,-0.013,1.835,True
HC_03,healthy,38.42,0.11841,0.13997,0.97898,0.33,-1.247,1.21,True
HC_03,healthy,38.43,0.07788,0.17845,0.97244,0.228,0.734,0.19,True
HC_03,healthy,38.44,0.09441,0.16578,0.96418,1.221,1.286,-1.874,True
HC_03,healthy,38.45,0.10272,0.18283,0.93781,-0.081,0.025,-2.705,True
HC_03,healthy,38.46,0.11569,0.14887,0.9682,0.209,0.39,0.453,True
HC_03,healthy,38.47,0.10633,0.17107,0.94759,-0.266,-1.597,-0.918,True
HC_03,healthy,38.480000000000004,0.11555,0.17775,0.98517,0.628,0.7,1.33,True
HC_03,healthy,38.49,0.12533,0.19364,0.97489,-0.989,-0.062,1.837,True
HC_03,healthy,38.5,0.13304,0.178,0.97392,0.37,-0.429,0.368,True
HC_03,healthy,38.51,0.12154,0.14553,0.94773,-0.482,0.223,1.307,True
HC_03,healthy,38.52,0.12466,0.19431,0.9547,-1.27,0.101,1.057,True
HC_03,healthy,38.53,0.12818,0.16791,0.96519,0.199,0.97,0.117,True
HC_03,healthy,38.54,0.11532,0.1454,0.96794,-0.107,1.153,-0.688,True
HC_03,healthy,38.550000000000004,0.12225,0.1677,0.97708,-0.166,-1.514,-0.79,True
HC_03,healthy,38.56,0.12228,0.17379,0.93534,-0.243,-1.937,-0.878,True
HC_03,healthy,38.57,0.09293,0.21151,0.96593,0.588,-0.388,-0.854,True
HC_03,healthy,38.58,0.11903,0.19469,0.96403,0.055,-0.897,0.888,True
HC_03,healthy,38.59,0.11452,0.20203,0.9557,-0.424,-1.463,1.044,True
HC_03,healthy,38.6,0.08623,0.182,0.96847,0.622,-0.513,0.809,True
HC_03,healthy,38.61,0.13202,0.16001,0.95349,-0.8,-0.506,2.289,True
HC_03,healthy,38.62,0.14114,0.18657,0.97262,0.66,-0.358,0.932,True
HC_03,healthy,38.63,0.11628,0.18717,0.96476,1.04,-0.778,0.775,True
HC_03,healthy,38.64,0.11072,0.1654,0.95989,-1.196,-1.215,-0.214,True
HC_03,healthy,38.65,0.09876,0.17341,0.99851,-1.856,-0.521,-1.487,True
HC_03,healthy,38.660000000000004,0.08275,0.17917,0.97814,0.441,-0.451,-2.238,True
HC_03,healthy,38.67,0.12514,0.20033,0.9622,0.077,-1.084,-1.811,True
HC_03,healthy,38.68,0.12401,0.17138,0.98968,-0.748,-0.36,-0.606,True
HC_03,healthy,38.69,0.12483,0.19446,0.94981,-0.755,1.033,-0.263,True
HC_03,healthy,38.7,0.15871,0.18356,0.97743,0.364,-0.867,1.369,True
HC_03,healthy,38.71,0.13873,0.18732,0.97759,0.908,1.095,2.11,True
HC_03,healthy,38.72,0.10679,0.15289,0.97468,0.628,1.356,3.093,True
HC_03,healthy,38.730000000000004,0.13836,0.16203,0.99418,0.64,-0.97,0.827,True
HC_03,healthy,38.74,0.12679,0.16963,0.97855,0.887,0.819,-0.425,True
HC_03,healthy,38.75,0.08512,0.18029,0.95546,-1.132,-0.51,-0.711,True
HC_03,healthy,38.76,0.08333,0.16042,0.96866,0.437,0.016,0.372,True
HC_03,healthy,38.77,0.11031,0.19872,0.99413,-1.391,0.422,-1.285,True
HC_03,healthy,38.78,0.1007,0.1627,0.95252,-0.156,-0.198,-1.576,True
HC_03,healthy,38.79,0.09031,0.18371,0.9596,-1.973,1.152,-1.049,True
HC_03,healthy,38.800000000000004,0.11545,0.19314,0.9569,-0.835,-0.573,-2.243,True
HC_03,healthy,38.81,0.09237,0.20085,0.95337,-0.079,-0.681,1.543,True
HC_03,healthy,38.82,0.12692,0.19442,0.98366,-0.035,0.527,2.248,True
HC_03,healthy,38.83,0.14848,0.19633,0.95984,-0.496,0.428,2.296,True
HC_03,healthy,38.84,0.13988,0.19771,0.97346,-0.025,0.194,1.027,True
HC_03,healthy,38.85,0.11754,0.16715,0.97798,1.242,-0.622,0.438,True
HC_03,healthy,38.86,0.10457,0.18089,0.95688,0.558,-0.085,-0.372,True
HC_03,healthy,38.87,0.09678,0.18203,0.9452,-0.556,0.719,-1.812,True
HC_03,healthy,38.88,0.08969,0.18739,0.98075,0.597,0.353,-1.066,True
HC_03,healthy,38.89,0.13985,0.20786,0.97273,0.664,-0.954,-1.467,True
HC_03,healthy,38.9,0.1295,0.18889,0.95784,-0.672,2.013,0.23,True
HC_03,healthy,38.910000000000004,0.13148,0.2077,0.97822,-0.624,0.532,0.772,True
HC_03,healthy,38.92,0.10126,0.19308,0.95359,1.474,1.748,1.366,True
HC_03,healthy,38.93,0.13842,0.2052,0.95185,-1.068,-0.445,1.205,True
HC_03,healthy,38.94,0.16584,0.16741,0.94846,0.701,-1.026,1.264,True
HC_03,healthy,38.95,0.10865,0.16598,0.94791,-0.722,-1.219,0.369,True
HC_03,healthy,38.96,0.09915,0.19581,0.97086,0.593,-0.522,0.613,True
HC_03,healthy,38.97,0.09663,0.17285,0.96423,-0.301,0.986,-2.091,True
HC_03,healthy,38.980000000000004,0.0978,0.19805,0.9449,0.132,0.627,-1.924,True
HC_03,healthy,38.99,0.12778,0.19373,0.96223,-0.62,-0.525,-1.992,True
HC_03,healthy,39.0,0.10673,0.19527,0.99971,1.264,-1.638,-0.255,True
HC_03,healthy,39.01,0.10265,0.21177,0.95433,-1.483,-0.767,-1.502,True
HC_03,healthy,39.02,0.1171,0.21369,0.95791,-1.055,0.306,-0.67,True
HC_03,healthy,39.03,0.13865,0.19398,0.97859,-0.349,-1.0,1.792,True
HC_03,healthy,39.04,0.12289,0.18526,0.97184,0.689,0.73,2.701,True
HC_03,healthy,39.050000000000004,0.14353,0.18384,0.992,-0.492,0.315,2.041,True
HC_03,healthy,39.06,0.10726,0.18923,0.96622,0.753,0.087,2.416,True
HC_03,healthy,39.07,0.11114,0.17384,0.96861,-0.442,0.237,-0.885,True
HC_03,healthy,39.08,0.12787,0.16564,0.95319,1.299,1.161,0.679,True
HC_03,healthy,39.09,0.09884,0.16767,0.94372,0.836,0.22,-1.001,True
HC_03,healthy,39.1,0.11983,0.20411,0.94499,0.003,0.951,-0.238,True
HC_03,healthy,39.11,0.10085,0.20292,0.9891,0.256,-0.42,-1.201,True
HC_03,healthy,39.12,0.14745,0.18558,0.94523,-0.584,-0.299,-0.569,True
HC_03,healthy,39.13,0.13188,0.2049,0.9676,-0.118,0.274,0.722,True
HC_03,healthy,39.14,0.13898,0.19411,0.96556,0.238,1.101,1.271,True
HC_03,healthy,39.15,0.1409,0.19793,0.93071,-0.04,-0.662,1.453,True
HC_03,healthy,39.160000000000004,0.15798,0.1758,0.92095,1.119,0.666,2.171,True
HC_03,healthy,39.17,0.11819,0.18151,0.94173,0.676,0.48,-0.042,True
HC_03,healthy,39.18,0.1208,0.16851,0.96137,-1.127,1.383,-0.691,True
HC_03,healthy,39.19,0.11067,0.19413,0.95436,-0.147,-1.082,-0.169,True
HC_03,healthy,39.2,0.08731,0.17089,0.97446,-1.283,0.112,-3.369,True
HC_03,healthy,39.21,0.10961,0.17786,0.95023,0.968,0.887,-1.771,True
HC_03,healthy,39.22,0.10547,0.18276,0.94613,-0.086,0.112,-0.587,True
HC_03,healthy,39.230000000000004,0.12902,0.19837,0.97603,1.094,0.231,-1.749,True
HC_03,healthy,39.24,0.1556,0.22082,0.96115,0.31,-0.463,1.229,True
HC_03,healthy,39.25,0.14341,0.18686,0.96525,-0.786,0.395,1.702,True
HC_03,healthy,39.26,0.11548,0.17736,0.95632,-0.327,1.104,1.925,True
HC_03,healthy,39.27,0.11884,0.20465,0.95021,-0.844,0.817,2.732,True
HC_03,healthy,39.28,0.10877,0.15584,0.93955,0.998,0.296,0.513,True
HC_03,healthy,39.29,0.14498,0.17022,0.96626,0.23,-0.044,-0.652,True
HC_03,healthy,39.300000000000004,0.12663,0.18786,0.98762,-1.908,-0.022,-2.079,True
HC_03,healthy,39.31,0.14441,0.18019,0.98023,-0.983,0.133,-1.365,True
HC_03,healthy,39.32,0.12622,0.19709,0.94944,-1.765,0.43,-1.938,True
HC_03,healthy,39.33,0.13457,0.19479,0.9623,-1.75,0.541,-0.862,True
HC_03,healthy,39.34,0.15048,0.20899,0.99892,-1.615,0.95,-0.034,True
HC_03,healthy,39.35,0.15568,0.19447,0.97422,0.239,0.064,0.88,True
HC_03,healthy,39.36,0.15388,0.22595,0.96274,0.674,1.381,0.549,True
HC_03,healthy,39.37,0.16657,0.23004,0.97261,-1.057,0.203,2.343,True
HC_03,healthy,39.38,0.16892,0.17833,0.95913,-0.526,0.714,0.845,True
HC_03,healthy,39.39,0.11939,0.14042,0.95016,0.549,0.251,0.403,True
HC_03,healthy,39.4,0.14667,0.18301,0.95852,-0.076,1.255,0.347,True
HC_03,healthy,39.410000000000004,0.09219,0.19951,0.96722,0.407,1.122,-2.338,True
HC_03,healthy,39.42,0.13108,0.21459,0.96216,-0.323,-0.374,-0.362,True
HC_03,healthy,39.43,0.11179,0.22353,0.97014,-0.587,-0.088,-0.859,True
HC_03,healthy,39.44,0.10943,0.20232,0.95501,-1.151,0.655,-1.348,True
HC_03,healthy,39.45,0.11449,0.20542,0.94752,-0.181,-1.15,-0.975,True
HC_03,healthy,39.46,0.14248,0.22446,0.94671,0.008,-0.783,1.651,True
HC_03,healthy,39.47,0.14755,0.19427,0.9349,0.47,0.071,0.193,True
HC_03,healthy,39.480000000000004,0.17645,0.18772,0.93161,0.169,0.145,0.58,True
HC_03,healthy,39.49,0.15098,0.19391,0.96999,0.571,-1.534,1.47,True
HC_03,healthy,39.5,0.14416,0.15832,0.96247,-0.005,-0.051,1.402,True
HC_03,healthy,39.51,0.11184,0.16988,0.94643,0.993,-0.668,-1.043,True
HC_03,healthy,39.52,0.11653,0.19915,0.95205,-0.476,0.298,-1.714,True
HC_03,healthy,39.53,0.14103,0.17089,0.95255,-0.778,1.14,-2.383,True
HC_03,healthy,39.54,0.09592,0.18439,0.96682,0.292,0.323,-3.136,True
HC_03,healthy,39.550000000000004,0.11205,0.20549,0.98495,0.88,0.526,-0.631,True
HC_03,healthy,39.56,0.14554,0.23882,0.96414,-0.73,-0.037,-0.883,True
HC_03,healthy,39.57,0.15125,0.23021,0.93767,0.169,0.126,0.247,True
HC_03,healthy,39.58,0.14273,0.2025,0.95352,0.444,0.426,0.508,True
HC_03,healthy,39.59,0.16115,0.2014,0.96408,-0.772,0.659,2.663,True
HC_03,healthy,39.6,0.1621,0.20353,0.9593,-0.361,0.3,0.488,True
HC_03,healthy,39.61,0.12184,0.19269,0.93648,0.632,-0.253,0.66,True
HC_03,healthy,39.62,0.13378,0.18875,0.9452,-0.326,0.367,-0.253,True
HC_03,healthy,39.63,0.12093,0.1727,0.94403,0.883,0.208,-1.495,True
HC_03,healthy,39.64,0.12975,0.18405,0.95028,-0.037,-0.754,-0.415,True
HC_03,healthy,39.65,0.12753,0.17555,0.93958,-0.64,0.042,-0.359,True
HC_03,healthy,39.660000000000004,0.13542,0.23618,0.93111,-0.397,0.863,0.513,True
HC_03,healthy,39.67,0.13281,0.20975,0.9471,0.717,0.221,0.931,True
HC_03,healthy,39.68,0.17783,0.19842,0.95976,-0.886,0.163,1.283,True
HC_03,healthy,39.69,0.12561,0.20859,0.92313,0.526,1.136,3.096,True
HC_03,healthy,39.7,0.13964,0.1933,0.97335,0.149,-1.04,1.584,True
HC_03,healthy,39.71,0.16681,0.2149,0.97702,-1.26,0.413,1.03,True
HC_03,healthy,39.72,0.16414,0.19965,0.95041,0.158,0.23,-0.95,True
HC_03,healthy,39.730000000000004,0.13817,0.17976,0.95586,-0.836,2.124,-0.978,True
HC_03,healthy,39.74,0.15669,0.18259,0.95177,-0.42,0.315,-1.846,True
HC_03,healthy,39.75,0.13004,0.21367,0.97295,1.352,0.753,-2.4,True
HC_03,healthy,39.76,0.11612,0.24403,0.95601,-0.708,0.27,-1.481,True
HC_03,healthy,39.77,0.16135,0.17827,0.9533,0.684,0.795,-0.152,True
HC_03,healthy,39.78,0.13275,0.20321,0.94544,1.115,0.11,0.548,True
HC_03,healthy,39.79,0.1369,0.20544,0.94539,-0.412,-1.033,0.748,True
HC_03,healthy,39.800000000000004,0.16625,0.21839,0.95074,0.51,0.354,1.148,True
HC_03,healthy,39.81,0.14173,0.19407,0.94378,0.308,-1.477,0.712,True
HC_03,healthy,39.82,0.14277,0.17787,0.94579,-0.558,-1.977,0.826,True
HC_03,healthy,39.83,0.14283,0.1899,0.93575,-0.483,0.592,-0.381,True
HC_03,healthy,39.84,0.13121,0.22329,0.94995,0.163,-0.623,0.109,True
HC_03,healthy,39.85,0.12826,0.19374,0.9747,1.048,-0.832,-0.025,True
HC_03,healthy,39.86,0.11619,0.20846,0.95374,1.067,0.528,-2.053,True
HC_03,healthy,39.87,0.12408,0.21074,0.97577,-0.536,-0.722,-2.219,True
HC_03,healthy,39.88,0.15459,0.20364,0.97801,-0.342,0.184,-0.57,True
HC_03,healthy,39.89,0.14939,0.2492,0.93139,0.594,-0.184,0.196,True
HC_03,healthy,39.9,0.15569,0.20116,0.95249,-0.983,-0.185,-1.093,True
HC_03,healthy,39.910000000000004,0.15675,0.22396,0.94977,-0.497,0.14,1.651,True
HC_03,healthy,39.92,0.17316,0.20429,0.93685,0.145,-0.707,1.982,True
HC_03,healthy,39.93,0.1549,0.20136,0.93805,-0.61,0.382,1.445,True
HC_03,healthy,39.94,0.17262,0.17361,0.94292,0.132,-1.806,-0.198,True
HC_03,healthy,39.95,0.13443,0.20697,0.9411,0.43,0.173,0.069,True
HC_03,healthy,39.96,0.10747,0.19862,0.94881,-0.687,0.376,-1.293,True
HC_03,healthy,39.97,0.15477,0.19961,0.94562,0.169,0.39,-1.879,True
HC_03,healthy,39.980000000000004,0.10124,0.18357,0.96272,-0.855,-0.122,-0.225,True
HC_03,healthy,39.99,0.12714,0.19994,0.93278,0.792,0.018,-0.376,True
HC_03,healthy,40.0,0.16378,0.22783,0.92812,0.692,0.077,-0.06,True
HC_03,healthy,40.01,0.17074,0.20514,0.96082,0.813,-0.207,2.065,True
HC_03,healthy,40.02,0.1613,0.21368,0.94261,-1.0,-1.856,2.874,True
HC_03,healthy,40.03,0.18045,0.19881,0.96383,0.802,0.774,2.662,True
HC_03,healthy,40.04,0.16326,0.20186,0.93875,1.425,-1.148,1.612,True
HC_03,healthy,40.050000000000004,0.16385,0.18512,0.93863,-1.255,0.297,0.192,True
HC_03,healthy,40.06,0.14119,0.18972,0.94027,1.599,0.466,-1.219,True
HC_03,healthy,40.07,0.151,0.18319,0.96427,-0.419,0.4,-1.224,True
HC_03,healthy,40.08,0.15913,0.2001,0.94468,-1.302,-0.457,-0.5,True
HC_03,healthy,40.09,0.14343,0.21923,0.93846,-0.084,1.322,-0.857,True
HC_03,healthy,40.1,0.15752,0.22696,0.96084,-0.884,-1.735,-0.524,True
HC_03,healthy,40.11,0.14848,0.22676,0.96021,0.424,2.218,-1.491,True
HC_03,healthy,40.12,0.16482,0.22249,0.95252,1.007,-0.59,1.351,True
HC_03,healthy,40.13,0.17977,0.21157,0.94386,1.614,-0.993,1.265,True
HC_03,healthy,40.14,0.15057,0.22516,0.92819,-0.831,-0.967,1.385,True
HC_03,healthy,40.15,0.15982,0.18283,0.95891,-1.03,0.585,0.854,True
HC_03,healthy,40.160000000000004,0.1744,0.19141,0.96333,0.459,0.629,-0.05,True
HC_03,healthy,40.17,0.16935,0.17611,0.92886,0.067,-0.231,0.407,True
HC_03,healthy,40.18,0.15256,0.20066,0.93774,0.915,-0.263,-1.721,True
HC_03,healthy,40.19,0.14108,0.21637,0.94932,0.948,0.173,-1.704,True
HC_03,healthy,40.2,0.15021,0.2339,0.95672,0.663,-1.346,-2.392,True
HC_03,healthy,40.21,0.16584,0.21616,0.96876,-0.393,0.09,-0.91,True
HC_03,healthy,40.22,0.16748,0.20683,0.90798,0.355,-0.209,-0.199,True
HC_03,healthy,40.230000000000004,0.16305,0.2099,0.95888,1.436,1.663,1.824,True
HC_03,healthy,40.24,0.16258,0.22947,0.93236,0.461,-0.694,2.5,True
HC_03,healthy,40.25,0.15157,0.19439,0.92897,-0.128,2.041,1.079,True
HC_03,healthy,40.26,0.18576,0.17084,0.94261,0.85,0.667,-0.671,True
HC_03,healthy,40.27,0.16494,0.18494,0.92327,0.566,0.505,-0.263,True
HC_03,healthy,40.28,0.12674,0.19112,0.96143,-1.042,0.18,-0.092,True
HC_03,healthy,40.29,0.14114,0.20844,0.92266,-0.335,0.129,-1.714,True
HC_03,healthy,40.300000000000004,0.14091,0.1991,0.92186,0.277,0.492,-3.213,True
HC_03,healthy,40.31,0.14991,0.20756,0.93977,0.115,-0.313,-1.945,True
HC_03,healthy,40.32,0.14052,0.2353,0.92846,0.649,0.263,-0.477,True
HC_03,healthy,40.33,0.16763,0.22237,0.9659,-0.006,0.236,0.652,True
HC_03,healthy,40.34,0.18222,0.19834,0.93166,0.972,-0.49,1.573,True
HC_03,healthy,40.35,0.20036,0.2104,0.93379,-0.052,-0.077,1.832,True
HC_03,healthy,40.36,0.15695,0.19124,0.92763,0.561,-1.805,0.925,True
HC_03,healthy,40.37,0.17835,0.20595,0.95514,0.274,1.276,1.492,True
HC_03,healthy,40.38,0.16399,0.19732,0.96126,-0.497,-0.456,0.374,True
HC_03,healthy,40.39,0.16294,0.19233,0.93831,0.058,0.544,-1.125,True
HC_03,healthy,40.4,0.12904,0.20826,0.93044,-0.453,-0.905,-0.996,True
HC_03,healthy,40.410000000000004,0.10977,0.23705,0.94003,-1.457,0.5,-0.72,True
HC_03,healthy,40.42,0.16509,0.22419,0.95408,-0.044,0.621,-1.667,True
HC_03,healthy,40.43,0.14815,0.1979,0.94638,0.128,0.9,0.042,True
HC_03,healthy,40.44,0.1433,0.21638,0.94711,0.461,-0.107,1.33,True
HC_03,healthy,40.45,0.17889,0.22703,0.94958,-0.26,1.395,1.589,True
HC_03,healthy,40.46,0.19332,0.19902,0.92256,-0.678,-0.58,0.951,True
HC_03,healthy,40.47,0.19956,0.21535,0.93499,-1.115,0.369,0.401,True
HC_03,healthy,40.480000000000004,0.17093,0.21596,0.92559,0.016,0.314,-0.943,True
HC_03,healthy,40.49,0.15277,0.1931,0.96251,0.244,-0.506,0.111,True
HC_03,healthy,40.5,0.15957,0.19371,0.91747,0.315,-0.092,-0.5,True
HC_03,healthy,40.51,0.12604,0.20809,0.93664,0.008,0.209,-1.853,True
HC_03,healthy,40.52,0.13256,0.20642,0.9388,-0.75,0.581,-1.56,True
HC_03,healthy,40.53,0.13989,0.216,0.92239,0.443,0.017,-2.453,True
HC_03,healthy,40.54,0.12694,0.21551,0.95559,-0.119,-0.41,-0.708,True
HC_03,healthy,40.550000000000004,0.14972,0.24445,0.92728,-1.438,-1.128,-0.026,True
HC_03,healthy,40.56,0.18928,0.20451,0.9545,-1.007,0.821,0.716,True
HC_03,healthy,40.57,0.18138,0.22733,0.94779,-0.038,-1.15,1.576,True
HC_03,healthy,40.58,0.19215,0.20157,0.95948,-1.062,-0.903,0.603,True
HC_03,healthy,40.59,0.18953,0.19174,0.93329,-0.191,-0.492,0.391,True
HC_03,healthy,40.6,0.14806,0.17468,0.92997,-0.8,-1.037,0.367,True
HC_03,healthy,40.61,0.14561,0.185,0.93474,0.499,-0.25,-1.402,True
HC_03,healthy,40.62,0.15188,0.22149,0.95092,-1.669,0.161,-2.188,True
HC_03,healthy,40.63,0.14856,0.2144,0.92627,1.116,0.425,-1.663,True
HC_03,healthy,40.64,0.17383,0.23016,0.92251,0.417,0.29,-1.44,True
HC_03,healthy,40.65,0.1309,0.22718,0.9433,-0.427,0.248,-0.572,True
HC_03,healthy,40.660000000000004,0.17446,0.26485,0.93279,0.174,0.538,0.87,True
HC_03,healthy,40.67,0.16678,0.2349,0.93766,-0.311,-1.142,0.912,True
HC_03,healthy,40.68,0.17868,0.21052,0.93584,0.143,0.117,2.847,True
HC_03,healthy,40.69,0.18095,0.20543,0.93593,-1.49,1.516,1.761,True
HC_03,healthy,40.7,0.19278,0.17405,0.94377,-0.1,-0.163,1.234,True
HC_03,healthy,40.71,0.15519,0.20091,0.93211,0.944,-0.396,0.154,True
HC_03,healthy,40.72,0.15383,0.19631,0.92489,0.92,0.519,-2.32,True
HC_03,healthy,40.730000000000004,0.12888,0.21007,0.94301,-1.242,1.0,-2.723,True
HC_03,healthy,40.74,0.13752,0.21498,0.94268,-0.242,1.571,-1.808,True
HC_03,healthy,40.75,0.12387,0.21289,0.94659,0.685,2.126,-1.698,True
HC_03,healthy,40.76,0.17789,0.23624,0.91157,0.742,-0.301,0.512,True
HC_03,healthy,40.77,0.15145,0.24113,0.92838,-0.741,0.671,0.401,True
HC_03,healthy,40.78,0.17676,0.18603,0.93599,0.858,0.149,1.733,True
HC_03,healthy,40.79,0.18818,0.22152,0.9525,-0.479,0.057,2.541,True
HC_03,healthy,40.800000000000004,0.19532,0.19724,0.94179,-0.406,-0.565,1.965,True
HC_03,healthy,40.81,0.20558,0.19432,0.94157,0.291,-0.427,-0.608,True
HC_03,healthy,40.82,0.19478,0.19632,0.94943,0.832,2.012,0.658,True
HC_03,healthy,40.83,0.16424,0.20074,0.96096,-0.074,0.068,-0.984,True
HC_03,healthy,40.84,0.19985,0.21696,0.90505,-0.162,-1.12,-0.416,True
HC_03,healthy,40.85,0.17027,0.21481,0.91709,-0.629,0.849,-1.108,True
HC_03,healthy,40.86,0.1884,0.24033,0.95194,0.317,-1.029,0.194,True
HC_03,healthy,40.87,0.17831,0.24853,0.96792,0.641,0.466,0.012,True
HC_03,healthy,40.88,0.16867,0.22635,0.90007,0.256,-1.284,1.241,True
HC_03,healthy,40.89,0.19811,0.19289,0.93756,0.058,0.594,0.378,True
HC_03,healthy,40.9,0.1871,0.21745,0.93709,0.064,1.321,2.224,True
HC_03,healthy,40.910000000000004,0.1735,0.21776,0.94143,0.473,0.103,0.618,True
HC_03,healthy,40.92,0.20364,0.1969,0.92994,-0.601,-0.293,1.072,True
HC_03,healthy,40.93,0.18392,0.19593,0.95674,-1.616,0.25,-0.473,True
HC_03,healthy,40.94,0.17998,0.1993,0.90973,-0.021,-1.222,-2.988,True
HC_03,healthy,40.95,0.18215,0.22123,0.96825,-1.037,1.71,-2.775,True
HC_03,healthy,40.96,0.17243,0.23439,0.96372,-0.552,-0.489,-1.936,True
HC_03,healthy,40.97,0.1422,0.23564,0.92894,-0.176,-0.28,-0.417,True
HC_03,healthy,40.980000000000004,0.20654,0.22093,0.93237,0.94,0.268,0.397,True
HC_03,healthy,40.99,0.19277,0.213,0.93625,-0.12,-0.349,1.441,True
HC_03,healthy,41.0,0.20894,0.20771,0.94989,-1.505,-0.847,1.736,True
HC_03,healthy,41.01,0.21175,0.21501,0.92447,-1.551,-0.16,1.286,True
HC_03,healthy,41.02,0.17384,0.1969,0.95269,0.749,-0.944,0.122,True
HC_03,healthy,41.03,0.17859,0.20586,0.92209,-0.401,-0.364,-0.974,True
HC_03,healthy,41.04,0.19198,0.219,0.93744,0.745,0.017,-0.05,True
HC_03,healthy,41.050000000000004,0.16616,0.19507,0.92508,-1.099,0.664,-2.022,True
HC_03,healthy,41.06,0.16307,0.22513,0.94173,-0.483,0.017,-1.049,True
HC_03,healthy,41.07,0.15889,0.23265,0.92437,0.586,0.747,0.434,True
HC_03,healthy,41.08,0.16055,0.24385,0.93029,1.3,-0.92,-0.615,True
HC_03,healthy,41.09,0.17744,0.26862,0.9252,0.553,-0.431,-1.71,True
HC_03,healthy,41.1,0.21093,0.20276,0.93063,-1.127,-0.639,0.88,True
HC_03,healthy,41.11,0.19019,0.23964,0.91801,-0.028,0.352,2.295,True
HC_03,healthy,41.12,0.17734,0.22659,0.92589,-0.235,-2.421,1.302,True
HC_03,healthy,41.13,0.17988,0.19772,0.91518,1.012,-0.321,0.91,True
HC_03,healthy,41.14,0.17111,0.20959,0.91362,1.144,1.258,0.983,True
HC_03,healthy,41.15,0.18602,0.20371,0.94422,-0.496,1.032,-0.439,True
HC_03,healthy,41.160000000000004,0.18805,0.21589,0.93072,-0.183,-0.363,-3.219,True
HC_03,healthy,41.17,0.17283,0.23132,0.92564,0.064,0.398,-1.477,True
HC_03,healthy,41.18,0.16884,0.20634,0.92601,1.02,-0.378,-0.914,True
HC_03,healthy,41.19,0.17659,0.22734,0.90439,0.235,-0.258,0.323,True
HC_03,healthy,41.2,0.1834,0.21473,0.92958,-0.095,-0.305,0.698,True
HC_03,healthy,41.21,0.20359,0.23644,0.95492,0.663,-1.452,1.279,True
HC_03,healthy,41.22,0.20101,0.2107,0.93406,0.23,-0.921,0.295,True
HC_03,healthy,41.230000000000004,0.19228,0.22719,0.91018,1.207,0.285,1.707,True
HC_03,healthy,41.24,0.16475,0.21596,0.95206,-0.084,-0.844,1.733,True
HC_03,healthy,41.25,0.17989,0.19553,0.93035,0.38,-0.858,-1.78,True
HC_03,healthy,41.26,0.15093,0.19783,0.94266,0.228,-0.849,-0.799,True
HC_03,healthy,41.27,0.15263,0.20454,0.93789,-0.021,-0.093,-1.279,True
HC_03,healthy,41.28,0.16846,0.20507,0.89099,-0.674,-0.579,-3.495,True
HC_03,healthy,41.29,0.1729,0.23199,0.91857,0.02,0.18,-0.937,True
HC_03,healthy,41.300000000000004,0.17817,0.22966,0.90956,0.929,0.026,-0.956,True
HC_03,healthy,41.31,0.18805,0.21495,0.93961,0.181,-1.999,0.124,True
HC_03,healthy,41.32,0.21102,0.2608,0.938,1.293,-0.512,1.827,True
HC_03,healthy,41.33,0.21971,0.21564,0.90576,0.563,0.771,1.281,True
HC_03,healthy,41.34,0.21974,0.1979,0.93748,0.113,-0.895,0.85,True
HC_03,healthy,41.35,0.18835,0.23759,0.94853,-0.142,0.836,0.472,True
HC_03,healthy,41.36,0.18152,0.21687,0.91767,-1.047,-0.035,1.119,True
HC_03,healthy,41.37,0.1917,0.23049,0.91025,0.106,-0.548,-0.614,True
HC_03,healthy,41.38,0.17506,0.23638,0.92644,0.217,0.306,-0.659,True
HC_03,healthy,41.39,0.18785,0.20346,0.94145,0.771,0.29,-0.019,True
HC_03,healthy,41.4,0.19231,0.22726,0.92028,-0.043,-0.355,-0.768,True
HC_03,healthy,41.410000000000004,0.19243,0.23004,0.88921,0.552,0.634,1.236,True
HC_03,healthy,41.42,0.20515,0.24391,0.93086,-0.328,-0.965,1.592,True
HC_03,healthy,41.43,0.20995,0.24007,0.93008,-0.29,-0.533,0.518,True
HC_03,healthy,41.44,0.17187,0.24048,0.91716,-0.592,-0.525,1.979,True
HC_03,healthy,41.45,0.19446,0.24186,0.94168,-0.967,-1.917,0.169,True
HC_03,healthy,41.46,0.18075,0.21343,0.93085,0.708,-0.895,1.395,True
HC_03,healthy,41.47,0.18987,0.1814,0.94779,-0.89,0.593,0.221,True
HC_03,healthy,41.480000000000004,0.17955,0.1838,0.93207,0.915,0.705,0.512,True
HC_03,healthy,41.49,0.1797,0.21852,0.91403,-1.457,0.862,-2.077,True
HC_03,healthy,41.5,0.1925,0.22421,0.93438,-0.061,1.511,0.038,True
HC_03,healthy,41.51,0.18523,0.23682,0.91999,-0.382,0.287,-1.275,True
HC_03,healthy,41.52,0.176,0.22278,0.92815,-0.746,-0.115,-0.317,True
HC_03,healthy,41.53,0.21435,0.23576,0.94532,0.001,-0.389,-1.132,True
HC_03,healthy,41.54,0.1981,0.23592,0.91682,1.057,0.158,1.481,True
HC_03,healthy,41.550000000000004,0.18845,0.23245,0.92531,-0.194,0.044,1.671,True
HC_03,healthy,41.56,0.20896,0.18662,0.9197,0.151,1.855,2.216,True
HC_03,healthy,41.57,0.19459,0.21045,0.90494,-1.688,0.318,1.751,True
HC_03,healthy,41.58,0.19675,0.2201,0.9414,-0.322,0.207,-0.105,True
HC_03,healthy,41.59,0.19096,0.20594,0.93855,-0.178,0.948,-1.14,True
HC_03,healthy,41.6,0.17082,0.24108,0.9442,-1.785,-0.4,-1.912,True
HC_03,healthy,41.61,0.17802,0.2142,0.94032,-0.132,-1.363,-1.7,True
HC_03,healthy,41.62,0.18898,0.23142,0.89777,0.738,0.128,-1.058,True
HC_03,healthy,41.63,0.1851,0.24814,0.93688,-0.75,-1.924,0.597,True
HC_03,healthy,41.64,0.17629,0.22895,0.9446,0.101,1.138,1.796,True
HC_03,healthy,41.65,0.16007,0.23645,0.93526,0.049,-0.523,0.622,True
HC_03,healthy,41.660000000000004,0.22105,0.24793,0.93592,-0.049,1.23,1.949,True
HC_03,healthy,41.67,0.19201,0.22604,0.93743,-1.928,-1.346,1.513,True
HC_03,healthy,41.68,0.20688,0.23079,0.9357,-0.597,-0.694,-0.179,True
HC_03,healthy,41.69,0.1817,0.20925,0.93259,-0.358,0.529,-0.474,True
HC_03,healthy,41.7,0.16649,0.21698,0.91347,-1.005,-1.223,0.243,True
HC_03,healthy,41.71,0.17217,0.2077,0.92672,0.379,-0.099,-2.338,True
HC_03,healthy,41.72,0.19404,0.22201,0.92065,0.723,0.848,-0.73,True
HC_03,healthy,41.730000000000004,0.20735,0.23382,0.95719,0.759,0.118,-1.027,True
HC_03,healthy,41.74,0.19368,0.22842,0.91638,-0.363,0.689,0.298,True
HC_03,healthy,41.75,0.19762,0.25462,0.90379,-0.202,0.336,0.031,True
HC_03,healthy,41.76,0.17261,0.20064,0.93628,-0.676,0.39,1.688,True
HC_03,healthy,41.77,0.21571,0.18903,0.90651,-0.635,-0.037,1.48,True
HC_03,healthy,41.78,0.18658,0.23494,0.90291,0.291,-1.037,1.019,True
HC_03,healthy,41.79,0.20764,0.19591,0.90994,0.523,-1.982,1.16,True
HC_03,healthy,41.800000000000004,0.17363,0.21666,0.93245,0.134,-0.86,-0.207,True
HC_03,healthy,41.81,0.18347,0.20238,0.93193,0.198,0.27,0.342,True
HC_03,healthy,41.82,0.19782,0.221,0.92939,0.234,-1.411,-0.847,True
HC_03,healthy,41.83,0.18896,0.23067,0.92291,-0.704,0.047,-0.822,True
HC_03,healthy,41.84,0.17792,0.24155,0.93977,-0.541,-0.879,1.24,True
HC_03,healthy,41.85,0.18547,0.23876,0.92844,-0.363,-0.083,1.171,True
HC_03,healthy,41.86,0.20208,0.23686,0.92494,0.316,-0.557,0.408,True
HC_03,healthy,41.87,0.19872,0.23992,0.91769,-0.841,-0.523,1.331,True
HC_03,healthy,41.88,0.23118,0.21814,0.92872,-0.528,-0.926,0.968,True
HC_03,healthy,41.89,0.25283,0.19643,0.92997,0.898,0.154,-0.275,True
HC_03,healthy,41.9,0.2018,0.21514,0.91858,-0.62,0.036,0.4,True
HC_03,healthy,41.910000000000004,0.18943,0.2072,0.92154,0.407,0.543,0.602,True
HC_03,healthy,41.92,0.22129,0.21499,0.88479,0.048,-1.592,-0.544,True
HC_03,healthy,41.93,0.18154,0.22403,0.91307,-0.607,-1.191,-1.77,True
HC_03,healthy,41.94,0.19569,0.22577,0.92589,-0.647,-0.75,-1.034,True
HC_03,healthy,41.95,0.17395,0.22363,0.92854,0.572,0.086,-1.207,True
HC_03,healthy,41.96,0.22209,0.21423,0.93813,0.966,-0.135,0.16,True
HC_03,healthy,41.97,0.20097,0.21113,0.89394,0.535,-1.234,0.105,True
HC_03,healthy,41.980000000000004,0.19665,0.23328,0.93989,-2.132,0.174,0.688,True
HC_03,healthy,41.99,0.19504,0.22116,0.95582,0.891,-0.482,1.742,True
HC_03,healthy,42.0,0.20811,0.22333,0.91138,0.113,-1.461,1.327,True
HC_03,healthy,42.01,0.18768,0.20741,0.92269,-0.272,-0.133,2.466,True
HC_03,healthy,42.02,0.1902,0.19713,0.91831,1.322,-0.11,0.609,True
HC_03,healthy,42.03,0.17987,0.22139,0.91482,-0.994,0.606,-0.704,True
HC_03,healthy,42.04,0.17611,0.24499,0.90683,0.365,0.136,-2.311,True
HC_03,healthy,42.050000000000004,0.17309,0.2492,0.92855,1.53,0.17,-0.083,True
HC_03,healthy,42.06,0.19144,0.23365,0.91664,0.829,-1.679,-1.402,True
HC_03,healthy,42.07,0.18167,0.2492,0.90807,-0.577,-0.049,-0.17,True
HC_03,healthy,42.08,0.19702,0.2354,0.93516,0.56,-0.851,-0.654,True
HC_03,healthy,42.09,0.20736,0.22003,0.89732,-0.858,-0.387,2.185,True
HC_03,healthy,42.1,0.22037,0.23555,0.91374,-0.135,0.521,1.899,True
HC_03,healthy,42.11,0.22335,0.2228,0.9313,0.686,1.239,1.023,True
HC_03,healthy,42.12,0.19963,0.21206,0.92494,0.77,-1.153,1.519,True
HC_03,healthy,42.13,0.18065,0.17936,0.93428,-0.702,1.033,-0.525,True
HC_03,healthy,42.14,0.18762,0.20346,0.94003,0.576,0.668,-0.41,True
HC_03,healthy,42.15,0.18226,0.21188,0.93603,1.355,0.14,-1.223,True
HC_03,healthy,42.160000000000004,0.19827,0.20827,0.92587,0.387,0.963,0.05,True
HC_03,healthy,42.17,0.1794,0.24452,0.9687,0.234,0.914,-1.238,True
HC_03,healthy,42.18,0.21008,0.22007,0.93902,0.421,0.915,1.454,True
HC_03,healthy,42.19,0.24301,0.2406,0.95221,1.6,0.895,0.971,True
HC_03,healthy,42.2,0.20141,0.22689,0.94206,1.134,-1.603,2.019,True
HC_03,healthy,42.21,0.20059,0.22764,0.9239,0.622,0.77,2.934,True
HC_03,healthy,42.22,0.21095,0.21349,0.92426,-0.769,1.105,1.961,True
HC_03,healthy,42.230000000000004,0.22273,0.19822,0.9225,1.529,0.685,-0.822,True
HC_03,healthy,42.24,0.1777,0.19264,0.93392,1.578,-0.798,-0.365,True
HC_03,healthy,42.25,0.19956,0.20946,0.89589,0.565,1.074,-1.48,True
HC_03,healthy,42.26,0.19269,0.22841,0.9363,-0.196,-0.166,-0.959,True
HC_03,healthy,42.27,0.20774,0.22195,0.94855,-0.404,-0.123,-0.825,True
HC_03,healthy,42.28,0.20922,0.25099,0.92176,-0.668,0.68,-1.489,True
HC_03,healthy,42.29,0.18437,0.24164,0.93954,0.425,0.495,-0.114,True
HC_03,healthy,42.300000000000004,0.19981,0.22473,0.95871,-0.202,-0.776,1.211,True
HC_03,healthy,42.31,0.26203,0.22221,0.90909,1.962,0.857,0.726,True
HC_03,healthy,42.32,0.17891,0.2191,0.93242,-0.937,-1.132,0.443,True
HC_03,healthy,42.33,0.21757,0.1952,0.88923,-1.376,-0.143,-0.279,True
HC_03,healthy,42.34,0.21267,0.21999,0.92605,-0.107,0.516,0.686,True
HC_03,healthy,42.35,0.21551,0.21555,0.92773,-0.355,0.022,0.0,True
HC_03,healthy,42.36,0.18104,0.23029,0.92228,0.675,-0.087,-0.765,True
HC_03,healthy,42.37,0.17421,0.20042,0.94443,-1.377,0.264,-1.715,True
HC_03,healthy,42.38,0.1794,0.22436,0.89489,-0.913,0.538,-1.326,True
HC_03,healthy,42.39,0.20689,0.23728,0.89841,0.249,-0.673,-0.717,True
HC_03,healthy,42.4,0.17023,0.24252,0.91727,-0.522,1.188,1.714,True
HC_03,healthy,42.410000000000004,0.20391,0.25014,0.93802,-0.27,0.391,2.298,True
HC_03,healthy,42.42,0.21969,0.21794,0.95247,0.104,0.838,1.941,True
HC_03,healthy,42.43,0.18388,0.21254,0.93509,0.261,-2.142,1.057,True
HC_03,healthy,42.44,0.22651,0.20448,0.89564,0.537,1.605,0.103,True
HC_03,healthy,42.45,0.20952,0.23209,0.93501,-1.139,0.922,0.368,True
HC_03,healthy,42.46,0.20353,0.18611,0.92588,-0.419,-0.038,-0.819,True
HC_03,healthy,42.47,0.18388,0.24158,0.90246,-1.371,-0.307,-1.41,True
HC_03,healthy,42.480000000000004,0.18775,0.22557,0.92697,-0.279,0.899,-1.707,True
HC_03,healthy,42.49,0.20091,0.252,0.94299,-0.35,0.837,0.698,True
HC_03,healthy,42.5,0.21751,0.24047,0.94604,0.053,-0.486,-0.368,True
HC_03,healthy,42.51,0.21089,0.25038,0.92817,-0.314,0.132,0.782,True
HC_03,healthy,42.52,0.22872,0.24633,0.94982,-2.361,-0.368,0.797,True
HC_03,healthy,42.53,0.23599,0.20335,0.92095,0.518,1.197,1.483,True
HC_03,healthy,42.54,0.21066,0.21045,0.93325,0.829,0.827,2.098,True
HC_03,healthy,42.550000000000004,0.21198,0.1928,0.91873,1.487,-0.438,0.177,True
HC_03,healthy,42.56,0.19121,0.20546,0.92881,1.818,0.555,0.207,True
HC_03,healthy,42.57,0.20664,0.20508,0.90995,-1.332,1.07,-0.99,True
HC_03,healthy,42.58,0.15947,0.22196,0.93679,0.803,-1.691,0.682,True
HC_03,healthy,42.59,0.17557,0.23723,0.93588,0.735,0.171,-1.233,True
HC_03,healthy,42.6,0.19014,0.21899,0.92641,2.862,-0.443,-2.153,True
HC_03,healthy,42.61,0.20046,0.23948,0.91107,-0.439,1.318,0.981,True
HC_03,healthy,42.62,0.22282,0.25153,0.90948,-1.487,0.146,0.563,True
HC_03,healthy,42.63,0.19922,0.2526,0.93038,-0.635,-1.29,1.244,True
HC_03,healthy,42.64,0.22032,0.24115,0.93386,0.793,-0.143,0.231,True
HC_03,healthy,42.65,0.20083,0.19944,0.93623,-1.024,-0.588,0.939,True
HC_03,healthy,42.660000000000004,0.21424,0.21482,0.94046,-0.046,-1.342,0.818,True
HC_03,healthy,42.67,0.18447,0.19421,0.93884,-0.577,-0.083,-0.502,True
HC_03,healthy,42.68,0.19297,0.2197,0.91163,-1.294,0.794,-0.736,True
HC_03,healthy,42.69,0.18266,0.23413,0.92186,-0.49,-1.237,-0.268,True
HC_03,healthy,42.7,0.16667,0.2186,0.93494,-0.1,-1.682,-2.583,True
HC_03,healthy,42.71,0.18213,0.24979,0.9289,-0.515,1.949,-1.656,True
HC_03,healthy,42.72,0.17952,0.24359,0.92943,0.997,0.965,-1.166,True
HC_03,healthy,42.730000000000004,0.19394,0.19093,0.94466,0.794,1.507,0.181,True
HC_03,healthy,42.74,0.22266,0.25043,0.95292,-0.371,-0.2,-0.261,True
HC_03,healthy,42.75,0.23082,0.2334,0.92385,0.286,-0.663,3.806,True
HC_03,healthy,42.76,0.21046,0.19828,0.9157,-0.517,-0.3,1.467,True
HC_03,healthy,42.77,0.21285,0.23616,0.9031,-0.349,-0.104,0.93,True
HC_03,healthy,42.78,0.17735,0.21926,0.93659,-0.532,0.113,0.954,True
HC_03,healthy,42.79,0.16345,0.21478,0.94794,0.416,-0.327,0.327,True
HC_03,healthy,42.800000000000004,0.1863,0.23284,0.93137,-0.296,-0.595,-2.529,True
HC_03,healthy,42.81,0.15676,0.21619,0.93885,-1.196,0.296,-2.961,True
HC_03,healthy,42.82,0.18104,0.20953,0.89733,-0.01,-1.331,-0.028,True
HC_03,healthy,42.83,0.17837,0.24406,0.94907,0.588,-0.438,-1.572,True
HC_03,healthy,42.84,0.18291,0.23795,0.92438,-1.502,0.935,-0.789,True
HC_03,healthy,42.85,0.18653,0.24964,0.95229,-0.467,0.461,0.812,True
HC_03,healthy,42.86,0.23033,0.2168,0.93511,0.892,-1.442,2.28,True
HC_03,healthy,42.87,0.21193,0.20293,0.93238,-1.4,0.115,0.424,True
HC_03,healthy,42.88,0.21631,0.22964,0.92376,0.386,0.1,0.22,True
HC_03,healthy,42.89,0.18215,0.20355,0.9366,-0.129,-0.738,0.974,True
HC_03,healthy,42.9,0.17653,0.2242,0.91169,0.243,0.524,-0.547,True
HC_03,healthy,42.910000000000004,0.20362,0.19165,0.91941,-0.068,-0.639,-1.264,True
HC_03,healthy,42.92,0.16295,0.2371,0.90753,0.594,-0.349,-1.475,True
HC_03,healthy,42.93,0.20256,0.22972,0.91561,-0.002,0.522,-1.437,True
HC_03,healthy,42.94,0.21068,0.2363,0.94903,0.956,-1.274,2.747,True
HC_03,healthy,42.95,0.18863,0.2085,0.91744,0.702,-0.35,1.137,True
HC_03,healthy,42.96,0.20188,0.22985,0.91682,-0.285,-0.015,0.729,True
HC_03,healthy,42.97,0.2232,0.2082,0.94042,-0.809,-0.019,2.082,True
HC_03,healthy,42.980000000000004,0.20349,0.20538,0.94889,-0.154,-0.328,0.71,True
HC_03,healthy,42.99,0.16069,0.21461,0.92021,0.254,0.205,1.591,True
HC_03,healthy,43.0,0.19774,0.23268,0.9523,0.847,-0.899,-0.252,True
HC_03,healthy,43.01,0.18894,0.2229,0.92163,-0.478,0.435,0.313,True
HC_03,healthy,43.02,0.19468,0.22253,0.92307,1.553,-0.619,-1.043,True
HC_03,healthy,43.03,0.22348,0.2404,0.90264,0.127,-0.93,-2.181,True
HC_03,healthy,43.04,0.17968,0.2229,0.93053,-0.062,1.069,-0.228,True
HC_03,healthy,43.050000000000004,0.18998,0.24261,0.94616,0.018,0.92,0.423,True
HC_03,healthy,43.06,0.19297,0.26566,0.93411,0.173,-0.255,1.127,True
HC_03,healthy,43.07,0.19762,0.23812,0.94181,0.283,0.067,0.928,True
HC_03,healthy,43.08,0.22576,0.2269,0.9236,-0.868,2.006,2.823,True
HC_03,healthy,43.09,0.19058,0.19607,0.94202,1.197,-0.783,1.73,True
HC_03,healthy,43.1,0.17229,0.20887,0.89516,-0.096,-1.346,-1.271,True
HC_03,healthy,43.11,0.14595,0.21197,0.89523,1.424,0.663,-1.305,True
HC_03,healthy,43.12,0.19716,0.22422,0.93981,0.519,1.501,-1.357,True
HC_03,healthy,43.13,0.15404,0.22805,0.92914,-0.52,1.1,-1.257,True
HC_03,healthy,43.14,0.17227,0.20527,0.9327,0.551,-0.33,-1.458,True
HC_03,healthy,43.15,0.18914,0.22691,0.92302,1.084,-0.095,-1.668,True
HC_03,healthy,43.160000000000004,0.22276,0.2271,0.93488,-0.085,1.129,-0.551,True
HC_03,healthy,43.17,0.18863,0.24118,0.91492,-0.351,0.367,0.83,True
HC_03,healthy,43.18,0.21014,0.25171,0.93458,-0.637,-0.395,1.442,True
HC_03,healthy,43.19,0.22202,0.22274,0.91959,-0.301,1.717,1.947,True
HC_03,healthy,43.2,0.18754,0.20824,0.93909,1.181,-1.784,0.973,True
HC_03,healthy,43.21,0.19157,0.18343,0.90741,0.558,1.017,0.988,True
HC_03,healthy,43.22,0.18362,0.23839,0.9367,-0.479,0.489,-2.418,True
HC_03,healthy,43.230000000000004,0.17669,0.20915,0.92296,-0.527,0.93,-0.647,True
HC_03,healthy,43.24,0.19166,0.19953,0.93318,-0.414,-0.174,-0.397,True
HC_03,healthy,43.25,0.18636,0.23044,0.94452,0.5,-0.417,-1.746,True
HC_03,healthy,43.26,0.21538,0.22543,0.93888,-0.972,-0.249,-2.573,True
HC_03,healthy,43.27,0.22617,0.22601,0.95139,-0.364,-0.292,0.72,True
HC_03,healthy,43.28,0.23051,0.22887,0.95494,0.056,-1.816,3.193,True
HC_03,healthy,43.29,0.21884,0.23985,0.92958,1.23,-1.045,1.84,True
HC_03,healthy,43.300000000000004,0.20002,0.23799,0.93436,-0.125,-0.022,0.702,True
HC_03,healthy,43.31,0.2315,0.20536,0.9257,-1.638,0.378,-0.073,True
HC_03,healthy,43.32,0.20826,0.21678,0.90599,-0.421,-0.933,0.9,True
HC_03,healthy,43.33,0.21144,0.2044,0.93133,-1.462,0.236,0.029,True
HC_03,healthy,43.34,0.17863,0.19238,0.93775,-0.305,-0.362,-1.785,True
HC_03,healthy,43.35,0.17977,0.20643,0.94834,0.517,0.375,-1.81,True
HC_03,healthy,43.36,0.16644,0.23053,0.8954,-0.529,-1.863,-1.379,True
HC_03,healthy,43.37,0.17141,0.25355,0.92719,0.808,-0.635,1.32,True
HC_03,healthy,43.38,0.20476,0.24503,0.94774,-0.485,-0.333,0.078,True
HC_03,healthy,43.39,0.17853,0.23689,0.90875,1.431,0.822,1.564,True
HC_03,healthy,43.4,0.22093,0.25868,0.94377,0.724,0.1,1.625,True
HC_03,healthy,43.410000000000004,0.21644,0.21144,0.92658,-1.065,-0.778,1.276,True
HC_03,healthy,43.42,0.22424,0.20919,0.89891,0.699,0.731,1.594,True
HC_03,healthy,43.43,0.19196,0.21623,0.93902,-0.857,0.297,0.684,True
HC_03,healthy,43.44,0.16946,0.20842,0.91821,0.286,0.666,-1.666,True
HC_03,healthy,43.45,0.18438,0.20296,0.93286,-0.146,-1.721,-2.037,True
HC_03,healthy,43.46,0.17855,0.23394,0.91177,0.541,-0.983,-1.778,True
HC_03,healthy,43.47,0.18109,0.23588,0.93901,-1.462,-0.136,-2.278,True
HC_03,healthy,43.480000000000004,0.18685,0.21946,0.92979,-0.182,-0.095,-1.778,True
HC_03,healthy,43.49,0.16315,0.21812,0.92114,-0.083,0.091,-0.591,True
HC_03,healthy,43.5,0.18767,0.24237,0.91635,-0.193,-1.455,-0.39,True
HC_03,healthy,43.51,0.20662,0.22856,0.94126,-0.781,-0.184,1.244,True
HC_03,healthy,43.52,0.20422,0.21514,0.94725,1.25,-0.124,0.733,True
HC_03,healthy,43.53,0.20948,0.22645,0.92444,0.757,-0.076,1.539,True
HC_03,healthy,43.54,0.1931,0.22253,0.91977,0.643,-0.681,-0.09,True
HC_03,healthy,43.550000000000004,0.19298,0.2112,0.95001,-0.018,0.753,-1.376,True
HC_03,healthy,43.56,0.18238,0.21869,0.93094,0.7,0.745,-2.817,True
HC_03,healthy,43.57,0.18621,0.23088,0.91395,-1.492,0.77,-2.58,True
HC_03,healthy,43.58,0.19448,0.23031,0.92561,1.298,-1.026,-0.296,True
HC_03,healthy,43.59,0.16945,0.22868,0.96488,0.603,0.256,0.129,True
HC_03,healthy,43.6,0.2156,0.22596,0.92286,-0.075,0.788,0.219,True
HC_03,healthy,43.61,0.20512,0.20154,0.94398,-0.994,0.634,-0.085,True
HC_03,healthy,43.62,0.19309,0.21413,0.92409,0.336,0.613,2.398,True
HC_03,healthy,43.63,0.2114,0.20571,0.90706,0.124,0.781,0.9,True
HC_03,healthy,43.64,0.18494,0.19682,0.91257,0.684,0.4,0.001,True
HC_03,healthy,43.65,0.195,0.19025,0.9232,0.654,0.793,1.672,True
HC_03,healthy,43.660000000000004,0.16617,0.20977,0.90511,-0.423,0.812,-0.644,True
HC_03,healthy,43.67,0.17725,0.20885,0.91948,0.397,0.648,-1.228,True
HC_03,healthy,43.68,0.18237,0.20867,0.95112,-0.616,0.124,-0.052,True
HC_03,healthy,43.69,0.18634,0.21658,0.93699,1.651,0.427,-2.826,True
HC_03,healthy,43.7,0.18461,0.20491,0.92762,-1.355,-0.566,0.998,True
HC_03,healthy,43.71,0.19786,0.23612,0.92996,-1.063,0.832,0.41,True
HC_03,healthy,43.72,0.19457,0.22288,0.92515,0.318,0.79,1.933,True
HC_03,healthy,43.730000000000004,0.17946,0.21469,0.93895,-1.195,1.046,-0.15,True
HC_03,healthy,43.74,0.22171,0.20109,0.96453,0.084,-0.036,2.215,True
HC_03,healthy,43.75,0.22701,0.20581,0.91748,0.89,-0.76,1.668,True
HC_03,healthy,43.76,0.17087,0.2014,0.92919,1.325,0.039,-0.951,True
HC_03,healthy,43.77,0.15612,0.21596,0.92809,-0.635,-0.672,-0.679,True
HC_03,healthy,43.78,0.15129,0.24512,0.92456,0.826,0.487,-0.775,True
HC_03,healthy,43.79,0.17459,0.19687,0.93461,-1.397,0.554,-1.41,True
HC_03,healthy,43.800000000000004,0.13404,0.22162,0.91741,-0.184,0.413,-1.852,True
HC_03,healthy,43.81,0.19301,0.21779,0.95136,-0.197,-0.313,-1.34,True
HC_03,healthy,43.82,0.1772,0.23106,0.94115,-0.005,0.16,1.881,True
HC_03,healthy,43.83,0.20314,0.24251,0.94942,0.288,0.375,1.815,True
HC_03,healthy,43.84,0.20053,0.21138,0.94286,0.349,0.072,1.214,True
HC_03,healthy,43.85,0.17888,0.21023,0.92436,0.257,-0.058,2.178,True
HC_03,healthy,43.86,0.18084,0.21048,0.91571,-0.524,0.298,-0.03,True
HC_03,healthy,43.87,0.17129,0.23092,0.92019,-0.86,-2.314,-1.001,True
HC_03,healthy,43.88,0.18632,0.19186,0.96399,-0.312,-0.451,-2.247,True
HC_03,healthy,43.89,0.1599,0.20743,0.94881,0.282,1.235,-0.389,True
HC_03,healthy,43.9,0.20526,0.22856,0.92381,-0.116,-2.711,-0.446,True
HC_03,healthy,43.910000000000004,0.17243,0.22432,0.94379,-0.44,0.407,-0.008,True
HC_03,healthy,43.92,0.1754,0.22759,0.93899,-0.524,-0.533,0.802,True
HC_03,healthy,43.93,0.18655,0.24029,0.94767,0.949,1.547,1.439,True
HC_03,healthy,43.94,0.1628,0.20239,0.96281,1.933,-0.46,1.362,True
HC_03,healthy,43.95,0.19531,0.21279,0.91795,0.334,-0.244,1.449,True
HC_03,healthy,43.96,0.18282,0.19768,0.92849,0.622,0.336,0.127,True
HC_03,healthy,43.97,0.21043,0.21533,0.94313,-0.426,-0.265,-0.529,True
HC_03,healthy,43.980000000000004,0.19025,0.20707,0.9256,0.537,-0.195,-1.088,True
HC_03,healthy,43.99,0.16769,0.20426,0.92589,-0.656,1.141,-1.667,True
HC_03,healthy,44.0,0.16402,0.23072,0.92814,-0.654,1.763,-0.009,True
HC_03,healthy,44.01,0.15849,0.20513,0.93232,0.852,-0.271,-1.489,True
HC_03,healthy,44.02,0.14968,0.21411,0.93676,1.371,0.72,0.114,True
HC_03,healthy,44.03,0.18085,0.23301,0.93219,0.78,0.155,-0.08,True
HC_03,healthy,44.04,0.21716,0.2236,0.91782,-0.169,-0.837,0.62,True
HC_03,healthy,44.050000000000004,0.18085,0.25356,0.92263,1.318,-1.149,1.668,True
HC_03,healthy,44.06,0.17363,0.24346,0.94996,-0.516,1.023,2.118,True
HC_03,healthy,44.07,0.19691,0.22788,0.94104,-1.197,0.143,1.631,True
HC_03,healthy,44.08,0.18847,0.19433,0.95339,0.173,-0.876,0.83,True
HC_03,healthy,44.09,0.17061,0.21893,0.93875,-0.05,-1.386,0.297,True
HC_03,healthy,44.1,0.16335,0.22859,0.9287,-0.88,0.656,-2.447,True
HC_03,healthy,44.11,0.14764,0.21783,0.94435,-1.534,1.161,-1.427,True
HC_03,healthy,44.12,0.16875,0.23967,0.91099,-0.378,1.12,-0.484,True
HC_03,healthy,44.13,0.18353,0.21456,0.93948,-0.781,-0.074,-1.126,True
HC_03,healthy,44.14,0.16113,0.21653,0.95939,0.46,0.577,1.433,True
HC_03,healthy,44.15,0.19146,0.22501,0.96597,0.442,0.456,-0.326,True
HC_03,healthy,44.160000000000004,0.2037,0.1807,0.92287,0.337,-0.62,1.323,True
HC_03,healthy,44.17,0.17556,0.23912,0.962,-0.315,0.107,1.518,True
HC_03,healthy,44.18,0.16539,0.19832,0.93241,-0.883,0.909,-0.339,True
HC_03,healthy,44.19,0.18374,0.19938,0.96315,-0.341,-1.056,0.355,True
HC_03,healthy,44.2,0.17451,0.24272,0.9567,-0.428,-0.55,-0.547,True
HC_03,healthy,44.21,0.13765,0.21885,0.92393,0.069,-0.768,-3.548,True
HC_03,healthy,44.22,0.18084,0.20744,0.96169,0.131,-0.594,-1.159,True
HC_03,healthy,44.230000000000004,0.15782,0.24134,0.92849,0.447,-0.122,-1.164,True
HC_03,healthy,44.24,0.16941,0.23004,0.95404,-0.605,-0.949,-0.315,True
HC_03,healthy,44.25,0.16194,0.21298,0.96787,-0.319,0.146,-2.34,True
HC_03,healthy,44.26,0.17085,0.23641,0.94807,0.104,0.635,3.206,True
HC_03,healthy,44.27,0.17509,0.19086,0.92795,-0.389,0.127,1.291,True
HC_03,healthy,44.28,0.20321,0.22426,0.93663,-1.382,-0.002,1.054,True
HC_03,healthy,44.29,0.17802,0.1902,0.93887,0.874,-0.97,1.343,True
HC_03,healthy,44.300000000000004,0.19113,0.18881,0.92483,1.358,-0.44,-0.552,True
HC_03,healthy,44.31,0.16502,0.14907,0.92957,0.314,-0.132,-2.372,True
HC_03,healthy,44.32,0.17541,0.19337,0.95693,-0.421,-0.553,-1.458,True
HC_03,healthy,44.33,0.15774,0.20726,0.92847,1.494,0.513,-0.33,True
HC_03,healthy,44.34,0.15038,0.23939,0.96286,1.004,0.027,0.166,True
HC_03,healthy,44.35,0.17574,0.19752,0.93696,0.862,1.269,-1.236,True
HC_03,healthy,44.36,0.19744,0.22454,0.94374,0.274,-1.241,-0.377,True
HC_03,healthy,44.37,0.19171,0.21011,0.94277,0.535,-0.871,0.916,True
HC_03,healthy,44.38,0.15623,0.22005,0.91397,0.54,-1.64,-0.053,True
HC_03,healthy,44.39,0.17807,0.20072,0.95857,-0.001,-0.143,1.928,True
HC_03,healthy,44.4,0.19947,0.19804,0.96381,-0.299,-0.235,2.244,True
HC_03,healthy,44.410000000000004,0.16687,0.2043,0.94201,0.764,-1.609,3.014,True
HC_03,healthy,44.42,0.17447,0.18313,0.94551,1.661,-1.284,-1.468,True
HC_03,healthy,44.43,0.1515,0.21012,0.94046,0.251,0.135,-1.675,True
HC_03,healthy,44.44,0.14727,0.19986,0.94017,-1.372,0.383,-1.884,True
HC_03,healthy,44.45,0.17451,0.24765,0.94336,-0.138,0.935,-1.406,True
HC_03,healthy,44.46,0.15803,0.20769,0.93197,-0.341,0.951,0.874,True
HC_03,healthy,44.47,0.17107,0.21253,0.94267,0.983,0.477,-0.173,True
HC_03,healthy,44.480000000000004,0.20197,0.21461,0.93917,-1.583,-0.783,1.816,True
HC_03,healthy,44.49,0.18685,0.19866,0.93558,-0.464,0.152,2.366,True
HC_03,healthy,44.5,0.17752,0.19774,0.93547,0.361,-0.784,2.761,True
HC_03,healthy,44.51,0.18574,0.19778,0.95312,-0.357,0.668,2.159,True
HC_03,healthy,44.52,0.16038,0.17369,0.96989,-1.268,0.159,0.147,True
HC_03,healthy,44.53,0.16014,0.19322,0.94256,0.661,-0.668,-1.049,True
HC_03,healthy,44.54,0.17085,0.20174,0.95608,0.275,-0.269,-0.536,True
HC_03,healthy,44.550000000000004,0.14341,0.23237,0.96219,0.543,-0.562,-1.663,True
HC_03,healthy,44.56,0.14148,0.19543,0.9469,-0.252,-0.762,-2.056,True
HC_03,healthy,44.57,0.16707,0.23064,0.96813,0.732,-0.817,-1.306,True
HC_03,healthy,44.58,0.16157,0.19881,0.97192,0.064,-1.343,-0.427,True
HC_03,healthy,44.59,0.18633,0.25577,0.97533,-0.115,0.346,-0.327,True
HC_03,healthy,44.6,0.19506,0.20694,0.95089,1.409,0.048,1.742,True
HC_03,healthy,44.61,0.16863,0.20828,0.95395,0.784,0.854,0.473,True
HC_03,healthy,44.62,0.18092,0.189,0.94696,-1.361,0.932,1.534,True
HC_03,healthy,44.63,0.16369,0.20779,0.92796,-0.482,-1.072,1.13,True
HC_03,healthy,44.64,0.15509,0.20999,0.95519,-1.222,0.013,0.977,True
HC_03,healthy,44.65,0.12908,0.20054,0.94643,0.931,0.437,-2.012,True
HC_03,healthy,44.660000000000004,0.12745,0.22495,0.94122,0.79,-0.353,-1.884,True
HC_03,healthy,44.67,0.15311,0.2048,0.96959,-1.279,0.08,-1.06,True
HC_03,healthy,44.68,0.15901,0.20775,0.93467,1.916,-0.519,-1.21,True
HC_03,healthy,44.69,0.14737,0.20403,0.95497,-0.111,0.169,1.752,True
HC_03,healthy,44.7,0.15518,0.21044,0.94336,-0.465,-0.111,2.06,True
HC_03,healthy,44.71,0.17126,0.22203,0.94718,-0.024,0.736,2.209,True
HC_03,healthy,44.72,0.16244,0.20275,0.93483,-0.655,0.055,1.029,True
HC_03,healthy,44.730000000000004,0.18247,0.2003,0.9825,0.76,0.744,0.395,True
HC_03,healthy,44.74,0.13734,0.18046,0.94481,0.324,-0.027,-0.966,True
HC_03,healthy,44.75,0.15826,0.18724,0.93969,-0.137,0.916,-0.604,True
HC_03,healthy,44.76,0.15647,0.22383,0.96082,-1.715,0.631,-1.8,True
HC_03,healthy,44.77,0.13036,0.20143,0.95278,-0.839,0.657,-0.194,True
HC_03,healthy,44.78,0.12028,0.21262,0.9634,1.264,-0.612,-0.522,True
HC_03,healthy,44.79,0.14145,0.2208,0.93562,0.455,0.299,-0.2,True
HC_03,healthy,44.800000000000004,0.15849,0.21673,0.95001,0.201,-1.714,-0.661,True
HC_03,healthy,44.81,0.18228,0.20481,0.94061,0.523,-2.113,0.874,True
HC_03,healthy,44.82,0.16382,0.18234,0.93977,-0.169,-0.21,2.237,True
HC_03,healthy,44.83,0.18087,0.21651,0.94426,-1.021,0.518,0.46,True
HC_03,healthy,44.84,0.17175,0.20482,0.95756,-0.243,-0.169,0.676,True
HC_03,healthy,44.85,0.14627,0.20083,0.95762,-2.133,1.234,1.187,True
HC_03,healthy,44.86,0.14197,0.22179,0.95784,-0.013,0.31,-0.944,True
HC_03,healthy,44.87,0.14909,0.22562,0.94871,0.48,2.183,-0.459,True
HC_03,healthy,44.88,0.13324,0.21795,0.9628,1.004,0.05,-1.728,True
HC_03,healthy,44.89,0.13449,0.23738,0.93742,1.707,-0.8,-1.453,True
HC_03,healthy,44.9,0.14864,0.20111,0.93166,-0.765,-0.405,-0.964,True
HC_03,healthy,44.910000000000004,0.17228,0.21208,0.92831,-1.507,-1.045,-0.278,True
HC_03,healthy,44.92,0.15827,0.20853,0.94084,-0.021,-0.145,1.727,True
HC_03,healthy,44.93,0.18169,0.18227,0.9476,0.54,-0.553,0.365,True
HC_03,healthy,44.94,0.16208,0.19597,0.94098,0.522,-1.328,2.396,True
HC_03,healthy,44.95,0.15085,0.1858,0.94996,-0.499,0.762,0.046,True
HC_03,healthy,44.96,0.16158,0.1921,0.93913,0.54,-0.505,-1.456,True
HC_03,healthy,44.97,0.14611,0.17428,0.95963,-0.138,-0.229,-0.533,True
HC_03,healthy,44.980000000000004,0.136,0.21468,0.96199,0.769,0.676,-1.962,True
HC_03,healthy,44.99,0.12428,0.20114,0.94831,-0.757,0.188,0.294,True
