subject_id,label,timestamp,accel_x,accel_y,accel_z,gyro_x,gyro_y,gyro_z,is_synthetic
PD_03,pd,0.0,0.17502,0.33214,1.01113,3.82,11.306,23.73,True
PD_03,pd,0.01,0.20899,0.3177,1.00807,7.531,11.806,24.865,True
PD_03,pd,0.02,0.27551,0.25665,1.00438,11.426,9.567,24.577,True
PD_03,pd,0.03,0.28924,0.25136,1.00437,13.796,7.084,21.969,True
PD_03,pd,0.04,0.331,0.18416,0.99011,14.309,4.763,15.675,True
PD_03,pd,0.05,0.34677,0.13974,0.99026,16.776,1.098,11.691,True
PD_03,pd,0.06,0.30005,0.13438,0.99654,13.963,-3.293,3.458,True
PD_03,pd,0.07,0.28235,0.09668,0.95007,12.183,-4.579,-2.899,True
PD_03,pd,0.08,0.25076,0.09314,0.90595,8.417,-7.441,-9.227,True
PD_03,pd,0.09,0.21001,0.09393,0.92866,4.271,-10.19,-14.845,True
PD_03,pd,0.1,0.16958,0.09013,0.92989,-0.657,-10.387,-17.808,True
PD_03,pd,0.11,0.19792,0.08891,0.90163,-5.124,-9.621,-19.552,True
PD_03,pd,0.12,0.09083,0.13997,0.90436,-8.198,-8.71,-20.377,True
PD_03,pd,0.13,0.07856,0.16331,0.87266,-11.666,-8.035,-21.48,True
PD_03,pd,0.14,0.06889,0.16881,0.92184,-12.814,-5.835,-17.42,True
PD_03,pd,0.15,0.0362,0.22579,0.90319,-13.709,-2.7,-13.69,True
PD_03,pd,0.16,-0.01506,0.26009,0.93507,-13.553,0.249,-8.597,True
PD_03,pd,0.17,-0.02291,0.25116,0.93567,-12.874,2.656,-2.494,True
PD_03,pd,0.18,-0.00537,0.29557,0.92647,-10.372,3.69,2.992,True
PD_03,pd,0.19,0.03868,0.28706,0.97759,-6.388,6.346,10.183,True
PD_03,pd,0.2,0.06448,0.30971,0.96589,-2.927,8.65,13.346,True
PD_03,pd,0.21,0.09353,0.28253,0.96021,1.173,9.968,18.341,True
PD_03,pd,0.22,0.17979,0.29333,0.98052,4.598,9.586,19.865,True
PD_03,pd,0.23,0.23838,0.28238,1.00774,8.664,8.148,20.377,True
PD_03,pd,0.24,0.2867,0.23092,0.98136,11.015,6.245,17.845,True
PD_03,pd,0.25,0.32278,0.19247,0.96901,11.226,5.249,15.355,True
PD_03,pd,0.26,0.31062,0.19559,0.97585,11.858,1.322,11.64,True
PD_03,pd,0.27,0.2929,0.16507,0.95896,12.064,0.003,7.08,True
PD_03,pd,0.28,0.25665,0.15567,0.97226,10.508,-3.286,1.498,True
PD_03,pd,0.29,0.25103,0.10169,0.94326,7.903,-5.428,-5.367,True
PD_03,pd,0.3,0.21796,0.09952,0.9419,5.645,-6.115,-10.121,True
PD_03,pd,0.31,0.21726,0.09837,0.91958,3.392,-8.331,-14.121,True
PD_03,pd,0.32,0.16507,0.10785,0.91582,-2.737,-8.021,-16.575,True
PD_03,pd,0.33,0.13736,0.13309,0.90582,-5.115,-9.179,-18.838,True
PD_03,pd,0.34,0.1396,0.1624,0.90065,-8.243,-8.5,-18.051,True
PD_03,pd,0.35000000000000003,0.09648,0.18469,0.91834,-9.163,-5.285,-15.536,True
PD_03,pd,0.36,0.03031,0.19458,0.89648,-11.841,-3.149,-13.634,True
PD_03,pd,0.37,0.04919,0.2185,0.89984,-11.011,-0.36,-9.26,True
PD_03,pd,0.38,0.00593,0.25738,0.93548,-10.53,-0.497,-4.556,True
PD_03,pd,0.39,0.02661,0.27173,0.92472,-9.297,2.704,0.073,True
PD_03,pd,0.4,0.0357,0.29647,0.94953,-7.691,5.275,4.9,True
PD_03,pd,0.41000000000000003,0.06102,0.30293,0.9766,-3.549,5.296,9.198,True
PD_03,pd,0.42,0.12221,0.29905,0.9733,-1.213,7.099,11.74,True
PD_03,pd,0.43,0.17484,0.27928,0.99079,1.034,7.24,14.5,True
PD_03,pd,0.44,0.24075,0.26597,0.97326,3.926,6.625,14.67,True
PD_03,pd,0.45,0.22608,0.25819,0.97648,7.713,5.264,14.348,True
PD_03,pd,0.46,0.27695,0.24955,0.9782,8.38,4.333,13.453,True
PD_03,pd,0.47000000000000003,0.23462,0.21605,0.97124,9.978,3.508,10.896,True
PD_03,pd,0.48,0.25595,0.18878,0.98922,8.31,-0.3,6.655,True
PD_03,pd,0.49,0.27955,0.1918,0.99381,8.705,-0.661,2.904,True
PD_03,pd,0.5,0.25257,0.14717,0.96294,7.011,-3.551,-0.74,True
PD_03,pd,0.51,0.23131,0.11212,0.95667,5.522,-6.345,-4.9,True
PD_03,pd,0.52,0.1778,0.15413,0.94303,2.833,-6.948,-8.558,True
PD_03,pd,0.53,0.18139,0.14923,0.90139,-0.177,-7.601,-11.523,True
PD_03,pd,0.54,0.1398,0.15748,0.92342,-3.267,-6.835,-12.692,True
PD_03,pd,0.55,0.14899,0.14854,0.90403,-5.696,-6.056,-12.413,True
PD_03,pd,0.56,0.13001,0.18702,0.88946,-6.233,-5.776,-13.697,True
PD_03,pd,0.5700000000000001,0.10491,0.19715,0.88684,-7.819,-4.009,-11.891,True
PD_03,pd,0.58,0.06484,0.21469,0.91053,-8.425,-1.333,-7.801,True
PD_03,pd,0.59,0.08966,0.24416,0.93121,-7.572,-0.071,-4.185,True
PD_03,pd,0.6,0.07455,0.2855,0.93708,-8.025,1.335,-0.778,True
PD_03,pd,0.61,0.05741,0.26123,0.96209,-7.186,2.374,2.152,True
PD_03,pd,0.62,0.104,0.27759,0.9718,-5.019,4.244,5.146,True
PD_03,pd,0.63,0.12379,0.29065,0.94771,-1.421,6.17,7.474,True
PD_03,pd,0.64,0.15921,0.28081,0.94705,1.023,5.051,10.538,True
PD_03,pd,0.65,0.16358,0.23929,0.94919,4.169,5.995,12.645,True
PD_03,pd,0.66,0.23339,0.2451,0.96916,5.159,4.439,12.459,True
PD_03,pd,0.67,0.23441,0.23274,0.97156,5.503,3.09,10.378,True
PD_03,pd,0.68,0.24543,0.21466,0.96129,6.87,3.752,9.488,True
PD_03,pd,0.6900000000000001,0.24753,0.19592,0.96384,8.448,1.426,7.057,True
PD_03,pd,0.7000000000000001,0.20762,0.20705,0.98436,6.95,-1.003,3.193,True
PD_03,pd,0.71,0.23165,0.15906,0.94333,5.493,-1.698,0.682,True
PD_03,pd,0.72,0.22705,0.17312,0.91345,3.948,-3.739,-2.948,True
PD_03,pd,0.73,0.20343,0.1558,0.95289,2.053,-4.291,-6.405,True
PD_03,pd,0.74,0.17365,0.16539,0.91414,2.219,-5.106,-7.29,True
PD_03,pd,0.75,0.16507,0.15891,0.93203,-1.147,-3.651,-9.204,True
PD_03,pd,0.76,0.17869,0.15009,0.89637,-4.66,-3.365,-9.305,True
PD_03,pd,0.77,0.13726,0.19404,0.90387,-4.602,-3.354,-9.84,True
PD_03,pd,0.78,0.16029,0.15883,0.91459,-4.666,-3.019,-7.838,True
PD_03,pd,0.79,0.12473,0.20382,0.91954,-4.938,-1.479,-7.886,True
PD_03,pd,0.8,0.13516,0.21215,0.91909,-6.23,0.202,-3.425,True
PD_03,pd,0.81,0.10061,0.21789,0.94598,-5.372,2.24,-2.271,True
PD_03,pd,0.8200000000000001,0.12167,0.24093,0.93366,-4.195,0.771,1.949,True
PD_03,pd,0.8300000000000001,0.13488,0.23809,0.94115,-4.213,2.369,3.441,True
PD_03,pd,0.84,0.14106,0.2377,0.93604,-2.176,3.426,4.825,True
PD_03,pd,0.85,0.14504,0.2357,0.94512,0.033,4.934,6.266,True
PD_03,pd,0.86,0.17708,0.23929,0.96892,1.405,2.872,7.665,True
PD_03,pd,0.87,0.20685,0.25339,0.96094,1.272,3.282,7.597,True
PD_03,pd,0.88,0.24136,0.2323,0.95238,4.93,3.503,7.266,True
PD_03,pd,0.89,0.20479,0.23494,0.95058,4.073,1.636,6.761,True
PD_03,pd,0.9,0.23532,0.21604,0.94888,5.597,1.463,4.581,True
PD_03,pd,0.91,0.25096,0.19477,0.93084,5.902,0.879,3.489,True
PD_03,pd,0.92,0.21929,0.1793,0.93969,4.847,0.51,1.245,True
PD_03,pd,0.93,0.2175,0.19203,0.95252,2.006,-1.428,0.03,True
PD_03,pd,0.9400000000000001,0.23846,0.16352,0.93109,3.207,-2.245,-1.655,True
PD_03,pd,0.9500000000000001,0.20325,0.17448,0.93731,1.231,-1.865,-4.882,True
PD_03,pd,0.96,0.16144,0.18248,0.961,0.342,-2.625,-5.623,True
PD_03,pd,0.97,0.17123,0.18077,0.93819,-3.033,-3.776,-6.484,True
PD_03,pd,0.98,0.18378,0.21918,0.94628,-1.987,-2.789,-6.253,True
PD_03,pd,0.99,0.16825,0.2321,0.89695,-2.443,-2.665,-4.832,True
PD_03,pd,1.0,0.15338,0.22864,0.92568,-3.066,-0.489,-4.375,True
PD_03,pd,1.01,0.15116,0.23157,0.92899,-3.287,-1.054,-4.264,True
PD_03,pd,1.02,0.14352,0.23129,0.91878,-3.554,0.912,-2.169,True
PD_03,pd,1.03,0.13325,0.25497,0.91413,-3.388,0.6,-0.458,True
PD_03,pd,1.04,0.14004,0.234,0.94373,-1.764,2.002,0.655,True
PD_03,pd,1.05,0.14856,0.25236,0.93109,-2.414,2.464,3.514,True
PD_03,pd,1.06,0.16648,0.22921,0.93087,-0.943,2.197,2.527,True
PD_03,pd,1.07,0.18535,0.25605,0.97649,0.662,1.162,4.766,True
PD_03,pd,1.08,0.18478,0.24546,0.94161,0.192,0.653,4.274,True
PD_03,pd,1.09,0.19686,0.21335,0.93816,2.396,2.474,4.893,True
PD_03,pd,1.1,0.2012,0.23211,0.9419,2.423,2.574,5.217,True
PD_03,pd,1.11,0.21914,0.19433,0.93887,1.312,0.969,3.527,True
PD_03,pd,1.12,0.20478,0.20523,0.95038,4.079,-0.784,2.362,True
PD_03,pd,1.1300000000000001,0.2161,0.19678,0.90846,4.009,0.565,1.309,True
PD_03,pd,1.1400000000000001,0.20515,0.18797,0.92477,3.186,0.502,0.117,True
PD_03,pd,1.1500000000000001,0.19598,0.19753,0.91778,2.782,-1.285,-0.536,True
PD_03,pd,1.16,0.18334,0.21564,0.92333,2.439,-0.768,-3.481,True
PD_03,pd,1.17,0.20035,0.22217,0.92034,0.56,-1.249,-2.102,True
PD_03,pd,1.18,0.19923,0.18667,0.93137,-0.951,-1.735,-3.555,True
PD_03,pd,1.19,0.18259,0.20157,0.92145,-2.864,-1.334,-3.647,True
PD_03,pd,1.2,0.17634,0.19732,0.91471,-0.376,-0.601,-2.941,True
PD_03,pd,1.21,0.19789,0.20352,0.94806,-0.992,-0.539,-3.766,True
PD_03,pd,1.22,0.16128,0.21817,0.9434,-3.242,0.307,-1.314,True
PD_03,pd,1.23,0.17776,0.20393,0.9187,-1.416,-1.348,-0.998,True
PD_03,pd,1.24,0.14701,0.24939,0.92822,-2.466,-0.213,0.408,True
PD_03,pd,1.25,0.17159,0.20895,0.94912,-1.238,0.623,0.113,True
PD_03,pd,1.26,0.15182,0.24758,0.92585,-0.662,1.699,1.32,True
PD_03,pd,1.27,0.18592,0.25125,0.9286,-1.545,1.085,1.299,True
PD_03,pd,1.28,0.17402,0.21827,0.95189,1.477,1.368,2.845,True
PD_03,pd,1.29,0.19723,0.21891,0.91099,-0.623,-0.138,2.299,True
PD_03,pd,1.3,0.16763,0.22083,0.91576,0.272,0.36,2.539,True
PD_03,pd,1.31,0.18901,0.23686,0.96843,0.872,0.357,1.57,True
PD_03,pd,1.32,0.19078,0.18872,0.93427,0.246,0.619,3.015,True
PD_03,pd,1.33,0.17224,0.20444,0.9323,1.703,0.149,2.616,True
PD_03,pd,1.34,0.20025,0.2208,0.95047,1.731,-0.626,0.325,True
PD_03,pd,1.35,0.20426,0.19256,0.936,1.088,0.583,0.855,True
PD_03,pd,1.36,0.19526,0.19615,0.95071,0.224,0.055,0.875,True
PD_03,pd,1.37,0.18735,0.19859,0.92008,1.379,-0.08,-1.322,True
PD_03,pd,1.3800000000000001,0.18694,0.21093,0.91359,1.07,0.168,-1.043,True
PD_03,pd,1.3900000000000001,0.19324,0.21686,0.9234,0.963,0.381,-0.421,True
PD_03,pd,1.4000000000000001,0.18995,0.22272,0.93383,-0.4,0.225,-1.441,True
PD_03,pd,1.41,0.17268,0.21339,0.9395,-1.01,-0.981,-0.576,True
PD_03,pd,1.42,0.199,0.20643,0.90994,-0.389,0.036,-0.864,True
PD_03,pd,1.43,0.18641,0.2086,0.92701,-0.111,-0.55,0.105,True
PD_03,pd,1.44,0.17874,0.22081,0.92503,-0.534,-0.515,0.37,True
PD_03,pd,1.45,0.18928,0.25793,0.90672,-0.427,0.07,-1.523,True
PD_03,pd,1.46,0.16013,0.22419,0.93343,1.316,1.38,0.242,True
PD_03,pd,1.47,0.21201,0.19051,0.93674,-0.261,-1.021,-1.081,True
PD_03,pd,1.48,0.1906,0.2305,0.9083,-0.691,0.126,0.061,True
PD_03,pd,1.49,0.19449,0.2417,0.91497,-0.397,-0.088,1.672,True
PD_03,pd,1.5,0.21593,0.21618,0.92909,0.584,-0.758,0.964,True
PD_03,pd,1.51,0.19719,0.22777,0.90929,0.378,1.536,-0.412,True
PD_03,pd,1.52,0.19897,0.23993,0.94948,0.962,-1.121,0.022,True
PD_03,pd,1.53,0.1969,0.23613,0.92836,0.104,0.804,1.16,True
PD_03,pd,1.54,0.20552,0.24066,0.96767,-0.882,0.98,0.094,True
PD_03,pd,1.55,0.19821,0.22507,0.9152,1.993,0.69,0.82,True
PD_03,pd,1.56,0.18398,0.23589,0.94807,-0.551,0.161,0.469,True
PD_03,pd,1.57,0.17659,0.2223,0.92782,1.083,0.39,-0.904,True
PD_03,pd,1.58,0.19916,0.23344,0.93052,0.904,-0.038,-0.333,True
PD_03,pd,1.59,0.17677,0.22033,0.94224,-0.388,-0.947,0.45,True
PD_03,pd,1.6,0.19655,0.21876,0.92258,-1.013,-0.126,0.505,True
PD_03,pd,1.61,0.1805,0.23108,0.92488,-0.459,-0.802,-0.64,True
PD_03,pd,1.62,0.19111,0.2078,0.94941,1.092,0.117,-0.016,True
PD_03,pd,1.6300000000000001,0.19183,0.21196,0.94213,0.584,0.87,-0.369,True
PD_03,pd,1.6400000000000001,0.18185,0.25411,0.95201,0.366,0.864,-0.918,True
PD_03,pd,1.6500000000000001,0.19531,0.21471,0.92183,-0.229,0.78,-0.249,True
PD_03,pd,1.6600000000000001,0.19371,0.2399,0.92491,0.344,0.166,-0.346,True
PD_03,pd,1.67,0.19878,0.21188,0.94045,-0.524,-0.38,-0.361,True
PD_03,pd,1.68,0.18226,0.22505,0.91758,-0.579,0.246,1.206,True
PD_03,pd,1.69,0.188,0.23518,0.94643,-0.836,1.268,0.265,True
PD_03,pd,1.7,0.19523,0.26159,0.93083,0.682,-1.066,-0.413,True
PD_03,pd,1.71,0.19531,0.2425,0.92179,-1.012,1.152,0.442,True
PD_03,pd,1.72,0.18189,0.23271,0.921,0.537,0.86,0.965,True
PD_03,pd,1.73,0.2165,0.2319,0.93448,-0.914,-0.232,0.464,True
PD_03,pd,1.74,0.20416,0.20976,0.90974,0.316,0.593,1.118,True
PD_03,pd,1.75,0.18189,0.21517,0.89776,-0.189,-0.801,0.464,True
PD_03,pd,1.76,0.18157,0.20699,0.90774,-0.405,-0.393,-0.966,True
PD_03,pd,1.77,0.17578,0.21194,0.94111,-0.359,0.338,-0.351,True
PD_03,pd,1.78,0.20662,0.23338,0.97491,0.762,0.22,-1.179,True
PD_03,pd,1.79,0.20934,0.23983,0.94723,-0.953,0.941,-1.092,True
PD_03,pd,1.8,0.19642,0.23056,0.92261,-0.982,-0.7,-1.184,True
PD_03,pd,1.81,0.20413,0.18548,0.93256,-0.482,-1.32,0.122,True
PD_03,pd,1.82,0.19858,0.16934,0.94309,1.298,-0.128,0.257,True
PD_03,pd,1.83,0.21032,0.20035,0.89842,0.035,-0.217,-0.566,True
PD_03,pd,1.84,0.2089,0.21112,0.90231,-1.66,-0.252,-0.277,True
PD_03,pd,1.85,0.17537,0.21142,0.95273,0.609,-0.165,0.878,True
PD_03,pd,1.86,0.19512,0.21806,0.92766,-1.797,0.172,-0.36,True
PD_03,pd,1.87,0.20304,0.20769,0.9536,-0.478,0.556,-0.242,True
PD_03,pd,1.8800000000000001,0.19139,0.21431,0.92052,2.072,0.171,1.276,True
PD_03,pd,1.8900000000000001,0.19382,0.20879,0.94495,0.421,-0.186,-0.685,True
PD_03,pd,1.9000000000000001,0.17417,0.25451,0.95346,0.439,-0.693,1.603,True
PD_03,pd,1.9100000000000001,0.16641,0.24293,0.95279,1.376,1.165,0.551,True
PD_03,pd,1.92,0.18815,0.24493,0.92455,0.167,0.382,-0.489,True
PD_03,pd,1.93,0.21484,0.21829,0.9247,0.079,-1.085,-0.66,True
PD_03,pd,1.94,0.2009,0.20842,0.93121,-0.355,-0.223,0.121,True
PD_03,pd,1.95,0.19454,0.21614,0.92214,-1.095,-0.865,-0.729,True
PD_03,pd,1.96,0.1908,0.21431,0.91188,-0.335,-0.123,1.95,True
PD_03,pd,1.97,0.21241,0.23338,0.93559,-0.06,-1.326,-0.548,True
PD_03,pd,1.98,0.2048,0.2189,0.9108,-0.359,0.14,1.048,True
PD_03,pd,1.99,0.21409,0.23352,0.91629,0.548,0.503,-0.283,True
PD_03,pd,2.0,0.2257,0.20254,0.94444,0.164,-0.585,1.344,True
PD_03,pd,2.0100000000000002,0.18354,0.21739,0.89437,0.749,-0.778,-0.186,True
PD_03,pd,2.02,0.20542,0.22365,0.9067,-0.409,-0.355,-1.484,True
PD_03,pd,2.0300000000000002,0.19133,0.21197,0.94424,-0.997,-0.109,-0.906,True
PD_03,pd,2.04,0.2057,0.21554,0.94004,1.295,-1.3,-0.929,True
PD_03,pd,2.05,0.18552,0.23146,0.92906,-0.236,-1.609,-2.321,True
PD_03,pd,2.06,0.18805,0.19177,0.9277,-2.444,-0.34,-1.141,True
PD_03,pd,2.07,0.18352,0.22924,0.92688,-0.797,-1.264,-1.537,True
PD_03,pd,2.08,0.15955,0.22413,0.92089,-0.846,0.479,-1.096,True
PD_03,pd,2.09,0.21354,0.2093,0.89555,-0.727,0.111,-1.312,True
PD_03,pd,2.1,0.16474,0.24627,0.91215,-1.504,-1.304,-0.204,True
PD_03,pd,2.11,0.24399,0.21316,0.91951,-0.188,0.693,0.778,True
PD_03,pd,2.12,0.17722,0.21899,0.94021,-0.459,0.046,0.125,True
PD_03,pd,2.13,0.18555,0.249,0.95183,-0.858,0.709,1.535,True
PD_03,pd,2.14,0.20002,0.23719,0.94264,-1.091,0.654,0.828,True
PD_03,pd,2.15,0.20284,0.26077,0.92191,0.322,0.424,0.627,True
PD_03,pd,2.16,0.21285,0.21647,0.93632,-0.259,1.963,1.38,True
PD_03,pd,2.17,0.21021,0.22012,0.92263,-0.521,0.923,1.862,True
PD_03,pd,2.18,0.22184,0.2292,0.96765,1.555,-0.189,2.856,True
PD_03,pd,2.19,0.21166,0.20555,0.93473,1.692,-0.263,0.757,True
PD_03,pd,2.2,0.22823,0.21549,0.93314,3.072,-1.237,0.659,True
PD_03,pd,2.21,0.20234,0.20382,0.94583,0.64,-1.598,-0.522,True
PD_03,pd,2.22,0.20008,0.2001,0.9088,1.471,-0.044,-1.223,True
PD_03,pd,2.23,0.20254,0.24855,0.92548,0.836,-1.107,0.357,True
PD_03,pd,2.24,0.20718,0.20346,0.91879,0.213,-0.922,-1.657,True
PD_03,pd,2.25,0.2069,0.20178,0.93791,1.25,-0.328,-1.662,True
PD_03,pd,2.2600000000000002,0.20715,0.19934,0.91021,-0.609,-1.379,-3.905,True
PD_03,pd,2.27,0.19947,0.22712,0.9154,-1.214,-1.032,-3.016,True
PD_03,pd,2.2800000000000002,0.18236,0.20661,0.91184,-1.13,-2.919,-2.064,True
PD_03,pd,2.29,0.18754,0.23197,0.89405,-2.174,-1.206,-2.763,True
PD_03,pd,2.3000000000000003,0.17264,0.22817,0.91817,-1.356,0.081,-1.752,True
PD_03,pd,2.31,0.1866,0.24614,0.92035,-1.193,-1.803,-1.186,True
PD_03,pd,2.32,0.17352,0.24207,0.89836,-1.415,-0.331,-0.248,True
PD_03,pd,2.33,0.17097,0.24686,0.92773,-2.099,1.421,1.103,True
PD_03,pd,2.34,0.17718,0.23693,0.93623,-1.077,1.046,1.716,True
PD_03,pd,2.35,0.18469,0.24011,0.93516,-1.701,3.194,1.299,True
PD_03,pd,2.36,0.18464,0.25898,0.9431,-0.025,1.8,3.335,True
PD_03,pd,2.37,0.20706,0.22995,0.92985,2.532,2.024,4.479,True
PD_03,pd,2.38,0.2222,0.22531,0.92364,2.308,1.572,2.633,True
PD_03,pd,2.39,0.22377,0.23427,0.94338,3.23,3.037,3.91,True
PD_03,pd,2.4,0.25784,0.21774,0.96066,2.7,2.995,2.713,True
PD_03,pd,2.41,0.22682,0.2126,0.94414,1.891,0.972,1.516,True
PD_03,pd,2.42,0.22196,0.2057,0.93898,3.056,-1.346,1.478,True
PD_03,pd,2.43,0.21211,0.21583,0.93536,3.287,-1.431,-0.073,True
PD_03,pd,2.44,0.22036,0.17107,0.95252,1.723,-0.456,-0.282,True
PD_03,pd,2.45,0.2073,0.22002,0.91246,1.528,-2.35,-3.249,True
PD_03,pd,2.46,0.19129,0.23583,0.89788,-2.142,-2.412,-4.646,True
PD_03,pd,2.47,0.21985,0.19578,0.91323,-0.358,-2.633,-6.197,True
PD_03,pd,2.48,0.18996,0.21053,0.9045,-1.17,-3.425,-4.611,True
PD_03,pd,2.49,0.21101,0.18181,0.90536,-2.328,-1.906,-6.739,True
PD_03,pd,2.5,0.18711,0.23347,0.92768,-1.336,-0.852,-4.718,True
PD_03,pd,2.5100000000000002,0.15761,0.2156,0.91016,-2.93,-1.361,-4.706,True
PD_03,pd,2.52,0.15084,0.21958,0.94543,-4.206,-0.114,-0.907,True
PD_03,pd,2.5300000000000002,0.17734,0.22313,0.92487,-3.959,-0.21,-2.188,True
PD_03,pd,2.54,0.15537,0.24227,0.9068,-2.579,0.885,0.148,True
PD_03,pd,2.5500000000000003,0.18391,0.26995,0.93887,-2.753,1.667,1.39,True
PD_03,pd,2.56,0.16678,0.24661,0.9451,-0.403,4.11,4.294,True
PD_03,pd,2.57,0.16158,0.24012,0.93498,-1.525,3.479,4.387,True
PD_03,pd,2.58,0.19513,0.25489,0.93255,0.082,3.868,6.982,True
PD_03,pd,2.59,0.19632,0.23006,0.93405,1.539,2.898,8.333,True
PD_03,pd,2.6,0.23108,0.24569,0.93754,4.231,3.235,8.692,True
PD_03,pd,2.61,0.24607,0.22309,0.94455,4.055,1.313,6.369,True
PD_03,pd,2.62,0.27494,0.24763,0.93052,4.633,1.915,5.793,True
PD_03,pd,2.63,0.27751,0.20802,0.94536,3.831,0.521,2.759,True
PD_03,pd,2.64,0.25013,0.21971,0.92295,3.34,-0.866,1.294,True
PD_03,pd,2.65,0.24852,0.18982,0.89551,4.203,-1.255,-0.615,True
PD_03,pd,2.66,0.20993,0.1786,0.90118,3.431,-4.241,-3.192,True
PD_03,pd,2.67,0.20625,0.19928,0.9219,2.604,-3.535,-4.982,True
PD_03,pd,2.68,0.19765,0.22099,0.91265,0.564,-4.187,-6.34,True
PD_03,pd,2.69,0.20133,0.17427,0.91877,-0.747,-4.268,-7.617,True
PD_03,pd,2.7,0.17002,0.20091,0.89993,-3.379,-3.255,-8.551,True
PD_03,pd,2.71,0.16586,0.20397,0.92462,-4.186,-3.068,-8.424,True
PD_03,pd,2.72,0.13598,0.21426,0.90423,-6.231,-3.752,-6.702,True
PD_03,pd,2.73,0.15589,0.21137,0.91229,-7.254,-1.713,-6.867,True
PD_03,pd,2.74,0.13538,0.24289,0.9181,-4.84,0.04,-3.872,True
PD_03,pd,2.75,0.11729,0.29172,0.91806,-5.818,-0.439,-0.557,True
PD_03,pd,2.7600000000000002,0.12875,0.27045,0.9274,-4.682,0.998,0.913,True
PD_03,pd,2.77,0.14332,0.28921,0.92265,-3.205,4.536,4.782,True
PD_03,pd,2.7800000000000002,0.18653,0.24768,0.94398,-1.274,4.477,7.094,True
PD_03,pd,2.79,0.18573,0.26662,0.9236,1.058,4.862,8.695,True
PD_03,pd,2.8000000000000003,0.21128,0.26959,0.93349,3.866,4.809,9.972,True
PD_03,pd,2.81,0.23745,0.23371,0.95015,4.979,5.491,10.993,True
PD_03,pd,2.82,0.26998,0.25168,0.94119,6.443,3.317,10.163,True
PD_03,pd,2.83,0.29242,0.21762,0.9636,7.644,2.4,7.953,True
PD_03,pd,2.84,0.29156,0.22647,0.95078,8.756,1.527,6.713,True
PD_03,pd,2.85,0.29637,0.19826,0.93908,7.346,-0.704,3.285,True
PD_03,pd,2.86,0.25594,0.18881,0.92226,6.404,-1.483,0.686,True
PD_03,pd,2.87,0.24577,0.16923,0.9363,5.147,-2.195,-2.823,True
PD_03,pd,2.88,0.22693,0.18209,0.91453,2.616,-3.79,-6.498,True
PD_03,pd,2.89,0.21921,0.15007,0.90843,0.73,-4.918,-9.128,True
PD_03,pd,2.9,0.22616,0.1483,0.9189,-0.584,-5.848,-11.62,True
PD_03,pd,2.91,0.17741,0.18925,0.90632,-4.41,-4.538,-11.763,True
PD_03,pd,2.92,0.17859,0.18893,0.87683,-5.52,-4.741,-13.169,True
PD_03,pd,2.93,0.16077,0.19365,0.87655,-5.996,-3.741,-11.69,True
PD_03,pd,2.94,0.12339,0.2104,0.90991,-10.126,-2.719,-9.784,True
PD_03,pd,2.95,0.1183,0.2429,0.92147,-8.595,0.118,-6.229,True
PD_03,pd,2.96,0.10764,0.25281,0.91804,-7.847,1.206,-2.167,True
PD_03,pd,2.97,0.09277,0.28012,0.90611,-7.743,0.989,0.991,True
PD_03,pd,2.98,0.10422,0.27782,0.90532,-6.224,3.645,5.341,True
PD_03,pd,2.99,0.11829,0.29259,0.93235,-4.248,5.359,7.85,True
PD_03,pd,3.0,0.18276,0.32008,0.9634,-0.032,5.422,10.293,True
PD_03,pd,3.0100000000000002,0.21174,0.29711,0.93848,1.486,6.994,14.005,True
PD_03,pd,3.02,0.27813,0.27982,0.97158,3.872,7.776,15.123,True
PD_03,pd,3.0300000000000002,0.30577,0.26323,0.95607,5.677,6.035,14.284,True
PD_03,pd,3.04,0.31525,0.21571,0.94967,10.476,3.685,12.425,True
PD_03,pd,3.0500000000000003,0.31499,0.23979,0.97023,10.236,1.467,10.04,True
PD_03,pd,3.06,0.30858,0.20439,0.93843,9.715,0.337,6.704,True
PD_03,pd,3.0700000000000003,0.31264,0.15329,0.94239,8.015,-2.88,0.773,True
PD_03,pd,3.08,0.2934,0.16121,0.9342,8.231,-5.645,-1.352,True
PD_03,pd,3.09,0.28022,0.13275,0.90949,5.084,-6.403,-6.376,True
PD_03,pd,3.1,0.21162,0.12158,0.89631,3.173,-7.198,-11.689,True
PD_03,pd,3.11,0.22972,0.1173,0.90086,0.572,-7.228,-13.615,True
PD_03,pd,3.12,0.16895,0.15257,0.87604,-3.429,-6.102,-16.415,True
PD_03,pd,3.13,0.17708,0.15618,0.86763,-6.434,-7.016,-16.035,True
PD_03,pd,3.14,0.12321,0.16526,0.91428,-6.626,-6.201,-16.38,True
PD_03,pd,3.15,0.12065,0.20626,0.89445,-10.499,-4.237,-13.097,True
PD_03,pd,3.16,0.10301,0.23106,0.90246,-11.891,-2.542,-10.296,True
PD_03,pd,3.17,0.06351,0.27559,0.88794,-10.111,-1.715,-8.511,True
PD_03,pd,3.18,0.05572,0.29456,0.89624,-10.32,1.631,-2.626,True
PD_03,pd,3.19,0.06992,0.29712,0.92676,-8.96,6.122,3.533,True
PD_03,pd,3.2,0.05982,0.31172,0.92798,-6.183,7.748,8.743,True
PD_03,pd,3.21,0.12426,0.29604,0.96737,-2.907,8.483,12.535,True
PD_03,pd,3.22,0.14907,0.33026,0.94742,1.535,6.798,15.606,True
PD_03,pd,3.23,0.20858,0.29653,0.95566,4.512,8.889,17.875,True
PD_03,pd,3.24,0.31023,0.29516,0.97838,7.884,8.078,18.671,True
PD_03,pd,3.25,0.33028,0.23393,0.98525,9.386,8.665,17.083,True
PD_03,pd,3.2600000000000002,0.3346,0.23145,0.9522,13.597,5.474,15.001,True
PD_03,pd,3.27,0.33228,0.19116,0.94913,13.307,1.356,10.809,True
PD_03,pd,3.2800000000000002,0.34684,0.16511,0.94589,13.318,-0.564,6.108,True
PD_03,pd,3.29,0.28874,0.14568,0.9176,12.914,-3.895,-0.395,True
PD_03,pd,3.3000000000000003,0.26766,0.12396,0.92011,8.786,-5.609,-6.479,True
PD_03,pd,3.31,0.26885,0.1069,0.9065,6.286,-6.36,-11.887,True
PD_03,pd,3.3200000000000003,0.21688,0.11793,0.8851,1.766,-11.027,-14.861,True
PD_03,pd,3.33,0.22198,0.12584,0.89849,-2.289,-10.562,-17.937,True
PD_03,pd,3.34,0.17775,0.13226,0.89754,-6.385,-10.071,-21.895,True
PD_03,pd,3.35,0.12982,0.13951,0.86202,-7.992,-9.151,-21.07,True
PD_03,pd,3.36,0.11357,0.18143,0.89581,-12.471,-6.026,-19.686,True
PD_03,pd,3.37,0.0712,0.21608,0.88879,-14.618,-5.645,-15.49,True
PD_03,pd,3.38,0.03081,0.2296,0.89541,-15.858,-1.967,-11.523,True
PD_03,pd,3.39,0.02604,0.31679,0.88431,-14.495,2.499,-4.695,True
PD_03,pd,3.4,0.03031,0.29221,0.90809,-11.455,3.766,0.548,True
PD_03,pd,3.41,0.0466,0.31476,0.96193,-7.381,6.952,7.85,True
PD_03,pd,3.42,0.08351,0.36995,0.94545,-6.159,9.615,13.933,True
PD_03,pd,3.43,0.13182,0.36843,0.95499,0.928,9.402,19.759,True
PD_03,pd,3.44,0.19335,0.33095,0.97228,3.779,11.006,19.293,True
PD_03,pd,3.45,0.27134,0.31051,0.98446,7.031,10.992,23.84,True
PD_03,pd,3.46,0.3245,0.27912,0.99504,11.149,9.705,21.517,True
PD_03,pd,3.47,0.36448,0.27825,0.9827,14.539,6.444,21.164,True
PD_03,pd,3.48,0.37199,0.22326,0.97767,15.901,4.599,13.909,True
PD_03,pd,3.49,0.40084,0.19946,0.96971,16.037,1.964,10.555,True
PD_03,pd,3.5,0.38284,0.12658,0.95896,14.729,-2.705,3.771,True
PD_03,pd,3.5100000000000002,0.33159,0.12464,0.92213,11.691,-4.877,-3.427,True
PD_03,pd,3.52,0.273,0.10796,0.89749,9.033,-7.297,-10.549,True
PD_03,pd,3.5300000000000002,0.25915,0.10711,0.90322,3.146,-12.249,-16.965,True
PD_03,pd,3.54,0.21253,0.07657,0.90271,-0.046,-11.249,-21.845,True
PD_03,pd,3.5500000000000003,0.17927,0.10288,0.87413,-4.944,-11.625,-23.514,True
PD_03,pd,3.56,0.13042,0.1287,0.88926,-8.174,-9.657,-23.726,True
PD_03,pd,3.5700000000000003,0.11475,0.14748,0.89002,-12.942,-8.762,-22.434,True
PD_03,pd,3.58,0.07501,0.19336,0.87379,-15.898,-5.941,-21.31,True
PD_03,pd,3.59,0.04421,0.22315,0.88386,-17.748,-4.906,-16.548,True
PD_03,pd,3.6,-0.0111,0.2752,0.88259,-17.313,1.146,-8.933,True
PD_03,pd,3.61,-0.03763,0.27782,0.8936,-17.137,3.799,-1.256,True
PD_03,pd,3.62,0.0021,0.33732,0.94039,-11.506,8.295,5.338,True
PD_03,pd,3.63,0.01405,0.35236,0.94843,-9.57,9.78,13.994,True
PD_03,pd,3.64,0.07345,0.36266,0.95318,-3.211,11.22,19.607,True
PD_03,pd,3.65,0.15836,0.37873,0.98429,1.835,12.955,23.631,True
PD_03,pd,3.66,0.21688,0.33112,0.97905,7.305,13.463,27.949,True
PD_03,pd,3.67,0.3233,0.32768,0.99457,11.587,10.691,26.783,True
PD_03,pd,3.68,0.3715,0.29149,0.99246,15.872,9.602,25.989,True
PD_03,pd,3.69,0.3881,0.22968,1.01828,15.678,6.872,21.233,True
PD_03,pd,3.7,0.38941,0.17336,0.96659,18.09,4.107,15.084,True
PD_03,pd,3.71,0.40548,0.15544,0.96296,16.815,0.071,7.127,True
PD_03,pd,3.72,0.33577,0.1155,0.96866,15.885,-4.609,-0.002,True
PD_03,pd,3.73,0.30468,0.06229,0.97979,11.81,-8.106,-9.05,True
PD_03,pd,3.74,0.26953,0.05932,0.91781,6.716,-11.987,-15.131,True
PD_03,pd,3.75,0.22799,0.05548,0.88989,2.463,-12.955,-22.592,True
PD_03,pd,3.7600000000000002,0.17754,0.04429,0.87933,-4.185,-14.907,-26.461,True
PD_03,pd,3.77,0.15252,0.09601,0.86656,-8.228,-13.55,-29.949,True
PD_03,pd,3.7800000000000002,0.09874,0.12888,0.85989,-12.539,-12.676,-29.424,True
PD_03,pd,3.79,0.05925,0.17686,0.84871,-15.039,-9.134,-26.734,True
PD_03,pd,3.8000000000000003,0.04702,0.20818,0.86806,-18.642,-6.742,-20.502,True
PD_03,pd,3.81,-0.01439,0.27669,0.86626,-19.68,-2.907,-14.932,True
PD_03,pd,3.8200000000000003,-0.03269,0.28735,0.90666,-18.069,1.027,-6.234,True
PD_03,pd,3.83,-0.0381,0.33007,0.91563,-15.26,6.13,2.498,True
PD_03,pd,3.84,-0.03493,0.35853,0.93572,-11.869,8.635,8.392,True
PD_03,pd,3.85,0.04787,0.3606,0.95562,-8.101,13.296,17.969,True
PD_03,pd,3.86,0.12669,0.36468,0.9669,-1.536,15.561,24.018,True
PD_03,pd,3.87,0.20401,0.35126,0.96343,3.839,13.734,28.71,True
PD_03,pd,3.88,0.2911,0.3368,0.98238,12.233,15.16,33.245,True
PD_03,pd,3.89,0.36585,0.28884,1.00902,16.513,12.263,29.434,True
PD_03,pd,3.9,0.3885,0.26613,0.99297,18.376,8.857,27.251,True
PD_03,pd,3.91,0.45314,0.22359,1.0042,21.202,4.736,20.416,True
PD_03,pd,3.92,0.44459,0.17087,0.96466,22.495,2.113,13.107,True
PD_03,pd,3.93,0.38959,0.11689,0.97043,17.882,-3.696,4.291,True
PD_03,pd,3.94,0.37121,0.09263,0.95301,14.022,-8.612,-3.885,True
PD_03,pd,3.95,0.31132,0.07252,0.90449,11.029,-11.312,-12.709,True
PD_03,pd,3.96,0.23422,0.0377,0.92099,6.19,-13.431,-22.185,True
PD_03,pd,3.97,0.23486,0.05775,0.87536,-0.507,-13.81,-28.066,True
PD_03,pd,3.98,0.15778,0.05325,0.89558,-5.539,-15.418,-30.124,True
PD_03,pd,3.99,0.09729,0.07136,0.84962,-12.07,-15.226,-30.797,True
PD_03,pd,4.0,0.07729,0.15154,0.84958,-17.43,-11.957,-31.488,True
PD_03,pd,4.01,0.04233,0.17767,0.85293,-20.855,-9.548,-24.751,True
PD_03,pd,4.0200000000000005,-0.01917,0.23756,0.88778,-22.355,-4.347,-21.848,True
PD_03,pd,4.03,-0.0637,0.31442,0.89224,-21.469,-0.349,-11.097,True
PD_03,pd,4.04,-0.08614,0.32909,0.93129,-19.839,3.523,-1.228,True
PD_03,pd,4.05,-0.0903,0.35868,0.91124,-14.917,9.591,8.026,True
PD_03,pd,4.0600000000000005,-0.04805,0.38664,0.95797,-10.834,10.989,16.331,True
PD_03,pd,4.07,0.07993,0.38446,0.96986,-3.955,15.208,23.402,True
PD_03,pd,4.08,0.13507,0.36427,0.96894,1.316,15.447,29.822,True
PD_03,pd,4.09,0.25326,0.35992,0.9936,8.849,16.696,32.91,True
PD_03,pd,4.1,0.34904,0.33734,1.01509,14.227,14.325,34.845,True
PD_03,pd,4.11,0.39367,0.2858,1.04012,19.273,10.729,30.782,True
PD_03,pd,4.12,0.45231,0.22818,1.01283,20.716,8.337,26.075,True
PD_03,pd,4.13,0.42926,0.14275,1.03123,23.919,2.544,17.276,True
PD_03,pd,4.14,0.42173,0.12407,0.99014,21.766,-3.147,11.01,True
PD_03,pd,4.15,0.39852,0.07833,0.96431,18.827,-5.012,0.216,True
PD_03,pd,4.16,0.30193,0.04196,0.9348,13.504,-10.4,-8.341,True
PD_03,pd,4.17,0.25453,0.03812,0.9272,9.289,-13.906,-19.219,True
PD_03,pd,4.18,0.21967,0.02482,0.86812,2.784,-15.442,-26.488,True
PD_03,pd,4.19,0.15969,0.04144,0.89929,-3.884,-16.89,-32.417,True
PD_03,pd,4.2,0.10954,0.07193,0.86996,-9.73,-17.553,-36.093,True
PD_03,pd,4.21,0.08402,0.08948,0.81752,-14.965,-14.543,-34.71,True
PD_03,pd,4.22,0.05499,0.13414,0.87285,-19.521,-12.034,-30.409,True
PD_03,pd,4.23,-0.01689,0.21136,0.85867,-22.549,-7.387,-25.402,True
PD_03,pd,4.24,-0.09218,0.25077,0.90782,-23.619,-3.231,-18.026,True
PD_03,pd,4.25,-0.09735,0.29971,0.91543,-21.84,3.229,-6.665,True
PD_03,pd,4.26,-0.09367,0.34254,0.91619,-20.254,8.186,1.851,True
PD_03,pd,4.2700000000000005,-0.08469,0.38764,0.94225,-14.406,11.813,12.063,True
PD_03,pd,4.28,0.00986,0.39663,0.97416,-6.896,15.4,21.008,True
PD_03,pd,4.29,0.09686,0.41422,0.97676,-0.063,15.709,29.206,True
PD_03,pd,4.3,0.20385,0.39196,1.01354,4.911,17.309,34.585,True
PD_03,pd,4.3100000000000005,0.29306,0.35725,1.04274,11.578,16.254,36.283,True
PD_03,pd,4.32,0.38188,0.29956,1.01899,17.432,13.851,35.461,True
PD_03,pd,4.33,0.44997,0.23608,1.00819,21.787,10.215,30.125,True
PD_03,pd,4.34,0.44566,0.23181,0.99808,23.596,7.423,23.707,True
PD_03,pd,4.3500000000000005,0.45104,0.15807,0.98307,23.679,1.418,17.143,True
PD_03,pd,4.36,0.41034,0.07328,0.959,21.951,-3.878,4.812,True
PD_03,pd,4.37,0.35413,0.07508,0.96358,17.039,-9.259,-6.487,True
PD_03,pd,4.38,0.28539,0.04423,0.94181,13.2,-13.337,-16.147,True
PD_03,pd,4.39,0.23247,0.03119,0.89107,6.886,-15.996,-25.194,True
PD_03,pd,4.4,0.21856,0.01903,0.8785,-0.337,-18.472,-31.844,True
PD_03,pd,4.41,0.16321,0.03266,0.88745,-7.722,-17.684,-37.443,True
PD_03,pd,4.42,0.10855,0.0649,0.84614,-14.273,-16.169,-35.821,True
PD_03,pd,4.43,0.0888,0.12271,0.82461,-18.033,-13.487,-35.186,True
PD_03,pd,4.44,-0.00666,0.17103,0.86168,-22.704,-8.647,-29.275,True
PD_03,pd,4.45,-0.0379,0.20326,0.90167,-24.311,-4.776,-23.725,True
PD_03,pd,4.46,-0.1044,0.29839,0.90379,-25.229,-1.571,-12.871,True
PD_03,pd,4.47,-0.14617,0.34153,0.91434,-21.529,6.024,-3.391,True
PD_03,pd,4.48,-0.1176,0.34254,0.93722,-18.428,11.269,8.958,True
PD_03,pd,4.49,-0.04492,0.37619,0.96052,-10.895,15.435,18.286,True
PD_03,pd,4.5,0.02221,0.38504,0.97712,-4.714,16.88,27.044,True
PD_03,pd,4.51,0.13153,0.40557,1.00194,1.783,17.764,33.044,True
PD_03,pd,4.5200000000000005,0.25516,0.34308,1.03328,9.141,16.588,37.155,True
PD_03,pd,4.53,0.34183,0.37569,1.0347,15.808,15.659,36.521,True
PD_03,pd,4.54,0.38954,0.26858,1.0302,20.893,12.982,34.48,True
PD_03,pd,4.55,0.43688,0.23516,1.0355,23.824,8.4,29.734,True
PD_03,pd,4.5600000000000005,0.46893,0.1866,1.00562,23.717,3.504,20.247,True
PD_03,pd,4.57,0.43489,0.11778,0.97294,23.913,-1.062,10.212,True
PD_03,pd,4.58,0.39204,0.0721,0.96517,21.912,-4.835,-1.229,True
PD_03,pd,4.59,0.31114,0.03116,0.93291,15.466,-11.759,-10.443,True
PD_03,pd,4.6000000000000005,0.27953,0.01491,0.92448,9.846,-15.135,-21.326,True
PD_03,pd,4.61,0.20471,0.01361,0.8906,3.701,-17.002,-29.291,True
PD_03,pd,4.62,0.14999,0.04192,0.86378,-3.763,-17.35,-34.44,True
PD_03,pd,4.63,0.1206,0.04515,0.88709,-12.023,-17.622,-38.195,True
PD_03,pd,4.64,0.06103,0.09492,0.86045,-18.328,-13.974,-36.644,True
PD_03,pd,4.65,-0.01515,0.12014,0.83804,-21.66,-11.335,-33.861,True
PD_03,pd,4.66,-0.04293,0.20146,0.88675,-24.085,-6.474,-26.47,True
PD_03,pd,4.67,-0.08022,0.25496,0.89086,-23.49,-2.66,-18.552,True
PD_03,pd,4.68,-0.11731,0.3201,0.92864,-23.277,1.645,-9.035,True
PD_03,pd,4.69,-0.14231,0.36757,0.90306,-19.835,7.362,2.961,True
PD_03,pd,4.7,-0.10706,0.38831,0.91904,-15.018,11.586,14.309,True
PD_03,pd,4.71,-0.02643,0.39499,0.98259,-7.911,14.514,21.734,True
PD_03,pd,4.72,0.0669,0.40079,1.00802,-1.664,18.784,31.426,True
PD_03,pd,4.73,0.17161,0.40818,1.01776,7.271,19.902,36.118,True
PD_03,pd,4.74,0.30579,0.36638,1.04868,13.787,16.412,38.163,True
PD_03,pd,4.75,0.37424,0.31985,1.02204,18.472,14.708,36.713,True
PD_03,pd,4.76,0.45191,0.25934,1.03919,22.929,10.917,31.846,True
PD_03,pd,4.7700000000000005,0.46246,0.19155,1.0342,24.239,5.823,24.937,True
PD_03,pd,4.78,0.44909,0.12912,1.02049,25.324,1.063,14.765,True
PD_03,pd,4.79,0.41673,0.06794,0.99271,22.414,-3.808,5.241,True
PD_03,pd,4.8,0.35703,0.08138,0.96077,18.007,-10.271,-6.285,True
PD_03,pd,4.8100000000000005,0.30153,0.01175,0.93334,12.392,-12.846,-15.916,True
PD_03,pd,4.82,0.25316,0.018,0.92621,6.796,-17.218,-26.022,True
PD_03,pd,4.83,0.14259,0.00127,0.86841,-1.523,-18.043,-31.461,True
PD_03,pd,4.84,0.1481,0.02683,0.838,-8.594,-18.894,-36.655,True
PD_03,pd,4.8500000000000005,0.07426,0.06892,0.88184,-16.281,-16.258,-38.932,True
PD_03,pd,4.86,0.00778,0.08123,0.85906,-20.396,-14.551,-34.725,True
PD_03,pd,4.87,-0.03473,0.15463,0.85401,-23.626,-9.668,-31.402,True
PD_03,pd,4.88,-0.04631,0.21649,0.87749,-24.232,-5.672,-22.854,True
PD_03,pd,4.89,-0.11022,0.28296,0.87988,-24.577,0.483,-12.748,True
PD_03,pd,4.9,-0.14236,0.35187,0.92564,-21.818,6.589,-3.691,True
PD_03,pd,4.91,-0.12999,0.36155,0.94163,-17.087,9.172,8.512,True
PD_03,pd,4.92,-0.08524,0.38957,0.97467,-11.687,14.129,18.918,True
PD_03,pd,4.93,0.00065,0.41721,1.01753,-5.288,16.425,26.921,True
PD_03,pd,4.94,0.12347,0.41671,1.00566,4.676,17.638,34.226,True
PD_03,pd,4.95,0.22999,0.35234,0.99948,9.127,17.679,36.599,True
PD_03,pd,4.96,0.33193,0.34937,1.04875,16.296,16.009,38.015,True
PD_03,pd,4.97,0.41605,0.28413,1.03534,19.887,12.807,34.715,True
PD_03,pd,4.98,0.45728,0.21446,1.05008,23.882,7.312,28.37,True
PD_03,pd,4.99,0.43712,0.13481,1.01553,24.462,3.676,20.237,True
PD_03,pd,5.0,0.4151,0.11098,0.99425,24.835,-1.183,9.863,True
PD_03,pd,5.01,0.36493,0.08662,0.99759,19.94,-5.585,-0.132,True
PD_03,pd,5.0200000000000005,0.30166,0.0285,0.96067,16.252,-11.334,-11.408,True
PD_03,pd,5.03,0.23657,0.01182,0.93507,10.46,-15.088,-20.036,True
PD_03,pd,5.04,0.19394,-0.00875,0.90296,2.688,-16.527,-28.62,True
PD_03,pd,5.05,0.15112,0.02247,0.88579,-4.125,-15.778,-34.187,True
PD_03,pd,5.0600000000000005,0.0962,0.0464,0.87988,-11.488,-16.44,-36.922,True
PD_03,pd,5.07,0.04549,0.07826,0.84284,-16.87,-15.091,-35.525,True
PD_03,pd,5.08,0.00212,0.11633,0.86651,-20.77,-12.739,-31.763,True
PD_03,pd,5.09,-0.06702,0.20344,0.89945,-23.088,-8.091,-25.953,True
PD_03,pd,5.1000000000000005,-0.13394,0.23799,0.90258,-24.795,-1.839,-17.073,True
PD_03,pd,5.11,-0.14054,0.29186,0.91202,-23.262,3.055,-8.03,True
PD_03,pd,5.12,-0.12823,0.32431,0.91476,-19.157,6.974,2.143,True
PD_03,pd,5.13,-0.09865,0.40244,0.95151,-13.582,11.762,13.456,True
PD_03,pd,5.14,-0.04877,0.38307,0.97144,-8.553,14.09,23.678,True
PD_03,pd,5.15,0.04734,0.38097,1.01153,0.774,17.531,31.053,True
PD_03,pd,5.16,0.16099,0.36086,1.02606,4.579,18.249,34.044,True
PD_03,pd,5.17,0.28139,0.30906,1.03936,11.4,16.479,36.139,True
PD_03,pd,5.18,0.35839,0.29461,1.03527,18.16,13.644,33.572,True
PD_03,pd,5.19,0.43677,0.23513,1.05148,20.268,9.723,31.789,True
PD_03,pd,5.2,0.43743,0.2038,1.01243,24.04,6.476,23.861,True
PD_03,pd,5.21,0.41254,0.14388,1.01764,22.477,0.898,15.04,True
PD_03,pd,5.22,0.39092,0.10222,1.00698,21.941,-4.676,4.377,True
PD_03,pd,5.23,0.31176,0.04614,0.97476,18.457,-7.903,-5.662,True
PD_03,pd,5.24,0.29831,0.0088,0.94481,12.777,-11.751,-15.63,True
PD_03,pd,5.25,0.20222,0.02667,0.93037,5.161,-13.876,-24.256,True
PD_03,pd,5.26,0.15204,0.02803,0.88854,-0.51,-17.831,-28.457,True
PD_03,pd,5.2700000000000005,0.11879,0.05226,0.87724,-7.134,-16.032,-33.545,True
PD_03,pd,5.28,0.08167,0.06826,0.86468,-13.556,-15.472,-34.254,True
PD_03,pd,5.29,0.03171,0.11437,0.85782,-17.865,-10.811,-32.402,True
PD_03,pd,5.3,-0.00702,0.16571,0.88272,-20.891,-8.549,-28.969,True
PD_03,pd,5.3100000000000005,-0.08787,0.25227,0.86382,-23.503,-3.897,-20.868,True
PD_03,pd,5.32,-0.1139,0.25582,0.90375,-23.596,1.158,-11.773,True
PD_03,pd,5.33,-0.15569,0.31719,0.92351,-20.563,5.004,-1.095,True
PD_03,pd,5.34,-0.11336,0.31573,0.96423,-15.395,9.637,7.339,True
PD_03,pd,5.3500000000000005,-0.05358,0.34943,0.98903,-9.482,12.384,17.127,True
PD_03,pd,5.36,0.00499,0.3739,1.017,-4.161,15.019,24.296,True
PD_03,pd,5.37,0.13908,0.37278,0.99563,2.098,14.999,30.064,True
PD_03,pd,5.38,0.19425,0.33487,1.00953,9.069,16.289,33.157,True
PD_03,pd,5.39,0.29203,0.26996,1.0377,15.247,14.064,32.468,True
PD_03,pd,5.4,0.35137,0.25077,1.04529,16.676,12.033,30.418,True
PD_03,pd,5.41,0.39849,0.22677,1.03741,21.012,6.772,24.06,True
PD_03,pd,5.42,0.36561,0.17859,1.00616,20.469,3.172,18.384,True
PD_03,pd,5.43,0.38501,0.10867,0.99247,20.135,-0.336,8.14,True
PD_03,pd,5.44,0.32908,0.06098,0.95673,19.119,-5.043,-1.348,True
PD_03,pd,5.45,0.27427,0.03005,0.96947,14.357,-9.988,-9.834,True
PD_03,pd,5.46,0.20756,0.00427,0.93484,7.659,-11.693,-18.556,True
PD_03,pd,5.47,0.16898,0.02837,0.93373,3.159,-14.631,-24.488,True
PD_03,pd,5.48,0.13245,0.03653,0.91787,-4.78,-15.957,-29.732,True
PD_03,pd,5.49,0.0932,0.09515,0.88933,-10.749,-14.009,-31.728,True
PD_03,pd,5.5,0.04339,0.1103,0.89477,-13.537,-12.517,-31.972,True
PD_03,pd,5.51,-0.01207,0.11655,0.88621,-19.077,-10.644,-27.485,True
PD_03,pd,5.5200000000000005,-0.04808,0.18424,0.89634,-19.322,-5.741,-20.692,True
PD_03,pd,5.53,-0.09875,0.24296,0.90483,-20.739,-1.348,-14.608,True
PD_03,pd,5.54,-0.12577,0.30988,0.89942,-20.657,3.045,-6.308,True
PD_03,pd,5.55,-0.10183,0.31588,0.94008,-17.393,6.509,2.33,True
PD_03,pd,5.5600000000000005,-0.06993,0.35345,0.91817,-10.893,10.052,13.038,True
PD_03,pd,5.57,-0.0098,0.33153,0.99511,-6.73,13.711,18.787,True
PD_03,pd,5.58,0.06593,0.34128,0.99116,-0.202,13.122,25.148,True
PD_03,pd,5.59,0.15947,0.33958,1.04303,5.782,12.446,29.665,True
PD_03,pd,5.6000000000000005,0.25292,0.30424,1.02792,10.307,14.195,31.896,True
PD_03,pd,5.61,0.27828,0.27335,1.03685,16.889,10.666,28.36,True
PD_03,pd,5.62,0.35807,0.21333,1.02017,18.926,8.607,26.137,True
PD_03,pd,5.63,0.36447,0.15271,1.0431,19.856,4.741,20.011,True
PD_03,pd,5.64,0.32636,0.13125,1.01446,20.889,-0.672,11.206,True
PD_03,pd,5.65,0.3205,0.10203,0.96889,18.404,-2.208,2.99,True
PD_03,pd,5.66,0.27969,0.05287,0.96893,13.138,-6.872,-5.921,True
PD_03,pd,5.67,0.22209,0.03715,0.96802,10.178,-10.832,-11.713,True
PD_03,pd,5.68,0.17475,0.04101,0.94083,5.147,-12.854,-19.407,True
PD_03,pd,5.69,0.14874,0.03025,0.91175,-0.097,-13.829,-24.821,True
PD_03,pd,5.7,0.09412,0.05272,0.88486,-6.5,-14.193,-27.972,True
PD_03,pd,5.71,0.0675,0.09173,0.9251,-10.934,-11.361,-29.672,True
PD_03,pd,5.72,0.03103,0.14448,0.86945,-14.699,-11.141,-26.146,True
PD_03,pd,5.73,-0.02519,0.16291,0.88182,-19.075,-6.092,-22.135,True
PD_03,pd,5.74,-0.0267,0.20954,0.9216,-17.89,-3.759,-15.495,True
PD_03,pd,5.75,-0.0717,0.25437,0.89957,-18.779,-0.39,-8.97,True
PD_03,pd,5.76,-0.10048,0.28153,0.92595,-15.916,3.099,-1.895,True
PD_03,pd,5.7700000000000005,-0.08946,0.28725,0.95725,-13.54,8.182,7.077,True
PD_03,pd,5.78,-0.04395,0.30261,0.98747,-8.591,10.032,14.02,True
PD_03,pd,5.79,0.01258,0.32143,0.99459,-2.128,11.987,19.946,True
PD_03,pd,5.8,0.1071,0.32422,0.99083,1.491,11.918,25.503,True
PD_03,pd,5.8100000000000005,0.1606,0.30457,1.0089,6.386,12.567,26.182,True
PD_03,pd,5.82,0.25388,0.25719,1.0419,11.148,9.619,25.45,True
PD_03,pd,5.83,0.31864,0.25312,1.01171,14.54,10.038,24.654,True
PD_03,pd,5.84,0.33447,0.19816,1.02937,16.898,5.022,19.134,True
PD_03,pd,5.8500000000000005,0.34678,0.18003,1.00469,16.629,1.409,13.836,True
PD_03,pd,5.86,0.29572,0.11076,0.97279,15.6,-1.287,8.149,True
PD_03,pd,5.87,0.2498,0.09688,0.97319,13.242,-5.017,-0.02,True
PD_03,pd,5.88,0.23209,0.07237,0.97563,10.567,-6.778,-8.138,True
PD_03,pd,5.89,0.18767,0.03495,0.95569,5.941,-9.703,-15.17,True
PD_03,pd,5.9,0.1682,0.05784,0.95142,0.712,-10.858,-19.641,True
PD_03,pd,5.91,0.13433,0.04654,0.92021,-3.498,-12.505,-22.411,True
PD_03,pd,5.92,0.10032,0.07133,0.93226,-5.625,-12.069,-24.639,True
PD_03,pd,5.93,0.06133,0.10413,0.92286,-11.19,-9.167,-25.158,True
PD_03,pd,5.94,0.02141,0.11833,0.89876,-15.043,-6.073,-20.227,True
PD_03,pd,5.95,0.00086,0.22608,0.89066,-15.431,-4.183,-17.443,True
PD_03,pd,5.96,-0.06914,0.21675,0.94834,-16.062,-2.142,-10.708,True
PD_03,pd,5.97,-0.05651,0.2675,0.95041,-14.631,1.986,-3.777,True
PD_03,pd,5.98,-0.04257,0.27553,0.96111,-12.132,6.14,3.728,True
PD_03,pd,5.99,-0.02976,0.30217,0.95551,-8.162,7.567,10.233,True
PD_03,pd,6.0,0.01036,0.31115,0.97802,-4.982,8.898,14.895,True
PD_03,pd,6.01,0.07936,0.29435,0.99381,-1.285,9.657,18.195,True
PD_03,pd,6.0200000000000005,0.14258,0.29148,1.01297,3.849,10.668,22.157,True
PD_03,pd,6.03,0.1989,0.27542,1.00335,7.666,10.516,22.655,True
PD_03,pd,6.04,0.23717,0.22837,1.019,11.495,7.142,21.862,True
PD_03,pd,6.05,0.30151,0.23702,1.00387,12.372,5.048,17.469,True
PD_03,pd,6.0600000000000005,0.28787,0.16045,1.0136,14.211,4.352,13.956,True
PD_03,pd,6.07,0.29309,0.12726,0.98596,13.8,0.506,9.101,True
PD_03,pd,6.08,0.24964,0.13766,0.98558,13.12,-1.932,3.237,True
PD_03,pd,6.09,0.23909,0.10249,0.95097,8.922,-5.679,-4.164,True
PD_03,pd,6.1000000000000005,0.17103,0.06082,0.95619,8.393,-8.137,-9.637,True
PD_03,pd,6.11,0.14749,0.08317,0.93789,2.797,-8.096,-14.351,True
PD_03,pd,6.12,0.09368,0.08947,0.94685,-0.954,-10.138,-19.238,True
PD_03,pd,6.13,0.09163,0.09497,0.9143,-3.592,-9.815,-19.389,True
PD_03,pd,6.140000000000001,0.06099,0.13161,0.92056,-8.268,-9.508,-20.451,True
PD_03,pd,6.15,0.05143,0.14479,0.93124,-9.918,-7.724,-18.657,True
PD_03,pd,6.16,0.02939,0.16624,0.92998,-11.737,-4.161,-15.687,True
PD_03,pd,6.17,-0.01023,0.20158,0.92174,-12.526,-1.302,-11.139,True
PD_03,pd,6.18,-0.03096,0.22688,0.93807,-13.923,-0.616,-6.176,True
PD_03,pd,6.19,-0.00495,0.25765,0.93495,-9.462,2.919,-1.71,True
PD_03,pd,6.2,-0.04099,0.27543,0.95223,-7.515,4.448,4.663,True
PD_03,pd,6.21,-0.01608,0.27794,0.95903,-6.537,6.229,9.657,True
PD_03,pd,6.22,0.04777,0.27896,1.00039,-1.304,8.552,15.325,True
PD_03,pd,6.23,0.11625,0.28593,0.99258,0.89,10.458,16.766,True
PD_03,pd,6.24,0.15866,0.27036,0.99873,4.583,8.665,17.882,True
PD_03,pd,6.25,0.21316,0.23518,1.00884,8.422,6.611,19.382,True
PD_03,pd,6.26,0.22093,0.19628,1.02465,10.409,4.996,15.664,True
PD_03,pd,6.2700000000000005,0.24631,0.19671,1.01153,11.291,3.695,12.89,True
PD_03,pd,6.28,0.25127,0.18064,0.98112,12.215,1.133,9.287,True
PD_03,pd,6.29,0.24806,0.14363,0.99585,10.652,-1.132,3.196,True
PD_03,pd,6.3,0.21832,0.12932,0.98751,10.226,-2.746,-0.092,True
PD_03,pd,6.3100000000000005,0.1675,0.12463,0.9763,8.151,-4.904,-5.224,True
PD_03,pd,6.32,0.12712,0.102,0.92666,3.596,-6.14,-9.025,True
PD_03,pd,6.33,0.15249,0.08452,0.92959,1.27,-8.41,-12.1,True
PD_03,pd,6.34,0.10688,0.10495,0.94183,-1.121,-7.722,-15.826,True
PD_03,pd,6.3500000000000005,0.10036,0.13051,0.93588,-4.951,-6.493,-15.158,True
PD_03,pd,6.36,0.07885,0.13975,0.91132,-8.215,-7.579,-16.748,True
PD_03,pd,6.37,0.07023,0.14262,0.95447,-10.572,-5.255,-15.09,True
PD_03,pd,6.38,0.02977,0.18175,0.93303,-10.077,-2.053,-11.506,True
PD_03,pd,6.390000000000001,0.01756,0.20122,0.97294,-10.889,-0.65,-7.391,True
PD_03,pd,6.4,-0.00826,0.22981,0.96388,-8.779,2.34,-1.824,True
PD_03,pd,6.41,0.01381,0.27175,0.96138,-8.874,2.628,1.065,True
PD_03,pd,6.42,0.03251,0.2495,0.99139,-5.914,5.575,5.579,True
PD_03,pd,6.43,0.03088,0.26313,0.98791,-4.394,5.665,8.723,True
PD_03,pd,6.44,0.0705,0.2558,0.99159,-0.807,5.98,12.217,True
PD_03,pd,6.45,0.11437,0.25958,0.99906,3.807,6.634,15.756,True
PD_03,pd,6.46,0.16861,0.23853,1.01117,4.607,7.222,13.005,True
PD_03,pd,6.47,0.23272,0.19595,0.99257,7.521,5.858,12.443,True
PD_03,pd,6.48,0.21713,0.20308,1.03132,9.705,3.141,10.932,True
PD_03,pd,6.49,0.23012,0.19665,1.00086,9.096,2.332,8.682,True
PD_03,pd,6.5,0.2206,0.14019,1.00063,8.607,0.786,3.636,True
PD_03,pd,6.51,0.18793,0.13227,0.99944,8.551,-0.396,2.852,True
PD_03,pd,6.5200000000000005,0.18504,0.11512,0.9992,6.731,-3.239,-1.427,True
PD_03,pd,6.53,0.15333,0.13488,0.96317,5.669,-4.252,-4.534,True
PD_03,pd,6.54,0.11797,0.12608,0.97548,2.726,-6.006,-8.849,True
PD_03,pd,6.55,0.11273,0.14046,0.95216,-0.171,-5.39,-11.674,True
PD_03,pd,6.5600000000000005,0.09872,0.12125,0.95538,-3.38,-6.746,-11.516,True
PD_03,pd,6.57,0.0772,0.14279,0.94393,-4.811,-4.11,-13.308,True
PD_03,pd,6.58,0.05035,0.14504,0.95907,-5.372,-4.382,-11.322,True
PD_03,pd,6.59,0.06681,0.15535,0.93083,-7.896,-2.373,-9.922,True
PD_03,pd,6.6000000000000005,0.0225,0.18524,0.9583,-7.492,-1.07,-6.889,True
PD_03,pd,6.61,0.02971,0.21314,0.96694,-5.521,-0.591,-4.404,True
PD_03,pd,6.62,0.01773,0.20966,0.94947,-6.437,1.399,-0.276,True
PD_03,pd,6.63,0.04938,0.22257,0.96443,-3.827,1.959,2.021,True
PD_03,pd,6.640000000000001,0.06516,0.24703,0.97397,-4.896,4.898,6.585,True
PD_03,pd,6.65,0.04117,0.23732,0.99849,0.171,5.1,7.939,True
PD_03,pd,6.66,0.08189,0.21897,1.00116,1.105,5.215,8.34,True
PD_03,pd,6.67,0.11457,0.22077,0.99116,3.742,5.498,10.031,True
PD_03,pd,6.68,0.15639,0.2188,0.98332,3.919,4.343,9.112,True
PD_03,pd,6.69,0.17506,0.20853,0.99235,5.6,3.618,9.745,True
PD_03,pd,6.7,0.20287,0.16919,0.98223,6.426,3.059,7.665,True
PD_03,pd,6.71,0.19444,0.1683,0.9806,5.808,-0.797,4.904,True
PD_03,pd,6.72,0.18952,0.18613,0.97214,6.212,0.564,2.345,True
PD_03,pd,6.73,0.15615,0.13059,0.97778,3.653,-0.489,-0.354,True
PD_03,pd,6.74,0.16371,0.11686,0.95954,3.427,-2.335,-3.269,True
PD_03,pd,6.75,0.13737,0.13899,0.97475,2.779,-3.903,-6.785,True
PD_03,pd,6.76,0.12621,0.14644,0.94841,0.502,-4.889,-6.757,True
PD_03,pd,6.7700000000000005,0.08606,0.1483,0.93106,-2.299,-4.076,-7.479,True
PD_03,pd,6.78,0.10182,0.1325,0.93621,-4.126,-4.098,-9.041,True
PD_03,pd,6.79,0.09937,0.16688,0.94726,-3.668,-3.361,-8.631,True
PD_03,pd,6.8,0.08973,0.14777,0.95835,-4.883,-3.43,-6.904,True
PD_03,pd,6.8100000000000005,0.05241,0.19274,0.93766,-5.825,-1.669,-4.208,True
PD_03,pd,6.82,0.05509,0.17935,0.95747,-4.093,-2.227,-3.756,True
PD_03,pd,6.83,0.04012,0.19485,0.92729,-5.57,1.599,-1.086,True
PD_03,pd,6.84,0.0391,0.19659,0.99055,-4.759,1.343,0.36,True
PD_03,pd,6.8500000000000005,0.05929,0.21926,0.98422,-2.488,1.717,3.128,True
PD_03,pd,6.86,0.08674,0.20701,1.00945,-0.504,2.54,5.459,True
PD_03,pd,6.87,0.09345,0.21272,0.9767,0.462,2.584,6.406,True
PD_03,pd,6.88,0.10184,0.23913,0.9947,1.062,2.911,5.278,True
PD_03,pd,6.890000000000001,0.14004,0.22076,1.0114,1.956,2.835,7.289,True
PD_03,pd,6.9,0.13394,0.20102,0.97379,3.962,3.121,6.016,True
PD_03,pd,6.91,0.13642,0.20192,0.98454,2.641,1.838,5.537,True
PD_03,pd,6.92,0.17252,0.1617,0.96868,3.646,0.651,4.664,True
PD_03,pd,6.93,0.17242,0.16814,1.01685,2.302,-0.262,2.932,True
PD_03,pd,6.94,0.15833,0.13524,0.97914,2.535,-1.718,-0.594,True
PD_03,pd,6.95,0.13261,0.17244,0.96713,0.601,-2.311,-1.464,True
PD_03,pd,6.96,0.11702,0.14171,0.98513,1.834,-2.516,-1.568,True
PD_03,pd,6.97,0.10271,0.15526,0.96768,1.996,-1.422,-3.005,True
PD_03,pd,6.98,0.09937,0.15431,0.97025,-0.679,-2.913,-4.117,True
PD_03,pd,6.99,0.08655,0.16935,0.95786,-0.321,-2.742,-5.388,True
PD_03,pd,7.0,0.09115,0.15645,0.95987,-3.464,-1.92,-5.362,True
PD_03,pd,7.01,0.07506,0.18763,0.94675,-1.573,-1.216,-3.929,True
PD_03,pd,7.0200000000000005,0.05592,0.16956,0.94793,-2.247,-1.236,-4.53,True
PD_03,pd,7.03,0.0927,0.19141,0.93961,-2.831,0.27,-3.379,True
PD_03,pd,7.04,0.07052,0.17233,0.9389,-2.281,0.725,-2.738,True
PD_03,pd,7.05,0.07604,0.2389,0.95957,-1.745,0.354,-1.699,True
PD_03,pd,7.0600000000000005,0.09261,0.1835,0.97285,-3.622,2.181,1.113,True
PD_03,pd,7.07,0.07691,0.16353,0.95725,-0.574,1.768,1.295,True
PD_03,pd,7.08,0.08927,0.21402,0.95476,-0.418,0.4,2.718,True
PD_03,pd,7.09,0.11398,0.20356,0.96735,1.846,0.744,3.061,True
PD_03,pd,7.1000000000000005,0.10389,0.20365,0.99231,1.423,1.24,3.042,True
PD_03,pd,7.11,0.12477,0.20448,0.99331,2.187,1.048,4.668,True
PD_03,pd,7.12,0.10106,0.18475,0.96988,1.929,0.665,4.489,True
PD_03,pd,7.13,0.14352,0.15219,0.991,3.695,0.713,3.159,True
PD_03,pd,7.140000000000001,0.13928,0.16871,0.99099,2.569,-0.957,1.443,True
PD_03,pd,7.15,0.11823,0.15761,0.985,2.128,-0.035,1.051,True
PD_03,pd,7.16,0.11862,0.16883,0.9547,1.82,-0.243,-0.747,True
PD_03,pd,7.17,0.10343,0.17337,0.97099,0.855,-1.485,-1.371,True
PD_03,pd,7.18,0.10174,0.17774,1.00013,0.647,-2.075,-2.331,True
PD_03,pd,7.19,0.1025,0.14466,0.97117,0.13,-0.672,-2.115,True
PD_03,pd,7.2,0.06164,0.15574,0.96845,0.392,-1.264,-2.267,True
PD_03,pd,7.21,0.10646,0.1695,0.99216,-0.919,-2.76,-3.539,True
PD_03,pd,7.22,0.06788,0.18059,0.96476,0.027,-0.845,-2.547,True
PD_03,pd,7.23,0.09863,0.17211,0.96776,-0.929,-0.059,-1.905,True
PD_03,pd,7.24,0.06154,0.16842,0.96072,-0.871,-0.237,-1.742,True
PD_03,pd,7.25,0.06837,0.15365,0.96735,-1.192,0.071,-2.033,True
PD_03,pd,7.26,0.10349,0.15765,0.95647,-0.32,-0.059,-0.589,True
PD_03,pd,7.2700000000000005,0.09152,0.19833,0.95356,-1.103,1.181,0.129,True
PD_03,pd,7.28,0.06837,0.17343,0.99136,-0.77,0.114,0.448,True
PD_03,pd,7.29,0.11325,0.1822,0.96968,0.388,0.01,2.918,True
PD_03,pd,7.3,0.08348,0.20821,0.9476,-0.009,-0.277,2.212,True
PD_03,pd,7.3100000000000005,0.10586,0.19179,0.96289,1.056,-0.29,1.646,True
PD_03,pd,7.32,0.11134,0.20172,0.98936,1.025,-0.525,1.013,True
PD_03,pd,7.33,0.12027,0.1897,0.9894,1.131,-0.729,2.686,True
PD_03,pd,7.34,0.09338,0.16529,0.99618,-0.197,-0.558,1.035,True
PD_03,pd,7.3500000000000005,0.12411,0.19002,0.97016,1.097,0.06,-0.362,True
PD_03,pd,7.36,0.11911,0.16877,0.98466,-0.114,-0.451,0.875,True
PD_03,pd,7.37,0.096,0.15716,0.97863,2.207,-0.919,0.486,True
PD_03,pd,7.38,0.09527,0.1679,0.99684,1.085,0.461,0.022,True
PD_03,pd,7.390000000000001,0.09163,0.16719,0.96521,-0.058,-0.216,-0.372,True
PD_03,pd,7.4,0.07628,0.17481,0.95785,-0.06,-1.469,-1.166,True
PD_03,pd,7.41,0.09745,0.19116,0.97804,0.295,0.501,-0.074,True
PD_03,pd,7.42,0.11395,0.18999,0.94873,-1.539,0.152,-0.668,True
PD_03,pd,7.43,0.10984,0.15044,0.97899,-0.325,-0.341,0.474,True
PD_03,pd,7.44,0.09819,0.16339,0.96047,-1.756,-2.206,-0.944,True
PD_03,pd,7.45,0.09106,0.17568,0.95892,1.081,0.316,-0.603,True
PD_03,pd,7.46,0.0979,0.16562,0.97138,0.442,0.244,-0.798,True
PD_03,pd,7.47,0.10142,0.20927,0.98104,0.217,1.272,0.227,True
PD_03,pd,7.48,0.08579,0.19514,0.97487,-1.407,-0.297,1.105,True
PD_03,pd,7.49,0.10273,0.16837,0.98822,-1.336,-0.455,1.15,True
PD_03,pd,7.5,0.11325,0.18006,0.96442,0.19,-0.163,-1.505,True
PD_03,pd,7.51,0.07745,0.17594,0.96181,-0.219,0.189,0.042,True
PD_03,pd,7.5200000000000005,0.10441,0.18784,0.97882,-0.451,-0.239,0.352,True
PD_03,pd,7.53,0.0794,0.18672,0.97291,1.089,1.165,-0.69,True
PD_03,pd,7.54,0.10606,0.1529,0.96087,0.283,1.028,-0.69,True
PD_03,pd,7.55,0.09708,0.16104,0.95751,-0.789,0.597,-1.122,True
PD_03,pd,7.5600000000000005,0.11352,0.19339,0.98781,-0.876,1.305,-1.427,True
PD_03,pd,7.57,0.09584,0.15743,0.97676,-0.57,1.198,-0.168,True
PD_03,pd,7.58,0.09686,0.15802,0.99939,-0.081,-0.777,-0.372,True
PD_03,pd,7.59,0.11394,0.1688,0.95759,1.066,0.563,-0.236,True
PD_03,pd,7.6000000000000005,0.12085,0.18088,0.9927,-0.384,0.021,0.311,True
PD_03,pd,7.61,0.09427,0.17267,0.9723,0.643,-0.675,-0.799,True
PD_03,pd,7.62,0.10875,0.19192,1.00678,-1.629,0.323,-0.7,True
PD_03,pd,7.63,0.08835,0.15185,0.97045,0.726,0.216,0.475,True
PD_03,pd,7.640000000000001,0.10566,0.15488,0.9758,-0.152,-1.022,-0.76,True
PD_03,pd,7.65,0.12357,0.17837,0.9758,0.613,-0.696,2.042,True
PD_03,pd,7.66,0.1002,0.1805,0.96068,-0.506,0.073,-0.687,True
PD_03,pd,7.67,0.08434,0.16583,0.95264,-0.057,0.886,0.747,True
PD_03,pd,7.68,0.08476,0.19634,0.98745,-0.947,-1.271,1.617,True
PD_03,pd,7.69,0.10153,0.16633,0.93345,-1.875,-0.077,0.459,True
PD_03,pd,7.7,0.10035,0.19286,0.93984,-1.701,0.272,-0.289,True
PD_03,pd,7.71,0.09643,0.18534,0.9707,0.355,-0.491,0.676,True
PD_03,pd,7.72,0.08406,0.17999,0.97635,-1.478,-0.141,-0.479,True
PD_03,pd,7.73,0.11143,0.17121,0.97953,0.712,-1.021,0.604,True
PD_03,pd,7.74,0.10764,0.16021,0.9742,0.069,0.523,-0.058,True
PD_03,pd,7.75,0.10481,0.15868,0.97779,-0.902,-0.029,-0.012,True
PD_03,pd,7.76,0.10421,0.17896,0.96644,-0.071,0.485,-0.105,True
PD_03,pd,7.7700000000000005,0.09782,0.17707,0.97325,0.733,1.41,0.445,True
PD_03,pd,7.78,0.10179,0.14525,0.96334,0.303,1.13,0.115,True
PD_03,pd,7.79,0.08801,0.15249,0.97008,1.292,0.388,-0.236,True
PD_03,pd,7.8,0.08942,0.1588,0.97638,0.173,0.89,0.34,True
PD_03,pd,7.8100000000000005,0.11131,0.1964,0.96329,1.252,0.408,-0.95,True
PD_03,pd,7.82,0.11279,0.18089,0.98597,0.415,1.018,-1.104,True
PD_03,pd,7.83,0.11144,0.16283,0.98401,0.115,-1.024,1.262,True
PD_03,pd,7.84,0.0979,0.17175,0.94624,0.653,0.573,-0.175,True
PD_03,pd,7.8500000000000005,0.09786,0.17113,0.9749,1.039,-0.175,-0.136,True
PD_03,pd,7.86,0.12323,0.19684,0.96322,-0.489,1.014,-0.617,True
PD_03,pd,7.87,0.09641,0.16664,0.96727,0.771,0.449,-1.352,True
PD_03,pd,7.88,0.08261,0.16218,0.96776,-1.209,0.028,0.005,True
PD_03,pd,7.890000000000001,0.0982,0.15951,0.96489,-0.412,0.24,0.132,True
PD_03,pd,7.9,0.09111,0.16439,0.99705,-0.16,-0.283,-0.668,True
PD_03,pd,7.91,0.08193,0.18292,0.98314,0.139,0.748,0.577,True
PD_03,pd,7.92,0.10077,0.1566,0.9575,-0.936,-0.325,-0.04,True
PD_03,pd,7.930000000000001,0.08645,0.16298,0.97439,-1.322,2.067,1.564,True
PD_03,pd,7.94,0.10522,0.1721,0.97664,0.874,-0.98,0.375,True
PD_03,pd,7.95,0.09723,0.21479,0.95265,0.315,0.203,-0.546,True
PD_03,pd,7.96,0.12285,0.17334,0.95516,-0.402,0.991,-0.04,True
PD_03,pd,7.97,0.11553,0.14203,0.98548,0.469,-1.459,0.881,True
PD_03,pd,7.98,0.08823,0.17155,0.98236,0.409,0.716,2.096,True
PD_03,pd,7.99,0.10745,0.18212,0.97712,0.282,-0.614,2.083,True
PD_03,pd,8.0,0.14011,0.18542,0.96586,-0.363,0.713,2.334,True
PD_03,pd,8.01,0.12213,0.18864,0.95736,0.361,0.47,-0.988,True
PD_03,pd,8.02,0.07369,0.15075,0.98645,0.307,-1.104,-0.686,True
PD_03,pd,8.03,0.09882,0.19815,0.9952,-0.64,-0.595,-0.641,True
PD_03,pd,8.040000000000001,0.1119,0.16625,0.96097,-0.861,-0.34,-1.844,True
PD_03,pd,8.05,0.12444,0.13612,1.00083,1.234,-0.096,-0.331,True
PD_03,pd,8.06,0.11256,0.15261,0.96582,1.242,-0.959,-0.555,True
PD_03,pd,8.07,0.10635,0.18015,0.96194,0.246,-1.819,-0.887,True
PD_03,pd,8.08,0.08872,0.17028,0.96245,-0.572,-0.11,0.115,True
PD_03,pd,8.09,0.08737,0.17599,0.96929,-2.17,0.264,-1.41,True
PD_03,pd,8.1,0.08338,0.1691,0.98327,-1.318,-0.353,-1.835,True
PD_03,pd,8.11,0.0672,0.20815,0.94298,-0.765,0.065,-0.702,True
PD_03,pd,8.120000000000001,0.08641,0.18052,0.94811,-1.261,-0.525,-0.225,True
PD_03,pd,8.13,0.08598,0.2002,0.98268,0.257,0.031,0.594,True
PD_03,pd,8.14,0.08352,0.18596,0.97083,-0.928,-0.748,-0.119,True
PD_03,pd,8.15,0.09856,0.20151,0.98939,-1.096,1.392,2.655,True
PD_03,pd,8.16,0.11172,0.17659,0.98423,0.434,0.598,2.323,True
PD_03,pd,8.17,0.10424,0.16525,0.98086,1.194,1.232,2.54,True
PD_03,pd,8.18,0.13398,0.19215,0.97754,2.019,0.632,2.45,True
PD_03,pd,8.19,0.10305,0.15609,0.97586,-0.222,1.076,2.369,True
PD_03,pd,8.2,0.1111,0.1968,0.97043,0.901,1.101,1.644,True
PD_03,pd,8.21,0.12411,0.18138,0.96937,2.154,2.122,0.904,True
PD_03,pd,8.22,0.0772,0.17344,0.94495,2.047,-0.032,0.212,True
PD_03,pd,8.23,0.09666,0.17581,0.98937,1.239,-1.04,0.933,True
PD_03,pd,8.24,0.12303,0.1483,0.97654,1.88,-1.706,0.141,True
PD_03,pd,8.25,0.08204,0.14704,0.97924,0.729,0.191,-1.234,True
PD_03,pd,8.26,0.12488,0.17167,0.95836,0.628,-0.67,-2.776,True
PD_03,pd,8.27,0.09532,0.14638,0.988,0.547,-1.527,-3.171,True
PD_03,pd,8.28,0.11273,0.15133,0.96341,-0.108,-0.831,-3.473,True
PD_03,pd,8.290000000000001,0.09256,0.18531,0.98072,-2.028,-0.318,-3.568,True
PD_03,pd,8.3,0.08724,0.16006,0.94552,-2.334,-0.424,-2.989,True
PD_03,pd,8.31,0.08538,0.20142,0.97746,-3.68,1.121,-3.076,True
PD_03,pd,8.32,0.07895,0.18626,0.95532,-2.313,-0.826,-2.157,True
PD_03,pd,8.33,0.08126,0.1863,0.95271,-2.433,0.313,-1.208,True
PD_03,pd,8.34,0.05594,0.19568,0.99022,-2.934,1.267,-1.007,True
PD_03,pd,8.35,0.07305,0.1714,1.00347,-2.677,1.508,0.85,True
PD_03,pd,8.36,0.08978,0.21085,0.97161,-2.322,2.875,3.088,True
PD_03,pd,8.370000000000001,0.05125,0.21567,0.99901,0.111,2.075,3.989,True
PD_03,pd,8.38,0.09719,0.20448,0.97668,-0.17,2.945,4.307,True
PD_03,pd,8.39,0.13077,0.21405,0.98342,2.277,3.688,4.859,True
PD_03,pd,8.4,0.12373,0.19169,0.98231,2.595,1.767,4.955,True
PD_03,pd,8.41,0.13342,0.21938,0.98388,1.573,0.696,4.497,True
PD_03,pd,8.42,0.15066,0.1894,0.98265,3.422,-0.748,3.585,True
PD_03,pd,8.43,0.13938,0.18947,0.9676,3.846,0.953,4.001,True
PD_03,pd,8.44,0.14849,0.16577,0.95574,3.817,-0.106,2.808,True
PD_03,pd,8.45,0.13906,0.15816,0.97508,3.622,-1.087,0.2,True
PD_03,pd,8.46,0.15171,0.14209,0.99195,1.118,-4.601,-1.332,True
PD_03,pd,8.47,0.15091,0.13187,0.95265,2.786,-2.39,-4.315,True
PD_03,pd,8.48,0.09078,0.14424,0.99572,1.076,-3.007,-5.6,True
PD_03,pd,8.49,0.09329,0.14186,0.95533,-1.043,-2.861,-6.498,True
PD_03,pd,8.5,0.09766,0.1822,0.94778,-3.456,-3.541,-7.266,True
PD_03,pd,8.51,0.08611,0.14598,0.95942,-2.676,-3.282,-6.264,True
PD_03,pd,8.52,0.06242,0.15276,0.95306,-2.903,-3.417,-5.858,True
PD_03,pd,8.53,0.07444,0.19497,0.93828,-4.686,-1.773,-4.052,True
PD_03,pd,8.540000000000001,0.06185,0.18491,0.93889,-4.811,0.621,-3.51,True
PD_03,pd,8.55,0.06136,0.18423,0.9766,-5.643,0.518,-1.574,True
PD_03,pd,8.56,0.08463,0.20978,0.96625,-2.573,1.117,1.037,True
PD_03,pd,8.57,0.07448,0.2006,0.96427,-3.653,2.202,1.845,True
PD_03,pd,8.58,0.07327,0.20112,0.9663,-2.837,2.986,5.49,True
PD_03,pd,8.59,0.09021,0.23916,0.97715,-0.587,2.976,7.174,True
PD_03,pd,8.6,0.11818,0.20017,0.98297,1.947,3.578,6.726,True
PD_03,pd,8.61,0.15557,0.22399,0.97783,2.872,4.469,8.813,True
PD_03,pd,8.620000000000001,0.16767,0.21081,0.95621,3.478,2.507,8.557,True
PD_03,pd,8.63,0.17311,0.18575,0.99466,3.483,2.054,6.64,True
PD_03,pd,8.64,0.19795,0.17241,1.00657,5.213,2.048,7.198,True
PD_03,pd,8.65,0.16403,0.15598,0.9877,5.061,0.312,3.619,True
PD_03,pd,8.66,0.17512,0.12627,0.97091,4.738,-0.35,0.806,True
PD_03,pd,8.67,0.12816,0.12962,0.96746,3.919,-2.8,-0.419,True
PD_03,pd,8.68,0.15061,0.14483,0.92752,1.875,-2.995,-4.67,True
PD_03,pd,8.69,0.14873,0.12394,0.94622,1.456,-2.918,-7.745,True
PD_03,pd,8.700000000000001,0.10654,0.13002,0.96934,-0.473,-5.126,-8.771,True
PD_03,pd,8.71,0.1016,0.1517,0.92901,-3.409,-6.064,-9.127,True
PD_03,pd,8.72,0.09671,0.13488,0.91617,-4.083,-4.075,-9.919,True
PD_03,pd,8.73,0.0849,0.16594,0.92504,-5.881,-4.424,-9.143,True
PD_03,pd,8.74,0.06355,0.1609,0.93708,-6.374,-1.836,-8.546,True
PD_03,pd,8.75,0.04552,0.19426,0.95769,-5.844,-2.542,-7.037,True
PD_03,pd,8.76,0.01682,0.20719,0.95081,-7.275,-0.095,-4.66,True
PD_03,pd,8.77,0.04492,0.22236,0.96114,-5.47,1.761,-0.464,True
PD_03,pd,8.78,0.04776,0.23443,0.96597,-6.205,4.493,1.726,True
PD_03,pd,8.790000000000001,0.05784,0.2219,0.96512,-1.699,3.338,7.634,True
PD_03,pd,8.8,0.07975,0.24444,0.97072,-1.406,4.409,10.269,True
PD_03,pd,8.81,0.09445,0.25953,0.99765,2.245,5.13,10.117,True
PD_03,pd,8.82,0.14194,0.20075,0.99026,2.491,4.304,12.564,True
PD_03,pd,8.83,0.15959,0.1974,1.00912,6.272,5.624,12.505,True
PD_03,pd,8.84,0.21659,0.20883,1.00389,7.571,4.648,13.633,True
PD_03,pd,8.85,0.2201,0.17723,0.97278,8.043,3.115,8.469,True
PD_03,pd,8.86,0.2164,0.16309,0.99167,7.737,1.422,6.655,True
PD_03,pd,8.870000000000001,0.19762,0.1481,0.96328,9.2,0.438,5.53,True
PD_03,pd,8.88,0.19456,0.11536,0.98609,6.893,-2.406,-2.703,True
PD_03,pd,8.89,0.17917,0.10499,0.95013,5.778,-4.11,-3.716,True
PD_03,pd,8.9,0.15733,0.12412,0.93981,3.03,-6.277,-8.851,True
PD_03,pd,8.91,0.12844,0.10877,0.95001,1.446,-5.842,-10.033,True
PD_03,pd,8.92,0.11504,0.10801,0.92049,-2.621,-7.521,-14.127,True
PD_03,pd,8.93,0.09888,0.09617,0.93267,-3.991,-5.782,-13.616,True
PD_03,pd,8.94,0.07053,0.16594,0.94137,-7.07,-5.391,-14.539,True
PD_03,pd,8.950000000000001,0.05283,0.16027,0.93529,-7.712,-5.825,-12.517,True
PD_03,pd,8.96,0.04091,0.1538,0.92633,-8.447,-3.121,-9.904,True
PD_03,pd,8.97,0.0089,0.213,0.92602,-10.625,0.393,-7.623,True
PD_03,pd,8.98,0.01118,0.24078,0.96569,-8.789,0.969,-1.496,True
PD_03,pd,8.99,0.01849,0.24504,0.96857,-7.627,3.103,2.289,True
PD_03,pd,9.0,0.02041,0.26391,0.94869,-4.149,4.266,8.236,True
PD_03,pd,9.01,0.03556,0.27432,1.00112,-3.543,6.692,9.636,True
PD_03,pd,9.02,0.06883,0.27371,0.98458,-0.798,8.023,13.799,True
PD_03,pd,9.03,0.14982,0.24734,0.99469,3.893,7.512,16.069,True
PD_03,pd,9.040000000000001,0.15309,0.25686,1.00974,6.752,8.038,16.157,True
PD_03,pd,9.05,0.22467,0.24484,0.9768,7.014,5.237,15.639,True
PD_03,pd,9.06,0.25855,0.19693,0.99643,9.798,5.171,13.679,True
PD_03,pd,9.07,0.24111,0.18258,0.9672,11.667,2.235,10.367,True
PD_03,pd,9.08,0.26754,0.15285,0.97826,11.896,1.396,7.336,True
PD_03,pd,9.09,0.25197,0.14751,0.97282,10.599,-2.219,2.494,True
PD_03,pd,9.1,0.23158,0.11931,0.96653,6.6,-4.697,-3.112,True
PD_03,pd,9.11,0.21672,0.09857,0.95925,5.701,-6.669,-9.313,True
PD_03,pd,9.120000000000001,0.16533,0.06754,0.93673,3.388,-8.346,-11.992,True
PD_03,pd,9.13,0.13155,0.09188,0.94907,-1.466,-7.107,-15.761,True
PD_03,pd,9.14,0.12441,0.09589,0.94629,-3.69,-7.489,-16.934,True
PD_03,pd,9.15,0.10452,0.11148,0.92048,-8.872,-7.781,-18.714,True
PD_03,pd,9.16,0.0624,0.15954,0.93002,-10.72,-5.404,-18.938,True
PD_03,pd,9.17,0.06947,0.17022,0.91502,-11.863,-5.268,-14.919,True
PD_03,pd,9.18,0.01833,0.21165,0.94826,-11.912,-2.036,-11.947,True
PD_03,pd,9.19,-0.05634,0.24705,0.94062,-12.855,0.362,-6.88,True
PD_03,pd,9.200000000000001,-0.03031,0.24581,0.94452,-10.684,4.55,-0.263,True
PD_03,pd,9.21,-0.03055,0.27099,0.96717,-8.564,6.692,4.475,True
PD_03,pd,9.22,0.02341,0.31635,0.96793,-5.193,6.512,12.168,True
PD_03,pd,9.23,0.05218,0.29103,1.0078,-1.694,8.794,16.416,True
PD_03,pd,9.24,0.12975,0.28365,1.01997,2.439,9.203,18.834,True
PD_03,pd,9.25,0.19899,0.29517,0.99773,4.61,8.776,20.581,True
PD_03,pd,9.26,0.23703,0.2374,0.9874,9.21,8.418,19.561,True
PD_03,pd,9.27,0.28983,0.23967,1.02399,12.785,7.236,18.59,True
PD_03,pd,9.28,0.27152,0.21159,1.00699,14.378,4.995,14.434,True
PD_03,pd,9.290000000000001,0.26627,0.15765,0.99067,13.896,2.309,12.857,True
PD_03,pd,9.3,0.27671,0.12018,0.99336,14.666,-1.769,3.951,True
PD_03,pd,9.31,0.26683,0.08544,0.98384,12.987,-4.17,-1.803,True
PD_03,pd,9.32,0.2148,0.10389,0.96216,8.135,-5.019,-8.427,True
PD_03,pd,9.33,0.18919,0.07729,0.94596,4.724,-8.395,-13.683,True
PD_03,pd,9.34,0.17217,0.05705,0.92786,0.863,-10.836,-17.984,True
PD_03,pd,9.35,0.14752,0.06993,0.91726,-3.236,-10.643,-20.579,True
PD_03,pd,9.36,0.08867,0.08122,0.9145,-7.719,-10.186,-23.299,True
PD_03,pd,9.370000000000001,0.05105,0.12402,0.88345,-10.709,-10.02,-21.408,True
PD_03,pd,9.38,0.07378,0.16708,0.9219,-13.806,-7.836,-19.377,True
PD_03,pd,9.39,0.03106,0.20686,0.92183,-16.305,-3.799,-14.736,True
PD_03,pd,9.4,-0.04607,0.23621,0.95763,-14.983,-1.166,-9.29,True
PD_03,pd,9.41,-0.0734,0.27251,0.92479,-14.666,2.261,-4.118,True
PD_03,pd,9.42,-0.05554,0.24938,0.94455,-12.635,5.97,4.502,True
PD_03,pd,9.43,-0.03462,0.31963,0.96956,-8.005,8.916,9.046,True
PD_03,pd,9.44,0.01378,0.28193,0.98919,-5.515,10.281,16.652,True
PD_03,pd,9.450000000000001,0.07611,0.30653,1.00926,1.084,12.548,21.099,True
PD_03,pd,9.46,0.18084,0.31701,1.00318,5.739,11.154,24.094,True
PD_03,pd,9.47,0.21978,0.27461,1.0119,11.505,10.577,24.049,True
PD_03,pd,9.48,0.29782,0.25132,1.01496,12.231,10.107,24.379,True
PD_03,pd,9.49,0.3406,0.21664,1.02769,15.588,7.183,20.283,True
PD_03,pd,9.5,0.33802,0.15395,1.00634,15.326,2.013,13.899,True
PD_03,pd,9.51,0.31022,0.15122,0.99112,16.601,0.138,8.633,True
PD_03,pd,9.52,0.31402,0.10503,0.98828,14.48,-4.411,2.463,True
PD_03,pd,9.53,0.27023,0.06237,0.94843,11.784,-7.152,-3.842,True
PD_03,pd,9.540000000000001,0.22054,0.07603,0.94717,8.798,-9.133,-13.564,True
PD_03,pd,9.55,0.18979,0.05307,0.937,3.148,-11.007,-19.189,True
PD_03,pd,9.56,0.11723,0.05175,0.91761,-0.508,-12.434,-22.12,True
PD_03,pd,9.57,0.13768,0.08395,0.89428,-7.132,-14.313,-27.463,True
PD_03,pd,9.58,0.07091,0.10816,0.88271,-11.228,-11.431,-27.28,True
PD_03,pd,9.59,0.0271,0.14764,0.90972,-14.2,-9.785,-24.547,True
PD_03,pd,9.6,-0.00052,0.1471,0.89519,-16.959,-5.632,-22.644,True
PD_03,pd,9.61,-0.04796,0.19023,0.90602,-17.58,-2.337,-13.593,True
PD_03,pd,9.620000000000001,-0.0592,0.2545,0.91701,-16.804,1.774,-7.551,True
PD_03,pd,9.63,-0.07447,0.2885,0.90485,-16.811,4.361,-1.416,True
PD_03,pd,9.64,-0.08179,0.3283,0.9665,-10.931,8.179,8.101,True
PD_03,pd,9.65,-0.02898,0.3099,0.98884,-6.964,9.222,15.366,True
PD_03,pd,9.66,0.06078,0.3266,0.98206,-1.621,12.635,21.227,True
PD_03,pd,9.67,0.12521,0.32505,1.02349,2.303,13.401,26.21,True
PD_03,pd,9.68,0.21441,0.3286,1.00885,6.866,12.067,28.186,True
PD_03,pd,9.69,0.27165,0.29142,1.01737,12.326,12.484,29.683,True
PD_03,pd,9.700000000000001,0.33927,0.26068,1.02058,14.514,8.819,24.968,True
PD_03,pd,9.71,0.34273,0.20654,1.01219,18.529,6.517,20.496,True
PD_03,pd,9.72,0.39692,0.16244,1.00215,19.869,1.405,14.38,True
PD_03,pd,9.73,0.32569,0.14206,0.99202,19.217,-1.488,5.69,True
PD_03,pd,9.74,0.2926,0.10662,0.95444,15.258,-4.618,-2.198,True
PD_03,pd,9.75,0.26383,0.04128,0.94328,12.006,-8.349,-9.667,True
PD_03,pd,9.76,0.22134,0.05433,0.93956,5.99,-10.965,-18.194,True
PD_03,pd,9.77,0.17711,0.05108,0.90182,1.308,-13.795,-23.676,True
PD_03,pd,9.78,0.15812,0.06372,0.89842,-5.227,-13.651,-28.862,True
PD_03,pd,9.790000000000001,0.10895,0.05902,0.87843,-9.827,-12.877,-31.433,True
PD_03,pd,9.8,0.06283,0.10776,0.87051,-13.888,-11.405,-30.67,True
PD_03,pd,9.81,0.01375,0.16477,0.88681,-17.824,-9.282,-27.053,True
PD_03,pd,9.82,-0.05454,0.21877,0.88538,-19.968,-4.443,-21.589,True
PD_03,pd,9.83,-0.09593,0.25607,0.89455,-20.163,-0.923,-14.852,True
PD_03,pd,9.84,-0.09262,0.32913,0.93535,-18.105,2.739,-3.666,True
PD_03,pd,9.85,-0.08581,0.32865,0.96745,-16.316,6.634,3.374,True
PD_03,pd,9.86,-0.08731,0.37716,0.97365,-11.678,12.042,12.722,True
PD_03,pd,9.870000000000001,-0.00323,0.34934,0.98076,-6.354,13.332,22.75,True
PD_03,pd,9.88,0.08733,0.35574,0.9835,-0.525,15.411,26.387,True
PD_03,pd,9.89,0.17011,0.34855,1.02288,7.105,13.534,29.395,True
PD_03,pd,9.9,0.24525,0.30842,1.03586,10.63,14.255,32.311,True
PD_03,pd,9.91,0.3472,0.2596,1.01337,16.789,11.691,30.341,True
PD_03,pd,9.92,0.40805,0.22945,1.04237,19.456,8.658,26.419,True
PD_03,pd,9.93,0.36425,0.19028,1.02828,20.925,3.659,19.316,True
PD_03,pd,9.94,0.38626,0.13881,0.99426,21.883,-0.867,11.926,True
PD_03,pd,9.950000000000001,0.34358,0.09593,0.99525,18.496,-5.707,2.886,True
PD_03,pd,9.96,0.27836,0.06093,0.93917,14.264,-8.305,-8.166,True
PD_03,pd,9.97,0.2618,0.03488,0.94255,10.451,-11.12,-15.731,True
PD_03,pd,9.98,0.20552,0.0484,0.93226,5.727,-14.414,-24.375,True
PD_03,pd,9.99,0.14268,0.04171,0.88072,-0.724,-14.537,-28.773,True
PD_03,pd,10.0,0.11213,0.06496,0.88357,-7.639,-16.943,-32.491,True
PD_03,pd,10.01,0.08724,0.08847,0.88708,-15.692,-13.792,-33.111,True
PD_03,pd,10.02,0.04501,0.13358,0.87093,-17.794,-12.163,-31.72,True
PD_03,pd,10.03,-0.02084,0.20444,0.82666,-21.204,-8.119,-25.85,True
PD_03,pd,10.040000000000001,-0.06198,0.2389,0.89063,-22.447,-3.573,-19.262,True
PD_03,pd,10.05,-0.10286,0.27663,0.88049,-21.569,0.993,-9.259,True
PD_03,pd,10.06,-0.0822,0.32495,0.91833,-20.343,5.09,-0.321,True
PD_03,pd,10.07,-0.13802,0.35776,0.93227,-13.749,9.803,9.867,True
PD_03,pd,10.08,-0.03174,0.39024,0.95858,-10.044,13.794,19.723,True
PD_03,pd,10.09,0.04677,0.38612,0.98882,-3.159,15.81,25.7,True
PD_03,pd,10.1,0.14271,0.39341,1.00514,4.118,18.492,31.817,True
PD_03,pd,10.11,0.24461,0.36123,1.02603,9.146,15.628,35.818,True
PD_03,pd,10.120000000000001,0.32519,0.27744,1.03089,15.574,13.753,34.327,True
PD_03,pd,10.13,0.41855,0.28333,0.99859,18.799,11.26,30.202,True
PD_03,pd,10.14,0.43616,0.2027,1.01277,23.13,7.402,24.279,True
PD_03,pd,10.15,0.42834,0.15956,1.01977,22.445,4.1,17.218,True
PD_03,pd,10.16,0.41403,0.09855,0.98121,23.454,-1.916,8.094,True
PD_03,pd,10.17,0.33532,0.06646,0.94337,18.836,-6.827,0.373,True
PD_03,pd,10.18,0.3257,0.01056,0.94295,14.587,-11.081,-12.616,True
PD_03,pd,10.19,0.2515,0.01195,0.92339,7.39,-14.82,-20.952,True
PD_03,pd,10.200000000000001,0.18958,0.00024,0.87387,0.579,-15.385,-29.203,True
PD_03,pd,10.21,0.15534,0.00673,0.85614,-4.825,-17.533,-34.089,True
PD_03,pd,10.22,0.10725,0.08064,0.8597,-11.252,-15.615,-35.8,True
PD_03,pd,10.23,0.05847,0.13562,0.84542,-15.871,-14.825,-34.235,True
PD_03,pd,10.24,-0.00713,0.13301,0.85437,-22.313,-9.535,-31.67,True
PD_03,pd,10.25,-0.06629,0.20446,0.87358,-25.045,-5.699,-25.258,True
PD_03,pd,10.26,-0.10348,0.25749,0.90671,-23.098,-0.402,-15.747,True
PD_03,pd,10.27,-0.14804,0.31187,0.91225,-22.174,4.856,-6.577,True
PD_03,pd,10.28,-0.13437,0.3722,0.93746,-18.044,7.338,5.178,True
PD_03,pd,10.290000000000001,-0.08444,0.36639,0.93011,-11.973,12.482,15.5,True
PD_03,pd,10.3,-0.01472,0.39547,0.97077,-7.873,15.819,23.429,True
PD_03,pd,10.31,0.1045,0.39803,1.00318,1.237,16.838,29.97,True
PD_03,pd,10.32,0.22252,0.3789,1.02491,6.723,18.494,35.741,True
PD_03,pd,10.33,0.29423,0.35617,1.02963,14.595,15.703,36.667,True
PD_03,pd,10.34,0.37973,0.30299,1.02374,18.8,12.499,34.245,True
PD_03,pd,10.35,0.40751,0.23432,1.03932,22.823,9.134,31.43,True
PD_03,pd,10.36,0.46586,0.18611,1.03742,25.298,4.287,22.045,True
PD_03,pd,10.370000000000001,0.42363,0.12,0.96371,24.788,-0.982,12.579,True
PD_03,pd,10.38,0.39144,0.07482,0.99066,20.897,-4.924,2.9,True
PD_03,pd,10.39,0.33508,0.0602,0.92846,17.838,-9.76,-6.976,True
PD_03,pd,10.4,0.2907,0.03748,0.9099,11.874,-14.28,-18.276,True
PD_03,pd,10.41,0.21221,0.01357,0.88678,4.444,-17.31,-26.983,True
PD_03,pd,10.42,0.194,0.02642,0.8696,-2.097,-18.331,-33.598,True
PD_03,pd,10.43,0.15194,0.04238,0.90516,-8.371,-16.249,-36.542,True
PD_03,pd,10.44,0.08011,0.06806,0.84978,-14.997,-15.038,-38.343,True
PD_03,pd,10.450000000000001,0.02896,0.14155,0.85002,-19.286,-12.189,-34.299,True
PD_03,pd,10.46,-0.04172,0.19491,0.88699,-23.022,-8.73,-28.657,True
PD_03,pd,10.47,-0.08244,0.24102,0.87321,-24.682,-3.251,-20.887,True
PD_03,pd,10.48,-0.11193,0.3113,0.89712,-24.235,2.27,-11.71,True
PD_03,pd,10.49,-0.13602,0.33941,0.92709,-21.01,6.411,1.242,True
PD_03,pd,10.5,-0.10246,0.34974,0.92837,-17.226,11.074,12.123,True
PD_03,pd,10.51,-0.05602,0.38799,0.97095,-11.091,14.664,21.951,True
PD_03,pd,10.52,0.04706,0.40575,0.99844,-5.058,16.799,29.059,True
PD_03,pd,10.53,0.1777,0.3939,0.99163,3.924,18.097,35.281,True
PD_03,pd,10.540000000000001,0.25223,0.34753,1.03723,11.23,18.602,38.656,True
PD_03,pd,10.55,0.36787,0.34872,1.05587,17.296,14.919,37.019,True
PD_03,pd,10.56,0.43577,0.29024,1.01215,20.595,11.313,34.343,True
PD_03,pd,10.57,0.47378,0.21062,1.03944,25.732,9.404,27.846,True
PD_03,pd,10.58,0.4844,0.15459,0.98328,24.736,1.803,19.479,True
PD_03,pd,10.59,0.42679,0.10023,0.98491,24.744,-3.261,9.113,True
PD_03,pd,10.6,0.36917,0.0499,0.95538,20.341,-7.281,-3.431,True
PD_03,pd,10.61,0.31657,0.01368,0.92476,16.429,-11.666,-12.689,True
PD_03,pd,10.620000000000001,0.25218,0.02266,0.89773,8.703,-14.81,-24.72,True
PD_03,pd,10.63,0.23345,0.01483,0.90243,0.68,-17.976,-30.299,True
PD_03,pd,10.64,0.15847,0.01754,0.87473,-6.22,-18.703,-36.245,True
PD_03,pd,10.65,0.15305,0.2158,0.95285,0.592,-1.084,-1.743,True
PD_03,pd,10.66,0.15478,0.22812,0.93746,0.102,-0.504,0.463,True
PD_03,pd,10.67,0.16855,0.20739,0.95492,0.783,0.45,-1.586,True
PD_03,pd,10.68,0.17322,0.23752,0.9395,0.775,-0.435,-0.758,True
PD_03,pd,10.69,0.17013,0.20788,0.95339,-0.155,-0.911,-0.02,True
PD_03,pd,10.700000000000001,0.18734,0.20017,0.9429,-1.287,0.677,-0.805,True
PD_03,pd,10.71,0.14008,0.21907,0.94715,-0.342,-0.603,-0.157,True
PD_03,pd,10.72,0.18053,0.20406,0.92287,-1.369,-0.903,-0.875,True
PD_03,pd,10.73,0.19613,0.21141,0.91497,-1.052,0.309,-1.504,True
PD_03,pd,10.74,0.15947,0.21724,0.92715,-1.394,-0.378,-1.574,True
PD_03,pd,10.75,0.17799,0.19239,0.93451,-0.508,0.063,-0.113,True
PD_03,pd,10.76,0.17804,0.21111,0.93978,-0.838,-0.891,-0.576,True
PD_03,pd,10.77,0.18821,0.21718,0.94625,-0.224,-1.958,-0.988,True
PD_03,pd,10.78,0.17414,0.20708,0.93074,0.074,-0.161,0.679,True
PD_03,pd,10.790000000000001,0.19302,0.18982,0.92928,0.137,0.96,-0.733,True
PD_03,pd,10.8,0.15563,0.21682,0.97093,-0.584,0.089,-0.73,True
PD_03,pd,10.81,0.1622,0.20542,0.95578,-0.22,1.47,-0.008,True
PD_03,pd,10.82,0.14713,0.2244,0.93764,2.416,-0.724,-1.777,True
PD_03,pd,10.83,0.1785,0.19832,0.9505,-0.14,0.422,0.116,True
PD_03,pd,10.84,0.16416,0.22609,0.93836,0.211,-1.073,0.274,True
PD_03,pd,10.85,0.15244,0.20447,0.90394,-0.362,0.031,-1.877,True
PD_03,pd,10.86,0.16904,0.21732,0.94249,0.024,0.484,-0.395,True
PD_03,pd,10.870000000000001,0.18025,0.21446,0.92927,0.072,0.862,-0.456,True
PD_03,pd,10.88,0.17193,0.22291,0.93174,0.275,0.067,1.371,True
PD_03,pd,10.89,0.19009,0.21994,0.92005,0.427,0.019,-0.458,True
PD_03,pd,10.9,0.18703,0.20653,0.93113,-0.514,-0.008,1.024,True
PD_03,pd,10.91,0.17523,0.22916,0.92947,0.83,0.176,-0.184,True
PD_03,pd,10.92,0.15228,0.20849,0.92712,-0.161,-0.384,-0.055,True
PD_03,pd,10.93,0.15907,0.23186,0.93822,-1.279,0.001,-1.288,True
PD_03,pd,10.94,0.18477,0.19725,0.94807,0.729,0.318,-1.005,True
PD_03,pd,10.950000000000001,0.18145,0.21591,0.92444,0.157,-0.383,-0.163,True
PD_03,pd,10.96,0.18288,0.22082,0.90746,1.267,0.79,-0.05,True
PD_03,pd,10.97,0.16213,0.22027,0.93776,-0.135,-0.068,-0.095,True
PD_03,pd,10.98,0.18437,0.18557,0.94011,-0.575,0.906,-0.748,True
PD_03,pd,10.99,0.20984,0.21358,0.92714,-0.399,-1.188,-1.232,True
PD_03,pd,11.0,0.17006,0.19022,0.92437,-1.355,-0.393,-0.779,True
PD_03,pd,11.01,0.18491,0.22394,0.92897,0.139,-1.044,0.407,True
PD_03,pd,11.02,0.15339,0.22069,0.91372,0.3,-0.099,-0.384,True
PD_03,pd,11.03,0.16463,0.20466,0.91964,-0.474,1.167,-0.658,True
PD_03,pd,11.040000000000001,0.15128,0.19869,0.94478,-0.042,-0.313,0.665,True
PD_03,pd,11.05,0.18668,0.221,0.94062,0.11,-0.247,0.389,True
PD_03,pd,11.06,0.16265,0.2247,0.92807,-1.197,-0.093,-0.524,True
PD_03,pd,11.07,0.16811,0.21795,0.91772,-0.108,0.052,-0.302,True
PD_03,pd,11.08,0.19295,0.21252,0.93709,-1.003,-0.852,-0.621,True
PD_03,pd,11.09,0.20409,0.206,0.93229,-0.238,0.244,-1.095,True
PD_03,pd,11.1,0.18672,0.21264,0.89662,-0.56,-0.373,0.888,True
PD_03,pd,11.11,0.18727,0.20426,0.92312,-0.143,0.205,0.414,True
PD_03,pd,11.120000000000001,0.19488,0.21624,0.93542,0.214,0.93,0.777,True
PD_03,pd,11.13,0.16346,0.21609,0.926,-0.368,-0.468,-0.093,True
PD_03,pd,11.14,0.19176,0.22316,0.94014,0.589,0.103,0.417,True
PD_03,pd,11.15,0.16617,0.24271,0.93708,0.211,0.267,0.767,True
PD_03,pd,11.16,0.18406,0.20035,0.96341,-2.388,0.098,-0.351,True
PD_03,pd,11.17,0.18492,0.20452,0.91422,-0.484,-1.118,-0.008,True
PD_03,pd,11.18,0.14915,0.22545,0.92311,0.939,0.303,-1.06,True
PD_03,pd,11.19,0.16178,0.24526,0.93259,-1.346,-0.052,-0.128,True
PD_03,pd,11.200000000000001,0.20475,0.22126,0.91392,1.237,0.455,0.615,True
PD_03,pd,11.21,0.17061,0.22578,0.91868,0.715,0.625,0.521,True
PD_03,pd,11.22,0.19717,0.21983,0.91982,1.266,0.658,0.119,True
PD_03,pd,11.23,0.18818,0.21387,0.92007,-0.149,1.005,-0.783,True
PD_03,pd,11.24,0.1817,0.23125,0.93469,0.14,0.171,-1.285,True
PD_03,pd,11.25,0.17154,0.20098,0.94514,-0.652,1.062,-0.366,True
PD_03,pd,11.26,0.21143,0.23092,0.91537,0.69,0.267,-1.133,True
PD_03,pd,11.27,0.20966,0.23141,0.93578,-0.82,0.603,-1.271,True
PD_03,pd,11.28,0.18321,0.19588,0.91057,0.018,0.656,0.416,True
PD_03,pd,11.290000000000001,0.22072,0.23098,0.92302,0.663,0.352,0.825,True
PD_03,pd,11.3,0.20201,0.19428,0.93535,0.705,-0.027,1.167,True
PD_03,pd,11.31,0.18845,0.23054,0.90342,1.464,-1.805,0.649,True
PD_03,pd,11.32,0.19631,0.21338,0.90979,-0.465,-0.238,0.004,True
PD_03,pd,11.33,0.18945,0.22649,0.92937,-0.703,0.09,-0.329,True
PD_03,pd,11.34,0.17446,0.22983,0.92363,-0.871,-0.609,-0.418,True
PD_03,pd,11.35,0.17994,0.22543,0.92155,-1.214,-0.452,0.546,True
PD_03,pd,11.36,0.19809,0.21223,0.91605,-0.121,0.206,-0.179,True
PD_03,pd,11.370000000000001,0.17733,0.20173,0.93316,1.443,0.617,0.478,True
PD_03,pd,11.38,0.1781,0.23153,0.94226,0.082,-1.91,-0.999,True
PD_03,pd,11.39,0.21632,0.22905,0.92574,-0.038,-1.064,-0.373,True
PD_03,pd,11.4,0.1817,0.21908,0.94984,-0.177,0.321,-0.067,True
PD_03,pd,11.41,0.20389,0.22043,0.96015,1.459,1.236,0.481,True
PD_03,pd,11.42,0.19761,0.22128,0.92067,2.018,-1.017,0.345,True
PD_03,pd,11.43,0.17264,0.21443,0.92294,-0.341,-0.609,-1.425,True
PD_03,pd,11.44,0.19977,0.23107,0.94626,0.763,0.073,-1.25,True
PD_03,pd,11.450000000000001,0.17602,0.18211,0.93143,0.342,0.306,-0.054,True
PD_03,pd,11.46,0.22222,0.22189,0.91496,0.392,-0.622,0.607,True
PD_03,pd,11.47,0.20143,0.22663,0.91414,-1.248,-1.01,-0.316,True
PD_03,pd,11.48,0.17894,0.20122,0.92414,-1.605,-0.588,0.07,True
PD_03,pd,11.49,0.17576,0.22511,0.91728,-0.025,-0.005,-0.012,True
PD_03,pd,11.5,0.1954,0.2225,0.92867,-0.696,0.214,1.014,True
PD_03,pd,11.51,0.18182,0.23803,0.94871,-0.115,0.672,0.396,True
PD_03,pd,11.52,0.2166,0.19386,0.93732,0.906,0.639,-0.15,True
PD_03,pd,11.53,0.192,0.24212,0.9248,-0.759,0.492,-1.595,True
PD_03,pd,11.540000000000001,0.1923,0.18807,0.9226,1.007,0.059,-0.193,True
PD_03,pd,11.55,0.21124,0.23096,0.93808,-0.22,-1.711,-0.14,True
PD_03,pd,11.56,0.19075,0.23907,0.92351,0.124,-0.125,0.09,True
PD_03,pd,11.57,0.193,0.2364,0.9368,-0.962,1.067,0.089,True
PD_03,pd,11.58,0.17736,0.21042,0.9111,-1.814,-0.5,-0.286,True
PD_03,pd,11.59,0.1899,0.22577,0.93648,0.4,-1.775,-0.12,True
PD_03,pd,11.6,0.18646,0.22634,0.89741,-1.579,0.135,-0.854,True
PD_03,pd,11.61,0.20305,0.2148,0.94738,0.117,0.925,-0.247,True
PD_03,pd,11.620000000000001,0.21235,0.21377,0.93523,0.372,-0.299,0.652,True
PD_03,pd,11.63,0.16422,0.21548,0.93623,0.578,0.153,-0.33,True
PD_03,pd,11.64,0.19889,0.2358,0.92564,-1.325,-1.529,-0.055,True
PD_03,pd,11.65,0.18558,0.21577,0.9413,0.519,0.395,1.564,True
PD_03,pd,11.66,0.18858,0.21255,0.91546,1.964,0.359,-0.022,True
PD_03,pd,11.67,0.19777,0.20979,0.94493,0.359,1.631,-0.847,True
PD_03,pd,11.68,0.18973,0.20834,0.94689,1.128,0.459,-0.084,True
PD_03,pd,11.69,0.1923,0.2367,0.90343,0.535,-0.323,0.409,True
PD_03,pd,11.700000000000001,0.19615,0.23605,0.91094,-0.423,-0.725,0.931,True
PD_03,pd,11.71,0.21378,0.21844,0.93813,0.174,0.479,-0.532,True
PD_03,pd,11.72,0.18864,0.22693,0.9011,-0.908,-1.078,2.136,True
PD_03,pd,11.73,0.20686,0.23698,0.92341,-0.562,-1.265,1.097,True
PD_03,pd,11.74,0.18332,0.22001,0.91199,0.871,-1.178,0.16,True
PD_03,pd,11.75,0.18637,0.20455,0.94779,-0.388,-0.193,-0.09,True
PD_03,pd,11.76,0.18867,0.2201,0.95087,0.227,0.292,1.245,True
PD_03,pd,11.77,0.17658,0.23005,0.92597,0.192,1.177,0.371,True
PD_03,pd,11.78,0.20842,0.21907,0.93488,0.797,0.158,-0.172,True
PD_03,pd,11.790000000000001,0.18701,0.20058,0.92467,0.158,0.594,-0.066,True
PD_03,pd,11.8,0.18948,0.22052,0.91959,-0.238,-0.386,-0.527,True
PD_03,pd,11.81,0.20695,0.21703,0.90842,-0.157,0.12,0.592,True
PD_03,pd,11.82,0.19567,0.22713,0.9186,0.144,-0.189,-1.614,True
PD_03,pd,11.83,0.19084,0.23381,0.93455,1.043,-0.067,-0.519,True
PD_03,pd,11.84,0.19509,0.23745,0.9144,1.287,-1.513,1.095,True
PD_03,pd,11.85,0.17368,0.23989,0.90409,2.203,0.314,-1.84,True
PD_03,pd,11.86,0.18162,0.2246,0.91375,2.29,-0.742,1.132,True
PD_03,pd,11.870000000000001,0.18688,0.22416,0.91969,0.468,0.324,1.426,True
PD_03,pd,11.88,0.17512,0.20727,0.92354,-0.148,-0.757,-1.095,True
PD_03,pd,11.89,0.18085,0.22032,0.94307,-0.9,1.523,0.946,True
PD_03,pd,11.9,0.19993,0.22494,0.90855,-0.18,0.747,-0.207,True
PD_03,pd,11.91,0.19249,0.24286,0.95236,0.842,-0.154,0.951,True
PD_03,pd,11.92,0.21905,0.22667,0.94001,0.817,-0.416,-0.46,True
PD_03,pd,11.93,0.16943,0.20522,0.92683,-0.178,0.102,-0.042,True
PD_03,pd,11.94,0.20976,0.21247,0.93921,-0.913,-0.397,0.79,True
PD_03,pd,11.950000000000001,0.1773,0.21903,0.9252,1.033,-1.531,-0.503,True
PD_03,pd,11.96,0.18944,0.20482,0.92861,0.583,-1.379,-0.389,True
PD_03,pd,11.97,0.19651,0.22612,0.9314,0.448,-0.782,-1.022,True
PD_03,pd,11.98,0.19279,0.22061,0.95243,-0.268,-0.225,0.718,True
PD_03,pd,11.99,0.20061,0.20298,0.92041,-0.435,0.332,-0.688,True
PD_03,pd,12.0,0.22628,0.19185,0.93864,0.209,-0.624,1.156,True
PD_03,pd,12.01,0.22253,0.23127,0.93963,0.592,0.324,-0.239,True
PD_03,pd,12.02,0.19439,0.26915,0.93306,1.011,1.0,-0.783,True
PD_03,pd,12.030000000000001,0.20163,0.23289,0.92531,0.128,0.497,-0.359,True
PD_03,pd,12.040000000000001,0.18819,0.23359,0.94318,0.598,-1.388,0.145,True
PD_03,pd,12.05,0.17953,0.21393,0.92578,1.357,0.068,0.801,True
PD_03,pd,12.06,0.18911,0.23473,0.95593,0.92,-1.004,-1.196,True
PD_03,pd,12.07,0.1864,0.22546,0.95448,0.972,0.341,-0.924,True
PD_03,pd,12.08,0.19573,0.22051,0.9463,-0.145,-0.395,-0.714,True
PD_03,pd,12.09,0.18507,0.23926,0.92524,1.382,1.017,-0.321,True
PD_03,pd,12.1,0.17906,0.24581,0.90782,0.003,-0.732,0.793,True
PD_03,pd,12.11,0.20345,0.19277,0.90087,0.717,0.173,1.331,True
PD_03,pd,12.120000000000001,0.18814,0.20873,0.91745,0.126,-0.201,0.334,True
PD_03,pd,12.13,0.18191,0.25775,0.92867,-0.803,0.266,0.783,True
PD_03,pd,12.14,0.20828,0.20163,0.93963,0.782,-0.23,-0.612,True
PD_03,pd,12.15,0.22153,0.22741,0.90825,-0.285,1.403,1.022,True
PD_03,pd,12.16,0.21108,0.21361,0.93421,-1.411,-0.475,-1.725,True
PD_03,pd,12.17,0.21914,0.24657,0.9375,0.4,-0.307,0.371,True
PD_03,pd,12.18,0.2211,0.2282,0.91154,-0.049,0.098,-1.107,True
PD_03,pd,12.19,0.18748,0.22836,0.92231,-0.467,-1.45,0.269,True
PD_03,pd,12.200000000000001,0.19371,0.21498,0.94306,1.253,-0.226,0.852,True
PD_03,pd,12.21,0.21729,0.2267,0.93131,0.385,0.268,0.191,True
PD_03,pd,12.22,0.21134,0.20231,0.94561,0.552,0.835,-0.014,True
PD_03,pd,12.23,0.20721,0.23237,0.92264,-1.597,-1.007,-0.763,True
PD_03,pd,12.24,0.19647,0.23193,0.92154,0.421,0.522,-0.722,True
PD_03,pd,12.25,0.19861,0.22204,0.94089,1.752,-1.45,0.112,True
PD_03,pd,12.26,0.21153,0.23222,0.9251,-0.163,-0.324,-0.304,True
PD_03,pd,12.27,0.21139,0.23874,0.90336,0.288,0.281,-0.991,True
PD_03,pd,12.280000000000001,0.19788,0.23591,0.93523,0.509,1.491,-0.907,True
PD_03,pd,12.290000000000001,0.1954,0.19773,0.92607,0.821,-1.924,0.224,True
PD_03,pd,12.3,0.18772,0.25012,0.91652,1.437,-1.467,0.487,True
PD_03,pd,12.31,0.18847,0.24191,0.9563,-0.535,1.012,-0.139,True
PD_03,pd,12.32,0.1771,0.19677,0.93629,-0.289,-1.474,-0.553,True
PD_03,pd,12.33,0.19861,0.22207,0.95801,-0.158,-0.261,-0.555,True
PD_03,pd,12.34,0.21946,0.23817,0.93388,-1.998,-0.923,0.557,True
PD_03,pd,12.35,0.23414,0.24391,0.89823,-0.397,-1.296,-1.608,True
PD_03,pd,12.36,0.20315,0.2232,0.91768,-0.389,1.661,-0.013,True
PD_03,pd,12.370000000000001,0.22285,0.25488,0.92412,1.182,-0.074,-0.641,True
PD_03,pd,12.38,0.1862,0.20637,0.92301,-1.024,-0.228,-1.094,True
PD_03,pd,12.39,0.22208,0.25278,0.90158,-0.809,0.816,-0.523,True
PD_03,pd,12.4,0.20876,0.23441,0.92222,-0.369,-0.186,0.214,True
PD_03,pd,12.41,0.22295,0.22195,0.93259,-0.598,-0.191,0.812,True
PD_03,pd,12.42,0.20812,0.23938,0.92484,0.214,-1.642,0.298,True
PD_03,pd,12.43,0.18896,0.23662,0.9222,-0.24,1.41,1.246,True
PD_03,pd,12.44,0.1874,0.22348,0.93626,-0.768,-0.487,0.254,True
PD_03,pd,12.450000000000001,0.19717,0.22342,0.90632,0.877,0.725,1.29,True
PD_03,pd,12.46,0.17493,0.21083,0.92457,-1.017,-0.792,-0.519,True
PD_03,pd,12.47,0.17748,0.2193,0.92254,-0.538,-1.017,-0.667,True
PD_03,pd,12.48,0.21941,0.21892,0.92482,0.644,-1.184,0.638,True
PD_03,pd,12.49,0.16812,0.23809,0.91537,1.385,1.512,0.234,True
PD_03,pd,12.5,0.18533,0.20787,0.89078,0.149,-0.445,-0.556,True
PD_03,pd,12.51,0.20966,0.19677,0.90773,0.309,1.611,-0.172,True
PD_03,pd,12.52,0.19984,0.21903,0.93523,0.334,0.663,-0.096,True
PD_03,pd,12.530000000000001,0.18046,0.22262,0.92406,-0.346,-0.123,0.445,True
PD_03,pd,12.540000000000001,0.2017,0.21725,0.9012,0.369,-0.006,0.698,True
PD_03,pd,12.55,0.23853,0.22156,0.93081,0.07,-0.528,0.389,True
PD_03,pd,12.56,0.1905,0.21351,0.93668,0.712,0.342,-0.244,True
PD_03,pd,12.57,0.22832,0.19939,0.91253,-1.04,-1.389,-0.68,True
PD_03,pd,12.58,0.1938,0.23033,0.90688,-0.076,-0.825,0.432,True
PD_03,pd,12.59,0.21191,0.22757,0.92152,-0.179,-0.36,1.043,True
PD_03,pd,12.6,0.21006,0.24616,0.91475,0.269,1.288,-2.491,True
PD_03,pd,12.61,0.19274,0.21978,0.94346,-0.824,0.541,-0.746,True
PD_03,pd,12.620000000000001,0.19536,0.19608,0.90361,1.438,0.01,-0.394,True
PD_03,pd,12.63,0.21748,0.22471,0.92072,-1.431,0.273,0.828,True
PD_03,pd,12.64,0.19854,0.21991,0.89891,1.061,-0.361,0.248,True
PD_03,pd,12.65,0.21513,0.22033,0.91076,0.421,0.083,-0.995,True
PD_03,pd,12.66,0.20853,0.22295,0.91623,-0.334,0.051,1.174,True
PD_03,pd,12.67,0.22857,0.2215,0.93334,-1.712,1.382,0.094,True
PD_03,pd,12.68,0.18306,0.22102,0.9344,1.5,0.25,0.138,True
PD_03,pd,12.69,0.19994,0.21901,0.91488,0.176,1.574,-0.923,True
PD_03,pd,12.700000000000001,0.18845,0.21232,0.91707,-1.384,0.624,0.169,True
PD_03,pd,12.71,0.19116,0.19944,0.90012,0.081,-0.63,-0.881,True
PD_03,pd,12.72,0.18327,0.23659,0.90376,-0.18,0.193,-0.017,True
PD_03,pd,12.73,0.2019,0.2286,0.91673,-0.682,0.873,1.023,True
PD_03,pd,12.74,0.18476,0.22567,0.91792,-0.037,-0.932,0.999,True
PD_03,pd,12.75,0.19923,0.21259,0.92735,0.484,0.336,-1.155,True
PD_03,pd,12.76,0.21976,0.20438,0.93101,-0.223,-0.479,-0.585,True
PD_03,pd,12.77,0.2067,0.22874,0.93671,-0.462,-0.327,0.365,True
PD_03,pd,12.780000000000001,0.19369,0.21111,0.95124,-0.831,0.635,-1.1,True
PD_03,pd,12.790000000000001,0.18576,0.23522,0.93442,0.167,0.355,0.564,True
PD_03,pd,12.8,0.19467,0.22886,0.92765,-0.033,-0.044,-0.576,True
PD_03,pd,12.81,0.19333,0.21037,0.90756,-0.243,-0.128,0.604,True
PD_03,pd,12.82,0.19895,0.2604,0.94124,-0.94,0.757,-0.809,True
PD_03,pd,12.83,0.20906,0.22292,0.93957,0.613,-0.817,0.28,True
PD_03,pd,12.84,0.20248,0.21659,0.92036,1.696,1.267,-0.273,True
PD_03,pd,12.85,0.20762,0.23302,0.9318,-0.203,-0.106,-0.146,True
PD_03,pd,12.86,0.18988,0.23513,0.93665,0.305,0.092,-0.286,True
PD_03,pd,12.870000000000001,0.18598,0.1887,0.9308,0.28,-0.5,-0.399,True
PD_03,pd,12.88,0.18241,0.21979,0.9326,0.084,0.2,-0.235,True
PD_03,pd,12.89,0.19692,0.21973,0.94133,-0.316,0.802,-0.905,True
PD_03,pd,12.9,0.20479,0.20476,0.92376,-0.403,0.404,1.411,True
PD_03,pd,12.91,0.16735,0.22031,0.91585,-0.412,-1.144,-1.044,True
PD_03,pd,12.92,0.18561,0.2139,0.92184,0.663,-1.078,-0.833,True
PD_03,pd,12.93,0.17853,0.21903,0.9078,0.64,1.347,-0.5,True
PD_03,pd,12.94,0.2101,0.23839,0.91474,1.097,0.439,0.215,True
PD_03,pd,12.950000000000001,0.20625,0.23168,0.91898,0.478,0.493,-0.275,True
PD_03,pd,12.96,0.17194,0.22852,0.92296,0.564,0.227,0.144,True
PD_03,pd,12.97,0.22025,0.22992,0.90851,0.08,1.824,-1.252,True
PD_03,pd,12.98,0.19359,0.21719,0.93456,1.343,-0.164,-0.707,True
PD_03,pd,12.99,0.18127,0.1945,0.94693,0.116,0.78,0.807,True
PD_03,pd,13.0,0.19427,0.20595,0.91684,0.063,1.583,-0.773,True
PD_03,pd,13.01,0.20388,0.24592,0.93459,-0.566,0.69,-0.055,True
PD_03,pd,13.02,0.21007,0.2429,0.9417,-0.011,-0.598,-1.254,True
PD_03,pd,13.030000000000001,0.19319,0.21555,0.90509,0.5,0.435,-0.692,True
PD_03,pd,13.040000000000001,0.17682,0.22959,0.92455,0.087,0.201,-0.609,True
PD_03,pd,13.05,0.17936,0.22269,0.92871,-1.025,-1.122,-0.325,True
PD_03,pd,13.06,0.19739,0.21519,0.95937,0.788,0.074,0.555,True
PD_03,pd,13.07,0.20741,0.24297,0.89918,-0.156,0.522,0.091,True
PD_03,pd,13.08,0.2037,0.19978,0.88553,0.377,0.162,0.207,True
PD_03,pd,13.09,0.17862,0.23246,0.93158,0.023,-1.06,-0.922,True
PD_03,pd,13.1,0.19441,0.22862,0.9279,-0.157,-1.042,-0.101,True
PD_03,pd,13.11,0.19633,0.17699,0.92122,-1.155,0.86,1.043,True
PD_03,pd,13.120000000000001,0.20847,0.22983,0.93194,-0.368,-1.258,-0.216,True
PD_03,pd,13.13,0.19189,0.21141,0.89401,0.49,0.403,-0.889,True
PD_03,pd,13.14,0.21102,0.24645,0.92569,0.588,-0.171,-1.707,True
PD_03,pd,13.15,0.18994,0.21826,0.91355,0.306,-0.385,-0.394,True
PD_03,pd,13.16,0.23358,0.21555,0.93126,0.768,0.127,-0.831,True
PD_03,pd,13.17,0.19441,0.2208,0.93488,-0.009,-0.027,-0.342,True
PD_03,pd,13.18,0.2018,0.22092,0.92645,0.342,-0.949,0.087,True
PD_03,pd,13.19,0.20288,0.21299,0.94104,1.457,-0.82,-0.035,True
PD_03,pd,13.200000000000001,0.22067,0.22384,0.9135,0.112,-0.583,-1.47,True
PD_03,pd,13.21,0.18185,0.21216,0.92081,0.382,0.401,-0.422,True
PD_03,pd,13.22,0.19394,0.22023,0.91444,0.971,0.171,-0.63,True
PD_03,pd,13.23,0.18907,0.22428,0.92837,0.353,0.88,0.577,True
PD_03,pd,13.24,0.19126,0.22302,0.94387,0.143,0.486,-0.008,True
PD_03,pd,13.25,0.17874,0.21309,0.91936,1.233,0.114,1.252,True
PD_03,pd,13.26,0.15081,0.22591,0.96504,-0.22,0.101,0.825,True
PD_03,pd,13.27,0.18874,0.21432,0.94706,-0.045,-1.293,1.183,True
PD_03,pd,13.280000000000001,0.21341,0.19638,0.90168,1.138,-1.549,-1.423,True
PD_03,pd,13.290000000000001,0.15173,0.2012,0.92304,-0.33,-0.441,-0.657,True
PD_03,pd,13.3,0.17533,0.19861,0.92708,-1.063,-0.713,-0.269,True
PD_03,pd,13.31,0.21275,0.23136,0.93574,1.327,-1.002,-0.815,True
PD_03,pd,13.32,0.18008,0.23306,0.90885,0.172,0.503,0.296,True
PD_03,pd,13.33,0.20851,0.23863,0.93235,-0.319,0.617,0.743,True
PD_03,pd,13.34,0.18878,0.24432,0.93604,-0.671,-0.685,-0.185,True
PD_03,pd,13.35,0.20288,0.19863,0.90486,-1.504,-0.49,0.433,True
PD_03,pd,13.36,0.18335,0.23109,0.92148,0.052,0.067,-0.117,True
PD_03,pd,13.370000000000001,0.18764,0.20372,0.95115,0.904,-0.548,-0.176,True
PD_03,pd,13.38,0.21483,0.20725,0.92756,-0.187,1.186,-0.286,True
PD_03,pd,13.39,0.18914,0.21108,0.93431,0.204,0.27,1.146,True
PD_03,pd,13.4,0.15785,0.20042,0.93151,0.743,0.477,-1.004,True
PD_03,pd,13.41,0.20555,0.23284,0.94204,0.401,-0.679,-0.639,True
PD_03,pd,13.42,0.18972,0.21426,0.92373,-1.116,-0.238,0.37,True
PD_03,pd,13.43,0.1872,0.21833,0.91823,-1.442,0.504,-0.379,True
PD_03,pd,13.44,0.18803,0.21088,0.96661,0.495,0.155,-0.212,True
PD_03,pd,13.450000000000001,0.19579,0.2196,0.91829,1.17,1.332,1.633,True
PD_03,pd,13.46,0.18851,0.21965,0.94128,0.7,-0.293,-0.908,True
PD_03,pd,13.47,0.18577,0.22031,0.91065,0.289,0.407,-1.484,True
PD_03,pd,13.48,0.19845,0.21815,0.90819,0.03,-0.143,1.03,True
PD_03,pd,13.49,0.18668,0.22259,0.92625,0.498,-0.078,-0.532,True
PD_03,pd,13.5,0.23281,0.20501,0.92342,-0.692,-0.78,-0.642,True
PD_03,pd,13.51,0.19024,0.22227,0.96349,0.692,1.293,-2.178,True
PD_03,pd,13.52,0.19019,0.22959,0.93785,-0.476,-0.05,0.212,True
PD_03,pd,13.530000000000001,0.20043,0.23547,0.9268,1.062,-0.053,-0.778,True
PD_03,pd,13.540000000000001,0.209,0.22179,0.92884,-0.694,0.571,0.305,True
PD_03,pd,13.55,0.17471,0.2261,0.95409,0.6,-0.973,0.228,True
PD_03,pd,13.56,0.18613,0.20606,0.90375,1.272,0.088,0.947,True
PD_03,pd,13.57,0.19888,0.23619,0.90589,0.301,0.139,0.13,True
PD_03,pd,13.58,0.18445,0.19153,0.94314,0.778,0.388,-1.264,True
PD_03,pd,13.59,0.1804,0.24298,0.95461,-1.466,0.803,0.209,True
PD_03,pd,13.6,0.1906,0.20169,0.95858,0.871,0.141,0.506,True
PD_03,pd,13.61,0.18775,0.18865,0.92723,0.082,0.04,-0.298,True
PD_03,pd,13.620000000000001,0.1875,0.20428,0.92012,0.64,-0.058,1.286,True
PD_03,pd,13.63,0.19836,0.23244,0.94699,-1.474,-0.75,0.756,True
PD_03,pd,13.64,0.1738,0.20775,0.91166,-0.841,-0.256,-0.596,True
PD_03,pd,13.65,0.14338,0.2395,0.94258,-0.694,-0.667,-0.279,True
PD_03,pd,13.66,0.20099,0.21843,0.90951,-0.955,-0.183,0.785,True
PD_03,pd,13.67,0.16848,0.21269,0.91429,-0.126,-0.338,-1.185,True
PD_03,pd,13.68,0.18717,0.20933,0.93113,0.19,0.37,0.178,True
PD_03,pd,13.69,0.18928,0.20636,0.9408,-0.671,-0.846,-0.614,True
PD_03,pd,13.700000000000001,0.16239,0.1956,0.92833,1.251,-0.266,0.473,True
PD_03,pd,13.71,0.19604,0.21625,0.9276,0.492,-0.246,0.462,True
PD_03,pd,13.72,0.19874,0.22218,0.92546,0.559,-0.175,-0.974,True
PD_03,pd,13.73,0.19171,0.22879,0.90634,0.537,-0.148,0.042,True
PD_03,pd,13.74,0.19975,0.21914,0.92364,1.08,0.57,-0.316,True
PD_03,pd,13.75,0.1751,0.19927,0.94236,0.597,0.393,1.033,True
PD_03,pd,13.76,0.17873,0.21879,0.93953,-0.374,-0.107,0.357,True
PD_03,pd,13.77,0.18563,0.21751,0.93233,-0.012,1.078,-0.709,True
PD_03,pd,13.780000000000001,0.17068,0.23504,0.95439,-0.171,0.241,-0.059,True
PD_03,pd,13.790000000000001,0.18116,0.23169,0.93993,-1.191,1.062,-0.17,True
PD_03,pd,13.8,0.18361,0.20525,0.93524,0.042,0.118,-0.313,True
PD_03,pd,13.81,0.20126,0.2131,0.92344,0.326,0.296,-1.28,True
PD_03,pd,13.82,0.16401,0.21196,0.9024,0.605,0.323,0.075,True
PD_03,pd,13.83,0.19963,0.25186,0.93259,-1.452,-0.526,0.447,True
PD_03,pd,13.84,0.20012,0.21952,0.91253,0.108,0.173,-1.243,True
PD_03,pd,13.85,0.1681,0.22488,0.92441,-0.001,0.972,0.699,True
PD_03,pd,13.86,0.18183,0.21872,0.90659,-0.132,0.287,-0.147,True
PD_03,pd,13.870000000000001,0.17852,0.20944,0.94647,-1.01,-0.482,1.098,True
PD_03,pd,13.88,0.18128,0.2009,0.93654,0.459,0.213,-0.387,True
PD_03,pd,13.89,0.16561,0.21088,0.93743,-0.247,-0.752,-0.179,True
PD_03,pd,13.9,0.16363,0.20931,0.95092,-0.114,0.524,-0.428,True
PD_03,pd,13.91,0.19103,0.20184,0.92531,0.195,0.929,-0.199,True
PD_03,pd,13.92,0.20584,0.20743,0.94164,-1.373,1.534,-0.409,True
PD_03,pd,13.93,0.16302,0.1975,0.91271,-0.159,1.702,-0.652,True
PD_03,pd,13.94,0.18498,0.23536,0.92507,-0.503,-0.135,-0.144,True
PD_03,pd,13.950000000000001,0.18959,0.23409,0.94283,-0.165,-0.021,-0.271,True
PD_03,pd,13.96,0.15549,0.21303,0.96173,-1.638,-0.315,-0.307,True
PD_03,pd,13.97,0.20027,0.20442,0.94168,-0.114,-0.864,0.865,True
PD_03,pd,13.98,0.19424,0.22151,0.93817,-0.645,0.397,-0.773,True
PD_03,pd,13.99,0.18222,0.2235,0.92639,1.225,0.077,-0.508,True
PD_03,pd,14.0,0.18224,0.21125,0.92555,0.167,0.232,-0.227,True
PD_03,pd,14.01,0.17673,0.18943,0.94192,-1.327,-1.002,-0.72,True
PD_03,pd,14.02,0.19725,0.21957,0.93437,1.166,-0.433,0.192,True
PD_03,pd,14.030000000000001,0.18616,0.23714,0.94867,-0.504,0.095,0.586,True
PD_03,pd,14.040000000000001,0.17661,0.2119,0.92708,0.601,-0.234,1.137,True
PD_03,pd,14.05,0.15419,0.2217,0.92403,-0.202,-0.618,-0.425,True
PD_03,pd,14.06,0.14971,0.20194,0.92937,0.16,-1.619,0.265,True
PD_03,pd,14.07,0.1839,0.22328,0.93727,0.699,1.386,-0.008,True
PD_03,pd,14.08,0.16404,0.20127,0.93154,0.443,-0.277,-0.313,True
PD_03,pd,14.09,0.16389,0.22594,0.93375,-0.635,-0.745,0.177,True
PD_03,pd,14.1,0.16785,0.20766,0.96141,-0.866,1.212,-0.033,True
PD_03,pd,14.11,0.17704,0.20684,0.95025,1.435,-0.016,-0.673,True
PD_03,pd,14.120000000000001,0.13955,0.22964,0.92712,0.847,-0.684,0.463,True
PD_03,pd,14.13,0.18362,0.23301,0.94527,-0.57,-0.937,-0.05,True
PD_03,pd,14.14,0.17341,0.22647,0.95116,-0.883,0.267,-1.389,True
PD_03,pd,14.15,0.15079,0.21266,0.91699,0.888,-0.918,0.408,True
PD_03,pd,14.16,0.19751,0.2035,0.95256,-0.537,-0.615,0.335,True
PD_03,pd,14.17,0.19416,0.19739,0.92971,0.419,-0.189,-0.736,True
PD_03,pd,14.18,0.19328,0.22413,0.95604,-0.851,0.723,-0.017,True
PD_03,pd,14.19,0.18003,0.23805,0.95278,-0.049,0.421,-0.639,True
PD_03,pd,14.200000000000001,0.17637,0.24445,0.91808,-1.385,-0.187,0.264,True
PD_03,pd,14.21,0.17194,0.22195,0.93326,-0.579,0.908,-0.206,True
PD_03,pd,14.22,0.16601,0.20524,0.94406,-0.325,1.182,-0.432,True
PD_03,pd,14.23,0.18118,0.21631,0.91952,0.54,-0.282,-1.059,True
PD_03,pd,14.24,0.17759,0.2078,0.93559,-0.102,-0.667,-0.079,True
PD_03,pd,14.25,0.17473,0.21236,0.96154,-1.191,-0.146,-0.494,True
PD_03,pd,14.26,0.18633,0.22725,0.94709,-0.411,-0.319,-0.445,True
PD_03,pd,14.27,0.18536,0.20977,0.94222,0.418,-1.023,-0.07,True
PD_03,pd,14.280000000000001,0.16798,0.20666,0.91976,0.092,0.491,1.833,True
PD_03,pd,14.290000000000001,0.15295,0.2058,0.9396,-0.429,-0.271,0.103,True
PD_03,pd,14.3,0.1843,0.21816,0.94386,0.705,0.137,-0.149,True
PD_03,pd,14.31,0.15635,0.23481,0.9198,0.465,-0.735,0.27,True
PD_03,pd,14.32,0.17307,0.21804,0.94611,-0.965,0.151,-0.165,True
PD_03,pd,14.33,0.1615,0.21513,0.91829,0.291,-0.388,0.59,True
PD_03,pd,14.34,0.15521,0.21679,0.93168,-0.633,-0.379,0.106,True
PD_03,pd,14.35,0.17399,0.20088,0.94749,0.451,-0.648,1.213,True
PD_03,pd,14.36,0.16587,0.20394,0.9531,2.444,-0.042,-0.205,True
PD_03,pd,14.370000000000001,0.17967,0.20549,0.94527,-0.138,-1.07,-0.94,True
PD_03,pd,14.38,0.17577,0.19108,0.92548,0.372,-0.031,-0.146,True
PD_03,pd,14.39,0.14098,0.19585,0.93444,-1.052,-0.406,-0.238,True
PD_03,pd,14.4,0.17421,0.21297,0.94735,0.289,-0.131,-0.998,True
PD_03,pd,14.41,0.17228,0.21233,0.92417,1.233,0.401,0.712,True
PD_03,pd,14.42,0.16732,0.18841,0.9347,-0.828,0.211,1.627,True
PD_03,pd,14.43,0.18694,0.18491,0.93535,-0.08,1.574,-0.676,True
PD_03,pd,14.44,0.16643,0.22489,0.93717,0.902,0.074,-0.256,True
PD_03,pd,14.450000000000001,0.16549,0.21215,0.95854,-1.039,-0.475,1.463,True
PD_03,pd,14.46,0.16111,0.21904,0.95933,0.835,-0.262,-0.647,True
PD_03,pd,14.47,0.16555,0.20811,0.94201,-0.409,-0.287,0.314,True
PD_03,pd,14.48,0.17144,0.2073,0.92844,1.108,0.678,0.24,True
PD_03,pd,14.49,0.17334,0.22351,0.91994,0.985,-0.73,-0.147,True
PD_03,pd,14.5,0.16937,0.19976,0.95289,0.384,1.009,0.095,True
PD_03,pd,14.51,0.17872,0.21199,0.95351,1.229,-0.001,-0.048,True
PD_03,pd,14.52,0.14935,0.23161,0.92869,0.212,-0.323,0.78,True
PD_03,pd,14.530000000000001,0.16306,0.20159,0.92853,-0.088,0.776,-0.84,True
PD_03,pd,14.540000000000001,0.18168,0.18771,0.92856,-0.362,-0.058,-0.857,True
PD_03,pd,14.55,0.14522,0.21369,0.94451,1.874,-0.378,1.238,True
PD_03,pd,14.56,0.177,0.25116,0.94025,1.376,0.204,1.138,True
PD_03,pd,14.57,0.17003,0.19772,0.94282,-1.007,2.375,1.674,True
PD_03,pd,14.58,0.18221,0.19948,0.95885,-0.518,-0.257,-0.317,True
PD_03,pd,14.59,0.16282,0.2017,0.94494,-0.053,0.306,-0.907,True
PD_03,pd,14.6,0.14096,0.2132,0.94867,0.824,-0.402,-0.658,True
PD_03,pd,14.61,0.15428,0.18357,0.93225,0.28,0.849,0.532,True
PD_03,pd,14.620000000000001,0.15661,0.22445,0.91737,0.306,0.076,-1.341,True
PD_03,pd,14.63,0.14728,0.19301,0.93443,0.974,0.951,-0.771,True
PD_03,pd,14.64,0.18037,0.20246,0.95363,-0.964,0.842,-0.449,True
PD_03,pd,14.65,0.17215,0.19882,0.94068,-0.186,-0.489,0.213,True
PD_03,pd,14.66,0.15671,0.21424,0.96445,1.195,-0.277,1.089,True
PD_03,pd,14.67,0.15426,0.18556,0.94359,-0.614,0.471,0.255,True
PD_03,pd,14.68,0.18806,0.18333,0.95366,-0.808,-0.109,0.605,True
PD_03,pd,14.69,0.17005,0.21521,0.94438,-0.756,0.494,1.602,True
PD_03,pd,14.700000000000001,0.13945,0.20742,0.92656,0.805,-0.563,1.041,True
PD_03,pd,14.71,0.16722,0.20042,0.9217,-0.671,-1.91,-0.514,True
PD_03,pd,14.72,0.16051,0.20804,0.91929,-0.817,-0.729,0.379,True
PD_03,pd,14.73,0.17866,0.17004,0.94444,-2.013,-0.357,0.123,True
PD_03,pd,14.74,0.12354,0.18779,0.93572,-0.078,-0.136,-0.742,True
PD_03,pd,14.75,0.17867,0.21207,0.92717,-0.935,1.113,0.106,True
PD_03,pd,14.76,0.16433,0.19758,0.97255,0.325,-0.5,0.272,True
PD_03,pd,14.77,0.15864,0.20548,0.96629,-0.017,0.995,-1.309,True
PD_03,pd,14.780000000000001,0.15743,0.21121,0.94707,-0.35,0.46,-1.716,True
PD_03,pd,14.790000000000001,0.1896,0.20971,0.95579,-0.405,-0.292,-0.126,True
PD_03,pd,14.8,0.15624,0.21794,0.94524,-0.206,0.229,-0.332,True
PD_03,pd,14.81,0.14266,0.19621,0.94943,-0.247,0.746,-1.082,True
PD_03,pd,14.82,0.15877,0.20584,0.9689,0.943,0.617,-0.666,True
PD_03,pd,14.83,0.16125,0.22901,0.93275,-0.375,0.232,-0.422,True
PD_03,pd,14.84,0.1692,0.19071,0.93958,1.174,-0.643,-0.133,True
PD_03,pd,14.85,0.15464,0.18405,0.93414,-0.455,0.082,0.855,True
PD_03,pd,14.86,0.17051,0.20185,0.93842,0.07,1.204,0.269,True
PD_03,pd,14.870000000000001,0.13671,0.1848,0.95904,-1.131,0.653,-1.378,True
PD_03,pd,14.88,0.13094,0.19814,0.94129,1.39,-0.035,0.863,True
PD_03,pd,14.89,0.16769,0.21766,0.96181,-0.745,0.477,0.506,True
PD_03,pd,14.9,0.14454,0.21705,0.94759,1.036,-0.874,-0.86,True
PD_03,pd,14.91,0.1464,0.1932,0.97389,-0.354,0.879,0.128,True
PD_03,pd,14.92,0.13663,0.20776,0.95327,-0.459,0.91,0.962,True
PD_03,pd,14.93,0.17242,0.18234,0.93886,-0.658,0.148,0.317,True
PD_03,pd,14.94,0.12421,0.19375,0.95655,1.568,-0.64,0.355,True
PD_03,pd,14.950000000000001,0.14312,0.22095,0.94156,1.611,-0.419,-0.049,True
PD_03,pd,14.96,0.14312,0.18513,0.96934,0.248,0.937,-0.589,True
PD_03,pd,14.97,0.14906,0.19146,0.93786,-0.345,-1.753,-0.108,True
PD_03,pd,14.98,0.16279,0.19678,0.94353,-0.234,0.936,-0.253,True
PD_03,pd,14.99,0.16051,0.1997,0.93745,0.646,-1.932,-0.78,True
PD_03,pd,15.0,0.13793,0.17588,0.93515,0.719,1.61,1.144,True
PD_03,pd,15.01,0.1623,0.21359,0.94869,-0.816,-0.883,-1.542,True
PD_03,pd,15.02,0.1461,0.22918,0.95989,-0.283,-0.949,1.445,True
PD_03,pd,15.030000000000001,0.17786,0.2104,0.98007,0.314,-0.93,-1.664,True
PD_03,pd,15.040000000000001,0.14521,0.21083,0.97272,-0.759,0.433,-0.091,True
PD_03,pd,15.05,0.14685,0.19092,0.9299,0.652,-0.194,-0.518,True
PD_03,pd,15.06,0.15384,0.19136,0.95982,1.603,-1.154,0.75,True
PD_03,pd,15.07,0.15745,0.18006,0.95401,0.734,-0.349,0.26,True
PD_03,pd,15.08,0.16319,0.20464,0.9592,-0.642,-0.64,-0.04,True
PD_03,pd,15.09,0.1257,0.19075,0.93834,0.491,0.199,-0.472,True
PD_03,pd,15.1,0.14388,0.17861,0.95316,0.536,0.216,1.072,True
PD_03,pd,15.11,0.15075,0.20349,0.95055,-0.12,0.69,-0.606,True
PD_03,pd,15.120000000000001,0.16053,0.21926,0.95306,-0.916,1.461,0.109,True
PD_03,pd,15.13,0.14802,0.20873,0.93169,0.375,0.908,-0.007,True
PD_03,pd,15.14,0.15474,0.18994,0.97633,-0.225,0.552,-0.194,True
PD_03,pd,15.15,0.16331,0.21778,0.93201,-0.744,-0.87,0.177,True
PD_03,pd,15.16,0.11612,0.17791,0.97709,0.452,1.128,-0.382,True
PD_03,pd,15.17,0.14024,0.19285,0.92821,0.199,0.645,-0.324,True
PD_03,pd,15.18,0.1488,0.20776,0.96045,-0.734,0.251,0.356,True
PD_03,pd,15.19,0.11985,0.19982,0.92849,-1.061,-0.449,0.146,True
PD_03,pd,15.200000000000001,0.09792,0.17591,0.94196,-0.326,0.174,0.233,True
PD_03,pd,15.21,0.15933,0.18722,0.95113,1.252,-1.949,-0.718,True
PD_03,pd,15.22,0.1375,0.21486,0.96091,-0.255,0.847,0.321,True
PD_03,pd,15.23,0.15509,0.18058,0.94791,0.72,-0.386,0.301,True
PD_03,pd,15.24,0.15774,0.19773,0.95277,0.525,-0.065,-0.141,True
PD_03,pd,15.25,0.15064,0.1955,0.98672,0.091,-0.351,-1.011,True
PD_03,pd,15.26,0.15349,0.1865,0.95819,-0.552,-0.194,0.497,True
PD_03,pd,15.27,0.12214,0.18882,0.9556,-1.465,-0.381,0.308,True
PD_03,pd,15.280000000000001,0.11995,0.19866,0.95538,-0.98,-0.757,-1.528,True
PD_03,pd,15.290000000000001,0.14907,0.19124,0.96515,-1.773,1.295,0.315,True
PD_03,pd,15.3,0.12991,0.20505,0.95544,0.436,0.338,0.961,True
PD_03,pd,15.31,0.12817,0.18881,0.9362,-0.961,0.844,0.037,True
PD_03,pd,15.32,0.14462,0.18762,0.91859,1.216,0.346,-0.233,True
PD_03,pd,15.33,0.11882,0.21083,0.95976,0.023,0.422,-1.271,True
PD_03,pd,15.34,0.11906,0.21563,0.95041,-1.388,-1.169,-0.89,True
PD_03,pd,15.35,0.14716,0.20303,0.94724,-0.913,-0.633,0.054,True
PD_03,pd,15.36,0.11834,0.18236,0.93844,-0.528,0.146,-1.612,True
PD_03,pd,15.370000000000001,0.12721,0.18063,0.9617,1.24,0.58,0.4,True
PD_03,pd,15.38,0.12604,0.18944,0.94743,1.86,1.441,0.075,True
PD_03,pd,15.39,0.11704,0.18431,0.93387,-0.523,-1.612,-0.814,True
PD_03,pd,15.4,0.13935,0.18963,0.96221,0.173,-0.18,-1.807,True
PD_03,pd,15.41,0.1306,0.17126,0.96149,0.519,0.443,-0.012,True
PD_03,pd,15.42,0.12889,0.1902,0.94373,-1.968,-0.055,0.81,True
PD_03,pd,15.43,0.14472,0.2161,0.96326,0.511,-0.247,-1.238,True
PD_03,pd,15.44,0.14162,0.18158,0.95759,0.315,0.458,-0.351,True
PD_03,pd,15.450000000000001,0.10083,0.18811,0.92468,0.438,2.458,0.69,True
PD_03,pd,15.46,0.11056,0.21427,0.96717,-0.418,1.101,-0.436,True
PD_03,pd,15.47,0.14979,0.20524,0.94429,-0.082,-0.11,-0.989,True
PD_03,pd,15.48,0.13313,0.22051,0.94343,1.124,0.6,-0.851,True
PD_03,pd,15.49,0.11435,0.18277,0.95416,0.17,1.993,1.556,True
PD_03,pd,15.5,0.15288,0.18204,0.93988,0.239,1.088,-0.24,True
PD_03,pd,15.51,0.14225,0.18792,0.96933,-0.146,-0.079,-0.018,True
PD_03,pd,15.52,0.09902,0.20108,0.97403,-0.568,0.631,0.294,True
PD_03,pd,15.530000000000001,0.11373,0.17476,0.97521,0.247,0.056,0.152,True
PD_03,pd,15.540000000000001,0.12947,0.205,0.91998,-1.185,0.67,1.499,True
PD_03,pd,15.55,0.11613,0.19825,0.95517,0.01,-0.445,-1.033,True
PD_03,pd,15.56,0.15433,0.17601,0.95641,0.788,-0.267,-0.267,True
PD_03,pd,15.57,0.13218,0.21015,0.97269,0.551,-0.443,0.662,True
PD_03,pd,15.58,0.13188,0.21738,0.95179,1.069,0.076,-0.039,True
PD_03,pd,15.59,0.15298,0.18025,0.94034,0.982,0.098,-1.427,True
PD_03,pd,15.6,0.1136,0.19617,0.96842,0.408,0.07,1.278,True
PD_03,pd,15.610000000000001,0.10004,0.19548,0.96048,0.76,-0.15,-0.249,True
PD_03,pd,15.620000000000001,0.14262,0.18143,0.94576,-0.371,0.261,0.359,True
PD_03,pd,15.63,0.13933,0.17993,0.94806,1.662,-0.088,1.032,True
PD_03,pd,15.64,0.14282,0.17602,0.96375,1.007,-0.49,0.248,True
PD_03,pd,15.65,0.10256,0.18663,0.9429,-0.153,0.24,-0.256,True
PD_03,pd,15.66,0.13336,0.20742,0.96814,-0.279,0.933,0.426,True
PD_03,pd,15.67,0.11286,0.18233,0.95881,0.578,0.074,-0.35,True
PD_03,pd,15.68,0.13487,0.19879,0.94924,0.675,0.284,-0.057,True
PD_03,pd,15.69,0.1364,0.1813,0.93688,-1.193,-0.368,-0.524,True
PD_03,pd,15.700000000000001,0.14628,0.17563,0.95388,0.033,-1.352,0.296,True
PD_03,pd,15.71,0.11903,0.18411,0.97619,-0.232,-0.964,0.726,True
PD_03,pd,15.72,0.13588,0.15548,0.96985,-0.096,0.742,-0.633,True
PD_03,pd,15.73,0.11553,0.19125,0.96525,0.378,1.382,0.617,True
PD_03,pd,15.74,0.12953,0.18875,0.9511,-0.308,-0.423,-0.915,True
PD_03,pd,15.75,0.13669,0.18033,0.9489,-0.015,0.595,0.37,True
PD_03,pd,15.76,0.12801,0.1854,0.97463,-0.56,-0.618,-0.023,True
PD_03,pd,15.77,0.14511,0.18757,0.95438,-0.801,-0.776,0.57,True
PD_03,pd,15.780000000000001,0.13466,0.17545,0.94338,0.282,-0.004,0.209,True
PD_03,pd,15.790000000000001,0.12927,0.18843,0.94657,0.177,-0.008,-0.286,True
PD_03,pd,15.8,0.13748,0.17235,0.93969,0.305,-0.363,-1.535,True
PD_03,pd,15.81,0.10931,0.18956,0.94948,0.031,-0.871,-0.784,True
PD_03,pd,15.82,0.11655,0.16993,0.96977,0.49,-0.619,-0.424,True
PD_03,pd,15.83,0.08884,0.21934,0.9382,0.025,-0.919,-0.567,True
PD_03,pd,15.84,0.12878,0.17037,0.96608,0.236,-1.748,2.104,True
PD_03,pd,15.85,0.13552,0.19603,0.98442,0.88,0.129,-0.215,True
PD_03,pd,15.860000000000001,0.11517,0.20003,0.95986,-0.095,0.624,1.245,True
PD_03,pd,15.870000000000001,0.10653,0.20904,0.94067,-0.659,-1.191,0.585,True
PD_03,pd,15.88,0.1209,0.19151,0.97455,0.09,-1.183,-0.532,True
PD_03,pd,15.89,0.13283,0.1537,0.9631,-1.183,0.499,-1.214,True
PD_03,pd,15.9,0.12802,0.17298,0.95199,0.107,0.009,0.055,True
PD_03,pd,15.91,0.15399,0.19546,0.94526,0.972,0.308,0.41,True
PD_03,pd,15.92,0.13306,0.20279,0.95685,-0.291,1.224,-0.704,True
PD_03,pd,15.93,0.13074,0.18378,0.97886,0.351,1.407,1.499,True
PD_03,pd,15.94,0.15114,0.16422,0.96108,-0.393,-0.529,0.169,True
PD_03,pd,15.950000000000001,0.09414,0.16609,0.97375,-0.355,-0.812,0.468,True
PD_03,pd,15.96,0.13391,0.1842,0.98183,-1.136,-1.53,0.698,True
PD_03,pd,15.97,0.11002,0.16016,0.94398,0.361,-1.401,-0.14,True
PD_03,pd,15.98,0.10754,0.20197,0.97773,-0.576,1.807,-1.512,True
PD_03,pd,15.99,0.12324,0.19061,0.97559,1.553,0.542,1.019,True
PD_03,pd,16.0,0.12376,0.16719,0.98067,0.703,-0.783,-1.312,True
PD_03,pd,16.01,0.11098,0.17379,0.9689,0.249,-1.145,-0.655,True
PD_03,pd,16.02,0.13454,0.20668,0.97445,-0.421,-0.36,-0.493,True
PD_03,pd,16.03,0.12861,0.19612,0.9583,0.163,-0.19,0.361,True
PD_03,pd,16.04,0.09,0.19513,0.97099,0.212,0.213,0.489,True
PD_03,pd,16.05,0.10923,0.18204,0.9876,0.815,0.108,-0.735,True
PD_03,pd,16.06,0.12525,0.20699,0.95855,0.41,-0.301,0.694,True
PD_03,pd,16.07,0.1169,0.17359,0.98188,0.807,0.311,0.709,True
PD_03,pd,16.080000000000002,0.09596,0.19284,0.97072,0.122,-0.071,-0.514,True
PD_03,pd,16.09,0.1315,0.16866,0.98127,-0.464,2.102,-0.465,True
PD_03,pd,16.1,0.11966,0.16407,0.95845,0.64,-0.851,-0.14,True
PD_03,pd,16.11,0.10953,0.20053,0.97717,-1.219,0.471,0.192,True
PD_03,pd,16.12,0.12046,0.19441,0.95607,0.066,0.741,0.176,True
PD_03,pd,16.13,0.13827,0.18642,0.96791,-0.543,-0.004,-0.105,True
PD_03,pd,16.14,0.13525,0.18605,0.98149,0.621,-1.286,0.773,True
PD_03,pd,16.15,0.15043,0.17318,0.95162,-1.122,0.141,0.228,True
PD_03,pd,16.16,0.11908,0.20831,0.99019,-0.893,-0.008,-0.403,True
PD_03,pd,16.17,0.0908,0.20246,0.98127,0.486,-0.28,-1.288,True
PD_03,pd,16.18,0.13816,0.17974,0.95978,0.876,0.218,-0.6,True
PD_03,pd,16.19,0.11858,0.19308,0.98914,-0.328,1.241,-1.709,True
PD_03,pd,16.2,0.1075,0.19672,0.97867,0.232,-0.138,0.083,True
PD_03,pd,16.21,0.10796,0.16511,0.95507,-0.104,-0.499,-0.359,True
PD_03,pd,16.22,0.11384,0.1729,0.9892,0.032,-1.377,-0.275,True
PD_03,pd,16.23,0.11192,0.17367,0.97225,0.241,0.237,-1.551,True
PD_03,pd,16.240000000000002,0.11502,0.15,0.96373,1.513,1.102,-0.154,True
PD_03,pd,16.25,0.10185,0.18773,0.98376,0.569,0.965,-0.091,True
PD_03,pd,16.26,0.12511,0.15636,0.96738,1.28,-0.61,-0.384,True
PD_03,pd,16.27,0.12244,0.19585,0.94962,0.336,0.592,-0.271,True
PD_03,pd,16.28,0.09548,0.16691,0.99466,-0.952,-1.078,-0.068,True
PD_03,pd,16.29,0.11386,0.18024,0.96225,1.166,1.186,0.534,True
PD_03,pd,16.3,0.09721,0.20302,0.99495,-0.05,0.465,0.383,True
PD_03,pd,16.31,0.12832,0.18731,0.98118,0.336,-0.254,0.773,True
PD_03,pd,16.32,0.12604,0.16337,0.9704,0.51,1.08,-0.396,True
PD_03,pd,16.330000000000002,0.11464,0.17548,0.97603,-0.364,-1.085,1.101,True
PD_03,pd,16.34,0.13033,0.19593,0.99193,-0.272,0.237,-0.607,True
PD_03,pd,16.35,0.12278,0.17435,0.96365,-1.945,-0.818,0.18,True
PD_03,pd,16.36,0.12812,0.18976,0.96158,0.854,0.751,1.397,True
PD_03,pd,16.37,0.11036,0.189,0.98881,1.132,-0.156,-0.063,True
PD_03,pd,16.38,0.12716,0.1779,0.97826,-0.502,-0.525,-0.404,True
PD_03,pd,16.39,0.12684,0.15865,0.9813,1.118,-1.339,0.226,True
PD_03,pd,16.4,0.12107,0.19167,0.95593,-0.292,0.044,0.228,True
PD_03,pd,16.41,0.09374,0.17947,0.98016,0.911,-0.166,0.465,True
PD_03,pd,16.42,0.12583,0.1692,0.99108,0.173,0.226,0.145,True
PD_03,pd,16.43,0.07656,0.17834,0.99441,0.845,-0.018,1.343,True
PD_03,pd,16.44,0.10032,0.17835,0.95698,-1.017,0.373,0.737,True
PD_03,pd,16.45,0.10823,0.19378,0.95675,-0.257,1.356,0.731,True
PD_03,pd,16.46,0.10439,0.21001,0.945,0.219,1.33,-0.94,True
PD_03,pd,16.47,0.12976,0.18923,0.9956,-0.054,-1.137,-1.001,True
PD_03,pd,16.48,0.09431,0.18792,0.95624,-0.918,0.153,-0.111,True
PD_03,pd,16.490000000000002,0.12495,0.1931,0.98093,-2.055,-0.046,0.947,True
PD_03,pd,16.5,0.13069,0.1804,0.94937,-0.197,-0.153,0.928,True
PD_03,pd,16.51,0.0973,0.15957,0.95872,0.443,1.179,0.822,True
PD_03,pd,16.52,0.1082,0.20162,0.98731,1.237,0.996,-0.447,True
PD_03,pd,16.53,0.10844,0.16849,0.9502,-0.936,0.262,-1.359,True
PD_03,pd,16.54,0.11525,0.19744,0.98592,0.436,1.721,-0.105,True
PD_03,pd,16.55,0.11095,0.19198,0.97503,0.172,1.115,0.326,True
PD_03,pd,16.56,0.11173,0.19244,0.94865,-0.658,-0.236,0.226,True
PD_03,pd,16.57,0.11435,0.18802,0.9684,-0.822,-0.447,0.363,True
PD_03,pd,16.580000000000002,0.12113,0.19616,0.94951,0.194,1.104,0.468,True
PD_03,pd,16.59,0.1059,0.20223,0.97999,-0.42,-1.061,-0.894,True
PD_03,pd,16.6,0.11439,0.17511,0.98761,-0.164,-0.416,0.302,True
PD_03,pd,16.61,0.12226,0.18925,0.952,0.091,0.408,-0.677,True
PD_03,pd,16.62,0.12276,0.18253,1.00451,1.027,-0.067,-1.45,True
PD_03,pd,16.63,0.09227,0.15929,0.97581,-0.664,-0.493,0.894,True
PD_03,pd,16.64,0.07001,0.17822,0.98209,-0.51,-0.023,2.246,True
PD_03,pd,16.65,0.09892,0.20199,0.97854,1.423,-0.342,-0.094,True
PD_03,pd,16.66,0.12708,0.1689,0.97514,-0.647,0.361,-0.024,True
PD_03,pd,16.67,0.10459,0.16766,0.98373,-1.279,-0.115,-0.519,True
PD_03,pd,16.68,0.12264,0.17118,0.96649,0.443,0.563,-0.306,True
PD_03,pd,16.69,0.11058,0.18024,0.94481,-0.809,1.398,0.808,True
PD_03,pd,16.7,0.0994,0.17908,0.95358,0.13,-0.993,0.373,True
PD_03,pd,16.71,0.12196,0.1815,0.97978,0.471,0.148,-0.442,True
PD_03,pd,16.72,0.11449,0.18994,0.96721,-0.512,1.219,-0.026,True
PD_03,pd,16.73,0.0967,0.1812,0.9509,-0.237,0.331,-0.79,True
PD_03,pd,16.740000000000002,0.09063,0.15171,0.97844,-0.622,-0.26,0.96,True
PD_03,pd,16.75,0.09816,0.17348,0.98397,0.665,1.802,-1.189,True
PD_03,pd,16.76,0.10295,0.19522,0.96726,1.066,-0.492,-0.053,True
PD_03,pd,16.77,0.11356,0.18711,0.98388,1.558,0.431,0.802,True
PD_03,pd,16.78,0.11624,0.19673,0.97119,0.729,-1.299,0.036,True
PD_03,pd,16.79,0.13071,0.17032,0.992,-0.126,-0.725,0.738,True
PD_03,pd,16.8,0.11782,0.19928,0.99023,0.148,0.304,0.357,True
PD_03,pd,16.81,0.09207,0.18678,0.97055,0.381,0.252,-0.031,True
PD_03,pd,16.82,0.10073,0.17265,0.97606,-1.041,0.325,0.499,True
PD_03,pd,16.830000000000002,0.09603,0.19469,0.95899,1.11,0.321,-0.234,True
PD_03,pd,16.84,0.12077,0.17831,0.96868,0.489,1.374,-0.571,True
PD_03,pd,16.85,0.10951,0.16804,0.96259,0.922,0.844,0.63,True
PD_03,pd,16.86,0.1289,0.1888,0.96643,0.275,0.228,-0.583,True
PD_03,pd,16.87,0.09882,0.19517,0.9731,-0.596,-0.739,0.242,True
PD_03,pd,16.88,0.12514,0.1838,1.00235,0.758,-0.279,1.211,True
PD_03,pd,16.89,0.09895,0.17422,0.96506,0.709,-0.456,-0.261,True
PD_03,pd,16.9,0.11206,0.16439,0.96741,-0.16,-1.907,0.451,True
PD_03,pd,16.91,0.10508,0.16657,0.97571,0.673,0.629,0.296,True
PD_03,pd,16.92,0.09852,0.16681,0.98832,-0.564,-0.037,1.846,True
PD_03,pd,16.93,0.0952,0.17314,0.95481,-0.562,0.979,-0.317,True
PD_03,pd,16.94,0.10635,0.18126,0.97339,-1.002,1.089,0.074,True
PD_03,pd,16.95,0.09992,0.16972,0.9848,-0.872,-0.253,0.79,True
PD_03,pd,16.96,0.10069,0.16389,0.96691,1.176,0.899,-0.079,True
PD_03,pd,16.97,0.11089,0.17617,0.97027,0.476,0.338,0.14,True
PD_03,pd,16.98,0.13073,0.18474,0.98673,-0.282,0.309,-0.787,True
PD_03,pd,16.990000000000002,0.09448,0.17917,0.97966,0.562,0.113,-0.717,True
PD_03,pd,17.0,0.10236,0.18476,0.98601,-0.638,-1.633,-0.05,True
PD_03,pd,17.01,0.08974,0.17368,0.96763,-0.473,-0.864,-0.007,True
PD_03,pd,17.02,0.09038,0.20992,0.98303,0.086,-0.012,0.562,True
PD_03,pd,17.03,0.08567,0.18383,0.99162,-0.709,0.873,-0.917,True
PD_03,pd,17.04,0.10222,0.20419,0.95466,-1.13,-1.542,1.326,True
PD_03,pd,17.05,0.12412,0.16312,0.9712,-1.544,-1.814,-0.68,True
PD_03,pd,17.06,0.09558,0.15624,0.97092,-0.76,0.855,-0.995,True
PD_03,pd,17.07,0.1295,0.2035,0.97966,-0.394,-0.431,0.896,True
PD_03,pd,17.080000000000002,0.08909,0.17367,0.96657,-1.872,-0.392,-1.058,True
PD_03,pd,17.09,0.1095,0.16168,1.00008,1.038,0.14,-0.093,True
PD_03,pd,17.1,0.10298,0.2028,0.97179,-1.625,0.347,-0.008,True
PD_03,pd,17.11,0.11842,0.17704,0.98332,-0.308,-0.241,-0.675,True
PD_03,pd,17.12,0.12207,0.17794,0.95235,0.816,1.443,-0.465,True
PD_03,pd,17.13,0.12243,0.17743,0.97885,-0.289,-0.588,0.749,True
PD_03,pd,17.14,0.06462,0.18061,0.96493,-0.48,-0.172,-1.073,True
PD_03,pd,17.150000000000002,0.13078,0.17684,0.98533,1.122,-0.296,-0.966,True
PD_03,pd,17.16,0.13416,0.18755,0.96068,1.006,-0.02,0.314,True
PD_03,pd,17.17,0.09076,0.17024,0.95148,0.706,-0.866,0.394,True
PD_03,pd,17.18,0.12629,0.19428,0.99327,-2.006,0.214,0.919,True
PD_03,pd,17.19,0.11934,0.16161,0.9853,-0.44,0.193,-0.632,True
PD_03,pd,17.2,0.09375,0.1585,0.9605,-0.027,0.928,0.481,True
PD_03,pd,17.21,0.08813,0.18015,0.9752,-0.027,0.034,0.294,True
PD_03,pd,17.22,0.11559,0.16665,0.98554,1.817,-1.34,0.396,True
PD_03,pd,17.23,0.08877,0.16487,0.9781,-0.958,-0.68,0.26,True
PD_03,pd,17.240000000000002,0.11544,0.18978,0.97605,-0.045,-0.821,1.495,True
PD_03,pd,17.25,0.12071,0.15897,0.96523,-0.691,0.711,0.023,True
PD_03,pd,17.26,0.10108,0.17501,0.96098,1.295,-2.274,0.855,True
PD_03,pd,17.27,0.10204,0.18418,0.98272,1.324,-1.418,2.065,True
PD_03,pd,17.28,0.09631,0.19099,0.9639,-0.683,0.49,-0.433,True
PD_03,pd,17.29,0.11313,0.15739,0.97771,-0.646,-0.96,1.427,True
PD_03,pd,17.3,0.10906,0.17304,0.99893,-0.835,-1.3,0.298,True
PD_03,pd,17.31,0.10364,0.17137,0.97426,-0.733,-0.454,0.243,True
PD_03,pd,17.32,0.11604,0.20494,0.97241,0.094,0.094,0.976,True
PD_03,pd,17.330000000000002,0.06919,0.20525,0.96251,0.51,-0.451,0.835,True
PD_03,pd,17.34,0.09862,0.17432,0.97284,-1.376,0.602,1.19,True
PD_03,pd,17.35,0.11382,0.18832,0.97575,0.242,-0.242,0.526,True
PD_03,pd,17.36,0.11414,0.19337,0.97465,1.046,-0.658,-1.216,True
PD_03,pd,17.37,0.10315,0.21688,0.97092,0.47,-0.391,0.252,True
PD_03,pd,17.38,0.1227,0.20385,0.99517,-1.201,-1.014,0.201,True
PD_03,pd,17.39,0.1016,0.20534,1.0005,-1.28,-0.751,-0.276,True
PD_03,pd,17.400000000000002,0.1157,0.15694,0.96497,1.114,0.481,0.085,True
PD_03,pd,17.41,0.11103,0.18409,0.98455,-0.673,0.531,-0.25,True
PD_03,pd,17.42,0.11357,0.17461,0.98776,-1.169,-0.623,0.751,True
PD_03,pd,17.43,0.10476,0.19256,0.9869,0.129,0.176,-0.254,True
PD_03,pd,17.44,0.09703,0.19868,0.96719,-0.613,-0.38,-1.144,True
PD_03,pd,17.45,0.09314,0.19706,0.98604,1.013,0.293,0.622,True
PD_03,pd,17.46,0.10599,0.1796,0.97319,-1.025,-0.659,-0.922,True
PD_03,pd,17.47,0.10213,0.17143,0.97854,0.084,1.159,0.195,True
PD_03,pd,17.48,0.08794,0.14994,0.97289,-0.11,-0.551,-1.319,True
PD_03,pd,17.490000000000002,0.06965,0.18038,0.97588,-1.097,-0.382,-0.607,True
PD_03,pd,17.5,0.10412,0.17981,0.98392,-0.011,-0.074,-1.192,True
PD_03,pd,17.51,0.09105,0.17876,0.99025,0.214,0.423,-0.247,True
PD_03,pd,17.52,0.10132,0.17656,0.9857,-1.527,0.49,-0.665,True
PD_03,pd,17.53,0.08314,0.14124,0.98983,1.114,-0.526,0.186,True
PD_03,pd,17.54,0.09543,0.19314,0.95556,1.331,-1.771,-1.093,True
PD_03,pd,17.55,0.10556,0.16262,0.97338,0.748,-1.282,-0.18,True
PD_03,pd,17.56,0.10719,0.18007,0.96295,0.422,1.178,-1.241,True
PD_03,pd,17.57,0.10248,0.15632,0.96433,0.043,1.513,0.095,True
PD_03,pd,17.580000000000002,0.10896,0.19009,0.99597,0.157,0.74,-1.013,True
PD_03,pd,17.59,0.09947,0.15685,0.98551,0.238,-0.873,0.417,True
PD_03,pd,17.6,0.10745,0.18119,0.98428,0.214,-0.028,-0.308,True
PD_03,pd,17.61,0.09028,0.14858,0.99009,-0.412,-0.211,-0.13,True
PD_03,pd,17.62,0.13344,0.17528,0.9595,-0.585,1.32,-0.447,True
PD_03,pd,17.63,0.10171,0.19164,0.9566,0.893,-0.066,0.718,True
PD_03,pd,17.64,0.10867,0.17965,0.98172,0.748,-1.892,-0.778,True
PD_03,pd,17.650000000000002,0.09205,0.1827,0.97124,0.17,0.63,0.294,True
PD_03,pd,17.66,0.07129,0.18143,0.97682,0.225,0.49,0.145,True
PD_03,pd,17.67,0.09766,0.19113,0.99395,0.86,-0.372,0.254,True
PD_03,pd,17.68,0.11322,0.20444,0.98588,-0.528,0.203,-0.96,True
PD_03,pd,17.69,0.1145,0.15452,0.96225,-0.875,0.906,1.348,True
PD_03,pd,17.7,0.10746,0.18391,0.96011,-0.189,-0.025,-0.593,True
PD_03,pd,17.71,0.11199,0.20556,1.02887,-0.522,0.679,-0.944,True
PD_03,pd,17.72,0.07147,0.19695,0.96294,0.388,1.541,0.392,True
PD_03,pd,17.73,0.10146,0.17968,0.97893,0.781,0.803,1.228,True
PD_03,pd,17.740000000000002,0.10285,0.1671,0.9684,0.666,0.346,0.21,True
PD_03,pd,17.75,0.11242,0.1822,0.96451,-0.479,0.392,-0.336,True
PD_03,pd,17.76,0.09119,0.15115,0.96392,0.396,-0.282,-0.364,True
PD_03,pd,17.77,0.09204,0.16377,1.00003,-0.355,1.046,-0.186,True
PD_03,pd,17.78,0.09543,0.17848,0.96713,-0.463,-0.392,-0.551,True
PD_03,pd,17.79,0.08245,0.1711,0.99899,-0.608,0.267,-0.166,True
PD_03,pd,17.8,0.0913,0.17207,0.94461,-0.549,1.284,-0.772,True
PD_03,pd,17.81,0.08449,0.1644,0.97517,-0.559,0.41,-0.633,True
PD_03,pd,17.82,0.0772,0.16306,0.985,0.261,0.252,0.144,True
PD_03,pd,17.830000000000002,0.07727,0.19658,0.97857,1.701,-0.114,0.44,True
PD_03,pd,17.84,0.1093,0.1767,0.98868,-0.84,-1.289,2.628,True
PD_03,pd,17.85,0.07279,0.20183,0.99761,0.084,-0.451,-0.11,True
PD_03,pd,17.86,0.11144,0.18592,0.94335,-0.255,-0.661,0.164,True
PD_03,pd,17.87,0.11948,0.1862,0.96502,-0.482,-1.21,-0.663,True
PD_03,pd,17.88,0.08924,0.16173,0.96703,-0.296,-0.682,-1.241,True
PD_03,pd,17.89,0.11375,0.14188,0.95733,0.31,-0.24,1.405,True
PD_03,pd,17.900000000000002,0.0789,0.21098,0.97672,0.296,-0.673,-0.44,True
PD_03,pd,17.91,0.11252,0.19537,0.95736,0.68,0.482,0.13,True
PD_03,pd,17.92,0.10988,0.17211,0.98066,0.467,-0.436,-0.203,True
PD_03,pd,17.93,0.1047,0.20121,0.9906,0.2,0.823,0.676,True
PD_03,pd,17.94,0.13526,0.18273,0.97759,0.885,-0.339,-1.514,True
PD_03,pd,17.95,0.12247,0.16647,0.99036,0.526,0.087,-0.709,True
PD_03,pd,17.96,0.10914,0.16157,0.94715,-0.572,1.199,-0.169,True
PD_03,pd,17.97,0.07854,0.20028,0.97698,-0.386,-0.705,-0.541,True
PD_03,pd,17.98,0.08689,0.17697,0.97812,-0.485,0.769,-0.107,True
PD_03,pd,17.990000000000002,0.12517,0.18806,0.98513,0.087,0.831,-0.477,True
PD_03,pd,18.0,0.08123,0.1669,0.96833,-0.784,0.506,0.346,True
PD_03,pd,18.01,0.07744,0.17545,0.96225,0.113,-1.563,-0.187,True
PD_03,pd,18.02,0.10939,0.18403,0.98267,1.321,-0.02,0.202,True
PD_03,pd,18.03,0.11259,0.18752,0.96294,-0.406,-0.321,-0.404,True
PD_03,pd,18.04,0.09425,0.17602,0.99226,0.142,-0.91,0.545,True
PD_03,pd,18.05,0.12608,0.15988,0.98532,1.593,-0.508,1.593,True
PD_03,pd,18.06,0.10013,0.17148,0.99099,1.196,-0.223,0.816,True
PD_03,pd,18.07,0.08624,0.1762,0.94626,-0.464,-0.707,0.151,True
PD_03,pd,18.080000000000002,0.11416,0.19091,0.9878,0.814,-1.55,0.008,True
PD_03,pd,18.09,0.08778,0.16508,0.98346,-0.612,-0.213,0.169,True
PD_03,pd,18.1,0.11362,0.18454,0.96198,0.422,0.143,0.802,True
PD_03,pd,18.11,0.09539,0.15233,0.96289,-0.17,0.447,-0.946,True
PD_03,pd,18.12,0.12457,0.17885,0.98165,0.101,0.32,0.451,True
PD_03,pd,18.13,0.09307,0.18315,0.98089,0.857,-0.975,0.01,True
PD_03,pd,18.14,0.11114,0.18887,0.96441,-0.414,-0.21,0.034,True
PD_03,pd,18.150000000000002,0.09098,0.17874,0.98,0.318,-0.413,-0.974,True
PD_03,pd,18.16,0.09208,0.19315,0.96527,-0.307,-0.692,-0.179,True
PD_03,pd,18.17,0.11608,0.16252,0.96054,-0.486,-0.696,1.226,True
PD_03,pd,18.18,0.0919,0.18131,0.98009,0.515,-1.02,-0.667,True
PD_03,pd,18.19,0.12332,0.18627,0.96963,-1.007,-0.36,-0.76,True
PD_03,pd,18.2,0.09786,0.16568,0.97457,-0.165,-0.602,-1.046,True
PD_03,pd,18.21,0.10184,0.16993,0.95946,-0.44,-0.101,-0.826,True
PD_03,pd,18.22,0.10175,0.1751,0.98278,-0.75,0.87,0.775,True
PD_03,pd,18.23,0.12126,0.18636,0.96802,-0.761,0.395,1.085,True
PD_03,pd,18.240000000000002,0.13066,0.17072,0.98295,-1.21,-0.251,0.095,True
PD_03,pd,18.25,0.1124,0.17702,1.00043,-1.024,-0.278,0.45,True
PD_03,pd,18.26,0.10669,0.1722,0.97312,0.974,0.176,0.384,True
PD_03,pd,18.27,0.09686,0.17197,0.98653,0.439,-0.554,1.149,True
PD_03,pd,18.28,0.09307,0.19804,0.96359,0.794,-0.303,-0.474,True
PD_03,pd,18.29,0.08554,0.19972,1.00094,-0.21,-0.853,0.129,True
PD_03,pd,18.3,0.09537,0.14812,0.97381,0.479,-0.201,-0.572,True
PD_03,pd,18.31,0.07741,0.15852,0.96133,0.212,0.375,-0.377,True
PD_03,pd,18.32,0.06495,0.18939,0.97333,-0.54,-1.224,0.119,True
PD_03,pd,18.330000000000002,0.14113,0.1885,0.97822,0.023,1.372,-0.698,True
PD_03,pd,18.34,0.11838,0.15376,0.97724,-0.396,-1.124,-0.415,True
PD_03,pd,18.35,0.12626,0.17602,0.9835,-0.737,-0.034,-0.27,True
PD_03,pd,18.36,0.10212,0.1799,0.98309,0.812,0.363,1.011,True
PD_03,pd,18.37,0.09593,0.18351,0.96742,0.163,-0.023,0.406,True
PD_03,pd,18.38,0.10276,0.15885,0.99808,-1.084,-0.012,-0.597,True
PD_03,pd,18.39,0.10226,0.20003,0.96424,0.564,-0.829,-1.327,True
PD_03,pd,18.400000000000002,0.1241,0.16171,0.96557,-0.643,0.526,0.127,True
PD_03,pd,18.41,0.10991,0.1937,0.97084,-0.011,0.198,-0.696,True
PD_03,pd,18.42,0.10608,0.19315,0.96894,0.891,0.767,-0.957,True
PD_03,pd,18.43,0.10679,0.1669,0.98565,0.497,0.271,-1.355,True
PD_03,pd,18.44,0.09345,0.18482,0.96867,-0.374,0.808,-0.169,True
PD_03,pd,18.45,0.11646,0.17865,0.98201,0.288,0.808,0.477,True
PD_03,pd,18.46,0.11735,0.17526,0.9541,0.373,-0.075,-1.207,True
PD_03,pd,18.47,0.109,0.18353,0.98397,-0.658,-0.806,-0.513,True
PD_03,pd,18.48,0.11582,0.17041,0.96619,-1.839,0.795,-0.043,True
PD_03,pd,18.490000000000002,0.1155,0.18485,0.97146,-0.514,-0.924,0.505,True
PD_03,pd,18.5,0.10338,0.20498,0.97117,-0.095,0.187,-0.196,True
PD_03,pd,18.51,0.09729,0.17335,0.95023,-1.214,-0.498,-0.747,True
PD_03,pd,18.52,0.10352,0.18236,0.95983,-0.175,0.021,-0.419,True
PD_03,pd,18.53,0.09214,0.19565,0.98797,0.284,-1.765,-0.992,True
PD_03,pd,18.54,0.12366,0.17507,0.96,-0.041,-0.31,-0.28,True
PD_03,pd,18.55,0.10106,0.18607,0.95971,-1.991,-0.268,-1.287,True
PD_03,pd,18.56,0.11954,0.18124,0.96269,0.523,0.019,-0.524,True
PD_03,pd,18.57,0.12689,0.20315,0.96172,-1.05,0.952,0.478,True
PD_03,pd,18.580000000000002,0.10999,0.1748,0.98145,0.619,-0.048,1.282,True
PD_03,pd,18.59,0.11403,0.18052,0.97725,-0.327,0.705,0.741,True
PD_03,pd,18.6,0.09683,0.17628,0.95605,-2.961,-1.159,0.86,True
PD_03,pd,18.61,0.13264,0.17977,0.9463,0.824,0.554,-0.348,True
PD_03,pd,18.62,0.11403,0.14268,0.95994,0.722,1.036,0.221,True
PD_03,pd,18.63,0.10228,0.18867,0.9777,1.037,-0.519,-0.085,True
PD_03,pd,18.64,0.12732,0.18606,0.96782,-0.887,-1.115,1.54,True
PD_03,pd,18.650000000000002,0.104,0.1948,0.97433,0.757,0.855,-0.456,True
PD_03,pd,18.66,0.10743,0.16277,0.95398,-0.996,0.291,0.35,True
PD_03,pd,18.67,0.11661,0.19011,0.93228,0.836,-1.177,0.738,True
PD_03,pd,18.68,0.11207,0.16797,0.99104,-0.985,-0.126,-0.538,True
PD_03,pd,18.69,0.1159,0.16065,0.95948,0.867,-0.339,-0.171,True
PD_03,pd,18.7,0.12022,0.16049,0.94742,0.764,-0.449,1.942,True
PD_03,pd,18.71,0.11673,0.17917,0.96735,-0.419,0.574,0.225,True
PD_03,pd,18.72,0.10102,0.18087,0.99783,-0.264,0.581,0.203,True
PD_03,pd,18.73,0.14108,0.18534,0.94039,-1.852,-1.112,0.011,True
PD_03,pd,18.740000000000002,0.11001,0.17903,0.97446,-0.159,-0.266,0.712,True
PD_03,pd,18.75,0.11868,0.16959,0.94393,-0.113,-0.432,0.822,True
PD_03,pd,18.76,0.12035,0.1689,0.97057,0.314,-0.287,-0.945,True
PD_03,pd,18.77,0.09723,0.1717,0.96887,0.203,-0.667,0.752,True
PD_03,pd,18.78,0.1249,0.19182,0.945,-0.089,1.902,-0.102,True
PD_03,pd,18.79,0.11809,0.1938,0.97005,-0.342,-0.519,0.871,True
PD_03,pd,18.8,0.10096,0.19727,0.97197,-0.904,-0.523,1.346,True
PD_03,pd,18.81,0.11994,0.18752,0.96625,0.23,0.036,-0.348,True
PD_03,pd,18.82,0.12436,0.18059,0.95194,0.097,-0.117,-0.764,True
PD_03,pd,18.830000000000002,0.08924,0.17432,0.97651,-0.18,0.161,-1.302,True
PD_03,pd,18.84,0.13402,0.17661,0.96411,1.005,0.432,0.815,True
PD_03,pd,18.85,0.12751,0.18054,0.97171,1.326,1.236,-1.508,True
PD_03,pd,18.86,0.12326,0.19493,0.99682,0.409,-0.079,0.871,True
PD_03,pd,18.87,0.1311,0.17482,0.96589,0.023,0.143,0.143,True
PD_03,pd,18.88,0.11228,0.18575,0.97612,-0.304,0.087,-1.111,True
PD_03,pd,18.89,0.12621,0.19389,0.96699,0.92,-0.585,-0.368,True
PD_03,pd,18.900000000000002,0.12123,0.18943,0.95994,-0.546,-0.551,0.341,True
PD_03,pd,18.91,0.10506,0.18433,0.99308,-0.3,0.239,0.908,True
PD_03,pd,18.92,0.12005,0.17473,0.93756,-0.022,0.461,1.056,True
PD_03,pd,18.93,0.144,0.18328,0.97246,-0.657,0.247,-0.563,True
PD_03,pd,18.94,0.07758,0.20869,0.97716,0.174,1.633,-1.191,True
PD_03,pd,18.95,0.11223,0.17198,0.9579,-0.951,-0.342,0.964,True
PD_03,pd,18.96,0.12156,0.19655,0.946,-0.869,-0.075,-0.545,True
PD_03,pd,18.97,0.11166,0.17983,0.98053,-0.754,-0.149,-0.073,True
PD_03,pd,18.98,0.10482,0.19856,0.98073,0.803,0.461,0.086,True
PD_03,pd,18.990000000000002,0.12586,0.1899,0.98015,1.68,0.988,-0.532,True
PD_03,pd,19.0,0.115,0.19162,0.96181,0.117,-1.016,-0.101,True
PD_03,pd,19.01,0.1224,0.18426,0.94017,-0.724,-1.716,1.058,True
PD_03,pd,19.02,0.13653,0.17976,0.94623,0.92,-0.696,-0.525,True
PD_03,pd,19.03,0.11938,0.18446,0.9952,-0.022,0.469,-0.375,True
PD_03,pd,19.04,0.14454,0.18693,0.9642,0.655,0.562,0.194,True
PD_03,pd,19.05,0.113,0.1677,0.95511,1.261,-0.154,-0.281,True
PD_03,pd,19.06,0.12888,0.1835,0.94881,-0.41,1.022,-0.67,True
PD_03,pd,19.07,0.1141,0.15677,0.94836,0.18,0.887,0.46,True
PD_03,pd,19.080000000000002,0.12284,0.188,0.94224,1.363,0.028,-1.287,True
PD_03,pd,19.09,0.13739,0.18223,0.9602,-0.482,-2.245,0.203,True
PD_03,pd,19.1,0.14189,0.20707,0.956,1.979,0.591,-0.721,True
PD_03,pd,19.11,0.12042,0.16028,0.9459,0.574,-1.31,-0.414,True
PD_03,pd,19.12,0.12491,0.18448,0.94746,-1.035,0.75,-0.813,True
PD_03,pd,19.13,0.11966,0.18473,0.97864,-1.35,-1.377,0.232,True
PD_03,pd,19.14,0.13335,0.19485,0.92374,-0.405,-1.129,-0.277,True
PD_03,pd,19.150000000000002,0.12943,0.17312,0.94366,0.517,0.077,1.138,True
PD_03,pd,19.16,0.1404,0.20376,0.95113,0.508,-0.673,0.066,True
PD_03,pd,19.17,0.13129,0.16622,0.93191,-0.014,-0.46,0.695,True
PD_03,pd,19.18,0.12371,0.16016,0.96305,-0.369,-0.344,1.4,True
PD_03,pd,19.19,0.12015,0.17311,0.96187,-0.189,0.172,-0.085,True
PD_03,pd,19.2,0.1494,0.21583,0.96671,-0.785,-0.23,0.522,True
PD_03,pd,19.21,0.15235,0.19151,0.96823,1.288,0.253,0.85,True
PD_03,pd,19.22,0.14069,0.16245,0.96326,0.826,-0.194,0.061,True
PD_03,pd,19.23,0.12367,0.18298,0.95547,-0.406,0.472,0.572,True
PD_03,pd,19.240000000000002,0.14269,0.20682,0.95321,0.813,-0.834,-1.116,True
PD_03,pd,19.25,0.13784,0.19163,0.9718,0.299,-0.51,0.705,True
PD_03,pd,19.26,0.11159,0.19834,0.94176,0.707,-0.719,-1.244,True
PD_03,pd,19.27,0.12767,0.20044,0.96504,-0.53,1.038,-0.357,True
PD_03,pd,19.28,0.12573,0.21337,0.96717,-1.14,0.458,-0.04,True
PD_03,pd,19.29,0.12475,0.19001,0.94872,-0.384,0.38,-0.475,True
PD_03,pd,19.3,0.1303,0.19474,0.95913,-0.759,-0.385,0.503,True
PD_03,pd,19.31,0.10878,0.19266,0.94446,1.129,0.009,1.106,True
PD_03,pd,19.32,0.11679,0.18754,0.97743,0.576,-0.348,-0.741,True
PD_03,pd,19.330000000000002,0.13304,0.18302,0.97707,0.674,-0.512,1.424,True
PD_03,pd,19.34,0.13823,0.14837,0.97076,0.514,-1.13,2.314,True
PD_03,pd,19.35,0.13272,0.19055,0.92948,-0.279,0.116,0.556,True
PD_03,pd,19.36,0.1563,0.21163,0.96047,1.086,-1.386,0.102,True
PD_03,pd,19.37,0.10832,0.19999,0.9414,-0.832,1.526,-0.306,True
PD_03,pd,19.38,0.135,0.19739,0.94799,-0.207,-0.509,0.062,True
PD_03,pd,19.39,0.14054,0.17327,0.98405,-0.411,-1.499,-1.544,True
PD_03,pd,19.400000000000002,0.13302,0.19681,0.94528,0.939,-0.467,-1.387,True
PD_03,pd,19.41,0.11448,0.17799,0.95814,-0.714,0.445,-0.779,True
PD_03,pd,19.42,0.13398,0.19068,0.94707,-0.185,0.091,0.087,True
PD_03,pd,19.43,0.14304,0.17017,0.96619,0.603,0.582,0.195,True
PD_03,pd,19.44,0.14949,0.18893,0.97991,0.277,-1.199,-0.884,True
PD_03,pd,19.45,0.11173,0.20818,0.94435,0.894,-0.225,-0.68,True
PD_03,pd,19.46,0.13866,0.21122,0.96051,-0.078,-0.78,-0.218,True
PD_03,pd,19.47,0.14404,0.19487,0.94788,0.272,1.178,0.169,True
PD_03,pd,19.48,0.13407,0.20025,0.97317,-0.288,-0.876,-0.36,True
PD_03,pd,19.490000000000002,0.11647,0.17462,0.93008,0.473,1.211,0.158,True
PD_03,pd,19.5,0.14718,0.17232,0.96025,0.314,-0.742,0.606,True
PD_03,pd,19.51,0.14938,0.18263,0.98524,-0.089,1.131,-0.159,True
PD_03,pd,19.52,0.16947,0.18993,0.9721,-1.188,0.324,0.686,True
PD_03,pd,19.53,0.13757,0.17707,0.9356,-0.671,-0.792,0.507,True
PD_03,pd,19.54,0.12111,0.1896,0.9509,1.607,1.381,-0.381,True
PD_03,pd,19.55,0.16025,0.22555,0.94586,-2.021,0.359,-0.352,True
PD_03,pd,19.56,0.14082,0.21549,0.924,0.862,-0.011,-0.618,True
PD_03,pd,19.57,0.13336,0.22372,0.97095,-0.035,-1.116,0.659,True
PD_03,pd,19.580000000000002,0.11726,0.16919,0.98189,0.867,-0.06,0.645,True
PD_03,pd,19.59,0.14817,0.20087,0.96597,0.068,-0.222,-0.687,True
PD_03,pd,19.6,0.1305,0.16807,0.9563,-0.244,0.081,0.444,True
PD_03,pd,19.61,0.1716,0.18774,0.94467,-0.213,0.769,-0.165,True
PD_03,pd,19.62,0.15308,0.21727,0.96108,0.481,0.249,-0.361,True
PD_03,pd,19.63,0.14625,0.19777,0.96708,0.722,0.862,0.438,True
PD_03,pd,19.64,0.16,0.21276,0.93811,-0.636,1.511,0.322,True
PD_03,pd,19.650000000000002,0.13204,0.19326,0.96147,1.057,-0.586,-0.35,True
PD_03,pd,19.66,0.15888,0.2038,0.95209,0.264,-0.036,-0.08,True
PD_03,pd,19.67,0.13234,0.20024,0.97579,-0.369,1.26,-0.445,True
PD_03,pd,19.68,0.13434,0.21884,0.94604,-0.301,0.219,0.025,True
PD_03,pd,19.69,0.14876,0.18397,0.96638,0.353,-0.4,0.478,True
PD_03,pd,19.7,0.16397,0.17669,0.95271,0.389,1.088,0.359,True
PD_03,pd,19.71,0.11088,0.22211,0.96858,-0.663,-0.498,-0.258,True
PD_03,pd,19.72,0.14885,0.22265,0.9611,0.497,0.762,-0.224,True
PD_03,pd,19.73,0.13773,0.22746,0.95646,0.571,-0.086,0.063,True
PD_03,pd,19.740000000000002,0.11384,0.1959,0.96704,1.146,0.398,-0.077,True
PD_03,pd,19.75,0.12053,0.18002,0.98137,-0.476,1.742,0.523,True
PD_03,pd,19.76,0.15647,0.20516,0.95624,1.242,0.062,-0.255,True
PD_03,pd,19.77,0.14003,0.2104,0.94395,0.539,0.676,-0.135,True
PD_03,pd,19.78,0.12477,0.21,0.96451,1.065,-0.865,-1.474,True
PD_03,pd,19.79,0.13622,0.19816,0.93518,0.045,-1.137,0.483,True
PD_03,pd,19.8,0.13508,0.18596,0.93949,0.49,0.412,-0.505,True
PD_03,pd,19.81,0.16212,0.18098,0.96098,0.12,0.004,0.302,True
PD_03,pd,19.82,0.13477,0.21929,0.94866,0.733,0.287,1.494,True
PD_03,pd,19.830000000000002,0.14481,0.19328,0.98079,0.612,0.089,1.344,True
PD_03,pd,19.84,0.15858,0.19787,0.95727,0.362,-0.178,0.737,True
PD_03,pd,19.85,0.15788,0.21776,0.96887,0.015,1.148,-1.347,True
PD_03,pd,19.86,0.13965,0.15383,0.96819,-2.04,-1.213,0.873,True
PD_03,pd,19.87,0.14714,0.18995,0.9279,0.834,0.008,-1.362,True
PD_03,pd,19.88,0.13422,0.18614,0.96837,0.623,0.44,-0.948,True
PD_03,pd,19.89,0.14706,0.21239,0.96405,-0.002,-0.494,-1.385,True
PD_03,pd,19.900000000000002,0.13707,0.16618,0.9413,0.002,-0.634,-1.578,True
PD_03,pd,19.91,0.16556,0.20919,0.91889,0.098,-0.857,-1.286,True
PD_03,pd,19.92,0.1231,0.1811,0.9537,-1.722,-0.481,-1.849,True
PD_03,pd,19.93,0.13539,0.22619,0.97109,-0.085,0.692,-1.659,True
PD_03,pd,19.94,0.13102,0.195,0.97316,-1.622,-0.67,-0.492,True
PD_03,pd,19.95,0.12678,0.1908,0.97286,-0.484,-0.694,-0.527,True
PD_03,pd,19.96,0.14554,0.18977,0.96476,-0.975,-0.098,1.398,True
PD_03,pd,19.97,0.16876,0.21542,0.96973,-0.365,-0.287,0.773,True
PD_03,pd,19.98,0.15927,0.21837,0.94684,0.657,0.667,0.668,True
PD_03,pd,19.990000000000002,0.15142,0.2141,0.94782,-0.185,0.807,0.222,True
PD_03,pd,20.0,0.16249,0.1868,0.94622,2.505,1.297,1.783,True
PD_03,pd,20.01,0.16642,0.21372,0.94062,1.404,1.018,2.286,True
PD_03,pd,20.02,0.17224,0.19175,0.94821,0.048,1.468,1.608,True
PD_03,pd,20.03,0.16042,0.22299,0.96839,-0.251,-0.496,2.043,True
PD_03,pd,20.04,0.18453,0.23418,0.91978,0.747,-0.787,0.635,True
PD_03,pd,20.05,0.16837,0.18286,0.93599,1.079,-0.697,1.099,True
PD_03,pd,20.06,0.14835,0.19409,0.96801,1.465,-1.513,-0.27,True
PD_03,pd,20.07,0.13705,0.17302,0.93166,1.292,-0.847,-1.334,True
PD_03,pd,20.080000000000002,0.16847,0.15025,0.94746,2.022,-0.545,-2.365,True
PD_03,pd,20.09,0.17071,0.19291,0.94569,0.159,-0.675,-3.296,True
PD_03,pd,20.1,0.16079,0.20246,0.94415,-0.078,-1.329,-2.26,True
PD_03,pd,20.11,0.13325,0.21189,0.9342,-0.7,-1.264,-3.776,True
PD_03,pd,20.12,0.16331,0.17416,0.9169,-1.388,-0.111,-2.847,True
PD_03,pd,20.13,0.11777,0.23435,0.95853,-1.863,-1.296,-1.947,True
PD_03,pd,20.14,0.14945,0.23596,0.9441,-3.094,-0.184,-1.805,True
PD_03,pd,20.150000000000002,0.12457,0.20778,0.9064,-2.413,1.248,-0.837,True
PD_03,pd,20.16,0.14183,0.22638,0.94068,-2.754,1.448,-0.598,True
PD_03,pd,20.17,0.13804,0.22871,0.94911,-1.579,1.532,1.582,True
PD_03,pd,20.18,0.13747,0.23663,0.96596,0.521,1.203,2.054,True
PD_03,pd,20.19,0.15412,0.18477,0.95894,0.025,0.488,2.914,True
PD_03,pd,20.2,0.1231,0.20418,0.95281,0.189,1.221,3.385,True
PD_03,pd,20.21,0.15053,0.23533,0.9579,1.393,1.005,4.152,True
PD_03,pd,20.22,0.1866,0.23233,0.94094,3.193,2.197,5.043,True
PD_03,pd,20.23,0.21509,0.21953,0.95428,2.473,2.898,3.952,True
PD_03,pd,20.240000000000002,0.20743,0.19634,0.94874,1.672,0.493,4.669,True
PD_03,pd,20.25,0.18898,0.19882,0.96278,1.37,1.706,3.182,True
PD_03,pd,20.26,0.19582,0.17828,0.95092,4.532,0.747,1.784,True
PD_03,pd,20.27,0.19014,0.20204,0.96443,3.629,-0.878,-0.054,True
PD_03,pd,20.28,0.17592,0.20988,0.94101,2.877,-1.719,-2.183,True
PD_03,pd,20.29,0.16018,0.17912,0.95572,1.125,-1.619,-2.63,True
PD_03,pd,20.3,0.1695,0.16789,0.90106,-1.616,-3.14,-6.164,True
PD_03,pd,20.31,0.17048,0.17201,0.97753,-1.605,-3.258,-5.706,True
PD_03,pd,20.32,0.15492,0.17698,0.92223,-1.456,-1.516,-5.992,True
PD_03,pd,20.330000000000002,0.13803,0.16418,0.93451,-2.291,-2.398,-6.357,True
PD_03,pd,20.34,0.1199,0.18162,0.94155,-3.561,-1.227,-4.698,True
PD_03,pd,20.35,0.13547,0.19751,0.91548,-4.606,-0.886,-3.923,True
PD_03,pd,20.36,0.10484,0.24523,0.94303,-4.393,-0.685,-2.031,True
PD_03,pd,20.37,0.11798,0.23185,0.95267,-4.01,1.046,-0.566,True
PD_03,pd,20.38,0.10667,0.24816,0.96609,-3.483,0.951,-1.625,True
PD_03,pd,20.39,0.12921,0.24732,0.94467,-2.055,2.874,1.228,True
PD_03,pd,20.400000000000002,0.13969,0.24113,0.94145,0.46,2.297,4.52,True
PD_03,pd,20.41,0.15132,0.23934,0.98192,1.09,4.033,6.699,True
PD_03,pd,20.42,0.13788,0.22165,0.94336,2.225,3.71,7.486,True
PD_03,pd,20.43,0.19017,0.23176,0.93524,1.756,2.221,7.053,True
PD_03,pd,20.44,0.20173,0.23358,0.97901,3.112,3.921,7.478,True
PD_03,pd,20.45,0.20843,0.20768,0.96611,4.62,1.52,7.526,True
PD_03,pd,20.46,0.24913,0.18178,0.94372,4.964,1.262,5.062,True
PD_03,pd,20.47,0.21381,0.1926,0.94167,4.897,0.329,1.794,True
PD_03,pd,20.48,0.22631,0.18448,0.93601,3.347,-1.744,1.333,True
PD_03,pd,20.490000000000002,0.18161,0.16098,0.9364,3.934,-0.797,-1.285,True
PD_03,pd,20.5,0.19566,0.17217,0.93926,2.146,-2.034,-2.757,True
PD_03,pd,20.51,0.18622,0.18674,0.92505,-0.214,-4.159,-7.572,True
PD_03,pd,20.52,0.2027,0.16375,0.91687,-0.276,-3.99,-7.943,True
PD_03,pd,20.53,0.16406,0.17052,0.92036,-2.688,-4.248,-9.709,True
PD_03,pd,20.54,0.15804,0.18598,0.90354,-3.446,-3.092,-9.731,True
PD_03,pd,20.55,0.11313,0.18231,0.93612,-6.34,-4.374,-7.287,True
PD_03,pd,20.56,0.13077,0.18051,0.9085,-5.885,-3.135,-8.318,True
PD_03,pd,20.57,0.09169,0.19858,0.92204,-6.676,-1.555,-6.242,True
PD_03,pd,20.580000000000002,0.09292,0.23428,0.9357,-6.097,1.159,-2.663,True
PD_03,pd,20.59,0.09083,0.24622,0.94014,-6.405,2.974,-0.305,True
PD_03,pd,20.6,0.12048,0.25503,0.93756,-4.902,3.019,3.523,True
PD_03,pd,20.61,0.11353,0.26853,0.94045,-2.322,4.724,4.451,True
PD_03,pd,20.62,0.13561,0.28563,0.94031,-1.403,5.344,6.809,True
PD_03,pd,20.63,0.17208,0.28771,0.94974,1.958,5.612,10.694,True
PD_03,pd,20.64,0.2096,0.26002,0.97349,1.845,5.819,10.193,True
PD_03,pd,20.650000000000002,0.21248,0.2735,0.96659,5.166,5.521,12.285,True
PD_03,pd,20.66,0.21405,0.23116,0.97489,7.296,2.293,9.714,True
PD_03,pd,20.67,0.23515,0.20026,0.98611,7.863,1.926,8.249,True
PD_03,pd,20.68,0.28227,0.20829,0.93919,7.145,1.407,6.71,True
PD_03,pd,20.69,0.24893,0.17423,0.96702,6.696,-0.8,2.801,True
PD_03,pd,20.7,0.26038,0.18036,0.95347,7.487,-2.442,-0.851,True
PD_03,pd,20.71,0.21864,0.16787,0.90835,5.595,-3.449,-4.548,True
PD_03,pd,20.72,0.19521,0.1192,0.939,3.843,-5.84,-7.512,True
PD_03,pd,20.73,0.20575,0.14682,0.92848,0.856,-5.146,-11.009,True
PD_03,pd,20.740000000000002,0.17163,0.16096,0.89604,-1.478,-6.238,-11.922,True
PD_03,pd,20.75,0.13643,0.15889,0.90054,-4.386,-5.3,-13.363,True
PD_03,pd,20.76,0.13515,0.16044,0.91789,-7.866,-5.479,-13.857,True
PD_03,pd,20.77,0.10636,0.19507,0.90656,-7.686,-4.592,-12.12,True
PD_03,pd,20.78,0.10477,0.24169,0.90563,-10.09,-2.581,-9.472,True
PD_03,pd,20.79,0.09739,0.23284,0.89126,-9.912,-0.316,-5.687,True
PD_03,pd,20.8,0.07874,0.23889,0.93236,-8.294,0.788,-3.212,True
PD_03,pd,20.81,0.07549,0.26441,0.93305,-8.861,3.809,1.229,True
PD_03,pd,20.82,0.08107,0.265,0.96345,-6.021,4.24,5.831,True
PD_03,pd,20.830000000000002,0.11104,0.30395,0.92578,-2.453,6.124,10.014,True
PD_03,pd,20.84,0.1687,0.30886,0.94322,-1.353,7.283,12.105,True
PD_03,pd,20.85,0.18991,0.30557,0.95481,3.437,6.915,14.443,True
PD_03,pd,20.86,0.2204,0.28363,0.96903,4.747,7.743,17.099,True
PD_03,pd,20.87,0.25448,0.27049,0.97837,8.862,5.406,14.146,True
PD_03,pd,20.88,0.29483,0.2007,0.95347,10.262,3.241,13.213,True
PD_03,pd,20.89,0.29793,0.21819,0.96697,9.715,2.827,9.346,True
PD_03,pd,20.900000000000002,0.27388,0.17274,0.96909,10.619,0.741,6.342,True
PD_03,pd,20.91,0.24901,0.19712,0.92912,9.39,-3.468,1.398,True
PD_03,pd,20.92,0.27538,0.124,0.95157,7.704,-3.511,-3.022,True
PD_03,pd,20.93,0.22607,0.14071,0.90755,6.236,-5.054,-6.948,True
PD_03,pd,20.94,0.19144,0.127,0.89997,1.974,-5.651,-12.481,True
PD_03,pd,20.95,0.21141,0.13553,0.92595,-0.867,-8.937,-14.321,True
PD_03,pd,20.96,0.1406,0.15217,0.86629,-3.301,-9.135,-17.971,True
PD_03,pd,20.97,0.16739,0.15095,0.88861,-6.217,-8.295,-17.278,True
PD_03,pd,20.98,0.10344,0.18334,0.89283,-10.037,-6.459,-15.918,True
PD_03,pd,20.990000000000002,0.07215,0.21068,0.89877,-11.674,-5.229,-13.376,True
PD_03,pd,21.0,0.06176,0.2551,0.91688,-12.155,-1.703,-10.682,True
PD_03,pd,21.01,0.03931,0.2409,0.89622,-12.392,1.26,-6.501,True
PD_03,pd,21.02,0.02835,0.28822,0.92153,-9.41,3.615,-1.782,True
PD_03,pd,21.03,0.04977,0.28526,0.92497,-8.741,4.582,4.659,True
PD_03,pd,21.04,0.07976,0.34608,0.96725,-4.53,6.976,9.45,True
PD_03,pd,21.05,0.12976,0.30833,0.94445,-1.278,9.035,14.587,True
PD_03,pd,21.06,0.15191,0.30712,0.95989,1.368,8.451,18.103,True
PD_03,pd,21.07,0.22741,0.29138,0.95089,4.645,10.651,19.1,True
PD_03,pd,21.080000000000002,0.28825,0.27198,0.9935,7.999,8.167,20.133,True
PD_03,pd,21.09,0.32143,0.21959,0.99276,11.675,7.024,18.482,True
PD_03,pd,21.1,0.33359,0.22345,0.97583,13.058,5.119,14.051,True
PD_03,pd,21.11,0.31575,0.21439,0.98916,13.665,2.987,10.826,True
PD_03,pd,21.12,0.35448,0.16409,0.94397,13.114,-0.722,4.825,True
PD_03,pd,21.13,0.32531,0.15319,0.95546,12.011,-4.775,0.506,True
PD_03,pd,21.14,0.26357,0.11381,0.94516,7.544,-5.807,-6.59,True
PD_03,pd,21.150000000000002,0.21472,0.10322,0.94145,4.427,-8.309,-13.134,True
PD_03,pd,21.16,0.21609,0.11542,0.91857,0.897,-10.315,-17.966,True
PD_03,pd,21.17,0.18024,0.12749,0.91102,-1.984,-8.959,-20.772,True
PD_03,pd,21.18,0.14474,0.1297,0.87932,-6.772,-9.74,-20.491,True
PD_03,pd,21.19,0.11386,0.1493,0.86745,-10.943,-8.167,-22.761,True
PD_03,pd,21.2,0.11445,0.19608,0.88276,-13.585,-6.907,-18.131,True
PD_03,pd,21.21,0.06424,0.20987,0.87741,-13.135,-4.631,-15.376,True
PD_03,pd,21.22,0.01099,0.25979,0.86189,-15.052,-0.401,-9.733,True
PD_03,pd,21.23,0.01471,0.28372,0.89169,-12.506,2.525,-3.862,True
PD_03,pd,21.240000000000002,0.01552,0.29077,0.91748,-11.708,5.83,1.881,True
PD_03,pd,21.25,0.02958,0.31064,0.94109,-8.745,6.944,9.821,True
PD_03,pd,21.26,0.05227,0.34484,0.95659,-4.124,8.006,16.248,True
PD_03,pd,21.27,0.12473,0.3576,0.96796,-0.758,11.363,19.642,True
PD_03,pd,21.28,0.22036,0.31504,0.99861,4.585,11.697,22.708,True
PD_03,pd,21.29,0.29287,0.31449,1.00023,8.596,8.95,23.308,True
PD_03,pd,21.3,0.32568,0.28284,0.96841,12.807,8.549,24.55,True
PD_03,pd,21.31,0.37555,0.25869,0.98074,14.085,6.705,21.737,True
PD_03,pd,21.32,0.37395,0.20991,0.96214,16.198,2.069,15.234,True
PD_03,pd,21.330000000000002,0.36001,0.17602,0.95962,15.593,1.393,8.24,True
PD_03,pd,21.34,0.33285,0.15437,0.98174,14.937,-2.332,2.363,True
PD_03,pd,21.35,0.29404,0.12215,0.95811,11.995,-6.203,-4.403,True
PD_03,pd,21.36,0.29367,0.09921,0.91357,7.855,-9.228,-12.61,True
PD_03,pd,21.37,0.25608,0.07927,0.91378,4.602,-10.542,-16.611,True
PD_03,pd,21.38,0.21267,0.09448,0.88024,-0.961,-11.908,-20.138,True
PD_03,pd,21.39,0.16457,0.11871,0.87762,-5.747,-12.438,-26.244,True
PD_03,pd,21.400000000000002,0.13965,0.12538,0.8861,-10.25,-12.697,-25.658,True
PD_03,pd,21.41,0.08995,0.16442,0.90505,-12.946,-9.223,-23.585,True
PD_03,pd,21.42,0.06136,0.1965,0.8763,-14.371,-7.134,-19.451,True
PD_03,pd,21.43,0.00909,0.23478,0.90987,-17.138,-3.266,-15.668,True
PD_03,pd,21.44,-0.00944,0.29256,0.87511,-17.944,1.331,-7.96,True
PD_03,pd,21.45,-0.03397,0.30504,0.90704,-14.876,3.404,-0.635,True
PD_03,pd,21.46,0.01502,0.33558,0.93149,-11.289,7.311,7.09,True
PD_03,pd,21.47,0.01363,0.34775,0.93831,-7.439,9.526,14.84,True
PD_03,pd,21.48,0.07862,0.36865,0.97828,-3.744,11.635,19.996,True
PD_03,pd,21.490000000000002,0.17085,0.36349,0.97898,1.747,14.357,25.342,True
PD_03,pd,21.5,0.26582,0.35625,1.00218,8.202,12.91,27.091,True
PD_03,pd,21.51,0.33826,0.27345,1.00688,12.293,11.203,26.237,True
PD_03,pd,21.52,0.382,0.26252,0.99785,16.107,9.643,25.336,True
PD_03,pd,21.53,0.40167,0.23257,0.99943,18.26,5.819,20.305,True
PD_03,pd,21.54,0.40959,0.20946,0.97411,18.573,3.304,16.284,True
PD_03,pd,21.55,0.37932,0.1657,0.96371,18.857,-1.787,4.987,True
PD_03,pd,21.56,0.37192,0.09931,0.93817,14.668,-5.984,0.549,True
PD_03,pd,21.57,0.29378,0.08251,0.93871,12.494,-8.936,-9.729,True
PD_03,pd,21.580000000000002,0.27696,0.05118,0.90376,8.129,-12.83,-17.192,True
PD_03,pd,21.59,0.22338,0.09027,0.89517,1.181,-13.694,-22.321,True
PD_03,pd,21.6,0.20954,0.08588,0.84,-3.589,-13.065,-26.656,True
PD_03,pd,21.61,0.15956,0.09122,0.8625,-8.838,-12.594,-29.062,True
PD_03,pd,21.62,0.12738,0.11715,0.87687,-12.999,-12.323,-28.883,True
PD_03,pd,21.63,0.07145,0.1951,0.87477,-18.09,-8.617,-25.3,True
PD_03,pd,21.64,0.02008,0.21232,0.87604,-20.959,-4.982,-20.237,True
PD_03,pd,21.650000000000002,-0.03734,0.24344,0.88837,-20.5,-0.704,-15.567,True
PD_03,pd,21.66,-0.03941,0.27908,0.90016,-18.364,3.149,-5.827,True
PD_03,pd,21.67,-0.0363,0.36828,0.89991,-14.922,6.282,3.207,True
PD_03,pd,21.68,-0.03214,0.38204,0.9138,-10.555,10.723,11.95,True
PD_03,pd,21.69,0.03351,0.38503,0.94257,-6.103,12.152,20.903,True
PD_03,pd,21.7,0.14495,0.39468,0.97046,-0.684,14.022,28.093,True
PD_03,pd,21.71,0.23239,0.37361,0.9928,5.512,14.574,30.21,True
PD_03,pd,21.72,0.31126,0.34108,0.97136,10.955,12.608,29.664,True
PD_03,pd,21.73,0.36664,0.30016,0.99505,15.799,12.441,29.552,True
PD_03,pd,21.740000000000002,0.4319,0.24203,0.99828,18.976,8.281,25.995,True
PD_03,pd,21.75,0.45605,0.18006,0.97519,21.098,6.26,20.087,True
PD_03,pd,21.76,0.43354,0.15967,0.97411,20.488,0.729,11.885,True
PD_03,pd,21.77,0.42889,0.1121,0.95433,16.467,-3.233,2.862,True
PD_03,pd,21.78,0.34597,0.07224,0.94316,13.047,-8.718,-6.553,True
PD_03,pd,21.79,0.29529,0.06538,0.92478,12.068,-11.782,-14.12,True
PD_03,pd,21.8,0.24539,0.05047,0.90291,3.51,-13.068,-22.651,True
PD_03,pd,21.81,0.21377,0.05605,0.86158,-1.638,-16.417,-28.861,True
PD_03,pd,21.82,0.18797,0.06361,0.8476,-7.692,-17.474,-31.751,True
PD_03,pd,21.830000000000002,0.13764,0.08949,0.82438,-13.341,-13.848,-32.64,True
PD_03,pd,21.84,0.03591,0.14373,0.85265,-19.062,-11.19,-30.914,True
PD_03,pd,21.85,0.0212,0.20457,0.85167,-20.285,-9.214,-26.167,True
PD_03,pd,21.86,-0.02434,0.25844,0.8395,-23.015,-3.11,-19.092,True
PD_03,pd,21.87,-0.04998,0.30231,0.89592,-23.067,0.42,-9.439,True
PD_03,pd,21.88,-0.07406,0.35513,0.90891,-17.523,4.007,-2.205,True
PD_03,pd,21.89,-0.04357,0.39245,0.94711,-14.428,9.048,8.441,True
PD_03,pd,21.900000000000002,-0.00228,0.42386,0.92864,-9.747,11.089,17.82,True
PD_03,pd,21.91,0.10313,0.39742,0.96072,-5.331,14.394,26.539,True
PD_03,pd,21.92,0.19874,0.38727,1.02142,3.52,16.886,30.802,True
PD_03,pd,21.93,0.27451,0.3685,0.99336,8.969,15.809,34.675,True
PD_03,pd,21.94,0.36401,0.32537,1.02345,14.595,13.804,35.294,True
PD_03,pd,21.95,0.4452,0.27441,1.03477,18.51,11.632,32.146,True
PD_03,pd,21.96,0.47429,0.22871,0.99503,22.511,7.935,26.027,True
PD_03,pd,21.97,0.44905,0.17511,1.01538,22.76,1.857,16.766,True
PD_03,pd,21.98,0.45469,0.1387,0.97358,21.157,-3.102,8.43,True
PD_03,pd,21.990000000000002,0.38926,0.1022,0.94474,20.062,-7.089,-1.891,True
PD_03,pd,22.0,0.33273,0.06641,0.9329,15.168,-11.231,-10.856,True
PD_03,pd,22.01,0.28597,0.03133,0.88841,8.224,-13.865,-21.524,True
PD_03,pd,22.02,0.22635,0.04256,0.87824,0.936,-19.229,-27.795,True
PD_03,pd,22.03,0.17057,0.05707,0.85927,-5.008,-15.635,-33.39,True
PD_03,pd,22.04,0.13718,0.08708,0.84423,-12.262,-16.247,-35.483,True
PD_03,pd,22.05,0.08059,0.11256,0.83355,-18.312,-13.328,-34.245,True
PD_03,pd,22.06,0.04831,0.15999,0.8551,-21.155,-11.912,-30.156,True
PD_03,pd,22.07,-0.01772,0.22104,0.84364,-23.023,-6.958,-24.866,True
PD_03,pd,22.080000000000002,-0.07681,0.306,0.86812,-24.069,-1.719,-14.111,True
PD_03,pd,22.09,-0.05247,0.31305,0.90212,-21.711,4.401,-6.068,True
PD_03,pd,22.1,-0.07404,0.3708,0.90572,-17.754,7.449,4.184,True
PD_03,pd,22.11,-0.02067,0.40956,0.94563,-12.877,11.594,13.257,True
PD_03,pd,22.12,0.01171,0.44013,0.94585,-7.024,14.658,22.6,True
PD_03,pd,22.13,0.13584,0.4062,0.9595,0.09,17.66,30.423,True
PD_03,pd,22.14,0.23779,0.39687,0.98623,6.311,17.478,35.11,True
PD_03,pd,22.150000000000002,0.33462,0.35364,1.03737,14.325,15.896,36.381,True
PD_03,pd,22.16,0.40928,0.32203,0.99481,19.227,13.119,35.333,True
PD_03,pd,22.17,0.48315,0.26029,1.01201,21.136,9.64,30.474,True
PD_03,pd,22.18,0.47385,0.23032,0.99685,24.01,5.481,22.783,True
PD_03,pd,22.19,0.48534,0.15273,0.99865,24.424,0.392,12.79,True
PD_03,pd,22.2,0.41769,0.10683,0.96328,20.961,-4.537,3.615,True
PD_03,pd,22.21,0.36532,0.07004,0.9358,16.961,-9.541,-7.11,True
PD_03,pd,22.22,0.29597,0.05125,0.89097,11.946,-14.207,-18.063,True
PD_03,pd,22.23,0.26142,0.04111,0.89862,5.651,-16.809,-25.241,True
PD_03,pd,22.240000000000002,0.20211,0.02993,0.84035,-1.601,-17.227,-32.045,True
PD_03,pd,22.25,0.17038,0.0739,0.85416,-8.456,-17.346,-37.481,True
PD_03,pd,22.26,0.13238,0.09724,0.85136,-14.436,-17.13,-36.042,True
PD_03,pd,22.27,0.05184,0.13501,0.84,-20.115,-12.858,-33.417,True
PD_03,pd,22.28,0.01197,0.20905,0.84742,-22.568,-8.57,-28.627,True
PD_03,pd,22.29,-0.04911,0.25904,0.86077,-24.652,-2.678,-21.444,True
PD_03,pd,22.3,-0.09655,0.30263,0.86565,-24.718,0.976,-10.882,True
PD_03,pd,22.31,-0.11166,0.36281,0.91141,-19.028,5.378,-1.454,True
PD_03,pd,22.32,-0.07725,0.38839,0.91935,-16.392,9.631,8.358,True
PD_03,pd,22.330000000000002,-0.04848,0.38432,0.97774,-10.419,14.202,20.395,True
PD_03,pd,22.34,0.09201,0.43571,0.93177,-4.434,16.213,27.461,True
PD_03,pd,22.35,0.16595,0.41417,1.00823,4.488,17.17,34.821,True
PD_03,pd,22.36,0.30067,0.39587,1.04396,9.908,16.612,36.48,True
PD_03,pd,22.37,0.38593,0.30091,1.0415,16.571,14.463,37.183,True
PD_03,pd,22.38,0.43951,0.29991,1.03616,20.545,11.205,32.926,True
PD_03,pd,22.39,0.51414,0.23949,1.00245,23.767,9.727,25.684,True
PD_03,pd,22.400000000000002,0.47856,0.17859,1.01285,25.063,1.169,19.985,True
PD_03,pd,22.41,0.42359,0.1352,0.99604,22.291,-2.036,9.312,True
PD_03,pd,22.42,0.42064,0.0803,0.93639,20.426,-7.226,0.53,True
PD_03,pd,22.43,0.34985,0.03474,0.90652,15.641,-10.478,-12.977,True
PD_03,pd,22.44,0.31245,0.01197,0.88252,9.772,-16.642,-23.428,True
PD_03,pd,22.45,0.24879,0.04406,0.86148,1.596,-17.629,-30.377,True
PD_03,pd,22.46,0.20064,0.03382,0.85831,-4.552,-17.129,-36.203,True
PD_03,pd,22.47,0.18272,0.04215,0.85129,-11.975,-17.702,-38.443,True
PD_03,pd,22.48,0.06822,0.11109,0.8429,-18.503,-13.534,-38.103,True
PD_03,pd,22.490000000000002,0.03204,0.15961,0.85073,-21.765,-13.202,-32.398,True
PD_03,pd,22.5,-0.01685,0.22082,0.83369,-24.238,-6.6,-26.759,True
PD_03,pd,22.51,-0.07289,0.28167,0.86786,-25.85,-1.066,-17.466,True
PD_03,pd,22.52,-0.09158,0.29792,0.89316,-22.416,3.913,-6.258,True
PD_03,pd,22.53,-0.11078,0.39524,0.92767,-17.399,7.801,4.366,True
PD_03,pd,22.54,-0.0496,0.41939,0.93602,-13.721,13.299,15.968,True
PD_03,pd,22.55,0.03472,0.42559,0.9466,-8.673,15.344,24.453,True
PD_03,pd,22.56,0.1266,0.42753,0.94983,-0.231,16.39,32.154,True
PD_03,pd,22.57,0.24828,0.41624,1.00217,7.83,18.643,36.51,True
PD_03,pd,22.580000000000002,0.34839,0.39019,1.00875,13.816,16.254,38.095,True
PD_03,pd,22.59,0.42559,0.31263,1.02571,19.713,14.05,36.955,True
PD_03,pd,22.6,0.49448,0.23677,0.99608,23.617,9.456,30.823,True
PD_03,pd,22.61,0.48865,0.18764,1.00609,24.476,5.881,22.443,True
PD_03,pd,22.62,0.46424,0.135,0.98669,24.587,1.043,12.4,True
PD_03,pd,22.63,0.43913,0.09776,0.95693,20.647,-5.105,4.247,True
PD_03,pd,22.64,0.39409,0.06238,0.94528,16.725,-9.655,-7.844,True
PD_03,pd,22.650000000000002,0.31631,0.0387,0.90936,12.344,-12.86,-17.811,True
PD_03,pd,22.66,0.25087,0.05156,0.86469,5.565,-17.37,-26.982,True
PD_03,pd,22.67,0.21307,0.00186,0.87221,-1.441,-15.501,-33.196,True
PD_03,pd,22.68,0.15987,0.05572,0.85294,-8.363,-17.36,-36.623,True
PD_03,pd,22.69,0.14878,0.10636,0.8171,-14.7,-15.316,-38.401,True
PD_03,pd,22.7,0.05248,0.12043,0.85709,-19.725,-13.804,-34.199,True
PD_03,pd,22.71,-0.01083,0.21065,0.83479,-25.014,-8.534,-29.743,True
PD_03,pd,22.72,-0.02503,0.24577,0.85677,-24.778,-4.674,-21.748,True
PD_03,pd,22.73,-0.0787,0.30824,0.88212,-25.139,2.06,-10.369,True
PD_03,pd,22.740000000000002,-0.10322,0.34088,0.89304,-20.633,6.713,-0.039,True
PD_03,pd,22.75,-0.09111,0.41335,0.94072,-16.512,11.789,8.871,True
PD_03,pd,22.76,-0.02043,0.41565,0.937,-10.892,15.029,18.911,True
PD_03,pd,22.77,0.06196,0.40539,0.97829,-1.313,17.634,29.077,True
PD_03,pd,22.78,0.15838,0.401,0.99207,4.341,16.557,34.401,True
PD_03,pd,22.79,0.2933,0.38231,0.97955,10.132,16.276,36.713,True
PD_03,pd,22.8,0.37523,0.34019,1.03756,16.292,13.579,36.207,True
PD_03,pd,22.81,0.44832,0.27668,0.99654,20.548,12.087,33.071,True
PD_03,pd,22.82,0.49065,0.20406,1.00586,24.079,6.69,27.832,True
PD_03,pd,22.830000000000002,0.5178,0.19932,1.00162,25.792,3.409,20.365,True
PD_03,pd,22.84,0.4543,0.11985,0.98651,21.772,-2.468,8.838,True
PD_03,pd,22.85,0.40345,0.10249,0.98801,18.743,-8.57,-3.346,True
PD_03,pd,22.86,0.32356,0.00904,0.92024,14.725,-13.364,-12.699,True
PD_03,pd,22.87,0.31672,0.0162,0.9219,9.192,-14.085,-21.6,True
PD_03,pd,22.88,0.26051,0.04276,0.89209,1.799,-16.366,-30.549,True
PD_03,pd,22.89,0.20248,0.04508,0.83576,-5.249,-17.173,-35.46,True
PD_03,pd,22.900000000000002,0.13259,0.08712,0.83705,-12.06,-15.704,-36.504,True
PD_03,pd,22.91,0.09373,0.11784,0.82333,-18.621,-14.189,-33.534,True
PD_03,pd,22.92,0.0178,0.18597,0.83744,-21.939,-11.453,-30.654,True
PD_03,pd,22.93,0.00284,0.26027,0.83728,-23.127,-7.776,-24.984,True
PD_03,pd,22.94,-0.07931,0.2808,0.87504,-23.587,-3.237,-16.728,True
PD_03,pd,22.95,-0.06154,0.34444,0.87198,-22.091,3.722,-4.674,True
PD_03,pd,22.96,-0.07504,0.36156,0.90705,-19.704,7.075,4.422,True
PD_03,pd,22.97,-0.04518,0.38843,0.93734,-12.994,12.622,14.722,True
PD_03,pd,22.98,0.01832,0.40137,0.99506,-6.76,14.843,23.315,True
PD_03,pd,22.990000000000002,0.13905,0.43111,0.99837,-0.31,17.544,30.738,True
PD_03,pd,23.0,0.23856,0.40445,1.0091,7.821,16.63,34.087,True
PD_03,pd,23.01,0.3477,0.36638,1.02834,13.337,16.024,35.781,True
PD_03,pd,23.02,0.42738,0.31283,0.99765,18.289,12.747,34.684,True
PD_03,pd,23.03,0.44725,0.27071,0.98985,20.848,9.649,29.224,True
PD_03,pd,23.04,0.49298,0.20788,0.97878,23.44,4.509,23.014,True
PD_03,pd,23.05,0.44936,0.14639,0.97974,22.447,-0.702,11.773,True
PD_03,pd,23.06,0.40246,0.0906,0.96878,21.375,-4.231,2.233,True
PD_03,pd,23.07,0.37902,0.06158,0.90697,17.684,-8.37,-7.472,True
PD_03,pd,23.080000000000002,0.3129,0.05749,0.91145,11.141,-12.209,-16.685,True
PD_03,pd,23.09,0.26926,0.04972,0.91967,4.436,-17.155,-24.228,True
PD_03,pd,23.1,0.2372,0.01011,0.86215,-1.518,-17.606,-30.866,True
PD_03,pd,23.11,0.17778,0.09179,0.86288,-8.477,-16.839,-33.02,True
PD_03,pd,23.12,0.0934,0.07551,0.8362,-13.374,-14.254,-33.324,True
PD_03,pd,23.13,0.05345,0.15001,0.84627,-17.692,-13.764,-31.09,True
PD_03,pd,23.14,0.03561,0.22101,0.84406,-20.615,-9.164,-25.565,True
PD_03,pd,23.150000000000002,-0.02797,0.24815,0.86146,-22.652,-5.245,-19.191,True
PD_03,pd,23.16,-0.06192,0.30898,0.87671,-21.528,2.062,-11.079,True
PD_03,pd,23.17,-0.04006,0.33672,0.88384,-18.187,4.926,-0.348,True
PD_03,pd,23.18,-0.06934,0.37244,0.90469,-14.239,9.919,9.905,True
PD_03,pd,23.19,-0.00265,0.37969,0.95801,-9.06,12.105,17.744,True
PD_03,pd,23.2,0.07282,0.40926,0.97124,-1.964,14.913,26.899,True
PD_03,pd,23.21,0.18307,0.37357,0.98071,3.646,15.2,30.571,True
PD_03,pd,23.22,0.26548,0.36313,0.99981,10.099,14.7,33.388,True
PD_03,pd,23.23,0.34467,0.31331,1.01547,14.268,13.333,32.113,True
PD_03,pd,23.240000000000002,0.41471,0.27893,0.99477,18.057,12.336,29.971,True
PD_03,pd,23.25,0.48148,0.22105,0.97783,22.135,6.413,23.943,True
PD_03,pd,23.26,0.43759,0.18521,0.96408,20.646,0.86,15.789,True
PD_03,pd,23.27,0.43273,0.14299,0.96988,20.406,-2.173,7.774,True
PD_03,pd,23.28,0.37175,0.08953,0.96612,16.285,-6.918,-0.832,True
PD_03,pd,23.29,0.31715,0.11187,0.91537,12.355,-10.552,-11.306,True
PD_03,pd,23.3,0.25573,0.07294,0.93325,6.527,-12.579,-18.629,True
PD_03,pd,23.31,0.21162,0.08623,0.87227,1.393,-15.978,-25.557,True
PD_03,pd,23.32,0.20304,0.06004,0.87684,-4.898,-16.349,-30.65,True
PD_03,pd,23.330000000000002,0.15754,0.07519,0.86216,-10.116,-14.013,-33.145,True
PD_03,pd,23.34,0.0864,0.13222,0.83063,-14.893,-11.545,-30.02,True
PD_03,pd,23.35,0.04943,0.18661,0.8024,-19.266,-8.896,-26.738,True
PD_03,pd,23.36,-0.0039,0.21994,0.86354,-19.289,-5.747,-20.386,True
PD_03,pd,23.37,-0.03483,0.26854,0.87583,-20.68,-1.537,-12.862,True
PD_03,pd,23.38,-0.05556,0.31118,0.89854,-17.526,1.734,-4.351,True
PD_03,pd,23.39,-0.04661,0.34915,0.94113,-15.004,7.104,3.486,True
PD_03,pd,23.400000000000002,-0.01717,0.38492,0.93576,-9.891,10.159,11.935,True
PD_03,pd,23.41,0.05786,0.37621,0.95983,-3.773,12.68,19.671,True
PD_03,pd,23.42,0.16223,0.38101,0.99023,0.974,15.14,25.154,True
PD_03,pd,23.43,0.23388,0.36616,0.985,7.562,13.528,27.158,True
PD_03,pd,23.44,0.28699,0.35135,0.98645,10.625,13.399,29.219,True
PD_03,pd,23.45,0.38856,0.28032,0.96725,14.998,9.442,28.04,True
PD_03,pd,23.46,0.43833,0.23049,0.99687,18.812,7.245,23.034,True
PD_03,pd,23.47,0.43052,0.21902,1.00264,18.944,4.024,16.981,True
PD_03,pd,23.48,0.40393,0.16546,0.97401,19.678,-0.034,10.122,True
PD_03,pd,23.490000000000002,0.38183,0.12577,0.94607,16.208,-4.256,2.775,True
PD_03,pd,23.5,0.32584,0.08421,0.91884,12.838,-7.754,-7.46,True
PD_03,pd,23.51,0.28875,0.11309,0.92326,9.229,-9.745,-14.061,True
PD_03,pd,23.52,0.22027,0.08061,0.90218,2.94,-12.297,-19.642,True
PD_03,pd,23.53,0.21516,0.01639,0.89786,-1.528,-14.301,-25.719,True
PD_03,pd,23.54,0.18463,0.08532,0.85675,-7.551,-11.322,-27.017,True
PD_03,pd,23.55,0.11443,0.11803,0.84539,-11.159,-11.504,-27.278,True
PD_03,pd,23.56,0.11572,0.16789,0.90203,-14.716,-11.016,-24.751,True
PD_03,pd,23.57,0.0572,0.21844,0.84688,-17.125,-5.615,-21.819,True
PD_03,pd,23.580000000000002,0.02949,0.24183,0.8878,-17.287,-2.827,-13.931,True
PD_03,pd,23.59,-0.02986,0.28572,0.88089,-16.747,1.398,-7.987,True
PD_03,pd,23.6,-0.03557,0.3202,0.95365,-16.346,3.562,-1.44,True
PD_03,pd,23.61,0.03248,0.33224,0.92444,-11.89,7.726,5.68,True
PD_03,pd,23.62,0.02284,0.3515,0.94766,-6.43,9.532,15.342,True
PD_03,pd,23.63,0.09991,0.36186,0.97803,-0.379,11.332,19.958,True
PD_03,pd,23.64,0.19618,0.3419,1.00705,2.049,12.033,24.179,True
PD_03,pd,23.650000000000002,0.2525,0.33307,0.99227,8.171,11.415,25.287,True
PD_03,pd,23.66,0.29997,0.26686,0.96373,10.799,10.905,25.528,True
PD_03,pd,23.67,0.34458,0.27912,0.98805,14.062,7.758,23.792,True
PD_03,pd,23.68,0.37846,0.21815,0.97603,17.271,4.784,18.385,True
PD_03,pd,23.69,0.37014,0.20363,0.9539,16.127,1.288,13.049,True
PD_03,pd,23.7,0.38069,0.15729,0.95898,15.69,-2.348,5.999,True
PD_03,pd,23.71,0.31747,0.10121,0.9354,12.405,-5.423,-1.222,True
PD_03,pd,23.72,0.28597,0.10659,0.92994,10.294,-6.953,-9.892,True
PD_03,pd,23.73,0.20734,0.08215,0.89589,4.773,-9.781,-13.971,True
PD_03,pd,23.740000000000002,0.24821,0.09131,0.8948,2.542,-11.189,-19.492,True
PD_03,pd,23.75,0.16868,0.10067,0.8971,-4.15,-11.875,-22.087,True
PD_03,pd,23.76,0.15434,0.14785,0.8911,-7.191,-9.187,-25.657,True
PD_03,pd,23.77,0.10163,0.17478,0.85325,-11.003,-9.428,-24.19,True
PD_03,pd,23.78,0.08846,0.18111,0.90806,-12.721,-6.416,-20.343,True
PD_03,pd,23.79,0.06105,0.2452,0.9098,-16.402,-4.933,-15.299,True
PD_03,pd,23.8,0.02942,0.26259,0.89576,-15.595,-0.063,-8.72,True
PD_03,pd,23.81,-0.00513,0.31645,0.90847,-14.058,3.666,-4.768,True
PD_03,pd,23.82,0.01509,0.31825,0.92947,-10.808,5.668,3.058,True
PD_03,pd,23.830000000000002,0.02504,0.30955,0.94894,-7.203,7.181,9.035,True
PD_03,pd,23.84,0.09099,0.33857,0.93981,-6.024,8.661,13.015,True
PD_03,pd,23.85,0.13504,0.33739,0.97167,1.501,9.362,18.485,True
PD_03,pd,23.86,0.18081,0.34539,0.98412,3.418,9.103,22.777,True
PD_03,pd,23.87,0.26251,0.29424,1.00866,6.834,10.251,21.869,True
PD_03,pd,23.88,0.33215,0.27521,0.96356,12.235,7.506,21.015,True
PD_03,pd,23.89,0.37535,0.2277,1.00093,12.918,6.327,17.854,True
PD_03,pd,23.900000000000002,0.35253,0.19651,0.9766,13.83,3.891,13.649,True
PD_03,pd,23.91,0.32854,0.17635,0.94586,13.608,0.07,6.52,True
PD_03,pd,23.92,0.32286,0.14283,0.94329,12.105,-3.733,1.49,True
PD_03,pd,23.93,0.30012,0.10692,0.93598,9.253,-4.826,-4.457,True
PD_03,pd,23.94,0.23257,0.09572,0.94229,6.925,-7.231,-9.515,True
PD_03,pd,23.95,0.19386,0.13643,0.91705,3.593,-9.072,-14.99,True
PD_03,pd,23.96,0.20185,0.10026,0.90124,-0.771,-8.611,-17.649,True
PD_03,pd,23.97,0.19428,0.12264,0.86114,-4.503,-10.088,-19.879,True
PD_03,pd,23.98,0.1163,0.14936,0.90543,-7.239,-9.5,-20.427,True
PD_03,pd,23.990000000000002,0.12405,0.20112,0.90677,-10.595,-6.406,-17.422,True
PD_03,pd,24.0,0.11633,0.21086,0.87407,-13.555,-4.852,-15.934,True
PD_03,pd,24.01,0.03218,0.2383,0.91061,-14.193,-0.51,-11.139,True
PD_03,pd,24.02,0.0498,0.25644,0.92956,-10.513,0.853,-5.561,True
PD_03,pd,24.03,0.02412,0.28848,0.91446,-9.677,2.868,1.371,True
PD_03,pd,24.04,0.06463,0.30211,0.9159,-8.758,5.192,4.831,True
PD_03,pd,24.05,0.07201,0.27784,0.93635,-4.373,6.023,9.611,True
PD_03,pd,24.060000000000002,0.12488,0.32576,0.94964,-1.603,8.31,14.832,True
PD_03,pd,24.07,0.17278,0.30073,0.94194,1.287,9.596,16.54,True
PD_03,pd,24.080000000000002,0.20607,0.27448,0.96507,4.923,8.273,18.407,True
PD_03,pd,24.09,0.28555,0.2441,0.96944,8.224,7.426,18.486,True
PD_03,pd,24.1,0.3152,0.22859,0.96255,12.13,5.061,16.097,True
PD_03,pd,24.11,0.30224,0.24151,0.94597,11.995,3.517,12.588,True
PD_03,pd,24.12,0.28466,0.18356,0.94731,10.531,1.077,9.609,True
PD_03,pd,24.13,0.29398,0.18767,0.95856,10.733,-1.434,3.58,True
PD_03,pd,24.14,0.26585,0.12437,0.97078,9.26,-3.025,-1.123,True
PD_03,pd,24.150000000000002,0.2558,0.12037,0.95083,6.669,-5.125,-5.32,True
PD_03,pd,24.16,0.19328,0.13124,0.91976,3.372,-6.909,-9.762,True
PD_03,pd,24.17,0.21905,0.1656,0.91915,0.316,-9.488,-13.034,True
PD_03,pd,24.18,0.17389,0.11578,0.88862,-1.649,-6.355,-13.676,True
PD_03,pd,24.19,0.12457,0.15877,0.8714,-4.928,-6.123,-15.133,True
PD_03,pd,24.2,0.1405,0.13011,0.9269,-7.421,-5.354,-15.117,True
PD_03,pd,24.21,0.09936,0.20408,0.89741,-9.262,-3.456,-12.256,True
PD_03,pd,24.22,0.07024,0.20662,0.88198,-10.38,-1.903,-10.448,True
PD_03,pd,24.23,0.07974,0.26458,0.90741,-10.58,-0.584,-6.523,True
PD_03,pd,24.240000000000002,0.06026,0.25376,0.92133,-9.031,0.901,-1.609,True
PD_03,pd,24.25,0.07027,0.27757,0.94601,-7.717,2.325,1.298,True
PD_03,pd,24.26,0.07843,0.27078,0.91634,-4.183,5.349,5.431,True
PD_03,pd,24.27,0.1047,0.30716,0.95479,-1.924,5.065,8.789,True
PD_03,pd,24.28,0.12269,0.26876,0.95054,0.493,7.387,12.212,True
PD_03,pd,24.29,0.18593,0.28274,0.9675,2.814,6.295,12.364,True
PD_03,pd,24.3,0.2249,0.2502,0.95199,5.037,5.964,12.808,True
PD_03,pd,24.310000000000002,0.26576,0.22144,0.98757,6.826,3.929,13.071,True
PD_03,pd,24.32,0.26249,0.24052,0.96565,8.474,3.286,9.472,True
PD_03,pd,24.330000000000002,0.26589,0.20455,0.95002,7.427,0.545,7.532,True
PD_03,pd,24.34,0.25462,0.18447,0.96507,9.169,0.133,6.085,True
PD_03,pd,24.35,0.26267,0.17108,0.93585,6.82,-1.89,0.866,True
PD_03,pd,24.36,0.19364,0.15487,0.94929,7.382,-2.153,-1.977,True
PD_03,pd,24.37,0.21433,0.13055,0.9214,3.624,-3.776,-5.438,True
PD_03,pd,24.38,0.22066,0.1636,0.90551,1.576,-4.663,-9.219,True
PD_03,pd,24.39,0.14396,0.16617,0.92963,-0.867,-4.733,-8.453,True
PD_03,pd,24.400000000000002,0.13708,0.16459,0.92327,-2.379,-4.987,-11.727,True
PD_03,pd,24.41,0.1531,0.16139,0.91962,-5.307,-5.196,-11.115,True
PD_03,pd,24.42,0.12249,0.16514,0.93752,-5.337,-3.08,-10.455,True
PD_03,pd,24.43,0.1014,0.20055,0.91101,-7.562,-2.106,-9.681,True
PD_03,pd,24.44,0.07491,0.22924,0.94826,-6.19,-0.893,-6.7,True
PD_03,pd,24.45,0.10772,0.24622,0.91641,-7.497,0.264,-3.829,True
PD_03,pd,24.46,0.10618,0.23104,0.94895,-6.23,1.273,-1.011,True
PD_03,pd,24.47,0.0846,0.26456,0.94067,-4.581,3.916,2.609,True
PD_03,pd,24.48,0.09328,0.29365,0.96125,-2.324,3.579,4.554,True
PD_03,pd,24.490000000000002,0.1221,0.26647,0.9609,1.151,3.583,7.444,True
PD_03,pd,24.5,0.16555,0.26456,0.97059,1.108,3.982,8.716,True
PD_03,pd,24.51,0.18702,0.21934,0.94686,2.066,3.6,9.445,True
PD_03,pd,24.52,0.22017,0.22482,0.96173,5.076,3.588,8.571,True
PD_03,pd,24.53,0.23873,0.24835,0.96863,4.208,2.224,9.214,True
PD_03,pd,24.54,0.21565,0.20595,0.96485,5.853,3.561,6.255,True
PD_03,pd,24.55,0.23389,0.21009,0.95381,7.125,1.14,3.021,True
PD_03,pd,24.560000000000002,0.23067,0.16965,0.97897,4.604,0.806,2.592,True
PD_03,pd,24.57,0.21667,0.18252,0.94401,4.313,-1.8,-1.134,True
PD_03,pd,24.580000000000002,0.20701,0.16454,0.9223,3.893,-3.508,-2.025,True
PD_03,pd,24.59,0.17342,0.13269,0.96417,1.929,-4.382,-4.632,True
PD_03,pd,24.6,0.19045,0.20478,0.94331,1.122,-4.109,-5.594,True
PD_03,pd,24.61,0.15169,0.16843,0.91827,-1.002,-4.054,-7.864,True
PD_03,pd,24.62,0.15167,0.16782,0.93808,-3.976,-3.137,-7.279,True
PD_03,pd,24.63,0.15377,0.20981,0.93421,-3.476,-2.935,-7.535,True
PD_03,pd,24.64,0.14035,0.19486,0.95058,-5.237,-2.647,-6.883,True
PD_03,pd,24.650000000000002,0.1225,0.21591,0.92595,-3.748,-1.379,-6.392,True
PD_03,pd,24.66,0.09472,0.216,0.9198,-4.371,-0.528,-3.948,True
PD_03,pd,24.67,0.12853,0.24527,0.93696,-3.924,0.51,-1.206,True
PD_03,pd,24.68,0.11714,0.23697,0.92777,-3.776,2.267,0.886,True
PD_03,pd,24.69,0.08986,0.23614,0.9646,-2.434,2.583,4.052,True
PD_03,pd,24.7,0.15454,0.23566,0.96802,-0.344,2.417,4.196,True
PD_03,pd,24.71,0.16508,0.22414,0.97236,0.508,2.617,6.091,True
PD_03,pd,24.72,0.17929,0.24237,0.9769,0.636,3.051,5.72,True
PD_03,pd,24.73,0.16757,0.24192,0.95251,2.719,2.87,5.401,True
PD_03,pd,24.740000000000002,0.20412,0.19591,0.96402,3.756,2.869,5.741,True
PD_03,pd,24.75,0.18744,0.19171,0.95499,2.913,2.407,4.355,True
PD_03,pd,24.76,0.20357,0.2353,0.9423,3.547,-1.325,3.913,True
PD_03,pd,24.77,0.18987,0.20361,0.96201,3.143,-0.377,1.38,True
PD_03,pd,24.78,0.18928,0.16989,0.95868,3.105,-0.683,0.359,True
PD_03,pd,24.79,0.18259,0.17353,0.95255,4.158,-1.371,-0.728,True
PD_03,pd,24.8,0.17834,0.17326,0.92589,1.674,-1.061,-2.2,True
PD_03,pd,24.810000000000002,0.14955,0.15988,0.95152,-0.029,-2.018,-3.785,True
PD_03,pd,24.82,0.15688,0.21223,0.93347,1.079,-0.877,-4.361,True
PD_03,pd,24.830000000000002,0.14685,0.18558,0.9543,-1.319,-1.906,-3.036,True
PD_03,pd,24.84,0.10436,0.19604,0.96157,-1.36,-1.789,-5.368,True
PD_03,pd,24.85,0.12054,0.19759,0.94033,-3.178,0.044,-4.815,True
PD_03,pd,24.86,0.1311,0.20445,0.91977,-2.316,-1.01,-2.929,True
PD_03,pd,24.87,0.11685,0.19308,0.96536,-3.777,-0.789,-1.397,True
PD_03,pd,24.88,0.11598,0.21387,0.91692,-2.383,0.06,-0.7,True
PD_03,pd,24.89,0.12431,0.21241,0.9675,-3.198,1.308,-0.028,True
PD_03,pd,24.900000000000002,0.1234,0.21767,0.94003,-1.961,1.829,2.189,True
PD_03,pd,24.91,0.12621,0.228,0.94562,-1.274,1.39,2.243,True
PD_03,pd,24.92,0.15044,0.21282,0.9406,-0.238,1.135,2.875,True
PD_03,pd,24.93,0.13861,0.20763,0.93997,0.795,0.213,3.097,True
PD_03,pd,24.94,0.14315,0.20867,0.95998,1.574,1.878,3.569,True
PD_03,pd,24.95,0.18718,0.21815,0.93837,2.294,1.125,3.881,True
PD_03,pd,24.96,0.18051,0.19521,0.96448,0.836,0.206,2.229,True
PD_03,pd,24.97,0.17266,0.1997,0.97166,2.302,0.931,1.042,True
PD_03,pd,24.98,0.17565,0.18519,0.98176,3.121,0.795,0.526,True
PD_03,pd,24.990000000000002,0.18506,0.20875,0.96948,0.629,-0.982,-0.667,True
PD_03,pd,25.0,0.18553,0.17631,0.97087,1.546,-0.858,-0.423,True
PD_03,pd,25.01,0.14073,0.17326,0.94883,0.444,-1.926,-1.056,True
PD_03,pd,25.02,0.17009,0.1843,0.93363,-0.297,-1.304,-0.598,True
PD_03,pd,25.03,0.14103,0.17715,0.93902,-0.915,-0.505,-3.262,True
PD_03,pd,25.04,0.147,0.19169,0.96087,-0.561,-1.198,-1.725,True
PD_03,pd,25.05,0.16027,0.18364,0.94463,-0.953,-0.721,-1.51,True
PD_03,pd,25.060000000000002,0.13625,0.17618,0.95417,-1.767,-1.475,-0.719,True
PD_03,pd,25.07,0.1549,0.17959,0.93147,-1.797,-1.994,-2.3,True
PD_03,pd,25.080000000000002,0.13235,0.18317,0.9373,-1.339,0.127,-1.342,True
PD_03,pd,25.09,0.11986,0.22938,0.93252,-1.703,0.917,-0.195,True
PD_03,pd,25.1,0.16498,0.21103,0.98044,-2.421,-0.674,0.308,True
PD_03,pd,25.11,0.10825,0.21893,0.9572,-0.454,0.98,1.358,True
PD_03,pd,25.12,0.13302,0.21367,0.96028,0.869,0.647,0.435,True
PD_03,pd,25.13,0.1501,0.23382,0.97888,-0.128,0.525,0.969,True
PD_03,pd,25.14,0.15659,0.18983,0.95569,-1.009,-0.517,1.121,True
PD_03,pd,25.150000000000002,0.12351,0.20446,0.9556,-0.233,0.146,1.562,True
PD_03,pd,25.16,0.14984,0.23314,0.94842,0.667,0.175,1.431,True
PD_03,pd,25.17,0.15921,0.20001,0.97053,0.924,0.232,0.45,True
PD_03,pd,25.18,0.15679,0.20659,0.94249,1.988,0.003,0.508,True
PD_03,pd,25.19,0.14067,0.19788,0.99621,0.976,0.459,0.838,True
PD_03,pd,25.2,0.16702,0.19985,0.94844,0.562,-0.519,-1.027,True
PD_03,pd,25.21,0.14539,0.20287,0.95767,0.616,1.509,-0.373,True
PD_03,pd,25.22,0.14721,0.19935,0.95999,-0.191,-1.458,-0.892,True
PD_03,pd,25.23,0.14623,0.18611,0.95823,-1.261,-1.052,0.792,True
PD_03,pd,25.240000000000002,0.15895,0.19867,0.97312,-0.059,-0.741,0.239,True
PD_03,pd,25.25,0.12747,0.20748,0.94747,-0.622,0.708,-0.18,True
PD_03,pd,25.26,0.15801,0.18756,0.94643,0.226,0.032,0.388,True
PD_03,pd,25.27,0.16159,0.21504,0.97919,0.734,-0.133,-1.312,True
PD_03,pd,25.28,0.11841,0.19882,0.9476,0.562,0.22,-0.573,True
PD_03,pd,25.29,0.16144,0.20035,0.97135,-0.568,-0.715,0.453,True
PD_03,pd,25.3,0.12232,0.18161,0.96948,-0.877,-1.939,-0.845,True
PD_03,pd,25.310000000000002,0.14001,0.20478,0.95147,-0.431,-0.351,-0.729,True
PD_03,pd,25.32,0.13754,0.20915,0.95615,0.354,1.158,-0.103,True
PD_03,pd,25.330000000000002,0.13124,0.19026,0.95146,-0.325,-0.339,0.075,True
PD_03,pd,25.34,0.14105,0.19959,0.96413,-1.116,1.636,-0.19,True
PD_03,pd,25.35,0.14301,0.17671,0.96353,-0.119,-0.191,-0.336,True
PD_03,pd,25.36,0.15345,0.20323,0.96479,0.444,-0.201,0.103,True
PD_03,pd,25.37,0.13628,0.1752,0.96899,-0.68,1.105,0.526,True
PD_03,pd,25.38,0.15375,0.18816,0.9704,0.807,0.823,-0.688,True
PD_03,pd,25.39,0.13419,0.22781,0.99047,0.457,-0.043,1.0,True
PD_03,pd,25.400000000000002,0.12693,0.18301,0.94614,-0.523,-0.278,1.246,True
PD_03,pd,25.41,0.15145,0.20078,0.94169,1.07,-0.289,-0.497,True
PD_03,pd,25.42,0.13098,0.2123,0.95199,-0.211,0.259,-0.54,True
PD_03,pd,25.43,0.15742,0.18462,0.97823,-0.21,-1.277,0.521,True
PD_03,pd,25.44,0.17778,0.2166,0.90998,0.74,-0.968,1.032,True
PD_03,pd,25.45,0.10265,0.19192,0.95808,-0.156,-0.231,-0.611,True
PD_03,pd,25.46,0.15146,0.17623,0.95562,-0.399,-1.177,0.891,True
PD_03,pd,25.47,0.14436,0.21066,0.95506,0.464,-0.778,-0.477,True
PD_03,pd,25.48,0.13463,0.2024,0.96762,-1.598,0.039,-0.717,True
PD_03,pd,25.490000000000002,0.14744,0.20094,0.94679,-0.549,0.029,0.267,True
PD_03,pd,25.5,0.15151,0.20343,0.91932,0.011,0.217,1.503,True
PD_03,pd,25.51,0.11991,0.18322,0.96856,0.671,0.145,-0.001,True
PD_03,pd,25.52,0.15338,0.19702,0.94578,0.227,-0.101,0.924,True
PD_03,pd,25.53,0.13529,0.18128,0.96223,0.127,-0.092,-0.476,True
PD_03,pd,25.54,0.16861,0.181,0.9518,-0.416,0.529,0.884,True
PD_03,pd,25.55,0.13131,0.18432,0.96524,-0.336,0.073,0.405,True
PD_03,pd,25.560000000000002,0.13515,0.18707,0.9825,-1.291,-0.758,0.421,True
PD_03,pd,25.57,0.11266,0.19516,0.9539,-0.896,0.034,-0.016,True
PD_03,pd,25.580000000000002,0.10984,0.22649,0.96663,0.506,0.507,1.532,True
PD_03,pd,25.59,0.14705,0.16851,0.94486,-1.534,-0.288,0.094,True
PD_03,pd,25.6,0.14434,0.1924,0.95547,-0.235,1.52,0.367,True
PD_03,pd,25.61,0.11858,0.1929,0.94637,-0.352,-0.766,-0.476,True
PD_03,pd,25.62,0.12735,0.20112,0.94158,0.472,0.164,1.159,True
PD_03,pd,25.63,0.11295,0.18343,0.99485,-0.119,-0.011,-0.141,True
PD_03,pd,25.64,0.14793,0.2121,0.9733,-1.582,-1.578,-0.555,True
PD_03,pd,25.650000000000002,0.11408,0.19771,0.96329,-1.443,1.435,0.004,True
PD_03,pd,25.66,0.13589,0.19267,0.97179,-0.124,-1.104,0.046,True
PD_03,pd,25.67,0.14464,0.20471,0.98952,1.53,-0.399,-2.722,True
PD_03,pd,25.68,0.11633,0.19334,0.92443,0.366,-1.411,-1.202,True
PD_03,pd,25.69,0.12767,0.16844,0.94189,-0.607,-1.383,-0.013,True
PD_03,pd,25.7,0.13626,0.18243,0.95298,-1.16,0.667,-0.972,True
PD_03,pd,25.71,0.11986,0.20722,0.9797,1.817,-0.539,-0.42,True
PD_03,pd,25.72,0.11869,0.21734,0.96344,-1.236,-0.208,-0.92,True
PD_03,pd,25.73,0.1057,0.17299,0.9663,-1.14,-0.203,-0.768,True
PD_03,pd,25.740000000000002,0.11365,0.16714,0.98693,0.177,-0.186,0.595,True
PD_03,pd,25.75,0.12019,0.18325,0.96397,-0.662,-0.572,0.366,True
PD_03,pd,25.76,0.10429,0.16544,0.98147,0.206,0.593,-0.54,True
PD_03,pd,25.77,0.13806,0.17387,0.93356,-0.494,0.281,-0.067,True
PD_03,pd,25.78,0.13249,0.19815,0.94028,0.179,0.559,-0.083,True
PD_03,pd,25.79,0.11487,0.19225,0.94586,-0.583,0.398,0.746,True
PD_03,pd,25.8,0.1253,0.19919,0.96056,-0.311,1.245,-0.169,True
PD_03,pd,25.810000000000002,0.11614,0.19823,0.96354,1.256,0.674,0.329,True
PD_03,pd,25.82,0.11189,0.17274,0.98176,0.286,0.713,0.753,True
PD_03,pd,25.830000000000002,0.14683,0.19321,0.98892,0.064,0.416,0.774,True
PD_03,pd,25.84,0.15061,0.16161,0.9678,0.801,-0.106,0.857,True
PD_03,pd,25.85,0.15179,0.16337,0.96821,0.862,-0.504,1.236,True
PD_03,pd,25.86,0.1387,0.13336,0.94338,0.33,-0.239,0.034,True
PD_03,pd,25.87,0.13785,0.1735,0.98288,1.935,-1.725,-0.044,True
PD_03,pd,25.88,0.12461,0.19135,0.93305,-0.271,-0.809,0.05,True
PD_03,pd,25.89,0.12923,0.13835,0.94972,-0.486,-1.244,-2.255,True
PD_03,pd,25.900000000000002,0.10292,0.194,0.98169,-0.149,-1.278,-2.013,True
PD_03,pd,25.91,0.141,0.17811,0.95947,0.417,-1.535,-1.323,True
PD_03,pd,25.92,0.11668,0.19051,0.94659,-1.17,0.271,-1.664,True
PD_03,pd,25.93,0.09495,0.18966,0.9625,-1.541,-1.237,-1.32,True
PD_03,pd,25.94,0.11599,0.20143,0.94235,-1.834,0.226,-1.878,True
PD_03,pd,25.95,0.11741,0.20111,0.96344,-0.693,0.331,-1.39,True
PD_03,pd,25.96,0.10592,0.18834,0.95055,-1.087,-0.006,0.688,True
PD_03,pd,25.97,0.08683,0.20342,0.97685,-0.248,2.275,0.611,True
PD_03,pd,25.98,0.11734,0.19249,0.9779,-1.348,0.357,1.456,True
PD_03,pd,25.990000000000002,0.08764,0.2101,0.96671,-0.508,0.599,0.495,True
PD_03,pd,26.0,0.10721,0.17765,0.98153,-0.444,2.187,1.654,True
PD_03,pd,26.01,0.09995,0.20176,0.94889,-0.574,1.926,1.611,True
PD_03,pd,26.02,0.13465,0.21574,0.99024,-0.395,-0.42,2.415,True
PD_03,pd,26.03,0.12175,0.18295,0.98303,1.363,0.189,3.085,True
PD_03,pd,26.04,0.1407,0.18507,0.94904,1.088,-0.462,3.346,True
PD_03,pd,26.05,0.1839,0.19721,0.96954,2.655,0.645,1.095,True
PD_03,pd,26.060000000000002,0.13125,0.15682,0.95796,1.954,0.338,1.314,True
PD_03,pd,26.07,0.1322,0.17755,0.97601,1.42,0.301,0.799,True
PD_03,pd,26.080000000000002,0.13917,0.15559,0.96298,1.423,-1.677,-0.75,True
PD_03,pd,26.09,0.12185,0.17476,0.9687,0.808,-1.664,-1.859,True
PD_03,pd,26.1,0.14407,0.16226,0.98193,-0.234,-2.41,-2.371,True
PD_03,pd,26.11,0.1073,0.18098,0.95908,0.627,-1.3,-4.145,True
PD_03,pd,26.12,0.14309,0.14157,0.96778,-1.584,-2.62,-3.442,True
PD_03,pd,26.13,0.13299,0.14885,0.95372,-1.441,-1.989,-3.641,True
PD_03,pd,26.14,0.11656,0.18824,0.94794,-3.321,-1.256,-4.264,True
PD_03,pd,26.150000000000002,0.09459,0.15999,0.96335,-1.701,-0.941,-2.799,True
PD_03,pd,26.16,0.09265,0.20615,0.98516,-1.927,-1.019,-3.134,True
PD_03,pd,26.17,0.06792,0.17707,0.95587,-2.231,0.625,-1.176,True
PD_03,pd,26.18,0.10021,0.19419,0.95632,-2.657,-0.493,-0.873,True
PD_03,pd,26.19,0.10049,0.21779,0.96888,-1.95,0.896,1.137,True
PD_03,pd,26.2,0.09556,0.22394,0.97165,-1.384,1.747,2.951,True
PD_03,pd,26.21,0.10977,0.18585,0.98731,-0.552,1.599,3.945,True
PD_03,pd,26.22,0.10901,0.22817,0.95458,0.575,2.851,4.398,True
PD_03,pd,26.23,0.1194,0.2107,0.98522,1.583,3.098,5.218,True
PD_03,pd,26.240000000000002,0.16018,0.19495,0.99953,2.707,2.306,5.403,True
PD_03,pd,26.25,0.15041,0.20052,0.96288,3.166,0.48,5.217,True
PD_03,pd,26.26,0.13672,0.16352,0.96531,3.249,1.605,3.983,True
PD_03,pd,26.27,0.16684,0.18407,0.98269,4.717,-0.737,3.141,True
PD_03,pd,26.28,0.1506,0.18112,0.98186,3.536,-0.249,1.114,True
PD_03,pd,26.29,0.17055,0.15406,0.96224,3.457,-0.105,-0.413,True
PD_03,pd,26.3,0.12073,0.18155,0.96589,2.031,-1.757,-1.651,True
PD_03,pd,26.310000000000002,0.13103,0.16016,0.95907,3.22,-2.559,-5.034,True
PD_03,pd,26.32,0.09885,0.14264,0.94588,0.413,-2.646,-4.493,True
PD_03,pd,26.330000000000002,0.12286,0.12012,0.94051,-0.811,-3.88,-6.97,True
PD_03,pd,26.34,0.10393,0.14713,0.94624,-3.225,-3.971,-7.435,True
PD_03,pd,26.35,0.08949,0.16401,0.9838,-3.857,-3.608,-8.53,True
PD_03,pd,26.36,0.11075,0.18499,0.9555,-2.532,-2.211,-6.876,True
PD_03,pd,26.37,0.09564,0.19634,0.93304,-5.121,-1.483,-5.16,True
PD_03,pd,26.38,0.04862,0.19771,0.9411,-4.187,-1.794,-2.352,True
PD_03,pd,26.39,0.04089,0.21502,0.99179,-3.777,0.307,-2.409,True
PD_03,pd,26.400000000000002,0.01617,0.21722,0.94943,-3.844,1.952,-0.026,True
PD_03,pd,26.41,0.08612,0.23606,0.98133,-4.347,2.366,2.655,True
PD_03,pd,26.42,0.07885,0.2207,0.9661,-1.136,3.536,6.178,True
PD_03,pd,26.43,0.08194,0.22431,0.97995,-0.041,3.192,6.304,True
PD_03,pd,26.44,0.12075,0.23082,0.99421,2.424,4.613,6.955,True
PD_03,pd,26.45,0.13791,0.22967,0.96741,4.731,5.847,8.23,True
PD_03,pd,26.46,0.18147,0.18907,1.00221,5.806,3.457,7.166,True
PD_03,pd,26.47,0.16443,0.19513,1.00045,6.127,3.02,6.056,True
PD_03,pd,26.48,0.21724,0.17912,0.9822,6.421,0.696,4.782,True
PD_03,pd,26.490000000000002,0.1748,0.14104,0.97202,7.412,0.249,3.726,True
PD_03,pd,26.5,0.16416,0.15214,0.98507,4.829,-0.583,-0.878,True
PD_03,pd,26.51,0.16835,0.14498,0.98004,3.402,-2.523,-2.337,True
PD_03,pd,26.52,0.14173,0.14663,0.96264,2.507,-5.24,-5.229,True
PD_03,pd,26.53,0.13581,0.12764,0.93508,1.632,-3.233,-7.603,True
PD_03,pd,26.54,0.09965,0.09953,0.95031,-1.689,-6.889,-8.934,True
PD_03,pd,26.55,0.10423,0.14475,0.9289,-2.933,-5.913,-9.723,True
PD_03,pd,26.560000000000002,0.10914,0.14266,0.97379,-5.504,-4.147,-12.067,True
PD_03,pd,26.57,0.08252,0.13885,0.92921,-7.373,-3.731,-9.539,True
PD_03,pd,26.580000000000002,0.05223,0.18273,0.96635,-6.696,-1.683,-8.351,True
PD_03,pd,26.59,0.00987,0.20292,0.94545,-6.177,-1.961,-4.755,True
PD_03,pd,26.6,0.03351,0.20075,0.95442,-6.704,2.075,-1.776,True
PD_03,pd,26.61,0.02067,0.20788,0.96451,-8.086,0.462,0.396,True
PD_03,pd,26.62,0.0191,0.25019,0.9453,-5.005,5.502,4.528,True
PD_03,pd,26.63,0.04566,0.22616,0.97974,-4.807,3.028,7.054,True
PD_03,pd,26.64,0.08435,0.24129,0.97704,-0.787,7.296,8.763,True
PD_03,pd,26.650000000000002,0.09636,0.24073,0.99494,0.514,5.576,11.803,True
PD_03,pd,26.66,0.13878,0.21881,1.00187,3.169,7.292,13.388,True
PD_03,pd,26.67,0.17253,0.20816,1.01911,5.274,5.681,11.313,True
PD_03,pd,26.68,0.19828,0.19844,1.01436,6.576,3.47,11.266,True
PD_03,pd,26.69,0.17444,0.18941,0.9751,8.016,3.396,9.096,True
PD_03,pd,26.7,0.20265,0.16044,0.99074,8.417,0.937,6.008,True
PD_03,pd,26.71,0.20541,0.12683,0.98351,9.354,-1.336,1.083,True
PD_03,pd,26.72,0.20017,0.13173,0.98483,7.35,-2.425,-1.202,True
PD_03,pd,26.73,0.15764,0.11699,0.97361,7.269,-4.414,-4.486,True
PD_03,pd,26.740000000000002,0.15653,0.11642,0.94783,4.419,-6.615,-7.659,True
PD_03,pd,26.75,0.12329,0.1048,0.93588,0.253,-4.286,-11.993,True
PD_03,pd,26.76,0.08387,0.10406,0.97882,-2.653,-6.436,-13.873,True
PD_03,pd,26.77,0.07389,0.12853,0.94252,-5.061,-8.335,-15.439,True
PD_03,pd,26.78,0.07566,0.12609,0.92882,-7.172,-4.844,-14.052,True
PD_03,pd,26.79,0.02728,0.14276,0.94977,-8.784,-4.226,-12.043,True
PD_03,pd,26.8,0.00495,0.16765,0.95325,-10.168,-2.671,-11.06,True
PD_03,pd,26.810000000000002,0.01087,0.20504,0.9365,-10.287,0.012,-5.816,True
PD_03,pd,26.82,-0.00287,0.22823,0.94898,-9.14,2.228,-1.807,True
PD_03,pd,26.830000000000002,-0.01761,0.24832,0.96146,-7.999,4.541,3.111,True
PD_03,pd,26.84,-0.00451,0.25084,1.01133,-4.737,7.169,7.03,True
PD_03,pd,26.85,0.02385,0.27506,0.97439,-2.333,5.916,10.235,True
PD_03,pd,26.86,0.0686,0.26195,0.98016,2.094,6.583,14.108,True
PD_03,pd,26.87,0.12902,0.25312,1.02668,3.624,8.346,15.916,True
PD_03,pd,26.88,0.17889,0.22678,1.00909,6.901,6.968,17.778,True
PD_03,pd,26.89,0.19594,0.21555,1.00758,8.472,7.459,17.663,True
PD_03,pd,26.900000000000002,0.2553,0.18263,1.01532,11.596,3.959,13.873,True
PD_03,pd,26.91,0.23424,0.14916,0.99557,11.761,2.1,10.106,True
PD_03,pd,26.92,0.24148,0.13385,1.00878,10.793,0.713,8.494,True
PD_03,pd,26.93,0.19825,0.10095,0.99412,9.973,-2.497,1.03,True
PD_03,pd,26.94,0.1857,0.09524,0.97006,9.041,-4.745,-3.402,True
PD_03,pd,26.95,0.18786,0.09404,0.96019,6.205,-7.374,-9.346,True
PD_03,pd,26.96,0.11671,0.0642,0.94367,0.697,-7.946,-12.915,True
PD_03,pd,26.97,0.12186,0.07275,0.92027,-2.047,-8.443,-18.023,True
PD_03,pd,26.98,0.06131,0.07129,0.91852,-7.255,-8.568,-19.482,True
PD_03,pd,26.990000000000002,0.04856,0.12452,0.92306,-9.656,-8.252,-17.905,True
PD_03,pd,27.0,-0.00475,0.12369,0.92353,-11.071,-6.14,-18.666,True
PD_03,pd,27.01,0.00795,0.17298,0.93882,-13.751,-4.982,-15.326,True
PD_03,pd,27.02,-0.05489,0.20205,0.97839,-11.649,-3.008,-10.868,True
PD_03,pd,27.03,-0.05979,0.21691,0.95625,-12.484,1.274,-5.201,True
PD_03,pd,27.04,-0.06738,0.26031,0.97011,-10.433,3.105,0.389,True
PD_03,pd,27.05,-0.02317,0.25739,0.98934,-7.982,6.573,6.45,True
PD_03,pd,27.060000000000002,-0.02946,0.28089,0.99763,-4.711,6.645,10.575,True
PD_03,pd,27.07,0.04327,0.30272,1.00954,-1.955,8.316,15.119,True
PD_03,pd,27.080000000000002,0.12491,0.31575,1.04087,2.128,9.684,19.972,True
PD_03,pd,27.09,0.17779,0.26384,1.00229,7.36,8.908,20.715,True
PD_03,pd,27.1,0.22186,0.22713,1.03737,10.687,9.858,20.236,True
PD_03,pd,27.11,0.25752,0.20198,1.03604,12.414,7.142,17.952,True
PD_03,pd,27.12,0.29472,0.17066,1.00282,13.533,4.881,14.338,True
PD_03,pd,27.13,0.23937,0.13435,1.00748,13.978,0.478,10.115,True
PD_03,pd,27.14,0.24284,0.10503,1.00331,14.3,-1.805,4.65,True
PD_03,pd,27.150000000000002,0.20791,0.07856,1.00148,12.584,-4.374,-1.848,True
PD_03,pd,27.16,0.16194,0.07359,0.92564,9.127,-7.152,-7.933,True
PD_03,pd,27.17,0.1524,0.08452,0.93831,4.747,-10.329,-14.98,True
PD_03,pd,27.18,0.14663,0.04099,0.9478,-0.189,-9.989,-18.782,True
PD_03,pd,27.19,0.11026,0.06596,0.9284,-5.605,-11.643,-21.695,True
PD_03,pd,27.2,0.0645,0.09928,0.9262,-8.043,-10.107,-21.843,True
PD_03,pd,27.21,0.0189,0.09883,0.91756,-10.909,-7.926,-22.171,True
PD_03,pd,27.22,-0.00341,0.13775,0.90162,-14.631,-7.931,-20.547,True
PD_03,pd,27.23,-0.03361,0.20283,0.93548,-16.186,-2.854,-15.397,True
PD_03,pd,27.240000000000002,-0.07309,0.22019,0.94005,-15.692,-1.829,-9.115,True
PD_03,pd,27.25,-0.09939,0.24237,0.95861,-13.72,1.293,-2.231,True
PD_03,pd,27.26,-0.08773,0.28301,0.98681,-12.006,5.538,5.479,True
PD_03,pd,27.27,-0.03396,0.29308,0.99549,-7.941,9.563,11.7,True
PD_03,pd,27.28,-0.00865,0.32549,0.99484,-5.105,10.441,17.642,True
PD_03,pd,27.29,0.06975,0.32785,1.03336,0.666,11.039,23.092,True
PD_03,pd,27.3,0.11073,0.28823,1.03436,6.121,12.079,25.833,True
PD_03,pd,27.310000000000002,0.21893,0.26884,1.03487,10.121,9.69,24.111,True
PD_03,pd,27.32,0.27661,0.25247,1.04308,14.657,8.531,23.398,True
PD_03,pd,27.330000000000002,0.26779,0.19373,1.03108,16.295,6.246,20.948,True
PD_03,pd,27.34,0.28327,0.12817,1.02794,16.191,3.913,14.865,True
PD_03,pd,27.35,0.28165,0.08242,1.011,14.56,-1.578,9.283,True
PD_03,pd,27.36,0.26221,0.07813,0.98611,15.232,-3.09,2.184,True
PD_03,pd,27.37,0.1919,0.04091,0.99892,11.474,-5.386,-7.188,True
PD_03,pd,27.38,0.1997,0.03979,0.95882,8.723,-11.552,-13.458,True
PD_03,pd,27.39,0.13183,0.02598,0.95198,3.14,-11.289,-21.27,True
PD_03,pd,27.400000000000002,0.09179,0.02086,0.92421,-2.517,-11.655,-24.829,True
PD_03,pd,27.41,0.09688,0.04932,0.89386,-7.702,-13.138,-26.763,True
PD_03,pd,27.42,0.00817,0.08835,0.88458,-11.749,-11.67,-26.752,True
PD_03,pd,27.43,-0.00976,0.11722,0.91552,-16.015,-9.281,-23.995,True
PD_03,pd,27.44,-0.06126,0.15887,0.90069,-18.63,-6.558,-21.166,True
PD_03,pd,27.45,-0.0962,0.22512,0.93344,-18.656,-1.346,-14.215,True
PD_03,pd,27.46,-0.12527,0.25272,0.94719,-18.249,1.448,-6.556,True
PD_03,pd,27.47,-0.13078,0.28215,0.95929,-14.973,6.901,1.959,True
PD_03,pd,27.48,-0.10274,0.33594,0.95644,-11.684,8.271,9.778,True
PD_03,pd,27.490000000000002,-0.05457,0.31036,1.00662,-8.674,10.975,16.339,True
PD_03,pd,27.5,0.00311,0.33184,1.0148,-1.401,12.817,23.466,True
PD_03,pd,27.51,0.10724,0.31906,1.01724,4.474,13.803,26.986,True
PD_03,pd,27.52,0.18174,0.29227,1.0551,9.317,14.354,28.88,True
PD_03,pd,27.53,0.26062,0.2338,1.04432,14.831,11.709,26.262,True
PD_03,pd,27.54,0.30994,0.23645,1.02975,18.542,8.319,25.538,True
PD_03,pd,27.55,0.33864,0.1834,1.03824,20.118,5.294,20.353,True
PD_03,pd,27.560000000000002,0.34475,0.13547,1.03124,19.065,1.972,14.174,True
PD_03,pd,27.57,0.30828,0.07461,0.98716,19.289,-1.453,5.187,True
PD_03,pd,27.580000000000002,0.26824,0.06058,1.0063,16.357,-5.832,-4.439,True
PD_03,pd,27.59,0.20214,0.00422,0.97358,10.642,-9.739,-11.584,True
PD_03,pd,27.6,0.19966,0.01714,0.95648,7.385,-12.429,-19.97,True
PD_03,pd,27.61,0.09672,-0.00673,0.94191,0.086,-13.856,-26.205,True
PD_03,pd,27.62,0.07359,0.03468,0.92464,-6.01,-14.317,-29.979,True
PD_03,pd,27.63,0.05581,0.06315,0.89221,-12.286,-12.77,-31.626,True
PD_03,pd,27.64,-0.0076,0.11526,0.91156,-15.371,-11.699,-30.339,True
PD_03,pd,27.650000000000002,-0.04327,0.1441,0.91229,-17.762,-9.608,-25.505,True
PD_03,pd,27.66,-0.11807,0.17423,0.89281,-20.961,-4.81,-19.051,True
PD_03,pd,27.67,-0.12796,0.25906,0.90752,-19.168,-0.811,-12.645,True
PD_03,pd,27.68,-0.15034,0.26943,0.9393,-19.969,2.019,-4.922,True
PD_03,pd,27.69,-0.13918,0.3202,0.95257,-14.937,7.314,6.582,True
PD_03,pd,27.7,-0.11475,0.32422,0.96998,-11.116,12.24,15.189,True
PD_03,pd,27.71,-0.02965,0.34299,0.99159,-3.766,13.764,21.212,True
PD_03,pd,27.72,0.04485,0.34946,1.04206,0.782,15.137,28.629,True
PD_03,pd,27.73,0.14946,0.31582,1.01005,7.347,14.215,31.654,True
PD_03,pd,27.740000000000002,0.24222,0.29488,1.07682,12.802,13.92,33.827,True
PD_03,pd,27.75,0.30331,0.2452,1.06061,18.386,11.313,30.546,True
PD_03,pd,27.76,0.35225,0.21085,1.05109,20.057,7.396,26.706,True
PD_03,pd,27.77,0.35312,0.15221,1.04656,22.314,4.487,20.132,True
PD_03,pd,27.78,0.3551,0.06247,1.0185,20.704,-1.03,12.228,True
PD_03,pd,27.79,0.31945,0.04826,0.98514,18.547,-4.735,1.659,True
PD_03,pd,27.8,0.2574,0.01208,0.9775,15.278,-9.616,-9.133,True
PD_03,pd,27.810000000000002,0.19079,-0.01017,0.93969,9.598,-12.441,-16.827,True
PD_03,pd,27.82,0.15751,-0.03101,0.93197,2.426,-15.171,-25.581,True
PD_03,pd,27.830000000000002,0.12037,-0.00672,0.88757,-2.757,-16.12,-31.28,True
PD_03,pd,27.84,0.07715,0.03373,0.90479,-9.666,-14.995,-34.499,True
PD_03,pd,27.85,0.01599,0.06086,0.87565,-15.527,-13.922,-33.053,True
PD_03,pd,27.86,-0.01506,0.09917,0.89078,-19.718,-10.217,-30.372,True
PD_03,pd,27.87,-0.07525,0.13881,0.90605,-22.299,-5.167,-26.033,True
PD_03,pd,27.88,-0.13331,0.21752,0.91625,-20.692,-2.53,-18.038,True
PD_03,pd,27.89,-0.13802,0.25315,0.95317,-21.995,1.394,-9.301,True
PD_03,pd,27.900000000000002,-0.16572,0.30573,0.95408,-19.402,5.975,2.562,True
PD_03,pd,27.91,-0.15437,0.34225,0.98643,-15.009,11.557,10.434,True
PD_03,pd,27.92,-0.09554,0.38206,0.98803,-8.857,12.676,19.47,True
PD_03,pd,27.93,0.00947,0.33344,1.00845,-1.219,16.867,27.957,True
PD_03,pd,27.94,0.09613,0.35295,1.05183,5.232,16.851,32.168,True
PD_03,pd,27.95,0.21541,0.3239,1.04982,10.987,15.822,36.161,True
PD_03,pd,27.96,0.26593,0.27481,1.04009,15.568,13.598,35.306,True
PD_03,pd,27.97,0.38556,0.22892,1.07114,20.594,10.87,31.817,True
PD_03,pd,27.98,0.39281,0.1842,1.04786,23.772,6.523,23.11,True
PD_03,pd,27.990000000000002,0.36206,0.1253,1.04075,23.477,2.514,16.562,True
PD_03,pd,28.0,0.36405,0.08614,0.9928,22.653,-2.75,6.943,True
PD_03,pd,28.01,0.29455,0.01851,1.01404,18.586,-8.601,-3.389,True
PD_03,pd,28.02,0.21585,0.0223,0.96865,13.675,-12.632,-14.08,True
PD_03,pd,28.03,0.18274,-0.02072,0.94172,7.187,-14.73,-23.248,True
PD_03,pd,28.04,0.11031,0.00195,0.92156,-1.142,-16.23,-30.547,True
PD_03,pd,28.05,0.09541,-0.00386,0.9043,-7.233,-17.705,-33.785,True
PD_03,pd,28.060000000000002,0.0411,0.04339,0.8952,-11.675,-16.04,-37.101,True
PD_03,pd,28.07,0.0051,0.10536,0.8823,-18.18,-13.302,-34.882,True
PD_03,pd,28.080000000000002,-0.07006,0.13046,0.89389,-22.435,-9.192,-29.99,True
PD_03,pd,28.09,-0.11671,0.18939,0.90386,-23.805,-5.221,-23.761,True
PD_03,pd,28.1,-0.16817,0.2443,0.9023,-24.082,-0.622,-13.873,True
PD_03,pd,28.11,-0.16499,0.28455,0.94103,-22.166,3.718,-3.465,True
PD_03,pd,28.12,-0.19108,0.34161,0.95366,-16.483,7.448,6.404,True
PD_03,pd,28.13,-0.11407,0.36454,0.99168,-10.923,12.158,16.738,True
PD_03,pd,28.14,-0.05062,0.34839,0.99155,-5.546,15.29,25.424,True
PD_03,pd,28.150000000000002,0.06973,0.3625,1.02721,2.348,17.235,32.086,True
PD_03,pd,28.16,0.19446,0.3592,1.03014,8.698,17.112,36.874,True
PD_03,pd,28.17,0.27873,0.29076,1.06058,14.84,15.612,37.521,True
PD_03,pd,28.18,0.3181,0.25634,1.06611,18.633,12.986,34.449,True
PD_03,pd,28.19,0.38296,0.20078,1.04861,22.78,9.097,28.817,True
PD_03,pd,28.2,0.38909,0.1442,1.01892,24.096,4.518,20.596,True
PD_03,pd,28.21,0.38514,0.11893,1.01677,22.54,-1.326,12.028,True
PD_03,pd,28.22,0.31843,0.0386,1.01656,20.873,-5.451,1.195,True
PD_03,pd,28.23,0.26713,-0.00896,0.9734,16.152,-9.504,-9.335,True
PD_03,pd,28.240000000000002,0.19381,-0.01221,0.94976,11.022,-14.201,-19.879,True
PD_03,pd,28.25,0.16356,-0.02538,0.95946,5.144,-16.539,-30.099,True
PD_03,pd,28.26,0.11969,0.00354,0.91745,-3.907,-18.25,-34.673,True
PD_03,pd,28.27,0.06709,0.01869,0.91692,-11.464,-18.023,-35.191,True
PD_03,pd,28.28,0.00474,0.04586,0.89025,-16.799,-12.949,-37.093,True
PD_03,pd,28.29,-0.05126,0.10972,0.87543,-21.177,-11.936,-32.833,True
PD_03,pd,28.3,-0.11875,0.1805,0.88193,-25.903,-8.045,-29.207,True
PD_03,pd,28.310000000000002,-0.13768,0.21111,0.93834,-25.414,-4.529,-19.675,True
PD_03,pd,28.32,-0.1933,0.27795,0.93112,-23.574,2.2,-8.866,True
PD_03,pd,28.330000000000002,-0.18646,0.34197,0.91944,-20.025,7.561,0.556,True
PD_03,pd,28.34,-0.16561,0.35642,0.97098,-15.045,12.725,11.691,True
PD_03,pd,28.35,-0.12546,0.41307,1.00767,-10.491,15.026,22.82,True
PD_03,pd,28.36,0.02897,0.3738,0.99579,-2.404,16.72,30.12,True
PD_03,pd,28.37,0.11491,0.33613,1.06077,6.013,18.134,35.861,True
PD_03,pd,28.38,0.23057,0.30831,1.02181,11.512,18.698,37.812,True
PD_03,pd,28.39,0.31968,0.29654,1.05299,17.018,13.97,37.609,True
PD_03,pd,28.400000000000002,0.36021,0.24095,1.08091,21.405,11.923,33.402,True
PD_03,pd,28.41,0.41257,0.17682,1.07594,25.285,6.581,25.562,True
PD_03,pd,28.42,0.41601,0.12567,1.03685,24.361,1.032,17.643,True
PD_03,pd,28.43,0.36235,0.0556,0.9869,21.868,-4.421,6.43,True
PD_03,pd,28.44,0.29523,0.04467,1.00189,19.14,-7.758,-2.748,True
PD_03,pd,28.45,0.24242,-0.01878,0.93955,14.465,-14.394,-15.226,True
PD_03,pd,28.46,0.19646,-0.0154,0.93816,7.995,-16.332,-25.351,True
PD_03,pd,28.47,0.13036,-0.0294,0.89547,0.236,-18.126,-31.36,True
PD_03,pd,28.48,0.11499,-0.02467,0.89276,-6.605,-16.866,-36.579,True
PD_03,pd,28.490000000000002,0.04544,0.02438,0.88617,-12.941,-17.64,-37.816,True
PD_03,pd,28.5,-0.00098,0.09247,0.85927,-18.209,-15.351,-36.865,True
PD_03,pd,28.51,-0.06565,0.14453,0.88706,-22.53,-10.105,-31.542,True
PD_03,pd,28.52,-0.10934,0.19031,0.90604,-24.902,-6.242,-21.999,True
PD_03,pd,28.53,-0.17346,0.24452,0.91606,-24.201,-0.323,-14.625,True
PD_03,pd,28.54,-0.18971,0.29759,0.94426,-21.061,4.423,-3.655,True
PD_03,pd,28.55,-0.14497,0.34153,0.95197,-17.398,8.486,8.634,True
PD_03,pd,28.560000000000002,-0.12563,0.39527,0.97879,-11.925,13.036,17.921,True
PD_03,pd,28.57,-0.04346,0.38593,1.00971,-5.878,15.991,26.549,True
PD_03,pd,28.580000000000002,0.08661,0.38571,1.02925,1.666,19.259,32.685,True
PD_03,pd,28.59,0.17479,0.34517,1.04013,8.638,16.707,36.963,True
PD_03,pd,28.6,0.28529,0.3146,1.03862,15.986,16.932,37.981,True
PD_03,pd,28.61,0.36836,0.26403,1.0653,19.275,12.034,34.943,True
PD_03,pd,28.62,0.41121,0.22422,1.0509,21.909,8.007,30.606,True
PD_03,pd,28.63,0.41443,0.15912,1.05032,23.501,4.249,21.602,True
PD_03,pd,28.64,0.38225,0.12966,1.01461,24.227,-0.198,12.396,True
PD_03,pd,28.650000000000002,0.3113,0.0399,1.00531,20.484,-5.963,0.255,True
PD_03,pd,28.66,0.28936,0.02138,0.96044,17.109,-12.171,-9.208,True
PD_03,pd,28.67,0.2299,-0.01662,0.95236,11.171,-12.563,-20.104,True
PD_03,pd,28.68,0.18019,0.01445,0.93057,2.374,-17.685,-28.038,True
PD_03,pd,28.69,0.11619,-0.01922,0.90317,-4.059,-17.833,-35.222,True
PD_03,pd,28.7,0.07067,0.02939,0.89228,-12.448,-18.096,-38.061,True
PD_03,pd,28.71,0.00308,0.07607,0.87973,-17.02,-15.506,-35.896,True
PD_03,pd,28.72,0.00526,0.12165,0.89682,-21.913,-12.251,-34.156,True
PD_03,pd,28.73,-0.08092,0.16747,0.85606,-23.315,-6.824,-26.835,True
PD_03,pd,28.740000000000002,-0.15756,0.23336,0.89665,-23.766,-3.578,-17.907,True
PD_03,pd,28.75,-0.15808,0.2672,0.9182,-22.923,2.281,-9.163,True
PD_03,pd,28.76,-0.18146,0.33347,0.93224,-19.617,6.831,2.155,True
PD_03,pd,28.77,-0.16068,0.35972,0.9621,-14.073,11.701,12.725,True
PD_03,pd,28.78,-0.10191,0.35133,1.01311,-8.891,13.697,22.726,True
PD_03,pd,28.79,0.02788,0.38329,1.03324,-1.518,17.278,29.102,True
PD_03,pd,28.8,0.146,0.36333,1.04188,4.963,16.18,34.001,True
PD_03,pd,28.810000000000002,0.25843,0.31924,1.06631,11.502,17.414,37.433,True
PD_03,pd,28.82,0.3536,0.31094,1.04636,17.599,14.157,34.509,True
PD_03,pd,28.830000000000002,0.38313,0.24516,1.05107,23.504,9.895,31.588,True
PD_03,pd,28.84,0.40628,0.18661,1.0155,23.318,7.335,25.236,True
PD_03,pd,28.85,0.41672,0.1023,1.00465,24.542,2.036,16.471,True
PD_03,pd,28.86,0.36222,0.08149,0.98644,23.153,-3.821,5.867,True
PD_03,pd,28.87,0.29802,0.02393,1.00184,17.698,-8.688,-3.219,True
PD_03,pd,28.88,0.23953,0.02019,0.95815,12.625,-10.983,-14.471,True
PD_03,pd,28.89,0.191,-0.0356,0.93349,6.11,-15.683,-23.596,True
PD_03,pd,28.900000000000002,0.15139,0.00439,0.90136,-1.344,-17.236,-31.842,True
PD_03,pd,28.91,0.09119,0.00889,0.88192,-7.808,-17.672,-34.82,True
PD_03,pd,28.92,0.08157,0.07156,0.88089,-12.818,-16.734,-36.938,True
PD_03,pd,28.93,-0.01117,0.12398,0.86342,-16.125,-12.809,-33.95,True
PD_03,pd,28.94,-0.03405,0.15999,0.8663,-21.47,-8.739,-29.659,True
PD_03,pd,28.95,-0.07403,0.19676,0.90853,-23.82,-5.005,-21.956,True
PD_03,pd,28.96,-0.1131,0.25969,0.9227,-24.184,-0.191,-14.548,True
PD_03,pd,28.97,-0.16518,0.30203,0.92743,-20.248,5.615,-2.097,True
PD_03,pd,28.98,-0.15629,0.3347,0.94203,-15.52,7.08,7.598,True
PD_03,pd,28.990000000000002,-0.0935,0.35668,0.98112,-10.72,11.348,15.657,True
PD_03,pd,29.0,-0.02013,0.37075,0.99447,-5.299,15.942,25.057,True
PD_03,pd,29.01,0.07415,0.36779,1.04094,1.128,17.537,30.503,True
PD_03,pd,29.02,0.18072,0.32792,1.00837,8.513,15.642,33.362,True
PD_03,pd,29.03,0.29278,0.27568,1.03477,12.639,13.622,35.031,True
PD_03,pd,29.04,0.32866,0.25639,1.06628,18.177,12.859,31.489,True
PD_03,pd,29.05,0.40761,0.17233,1.0337,21.221,9.719,27.478,True
PD_03,pd,29.060000000000002,0.41953,0.19259,1.03465,22.815,3.679,18.71,True
PD_03,pd,29.07,0.35929,0.09487,1.02999,22.324,0.255,9.508,True
PD_03,pd,29.080000000000002,0.34004,0.04168,0.95267,18.659,-5.689,-0.866,True
PD_03,pd,29.09,0.26961,0.01987,0.97224,14.327,-9.031,-10.452,True
PD_03,pd,29.1,0.22238,0.03539,0.95365,8.252,-11.382,-17.725,True
PD_03,pd,29.11,0.14837,0.00394,0.9302,3.022,-15.766,-24.5,True
PD_03,pd,29.12,0.15134,0.02085,0.90964,-4.11,-15.786,-30.185,True
PD_03,pd,29.13,0.09473,0.04376,0.88786,-8.935,-15.704,-34.581,True
PD_03,pd,29.14,0.0452,0.10172,0.8996,-13.581,-13.408,-32.564,True
PD_03,pd,29.150000000000002,-0.00469,0.11647,0.87415,-19.106,-9.177,-29.93,True
PD_03,pd,29.16,-0.06678,0.16468,0.87655,-18.892,-7.468,-24.843,True
PD_03,pd,29.17,-0.11269,0.2244,0.89889,-22.073,-3.648,-17.039,True
PD_03,pd,29.18,-0.13145,0.29355,0.90221,-19.721,2.208,-7.839,True
PD_03,pd,29.19,-0.11345,0.34024,0.94603,-16.473,6.151,2.269,True
PD_03,pd,29.2,-0.10604,0.35774,0.95864,-12.315,10.532,11.548,True
PD_03,pd,29.21,-0.03377,0.39201,0.98449,-8.332,13.761,18.36,True
PD_03,pd,29.22,0.02664,0.35122,0.99821,-0.471,14.879,26.881,True
PD_03,pd,29.23,0.12737,0.31281,1.02531,4.33,15.821,30.155,True
PD_03,pd,29.240000000000002,0.22684,0.30915,1.04565,9.18,14.816,30.746,True
PD_03,pd,29.25,0.30192,0.29271,1.03965,14.386,11.889,30.869,True
PD_03,pd,29.26,0.37282,0.23095,1.03699,18.466,9.346,27.889,True
PD_03,pd,29.27,0.37025,0.18875,1.0008,19.418,6.056,21.462,True
PD_03,pd,29.28,0.35404,0.13746,1.00994,20.496,0.791,14.047,True
PD_03,pd,29.29,0.34848,0.07892,1.01266,18.703,-2.757,4.232,True
PD_03,pd,29.3,0.30042,0.06849,0.97295,15.093,-7.765,-4.545,True
PD_03,pd,29.310000000000002,0.24399,0.04986,0.94976,9.912,-9.243,-13.116,True
PD_03,pd,29.32,0.20407,0.02761,0.91434,5.7,-13.107,-18.819,True
PD_03,pd,29.330000000000002,0.16198,0.02363,0.92274,1.015,-16.344,-24.805,True
PD_03,pd,29.34,0.10357,0.04043,0.89635,-5.122,-14.079,-29.102,True
PD_03,pd,29.35,0.09064,0.05901,0.874,-10.893,-13.516,-30.494,True
PD_03,pd,29.36,0.03396,0.09977,0.90289,-13.756,-10.279,-28.63,True
PD_03,pd,29.37,-0.03035,0.12857,0.87262,-18.373,-8.802,-25.277,True
PD_03,pd,29.38,-0.0607,0.21385,0.88545,-19.435,-4.531,-18.613,True
PD_03,pd,29.39,-0.08792,0.25899,0.89581,-18.785,-0.689,-10.416,True
PD_03,pd,29.400000000000002,-0.10765,0.27772,0.93279,-17.818,4.19,-4.662,True
PD_03,pd,29.41,-0.09541,0.32697,0.96887,-12.894,7.039,5.533,True
PD_03,pd,29.42,-0.05463,0.33011,0.96788,-9.535,10.855,13.34,True
PD_03,pd,29.43,0.01304,0.31768,0.99777,-4.03,11.817,20.263,True
PD_03,pd,29.44,0.09178,0.33046,1.01329,1.241,12.896,25.511,True
PD_03,pd,29.45,0.15695,0.31961,1.01616,8.003,11.316,28.107,True
PD_03,pd,29.46,0.26417,0.27626,1.04765,11.003,11.058,30.085,True
PD_03,pd,29.47,0.30559,0.26056,1.03209,14.86,9.362,25.868,True
PD_03,pd,29.48,0.33777,0.21914,0.99145,17.642,6.592,22.252,True
PD_03,pd,29.490000000000002,0.35462,0.14954,1.01746,18.914,3.156,16.629,True
PD_03,pd,29.5,0.31967,0.13349,0.99735,17.538,-1.839,8.802,True
PD_03,pd,29.51,0.28645,0.10889,0.99211,17.061,-4.264,1.768,True
PD_03,pd,29.52,0.24322,0.06635,0.97142,12.078,-6.047,-8.616,True
PD_03,pd,29.53,0.17449,0.04588,0.92266,9.305,-9.928,-15.852,True
PD_03,pd,29.54,0.18909,0.05799,0.8997,2.334,-11.348,-20.156,True
PD_03,pd,29.55,0.1348,0.06062,0.91626,-3.007,-12.165,-22.95,True
PD_03,pd,29.560000000000002,0.11657,0.06725,0.91884,-8.001,-12.288,-27.153,True
PD_03,pd,29.57,0.10197,0.12194,0.89011,-11.557,-11.93,-25.253,True
PD_03,pd,29.580000000000002,0.05299,0.12561,0.88798,-13.951,-9.226,-24.602,True
PD_03,pd,29.59,0.00831,0.18365,0.87835,-15.669,-5.39,-19.177,True
PD_03,pd,29.6,-0.05474,0.23698,0.89809,-16.5,-2.009,-13.204,True
PD_03,pd,29.61,-0.07125,0.26296,0.93381,-15.802,2.106,-6.986,True
PD_03,pd,29.62,-0.07126,0.32138,0.94769,-15.189,4.46,1.191,True
PD_03,pd,29.63,-0.03797,0.32784,0.97541,-10.199,7.839,9.469,True
PD_03,pd,29.64,0.02342,0.30824,0.98504,-6.995,9.41,15.276,True
PD_03,pd,29.650000000000002,0.06561,0.32222,1.00904,-0.814,12.167,21.225,True
PD_03,pd,29.66,0.12872,0.30301,1.0195,4.222,12.757,23.275,True
PD_03,pd,29.67,0.22712,0.29086,1.02407,7.896,11.27,25.172,True
PD_03,pd,29.68,0.26869,0.24015,1.01636,12.998,9.063,25.337,True
PD_03,pd,29.69,0.32635,0.22783,1.03311,12.922,5.717,20.275,True
PD_03,pd,29.7,0.33516,0.18744,0.97825,15.621,4.714,15.949,True
PD_03,pd,29.71,0.32252,0.17637,1.01359,15.383,0.399,10.511,True
PD_03,pd,29.72,0.26928,0.11984,1.00907,15.837,-3.674,3.95,True
PD_03,pd,29.73,0.29177,0.10887,0.96298,11.463,-5.256,-2.559,True
PD_03,pd,29.740000000000002,0.20429,0.07866,0.95447,10.209,-7.323,-7.526,True
PD_03,pd,29.75,0.19278,0.07444,0.95948,3.379,-10.748,-14.501,True
PD_03,pd,29.76,0.15591,0.07143,0.93747,0.068,-11.255,-18.357,True
PD_03,pd,29.77,0.12552,0.09546,0.91745,-5.004,-10.529,-21.505,True
PD_03,pd,29.78,0.10794,0.0959,0.91048,-7.16,-10.135,-22.816,True
PD_03,pd,29.79,0.06532,0.11709,0.85492,-10.188,-8.519,-21.114,True
PD_03,pd,29.8,0.04714,0.18161,0.94049,-12.536,-5.612,-17.41,True
PD_03,pd,29.810000000000002,0.00869,0.19638,0.86902,-14.311,-2.754,-13.234,True
PD_03,pd,29.82,0.00415,0.25687,0.9095,-15.715,-0.124,-8.45,True
PD_03,pd,29.830000000000002,-0.03311,0.26156,0.90698,-12.459,4.815,-2.538,True
PD_03,pd,29.84,-0.00784,0.29378,0.96971,-9.794,5.449,4.402,True
PD_03,pd,29.85,0.00118,0.28886,0.97085,-5.707,8.54,9.27,True
PD_03,pd,29.86,0.04741,0.30332,0.97793,-3.289,10.773,14.746,True
PD_03,pd,29.87,0.11983,0.30949,0.99775,2.208,8.476,18.201,True
PD_03,pd,29.88,0.17691,0.29292,0.99005,4.025,9.126,19.651,True
PD_03,pd,29.89,0.21461,0.28198,0.98865,8.609,10.273,19.762,True
PD_03,pd,29.900000000000002,0.26705,0.23505,1.01221,10.932,7.121,18.799,True
PD_03,pd,29.91,0.2655,0.20959,0.99949,11.034,6.302,15.693,True
PD_03,pd,29.92,0.28874,0.22746,1.00153,12.088,3.103,11.568,True
PD_03,pd,29.93,0.2783,0.14433,0.9634,12.684,-1.035,5.977,True
PD_03,pd,29.94,0.27881,0.11757,0.9745,10.186,-3.885,0.341,True
PD_03,pd,29.95,0.24242,0.10873,0.94233,6.799,-5.734,-6.066,True
PD_03,pd,29.96,0.19365,0.09382,0.93937,5.659,-6.809,-10.925,True
PD_03,pd,29.97,0.18548,0.09158,0.93191,1.147,-7.747,-13.713,True
PD_03,pd,29.98,0.14879,0.10581,0.93476,-1.214,-8.851,-16.953,True
PD_03,pd,29.990000000000002,0.13619,0.12191,0.88219,-5.834,-7.83,-18.393,True
PD_03,pd,30.0,0.09275,0.15335,0.91831,-7.708,-7.435,-18.073,True
PD_03,pd,30.01,0.07325,0.15004,0.90144,-8.449,-5.993,-14.869,True
PD_03,pd,30.02,0.08372,0.2034,0.9058,-12.166,-3.36,-12.141,True
PD_03,pd,30.03,0.01077,0.23297,0.90957,-10.506,-0.782,-7.716,True
PD_03,pd,30.04,0.0321,0.24416,0.94919,-10.53,1.562,-3.497,True
PD_03,pd,30.05,0.01405,0.26937,0.96004,-9.29,4.37,1.757,True
PD_03,pd,30.060000000000002,0.03012,0.25777,0.94305,-7.503,5.432,6.604,True
PD_03,pd,30.07,0.08411,0.28657,0.93396,-2.394,6.822,9.982,True
PD_03,pd,30.080000000000002,0.10286,0.28337,0.97262,-0.613,7.326,13.35,True
PD_03,pd,30.09,0.1527,0.2892,1.00169,0.975,7.702,15.502,True
PD_03,pd,30.1,0.199,0.25202,0.97367,6.197,7.489,16.31,True
PD_03,pd,30.11,0.22794,0.25825,0.98827,7.707,6.118,15.481,True
PD_03,pd,30.12,0.25733,0.24408,0.99151,9.631,2.459,14.121,True
PD_03,pd,30.13,0.2768,0.20968,0.9904,10.323,2.739,9.915,True
PD_03,pd,30.14,0.27262,0.17377,1.00124,11.344,0.852,7.292,True
PD_03,pd,30.150000000000002,0.26005,0.18194,0.96548,9.942,-0.339,3.119,True
PD_03,pd,30.16,0.24368,0.12097,0.97136,8.296,-2.848,-2.306,True
PD_03,pd,30.17,0.21576,0.10598,0.94231,5.941,-5.611,-4.575,True
PD_03,pd,30.18,0.20772,0.12207,0.94072,2.372,-7.675,-11.055,True
PD_03,pd,30.19,0.18474,0.0996,0.90923,-0.174,-6.857,-13.005,True
PD_03,pd,30.2,0.14113,0.15017,0.92107,-4.015,-6.2,-13.746,True
PD_03,pd,30.21,0.10679,0.1527,0.94444,-5.205,-6.066,-13.711,True
PD_03,pd,30.22,0.1157,0.16213,0.90253,-6.983,-2.736,-12.793,True
PD_03,pd,30.23,0.09215,0.17741,0.93038,-9.665,-3.763,-10.706,True
PD_03,pd,30.240000000000002,0.05594,0.20612,0.91046,-8.084,-2.169,-7.074,True
PD_03,pd,30.25,0.06114,0.22637,0.93255,-8.319,0.17,-5.148,True
PD_03,pd,30.26,0.06095,0.24911,0.94557,-8.292,1.422,-1.495,True
PD_03,pd,30.27,0.06259,0.26971,0.92249,-5.071,3.286,3.029,True
PD_03,pd,30.28,0.06386,0.28025,0.95206,-4.656,4.034,5.457,True
PD_03,pd,30.29,0.12373,0.25399,0.94924,-1.386,5.494,9.221,True
PD_03,pd,30.3,0.14048,0.25152,0.96371,0.134,4.895,10.36,True
PD_03,pd,30.310000000000002,0.17948,0.27675,0.98681,2.324,6.087,11.874,True
PD_03,pd,30.32,0.22108,0.2373,0.97904,4.649,5.081,12.269,True
PD_03,pd,30.330000000000002,0.22846,0.23944,0.9763,6.318,4.04,10.716,True
PD_03,pd,30.34,0.25648,0.18959,0.95257,7.207,2.336,8.037,True
PD_03,pd,30.35,0.25004,0.18312,0.96496,8.775,-0.584,5.674,True
PD_03,pd,30.36,0.2311,0.17283,0.95006,7.737,-0.232,3.908,True
PD_03,pd,30.37,0.21284,0.15536,0.96509,5.74,-1.234,0.208,True
PD_03,pd,30.38,0.19612,0.16147,0.96917,6.158,-2.744,-2.35,True
PD_03,pd,30.39,0.18759,0.14529,0.95119,2.569,-4.947,-5.53,True
PD_03,pd,30.400000000000002,0.17372,0.15258,0.95142,0.493,-4.513,-8.775,True
PD_03,pd,30.41,0.17537,0.14527,0.92714,-0.681,-3.049,-10.199,True
PD_03,pd,30.42,0.14323,0.19176,0.9187,-2.695,-4.754,-11.239,True
PD_03,pd,30.43,0.13678,0.17675,0.92874,-4.594,-4.298,-10.165,True
PD_03,pd,30.44,0.15852,0.19343,0.89253,-5.731,-2.331,-8.177,True
PD_03,pd,30.45,0.11405,0.20565,0.9392,-5.683,-2.057,-6.397,True
PD_03,pd,30.46,0.10734,0.20922,0.9127,-6.836,-1.459,-4.566,True
PD_03,pd,30.47,0.08846,0.23659,0.93162,-5.389,-0.462,-2.545,True
PD_03,pd,30.48,0.10907,0.25102,0.93446,-4.275,0.994,0.067,True
PD_03,pd,30.490000000000002,0.10163,0.26677,0.93929,-2.948,3.928,2.72,True
PD_03,pd,30.5,0.12128,0.2764,0.95865,-0.657,3.209,5.018,True
PD_03,pd,30.51,0.13964,0.23111,0.96316,-0.224,4.7,6.322,True
PD_03,pd,30.52,0.18945,0.25336,0.94336,0.738,4.071,8.116,True
PD_03,pd,30.53,0.17724,0.24767,0.95547,3.935,4.267,7.634,True
PD_03,pd,30.54,0.22053,0.25128,0.94914,4.495,2.661,7.192,True
PD_03,pd,30.55,0.20122,0.20108,0.93937,4.579,1.626,7.291,True
PD_03,pd,30.560000000000002,0.21547,0.21919,0.94715,4.455,1.509,5.379,True
PD_03,pd,30.57,0.23818,0.19982,0.93881,4.58,1.936,3.711,True
PD_03,pd,30.580000000000002,0.22553,0.19637,0.93783,3.561,-0.497,0.332,True
PD_03,pd,30.59,0.20925,0.19313,0.93301,4.233,-1.678,-0.914,True
PD_03,pd,30.6,0.20869,0.16155,0.92282,2.01,-2.78,-1.775,True
PD_03,pd,30.61,0.18208,0.17371,0.933,1.136,-2.106,-4.867,True
PD_03,pd,30.62,0.1427,0.17534,0.9319,0.698,-2.624,-5.336,True
PD_03,pd,30.63,0.16878,0.13727,0.92155,-0.748,-1.798,-7.079,True
PD_03,pd,30.64,0.18262,0.17354,0.89431,-2.051,-3.16,-6.677,True
PD_03,pd,30.650000000000002,0.17499,0.21198,0.95828,-0.286,-0.194,-0.212,True
PD_03,pd,30.66,0.19739,0.22041,0.9369,-0.18,-0.32,-0.059,True
PD_03,pd,30.67,0.16196,0.24945,0.9566,1.009,-1.656,-1.092,True
PD_03,pd,30.68,0.1705,0.21244,0.9293,-1.004,-0.588,-0.286,True
PD_03,pd,30.69,0.16718,0.19295,0.94223,0.061,-1.432,-1.035,True
PD_03,pd,30.7,0.1837,0.20232,0.93201,0.009,0.87,-0.034,True
PD_03,pd,30.71,0.1631,0.22227,0.93704,-1.109,0.375,0.057,True
PD_03,pd,30.72,0.17411,0.23315,0.91702,0.297,-0.138,-0.358,True
PD_03,pd,30.73,0.16745,0.20915,0.93114,-1.481,-0.321,0.55,True
PD_03,pd,30.740000000000002,0.16732,0.17971,0.95568,-0.655,1.373,-0.205,True
PD_03,pd,30.75,0.1785,0.22612,0.92586,0.146,0.262,-0.4,True
PD_03,pd,30.76,0.18409,0.18949,0.94645,-0.27,0.41,-0.706,True
PD_03,pd,30.77,0.13787,0.19831,0.9143,-0.019,0.279,-0.346,True
PD_03,pd,30.78,0.16773,0.20226,0.92081,1.003,-0.333,-0.03,True
PD_03,pd,30.79,0.18467,0.21424,0.94499,0.343,-0.547,0.965,True
PD_03,pd,30.8,0.19136,0.19685,0.948,0.246,-1.441,-0.059,True
PD_03,pd,30.810000000000002,0.15219,0.21141,0.95216,-0.002,-0.643,0.322,True
PD_03,pd,30.82,0.19471,0.21567,0.92454,-0.229,-0.725,1.116,True
PD_03,pd,30.830000000000002,0.19362,0.19996,0.96149,-0.64,-0.558,0.499,True
PD_03,pd,30.84,0.175,0.22072,0.94054,-1.554,0.583,-0.311,True
PD_03,pd,30.85,0.16619,0.22534,0.9374,0.108,-0.572,1.042,True
PD_03,pd,30.86,0.16481,0.21123,0.92779,1.188,0.379,0.795,True
PD_03,pd,30.87,0.19407,0.19754,0.96397,1.13,-0.991,0.773,True
PD_03,pd,30.88,0.17365,0.23747,0.9489,-0.17,0.832,0.482,True
PD_03,pd,30.89,0.20174,0.21275,0.92778,-0.223,0.15,1.064,True
PD_03,pd,30.900000000000002,0.19482,0.19245,0.92749,0.742,-0.293,1.429,True
PD_03,pd,30.91,0.17844,0.24859,0.93884,-1.336,0.885,0.478,True
PD_03,pd,30.92,0.16569,0.21966,0.92297,-0.313,-2.117,1.131,True
PD_03,pd,30.93,0.16833,0.21672,0.9452,0.0,-0.4,0.868,True
PD_03,pd,30.94,0.17913,0.25088,0.90872,1.75,-0.691,-1.868,True
PD_03,pd,30.95,0.15833,0.22206,0.92305,-1.005,1.692,1.505,True
PD_03,pd,30.96,0.18376,0.2375,0.95872,-0.41,-0.491,0.215,True
PD_03,pd,30.970000000000002,0.16243,0.1937,0.93517,-0.257,-0.38,-0.332,True
PD_03,pd,30.98,0.20785,0.24685,0.90511,0.841,0.258,-0.451,True
PD_03,pd,30.990000000000002,0.18526,0.2381,0.94341,0.029,0.007,0.141,True
PD_03,pd,31.0,0.18891,0.23136,0.95022,-0.157,0.236,1.264,True
PD_03,pd,31.01,0.21125,0.20744,0.95103,-0.888,-1.228,1.046,True
PD_03,pd,31.02,0.18747,0.20101,0.92305,0.146,-0.167,1.829,True
PD_03,pd,31.03,0.20646,0.22455,0.92985,-0.415,-1.248,-0.777,True
PD_03,pd,31.04,0.2006,0.23501,0.93955,0.143,-0.977,0.288,True
PD_03,pd,31.05,0.19932,0.22241,0.93831,-0.7,0.831,-0.529,True
PD_03,pd,31.060000000000002,0.20315,0.21942,0.93815,-1.002,-0.454,-0.897,True
PD_03,pd,31.07,0.20457,0.21769,0.95236,-0.144,0.76,-0.215,True
PD_03,pd,31.080000000000002,0.16247,0.21448,0.91729,-0.772,0.354,1.091,True
PD_03,pd,31.09,0.17758,0.23864,0.89016,-0.869,0.757,0.152,True
PD_03,pd,31.1,0.19093,0.2175,0.91303,-0.819,-0.628,-0.196,True
PD_03,pd,31.11,0.21301,0.2106,0.94971,0.897,-1.485,-0.806,True
PD_03,pd,31.12,0.19016,0.19966,0.91515,0.831,-0.083,1.11,True
PD_03,pd,31.13,0.19575,0.21087,0.9423,0.143,-0.084,-1.87,True
PD_03,pd,31.14,0.19492,0.18639,0.94517,0.212,1.971,0.567,True
PD_03,pd,31.150000000000002,0.18273,0.21876,0.92759,-0.38,0.28,1.233,True
PD_03,pd,31.16,0.15969,0.1803,0.91299,-0.722,-0.693,-1.441,True
PD_03,pd,31.17,0.18466,0.22282,0.91441,-0.084,-0.627,0.518,True
PD_03,pd,31.18,0.19326,0.22221,0.9517,-0.309,1.589,0.596,True
PD_03,pd,31.19,0.20291,0.20882,0.94094,-0.699,0.967,0.529,True
PD_03,pd,31.2,0.16918,0.21086,0.94238,0.037,-1.322,0.76,True
PD_03,pd,31.21,0.18994,0.20639,0.94367,-0.383,1.254,-0.269,True
PD_03,pd,31.220000000000002,0.19017,0.19965,0.93976,1.081,-0.488,-0.429,True
PD_03,pd,31.23,0.17574,0.21937,0.9575,0.438,-0.853,1.346,True
PD_03,pd,31.240000000000002,0.22729,0.21477,0.92744,-0.163,0.29,-0.168,True
PD_03,pd,31.25,0.17486,0.21418,0.91965,-0.958,-0.186,-0.049,True
PD_03,pd,31.26,0.18737,0.22842,0.90385,-0.275,0.898,0.786,True
PD_03,pd,31.27,0.18083,0.20151,0.91102,0.278,-1.038,-0.589,True
PD_03,pd,31.28,0.1846,0.19457,0.94259,0.08,0.198,-0.503,True
PD_03,pd,31.29,0.18372,0.22751,0.9395,0.345,0.323,1.146,True
PD_03,pd,31.3,0.17047,0.20055,0.91853,0.87,-0.104,-0.073,True
PD_03,pd,31.310000000000002,0.20135,0.22232,0.95157,-0.563,-1.217,0.275,True
PD_03,pd,31.32,0.18962,0.18862,0.92608,0.897,0.661,0.947,True
PD_03,pd,31.330000000000002,0.19059,0.20998,0.9107,-0.762,-0.742,0.105,True
PD_03,pd,31.34,0.1591,0.22794,0.92379,-0.024,0.043,-0.064,True
PD_03,pd,31.35,0.16971,0.19522,0.9332,0.91,-1.095,0.048,True
PD_03,pd,31.36,0.19194,0.23124,0.93605,1.404,-0.256,-1.623,True
PD_03,pd,31.37,0.18641,0.22846,0.92984,0.148,0.08,-0.16,True
PD_03,pd,31.38,0.21667,0.22565,0.94146,0.502,-1.09,-0.067,True
PD_03,pd,31.39,0.16123,0.20439,0.93733,0.001,-0.471,-0.352,True
PD_03,pd,31.400000000000002,0.18379,0.21552,0.89251,-0.302,-0.335,-0.175,True
PD_03,pd,31.41,0.18818,0.21901,0.93407,-0.394,1.943,0.527,True
PD_03,pd,31.42,0.16699,0.23605,0.9228,1.179,-0.582,-0.941,True
PD_03,pd,31.43,0.19257,0.22434,0.94098,-0.073,-0.174,0.919,True
PD_03,pd,31.44,0.19417,0.22022,0.936,0.198,0.793,0.51,True
PD_03,pd,31.45,0.18097,0.2164,0.93514,0.695,0.721,0.914,True
PD_03,pd,31.46,0.18465,0.19794,0.93497,0.799,-0.009,0.854,True
PD_03,pd,31.470000000000002,0.15802,0.2541,0.92358,0.675,-1.587,-0.546,True
PD_03,pd,31.48,0.18614,0.22249,0.92977,1.027,-0.142,-2.271,True
PD_03,pd,31.490000000000002,0.16109,0.20434,0.93582,-0.372,-0.15,0.03,True
PD_03,pd,31.5,0.20152,0.23842,0.95736,-0.124,0.4,0.101,True
PD_03,pd,31.51,0.18321,0.20396,0.93377,-1.446,0.682,-0.101,True
PD_03,pd,31.52,0.16449,0.22713,0.91894,-0.394,-0.754,-0.955,True
PD_03,pd,31.53,0.19039,0.21734,0.92767,1.18,0.188,0.063,True
PD_03,pd,31.54,0.19281,0.20763,0.93189,-0.601,0.818,0.431,True
PD_03,pd,31.55,0.20352,0.23439,0.93958,1.462,-0.198,0.298,True
PD_03,pd,31.560000000000002,0.20161,0.22925,0.94363,0.009,-0.442,1.478,True
PD_03,pd,31.57,0.20712,0.21308,0.92613,-0.698,0.196,1.625,True
PD_03,pd,31.580000000000002,0.20685,0.20699,0.93046,0.812,0.137,-0.189,True
PD_03,pd,31.59,0.20501,0.24024,0.93888,-0.694,0.639,-0.227,True
PD_03,pd,31.6,0.19883,0.19396,0.90658,1.696,-0.448,1.172,True
PD_03,pd,31.61,0.17785,0.20724,0.93221,0.626,0.177,-0.726,True
PD_03,pd,31.62,0.20722,0.19286,0.94077,-1.373,0.305,-0.491,True
PD_03,pd,31.63,0.18303,0.20368,0.93063,1.519,-2.444,0.847,True
PD_03,pd,31.64,0.2045,0.24529,0.91036,-0.111,1.577,-0.024,True
PD_03,pd,31.650000000000002,0.20092,0.23234,0.92603,0.529,0.168,-0.198,True
PD_03,pd,31.66,0.2044,0.21313,0.93771,0.198,0.527,-1.511,True
PD_03,pd,31.67,0.20083,0.20836,0.95792,0.648,0.364,-0.478,True
PD_03,pd,31.68,0.20301,0.21861,0.92281,1.292,-1.434,-0.848,True
PD_03,pd,31.69,0.1671,0.23188,0.94671,0.072,0.042,-0.275,True
PD_03,pd,31.7,0.19229,0.23534,0.92424,-0.025,0.454,-0.545,True
PD_03,pd,31.71,0.18567,0.21298,0.92355,-1.217,-0.776,0.082,True
PD_03,pd,31.720000000000002,0.19,0.218,0.9282,-0.542,-1.37,-0.575,True
PD_03,pd,31.73,0.17974,0.21269,0.92054,0.778,-1.117,-0.157,True
PD_03,pd,31.740000000000002,0.16132,0.21902,0.94786,-0.358,0.413,-0.253,True
PD_03,pd,31.75,0.21623,0.19974,0.9176,0.304,-0.552,1.693,True
PD_03,pd,31.76,0.17132,0.24003,0.94105,-0.547,0.491,0.25,True
PD_03,pd,31.77,0.18989,0.23556,0.94069,-0.883,0.717,0.126,True
PD_03,pd,31.78,0.20904,0.21603,0.89977,0.442,0.415,-0.372,True
PD_03,pd,31.79,0.20606,0.2334,0.93472,-1.18,0.049,0.25,True
PD_03,pd,31.8,0.18387,0.23029,0.91024,-0.129,0.676,-0.473,True
PD_03,pd,31.810000000000002,0.22128,0.2145,0.91515,-0.646,0.753,0.436,True
PD_03,pd,31.82,0.18673,0.18224,0.90129,-0.323,0.809,1.235,True
PD_03,pd,31.830000000000002,0.19209,0.22802,0.91111,0.167,-0.871,-0.282,True
PD_03,pd,31.84,0.22402,0.21234,0.95122,-0.407,0.275,-0.459,True
PD_03,pd,31.85,0.17632,0.23239,0.93376,-1.106,0.388,0.395,True
PD_03,pd,31.86,0.16435,0.22181,0.95665,0.284,0.738,0.188,True
PD_03,pd,31.87,0.18322,0.23166,0.93015,-0.291,-0.081,0.423,True
PD_03,pd,31.88,0.18481,0.21491,0.91963,-0.761,-0.593,-0.608,True
PD_03,pd,31.89,0.20764,0.21018,0.93479,0.882,0.697,-0.4,True
PD_03,pd,31.900000000000002,0.19183,0.23467,0.90796,0.824,-0.475,-0.97,True
PD_03,pd,31.91,0.20438,0.22369,0.91943,-0.621,0.494,-0.914,True
PD_03,pd,31.92,0.19187,0.19525,0.90523,-0.354,-0.706,0.691,True
PD_03,pd,31.93,0.20359,0.21878,0.94562,-0.865,-0.93,-0.792,True
PD_03,pd,31.94,0.18216,0.23324,0.90826,0.276,-1.753,0.285,True
PD_03,pd,31.95,0.19464,0.25293,0.9299,0.765,0.122,-0.857,True
PD_03,pd,31.96,0.20434,0.25174,0.93989,2.01,1.261,1.008,True
PD_03,pd,31.970000000000002,0.21229,0.21614,0.91946,0.803,-0.795,-0.34,True
PD_03,pd,31.98,0.21156,0.22571,0.92117,-1.726,0.596,0.7,True
PD_03,pd,31.990000000000002,0.18487,0.22768,0.92542,-0.225,-0.837,-1.997,True
PD_03,pd,32.0,0.20459,0.22438,0.91132,-0.211,0.536,0.325,True
PD_03,pd,32.01,0.22633,0.25328,0.95273,1.02,0.146,0.449,True
PD_03,pd,32.02,0.17723,0.23755,0.91245,0.347,-0.454,0.806,True
PD_03,pd,32.03,0.20559,0.24064,0.9298,-0.152,-0.963,-0.679,True
PD_03,pd,32.04,0.20092,0.20858,0.93622,-1.399,-0.929,1.957,True
PD_03,pd,32.05,0.19356,0.24245,0.9307,0.009,0.627,-0.65,True
PD_03,pd,32.06,0.19258,0.25509,0.91053,0.665,-0.708,-0.509,True
PD_03,pd,32.07,0.18262,0.23531,0.94225,-0.225,0.24,0.414,True
PD_03,pd,32.08,0.18652,0.25317,0.9322,-0.155,-1.476,1.384,True
PD_03,pd,32.09,0.20394,0.22009,0.94707,-0.767,-0.017,0.477,True
PD_03,pd,32.1,0.20885,0.22028,0.92646,-0.417,0.154,0.878,True
PD_03,pd,32.11,0.20308,0.2202,0.92193,0.499,-0.641,-1.118,True
PD_03,pd,32.12,0.22048,0.21109,0.92932,-0.569,0.607,0.075,True
PD_03,pd,32.13,0.20334,0.21817,0.90061,-0.086,-0.069,0.041,True
PD_03,pd,32.14,0.20384,0.21754,0.93753,-0.553,-0.003,0.578,True
PD_03,pd,32.15,0.18293,0.23228,0.94865,0.233,0.621,-0.001,True
PD_03,pd,32.160000000000004,0.1898,0.18295,0.91258,-0.249,0.133,0.749,True
PD_03,pd,32.17,0.21134,0.21854,0.93847,-0.876,-0.995,-0.237,True
PD_03,pd,32.18,0.18978,0.19951,0.92103,0.813,-0.724,0.418,True
PD_03,pd,32.19,0.19411,0.21563,0.91709,0.052,0.036,-1.071,True
PD_03,pd,32.2,0.18129,0.24823,0.91395,-0.023,0.504,-0.364,True
PD_03,pd,32.21,0.19933,0.2315,0.89309,1.451,-0.304,0.399,True
PD_03,pd,32.22,0.23404,0.22635,0.93356,0.841,0.328,1.164,True
PD_03,pd,32.230000000000004,0.22058,0.21466,0.92893,-0.27,-0.065,-0.21,True
PD_03,pd,32.24,0.20526,0.22334,0.92272,-1.032,2.451,0.416,True
PD_03,pd,32.25,0.18863,0.22996,0.94808,0.239,-0.667,0.547,True
PD_03,pd,32.26,0.1905,0.24377,0.93306,-0.287,-0.848,0.065,True
PD_03,pd,32.27,0.21103,0.20485,0.94079,1.306,0.188,-0.721,True
PD_03,pd,32.28,0.18733,0.20588,0.92396,1.339,1.166,-0.862,True
PD_03,pd,32.29,0.21493,0.22668,0.92778,-0.859,-0.789,-0.485,True
PD_03,pd,32.3,0.21325,0.21164,0.92583,-0.12,-0.253,-0.157,True
PD_03,pd,32.31,0.2359,0.24312,0.91909,-2.097,-1.084,-1.164,True
PD_03,pd,32.32,0.19712,0.23509,0.92884,0.176,0.051,0.287,True
PD_03,pd,32.33,0.20845,0.21939,0.95072,-1.568,0.604,-0.885,True
PD_03,pd,32.34,0.20258,0.23467,0.91492,1.304,0.06,0.263,True
PD_03,pd,32.35,0.17628,0.20408,0.93233,0.003,-0.759,-1.284,True
PD_03,pd,32.36,0.19948,0.24729,0.92492,1.662,0.876,0.127,True
PD_03,pd,32.37,0.17916,0.23275,0.90292,1.171,-0.24,-0.716,True
PD_03,pd,32.38,0.20465,0.22767,0.92853,-0.795,0.035,-1.374,True
PD_03,pd,32.39,0.1958,0.25098,0.94458,0.129,1.028,0.887,True
PD_03,pd,32.4,0.24019,0.22081,0.91505,-0.203,-0.605,0.561,True
PD_03,pd,32.410000000000004,0.20002,0.23145,0.90118,-1.164,0.175,-0.937,True
PD_03,pd,32.42,0.21961,0.25179,0.91455,1.023,-0.288,-1.059,True
PD_03,pd,32.43,0.17469,0.22204,0.92405,1.222,0.509,1.442,True
PD_03,pd,32.44,0.20313,0.22864,0.90495,0.067,-0.194,-1.497,True
PD_03,pd,32.45,0.20638,0.22389,0.92331,-0.5,0.262,0.45,True
PD_03,pd,32.46,0.17599,0.24451,0.9417,-0.922,-0.083,-1.578,True
PD_03,pd,32.47,0.16956,0.25014,0.92847,0.668,0.103,-0.782,True
PD_03,pd,32.480000000000004,0.19292,0.23278,0.94588,1.517,0.115,-0.163,True
PD_03,pd,32.49,0.21415,0.24278,0.93461,-0.127,-0.699,0.19,True
PD_03,pd,32.5,0.19387,0.24115,0.95266,1.587,-0.578,-0.616,True
PD_03,pd,32.51,0.19505,0.23034,0.9266,-0.491,0.599,0.063,True
PD_03,pd,32.52,0.1803,0.22236,0.93583,-1.375,0.399,-0.373,True
PD_03,pd,32.53,0.17908,0.20972,0.92888,-0.859,-0.406,0.264,True
PD_03,pd,32.54,0.1728,0.24403,0.92005,0.247,-0.735,0.008,True
PD_03,pd,32.55,0.21248,0.21167,0.93957,1.231,0.305,-1.182,True
PD_03,pd,32.56,0.19942,0.22148,0.94741,-0.122,0.732,-1.808,True
PD_03,pd,32.57,0.19062,0.24034,0.93428,1.216,0.305,1.735,True
PD_03,pd,32.58,0.20059,0.20813,0.92015,-0.995,0.517,0.639,True
PD_03,pd,32.59,0.20667,0.22564,0.93597,0.41,0.77,-0.93,True
PD_03,pd,32.6,0.18196,0.22901,0.93709,-0.568,-0.722,0.018,True
PD_03,pd,32.61,0.2286,0.21077,0.89889,-0.564,-0.323,-0.477,True
PD_03,pd,32.62,0.21212,0.20632,0.92399,-1.311,-0.475,-0.662,True
PD_03,pd,32.63,0.1979,0.22199,0.93815,0.389,0.6,0.271,True
PD_03,pd,32.64,0.19297,0.20395,0.92047,0.566,-1.336,-0.649,True
PD_03,pd,32.65,0.19441,0.20849,0.93593,0.804,-2.533,-1.726,True
PD_03,pd,32.660000000000004,0.19112,0.22946,0.93058,0.954,-0.355,-1.442,True
PD_03,pd,32.67,0.20353,0.25735,0.95105,0.139,-0.35,-0.735,True
PD_03,pd,32.68,0.17753,0.22814,0.91313,0.286,-0.082,-0.132,True
PD_03,pd,32.69,0.18758,0.21725,0.92181,0.313,-0.132,1.404,True
PD_03,pd,32.7,0.17591,0.24288,0.89371,1.251,-0.114,-0.892,True
PD_03,pd,32.71,0.22751,0.23159,0.91849,-0.061,-0.482,1.221,True
PD_03,pd,32.72,0.20462,0.2251,0.94335,0.02,-0.342,0.662,True
PD_03,pd,32.730000000000004,0.17237,0.22891,0.91716,-0.29,-1.362,-0.37,True
PD_03,pd,32.74,0.20202,0.22642,0.92461,-0.352,-0.783,0.132,True
PD_03,pd,32.75,0.19768,0.22927,0.91649,0.172,-0.523,0.23,True
PD_03,pd,32.76,0.17649,0.22202,0.89734,1.15,-0.596,-0.238,True
PD_03,pd,32.77,0.20146,0.22826,0.92749,-1.924,0.958,-0.641,True
PD_03,pd,32.78,0.19102,0.22527,0.91167,-0.591,0.553,-0.489,True
PD_03,pd,32.79,0.19174,0.20496,0.9156,-0.621,0.758,0.346,True
PD_03,pd,32.8,0.18844,0.23232,0.91645,1.16,-0.01,0.618,True
PD_03,pd,32.81,0.22794,0.21112,0.9296,0.025,0.485,1.362,True
PD_03,pd,32.82,0.20326,0.22264,0.90606,0.528,-0.839,-0.181,True
PD_03,pd,32.83,0.23344,0.24187,0.94212,-0.714,1.097,-2.242,True
PD_03,pd,32.84,0.16647,0.23498,0.92062,-0.307,1.027,1.038,True
PD_03,pd,32.85,0.20116,0.21474,0.93649,0.801,0.369,0.465,True
PD_03,pd,32.86,0.2237,0.24181,0.91555,-0.777,-0.018,-0.239,True
PD_03,pd,32.87,0.21541,0.22086,0.9312,-0.322,0.054,-0.865,True
PD_03,pd,32.88,0.1967,0.22588,0.90332,0.03,-1.873,0.564,True
PD_03,pd,32.89,0.2231,0.22727,0.92152,-0.5,0.578,1.056,True
PD_03,pd,32.9,0.19536,0.2113,0.92094,-0.381,-0.073,-1.524,True
PD_03,pd,32.910000000000004,0.19794,0.22519,0.92213,-0.694,-1.612,0.824,True
PD_03,pd,32.92,0.1929,0.20878,0.9374,0.603,1.329,0.285,True
PD_03,pd,32.93,0.21055,0.19026,0.90328,-0.061,1.135,1.288,True
PD_03,pd,32.94,0.19619,0.27158,0.9236,0.01,0.437,1.0,True
PD_03,pd,32.95,0.19686,0.22832,0.9329,0.528,-0.559,-0.223,True
PD_03,pd,32.96,0.20418,0.21803,0.91311,1.076,0.658,-0.143,True
PD_03,pd,32.97,0.2097,0.21281,0.93055,-0.642,0.414,0.193,True
PD_03,pd,32.980000000000004,0.19422,0.22607,0.94223,0.838,-0.559,-0.094,True
PD_03,pd,32.99,0.18332,0.19806,0.92691,-1.164,0.401,-0.554,True
PD_03,pd,33.0,0.20515,0.2483,0.91866,0.686,-0.517,0.312,True
PD_03,pd,33.01,0.20718,0.23486,0.92801,-0.057,0.477,-1.765,True
PD_03,pd,33.02,0.21579,0.25326,0.92095,0.644,0.605,-1.168,True
PD_03,pd,33.03,0.21939,0.19607,0.94464,0.428,-0.007,0.8,True
PD_03,pd,33.04,0.19842,0.21328,0.91745,-0.216,1.25,0.592,True
PD_03,pd,33.05,0.1927,0.21888,0.95604,-0.541,-0.752,-0.749,True
PD_03,pd,33.06,0.20461,0.23576,0.91499,-1.156,-0.099,0.386,True
PD_03,pd,33.07,0.20561,0.22867,0.92267,-0.849,0.159,-0.328,True
PD_03,pd,33.08,0.21114,0.23026,0.92579,-0.379,-0.647,0.458,True
PD_03,pd,33.09,0.2009,0.23245,0.95069,0.077,0.016,-0.451,True
PD_03,pd,33.1,0.19714,0.2168,0.90215,-0.261,-0.863,-0.087,True
PD_03,pd,33.11,0.20274,0.22735,0.92461,0.402,-1.475,0.671,True
PD_03,pd,33.12,0.19526,0.21544,0.93819,1.379,-0.883,1.025,True
PD_03,pd,33.13,0.18189,0.22746,0.91339,0.306,0.539,0.586,True
PD_03,pd,33.14,0.20121,0.20016,0.94066,0.267,-0.373,-0.842,True
PD_03,pd,33.15,0.19391,0.21602,0.94852,-1.037,-0.227,0.044,True
PD_03,pd,33.160000000000004,0.18741,0.22112,0.94738,0.033,-0.277,-1.548,True
PD_03,pd,33.17,0.20084,0.21944,0.93669,-0.293,-0.233,0.783,True
PD_03,pd,33.18,0.16854,0.22967,0.90756,2.804,-0.647,0.909,True
PD_03,pd,33.19,0.19407,0.20607,0.92483,-0.864,0.433,0.303,True
PD_03,pd,33.2,0.19687,0.20036,0.91724,-0.523,-0.734,1.653,True
PD_03,pd,33.21,0.21185,0.19463,0.91103,0.443,1.272,-1.723,True
PD_03,pd,33.22,0.18958,0.24456,0.94863,0.76,0.093,-0.73,True
PD_03,pd,33.230000000000004,0.19587,0.2055,0.93129,-0.36,0.907,-0.856,True
PD_03,pd,33.24,0.21139,0.23886,0.93021,1.078,1.408,0.94,True
PD_03,pd,33.25,0.18535,0.24181,0.94151,0.401,-0.411,-0.781,True
PD_03,pd,33.26,0.17919,0.22466,0.92313,-1.144,-0.667,-0.547,True
PD_03,pd,33.27,0.21419,0.23287,0.93456,-1.763,-0.83,0.191,True
PD_03,pd,33.28,0.18912,0.2406,0.95567,-1.058,-0.849,-0.472,True
PD_03,pd,33.29,0.20213,0.22401,0.9249,-0.325,0.788,0.433,True
PD_03,pd,33.3,0.20606,0.24716,0.93641,-1.664,-0.138,0.348,True
PD_03,pd,33.31,0.18443,0.22722,0.92511,0.29,2.218,1.22,True
PD_03,pd,33.32,0.20783,0.22512,0.93025,-0.388,3.181,1.37,True
PD_03,pd,33.33,0.21144,0.19849,0.93495,-0.159,-0.552,0.082,True
PD_03,pd,33.34,0.19809,0.21106,0.93771,1.903,-1.583,1.419,True
PD_03,pd,33.35,0.21158,0.20599,0.95694,0.509,-0.442,1.003,True
PD_03,pd,33.36,0.19691,0.21431,0.94052,0.266,0.461,-0.327,True
PD_03,pd,33.37,0.16859,0.23502,0.94632,0.936,0.524,-0.464,True
PD_03,pd,33.38,0.19149,0.2188,0.9469,0.041,-0.334,0.055,True
PD_03,pd,33.39,0.18827,0.22958,0.93926,-0.663,0.467,0.318,True
PD_03,pd,33.4,0.20347,0.21435,0.92613,0.247,0.171,-0.307,True
PD_03,pd,33.410000000000004,0.19855,0.2421,0.9167,0.085,-1.887,-1.475,True
PD_03,pd,33.42,0.19991,0.22965,0.93135,0.525,0.796,0.746,True
PD_03,pd,33.43,0.1919,0.2029,0.94457,-1.331,0.558,-0.274,True
PD_03,pd,33.44,0.19721,0.22818,0.92184,0.47,1.444,-1.758,True
PD_03,pd,33.45,0.19232,0.22554,0.93844,0.521,-0.487,-0.607,True
PD_03,pd,33.46,0.21476,0.21703,0.94472,0.687,-0.36,-0.268,True
PD_03,pd,33.47,0.18637,0.20986,0.9638,0.027,0.597,0.015,True
PD_03,pd,33.480000000000004,0.17734,0.24354,0.94458,1.9,0.686,0.408,True
PD_03,pd,33.49,0.21235,0.20673,0.90054,-0.719,-0.23,-0.048,True
PD_03,pd,33.5,0.21026,0.21873,0.93618,-0.521,0.444,-0.373,True
PD_03,pd,33.51,0.16833,0.23588,0.91702,-1.123,0.593,0.46,True
PD_03,pd,33.52,0.2075,0.23163,0.92487,1.419,-0.123,0.202,True
PD_03,pd,33.53,0.174,0.20409,0.92741,-0.378,0.517,-0.442,True
PD_03,pd,33.54,0.19135,0.23904,0.91579,-0.49,-0.49,0.454,True
PD_03,pd,33.55,0.17759,0.23189,0.93748,-0.94,1.77,0.184,True
PD_03,pd,33.56,0.18184,0.21721,0.93059,0.298,-0.033,-0.833,True
PD_03,pd,33.57,0.19408,0.2058,0.92418,0.776,-0.594,-0.286,True
PD_03,pd,33.58,0.18818,0.18252,0.92854,-1.001,0.431,-1.283,True
PD_03,pd,33.59,0.17819,0.19994,0.93602,-0.377,-0.009,0.742,True
PD_03,pd,33.6,0.17454,0.24159,0.97291,-0.052,0.503,-0.145,True
PD_03,pd,33.61,0.18069,0.2129,0.94386,-1.894,0.506,-0.97,True
PD_03,pd,33.62,0.20792,0.2231,0.89789,-1.96,0.017,0.24,True
PD_03,pd,33.63,0.17961,0.21541,0.9348,0.098,0.19,-0.213,True
PD_03,pd,33.64,0.17863,0.2146,0.92095,0.025,-0.336,-1.269,True
PD_03,pd,33.65,0.16202,0.23968,0.92768,-0.759,0.816,0.224,True
PD_03,pd,33.660000000000004,0.17422,0.21458,0.90728,0.825,-1.262,0.557,True
PD_03,pd,33.67,0.19063,0.20381,0.95746,-0.137,0.163,-1.135,True
PD_03,pd,33.68,0.17366,0.20747,0.95176,-0.414,-0.696,0.456,True
PD_03,pd,33.69,0.17478,0.2076,0.93811,-0.189,-0.158,-0.362,True
PD_03,pd,33.7,0.16005,0.23695,0.90676,-0.332,1.443,1.073,True
PD_03,pd,33.71,0.16697,0.21941,0.94273,-0.598,-0.76,-0.284,True
PD_03,pd,33.72,0.15932,0.22604,0.93718,0.494,2.282,0.832,True
PD_03,pd,33.730000000000004,0.18903,0.21821,0.9131,-0.275,-1.204,0.273,True
PD_03,pd,33.74,0.14912,0.21317,0.93897,-1.288,2.129,0.696,True
PD_03,pd,33.75,0.18322,0.22395,0.9156,1.137,-0.866,0.756,True
PD_03,pd,33.76,0.18983,0.23314,0.94498,-0.424,-0.201,0.286,True
PD_03,pd,33.77,0.16325,0.23521,0.93595,-0.102,0.826,-0.766,True
PD_03,pd,33.78,0.17143,0.19754,0.91262,-1.105,-0.079,-0.692,True
PD_03,pd,33.79,0.17594,0.20584,0.93382,0.723,0.791,1.294,True
PD_03,pd,33.8,0.18189,0.21251,0.92612,-1.773,0.316,-0.319,True
PD_03,pd,33.81,0.20244,0.21646,0.94015,-0.823,-0.929,-0.162,True
PD_03,pd,33.82,0.16396,0.2353,0.90695,0.49,0.465,0.054,True
PD_03,pd,33.83,0.16087,0.21488,0.94418,1.094,-0.701,0.717,True
PD_03,pd,33.84,0.17375,0.23455,0.92985,0.74,-0.392,0.996,True
PD_03,pd,33.85,0.18768,0.19099,0.90864,1.582,0.127,-0.819,True
PD_03,pd,33.86,0.17368,0.17422,0.95342,-0.671,0.193,1.358,True
PD_03,pd,33.87,0.16676,0.20809,0.92272,0.255,-0.548,-1.669,True
PD_03,pd,33.88,0.18868,0.21681,0.9169,-0.825,-0.054,0.001,True
PD_03,pd,33.89,0.19352,0.21057,0.92856,0.149,0.456,-0.286,True
PD_03,pd,33.9,0.18307,0.20221,0.95124,-0.219,-0.032,0.801,True
PD_03,pd,33.910000000000004,0.18244,0.22569,0.91271,0.502,0.914,-1.085,True
PD_03,pd,33.92,0.16914,0.2027,0.94341,-1.018,-0.012,0.228,True
PD_03,pd,33.93,0.16661,0.22519,0.9477,0.568,0.619,0.042,True
PD_03,pd,33.94,0.17128,0.19606,0.93925,-1.016,-1.023,-0.93,True
PD_03,pd,33.95,0.15656,0.23584,0.94259,-0.886,0.335,-1.029,True
PD_03,pd,33.96,0.19569,0.23098,0.93894,-0.411,0.73,-0.823,True
PD_03,pd,33.97,0.16769,0.22219,0.94493,-0.631,-0.313,-1.243,True
PD_03,pd,33.980000000000004,0.20339,0.2254,0.90091,0.406,-0.053,0.633,True
PD_03,pd,33.99,0.17035,0.22561,0.91558,-0.806,-0.764,0.605,True
PD_03,pd,34.0,0.14964,0.22232,0.95301,0.498,-0.931,-0.637,True
PD_03,pd,34.01,0.18788,0.23409,0.94506,0.423,-1.351,0.975,True
PD_03,pd,34.02,0.17225,0.23724,0.93889,-0.121,0.941,0.577,True
PD_03,pd,34.03,0.18343,0.20437,0.93604,-0.086,-0.135,-2.03,True
PD_03,pd,34.04,0.17973,0.22525,0.91113,-1.379,-0.304,-0.319,True
PD_03,pd,34.05,0.18253,0.22246,0.94622,-0.634,-0.257,-1.333,True
PD_03,pd,34.06,0.17031,0.24728,0.9532,-0.677,0.767,0.288,True
PD_03,pd,34.07,0.18162,0.22269,0.93143,-1.749,1.498,0.182,True
PD_03,pd,34.08,0.13435,0.19601,0.91981,0.247,-0.305,1.383,True
PD_03,pd,34.09,0.17807,0.21261,0.94502,-0.554,-0.216,-0.65,True
PD_03,pd,34.1,0.1738,0.20366,0.91834,0.916,0.917,-0.668,True
PD_03,pd,34.11,0.19337,0.22335,0.93245,0.65,0.215,1.383,True
PD_03,pd,34.12,0.16506,0.22205,0.93234,0.682,1.404,0.354,True
PD_03,pd,34.13,0.17762,0.21959,0.92303,0.067,0.5,-0.975,True
PD_03,pd,34.14,0.19093,0.23931,0.93858,1.546,-0.044,-1.61,True
PD_03,pd,34.15,0.16959,0.22588,0.92844,-1.03,-1.05,-0.079,True
PD_03,pd,34.160000000000004,0.18524,0.23994,0.94416,-1.342,-0.236,0.55,True
PD_03,pd,34.17,0.18281,0.24225,0.91143,-1.758,0.831,0.299,True
PD_03,pd,34.18,0.18947,0.22006,0.93834,1.454,-0.433,-0.637,True
PD_03,pd,34.19,0.18474,0.2084,0.97101,-0.43,-0.381,-1.857,True
PD_03,pd,34.2,0.18681,0.20331,0.92822,-0.608,-0.65,-0.922,True
PD_03,pd,34.21,0.19184,0.18206,0.94215,0.119,-1.568,0.788,True
PD_03,pd,34.22,0.16768,0.21845,0.93935,0.06,0.381,-1.073,True
PD_03,pd,34.230000000000004,0.17071,0.23071,0.94804,-0.959,-0.359,-0.947,True
PD_03,pd,34.24,0.16516,0.21386,0.92568,1.125,0.39,-1.149,True
PD_03,pd,34.25,0.18404,0.20868,0.95212,-0.374,1.313,0.466,True
PD_03,pd,34.26,0.18791,0.18737,0.93429,-0.909,0.532,-0.072,True
PD_03,pd,34.27,0.1992,0.21107,0.92026,1.097,0.136,-0.67,True
PD_03,pd,34.28,0.19812,0.22531,0.95931,-0.951,-0.064,-0.747,True
PD_03,pd,34.29,0.16285,0.20971,0.93323,-0.339,-0.279,0.159,True
PD_03,pd,34.300000000000004,0.17651,0.20397,0.96045,0.667,0.828,0.304,True
PD_03,pd,34.31,0.18918,0.1982,0.94114,1.016,0.258,0.153,True
PD_03,pd,34.32,0.17311,0.20905,0.94745,0.819,0.669,0.356,True
PD_03,pd,34.33,0.16882,0.18116,0.93208,-0.482,-0.359,1.056,True
PD_03,pd,34.34,0.17805,0.21314,0.95315,-0.343,1.133,0.253,True
PD_03,pd,34.35,0.17935,0.20426,0.92658,0.696,-0.657,0.778,True
PD_03,pd,34.36,0.18218,0.21454,0.94795,0.02,-0.474,0.816,True
PD_03,pd,34.37,0.15573,0.20687,0.93917,-0.393,0.879,-1.457,True
PD_03,pd,34.38,0.17153,0.2084,0.95028,0.367,0.083,0.135,True
PD_03,pd,34.39,0.15915,0.22026,0.92715,-0.018,-0.597,-0.44,True
PD_03,pd,34.4,0.16921,0.20319,0.97571,0.238,0.995,-0.671,True
PD_03,pd,34.410000000000004,0.15465,0.19433,0.93865,-0.344,0.637,0.328,True
PD_03,pd,34.42,0.15178,0.18949,0.93734,-0.244,-0.509,-0.561,True
PD_03,pd,34.43,0.19141,0.21396,0.95256,0.169,-0.232,-0.052,True
PD_03,pd,34.44,0.15308,0.23141,0.93899,-0.842,-0.709,-0.351,True
PD_03,pd,34.45,0.1728,0.20906,0.9694,-0.818,0.487,-0.621,True
PD_03,pd,34.46,0.14152,0.22742,0.92631,0.104,-1.52,-0.106,True
PD_03,pd,34.47,0.18935,0.21119,0.91631,-0.345,-0.398,-0.375,True
PD_03,pd,34.480000000000004,0.1657,0.1966,0.92095,-0.603,-0.095,-0.956,True
PD_03,pd,34.49,0.14,0.19854,0.93698,0.516,-0.097,1.047,True
PD_03,pd,34.5,0.17358,0.23362,0.95211,0.381,0.834,-0.219,True
PD_03,pd,34.51,0.15701,0.22197,0.93465,-0.566,1.379,0.163,True
PD_03,pd,34.52,0.16915,0.2469,0.93535,0.317,-1.165,-0.064,True
PD_03,pd,34.53,0.18107,0.19149,0.96623,-0.276,0.764,-1.246,True
PD_03,pd,34.54,0.16468,0.21437,0.95199,-1.15,-0.563,0.016,True
PD_03,pd,34.550000000000004,0.12755,0.20598,0.92239,-0.706,0.055,-0.398,True
PD_03,pd,34.56,0.15224,0.20641,0.91454,-0.323,0.257,-0.085,True
PD_03,pd,34.57,0.16673,0.20662,0.97955,0.746,-0.764,-1.64,True
PD_03,pd,34.58,0.18522,0.19387,0.93062,0.258,0.195,0.16,True
PD_03,pd,34.59,0.16558,0.21859,0.96352,0.035,0.13,0.354,True
PD_03,pd,34.6,0.16125,0.20904,0.9364,-0.108,0.677,-0.947,True
PD_03,pd,34.61,0.1593,0.19922,0.95145,-0.603,-0.44,0.698,True
PD_03,pd,34.62,0.16327,0.22367,0.94972,-0.703,-0.576,0.116,True
PD_03,pd,34.63,0.14523,0.20502,0.94142,0.267,-0.583,0.483,True
PD_03,pd,34.64,0.17361,0.21492,0.95516,0.344,-0.246,0.188,True
PD_03,pd,34.65,0.14486,0.22415,0.94518,-0.847,-0.328,0.259,True
PD_03,pd,34.660000000000004,0.16641,0.17965,0.92823,-0.026,0.108,0.05,True
PD_03,pd,34.67,0.14783,0.20051,0.93916,0.603,0.918,0.216,True
PD_03,pd,34.68,0.17386,0.22984,0.93431,0.978,0.004,0.227,True
PD_03,pd,34.69,0.14878,0.20057,0.94617,0.142,-0.426,-0.02,True
PD_03,pd,34.7,0.15982,0.17538,0.95581,1.489,-0.386,0.74,True
PD_03,pd,34.71,0.16459,0.18725,0.94895,0.071,-0.467,-0.187,True
PD_03,pd,34.72,0.14832,0.19467,0.93548,0.253,-0.791,-0.288,True
PD_03,pd,34.730000000000004,0.16283,0.20627,0.96875,-0.626,0.588,-1.516,True
PD_03,pd,34.74,0.17828,0.19201,0.96683,-0.794,0.748,0.587,True
PD_03,pd,34.75,0.15831,0.19587,0.93565,-1.418,-0.202,-0.526,True
PD_03,pd,34.76,0.17653,0.20036,0.95205,0.38,-0.942,-0.054,True
PD_03,pd,34.77,0.13902,0.17866,0.92885,-0.394,0.168,0.461,True
PD_03,pd,34.78,0.14369,0.2107,0.94683,0.819,-2.197,-1.126,True
PD_03,pd,34.79,0.15139,0.21848,0.94703,-0.865,0.518,-1.381,True
PD_03,pd,34.800000000000004,0.14278,0.22387,0.96763,0.898,0.189,0.575,True
PD_03,pd,34.81,0.14708,0.2208,0.96574,0.53,-0.968,1.457,True
PD_03,pd,34.82,0.15024,0.18851,0.953,-0.01,0.825,-0.11,True
PD_03,pd,34.83,0.15236,0.23794,0.95663,0.232,0.182,0.379,True
PD_03,pd,34.84,0.15433,0.19152,0.95087,1.203,0.532,0.455,True
PD_03,pd,34.85,0.16096,0.21192,0.93184,0.081,-1.278,0.274,True
PD_03,pd,34.86,0.15206,0.22127,0.94308,-1.148,-0.363,0.269,True
PD_03,pd,34.87,0.18217,0.19241,0.93517,-0.621,1.017,0.214,True
PD_03,pd,34.88,0.13347,0.21831,0.95927,0.04,-0.411,0.504,True
PD_03,pd,34.89,0.13645,0.2133,0.95824,-0.051,-0.4,0.73,True
PD_03,pd,34.9,0.14084,0.21444,0.95667,0.802,1.209,0.38,True
PD_03,pd,34.910000000000004,0.13886,0.17185,0.94108,-0.937,-0.349,-1.002,True
PD_03,pd,34.92,0.15864,0.2035,0.95469,-0.369,-1.742,0.531,True
PD_03,pd,34.93,0.16148,0.19636,0.96332,-0.809,-0.264,-1.16,True
PD_03,pd,34.94,0.14759,0.22701,0.95714,0.406,0.24,-0.192,True
PD_03,pd,34.95,0.17957,0.22164,0.94462,1.386,0.111,-0.06,True
PD_03,pd,34.96,0.17919,0.18356,0.9446,2.016,-1.659,-0.682,True
PD_03,pd,34.97,0.15421,0.22305,0.9698,1.307,-0.188,0.93,True
PD_03,pd,34.980000000000004,0.17647,0.19992,0.96304,0.944,-0.174,-0.158,True
PD_03,pd,34.99,0.15061,0.20226,0.94551,0.366,-1.191,0.413,True
PD_03,pd,35.0,0.12751,0.18545,0.96195,-0.573,-0.425,0.243,True
PD_03,pd,35.01,0.14623,0.23466,0.94209,-0.208,0.396,0.301,True
PD_03,pd,35.02,0.17983,0.19014,0.92851,-0.164,-0.393,0.955,True
PD_03,pd,35.03,0.13944,0.20088,0.93623,1.064,0.979,-0.224,True
PD_03,pd,35.04,0.14884,0.21749,0.951,0.823,-0.518,1.101,True
PD_03,pd,35.050000000000004,0.14401,0.18996,0.95703,0.091,-0.012,0.353,True
PD_03,pd,35.06,0.13397,0.20077,0.95681,0.709,-0.431,-1.162,True
PD_03,pd,35.07,0.12752,0.20852,0.95631,-0.671,-0.503,1.103,True
PD_03,pd,35.08,0.14975,0.20552,0.94868,-1.387,-1.171,-0.05,True
PD_03,pd,35.09,0.12534,0.19267,0.98073,-0.814,-0.181,0.828,True
PD_03,pd,35.1,0.18226,0.19111,0.94216,-0.981,1.495,-0.373,True
PD_03,pd,35.11,0.14508,0.17247,0.97945,-0.148,0.518,1.327,True
PD_03,pd,35.12,0.15043,0.20777,0.95576,-0.382,-0.189,0.321,True
PD_03,pd,35.13,0.14199,0.18899,0.9594,0.063,-0.359,0.339,True
PD_03,pd,35.14,0.17716,0.21998,0.96378,0.703,-0.817,0.267,True
PD_03,pd,35.15,0.176,0.19981,0.96879,0.607,-0.907,1.103,True
PD_03,pd,35.160000000000004,0.17452,0.22004,0.95065,1.192,-0.219,-0.613,True
PD_03,pd,35.17,0.12585,0.2034,0.92031,-0.752,0.308,0.084,True
PD_03,pd,35.18,0.15878,0.19132,0.95763,-2.075,-1.068,-0.621,True
PD_03,pd,35.19,0.1637,0.16973,0.96387,0.07,0.237,0.94,True
PD_03,pd,35.2,0.13108,0.17668,0.98006,0.901,0.335,1.836,True
PD_03,pd,35.21,0.15945,0.17457,0.95063,-1.449,0.461,-0.365,True
PD_03,pd,35.22,0.17781,0.19313,0.92761,0.048,1.513,1.161,True
PD_03,pd,35.230000000000004,0.15288,0.21849,0.96552,0.254,-0.184,-0.131,True
PD_03,pd,35.24,0.15215,0.20681,0.90531,2.18,-0.357,0.032,True
PD_03,pd,35.25,0.14189,0.18458,0.94791,0.865,-0.045,-1.164,True
PD_03,pd,35.26,0.14397,0.20148,0.98208,0.279,0.477,-0.004,True
PD_03,pd,35.27,0.13664,0.21444,0.96569,0.401,0.803,0.158,True
PD_03,pd,35.28,0.17143,0.19156,0.92338,1.65,0.446,-0.743,True
PD_03,pd,35.29,0.15166,0.18617,0.95162,-0.528,1.192,-1.813,True
PD_03,pd,35.300000000000004,0.12707,0.22598,0.9281,-0.059,0.049,-0.067,True
PD_03,pd,35.31,0.14718,0.19312,0.96251,0.18,-0.114,-0.174,True
PD_03,pd,35.32,0.13475,0.20068,0.94615,0.695,1.192,-0.597,True
PD_03,pd,35.33,0.14126,0.1876,0.95415,0.619,0.72,0.213,True
PD_03,pd,35.34,0.13801,0.18476,0.95512,0.469,0.377,-0.552,True
PD_03,pd,35.35,0.14361,0.1983,0.95699,-0.915,-1.073,0.93,True
PD_03,pd,35.36,0.14431,0.21335,0.95226,2.373,0.42,-0.386,True
PD_03,pd,35.37,0.13599,0.1964,0.96244,0.384,1.492,-0.77,True
PD_03,pd,35.38,0.14688,0.19904,0.96318,-0.217,-0.632,-0.312,True
PD_03,pd,35.39,0.11246,0.18781,0.96931,0.915,-0.502,-0.07,True
PD_03,pd,35.4,0.13275,0.18849,0.98118,1.167,-0.91,-0.376,True
PD_03,pd,35.410000000000004,0.1332,0.18151,0.95418,-0.006,0.949,0.646,True
PD_03,pd,35.42,0.14938,0.16048,0.96407,-1.298,2.463,-0.338,True
PD_03,pd,35.43,0.14337,0.1983,0.95634,0.846,0.445,0.181,True
PD_03,pd,35.44,0.12881,0.19894,0.94489,0.268,0.459,0.282,True
PD_03,pd,35.45,0.13302,0.16408,0.95938,-1.001,0.268,0.343,True
PD_03,pd,35.46,0.13271,0.17439,0.98996,-0.235,1.782,0.008,True
PD_03,pd,35.47,0.15659,0.19097,0.92307,-2.216,1.206,-0.833,True
PD_03,pd,35.480000000000004,0.14739,0.18284,0.95807,-0.544,-0.06,-0.564,True
PD_03,pd,35.49,0.12629,0.19855,0.9967,0.383,-1.277,-0.796,True
PD_03,pd,35.5,0.13545,0.19978,0.95079,-1.038,0.258,0.483,True
PD_03,pd,35.51,0.11819,0.19847,0.9328,-0.063,-0.317,-1.934,True
PD_03,pd,35.52,0.14337,0.22431,0.97422,-0.109,0.624,-0.587,True
PD_03,pd,35.53,0.13901,0.17407,0.94663,-0.846,-0.573,1.665,True
PD_03,pd,35.54,0.12311,0.19399,0.96446,-0.261,0.665,-1.758,True
PD_03,pd,35.550000000000004,0.12849,0.20029,0.94998,1.351,0.737,0.636,True
PD_03,pd,35.56,0.11303,0.1739,0.96835,0.967,0.263,-1.201,True
PD_03,pd,35.57,0.13718,0.22065,0.97452,0.589,-1.339,0.011,True
PD_03,pd,35.58,0.11966,0.18758,0.9297,0.681,-1.342,1.837,True
PD_03,pd,35.59,0.10262,0.21485,0.96746,-0.97,0.64,-0.123,True
PD_03,pd,35.6,0.11703,0.182,0.99029,-0.398,-2.626,0.018,True
PD_03,pd,35.61,0.13222,0.19011,0.9909,0.5,-1.484,-2.182,True
PD_03,pd,35.62,0.12291,0.18802,0.97013,-0.107,-0.146,-0.539,True
PD_03,pd,35.63,0.13537,0.21434,0.95773,0.811,-0.56,-0.423,True
PD_03,pd,35.64,0.12576,0.2096,0.94893,-1.084,-0.104,-1.352,True
PD_03,pd,35.65,0.14866,0.18241,0.96458,0.431,-0.411,-0.282,True
PD_03,pd,35.660000000000004,0.12462,0.19606,0.93288,-0.334,0.415,0.182,True
PD_03,pd,35.67,0.1344,0.22021,0.94846,0.701,0.088,-0.225,True
PD_03,pd,35.68,0.13689,0.19036,0.93315,-0.901,-0.656,-0.413,True
PD_03,pd,35.69,0.1371,0.1901,0.95097,-0.903,-0.107,0.687,True
PD_03,pd,35.7,0.15121,0.19991,0.96187,0.683,1.525,-0.321,True
PD_03,pd,35.71,0.10756,0.21506,0.94858,0.553,-0.574,-0.773,True
PD_03,pd,35.72,0.11569,0.22281,0.96264,-0.404,-0.494,0.289,True
PD_03,pd,35.730000000000004,0.12742,0.18763,0.95676,0.038,0.353,0.763,True
PD_03,pd,35.74,0.12142,0.22025,0.95552,0.653,-0.431,-0.744,True
PD_03,pd,35.75,0.13267,0.17082,0.9493,-0.522,-0.792,-1.109,True
PD_03,pd,35.76,0.15931,0.20187,0.97591,-1.411,0.756,-0.105,True
PD_03,pd,35.77,0.11649,0.16522,0.95474,1.469,-0.013,-0.366,True
PD_03,pd,35.78,0.09373,0.19367,0.94807,-0.997,0.071,-0.538,True
PD_03,pd,35.79,0.12844,0.20003,0.96669,-0.198,-0.701,-0.366,True
PD_03,pd,35.800000000000004,0.10185,0.15233,0.97035,0.028,0.002,0.116,True
PD_03,pd,35.81,0.10813,0.19618,0.94386,-0.589,-0.162,-0.833,True
PD_03,pd,35.82,0.10994,0.18254,0.97851,0.579,0.994,0.431,True
PD_03,pd,35.83,0.09123,0.20703,0.95171,-0.631,-0.353,-1.004,True
PD_03,pd,35.84,0.14705,0.1732,0.95176,-0.595,-0.32,-0.604,True
PD_03,pd,35.85,0.10671,0.16395,0.9775,-1.014,0.12,-0.975,True
PD_03,pd,35.86,0.11733,0.20041,0.97802,-0.54,1.324,-0.054,True
PD_03,pd,35.87,0.12042,0.19629,0.94161,-0.013,-1.42,0.362,True
PD_03,pd,35.88,0.13342,0.21349,0.98279,0.298,0.076,0.087,True
PD_03,pd,35.89,0.15193,0.19579,0.95077,0.155,0.311,-0.233,True
PD_03,pd,35.9,0.12805,0.19261,0.98381,0.746,0.874,1.612,True
PD_03,pd,35.910000000000004,0.12583,0.17252,0.97642,-0.038,-1.657,-0.045,True
PD_03,pd,35.92,0.13079,0.17213,0.95353,-0.601,0.491,1.38,True
PD_03,pd,35.93,0.10509,0.18414,0.95088,1.106,0.623,0.75,True
PD_03,pd,35.94,0.11301,0.20045,0.96893,0.328,-0.848,1.089,True
PD_03,pd,35.95,0.12399,0.20227,0.97058,0.58,0.271,-0.189,True
PD_03,pd,35.96,0.1287,0.15033,0.96802,0.875,-0.502,0.144,True
PD_03,pd,35.97,0.10971,0.17195,0.96385,0.54,0.483,-0.926,True
PD_03,pd,35.980000000000004,0.13723,0.16695,0.96713,-0.882,-0.104,-0.586,True
PD_03,pd,35.99,0.10971,0.15347,0.91357,0.879,-0.401,-0.536,True
PD_03,pd,36.0,0.11839,0.1702,1.00444,1.514,0.257,-0.203,True
PD_03,pd,36.01,0.13724,0.21187,0.94704,-0.814,1.667,-0.091,True
PD_03,pd,36.02,0.08476,0.17388,0.95796,-0.091,-0.053,-0.107,True
PD_03,pd,36.03,0.12075,0.15862,0.96091,-0.043,-1.86,0.72,True
PD_03,pd,36.04,0.12631,0.16044,0.95468,0.248,-0.369,-0.812,True
PD_03,pd,36.050000000000004,0.13644,0.18363,0.97159,0.845,0.086,0.172,True
PD_03,pd,36.06,0.11462,0.19393,0.99213,-0.821,-1.091,-0.246,True
PD_03,pd,36.07,0.12387,0.17566,0.95035,-1.15,0.463,0.685,True
PD_03,pd,36.08,0.13765,0.17682,0.95936,0.592,-0.647,-2.342,True
PD_03,pd,36.09,0.11773,0.18279,0.98355,0.473,-0.092,-0.49,True
PD_03,pd,36.1,0.12359,0.19047,0.96414,-0.446,-0.883,-0.486,True
PD_03,pd,36.11,0.12609,0.17618,0.93783,-1.78,1.434,0.032,True
PD_03,pd,36.12,0.11448,0.21164,0.9574,0.194,-1.256,-0.902,True
PD_03,pd,36.13,0.11609,0.18729,0.98808,0.317,0.266,-0.178,True
PD_03,pd,36.14,0.1179,0.20511,0.97354,-0.053,0.96,-0.628,True
PD_03,pd,36.15,0.11067,0.17872,0.95528,-1.053,0.464,0.627,True
PD_03,pd,36.160000000000004,0.10647,0.21596,0.96801,0.27,0.091,-0.672,True
PD_03,pd,36.17,0.09004,0.18271,0.95829,2.028,-1.236,0.382,True
PD_03,pd,36.18,0.11991,0.2187,0.98201,-1.488,-0.63,-1.187,True
PD_03,pd,36.19,0.10393,0.17923,0.98362,-0.345,0.756,1.829,True
PD_03,pd,36.2,0.11511,0.1847,0.98676,0.448,-0.043,-0.879,True
PD_03,pd,36.21,0.11617,0.19209,0.9698,0.166,0.179,-1.245,True
PD_03,pd,36.22,0.14641,0.16676,0.94395,0.435,-0.225,1.02,True
PD_03,pd,36.230000000000004,0.10357,0.16191,0.9603,-1.499,-0.092,-0.553,True
PD_03,pd,36.24,0.12093,0.19036,0.96241,-1.346,-0.79,-0.443,True
PD_03,pd,36.25,0.09621,0.15989,0.9673,1.784,0.162,-0.447,True
PD_03,pd,36.26,0.10256,0.17433,0.96603,-0.12,0.663,1.891,True
PD_03,pd,36.27,0.11904,0.17706,0.97162,0.419,0.035,-1.653,True
PD_03,pd,36.28,0.11602,0.19554,0.95085,0.246,2.089,-0.002,True
PD_03,pd,36.29,0.10549,0.19542,0.95209,-0.646,0.021,0.549,True
PD_03,pd,36.300000000000004,0.11463,0.17828,0.97414,1.188,-0.213,0.133,True
PD_03,pd,36.31,0.14266,0.17404,0.98411,0.198,0.622,-1.167,True
PD_03,pd,36.32,0.11254,0.17818,0.94512,1.77,0.938,-0.282,True
PD_03,pd,36.33,0.11715,0.18988,0.96984,0.646,0.78,-0.363,True
PD_03,pd,36.34,0.12138,0.19293,0.95317,-1.723,-0.39,0.385,True
PD_03,pd,36.35,0.1089,0.18282,0.97568,-0.02,-0.2,0.327,True
PD_03,pd,36.36,0.10595,0.15341,0.96975,0.114,-0.905,0.577,True
PD_03,pd,36.37,0.09978,0.15927,0.96493,-0.519,1.27,-0.314,True
PD_03,pd,36.38,0.11214,0.18101,0.94483,-0.161,0.727,-0.056,True
PD_03,pd,36.39,0.11239,0.1966,0.96112,0.46,-0.487,0.607,True
PD_03,pd,36.4,0.114,0.17735,0.96696,0.266,0.214,0.16,True
PD_03,pd,36.410000000000004,0.09404,0.15068,0.9982,1.658,-1.133,-0.61,True
PD_03,pd,36.42,0.11132,0.18018,0.95214,-0.797,1.023,-0.565,True
PD_03,pd,36.43,0.09332,0.19307,0.93477,-1.007,1.269,0.085,True
PD_03,pd,36.44,0.12576,0.17496,0.99178,1.166,1.105,-0.022,True
PD_03,pd,36.45,0.0893,0.19403,0.97857,-1.318,-0.448,0.246,True
PD_03,pd,36.46,0.10645,0.18421,0.9594,-0.133,0.065,0.301,True
PD_03,pd,36.47,0.12381,0.156,0.95565,-0.573,1.213,0.725,True
PD_03,pd,36.480000000000004,0.10355,0.18572,0.95716,-0.52,0.39,-0.171,True
PD_03,pd,36.49,0.13113,0.18972,0.99745,0.842,1.328,0.36,True
PD_03,pd,36.5,0.1068,0.19551,0.98906,-0.176,0.224,-0.04,True
PD_03,pd,36.51,0.12182,0.18325,0.98491,-0.134,0.212,-0.597,True
PD_03,pd,36.52,0.13293,0.18413,0.98306,1.293,0.45,-0.374,True
PD_03,pd,36.53,0.09969,0.18147,0.98208,0.911,-0.649,0.497,True
PD_03,pd,36.54,0.09794,0.17574,0.94526,-0.656,0.165,0.342,True
PD_03,pd,36.550000000000004,0.10645,0.1837,0.96874,-0.8,0.537,-1.547,True
PD_03,pd,36.56,0.09681,0.19938,0.99314,-0.331,-0.656,0.591,True
PD_03,pd,36.57,0.11194,0.20308,0.98057,0.303,1.577,0.798,True
PD_03,pd,36.58,0.11173,0.161,0.98569,-0.391,0.354,0.349,True
PD_03,pd,36.59,0.0835,0.14699,0.9732,-0.556,-0.361,-0.082,True
PD_03,pd,36.6,0.09142,0.19795,0.9538,-0.033,-0.487,-0.19,True
PD_03,pd,36.61,0.10203,0.19951,0.95852,-0.166,-0.718,0.848,True
PD_03,pd,36.62,0.10755,0.2156,0.97909,-0.68,-1.379,0.121,True
PD_03,pd,36.63,0.12129,0.2074,0.97626,0.147,0.752,-0.572,True
PD_03,pd,36.64,0.1168,0.17726,0.96086,0.168,-0.16,-1.389,True
PD_03,pd,36.65,0.09591,0.20415,1.01127,-0.237,-0.326,0.587,True
PD_03,pd,36.660000000000004,0.13367,0.17488,0.97581,0.785,-0.537,1.372,True
PD_03,pd,36.67,0.06311,0.1705,0.9817,-0.013,0.519,2.028,True
PD_03,pd,36.68,0.08115,0.21131,0.95218,0.026,-1.098,-0.621,True
PD_03,pd,36.69,0.13504,0.18359,0.96569,0.699,-0.388,0.002,True
PD_03,pd,36.7,0.11951,0.19073,0.95401,1.369,0.344,0.208,True
PD_03,pd,36.71,0.11527,0.17136,0.93844,-0.289,-0.05,-1.533,True
PD_03,pd,36.72,0.08373,0.18335,1.00482,-0.32,-0.494,0.91,True
PD_03,pd,36.730000000000004,0.08575,0.18998,0.97121,-0.187,-0.505,0.26,True
PD_03,pd,36.74,0.08916,0.17431,0.98527,0.427,0.358,0.003,True
PD_03,pd,36.75,0.10114,0.17791,0.98268,0.438,-0.867,-0.153,True
PD_03,pd,36.76,0.13428,0.15442,0.98157,0.19,-0.257,0.017,True
PD_03,pd,36.77,0.08644,0.18611,0.95915,0.321,0.75,0.391,True
PD_03,pd,36.78,0.08879,0.17721,0.98365,0.367,0.558,1.249,True
PD_03,pd,36.79,0.11975,0.19042,0.99809,0.227,-0.056,-0.401,True
PD_03,pd,36.800000000000004,0.0921,0.20293,0.96227,0.515,0.512,-0.209,True
PD_03,pd,36.81,0.11054,0.18184,0.97875,-0.319,-0.515,1.181,True
PD_03,pd,36.82,0.09526,0.176,0.97677,-0.224,-1.073,-0.214,True
PD_03,pd,36.83,0.12056,0.19133,0.97419,0.01,-0.148,-0.888,True
PD_03,pd,36.84,0.09246,0.17058,0.95698,-0.455,-0.776,0.92,True
PD_03,pd,36.85,0.10905,0.15025,0.96749,-0.999,0.547,-1.755,True
PD_03,pd,36.86,0.06857,0.16581,0.97912,-0.569,0.493,0.695,True
PD_03,pd,36.87,0.10159,0.15792,0.96037,-0.451,1.02,-0.351,True
PD_03,pd,36.88,0.11544,0.16795,0.98277,-0.576,-0.833,-0.576,True
PD_03,pd,36.89,0.09881,0.20734,1.00314,-0.587,-1.706,-1.669,True
PD_03,pd,36.9,0.12818,0.18786,0.97064,-0.644,-0.311,-1.139,True
PD_03,pd,36.910000000000004,0.11562,0.17144,0.97958,-1.887,-0.593,0.514,True
PD_03,pd,36.92,0.11373,0.1835,0.97202,0.408,-1.494,-0.985,True
PD_03,pd,36.93,0.09477,0.18962,0.93522,-1.191,-0.614,-1.705,True
PD_03,pd,36.94,0.09646,0.1923,0.95885,0.838,-0.272,-1.009,True
PD_03,pd,36.95,0.10704,0.19342,0.96555,-0.495,-0.083,0.345,True
PD_03,pd,36.96,0.10261,0.17969,0.95511,0.41,-1.542,0.278,True
PD_03,pd,36.97,0.08319,0.17484,0.99643,0.802,-0.445,-0.696,True
PD_03,pd,36.980000000000004,0.10002,0.17604,0.98413,-0.189,0.734,-1.004,True
PD_03,pd,36.99,0.1342,0.18463,0.97269,0.262,0.919,0.277,True
PD_03,pd,37.0,0.09891,0.1983,0.98498,-0.8,0.297,0.52,True
PD_03,pd,37.01,0.10573,0.17304,0.96799,0.406,0.324,0.219,True
PD_03,pd,37.02,0.09927,0.14507,0.98231,-0.287,1.116,-0.822,True
PD_03,pd,37.03,0.09129,0.18954,0.9729,0.66,-0.844,-0.257,True
PD_03,pd,37.04,0.11461,0.17013,0.95976,0.214,-0.279,0.287,True
PD_03,pd,37.050000000000004,0.10161,0.20048,0.99957,-0.936,-0.482,-0.083,True
PD_03,pd,37.06,0.11818,0.17065,0.99991,-0.536,-0.783,-0.535,True
PD_03,pd,37.07,0.10914,0.15091,0.97523,-0.633,-0.717,-0.149,True
PD_03,pd,37.08,0.09296,0.17514,0.98337,-0.906,0.089,0.984,True
PD_03,pd,37.09,0.11583,0.18983,0.95894,0.349,-0.105,1.424,True
PD_03,pd,37.1,0.10796,0.16865,0.97507,-1.084,-0.116,-0.821,True
PD_03,pd,37.11,0.09082,0.18357,0.98746,0.296,0.932,-0.473,True
PD_03,pd,37.12,0.0834,0.18745,0.96477,-1.163,-0.113,-0.717,True
PD_03,pd,37.13,0.07135,0.17755,0.97932,-1.661,-0.195,0.207,True
PD_03,pd,37.14,0.09665,0.17753,0.98298,0.158,0.281,1.232,True
PD_03,pd,37.15,0.11313,0.19156,0.94998,0.781,-0.806,0.12,True
PD_03,pd,37.160000000000004,0.08586,0.15642,0.99458,-0.164,-1.224,-0.6,True
PD_03,pd,37.17,0.09763,0.16862,0.98782,-0.902,1.297,0.33,True
PD_03,pd,37.18,0.11677,0.17647,0.97417,-0.118,-0.937,1.82,True
PD_03,pd,37.19,0.10534,0.18413,0.98318,-1.332,0.968,0.37,True
PD_03,pd,37.2,0.12172,0.17694,0.98852,-0.696,0.709,0.067,True
PD_03,pd,37.21,0.11515,0.17042,0.96923,0.025,-1.267,1.119,True
PD_03,pd,37.22,0.10636,0.16057,0.97225,0.795,0.051,-1.733,True
PD_03,pd,37.230000000000004,0.10543,0.15257,0.94581,-0.37,0.056,0.94,True
PD_03,pd,37.24,0.08677,0.18952,0.94076,0.969,0.092,-0.999,True
PD_03,pd,37.25,0.10906,0.16982,0.98407,1.108,0.556,0.186,True
PD_03,pd,37.26,0.1151,0.16752,0.97898,-0.331,1.03,0.813,True
PD_03,pd,37.27,0.09706,0.16621,0.9732,-1.786,0.083,-0.149,True
PD_03,pd,37.28,0.11431,0.16521,0.95664,0.258,0.903,-0.406,True
PD_03,pd,37.29,0.10022,0.16494,0.99065,0.221,0.425,0.558,True
PD_03,pd,37.300000000000004,0.08197,0.18927,0.96216,-0.349,-0.478,-0.717,True
PD_03,pd,37.31,0.12222,0.17989,0.99569,-0.04,1.238,0.811,True
PD_03,pd,37.32,0.07633,0.19119,0.99277,1.026,-0.343,0.038,True
PD_03,pd,37.33,0.11534,0.17841,0.97817,-0.093,0.155,0.745,True
PD_03,pd,37.34,0.10371,0.19239,1.00406,0.409,0.742,-0.85,True
PD_03,pd,37.35,0.07617,0.18976,0.9645,-0.859,1.019,0.019,True
PD_03,pd,37.36,0.09944,0.14897,0.96848,1.773,-0.884,-1.726,True
PD_03,pd,37.37,0.10915,0.16061,0.97642,0.342,0.87,0.114,True
PD_03,pd,37.38,0.10672,0.18726,0.96801,-0.183,-0.792,-0.219,True
PD_03,pd,37.39,0.09378,0.15396,0.98796,0.768,0.393,1.282,True
PD_03,pd,37.4,0.10591,0.17911,0.96864,1.617,-1.085,0.033,True
PD_03,pd,37.410000000000004,0.10055,0.18451,0.97887,-0.6,0.088,0.192,True
PD_03,pd,37.42,0.106,0.15446,0.94627,0.668,0.114,-0.88,True
PD_03,pd,37.43,0.11251,0.18131,0.95841,0.504,0.69,-0.111,True
PD_03,pd,37.44,0.11594,0.19166,0.96602,-0.135,-0.722,-0.311,True
PD_03,pd,37.45,0.11841,0.1768,0.96379,0.08,0.867,1.187,True
PD_03,pd,37.46,0.09062,0.18092,0.97675,1.631,1.355,-0.117,True
PD_03,pd,37.47,0.10085,0.19128,0.98756,1.34,-0.385,-0.224,True
PD_03,pd,37.480000000000004,0.09489,0.17034,0.98921,-0.235,-0.409,-1.522,True
PD_03,pd,37.49,0.08743,0.13837,0.99037,0.113,0.043,0.659,True
PD_03,pd,37.5,0.11108,0.15894,0.92043,0.582,-0.187,-0.039,True
PD_03,pd,37.51,0.13491,0.16816,0.97687,-2.117,-0.535,1.144,True
PD_03,pd,37.52,0.13008,0.1693,1.00703,-1.101,-0.878,0.85,True
PD_03,pd,37.53,0.09901,0.1798,0.97242,0.473,-1.536,-0.447,True
PD_03,pd,37.54,0.08983,0.16656,0.97923,-0.163,0.049,0.587,True
PD_03,pd,37.550000000000004,0.09656,0.17023,0.99807,-0.007,0.669,-1.288,True
PD_03,pd,37.56,0.11637,0.18935,0.95857,0.197,-0.045,1.229,True
PD_03,pd,37.57,0.086,0.15427,0.98084,-0.478,1.575,-0.172,True
PD_03,pd,37.58,0.11356,0.18194,1.00225,-1.518,-0.225,1.468,True
PD_03,pd,37.59,0.08638,0.17257,0.95639,-0.655,0.931,-1.201,True
PD_03,pd,37.6,0.09474,0.16674,0.99379,-0.475,-2.413,-1.162,True
PD_03,pd,37.61,0.11235,0.17011,0.94148,1.464,-1.311,-0.58,True
PD_03,pd,37.62,0.10464,0.16664,0.99703,0.172,-0.362,-0.819,True
PD_03,pd,37.63,0.08031,0.18174,0.99303,-1.563,0.954,-0.044,True
PD_03,pd,37.64,0.06409,0.18127,1.00238,-0.049,0.136,-0.909,True
PD_03,pd,37.65,0.07959,0.1816,0.98361,-1.177,-0.697,1.052,True
PD_03,pd,37.660000000000004,0.09979,0.18115,0.98315,0.516,0.26,0.56,True
PD_03,pd,37.67,0.11018,0.19396,0.96387,0.382,0.937,0.256,True
PD_03,pd,37.68,0.10281,0.17387,0.98276,-0.351,-0.505,-0.39,True
PD_03,pd,37.69,0.09825,0.15701,0.97631,0.322,1.896,0.883,True
PD_03,pd,37.7,0.12216,0.19345,0.93956,0.334,1.878,0.546,True
PD_03,pd,37.71,0.08916,0.15805,0.97886,-1.404,1.099,0.464,True
PD_03,pd,37.72,0.08277,0.16962,0.98695,1.133,-0.663,0.522,True
PD_03,pd,37.730000000000004,0.07859,0.162,0.97488,-0.689,-0.589,-0.007,True
PD_03,pd,37.74,0.09644,0.17085,0.95334,-1.174,-0.998,1.497,True
PD_03,pd,37.75,0.10436,0.17229,0.98101,0.667,0.313,-0.915,True
PD_03,pd,37.76,0.08363,0.17586,0.97126,0.378,0.023,0.31,True
PD_03,pd,37.77,0.10031,0.1865,0.95927,-0.69,0.996,-0.314,True
PD_03,pd,37.78,0.10745,0.18175,1.00012,0.069,0.842,-1.356,True
PD_03,pd,37.79,0.09192,0.18476,1.01164,-0.017,-0.017,-0.403,True
PD_03,pd,37.800000000000004,0.11034,0.18857,0.98061,1.283,0.476,0.141,True
PD_03,pd,37.81,0.11362,0.17069,0.97438,-0.12,-1.156,-0.483,True
PD_03,pd,37.82,0.09959,0.19582,0.98545,0.364,-0.5,0.51,True
PD_03,pd,37.83,0.07103,0.14767,0.96543,0.307,0.532,-1.092,True
PD_03,pd,37.84,0.11301,0.19103,0.97029,1.776,-0.12,-0.827,True
PD_03,pd,37.85,0.10672,0.15473,0.95301,-0.988,-0.384,0.954,True
PD_03,pd,37.86,0.09673,0.16052,0.97639,0.194,-1.701,0.064,True
PD_03,pd,37.87,0.11301,0.19791,0.95929,1.52,0.145,-0.6,True
PD_03,pd,37.88,0.09812,0.19041,0.97156,1.917,-0.594,0.478,True
PD_03,pd,37.89,0.11284,0.17158,0.96444,-0.945,0.915,-0.251,True
PD_03,pd,37.9,0.10776,0.16892,0.97262,0.239,-0.367,0.353,True
PD_03,pd,37.910000000000004,0.08966,0.20731,0.96384,-0.741,-0.028,-1.077,True
PD_03,pd,37.92,0.11137,0.17464,0.96754,-0.755,-0.401,0.788,True
PD_03,pd,37.93,0.11935,0.18837,0.9591,-0.464,-1.416,0.316,True
PD_03,pd,37.94,0.12206,0.16577,0.98699,1.037,-0.508,-1.404,True
PD_03,pd,37.95,0.08934,0.17436,0.99454,1.027,-0.148,0.643,True
PD_03,pd,37.96,0.07551,0.18827,0.97747,0.651,0.037,0.065,True
PD_03,pd,37.97,0.11948,0.19286,0.99873,-0.049,-0.908,-0.279,True
PD_03,pd,37.980000000000004,0.10755,0.19617,0.9647,0.542,0.188,-0.265,True
PD_03,pd,37.99,0.09243,0.17328,0.9598,-1.154,1.238,-0.277,True
PD_03,pd,38.0,0.09764,0.17064,0.98521,0.116,-0.114,0.747,True
PD_03,pd,38.01,0.12958,0.17767,0.99041,0.417,-0.603,1.078,True
PD_03,pd,38.02,0.07723,0.15558,0.98305,0.051,0.47,-1.328,True
PD_03,pd,38.03,0.12439,0.15269,0.98612,-0.531,2.021,0.187,True
PD_03,pd,38.04,0.08889,0.18161,0.97272,-0.158,-0.05,0.327,True
PD_03,pd,38.050000000000004,0.06648,0.19023,0.98035,-0.815,-0.13,-0.801,True
PD_03,pd,38.06,0.09349,0.1557,0.97247,-0.38,-0.502,1.128,True
PD_03,pd,38.07,0.08443,0.1826,0.96512,-0.319,0.696,0.319,True
PD_03,pd,38.08,0.11113,0.18174,0.97693,-0.637,-0.419,0.112,True
PD_03,pd,38.09,0.11987,0.17906,0.93023,1.35,0.457,0.501,True
PD_03,pd,38.1,0.07317,0.19261,0.95716,-0.153,-0.229,-0.875,True
PD_03,pd,38.11,0.10755,0.18814,0.96869,0.21,-0.04,-0.479,True
PD_03,pd,38.12,0.08394,0.16607,0.99994,-0.356,1.601,-1.717,True
PD_03,pd,38.13,0.1045,0.15834,0.99187,-0.266,0.094,-0.401,True
PD_03,pd,38.14,0.11098,0.19364,0.98411,-1.338,0.761,-0.611,True
PD_03,pd,38.15,0.09222,0.17794,0.97781,0.324,1.625,-0.751,True
PD_03,pd,38.160000000000004,0.11492,0.18864,0.96833,-1.562,-0.288,1.111,True
PD_03,pd,38.17,0.12611,0.16821,0.99353,0.321,-0.214,-1.307,True
PD_03,pd,38.18,0.11047,0.19642,0.96703,-1.119,0.659,-0.786,True
PD_03,pd,38.19,0.0757,0.15347,0.96812,-0.086,0.001,0.593,True
PD_03,pd,38.2,0.08979,0.16707,0.98592,-0.398,-1.106,0.026,True
PD_03,pd,38.21,0.10236,0.2094,0.95812,-0.511,0.203,-0.138,True
PD_03,pd,38.22,0.09306,0.18605,0.95926,0.262,0.299,-0.546,True
PD_03,pd,38.230000000000004,0.09564,0.15347,0.98009,0.216,-0.939,-2.027,True
PD_03,pd,38.24,0.09951,0.1564,0.97914,-1.38,-1.885,-0.059,True
PD_03,pd,38.25,0.09726,0.14775,0.9727,1.076,0.032,0.36,True
PD_03,pd,38.26,0.14485,0.19042,0.95315,-0.616,0.915,-0.596,True
PD_03,pd,38.27,0.12158,0.1922,0.95027,-0.295,-0.785,-0.477,True
PD_03,pd,38.28,0.09812,0.18552,0.97819,0.203,-0.922,0.823,True
PD_03,pd,38.29,0.11185,0.17205,0.99161,-0.938,0.68,1.793,True
PD_03,pd,38.300000000000004,0.09517,0.17328,0.96862,0.807,-0.357,-0.524,True
PD_03,pd,38.31,0.10662,0.21201,0.95924,0.175,-0.789,0.678,True
PD_03,pd,38.32,0.09649,0.16727,0.95441,0.189,-0.218,-1.806,True
PD_03,pd,38.33,0.10026,0.18449,0.99728,-0.837,-0.44,0.339,True
PD_03,pd,38.34,0.08735,0.19301,0.97454,1.198,1.003,-0.067,True
PD_03,pd,38.35,0.10119,0.19338,0.97657,1.979,0.067,-0.073,True
PD_03,pd,38.36,0.11637,0.16942,0.96706,0.086,0.081,-1.186,True
PD_03,pd,38.37,0.10513,0.13142,0.95643,-0.031,0.579,-0.477,True
PD_03,pd,38.38,0.11513,0.15015,0.95908,-0.395,-0.404,1.191,True
PD_03,pd,38.39,0.11005,0.16394,0.95513,-1.098,1.274,0.037,True
PD_03,pd,38.4,0.0762,0.17123,0.96517,-0.216,1.381,-0.926,True
PD_03,pd,38.410000000000004,0.12132,0.16425,0.99774,-0.256,0.105,-0.715,True
PD_03,pd,38.42,0.11389,0.18154,0.9848,1.84,-1.757,0.069,True
PD_03,pd,38.43,0.11514,0.16944,0.98751,0.087,0.52,0.042,True
PD_03,pd,38.44,0.10938,0.17629,0.95989,-0.924,0.418,-0.028,True
PD_03,pd,38.45,0.12368,0.184,0.93134,1.651,-0.162,-0.532,True
PD_03,pd,38.46,0.10272,0.18284,0.96573,0.082,-0.003,0.404,True
PD_03,pd,38.47,0.12114,0.18521,0.96889,1.115,-0.168,0.595,True
PD_03,pd,38.480000000000004,0.09243,0.18208,0.97647,-2.123,0.554,-0.18,True
PD_03,pd,38.49,0.10913,0.16912,0.96893,1.703,-0.282,0.272,True
PD_03,pd,38.5,0.1238,0.18597,0.98093,1.372,1.815,0.377,True
PD_03,pd,38.51,0.11482,0.18724,0.94774,-0.286,1.293,-1.517,True
PD_03,pd,38.52,0.14167,0.17103,0.99398,2.103,1.23,-0.4,True
PD_03,pd,38.53,0.12343,0.18168,0.9682,1.119,0.563,0.027,True
PD_03,pd,38.54,0.08796,0.17539,0.98288,-0.054,-1.063,-0.769,True
PD_03,pd,38.550000000000004,0.12025,0.19742,0.97125,1.046,0.016,0.216,True
PD_03,pd,38.56,0.09839,0.17984,0.95853,-0.139,-0.38,0.404,True
PD_03,pd,38.57,0.13519,0.17961,0.97798,0.229,-0.196,0.564,True
PD_03,pd,38.58,0.10997,0.19335,0.95882,0.287,1.427,-0.254,True
PD_03,pd,38.59,0.12339,0.18581,0.95111,-0.341,1.359,-0.047,True
PD_03,pd,38.6,0.11818,0.17351,0.94486,0.362,0.157,-0.709,True
PD_03,pd,38.61,0.12964,0.1771,0.98462,-0.781,-1.293,-0.339,True
PD_03,pd,38.62,0.10705,0.18231,1.00447,-0.633,-1.048,0.881,True
PD_03,pd,38.63,0.11101,0.1645,0.99893,0.261,-0.431,0.084,True
PD_03,pd,38.64,0.09795,0.17081,0.96692,0.181,-1.116,1.686,True
PD_03,pd,38.65,0.12251,0.18104,0.96721,-0.453,0.875,-0.2,True
PD_03,pd,38.660000000000004,0.11263,0.18818,0.96822,-0.389,-0.59,-1.146,True
PD_03,pd,38.67,0.10399,0.1683,0.96957,2.159,-0.351,1.044,True
PD_03,pd,38.68,0.14434,0.18036,0.97408,-1.364,-1.55,0.263,True
PD_03,pd,38.69,0.1315,0.17304,0.95801,0.009,1.16,0.277,True
PD_03,pd,38.7,0.1215,0.18404,0.95858,0.378,0.666,0.872,True
PD_03,pd,38.71,0.13786,0.17236,0.94702,0.301,0.703,0.009,True
PD_03,pd,38.72,0.11756,0.18905,0.97955,-0.097,0.052,2.013,True
PD_03,pd,38.730000000000004,0.11179,0.18019,0.98143,0.233,1.132,0.366,True
PD_03,pd,38.74,0.106,0.17327,0.9674,-0.015,-0.569,-1.685,True
PD_03,pd,38.75,0.12012,0.1903,0.9719,-1.073,0.702,-1.36,True
PD_03,pd,38.76,0.13291,0.1637,0.98581,-0.6,-1.355,-0.092,True
PD_03,pd,38.77,0.12171,0.19249,0.99497,-0.256,-0.014,0.274,True
PD_03,pd,38.78,0.13453,0.2145,0.95325,-0.939,-0.394,-0.025,True
PD_03,pd,38.79,0.14513,0.187,0.96627,0.251,0.422,1.622,True
PD_03,pd,38.800000000000004,0.11529,0.20017,0.9667,-0.184,-1.803,1.064,True
PD_03,pd,38.81,0.0856,0.1541,0.97346,0.085,-0.708,-1.523,True
PD_03,pd,38.82,0.13272,0.17916,0.96346,0.343,0.696,0.578,True
PD_03,pd,38.83,0.11083,0.17266,0.94267,-0.6,0.2,-1.039,True
PD_03,pd,38.84,0.09629,0.16563,0.96519,0.498,0.639,0.74,True
PD_03,pd,38.85,0.10385,0.1624,0.95344,-1.472,-0.311,-0.022,True
PD_03,pd,38.86,0.12473,0.19482,0.96294,0.833,-0.025,0.076,True
PD_03,pd,38.87,0.12411,0.1976,0.96444,0.675,1.008,0.902,True
PD_03,pd,38.88,0.09943,0.20344,0.94251,-1.683,-0.604,-0.593,True
PD_03,pd,38.89,0.10191,0.19641,0.97564,-0.007,-0.821,0.556,True
PD_03,pd,38.9,0.14841,0.18308,0.97331,1.043,0.273,-1.195,True
PD_03,pd,38.910000000000004,0.13372,0.1888,0.95493,0.138,-0.612,1.254,True
PD_03,pd,38.92,0.09681,0.1646,0.9679,-0.987,0.058,-0.489,True
PD_03,pd,38.93,0.11329,0.18651,0.96474,0.901,-0.076,-1.173,True
PD_03,pd,38.94,0.09893,0.20836,0.99914,0.627,-0.396,0.857,True
PD_03,pd,38.95,0.11151,0.17426,0.98159,-0.435,-1.241,0.306,True
PD_03,pd,38.96,0.13374,0.16438,0.96855,0.426,-0.939,-0.926,True
PD_03,pd,38.97,0.15254,0.20978,0.95957,0.303,0.618,0.091,True
PD_03,pd,38.980000000000004,0.09214,0.20544,0.99813,-0.129,-0.945,0.358,True
PD_03,pd,38.99,0.15306,0.18265,0.96471,-1.176,-0.629,-0.246,True
PD_03,pd,39.0,0.13208,0.21202,0.95171,0.109,0.061,0.492,True
PD_03,pd,39.01,0.12984,0.18882,0.96015,0.127,-0.792,0.66,True
PD_03,pd,39.02,0.11041,0.17854,0.9585,0.107,-0.143,0.472,True
PD_03,pd,39.03,0.13873,0.19275,0.96492,0.137,-0.189,0.289,True
PD_03,pd,39.04,0.09253,0.19496,0.96304,0.806,0.859,-0.651,True
PD_03,pd,39.050000000000004,0.11984,0.17677,0.96072,2.048,-0.992,1.209,True
PD_03,pd,39.06,0.13918,0.17117,0.98173,0.263,0.232,0.04,True
PD_03,pd,39.07,0.11692,0.18653,0.96802,-0.942,0.858,0.595,True
PD_03,pd,39.08,0.14205,0.18987,0.96531,-0.176,1.681,-0.831,True
PD_03,pd,39.09,0.09724,0.19028,0.99655,-0.669,-0.863,1.043,True
PD_03,pd,39.1,0.1269,0.18976,0.96882,-1.149,1.917,0.071,True
PD_03,pd,39.11,0.14075,0.16812,0.97679,1.787,-1.648,0.503,True
PD_03,pd,39.12,0.14312,0.20238,0.96932,-1.854,0.215,-1.4,True
PD_03,pd,39.13,0.10596,0.17603,0.96049,-1.118,-0.118,0.471,True
PD_03,pd,39.14,0.12501,0.18838,0.97024,-0.224,-0.676,-1.158,True
PD_03,pd,39.15,0.14759,0.19431,0.95882,0.226,-1.023,-1.106,True
PD_03,pd,39.160000000000004,0.14833,0.17747,0.94229,0.205,-0.873,-0.753,True
PD_03,pd,39.17,0.13824,0.20087,0.9919,1.001,0.703,-0.415,True
PD_03,pd,39.18,0.12186,0.19962,0.94955,-0.489,-2.238,0.291,True
PD_03,pd,39.19,0.12561,0.20988,0.95856,-0.488,-0.097,0.302,True
PD_03,pd,39.2,0.14778,0.20861,0.96294,-2.698,-0.201,0.113,True
PD_03,pd,39.21,0.13594,0.19783,0.94782,0.644,-1.124,-0.462,True
PD_03,pd,39.22,0.12187,0.20269,0.94737,-0.437,1.456,-0.176,True
PD_03,pd,39.230000000000004,0.1425,0.19473,0.93707,-0.408,-0.454,-0.403,True
PD_03,pd,39.24,0.13163,0.18945,0.91789,0.104,0.911,0.551,True
PD_03,pd,39.25,0.14205,0.18005,0.96517,1.364,-2.054,0.799,True
PD_03,pd,39.26,0.12274,0.19654,0.9746,-0.4,0.902,0.388,True
PD_03,pd,39.27,0.15192,0.17087,0.96033,0.198,-0.457,-0.163,True
PD_03,pd,39.28,0.13007,0.19946,0.94359,-0.32,-0.752,0.288,True
PD_03,pd,39.29,0.13554,0.19383,0.94834,-0.465,0.576,0.315,True
PD_03,pd,39.300000000000004,0.13496,0.18994,0.95014,-0.252,-0.228,0.484,True
PD_03,pd,39.31,0.12733,0.18168,0.92941,-0.881,-1.376,0.838,True
PD_03,pd,39.32,0.13036,0.21506,0.95153,1.489,-0.02,-0.622,True
PD_03,pd,39.33,0.12652,0.15896,0.94493,-1.644,-0.723,0.167,True
PD_03,pd,39.34,0.11832,0.19014,0.97409,-0.057,-1.053,-0.915,True
PD_03,pd,39.35,0.1213,0.17488,0.95552,-1.701,0.27,0.133,True
PD_03,pd,39.36,0.3419,0.23043,1.02571,17.417,9.249,25.12,True
PD_03,pd,39.37,0.34627,0.20609,1.04238,17.968,6.338,19.803,True
PD_03,pd,39.38,0.36055,0.16278,1.00122,19.793,2.449,13.736,True
PD_03,pd,39.39,0.34288,0.12219,0.97612,18.838,-2.697,5.452,True
PD_03,pd,39.4,0.28298,0.07111,0.96685,15.269,-5.96,-2.695,True
PD_03,pd,39.410000000000004,0.22027,0.05378,0.95255,10.933,-9.557,-11.256,True
PD_03,pd,39.42,0.21996,0.03199,0.91985,6.186,-13.081,-16.92,True
PD_03,pd,39.43,0.16048,0.03344,0.89671,1.153,-14.445,-25.275,True
PD_03,pd,39.44,0.13761,0.04872,0.89289,-4.286,-13.722,-27.795,True
PD_03,pd,39.45,0.08134,0.08479,0.88404,-10.818,-13.218,-31.91,True
PD_03,pd,39.46,0.04056,0.11526,0.90904,-13.987,-11.988,-29.688,True
PD_03,pd,39.47,-0.01846,0.15658,0.88442,-17.308,-8.968,-25.105,True
PD_03,pd,39.480000000000004,-0.05797,0.22781,0.88348,-19.347,-6.293,-19.769,True
PD_03,pd,39.49,-0.07822,0.25892,0.93946,-20.758,-2.518,-11.215,True
PD_03,pd,39.5,-0.11799,0.28968,0.92861,-17.311,2.694,-3.36,True
PD_03,pd,39.51,-0.10582,0.32758,0.95179,-14.317,6.478,6.278,True
PD_03,pd,39.52,-0.08538,0.35045,0.95396,-11.681,11.953,13.786,True
PD_03,pd,39.53,-0.00687,0.3721,0.98605,-4.92,13.067,21.049,True
PD_03,pd,39.54,0.05426,0.36355,0.98497,1.495,14.934,26.322,True
PD_03,pd,39.550000000000004,0.19805,0.35378,1.02537,5.965,15.874,31.402,True
PD_03,pd,39.56,0.27484,0.27741,1.05135,13.228,12.996,30.102,True
PD_03,pd,39.57,0.32012,0.26199,1.02852,18.737,11.84,28.992,True
PD_03,pd,39.58,0.38001,0.21463,1.01255,21.172,5.728,24.985,True
PD_03,pd,39.59,0.37591,0.19089,1.00349,21.877,2.124,19.628,True
PD_03,pd,39.6,0.41988,0.12619,0.99362,20.09,-0.37,11.405,True
PD_03,pd,39.61,0.33169,0.05171,0.97123,17.944,-4.925,2.002,True
PD_03,pd,39.62,0.29804,0.03215,0.95308,15.837,-7.466,-7.96,True
PD_03,pd,39.63,0.22271,0.02718,0.93205,10.081,-12.078,-15.904,True
PD_03,pd,39.64,0.19513,0.01714,0.92405,3.688,-14.488,-24.245,True
PD_03,pd,39.65,0.17351,0.03578,0.90375,-2.449,-14.855,-28.813,True
PD_03,pd,39.660000000000004,0.09157,0.0473,0.88139,-8.719,-15.206,-32.24,True
PD_03,pd,39.67,0.07832,0.09695,0.88767,-14.258,-12.579,-33.468,True
PD_03,pd,39.68,0.02698,0.12793,0.88748,-17.652,-11.105,-29.306,True
PD_03,pd,39.69,-0.03812,0.16297,0.86391,-21.473,-7.389,-25.034,True
PD_03,pd,39.7,-0.10588,0.23631,0.87509,-21.65,-3.275,-16.92,True
PD_03,pd,39.71,-0.09953,0.29531,0.91525,-19.908,1.819,-8.944,True
PD_03,pd,39.72,-0.12046,0.33819,0.93352,-18.82,5.823,1.538,True
PD_03,pd,39.730000000000004,-0.13547,0.35003,1.00651,-15.166,9.74,9.778,True
PD_03,pd,39.74,-0.06108,0.385,0.98379,-8.991,13.045,19.053,True
PD_03,pd,39.75,0.06086,0.34787,0.98644,-3.305,14.93,27.205,True
PD_03,pd,39.76,0.14066,0.35838,1.02281,4.418,15.845,32.225,True
PD_03,pd,39.77,0.24923,0.34002,1.01812,10.261,14.765,33.99,True
PD_03,pd,39.78,0.3474,0.29083,1.0465,17.174,12.84,32.743,True
PD_03,pd,39.79,0.40057,0.26864,1.02918,18.32,11.423,30.43,True
PD_03,pd,39.800000000000004,0.42846,0.19511,1.02194,22.016,6.188,23.461,True
PD_03,pd,39.81,0.45059,0.12309,1.02078,23.61,3.184,15.558,True
PD_03,pd,39.82,0.35849,0.09439,0.97775,22.382,-4.63,8.452,True
PD_03,pd,39.83,0.33142,0.06991,0.93491,18.351,-6.472,-3.811,True
PD_03,pd,39.84,0.26135,0.04565,0.90449,13.598,-11.115,-12.471,True
PD_03,pd,39.85,0.21024,0.05677,0.90995,7.509,-16.176,-22.182,True
PD_03,pd,39.86,0.20188,0.01815,0.8948,1.889,-15.091,-29.674,True
PD_03,pd,39.87,0.12331,0.02368,0.87049,-5.315,-16.287,-33.229,True
PD_03,pd,39.88,0.10809,0.05666,0.84547,-12.669,-15.825,-34.934,True
PD_03,pd,39.89,0.0567,0.12279,0.88101,-19.0,-12.498,-34.226,True
PD_03,pd,39.9,-0.00133,0.15559,0.89404,-22.25,-9.063,-31.689,True
PD_03,pd,39.910000000000004,-0.07918,0.19269,0.88425,-23.253,-6.61,-24.699,True
PD_03,pd,39.92,-0.13277,0.27392,0.88295,-24.388,0.007,-14.702,True
PD_03,pd,39.93,-0.13439,0.31683,0.91263,-21.055,4.509,-4.204,True
PD_03,pd,39.94,-0.12218,0.373,0.92991,-18.566,9.347,5.222,True
PD_03,pd,39.95,-0.07868,0.37985,0.97302,-11.7,13.506,15.378,True
PD_03,pd,39.96,-0.01058,0.39123,0.97256,-4.734,16.042,24.531,True
PD_03,pd,39.97,0.08182,0.38658,1.02773,-0.893,17.978,31.507,True
PD_03,pd,39.980000000000004,0.19735,0.37088,1.01456,8.507,16.918,35.7,True
PD_03,pd,39.99,0.30273,0.30939,1.04832,15.112,17.55,36.324,True
PD_03,pd,40.0,0.37397,0.28062,1.02233,18.477,13.856,35.048,True
PD_03,pd,40.01,0.45766,0.24464,1.03396,23.253,8.825,30.236,True
PD_03,pd,40.02,0.42997,0.16915,0.99606,24.115,3.675,21.954,True
PD_03,pd,40.03,0.43266,0.13692,1.02341,24.804,0.212,12.342,True
PD_03,pd,40.04,0.37246,0.0673,0.97946,22.252,-4.764,2.981,True
PD_03,pd,40.050000000000004,0.3513,0.04275,0.9517,16.292,-10.972,-7.547,True
PD_03,pd,40.06,0.27482,0.03116,0.91838,9.554,-13.28,-19.463,True
PD_03,pd,40.07,0.19049,-0.00435,0.90123,4.445,-16.648,-26.727,True
PD_03,pd,40.08,0.16439,0.0101,0.86145,-2.767,-18.889,-34.287,True
PD_03,pd,40.09,0.12714,0.03714,0.85977,-9.073,-18.091,-36.197,True
PD_03,pd,40.1,0.06609,0.08794,0.86993,-16.988,-16.702,-36.237,True
PD_03,pd,40.11,0.0119,0.13415,0.88331,-19.207,-12.484,-33.505,True
PD_03,pd,40.12,-0.0062,0.18142,0.87423,-23.979,-10.377,-25.718,True
PD_03,pd,40.13,-0.0919,0.24543,0.87036,-25.51,-3.099,-18.991,True
PD_03,pd,40.14,-0.13643,0.271,0.88074,-23.445,2.469,-10.604,True
PD_03,pd,40.15,-0.14653,0.34631,0.89974,-19.854,8.595,-0.792,True
PD_03,pd,40.160000000000004,-0.14451,0.38237,0.94776,-16.422,11.975,11.961,True
PD_03,pd,40.17,-0.06441,0.37767,0.99027,-8.42,15.028,22.483,True
PD_03,pd,40.18,0.03532,0.37117,1.00634,-3.352,16.478,29.869,True
PD_03,pd,40.19,0.16742,0.41219,0.99346,3.696,17.502,34.087,True
PD_03,pd,40.2,0.2744,0.37397,1.0392,11.866,18.105,37.318,True
PD_03,pd,40.21,0.36414,0.31498,1.05522,18.066,14.871,37.391,True
PD_03,pd,40.22,0.42606,0.27621,1.05068,21.857,10.649,32.473,True
PD_03,pd,40.230000000000004,0.44739,0.22185,1.0142,25.468,7.617,26.405,True
PD_03,pd,40.24,0.43124,0.1558,0.98558,24.803,2.937,17.74,True
PD_03,pd,40.25,0.40635,0.10397,0.95777,23.779,-2.951,7.509,True
PD_03,pd,40.26,0.36226,0.06708,0.96983,19.537,-8.452,-3.295,True
PD_03,pd,40.27,0.28585,0.02259,0.95404,14.379,-12.696,-14.362,True
PD_03,pd,40.28,0.24388,-0.00031,0.90933,6.542,-14.591,-24.374,True
PD_03,pd,40.29,0.20795,0.01398,0.90104,0.384,-18.952,-31.642,True
PD_03,pd,40.300000000000004,0.14507,0.047,0.84871,-7.049,-18.401,-35.452,True
PD_03,pd,40.31,0.08601,0.06768,0.841,-13.126,-17.06,-37.945,True
PD_03,pd,40.32,0.03473,0.10372,0.85261,-18.413,-14.734,-37.181,True
PD_03,pd,40.33,-0.02689,0.15593,0.85012,-24.034,-11.351,-31.231,True
PD_03,pd,40.34,-0.06885,0.23577,0.89518,-24.268,-5.087,-23.64,True
PD_03,pd,40.35,-0.13335,0.28659,0.87344,-25.482,0.931,-14.284,True
PD_03,pd,40.36,-0.14344,0.34964,0.90356,-22.311,3.774,-3.837,True
PD_03,pd,40.37,-0.12997,0.35127,0.93508,-18.161,7.827,6.665,True
PD_03,pd,40.38,-0.07521,0.43853,0.9591,-12.464,12.449,17.687,True
PD_03,pd,40.39,0.01683,0.41538,0.96304,-6.162,17.487,25.301,True
PD_03,pd,40.4,0.10474,0.39952,1.00691,0.432,17.578,31.697,True
PD_03,pd,40.410000000000004,0.20561,0.37895,1.03525,8.776,18.189,37.388,True
PD_03,pd,40.42,0.32862,0.31446,1.04063,13.824,15.688,38.195,True
PD_03,pd,40.43,0.42804,0.30607,1.00223,20.53,14.738,36.137,True
PD_03,pd,40.44,0.43858,0.23868,1.03024,24.27,9.601,29.981,True
PD_03,pd,40.45,0.44576,0.16802,1.00569,24.843,5.604,23.072,True
PD_03,pd,40.46,0.4327,0.09615,1.01079,23.651,-0.191,12.25,True
PD_03,pd,40.47,0.41416,0.08701,0.97441,21.769,-5.174,3.093,True
PD_03,pd,40.480000000000004,0.3143,0.03315,0.93866,17.894,-9.456,-9.633,True
PD_03,pd,40.49,0.23131,0.01784,0.9333,11.573,-13.382,-18.852,True
PD_03,pd,40.5,0.24824,0.02265,0.88666,3.588,-17.696,-27.691,True
PD_03,pd,40.51,0.18712,0.03368,0.85974,-1.216,-16.298,-35.043,True
PD_03,pd,40.52,0.14133,0.05946,0.85144,-10.598,-16.868,-36.862,True
PD_03,pd,40.53,0.08195,0.08532,0.84878,-15.058,-14.77,-37.683,True
PD_03,pd,40.54,0.02572,0.15463,0.88293,-21.028,-12.112,-35.186,True
PD_03,pd,40.550000000000004,-0.03774,0.16677,0.85918,-23.218,-10.243,-28.18,True
PD_03,pd,40.56,-0.07835,0.22794,0.8597,-23.408,-2.314,-18.858,True
PD_03,pd,40.57,-0.11882,0.31463,0.9111,-23.04,0.925,-8.155,True
PD_03,pd,40.58,-0.14308,0.35932,0.93695,-21.467,7.05,1.41,True
PD_03,pd,40.59,-0.07728,0.39259,0.94337,-15.562,11.748,12.687,True
PD_03,pd,40.6,-0.03459,0.38627,0.97816,-9.735,16.465,22.533,True
PD_03,pd,40.61,0.0632,0.42634,1.00151,-3.322,16.304,27.792,True
PD_03,pd,40.62,0.17042,0.38001,1.00583,4.479,18.074,33.809,True
PD_03,pd,40.63,0.27208,0.36192,1.02156,11.248,17.88,37.296,True
PD_03,pd,40.64,0.35231,0.27378,1.00914,16.394,14.199,35.377,True
PD_03,pd,40.65,0.45229,0.27444,1.04252,21.845,10.209,31.65,True
PD_03,pd,40.660000000000004,0.47762,0.21811,1.0197,24.464,5.417,26.265,True
PD_03,pd,40.67,0.4559,0.12347,0.99529,23.148,2.289,18.071,True
PD_03,pd,40.68,0.39404,0.12233,0.96463,22.29,-3.314,6.854,True
PD_03,pd,40.69,0.35375,0.04094,0.95903,18.559,-6.871,-2.032,True
PD_03,pd,40.7,0.33308,0.03054,0.93779,14.882,-12.061,-13.201,True
PD_03,pd,40.71,0.26052,-0.01167,0.91356,8.348,-14.761,-23.081,True
PD_03,pd,40.72,0.20753,0.00424,0.89015,0.861,-16.518,-30.153,True
PD_03,pd,40.730000000000004,0.16887,0.05884,0.82482,-6.411,-16.854,-35.508,True
PD_03,pd,40.74,0.11251,0.06253,0.85896,-12.936,-15.338,-36.573,True
PD_03,pd,40.75,0.04872,0.13133,0.85212,-17.864,-13.358,-33.387,True
PD_03,pd,40.76,0.02302,0.13801,0.85229,-20.889,-9.739,-30.721,True
PD_03,pd,40.77,-0.05805,0.20282,0.85172,-23.101,-4.592,-24.336,True
PD_03,pd,40.78,-0.08845,0.27819,0.87424,-23.264,0.459,-14.963,True
PD_03,pd,40.79,-0.10257,0.32581,0.89358,-22.292,4.945,-5.337,True
PD_03,pd,40.800000000000004,-0.10319,0.3411,0.90585,-16.263,9.417,4.717,True
PD_03,pd,40.81,-0.04329,0.39967,0.97188,-12.216,12.672,16.186,True
PD_03,pd,40.82,0.03145,0.39561,0.9799,-7.267,15.198,24.371,True
PD_03,pd,40.83,0.14868,0.37155,0.96642,1.605,16.788,30.839,True
PD_03,pd,40.84,0.24084,0.3894,1.00471,8.241,17.133,35.241,True
PD_03,pd,40.85,0.30686,0.31248,1.03088,13.819,15.876,35.088,True
PD_03,pd,40.86,0.41996,0.30509,1.02596,17.868,13.061,32.493,True
PD_03,pd,40.87,0.45532,0.24503,0.97589,21.987,9.467,28.43,True
PD_03,pd,40.88,0.45758,0.17029,1.00602,23.538,3.676,21.121,True
PD_03,pd,40.89,0.43735,0.13854,1.00287,21.727,-1.458,10.908,True
PD_03,pd,40.9,0.40171,0.07147,0.94162,20.974,-5.561,1.703,True
PD_03,pd,40.910000000000004,0.34611,0.03835,0.94362,14.67,-10.363,-9.835,True
PD_03,pd,40.92,0.29658,0.03769,0.90057,9.324,-12.48,-18.185,True
PD_03,pd,40.93,0.2228,0.0474,0.85862,2.611,-14.577,-24.671,True
PD_03,pd,40.94,0.21284,0.03784,0.90738,-3.364,-15.322,-30.777,True
PD_03,pd,40.95,0.14631,0.07496,0.85835,-8.606,-15.294,-34.424,True
PD_03,pd,40.96,0.12577,0.11499,0.84516,-15.083,-13.574,-33.814,True
PD_03,pd,40.97,0.04993,0.15656,0.84239,-19.375,-10.986,-31.35,True
PD_03,pd,40.980000000000004,-0.00357,0.19226,0.86645,-20.887,-6.718,-25.962,True
PD_03,pd,40.99,-0.04882,0.24111,0.85731,-22.841,-2.941,-18.217,True
PD_03,pd,41.0,-0.07798,0.28096,0.86159,-19.387,1.336,-10.745,True
PD_03,pd,41.01,-0.09208,0.31206,0.91226,-17.592,5.451,1.169,True
PD_03,pd,41.02,-0.07128,0.36531,0.9253,-13.999,8.847,9.79,True
PD_03,pd,41.03,-0.01909,0.40755,0.96327,-7.417,12.293,19.689,True
PD_03,pd,41.04,0.0754,0.37047,0.95192,-1.853,16.438,25.583,True
PD_03,pd,41.050000000000004,0.16393,0.36329,1.01838,4.507,15.091,30.833,True
PD_03,pd,41.06,0.30378,0.33509,1.00061,10.979,15.458,34.167,True
PD_03,pd,41.07,0.36864,0.30525,1.01154,14.793,14.267,31.59,True
PD_03,pd,41.08,0.42611,0.24785,1.01408,18.736,8.885,28.838,True
PD_03,pd,41.09,0.45557,0.22594,0.99748,20.587,6.465,22.349,True
PD_03,pd,41.1,0.42722,0.16155,1.01431,21.035,1.223,14.41,True
PD_03,pd,41.11,0.40715,0.1213,0.96533,19.711,-2.003,5.355,True
PD_03,pd,41.12,0.36268,0.1092,0.93026,16.149,-7.116,-3.22,True
PD_03,pd,41.13,0.32265,0.05038,0.93856,12.207,-9.634,-11.198,True
PD_03,pd,41.14,0.26458,0.04691,0.90372,5.162,-12.632,-21.277,True
PD_03,pd,41.15,0.22978,0.0844,0.89256,-1.262,-14.246,-25.377,True
PD_03,pd,41.160000000000004,0.16381,0.08657,0.86015,-6.111,-14.406,-30.652,True
PD_03,pd,41.17,0.16437,0.10643,0.88657,-11.455,-14.343,-31.203,True
PD_03,pd,41.18,0.07843,0.15948,0.87578,-15.235,-10.818,-29.933,True
PD_03,pd,41.19,0.05089,0.16262,0.85958,-18.568,-8.45,-24.654,True
PD_03,pd,41.2,-0.00074,0.23488,0.86853,-19.691,-4.197,-19.066,True
PD_03,pd,41.21,-0.05888,0.26695,0.86113,-19.636,-0.49,-12.818,True
PD_03,pd,41.22,-0.02416,0.30904,0.87955,-17.445,3.097,-2.697,True
PD_03,pd,41.230000000000004,-0.05514,0.35864,0.91831,-13.875,6.914,5.531,True
PD_03,pd,41.24,-0.02294,0.37249,0.96677,-10.767,10.865,13.212,True
PD_03,pd,41.25,0.06666,0.37258,0.94714,-2.778,13.972,20.395,True
PD_03,pd,41.26,0.14385,0.38941,0.98631,2.052,14.734,25.186,True
PD_03,pd,41.27,0.23581,0.35415,0.97932,6.05,13.075,28.982,True
PD_03,pd,41.28,0.3108,0.33147,1.01486,11.636,12.445,28.962,True
PD_03,pd,41.29,0.3749,0.26683,0.99489,16.06,10.591,26.839,True
PD_03,pd,41.300000000000004,0.40216,0.23983,1.00785,17.792,7.711,22.664,True
PD_03,pd,41.31,0.39477,0.20552,0.9896,19.998,2.998,15.47,True
PD_03,pd,41.32,0.41012,0.157,0.98604,18.424,-0.064,9.263,True
PD_03,pd,41.33,0.35538,0.13083,0.98623,17.153,-3.939,2.016,True
PD_03,pd,41.34,0.32217,0.10074,0.93975,13.091,-7.052,-7.009,True
PD_03,pd,41.35,0.25414,0.05913,0.89879,9.135,-9.764,-13.958,True
PD_03,pd,41.36,0.20758,0.07141,0.86493,3.085,-12.797,-21.603,True
PD_03,pd,41.37,0.18593,0.07344,0.87844,-2.043,-13.59,-26.386,True
PD_03,pd,41.38,0.17647,0.10382,0.86662,-7.414,-12.388,-27.775,True
PD_03,pd,41.39,0.1237,0.12111,0.89214,-11.209,-11.452,-27.966,True
PD_03,pd,41.4,0.09115,0.17974,0.87448,-14.226,-10.619,-25.846,True
PD_03,pd,41.410000000000004,0.05175,0.20226,0.85229,-18.767,-5.902,-20.255,True
PD_03,pd,41.42,0.01038,0.27501,0.8888,-18.465,-1.95,-12.795,True
PD_03,pd,41.43,0.00232,0.28862,0.88232,-15.159,0.541,-6.673,True
PD_03,pd,41.44,-0.02673,0.34008,0.91048,-13.834,3.972,1.42,True
PD_03,pd,41.45,-0.01318,0.33733,0.9352,-8.752,8.571,8.645,True
PD_03,pd,41.46,0.02673,0.35422,0.92896,-6.07,9.153,14.737,True
PD_03,pd,41.47,0.12614,0.36982,0.95584,-2.251,11.867,20.256,True
PD_03,pd,41.480000000000004,0.19127,0.36198,0.98385,4.526,11.356,24.972,True
PD_03,pd,41.49,0.25611,0.33182,0.97021,6.305,11.386,26.203,True
PD_03,pd,41.5,0.32247,0.28211,0.9788,11.13,9.382,25.952,True
PD_03,pd,41.51,0.34936,0.24714,0.96333,14.293,6.854,22.105,True
PD_03,pd,41.52,0.37916,0.21331,0.97092,15.451,4.675,17.421,True
PD_03,pd,41.53,0.36349,0.18068,0.98066,15.087,1.166,11.619,True
PD_03,pd,41.54,0.36949,0.163,0.92093,14.813,-2.191,3.694,True
PD_03,pd,41.550000000000004,0.29561,0.10964,0.93821,12.319,-5.467,-1.474,True
PD_03,pd,41.56,0.2629,0.09447,0.93992,9.621,-8.244,-8.948,True
PD_03,pd,41.57,0.26298,0.10583,0.91427,5.533,-9.731,-14.967,True
PD_03,pd,41.58,0.1933,0.09187,0.88895,0.568,-10.36,-19.644,True
PD_03,pd,41.59,0.19975,0.10358,0.88839,-4.462,-11.064,-22.912,True
PD_03,pd,41.6,0.14795,0.12313,0.86949,-8.864,-9.584,-23.078,True
PD_03,pd,41.61,0.14077,0.15347,0.87503,-11.809,-9.189,-22.046,True
PD_03,pd,41.62,0.08904,0.17289,0.89023,-12.463,-6.317,-17.021,True
PD_03,pd,41.63,0.04123,0.21746,0.8952,-14.172,-2.508,-14.22,True
PD_03,pd,41.64,0.0417,0.26399,0.88569,-13.7,-0.549,-8.863,True
PD_03,pd,41.65,0.00599,0.32157,0.89211,-12.595,2.619,-2.313,True
PD_03,pd,41.660000000000004,0.03327,0.30963,0.91286,-10.865,5.724,5.056,True
PD_03,pd,41.67,0.05685,0.29946,0.93919,-6.698,6.273,9.962,True
PD_03,pd,41.68,0.06851,0.33307,0.9359,-2.892,10.172,16.566,True
PD_03,pd,41.69,0.1734,0.35438,0.97069,1.093,10.724,18.465,True
PD_03,pd,41.7,0.23332,0.33073,0.97147,5.228,11.488,21.346,True
PD_03,pd,41.71,0.28296,0.31395,0.97676,7.93,10.453,21.57,True
PD_03,pd,41.72,0.34367,0.28358,0.97296,10.439,7.696,20.479,True
PD_03,pd,41.730000000000004,0.34119,0.24991,0.96327,13.569,4.997,16.168,True
PD_03,pd,41.74,0.34089,0.20943,0.95422,11.359,3.295,12.348,True
PD_03,pd,41.75,0.34832,0.17469,0.95527,11.92,0.37,6.394,True
PD_03,pd,41.76,0.29325,0.15085,0.93437,11.252,-3.563,0.879,True
PD_03,pd,41.77,0.27852,0.16426,0.93399,9.885,-7.096,-4.444,True
PD_03,pd,41.78,0.24393,0.08684,0.89678,4.364,-8.502,-9.904,True
PD_03,pd,41.79,0.20828,0.12436,0.91317,1.162,-8.467,-15.143,True
PD_03,pd,41.800000000000004,0.17782,0.12881,0.88357,-3.959,-8.01,-17.673,True
PD_03,pd,41.81,0.1945,0.11243,0.88244,-5.948,-9.127,-20.084,True
PD_03,pd,41.82,0.15085,0.15621,0.87623,-10.113,-6.653,-18.328,True
PD_03,pd,41.83,0.13677,0.16906,0.87234,-9.308,-6.679,-17.34,True
PD_03,pd,41.84,0.10395,0.21106,0.85839,-10.532,-4.36,-14.911,True
PD_03,pd,41.85,0.05641,0.24619,0.90693,-11.818,-1.662,-10.258,True
PD_03,pd,41.86,0.05903,0.25709,0.90849,-11.604,1.358,-5.027,True
PD_03,pd,41.87,0.03625,0.31304,0.91499,-7.118,3.618,0.317,True
PD_03,pd,41.88,0.09013,0.28318,0.95209,-7.004,6.43,6.071,True
PD_03,pd,41.89,0.09471,0.30311,0.94093,-4.235,7.191,10.859,True
PD_03,pd,41.9,0.12841,0.29196,0.94808,-0.449,7.636,14.996,True
PD_03,pd,41.910000000000004,0.19693,0.29013,0.95264,2.182,7.707,16.737,True
PD_03,pd,41.92,0.26675,0.29121,0.97749,3.832,7.085,17.252,True
PD_03,pd,41.93,0.29237,0.25593,0.95914,7.124,5.28,16.406,True
PD_03,pd,41.94,0.32846,0.23157,0.9559,9.858,3.727,14.991,True
PD_03,pd,41.95,0.31087,0.21395,0.95058,10.516,3.633,10.55,True
PD_03,pd,41.96,0.33537,0.18891,0.93908,10.619,-0.097,7.287,True
PD_03,pd,41.97,0.31937,0.19141,0.96977,9.747,-2.053,3.75,True
PD_03,pd,41.980000000000004,0.28575,0.15552,0.92405,7.466,-3.454,-2.201,True
PD_03,pd,41.99,0.27473,0.14659,0.92095,6.379,-6.239,-7.343,True
PD_03,pd,42.0,0.21023,0.11216,0.92285,3.871,-6.013,-10.207,True
PD_03,pd,42.01,0.17999,0.14742,0.91879,-0.268,-6.489,-13.145,True
PD_03,pd,42.02,0.24266,0.14503,0.8998,-3.555,-8.257,-13.962,True
PD_03,pd,42.03,0.17104,0.17602,0.92339,-6.675,-6.355,-15.178,True
PD_03,pd,42.04,0.1519,0.18191,0.87704,-7.159,-4.747,-13.469,True
PD_03,pd,42.050000000000004,0.12541,0.21223,0.90152,-8.366,-5.044,-11.412,True
PD_03,pd,42.06,0.10704,0.25707,0.89542,-10.183,-1.909,-8.248,True
PD_03,pd,42.07,0.09085,0.24919,0.90148,-8.899,0.268,-5.906,True
PD_03,pd,42.08,0.05987,0.29381,0.90326,-8.458,1.348,-1.577,True
PD_03,pd,42.09,0.102,0.30043,0.91691,-7.286,2.971,2.721,True
PD_03,pd,42.1,0.11088,0.30748,0.93872,-3.63,4.038,5.532,True
PD_03,pd,42.11,0.14093,0.29974,0.93292,-3.943,6.641,10.098,True
PD_03,pd,42.12,0.16933,0.30056,0.97209,1.603,6.733,11.486,True
PD_03,pd,42.13,0.22515,0.27584,0.96846,2.719,5.257,13.513,True
PD_03,pd,42.14,0.22893,0.26813,0.95582,3.92,7.234,11.308,True
PD_03,pd,42.15,0.2735,0.26646,0.96802,5.993,5.29,11.677,True
PD_03,pd,42.160000000000004,0.29333,0.22341,0.95596,7.481,5.11,8.926,True
PD_03,pd,42.17,0.27836,0.20611,0.95367,7.388,1.537,5.915,True
PD_03,pd,42.18,0.30893,0.19093,0.96787,6.249,-0.508,2.583,True
PD_03,pd,42.19,0.26677,0.18312,0.93075,7.3,-2.292,1.539,True
PD_03,pd,42.2,0.22704,0.15144,0.94703,5.202,-4.259,-3.789,True
PD_03,pd,42.21,0.24193,0.17339,0.95751,3.041,-4.245,-6.716,True
PD_03,pd,42.22,0.21875,0.17662,0.89918,2.073,-4.95,-8.247,True
PD_03,pd,42.230000000000004,0.18481,0.1848,0.89506,-0.879,-4.423,-9.998,True
PD_03,pd,42.24,0.20003,0.18854,0.9144,-4.371,-3.766,-8.951,True
PD_03,pd,42.25,0.17333,0.18203,0.90545,-5.229,-4.458,-11.221,True
PD_03,pd,42.26,0.16178,0.17831,0.89411,-6.861,-3.932,-10.685,True
PD_03,pd,42.27,0.11577,0.22071,0.91295,-6.005,-2.027,-9.113,True
PD_03,pd,42.28,0.15856,0.22643,0.91562,-7.155,-1.324,-5.052,True
PD_03,pd,42.29,0.10277,0.26603,0.91215,-5.958,1.724,-2.79,True
PD_03,pd,42.300000000000004,0.11315,0.26792,0.90192,-4.628,1.146,0.92,True
PD_03,pd,42.31,0.14201,0.26824,0.9395,-4.862,1.183,2.762,True
PD_03,pd,42.32,0.16114,0.27259,0.90251,-2.627,2.925,5.779,True
PD_03,pd,42.33,0.17634,0.27137,0.92209,-0.247,4.833,7.104,True
PD_03,pd,42.34,0.22528,0.27389,0.92097,1.705,3.506,10.118,True
PD_03,pd,42.35,0.25537,0.26935,0.94091,2.032,3.73,8.099,True
PD_03,pd,42.36,0.2371,0.22821,0.98806,4.545,4.71,7.764,True
PD_03,pd,42.37,0.28768,0.24076,0.9291,4.582,2.646,6.428,True
PD_03,pd,42.38,0.26539,0.25749,0.95062,5.381,2.198,6.174,True
PD_03,pd,42.39,0.26309,0.20094,0.92978,6.474,-0.064,2.908,True
PD_03,pd,42.4,0.26156,0.23209,0.9439,4.44,-0.629,2.308,True
PD_03,pd,42.410000000000004,0.24585,0.20188,0.94634,3.355,-3.094,-0.78,True
PD_03,pd,42.42,0.23376,0.20321,0.91739,3.707,-1.491,-4.452,True
PD_03,pd,42.43,0.2277,0.19099,0.90078,0.391,-3.649,-4.417,True
PD_03,pd,42.44,0.2042,0.20017,0.90002,0.278,-4.766,-6.61,True
PD_03,pd,42.45,0.17982,0.20037,0.92163,-0.947,-4.527,-6.954,True
PD_03,pd,42.46,0.19238,0.17451,0.90097,-2.26,-2.468,-6.59,True
PD_03,pd,42.47,0.16256,0.21369,0.89243,-3.366,-3.252,-7.217,True
PD_03,pd,42.480000000000004,0.18197,0.19985,0.90994,-3.184,-1.955,-4.844,True
PD_03,pd,42.49,0.17197,0.22189,0.89833,-4.625,-1.859,-4.747,True
PD_03,pd,42.5,0.14764,0.25708,0.90469,-5.508,0.482,-0.364,True
PD_03,pd,42.51,0.163,0.25899,0.93033,-3.029,0.992,0.103,True
PD_03,pd,42.52,0.11454,0.23983,0.91251,-1.406,1.874,2.162,True
PD_03,pd,42.53,0.17675,0.25631,0.92429,-2.016,1.575,1.461,True
PD_03,pd,42.54,0.17369,0.27129,0.91041,-0.312,1.886,3.441,True
PD_03,pd,42.550000000000004,0.18873,0.27064,0.93192,0.363,2.617,5.046,True
PD_03,pd,42.56,0.19918,0.24421,0.93591,1.774,3.41,4.573,True
PD_03,pd,42.57,0.24583,0.23948,0.92272,2.076,3.475,4.235,True
PD_03,pd,42.58,0.22946,0.22561,0.94032,3.346,2.153,4.872,True
PD_03,pd,42.59,0.26366,0.22076,0.93292,3.48,0.944,3.351,True
PD_03,pd,42.6,0.2462,0.22593,0.94622,1.997,1.409,3.308,True
PD_03,pd,42.61,0.23744,0.22757,0.93276,2.098,-0.54,1.859,True
PD_03,pd,42.62,0.22429,0.2038,0.94316,1.293,-2.498,0.595,True
PD_03,pd,42.63,0.21072,0.20801,0.91978,1.195,-1.847,-0.604,True
PD_03,pd,42.64,0.21988,0.21503,0.93911,0.859,-1.674,-2.695,True
PD_03,pd,42.65,0.2033,0.20789,0.91761,0.171,-0.608,-3.289,True
PD_03,pd,42.660000000000004,0.19635,0.19943,0.93007,1.122,-2.297,-3.673,True
PD_03,pd,42.67,0.23806,0.1899,0.92065,-2.451,-1.198,-4.034,True
PD_03,pd,42.68,0.17867,0.21852,0.90045,-1.695,-1.782,-4.656,True
PD_03,pd,42.69,0.20691,0.21507,0.92052,-1.863,-0.891,-3.903,True
PD_03,pd,42.7,0.21002,0.23563,0.89207,-1.756,-0.293,-5.234,True
PD_03,pd,42.71,0.1986,0.25685,0.92591,-2.336,-0.681,-2.636,True
PD_03,pd,42.72,0.17775,0.23141,0.93496,-3.075,0.183,-0.589,True
PD_03,pd,42.730000000000004,0.16103,0.22685,0.93334,-2.022,0.057,-0.206,True
PD_03,pd,42.74,0.18746,0.23834,0.91994,-1.198,0.303,0.286,True
PD_03,pd,42.75,0.15069,0.24202,0.92522,-0.725,0.983,3.076,True
PD_03,pd,42.76,0.17815,0.21884,0.94228,-1.09,-0.046,1.368,True
PD_03,pd,42.77,0.17532,0.25164,0.94918,1.445,2.495,2.967,True
PD_03,pd,42.78,0.22147,0.23943,0.93981,1.016,1.805,2.96,True
PD_03,pd,42.79,0.2107,0.22645,0.96409,1.87,0.473,2.125,True
PD_03,pd,42.800000000000004,0.21231,0.24246,0.94805,0.896,1.062,3.503,True
PD_03,pd,42.81,0.21382,0.20989,0.95705,1.304,0.428,1.888,True
PD_03,pd,42.82,0.24959,0.21692,0.91931,1.619,0.049,1.178,True
PD_03,pd,42.83,0.20055,0.21989,0.90151,0.886,-0.543,-0.224,True
PD_03,pd,42.84,0.21699,0.23505,0.93427,1.507,-1.041,-1.377,True
PD_03,pd,42.85,0.20615,0.23533,0.93894,0.444,-1.592,-0.818,True
PD_03,pd,42.86,0.18144,0.18643,0.9288,-0.082,-1.613,-0.954,True
PD_03,pd,42.87,0.18244,0.2239,0.92149,0.605,-0.855,-2.321,True
PD_03,pd,42.88,0.20497,0.2126,0.92285,-1.59,-0.209,-3.665,True
PD_03,pd,42.89,0.18501,0.24302,0.90153,-0.733,-2.262,-3.176,True
PD_03,pd,42.9,0.18569,0.22206,0.89772,-0.754,0.167,-1.109,True
PD_03,pd,42.910000000000004,0.20033,0.23169,0.91748,-1.337,-0.092,0.533,True
PD_03,pd,42.92,0.2059,0.23644,0.9365,-2.209,-1.551,0.286,True
PD_03,pd,42.93,0.15913,0.22372,0.92579,-1.708,0.337,-1.021,True
PD_03,pd,42.94,0.20462,0.21983,0.93644,-2.026,-0.333,-1.215,True
PD_03,pd,42.95,0.18182,0.21525,0.95319,-1.746,0.014,0.759,True
PD_03,pd,42.96,0.22628,0.2376,0.91947,-1.033,0.561,0.071,True
PD_03,pd,42.97,0.19727,0.23507,0.89885,0.143,1.136,0.682,True
PD_03,pd,42.980000000000004,0.19003,0.24886,0.92997,0.964,-0.356,0.826,True
PD_03,pd,42.99,0.17617,0.23518,0.9384,1.525,-1.072,0.135,True
PD_03,pd,43.0,0.17346,0.23364,0.94593,0.272,0.777,1.249,True
PD_03,pd,43.01,0.20208,0.21875,0.91325,0.048,0.935,0.82,True
PD_03,pd,43.02,0.22327,0.22436,0.93887,0.029,0.487,0.87,True
PD_03,pd,43.03,0.21723,0.19961,0.94158,-0.676,0.056,1.75,True
PD_03,pd,43.04,0.21231,0.23438,0.93985,0.525,0.287,-0.263,True
PD_03,pd,43.050000000000004,0.20772,0.19197,0.89282,1.484,-0.509,-1.347,True
PD_03,pd,43.06,0.21689,0.22113,0.93588,-1.211,0.45,-0.323,True
PD_03,pd,43.07,0.20792,0.23414,0.915,0.278,0.043,-0.408,True
PD_03,pd,43.08,0.19985,0.22948,0.91467,0.049,-1.948,0.609,True
PD_03,pd,43.09,0.19902,0.23227,0.91881,1.349,-1.666,-0.546,True
PD_03,pd,43.1,0.21603,0.24316,0.9193,1.129,-1.228,-0.608,True
PD_03,pd,43.11,0.19542,0.20877,0.89815,-1.727,0.481,-1.936,True
PD_03,pd,43.12,0.19815,0.19475,0.94308,0.843,-0.208,-1.398,True
PD_03,pd,43.13,0.20786,0.25306,0.93092,0.851,1.158,0.645,True
PD_03,pd,43.14,0.21324,0.21926,0.92122,0.34,-0.124,1.358,True
PD_03,pd,43.15,0.18739,0.23901,0.9341,-0.763,1.169,0.443,True
PD_03,pd,43.160000000000004,0.19476,0.22235,0.92051,-0.028,-1.302,1.207,True
PD_03,pd,43.17,0.20296,0.23535,0.89975,0.749,-0.346,1.187,True
PD_03,pd,43.18,0.19297,0.23194,0.95602,0.39,-1.184,-1.592,True
PD_03,pd,43.19,0.19204,0.21912,0.9071,-0.37,0.081,0.089,True
PD_03,pd,43.2,0.20291,0.21553,0.92127,0.044,-0.301,-1.372,True
PD_03,pd,43.21,0.177,0.23464,0.9291,0.248,0.321,-0.085,True
PD_03,pd,43.22,0.2061,0.22988,0.93058,0.124,-0.467,0.512,True
PD_03,pd,43.230000000000004,0.15215,0.22764,0.95156,0.731,-0.172,-0.918,True
PD_03,pd,43.24,0.2157,0.22129,0.91915,0.169,0.609,-0.203,True
PD_03,pd,43.25,0.18336,0.23435,0.91694,-0.15,-0.042,0.729,True
PD_03,pd,43.26,0.20471,0.23075,0.93036,-0.559,-0.261,0.078,True
PD_03,pd,43.27,0.21093,0.22443,0.94127,1.592,-0.228,0.522,True
PD_03,pd,43.28,0.1745,0.22331,0.94006,-0.607,-0.392,0.631,True
PD_03,pd,43.29,0.18262,0.25176,0.91246,-0.255,0.33,0.374,True
PD_03,pd,43.300000000000004,0.21301,0.23239,0.95784,-0.365,-0.684,-0.265,True
PD_03,pd,43.31,0.18745,0.23765,0.92963,-1.246,0.425,-0.537,True
PD_03,pd,43.32,0.1958,0.24521,0.9545,0.634,-0.082,-1.076,True
PD_03,pd,43.33,0.19421,0.23076,0.94303,-1.526,1.264,0.984,True
PD_03,pd,43.34,0.18244,0.23654,0.95222,-0.238,-0.067,0.404,True
PD_03,pd,43.35,0.16754,0.22008,0.94546,0.945,-0.579,0.693,True
PD_03,pd,43.36,0.16935,0.22026,0.91807,-0.755,-0.47,0.289,True
PD_03,pd,43.37,0.18386,0.21519,0.93675,-0.047,-0.356,0.123,True
PD_03,pd,43.38,0.18766,0.21553,0.92702,-0.189,0.289,-1.599,True
PD_03,pd,43.39,0.21121,0.22445,0.95234,-0.317,0.076,0.329,True
PD_03,pd,43.4,0.17179,0.24042,0.94382,1.493,-0.287,-0.427,True
PD_03,pd,43.410000000000004,0.17539,0.2051,0.91767,-0.051,1.027,0.233,True
PD_03,pd,43.42,0.20199,0.22869,0.91263,0.066,-0.245,-0.504,True
PD_03,pd,43.43,0.18406,0.22914,0.95203,0.579,2.023,0.34,True
PD_03,pd,43.44,0.19224,0.22031,0.9409,0.613,0.723,1.186,True
PD_03,pd,43.45,0.20311,0.24953,0.90228,-0.251,-0.193,0.145,True
PD_03,pd,43.46,0.20883,0.23327,0.90554,-0.484,-0.53,-0.484,True
PD_03,pd,43.47,0.20902,0.19517,0.93276,-0.721,-0.303,0.394,True
PD_03,pd,43.480000000000004,0.1916,0.22068,0.91326,-0.152,0.844,0.305,True
PD_03,pd,43.49,0.17708,0.20731,0.89322,0.214,0.411,-0.701,True
PD_03,pd,43.5,0.18134,0.20041,0.91776,-0.029,0.848,-0.805,True
PD_03,pd,43.51,0.16869,0.2276,0.93379,2.077,-0.009,-1.332,True
PD_03,pd,43.52,0.20299,0.225,0.90998,-1.11,-0.505,-1.273,True
PD_03,pd,43.53,0.20415,0.20413,0.9361,-0.847,0.013,0.503,True
PD_03,pd,43.54,0.21102,0.23226,0.93226,-0.769,0.435,-2.032,True
PD_03,pd,43.550000000000004,0.18619,0.21999,0.96531,0.156,-0.307,-0.672,True
PD_03,pd,43.56,0.16028,0.19847,0.92936,-0.179,-0.052,-0.027,True
PD_03,pd,43.57,0.19138,0.21765,0.9451,0.598,-0.399,-1.461,True
PD_03,pd,43.58,0.17107,0.22282,0.94022,-0.147,0.769,-0.165,True
PD_03,pd,43.59,0.20132,0.20004,0.93087,0.819,0.113,0.449,True
PD_03,pd,43.6,0.20578,0.21631,0.94599,-0.939,1.854,0.779,True
PD_03,pd,43.61,0.18277,0.22328,0.96978,-2.015,-0.615,-0.393,True
PD_03,pd,43.62,0.16627,0.26301,0.9411,0.529,-1.044,0.885,True
PD_03,pd,43.63,0.1757,0.22268,0.91721,0.312,0.559,-0.13,True
PD_03,pd,43.64,0.17554,0.24597,0.92267,-0.496,1.183,1.608,True
PD_03,pd,43.65,0.21107,0.24114,0.92008,0.746,-0.54,0.291,True
PD_03,pd,43.660000000000004,0.2079,0.21096,0.91913,0.664,0.844,1.68,True
PD_03,pd,43.67,0.18073,0.204,0.94645,0.351,0.629,1.897,True
PD_03,pd,43.68,0.19167,0.19067,0.92619,0.125,0.333,1.026,True
PD_03,pd,43.69,0.21033,0.20677,0.94812,0.19,-0.491,0.342,True
PD_03,pd,43.7,0.1947,0.2052,0.92675,-0.825,-0.745,-0.09,True
PD_03,pd,43.71,0.1757,0.21951,0.93297,2.274,-0.701,0.322,True
PD_03,pd,43.72,0.17295,0.18089,0.93453,-0.971,-0.84,0.413,True
PD_03,pd,43.730000000000004,0.19561,0.19338,0.93614,0.218,-0.257,-1.223,True
PD_03,pd,43.74,0.18752,0.19281,0.94549,-0.605,-1.922,-1.94,True
PD_03,pd,43.75,0.19356,0.20853,0.91442,-0.55,-1.411,-0.013,True
PD_03,pd,43.76,0.1782,0.20648,0.95673,-0.561,0.18,-2.912,True
PD_03,pd,43.77,0.19586,0.22554,0.91777,-1.771,-1.822,-2.117,True
PD_03,pd,43.78,0.16038,0.23307,0.92321,-1.737,-1.349,-1.188,True
PD_03,pd,43.79,0.15622,0.19841,0.92858,-3.397,-1.192,0.045,True
PD_03,pd,43.800000000000004,0.17609,0.21238,0.96049,-0.924,1.408,0.771,True
PD_03,pd,43.81,0.15741,0.25343,0.92326,-1.451,1.465,-0.357,True
PD_03,pd,43.82,0.16388,0.23562,0.95081,-1.301,-1.28,0.858,True
PD_03,pd,43.83,0.1809,0.21887,0.9485,-0.082,0.387,3.168,True
PD_03,pd,43.84,0.18997,0.24193,0.93548,0.453,2.08,3.891,True
PD_03,pd,43.85,0.1807,0.22401,0.95465,0.483,2.506,4.653,True
PD_03,pd,43.86,0.18771,0.22194,0.93129,2.786,1.503,2.811,True
PD_03,pd,43.87,0.20396,0.2297,0.93174,1.357,1.097,3.998,True
PD_03,pd,43.88,0.20976,0.23178,0.96651,1.827,0.765,2.25,True
PD_03,pd,43.89,0.21128,0.20405,0.95445,2.186,-0.152,1.206,True
PD_03,pd,43.9,0.23725,0.22583,0.96346,3.696,-1.806,2.57,True
PD_03,pd,43.910000000000004,0.22448,0.19595,0.96578,1.8,0.68,0.938,True
PD_03,pd,43.92,0.19765,0.20481,0.94702,2.215,0.764,-1.593,True
PD_03,pd,43.93,0.18479,0.17993,0.90869,1.924,-0.833,-1.478,True
PD_03,pd,43.94,0.20943,0.1877,0.91775,0.701,-1.484,-4.308,True
PD_03,pd,43.95,0.18301,0.20835,0.88977,-1.386,-2.225,-3.983,True
PD_03,pd,43.96,0.17181,0.18122,0.92543,-2.208,-1.775,-3.302,True
PD_03,pd,43.97,0.15902,0.20027,0.92017,-2.893,-1.556,-4.411,True
PD_03,pd,43.980000000000004,0.18866,0.19994,0.93151,-2.841,-1.542,-4.449,True
PD_03,pd,43.99,0.16026,0.21144,0.95634,-1.187,-0.589,-3.81,True
PD_03,pd,44.0,0.15804,0.19526,0.91998,-2.845,-0.13,-2.073,True
PD_03,pd,44.01,0.14545,0.218,0.92669,-4.041,-0.744,0.236,True
PD_03,pd,44.02,0.1197,0.20925,0.93978,-2.585,-1.059,1.198,True
PD_03,pd,44.03,0.1239,0.23166,0.93381,-1.672,2.079,1.057,True
PD_03,pd,44.04,0.13484,0.24066,0.92055,-1.456,1.154,3.311,True
PD_03,pd,44.050000000000004,0.18323,0.26692,0.94831,-0.311,2.226,4.983,True
PD_03,pd,44.06,0.17766,0.23963,0.92337,-0.264,3.035,6.121,True
PD_03,pd,44.07,0.19874,0.24142,0.94419,1.941,2.139,5.884,True
PD_03,pd,44.08,0.19538,0.23388,0.932,2.857,2.397,5.979,True
PD_03,pd,44.09,0.23733,0.23416,0.91797,4.261,1.859,6.198,True
PD_03,pd,44.1,0.21033,0.2024,0.94586,3.646,0.516,5.69,True
PD_03,pd,44.11,0.2228,0.18582,0.9418,3.279,-0.57,2.504,True
PD_03,pd,44.12,0.19694,0.19826,0.93824,4.239,0.556,0.094,True
PD_03,pd,44.13,0.22069,0.18337,0.94233,3.474,-0.352,-0.709,True
PD_03,pd,44.14,0.18643,0.15832,0.91274,1.585,-2.847,-2.224,True
PD_03,pd,44.15,0.18508,0.15585,0.92535,0.838,-1.859,-3.579,True
PD_03,pd,44.160000000000004,0.17896,0.14042,0.90802,1.416,-1.548,-6.016,True
PD_03,pd,44.17,0.15268,0.16748,0.93853,-1.975,-3.174,-6.167,True
PD_03,pd,44.18,0.15555,0.18224,0.91123,-2.536,-3.948,-7.114,True
PD_03,pd,44.19,0.12701,0.19876,0.92381,-3.222,-1.465,-7.057,True
PD_03,pd,44.2,0.12901,0.20677,0.92544,-5.444,-0.497,-6.017,True
PD_03,pd,44.21,0.12561,0.22396,0.92769,-5.368,-0.811,-5.989,True
PD_03,pd,44.22,0.14561,0.20603,0.89923,-6.88,0.859,-2.937,True
PD_03,pd,44.230000000000004,0.13277,0.26014,0.92767,-5.357,1.282,0.935,True
PD_03,pd,44.24,0.1068,0.251,0.98543,-3.145,2.288,2.329,True
PD_03,pd,44.25,0.14635,0.26013,0.92092,-1.975,4.025,3.495,True
PD_03,pd,44.26,0.13687,0.24056,0.92476,-1.498,3.21,4.959,True
PD_03,pd,44.27,0.1721,0.26394,0.98421,0.913,5.839,7.531,True
PD_03,pd,44.28,0.17879,0.26812,0.94033,2.931,3.927,8.492,True
PD_03,pd,44.29,0.20232,0.23077,0.96982,3.129,3.913,9.012,True
PD_03,pd,44.300000000000004,0.23959,0.24706,0.97477,5.042,2.18,8.805,True
PD_03,pd,44.31,0.24594,0.21486,0.94377,7.02,3.29,7.46,True
PD_03,pd,44.32,0.2508,0.19907,0.97709,8.235,2.176,4.308,True
PD_03,pd,44.33,0.25936,0.17978,0.94081,5.27,0.35,1.826,True
PD_03,pd,44.34,0.21598,0.15616,0.93428,6.471,-1.959,0.963,True
PD_03,pd,44.35,0.22956,0.16469,0.94982,3.537,-2.516,-2.174,True
PD_03,pd,44.36,0.19805,0.16691,0.94024,4.06,-4.365,-5.088,True
PD_03,pd,44.37,0.1736,0.14876,0.92242,-0.036,-5.07,-8.406,True
PD_03,pd,44.38,0.16344,0.18041,0.92921,-0.704,-5.978,-9.839,True
PD_03,pd,44.39,0.18464,0.17404,0.92062,-3.576,-4.093,-11.657,True
PD_03,pd,44.4,0.16611,0.19342,0.89076,-5.765,-4.443,-11.147,True
PD_03,pd,44.410000000000004,0.1112,0.18662,0.91769,-7.87,-4.111,-10.014,True
PD_03,pd,44.42,0.10577,0.2198,0.92482,-7.015,-1.987,-7.792,True
PD_03,pd,44.43,0.0721,0.25252,0.92355,-8.157,-1.823,-6.011,True
PD_03,pd,44.44,0.07421,0.24754,0.94451,-9.338,1.146,-2.711,True
PD_03,pd,44.45,0.06567,0.22199,0.9307,-5.037,1.243,1.131,True
PD_03,pd,44.46,0.08442,0.25803,0.93196,-3.969,4.16,5.782,True
PD_03,pd,44.47,0.08243,0.26167,0.94925,-1.562,5.397,6.899,True
PD_03,pd,44.480000000000004,0.11466,0.27434,0.97782,0.243,5.608,11.46,True
PD_03,pd,44.49,0.17692,0.25297,0.94616,1.068,6.327,11.704,True
PD_03,pd,44.5,0.22741,0.2424,0.95083,4.399,4.799,13.211,True
PD_03,pd,44.51,0.25732,0.23974,0.96477,6.218,5.667,12.232,True
PD_03,pd,44.52,0.29471,0.21316,0.96414,8.517,3.721,11.505,True
PD_03,pd,44.53,0.25805,0.18576,0.95393,8.573,1.683,7.94,True
PD_03,pd,44.54,0.27755,0.1962,0.9642,10.196,1.719,6.139,True
PD_03,pd,44.550000000000004,0.26782,0.15854,0.97008,9.788,-1.885,2.321,True
PD_03,pd,44.56,0.22525,0.16617,0.96264,6.685,-2.892,-2.566,True
PD_03,pd,44.57,0.22552,0.14206,0.94771,6.841,-5.016,-6.214,True
PD_03,pd,44.58,0.19461,0.11256,0.94521,3.509,-6.379,-9.591,True
PD_03,pd,44.59,0.18206,0.12779,0.94969,-0.336,-6.406,-13.533,True
PD_03,pd,44.6,0.13653,0.14972,0.92926,-2.496,-8.078,-13.982,True
PD_03,pd,44.61,0.13171,0.16866,0.90862,-6.356,-6.998,-15.565,True
PD_03,pd,44.62,0.12151,0.15914,0.92138,-7.85,-5.334,-13.973,True
PD_03,pd,44.63,0.08036,0.2057,0.89807,-10.852,-3.961,-12.78,True
PD_03,pd,44.64,0.04298,0.2082,0.91071,-11.345,-3.18,-8.916,True
PD_03,pd,44.65,0.03427,0.24257,0.92793,-10.821,-0.608,-6.123,True
PD_03,pd,44.660000000000004,0.0222,0.25097,0.95129,-8.662,1.062,-0.792,True
PD_03,pd,44.67,0.0474,0.2623,0.96733,-8.235,3.095,4.673,True
PD_03,pd,44.68,0.05328,0.29098,0.92997,-4.766,5.642,7.829,True
PD_03,pd,44.69,0.07112,0.32505,0.95916,-2.702,7.361,12.382,True
PD_03,pd,44.7,0.15426,0.27412,0.97015,0.923,8.18,15.522,True
PD_03,pd,44.71,0.17159,0.25487,0.96827,3.867,7.871,17.114,True
PD_03,pd,44.72,0.25139,0.3001,0.97828,7.053,6.749,17.737,True
PD_03,pd,44.730000000000004,0.27237,0.2264,0.95529,9.008,6.692,16.102,True
PD_03,pd,44.74,0.32091,0.23205,0.98924,12.509,4.338,11.798,True
PD_03,pd,44.75,0.32881,0.18744,0.98607,10.931,2.025,8.936,True
PD_03,pd,44.76,0.28677,0.16523,0.9644,11.004,-1.273,5.835,True
PD_03,pd,44.77,0.27577,0.12158,0.97596,8.234,-3.715,0.332,True
PD_03,pd,44.78,0.23355,0.14098,0.95657,8.394,-6.082,-4.867,True
PD_03,pd,44.79,0.19961,0.08845,0.9359,4.618,-7.048,-10.705,True
PD_03,pd,44.800000000000004,0.19468,0.10663,0.91371,1.075,-9.029,-15.341,True
PD_03,pd,44.81,0.14411,0.08847,0.90569,-1.748,-9.459,-18.15,True
PD_03,pd,44.82,0.12746,0.12818,0.90081,-4.263,-9.682,-19.674,True
PD_03,pd,44.83,0.10848,0.13361,0.91489,-10.295,-6.769,-18.176,True
PD_03,pd,44.84,0.07046,0.1964,0.91775,-10.221,-6.221,-17.203,True
PD_03,pd,44.85,0.04182,0.18131,0.88516,-12.034,-3.788,-13.93,True
PD_03,pd,44.86,0.04478,0.19994,0.87863,-13.531,-0.802,-10.095,True
PD_03,pd,44.87,-0.02561,0.27583,0.89676,-13.239,1.032,-3.979,True
PD_03,pd,44.88,-0.03188,0.2882,0.92737,-9.417,4.806,0.851,True
PD_03,pd,44.89,0.00495,0.29215,0.94431,-8.114,6.606,7.567,True
PD_03,pd,44.9,0.05681,0.32321,0.95632,-4.495,9.156,12.591,True
PD_03,pd,44.910000000000004,0.0776,0.32618,0.96494,-3.077,10.225,17.683,True
PD_03,pd,44.92,0.16024,0.30712,1.00756,2.952,10.694,20.05,True
PD_03,pd,44.93,0.23248,0.29497,1.00222,7.125,9.325,21.497,True
PD_03,pd,44.94,0.26912,0.27184,1.01461,10.85,8.443,21.713,True
PD_03,pd,44.95,0.33494,0.23534,0.9785,12.546,6.004,16.697,True
PD_03,pd,44.96,0.3746,0.1695,1.00289,15.354,4.829,16.136,True
PD_03,pd,44.97,0.33494,0.16686,0.99867,13.74,-0.282,9.74,True
PD_03,pd,44.980000000000004,0.31488,0.12022,0.96553,14.492,-2.452,2.401,True
PD_03,pd,44.99,0.25421,0.11174,0.96985,11.264,-5.856,-4.842,True
